-5000.000000 -5000.000000  0.00000196604773805829
-5000.000000 -4876.543210  0.00000220823861149054
-5000.000000 -4753.086420  -0.00000213654863124375
-5000.000000 -4629.629630  -0.00000140265148947224
-5000.000000 -4506.172840  -0.00000107357891134625
-5000.000000 -4382.716049  0.00000023022316984373
-5000.000000 -4259.259259  0.00000085776478056721
-5000.000000 -4135.802469  0.00000046818481527599
-5000.000000 -4012.345679  -0.00000014719058827808
-5000.000000 -3888.888889  -0.00000073548827876259
-5000.000000 -3765.432099  -0.00000130804598429329
-5000.000000 -3641.975309  -0.00000094090048934221
-5000.000000 -3518.518519  -0.00000082008790185605
-5000.000000 -3395.061728  -0.00000024956836282784
-5000.000000 -3271.604938  0.00000051000832714661
-5000.000000 -3148.148148  0.00000054597348531520
-5000.000000 -3024.691358  -0.00000027808997244168
-5000.000000 -2901.234568  -0.00000133738300735141
-5000.000000 -2777.777778  -0.00000177169530598902
-5000.000000 -2654.320988  -0.00000011893038549879
-5000.000000 -2530.864198  0.00000294677143872049
-5000.000000 -2407.407407  -0.00000217886297719259
-5000.000000 -2283.950617  0.00000059562747853548
-5000.000000 -2160.493827  0.00000118315120163355
-5000.000000 -2037.037037  0.00000110323958361197
-5000.000000 -1913.580247  -0.00000012289457981159
-5000.000000 -1790.123457  -0.00000045554865396360
-5000.000000 -1666.666667  -0.00000029347879248581
-5000.000000 -1543.209877  0.00000002831947397216
-5000.000000 -1419.753086  0.00000005638838168391
-5000.000000 -1296.296296  0.00000027354481495629
-5000.000000 -1172.839506  0.00000041195028000461
-5000.000000 -1049.382716  0.00000041042790095649
-5000.000000  -925.925926  0.00000023066868667098
-5000.000000  -802.469136  -0.00000005642061257757
-5000.000000  -679.012346  -0.00000030211216234142
-5000.000000  -555.555556  -0.00000030038208849495
-5000.000000  -432.098765  -0.00000000493563900934
-5000.000000  -308.641975  0.00000026561895792547
-5000.000000  -185.185185  0.00000035592681011439
-5000.000000   -61.728395  -0.00000030721347979297
-5000.000000    61.728395  0.00000030721347976289
-5000.000000   185.185185  -0.00000035592681044259
-5000.000000   308.641975  -0.00000026561895823148
-5000.000000   432.098765  0.00000000493563883212
-5000.000000   555.555556  0.00000030038208843512
-5000.000000   679.012346  0.00000030211216233059
-5000.000000   802.469136  0.00000005642061254575
-5000.000000   925.925926  -0.00000023066868676401
-5000.000000  1049.382716  -0.00000041042790111761
-5000.000000  1172.839506  -0.00000041195028022296
-5000.000000  1296.296296  -0.00000027354481519227
-5000.000000  1419.753086  -0.00000005638838189379
-5000.000000  1543.209877  -0.00000002831947414833
-5000.000000  1666.666667  0.00000029347879236205
-5000.000000  1790.123457  0.00000045554865387826
-5000.000000  1913.580247  0.00000012289457972309
-5000.000000  2037.037037  -0.00000110323958386742
-5000.000000  2160.493827  -0.00000118315120190203
-5000.000000  2283.950617  -0.00000059562747881885
-5000.000000  2407.407407  0.00000217886297739755
-5000.000000  2530.864198  -0.00000294677143922120
-5000.000000  2654.320988  0.00000011893038533033
-5000.000000  2777.777778  0.00000177169530602441
-5000.000000  2901.234568  0.00000133738300737253
-5000.000000  3024.691358  0.00000027808997239276
-5000.000000  3148.148148  -0.00000054597348545729
-5000.000000  3271.604938  -0.00000051000832733194
-5000.000000  3395.061728  0.00000024956836266549
-5000.000000  3518.518519  0.00000082008790172404
-5000.000000  3641.975309  0.00000094090048922865
-5000.000000  3765.432099  0.00000130804598423159
-5000.000000  3888.888889  0.00000073548827868558
-5000.000000  4012.345679  0.00000014719058819297
-5000.000000  4135.802469  -0.00000046818481539287
-5000.000000  4259.259259  -0.00000085776478071963
-5000.000000  4382.716049  -0.00000023022316999279
-5000.000000  4506.172840  0.00000107357891124361
-5000.000000  4629.629630  0.00000140265148941389
-5000.000000  4753.086420  0.00000213654863123700
-5000.000000  4876.543210  -0.00000220823861157691

-4876.543210 -5000.000000  0.00000238633573115657
-4876.543210 -4876.543210  0.00008842788656061045
-4876.543210 -4753.086420  0.00011445101164863134
-4876.543210 -4629.629630  0.00011633432542317406
-4876.543210 -4506.172840  0.00010633105183863443
-4876.543210 -4382.716049  0.00009581271948426921
-4876.543210 -4259.259259  0.00008807465908784640
-4876.543210 -4135.802469  0.00008410930610820125
-4876.543210 -4012.345679  0.00008370308913572146
-4876.543210 -3888.888889  0.00008517304726132790
-4876.543210 -3765.432099  0.00008608883609669641
-4876.543210 -3641.975309  0.00008644077178298114
-4876.543210 -3518.518519  0.00008302213541197832
-4876.543210 -3395.061728  0.00007782313088236401
-4876.543210 -3271.604938  0.00007195238304311154
-4876.543210 -3148.148148  0.00006565629545819699
-4876.543210 -3024.691358  0.00006079495048548509
-4876.543210 -2901.234568  0.00005966272004667876
-4876.543210 -2777.777778  0.00006261320479459665
-4876.543210 -2654.320988  0.00006685710927499351
-4876.543210 -2530.864198  0.00005879611817342707
-4876.543210 -2407.407407  0.00004330770037800417
-4876.543210 -2283.950617  0.00005022581965648387
-4876.543210 -2160.493827  0.00004948403489129607
-4876.543210 -2037.037037  0.00004619076699798605
-4876.543210 -1913.580247  0.00004010388182587657
-4876.543210 -1790.123457  0.00003626841604757078
-4876.543210 -1666.666667  0.00003394650969824121
-4876.543210 -1543.209877  0.00003237763631665177
-4876.543210 -1419.753086  0.00003035616605805697
-4876.543210 -1296.296296  0.00002824678665992211
-4876.543210 -1172.839506  0.00002630880445327509
-4876.543210 -1049.382716  0.00002351332565349238
-4876.543210  -925.925926  0.00002039329568972856
-4876.543210  -802.469136  0.00001660287370062449
-4876.543210  -679.012346  0.00001314388318235668
-4876.543210  -555.555556  0.00001063834805609126
-4876.543210  -432.098765  0.00000928093603449619
-4876.543210  -308.641975  0.00000766286734762664
-4876.543210  -185.185185  0.00000503926150962657
-4876.543210   -61.728395  -0.00000016582914986201
-4876.543210    61.728395  0.00000016582913334672
-4876.543210   185.185185  -0.00000503926152781822
-4876.543210   308.641975  -0.00000766286736580856
-4876.543210   432.098765  -0.00000928093605204177
-4876.543210   555.555556  -0.00001063834807299763
-4876.543210   679.012346  -0.00001314388319894935
-4876.543210   802.469136  -0.00001660287371719963
-4876.543210   925.925926  -0.00002039329570655017
-4876.543210  1049.382716  -0.00002351332567056484
-4876.543210  1172.839506  -0.00002630880447078443
-4876.543210  1296.296296  -0.00002824678667741735
-4876.543210  1419.753086  -0.00003035616607572337
-4876.543210  1543.209877  -0.00003237763633410072
-4876.543210  1666.666667  -0.00003394650971543154
-4876.543210  1790.123457  -0.00003626841606458389
-4876.543210  1913.580247  -0.00004010388184286467
-4876.543210  2037.037037  -0.00004619076701522957
-4876.543210  2160.493827  -0.00004948403490870038
-4876.543210  2283.950617  -0.00005022581967395064
-4876.543210  2407.407407  -0.00004330770039443726
-4876.543210  2530.864198  -0.00005879611819028234
-4876.543210  2654.320988  -0.00006685710929312854
-4876.543210  2777.777778  -0.00006261320481206879
-4876.543210  2901.234568  -0.00005966272006323826
-4876.543210  3024.691358  -0.00006079495050155192
-4876.543210  3148.148148  -0.00006565629547440187
-4876.543210  3271.604938  -0.00007195238305989532
-4876.543210  3395.061728  -0.00007782313089983782
-4876.543210  3518.518519  -0.00008302213542997952
-4876.543210  3641.975309  -0.00008644077180109805
-4876.543210  3765.432099  -0.00008608883611447951
-4876.543210  3888.888889  -0.00008517304727839862
-4876.543210  4012.345679  -0.00008370308915201844
-4876.543210  4135.802469  -0.00008410930612395594
-4876.543210  4259.259259  -0.00008807465910360822
-4876.543210  4382.716049  -0.00009581271950081144
-4876.543210  4506.172840  -0.00010633105185655596
-4876.543210  4629.629630  -0.00011633432544227776
-4876.543210  4753.086420  -0.00011445101166716640
-4876.543210  4876.543210  -0.00008842788657408288

-4753.086420 -5000.000000  -0.00000179591446386799
-4753.086420 -4876.543210  0.00011598227696484140
-4753.086420 -4753.086420  0.00016117806367641312
-4753.086420 -4629.629630  0.00016206301499614365
-4753.086420 -4506.172840  0.00014755484578846681
-4753.086420 -4382.716049  0.00013026532949055700
-4753.086420 -4259.259259  0.00011829371859576369
-4753.086420 -4135.802469  0.00011373212638107341
-4753.086420 -4012.345679  0.00011455119567959657
-4753.086420 -3888.888889  0.00011785756593034269
-4753.086420 -3765.432099  0.00012039907493624513
-4753.086420 -3641.975309  0.00011990416041688032
-4753.086420 -3518.518519  0.00011499313752585092
-4753.086420 -3395.061728  0.00010657972075340403
-4753.086420 -3271.604938  0.00009673218148641657
-4753.086420 -3148.148148  0.00008809549890440980
-4753.086420 -3024.691358  0.00008343590076707534
-4753.086420 -2901.234568  0.00008426729003449868
-4753.086420 -2777.777778  0.00008922926693968319
-4753.086420 -2654.320988  0.00009105310166892076
-4753.086420 -2530.864198  0.00007399453370842934
-4753.086420 -2407.407407  0.00006842565265168729
-4753.086420 -2283.950617  0.00006927732195307452
-4753.086420 -2160.493827  0.00006661671660873396
-4753.086420 -2037.037037  0.00006213317634781112
-4753.086420 -1913.580247  0.00005722237852742643
-4753.086420 -1790.123457  0.00005276500538383055
-4753.086420 -1666.666667  0.00004906051497316948
-4753.086420 -1543.209877  0.00004589049235563134
-4753.086420 -1419.753086  0.00004279036008699062
-4753.086420 -1296.296296  0.00003920396552581066
-4753.086420 -1172.839506  0.00003593250663931271
-4753.086420 -1049.382716  0.00003194736757240125
-4753.086420  -925.925926  0.00002813837299579873
-4753.086420  -802.469136  0.00002367924986714233
-4753.086420  -679.012346  0.00001953884071787022
-4753.086420  -555.555556  0.00001601569605356440
-4753.086420  -432.098765  0.00001320661638245108
-4753.086420  -308.641975  0.00001005988546876551
-4753.086420  -185.185185  0.00000595158905409231
-4753.086420   -61.728395  0.00000066242598477889
-4753.086420    61.728395  -0.00000066242600736922
-4753.086420   185.185185  -0.00000595158907846647
-4753.086420   308.641975  -0.00001005988549320328
-4753.086420   432.098765  -0.00001320661640624568
-4753.086420   555.555556  -0.00001601569607666549
-4753.086420   679.012346  -0.00001953884074060222
-4753.086420   802.469136  -0.00002367924988979654
-4753.086420   925.925926  -0.00002813837301867239
-4753.086420  1049.382716  -0.00003194736759548472
-4753.086420  1172.839506  -0.00003593250666292266
-4753.086420  1296.296296  -0.00003920396554942962
-4753.086420  1419.753086  -0.00004279036011088024
-4753.086420  1543.209877  -0.00004589049237930785
-4753.086420  1666.666667  -0.00004906051499659837
-4753.086420  1790.123457  -0.00005276500540707253
-4753.086420  1913.580247  -0.00005722237855060069
-4753.086420  2037.037037  -0.00006213317637092859
-4753.086420  2160.493827  -0.00006661671663207873
-4753.086420  2283.950617  -0.00006927732197650212
-4753.086420  2407.407407  -0.00006842565267487334
-4753.086420  2530.864198  -0.00007399453373026181
-4753.086420  2654.320988  -0.00009105310169325216
-4753.086420  2777.777778  -0.00008922926696356338
-4753.086420  2901.234568  -0.00008426729005711305
-4753.086420  3024.691358  -0.00008343590078888920
-4753.086420  3148.148148  -0.00008809549892620648
-4753.086420  3271.604938  -0.00009673218150887772
-4753.086420  3395.061728  -0.00010657972077682299
-4753.086420  3518.518519  -0.00011499313755003519
-4753.086420  3641.975309  -0.00011990416044127212
-4753.086420  3765.432099  -0.00012039907496027828
-4753.086420  3888.888889  -0.00011785756595342660
-4753.086420  4012.345679  -0.00011455119570159249
-4753.086420  4135.802469  -0.00011373212640228659
-4753.086420  4259.259259  -0.00011829371861693663
-4753.086420  4382.716049  -0.00013026532951276312
-4753.086420  4506.172840  -0.00014755484581256096
-4753.086420  4629.629630  -0.00016206301502189299
-4753.086420  4753.086420  -0.00016117806370157786
-4753.086420  4876.543210  -0.00011598227698311971

-4629.629630 -5000.000000  -0.00000091403074636047
-4629.629630 -4876.543210  0.00012042241886862748
-4629.629630 -4753.086420  0.00016532482593611109
-4629.629630 -4629.629630  0.00016633296169293391
-4629.629630 -4506.172840  0.00015144655888606336
-4629.629630 -4382.716049  0.00013410983467850935
-4629.629630 -4259.259259  0.00012207444071228978
-4629.629630 -4135.802469  0.00011732859978421550
-4629.629630 -4012.345679  0.00011803356147166816
-4629.629630 -3888.888889  0.00012126568459005618
-4629.629630 -3765.432099  0.00012371393525577551
-4629.629630 -3641.975309  0.00012316832622321695
-4629.629630 -3518.518519  0.00011818099378644808
-4629.629630 -3395.061728  0.00010968335568381539
-4629.629630 -3271.604938  0.00009971695934996551
-4629.629630 -3148.148148  0.00009094404654731330
-4629.629630 -3024.691358  0.00008611907174867289
-4629.629630 -2901.234568  0.00008678020304279854
-4629.629630 -2777.777778  0.00009167448439856843
-4629.629630 -2654.320988  0.00009358128448287691
-4629.629630 -2530.864198  0.00007694842632179709
-4629.629630 -2407.407407  0.00007233594017446659
-4629.629630 -2283.950617  0.00007294793672417042
-4629.629630 -2160.493827  0.00007016821803255350
-4629.629630 -2037.037037  0.00006543969505849863
-4629.629630 -1913.580247  0.00006036928244581098
-4629.629630 -1790.123457  0.00005568660645387540
-4629.629630 -1666.666667  0.00005178846990677376
-4629.629630 -1543.209877  0.00004844097266458705
-4629.629630 -1419.753086  0.00004515554323328524
-4629.629630 -1296.296296  0.00004135638253509620
-4629.629630 -1172.839506  0.00003791670910708992
-4629.629630 -1049.382716  0.00003371507414127540
-4629.629630  -925.925926  0.00002971060366880953
-4629.629630  -802.469136  0.00002502080138700115
-4629.629630  -679.012346  0.00002066718013573160
-4629.629630  -555.555556  0.00001695222717608236
-4629.629630  -432.098765  0.00001397161062636766
-4629.629630  -308.641975  0.00001062749847902473
-4629.629630  -185.185185  0.00000626653789426123
-4629.629630   -61.728395  0.00000071330370344420
-4629.629630    61.728395  -0.00000071330372620105
-4629.629630   185.185185  -0.00000626653791894082
-4629.629630   308.641975  -0.00001062749850376401
-4629.629630   432.098765  -0.00001397161065040946
-4629.629630   555.555556  -0.00001695222719937604
-4629.629630   679.012346  -0.00002066718015862602
-4629.629630   802.469136  -0.00002502080140981473
-4629.629630   925.925926  -0.00002971060369186162
-4629.629630  1049.382716  -0.00003371507416456507
-4629.629630  1172.839506  -0.00003791670913093614
-4629.629630  1296.296296  -0.00004135638255896136
-4629.629630  1419.753086  -0.00004515554325742579
-4629.629630  1543.209877  -0.00004844097268850068
-4629.629630  1666.666667  -0.00005178846993042154
-4629.629630  1790.123457  -0.00005568660647731875
-4629.629630  1913.580247  -0.00006036928246917680
-4629.629630  2037.037037  -0.00006543969508182372
-4629.629630  2160.493827  -0.00007016821805611483
-4629.629630  2283.950617  -0.00007294793674782912
-4629.629630  2407.407407  -0.00007233594019781277
-4629.629630  2530.864198  -0.00007694842634378987
-4629.629630  2654.320988  -0.00009358128450730340
-4629.629630  2777.777778  -0.00009167448442250943
-4629.629630  2901.234568  -0.00008678020306548482
-4629.629630  3024.691358  -0.00008611907177058167
-4629.629630  3148.148148  -0.00009094404656921970
-4629.629630  3271.604938  -0.00009971695937252622
-4629.629630  3395.061728  -0.00010968335570730745
-4629.629630  3518.518519  -0.00011818099381068474
-4629.629630  3641.975309  -0.00012316832624765825
-4629.629630  3765.432099  -0.00012371393527984011
-4629.629630  3888.888889  -0.00012126568461320430
-4629.629630  4012.345679  -0.00011803356149372945
-4629.629630  4135.802469  -0.00011732859980551434
-4629.629630  4259.259259  -0.00012207444073356784
-4629.629630  4382.716049  -0.00013410983470079388
-4629.629630  4506.172840  -0.00015144655891017496
-4629.629630  4629.629630  -0.00016633296171867737
-4629.629630  4753.086420  -0.00016532482596129416
-4629.629630  4876.543210  -0.00012042241888708025

-4506.172840 -5000.000000  -0.00000043905349485161
-4506.172840 -4876.543210  0.00011368584551426462
-4506.172840 -4753.086420  0.00015523848072506615
-4506.172840 -4629.629630  0.00015619638707291966
-4506.172840 -4506.172840  0.00014218498802780069
-4506.172840 -4382.716049  0.00012605337619275297
-4506.172840 -4259.259259  0.00011486432346989844
-4506.172840 -4135.802469  0.00011040990786208255
-4506.172840 -4012.345679  0.00011104336930755790
-4506.172840 -3888.888889  0.00011402337057875353
-4506.172840 -3765.432099  0.00011626571149835306
-4506.172840 -3641.975309  0.00011571795182428351
-4506.172840 -3518.518519  0.00011104833348909707
-4506.172840 -3395.061728  0.00010311014332909780
-4506.172840 -3271.604938  0.00009380542961246655
-4506.172840 -3148.148148  0.00008561509456059162
-4506.172840 -3024.691358  0.00008111647548532460
-4506.172840 -2901.234568  0.00008174280925346844
-4506.172840 -2777.777778  0.00008624302863335649
-4506.172840 -2654.320988  0.00008792391845468048
-4506.172840 -2530.864198  0.00007223491106736126
-4506.172840 -2407.407407  0.00006764041478998540
-4506.172840 -2283.950617  0.00006876141210649426
-4506.172840 -2160.493827  0.00006614337474328395
-4506.172840 -2037.037037  0.00006170381987198140
-4506.172840 -1913.580247  0.00005680238676139632
-4506.172840 -1790.123457  0.00005237322655759961
-4506.172840 -1666.666667  0.00004869208458885214
-4506.172840 -1543.209877  0.00004556496561467826
-4506.172840 -1419.753086  0.00004253985994525560
-4506.172840 -1296.296296  0.00003898054307330954
-4506.172840 -1172.839506  0.00003576996518602475
-4506.172840 -1049.382716  0.00003182515605775168
-4506.172840  -925.925926  0.00002802373550950408
-4506.172840  -802.469136  0.00002357209554073223
-4506.172840  -679.012346  0.00001944470689964472
-4506.172840  -555.555556  0.00001593642147992211
-4506.172840  -432.098765  0.00001315430180803034
-4506.172840  -308.641975  0.00001004076750767188
-4506.172840  -185.185185  0.00000597683550699901
-4506.172840   -61.728395  0.00000066021245662660
-4506.172840    61.728395  -0.00000066021247732172
-4506.172840   185.185185  -0.00000597683552937286
-4506.172840   308.641975  -0.00001004076753009255
-4506.172840   432.098765  -0.00001315430182984200
-4506.172840   555.555556  -0.00001593642150108379
-4506.172840   679.012346  -0.00001944470692045924
-4506.172840   802.469136  -0.00002357209556147226
-4506.172840   925.925926  -0.00002802373553045013
-4506.172840  1049.382716  -0.00003182515607890267
-4506.172840  1172.839506  -0.00003576996520766169
-4506.172840  1296.296296  -0.00003898054309494523
-4506.172840  1419.753086  -0.00004253985996715026
-4506.172840  1543.209877  -0.00004556496563636338
-4506.172840  1666.666667  -0.00004869208461030193
-4506.172840  1790.123457  -0.00005237322657887199
-4506.172840  1913.580247  -0.00005680238678260034
-4506.172840  2037.037037  -0.00006170381989314214
-4506.172840  2160.493827  -0.00006614337476464479
-4506.172840  2283.950617  -0.00006876141212794195
-4506.172840  2407.407407  -0.00006764041481115778
-4506.172840  2530.864198  -0.00007223491108734229
-4506.172840  2654.320988  -0.00008792391847683448
-4506.172840  2777.777778  -0.00008624302865507829
-4506.172840  2901.234568  -0.00008174280927406243
-4506.172840  3024.691358  -0.00008111647550521276
-4506.172840  3148.148148  -0.00008561509458047029
-4506.172840  3271.604938  -0.00009380542963293127
-4506.172840  3395.061728  -0.00010311014335040229
-4506.172840  3518.518519  -0.00011104833351106764
-4506.172840  3641.975309  -0.00011571795184643425
-4506.172840  3765.432099  -0.00011626571152016937
-4506.172840  3888.888889  -0.00011402337059973952
-4506.172840  4012.345679  -0.00011104336932757072
-4506.172840  4135.802469  -0.00011040990788140732
-4506.172840  4259.259259  -0.00011486432348920065
-4506.172840  4382.716049  -0.00012605337621295624
-4506.172840  4506.172840  -0.00014218498804965344
-4506.172840  4629.629630  -0.00015619638709626137
-4506.172840  4753.086420  -0.00015523848074788565
-4506.172840  4876.543210  -0.00011368584553105004

-4382.716049 -5000.000000  0.00000101910823883327
-4382.716049 -4876.543210  0.00010661567360460984
-4382.716049 -4753.086420  0.00014263641915341098
-4382.716049 -4629.629630  0.00014388483928177049
-4382.716049 -4506.172840  0.00013107956902405995
-4382.716049 -4382.716049  0.00011686184646489110
-4382.716049 -4259.259259  0.00010688036004785888
-4382.716049 -4135.802469  0.00010258795859364496
-4382.716049 -4012.345679  0.00010287380606604249
-4382.716049 -3888.888889  0.00010532902282084036
-4382.716049 -3765.432099  0.00010710491682883205
-4382.716049 -3641.975309  0.00010679330481506905
-4382.716049 -3518.518519  0.00010253938360164661
-4382.716049 -3395.061728  0.00009550533914029013
-4382.716049 -3271.604938  0.00008732604055489492
-4382.716049 -3148.148148  0.00007978960473670886
-4382.716049 -3024.691358  0.00007523040116736037
-4382.716049 -2901.234568  0.00007531580307855443
-4382.716049 -2777.777778  0.00007922857081996639
-4382.716049 -2654.320988  0.00008156727899569254
-4382.716049 -2530.864198  0.00006826879374191297
-4382.716049 -2407.407407  0.00006036291732666699
-4382.716049 -2283.950617  0.00006357786606528576
-4382.716049 -2160.493827  0.00006150414681478331
-4382.716049 -2037.037037  0.00005740699229214115
-4382.716049 -1913.580247  0.00005206118048119237
-4382.716049 -1790.123457  0.00004779131416295263
-4382.716049 -1666.666667  0.00004449707738087708
-4382.716049 -1543.209877  0.00004183544934486598
-4382.716049 -1419.753086  0.00003913653196769873
-4382.716049 -1296.296296  0.00003602311121553054
-4382.716049 -1172.839506  0.00003319894789323755
-4382.716049 -1049.382716  0.00002956852635148929
-4382.716049  -925.925926  0.00002594352898501689
-4382.716049  -802.469136  0.00002164014223574492
-4382.716049  -679.012346  0.00001767639246557552
-4382.716049  -555.555556  0.00001443614851431878
-4382.716049  -432.098765  0.00001207672273148213
-4382.716049  -308.641975  0.00000941418258392841
-4382.716049  -185.185185  0.00000578342458641569
-4382.716049   -61.728395  0.00000041404675744069
-4382.716049    61.728395  -0.00000041404677574765
-4382.716049   185.185185  -0.00000578342460624485
-4382.716049   308.641975  -0.00000941418260378385
-4382.716049   432.098765  -0.00001207672275076905
-4382.716049   555.555556  -0.00001443614853301548
-4382.716049   679.012346  -0.00001767639248396549
-4382.716049   802.469136  -0.00002164014225407937
-4382.716049   925.925926  -0.00002594352900355228
-4382.716049  1049.382716  -0.00002956852637021630
-4382.716049  1172.839506  -0.00003319894791240144
-4382.716049  1296.296296  -0.00003602311123467569
-4382.716049  1419.753086  -0.00003913653198705788
-4382.716049  1543.209877  -0.00004183544936402456
-4382.716049  1666.666667  -0.00004449707739981001
-4382.716049  1790.123457  -0.00004779131418172103
-4382.716049  1913.580247  -0.00005206118049990702
-4382.716049  2037.037037  -0.00005740699231089839
-4382.716049  2160.493827  -0.00006150414683370427
-4382.716049  2283.950617  -0.00006357786608427974
-4382.716049  2407.407407  -0.00006036291734517563
-4382.716049  2530.864198  -0.00006826879375980892
-4382.716049  2654.320988  -0.00008156727901532605
-4382.716049  2777.777778  -0.00007922857083912970
-4382.716049  2901.234568  -0.00007531580309673231
-4382.716049  3024.691358  -0.00007523040118493752
-4382.716049  3148.148148  -0.00007978960475431567
-4382.716049  3271.604938  -0.00008732604057304060
-4382.716049  3395.061728  -0.00009550533915916893
-4382.716049  3518.518519  -0.00010253938362109835
-4382.716049  3641.975309  -0.00010679330483466609
-4382.716049  3765.432099  -0.00010710491684811542
-4382.716049  3888.888889  -0.00010532902283938725
-4382.716049  4012.345679  -0.00010287380608374408
-4382.716049  4135.802469  -0.00010258795861074727
-4382.716049  4259.259259  -0.00010688036006495111
-4382.716049  4382.716049  -0.00011686184648278031
-4382.716049  4506.172840  -0.00013107956904339851
-4382.716049  4629.629630  -0.00014388483930242372
-4382.716049  4753.086420  -0.00014263641917355738
-4382.716049  4876.543210  -0.00010661567361946633

-4259.259259 -5000.000000  0.00000182532735274025
-4259.259259 -4876.543210  0.00010210896257703332
-4259.259259 -4753.086420  0.00013500627919389306
-4259.259259 -4629.629630  0.00013643815579980728
-4259.259259 -4506.172840  0.00012438705699497347
-4259.259259 -4382.716049  0.00011127639267239247
-4259.259259 -4259.259259  0.00010198775126729300
-4259.259259 -4135.802469  0.00009779618164506528
-4259.259259 -4012.345679  0.00009788508782003101
-4259.259259 -3888.888889  0.00010004858345749020
-4259.259259 -3765.432099  0.00010157244725016081
-4259.259259 -3641.975309  0.00010144216428750532
-4259.259259 -3518.518519  0.00009744437995418126
-4259.259259 -3395.061728  0.00009095723444291807
-4259.259259 -3271.604938  0.00008345731955746442
-4259.259259 -3148.148148  0.00007630022265084532
-4259.259259 -3024.691358  0.00007167571441826520
-4259.259259 -2901.234568  0.00007141381153009631
-4259.259259 -2777.777778  0.00007502074204149536
-4259.259259 -2654.320988  0.00007785960623581817
-4259.259259 -2530.864198  0.00006610319152127342
-4259.259259 -2407.407407  0.00005614572668048887
-4259.259259 -2283.950617  0.00006036184643745378
-4259.259259 -2160.493827  0.00005863494622036014
-4259.259259 -2037.037037  0.00005475020189684352
-4259.259259 -1913.580247  0.00004919302570561196
-4259.259259 -1790.123457  0.00004503835277952333
-4259.259259 -1666.666667  0.00004199810060951964
-4259.259259 -1543.209877  0.00003961196193825548
-4259.259259 -1419.753086  0.00003706842802925823
-4259.259259 -1296.296296  0.00003423448122033322
-4259.259259 -1172.839506  0.00003161849253301722
-4259.259259 -1049.382716  0.00002817439701573443
-4259.259259  -925.925926  0.00002467243366893806
-4259.259259  -802.469136  0.00002047987057473326
-4259.259259  -679.012346  0.00001662382691183534
-4259.259259  -555.555556  0.00001355061437210370
-4259.259259  -432.098765  0.00001143460177575506
-4259.259259  -308.641975  0.00000902563562230646
-4259.259259  -185.185185  0.00000562938747511302
-4259.259259   -61.728395  0.00000027053321460553
-4259.259259    61.728395  -0.00000027053323124629
-4259.259259   185.185185  -0.00000562938749319002
-4259.259259   308.641975  -0.00000902563564040027
-4259.259259   432.098765  -0.00001143460179329974
-4259.259259   555.555556  -0.00001355061438908466
-4259.259259   679.012346  -0.00001662382692852946
-4259.259259   802.469136  -0.00002047987059138605
-4259.259259   925.925926  -0.00002467243368579021
-4259.259259  1049.382716  -0.00002817439703277067
-4259.259259  1172.839506  -0.00003161849255046236
-4259.259259  1296.296296  -0.00003423448123776332
-4259.259259  1419.753086  -0.00003706842804685845
-4259.259259  1543.209877  -0.00003961196195566500
-4259.259259  1666.666667  -0.00004199810062670832
-4259.259259  1790.123457  -0.00004503835279655161
-4259.259259  1913.580247  -0.00004919302572259304
-4259.259259  2037.037037  -0.00005475020191392136
-4259.259259  2160.493827  -0.00005863494623758443
-4259.259259  2283.950617  -0.00006036184645473988
-4259.259259  2407.407407  -0.00005614572669715572
-4259.259259  2530.864198  -0.00006610319153767697
-4259.259259  2654.320988  -0.00007785960625369173
-4259.259259  2777.777778  -0.00007502074205887017
-4259.259259  2901.234568  -0.00007141381154657453
-4259.259259  3024.691358  -0.00007167571443421428
-4259.259259  3148.148148  -0.00007630022266684975
-4259.259259  3271.604938  -0.00008345731957397508
-4259.259259  3395.061728  -0.00009095723446009091
-4259.259259  3518.518519  -0.00009744437997186576
-4259.259259  3641.975309  -0.00010144216430531215
-4259.259259  3765.432099  -0.00010157244726766565
-4259.259259  3888.888889  -0.00010004858347432291
-4259.259259  4012.345679  -0.00009788508783609867
-4259.259259  4135.802469  -0.00009779618166059452
-4259.259259  4259.259259  -0.00010198775128282194
-4259.259259  4382.716049  -0.00011127639268865122
-4259.259259  4506.172840  -0.00012438705701255074
-4259.259259  4629.629630  -0.00013643815581856967
-4259.259259  4753.086420  -0.00013500627921217502
-4259.259259  4876.543210  -0.00010210896259050029

-4135.802469 -5000.000000  0.00000165096754665540
-4135.802469 -4876.543210  0.00010128996128099252
-4135.802469 -4753.086420  0.00013458517356463570
-4135.802469 -4629.629630  0.00013597326121891977
-4135.802469 -4506.172840  0.00012398596452336700
-4135.802469 -4382.716049  0.00011079371935966493
-4135.802469 -4259.259259  0.00010146970201752368
-4135.802469 -4135.802469  0.00009733409416177580
-4135.802469 -4012.345679  0.00009748618755946509
-4135.802469 -3888.888889  0.00009971511989220504
-4135.802469 -3765.432099  0.00010131251024184553
-4135.802469 -3641.975309  0.00010120835038875031
-4135.802469 -3518.518519  0.00009723180844754389
-4135.802469 -3395.061728  0.00009074117890081951
-4135.802469 -3271.604938  0.00008322672454078621
-4135.802469 -3148.148148  0.00007608640377883345
-4135.802469 -3024.691358  0.00007150868532732423
-4135.802469 -2901.234568  0.00007129416524927578
-4135.802469 -2777.777778  0.00007497640224589871
-4135.802469 -2654.320988  0.00007781337097646955
-4135.802469 -2530.864198  0.00006604041889758068
-4135.802469 -2407.407407  0.00005653666107144740
-4135.802469 -2283.950617  0.00006013715792075132
-4135.802469 -2160.493827  0.00005839505031946858
-4135.802469 -2037.037037  0.00005453391036084363
-4135.802469 -1913.580247  0.00004917116868973058
-4135.802469 -1790.123457  0.00004507227410931069
-4135.802469 -1666.666667  0.00004205021305935245
-4135.802469 -1543.209877  0.00003963423098281505
-4135.802469 -1419.753086  0.00003704631086777741
-4135.802469 -1296.296296  0.00003418532230656965
-4135.802469 -1172.839506  0.00003151931867182485
-4135.802469 -1049.382716  0.00002810463084972244
-4135.802469  -925.925926  0.00002462267489160757
-4135.802469  -802.469136  0.00002049533195562607
-4135.802469  -679.012346  0.00001666699980759662
-4135.802469  -555.555556  0.00001360866234191786
-4135.802469  -432.098765  0.00001144921375560665
-4135.802469  -308.641975  0.00000898758579660953
-4135.802469  -185.185185  0.00000554868938200306
-4135.802469   -61.728395  0.00000030758051843029
-4135.802469    61.728395  -0.00000030758053441966
-4135.802469   185.185185  -0.00000554868939940505
-4135.802469   308.641975  -0.00000898758581402296
-4135.802469   432.098765  -0.00001144921377248645
-4135.802469   555.555556  -0.00001360866235823880
-4135.802469   679.012346  -0.00001666699982363256
-4135.802469   802.469136  -0.00002049533197162720
-4135.802469   925.925926  -0.00002462267490779572
-4135.802469  1049.382716  -0.00002810463086609702
-4135.802469  1172.839506  -0.00003151931868858385
-4135.802469  1296.296296  -0.00003418532232333231
-4135.802469  1419.753086  -0.00003704631088469685
-4135.802469  1543.209877  -0.00003963423099954729
-4135.802469  1666.666667  -0.00004205021307587098
-4135.802469  1790.123457  -0.00004507227412566841
-4135.802469  1913.580247  -0.00004917116870603860
-4135.802469  2037.037037  -0.00005453391037723764
-4135.802469  2160.493827  -0.00005839505033600857
-4135.802469  2283.950617  -0.00006013715793734689
-4135.802469  2407.407407  -0.00005653666108745923
-4135.802469  2530.864198  -0.00006604041891328577
-4135.802469  2654.320988  -0.00007781337099362224
-4135.802469  2777.777778  -0.00007497640226256653
-4135.802469  2901.234568  -0.00007129416526507024
-4135.802469  3024.691358  -0.00007150868534260636
-4135.802469  3148.148148  -0.00007608640379416818
-4135.802469  3271.604938  -0.00008322672455660584
-4135.802469  3395.061728  -0.00009074117891727508
-4135.802469  3518.518519  -0.00009723180846449269
-4135.802469  3641.975309  -0.00010120835040582066
-4135.802469  3765.432099  -0.00010131251025861654
-4135.802469  3888.888889  -0.00009971511990833135
-4135.802469  4012.345679  -0.00009748618757484400
-4135.802469  4135.802469  -0.00009733409417663529
-4135.802469  4259.259259  -0.00010146970203238431
-4135.802469  4382.716049  -0.00011079371937523636
-4135.802469  4506.172840  -0.00012398596454021496
-4135.802469  4629.629630  -0.00013597326123689776
-4135.802469  4753.086420  -0.00013458517358217302
-4135.802469  4876.543210  -0.00010128996129385830

-4012.345679 -5000.000000  0.00000128943198100238
-4012.345679 -4876.543210  0.00010466479702935197
-4012.345679 -4753.086420  0.00014033054005499005
-4012.345679 -4629.629630  0.00014165968189225895
-4012.345679 -4506.172840  0.00012917970961281370
-4012.345679 -4382.716049  0.00011518498493351932
-4012.345679 -4259.259259  0.00010535004631649681
-4012.345679 -4135.802469  0.00010113648720102617
-4012.345679 -4012.345679  0.00010142992944158841
-4012.345679 -3888.888889  0.00010388903664258521
-4012.345679 -3765.432099  0.00010569413229924677
-4012.345679 -3641.975309  0.00010556301329234547
-4012.345679 -3518.518519  0.00010141750569378223
-4012.345679 -3395.061728  0.00009456893707370401
-4012.345679 -3271.604938  0.00008661780764341695
-4012.345679 -3148.148148  0.00007917388551887812
-4012.345679 -3024.691358  0.00007453933901308178
-4012.345679 -2901.234568  0.00007449085558436312
-4012.345679 -2777.777778  0.00007845342218830510
-4012.345679 -2654.320988  0.00008120576909463701
-4012.345679 -2530.864198  0.00006851334803607174
-4012.345679 -2407.407407  0.00005957004458207294
-4012.345679 -2283.950617  0.00006241482696660032
-4012.345679 -2160.493827  0.00006049447844948742
-4012.345679 -2037.037037  0.00005651457716674039
-4012.345679 -1913.580247  0.00005125370462141725
-4012.345679 -1790.123457  0.00004707211205573402
-4012.345679 -1666.666667  0.00004390763307218763
-4012.345679 -1543.209877  0.00004133208855153120
-4012.345679 -1419.753086  0.00003859237557136579
-4012.345679 -1296.296296  0.00003550794864425685
-4012.345679 -1172.839506  0.00003272133838261116
-4012.345679 -1049.382716  0.00002915599909876683
-4012.345679  -925.925926  0.00002558588762211870
-4012.345679  -802.469136  0.00002135886437063879
-4012.345679  -679.012346  0.00001745750492654159
-4012.345679  -555.555556  0.00001427507234333135
-4012.345679  -432.098765  0.00001194010371159919
-4012.345679  -308.641975  0.00000928694775352484
-4012.345679  -185.185185  0.00000566067186946446
-4012.345679   -61.728395  0.00000039571189417063
-4012.345679    61.728395  -0.00000039571191037132
-4012.345679   185.185185  -0.00000566067188707410
-4012.345679   308.641975  -0.00000928694777114991
-4012.345679   432.098765  -0.00001194010372869194
-4012.345679   555.555556  -0.00001427507235987335
-4012.345679   679.012346  -0.00001745750494279738
-4012.345679   802.469136  -0.00002135886438684433
-4012.345679   925.925926  -0.00002558588763850940
-4012.345679  1049.382716  -0.00002915599911533823
-4012.345679  1172.839506  -0.00003272133839957440
-4012.345679  1296.296296  -0.00003550794866120404
-4012.345679  1419.753086  -0.00003859237558849265
-4012.345679  1543.209877  -0.00004133208856847015
-4012.345679  1666.666667  -0.00004390763308890983
-4012.345679  1790.123457  -0.00004707211207229665
-4012.345679  1913.580247  -0.00005125370463792852
-4012.345679  2037.037037  -0.00005651457718330931
-4012.345679  2160.493827  -0.00006049447846620336
-4012.345679  2283.950617  -0.00006241482698336861
-4012.345679  2407.407407  -0.00005957004459833367
-4012.345679  2530.864198  -0.00006851334805187017
-4012.345679  2654.320988  -0.00008120576911197602
-4012.345679  2777.777778  -0.00007845342220517570
-4012.345679  2901.234568  -0.00007449085560033627
-4012.345679  3024.691358  -0.00007453933902852572
-4012.345679  3148.148148  -0.00007917388553436260
-4012.345679  3271.604938  -0.00008661780765938464
-4012.345679  3395.061728  -0.00009456893709031772
-4012.345679  3518.518519  -0.00010141750571089927
-4012.345679  3641.975309  -0.00010556301330958951
-4012.345679  3765.432099  -0.00010569413231618727
-4012.345679  3888.888889  -0.00010388903665887112
-4012.345679  4012.345679  -0.00010142992945710738
-4012.345679  4135.802469  -0.00010113648721601298
-4012.345679  4259.259259  -0.00010535004633148135
-4012.345679  4382.716049  -0.00011518498494922881
-4012.345679  4506.172840  -0.00012917970962982129
-4012.345679  4629.629630  -0.00014165968191040960
-4012.345679  4753.086420  -0.00014033054007272028
-4012.345679  4876.543210  -0.00010466479704230763

-3888.888889 -5000.000000  0.00000100066213467647
-3888.888889 -4876.543210  0.00010960147541162354
-3888.888889 -4753.086420  0.00014804256100282376
-3888.888889 -4629.629630  0.00014931192669019220
-3888.888889 -4506.172840  0.00013615170299212371
-3888.888889 -4382.716049  0.00012118728022749376
-3888.888889 -4259.259259  0.00011074163073604048
-3888.888889 -4135.802469  0.00010641842430241986
-3888.888889 -4012.345679  0.00010687420872001900
-3888.888889 -3888.888889  0.00010959504171655214
-3888.888889 -3765.432099  0.00011162311372189568
-3888.888889 -3641.975309  0.00011141847060814612
-3888.888889 -3518.518519  0.00010703723215250151
-3888.888889 -3395.061728  0.00009972145291899495
-3888.888889 -3271.604938  0.00009121270025770480
-3888.888889 -3148.148148  0.00008338408970068697
-3888.888889 -3024.691358  0.00007868987158187431
-3888.888889 -2901.234568  0.00007887307354108728
-3888.888889 -2777.777778  0.00008313275489009063
-3888.888889 -2654.320988  0.00008566681639576228
-3888.888889 -2530.864198  0.00007156378565044283
-3888.888889 -2407.407407  0.00006304012316570912
-3888.888889 -2283.950617  0.00006556728179833908
-3888.888889 -2160.493827  0.00006343037272233639
-3888.888889 -2037.037037  0.00005927303967140210
-3888.888889 -1913.580247  0.00005396633440412646
-3888.888889 -1790.123457  0.00004963295956952258
-3888.888889 -1666.666667  0.00004627127315772405
-3888.888889 -1543.209877  0.00004350423886968350
-3888.888889 -1419.753086  0.00004063838204181207
-3888.888889 -1296.296296  0.00003733240452371470
-3888.888889 -1172.839506  0.00003436661438839943
-3888.888889 -1049.382716  0.00003064221347691501
-3888.888889  -925.925926  0.00002689968760138493
-3888.888889  -802.469136  0.00002251257204600706
-3888.888889  -679.012346  0.00001844725771270432
-3888.888889  -555.555556  0.00001509758432616470
-3888.888889  -432.098765  0.00001257584577340662
-3888.888889  -308.641975  0.00000972715363984255
-3888.888889  -185.185185  0.00000590351700173093
-3888.888889   -61.728395  0.00000048798488522517
-3888.888889    61.728395  -0.00000048798490193852
-3888.888889   185.185185  -0.00000590351701981099
-3888.888889   308.641975  -0.00000972715365793536
-3888.888889   432.098765  -0.00001257584579099455
-3888.888889   555.555556  -0.00001509758434322414
-3888.888889   679.012346  -0.00001844725772948609
-3888.888889   802.469136  -0.00002251257206273394
-3888.888889   925.925926  -0.00002689968761827893
-3888.888889  1049.382716  -0.00003064221349398062
-3888.888889  1172.839506  -0.00003436661440583655
-3888.888889  1296.296296  -0.00003733240454112552
-3888.888889  1419.753086  -0.00004063838205942247
-3888.888889  1543.209877  -0.00004350423888710328
-3888.888889  1666.666667  -0.00004627127317493265
-3888.888889  1790.123457  -0.00004963295958657928
-3888.888889  1913.580247  -0.00005396633442113342
-3888.888889  2037.037037  -0.00005927303968842783
-3888.888889  2160.493827  -0.00006343037273950428
-3888.888889  2283.950617  -0.00006556728181555466
-3888.888889  2407.407407  -0.00006304012318251431
-3888.888889  2530.864198  -0.00007156378566662244
-3888.888889  2654.320988  -0.00008566681641359601
-3888.888889  2777.777778  -0.00008313275490748650
-3888.888889  2901.234568  -0.00007887307355755482
-3888.888889  3024.691358  -0.00007868987159777905
-3888.888889  3148.148148  -0.00008338408971661078
-3888.888889  3271.604938  -0.00009121270027411649
-3888.888889  3395.061728  -0.00009972145293607605
-3888.888889  3518.518519  -0.00010703723217010584
-3888.888889  3641.975309  -0.00011141847062588200
-3888.888889  3765.432099  -0.00011162311373932976
-3888.888889  3888.888889  -0.00010959504173330576
-3888.888889  4012.345679  -0.00010687420873598030
-3888.888889  4135.802469  -0.00010641842431782149
-3888.888889  4259.259259  -0.00011074163075142985
-3888.888889  4382.716049  -0.00012118728024362680
-3888.888889  4506.172840  -0.00013615170300960872
-3888.888889  4629.629630  -0.00014931192670886211
-3888.888889  4753.086420  -0.00014804256102106720
-3888.888889  4876.543210  -0.00010960147542492424

-3765.432099 -5000.000000  0.00000074897690333952
-3765.432099 -4876.543210  0.00011351854778859944
-3765.432099 -4753.086420  0.00015439088737210444
-3765.432099 -4629.629630  0.00015560535881115295
-3765.432099 -4506.172840  0.00014190794646571487
-3765.432099 -4382.716049  0.00012612517250470227
-3765.432099 -4259.259259  0.00011517433967834309
-3765.432099 -4135.802469  0.00011078406558548766
-3765.432099 -4012.345679  0.00011139821525714271
-3765.432099 -3888.888889  0.00011435474787553908
-3765.432099 -3765.432099  0.00011660178266621484
-3765.432099 -3641.975309  0.00011630673190931707
-3765.432099 -3518.518519  0.00011175828444459086
-3765.432099 -3395.061728  0.00010405317600380876
-3765.432099 -3271.604938  0.00009504605971919531
-3765.432099 -3148.148148  0.00008691231475242041
-3765.432099 -3024.691358  0.00008221678315572151
-3765.432099 -2901.234568  0.00008260780088948165
-3765.432099 -2777.777778  0.00008711407883848933
-3765.432099 -2654.320988  0.00008940259252463803
-3765.432099 -2530.864198  0.00007440690452771550
-3765.432099 -2407.407407  0.00006691554399896728
-3765.432099 -2283.950617  0.00006820449822977739
-3765.432099 -2160.493827  0.00006576130136080660
-3765.432099 -2037.037037  0.00006144558114658065
-3765.432099 -1913.580247  0.00005639093012001372
-3765.432099 -1790.123457  0.00005207321135965652
-3765.432099 -1666.666667  0.00004856896660392766
-3765.432099 -1543.209877  0.00004553547685658988
-3765.432099 -1419.753086  0.00004230924357486083
-3765.432099 -1296.296296  0.00003906845468768583
-3765.432099 -1172.839506  0.00003589911251253017
-3765.432099 -1049.382716  0.00003168768593629076
-3765.432099  -925.925926  0.00002807323010129740
-3765.432099  -802.469136  0.00002354819959107956
-3765.432099  -679.012346  0.00001946651479295435
-3765.432099  -555.555556  0.00001590369380335651
-3765.432099  -432.098765  0.00001315199100215440
-3765.432099  -308.641975  0.00001007342367369228
-3765.432099  -185.185185  0.00000596540259279002
-3765.432099   -61.728395  0.00000060800546263432
-3765.432099    61.728395  -0.00000060800547978509
-3765.432099   185.185185  -0.00000596540261114806
-3765.432099   308.641975  -0.00001007342369218410
-3765.432099   432.098765  -0.00001315199102011190
-3765.432099   555.555556  -0.00001590369382078309
-3765.432099   679.012346  -0.00001946651481010126
-3765.432099   802.469136  -0.00002354819960814439
-3765.432099   925.925926  -0.00002807323011857876
-3765.432099  1049.382716  -0.00003168768595362892
-3765.432099  1172.839506  -0.00003589911253037893
-3765.432099  1296.296296  -0.00003906845470552527
-3765.432099  1419.753086  -0.00004230924359275848
-3765.432099  1543.209877  -0.00004553547687437392
-3765.432099  1666.666667  -0.00004856896662151371
-3765.432099  1790.123457  -0.00005207321137707290
-3765.432099  1913.580247  -0.00005639093013735165
-3765.432099  2037.037037  -0.00006144558116390439
-3765.432099  2160.493827  -0.00006576130137829799
-3765.432099  2283.950617  -0.00006820449824731076
-3765.432099  2407.407407  -0.00006691554401617418
-3765.432099  2530.864198  -0.00007440690454409217
-3765.432099  2654.320988  -0.00008940259254276972
-3765.432099  2777.777778  -0.00008711407885621451
-3765.432099  2901.234568  -0.00008260780090626013
-3765.432099  3024.691358  -0.00008221678317191664
-3765.432099  3148.148148  -0.00008691231476861574
-3765.432099  3271.604938  -0.00009504605973587044
-3765.432099  3395.061728  -0.00010405317602115997
-3765.432099  3518.518519  -0.00011175828446247358
-3765.432099  3641.975309  -0.00011630673192733823
-3765.432099  3765.432099  -0.00011660178268393331
-3765.432099  3888.888889  -0.00011435474789257264
-3765.432099  4012.345679  -0.00011139821527336129
-3765.432099  4135.802469  -0.00011078406560113667
-3765.432099  4259.259259  -0.00011517433969397563
-3765.432099  4382.716049  -0.00012612517252108543
-3765.432099  4506.172840  -0.00014190794648346011
-3765.432099  4629.629630  -0.00015560535883009662
-3765.432099  4753.086420  -0.00015439088739063996
-3765.432099  4876.543210  -0.00011351854780212540

-3641.975309 -5000.000000  0.00000155728610250560
-3641.975309 -4876.543210  0.00011760317759447669
-3641.975309 -4753.086420  0.00015844071191193002
-3641.975309 -4629.629630  0.00015968730457841871
-3641.975309 -4506.172840  0.00014564112629297555
-3641.975309 -4382.716049  0.00012979444333380096
-3641.975309 -4259.259259  0.00011883696256216252
-3641.975309 -4135.802469  0.00011439041388661984
-3641.975309 -4012.345679  0.00011500649593934706
-3641.975309 -3888.888889  0.00011796050087631209
-3641.975309 -3765.432099  0.00012014880105108130
-3641.975309 -3641.975309  0.00011969793996467839
-3641.975309 -3518.518519  0.00011504006524508746
-3641.975309 -3395.061728  0.00010718017880556325
-3641.975309 -3271.604938  0.00009799033827774004
-3641.975309 -3148.148148  0.00008979122338635292
-3641.975309 -3024.691358  0.00008514607826131427
-3641.975309 -2901.234568  0.00008559385951117335
-3641.975309 -2777.777778  0.00009000781613859702
-3641.975309 -2654.320988  0.00009185795771076346
-3641.975309 -2530.864198  0.00007625304975788775
-3641.975309 -2407.407407  0.00007104992620698200
-3641.975309 -2283.950617  0.00007285567503084167
-3641.975309 -2160.493827  0.00007030424273842380
-3641.975309 -2037.037037  0.00006566829559415338
-3641.975309 -1913.580247  0.00006031254750417192
-3641.975309 -1790.123457  0.00005561329725849395
-3641.975309 -1666.666667  0.00005180064160171216
-3641.975309 -1543.209877  0.00004858733179974497
-3641.975309 -1419.753086  0.00004542170068227210
-3641.975309 -1296.296296  0.00004171298820205521
-3641.975309 -1172.839506  0.00003833187773468001
-3641.975309 -1049.382716  0.00003419225194869733
-3641.975309  -925.925926  0.00003006965773100760
-3641.975309  -802.469136  0.00002530308573088597
-3641.975309  -679.012346  0.00002083463073137008
-3641.975309  -555.555556  0.00001706943778746346
-3641.975309  -432.098765  0.00001411745773352718
-3641.975309  -308.641975  0.00001082825453504806
-3641.975309  -185.185185  0.00000655643393649649
-3641.975309   -61.728395  0.00000069650600065297
-3641.975309    61.728395  -0.00000069650601789372
-3641.975309   185.185185  -0.00000655643395509426
-3641.975309   308.641975  -0.00001082825455366679
-3641.975309   432.098765  -0.00001411745775166003
-3641.975309   555.555556  -0.00001706943780506702
-3641.975309   679.012346  -0.00002083463074869076
-3641.975309   802.469136  -0.00002530308574814816
-3641.975309   925.925926  -0.00003006965774841699
-3641.975309  1049.382716  -0.00003419225196626982
-3641.975309  1172.839506  -0.00003833187775260868
-3641.975309  1296.296296  -0.00004171298821997496
-3641.975309  1419.753086  -0.00004542170070039037
-3641.975309  1543.209877  -0.00004858733181767351
-3641.975309  1666.666667  -0.00005180064161943832
-3641.975309  1790.123457  -0.00005561329727606476
-3641.975309  1913.580247  -0.00006031254752168038
-3641.975309  2037.037037  -0.00006566829561162159
-3641.975309  2160.493827  -0.00007030424275603417
-3641.975309  2283.950617  -0.00007285567504849881
-3641.975309  2407.407407  -0.00007104992622437235
-3641.975309  2530.864198  -0.00007625304977434327
-3641.975309  2654.320988  -0.00009185795772895822
-3641.975309  2777.777778  -0.00009000781615640099
-3641.975309  2901.234568  -0.00008559385952804411
-3641.975309  3024.691358  -0.00008514607827760815
-3641.975309  3148.148148  -0.00008979122340264023
-3641.975309  3271.604938  -0.00009799033829449166
-3641.975309  3395.061728  -0.00010718017882297657
-3641.975309  3518.518519  -0.00011504006526301955
-3641.975309  3641.975309  -0.00011969793998274532
-3641.975309  3765.432099  -0.00012014880106884804
-3641.975309  3888.888889  -0.00011796050089340731
-3641.975309  4012.345679  -0.00011500649595563683
-3641.975309  4135.802469  -0.00011439041390234585
-3641.975309  4259.259259  -0.00011883696257787129
-3641.975309  4382.716049  -0.00012979444335023852
-3641.975309  4506.172840  -0.00014564112631074264
-3641.975309  4629.629630  -0.00015968730459738059
-3641.975309  4753.086420  -0.00015844071193047725
-3641.975309  4876.543210  -0.00011760317760812971

-3518.518519 -5000.000000  0.00000202507697438945
-3518.518519 -4876.543210  0.00011792762900969833
-3518.518519 -4753.086420  0.00015843610599198857
-3518.518519 -4629.629630  0.00015982772923711747
-3518.518519 -4506.172840  0.00014587409382035100
-3518.518519 -4382.716049  0.00013019081035219301
-3518.518519 -4259.259259  0.00011934942193080278
-3518.518519 -4135.802469  0.00011492823177284288
-3518.518519 -4012.345679  0.00011553092495523727
-3518.518519 -3888.888889  0.00011844706043473708
-3518.518519 -3765.432099  0.00012062527204549001
-3518.518519 -3641.975309  0.00012019456276840987
-3518.518519 -3518.518519  0.00011558246545233945
-3518.518519 -3395.061728  0.00010778809529191784
-3518.518519 -3271.604938  0.00009866243055459825
-3518.518519 -3148.148148  0.00009047893226141352
-3518.518519 -3024.691358  0.00008579684618728882
-3518.518519 -2901.234568  0.00008618240777186704
-3518.518519 -2777.777778  0.00009052830190750717
-3518.518519 -2654.320988  0.00009245722351877601
-3518.518519 -2530.864198  0.00007717454376174741
-3518.518519 -2407.407407  0.00007073813372599675
-3518.518519 -2283.950617  0.00007214418066699394
-3518.518519 -2160.493827  0.00006946637825444124
-3518.518519 -2037.037037  0.00006498313514169037
-3518.518519 -1913.580247  0.00005975976467737175
-3518.518519 -1790.123457  0.00005520525461019531
-3518.518519 -1666.666667  0.00005144370990117513
-3518.518519 -1543.209877  0.00004822936388563589
-3518.518519 -1419.753086  0.00004502917728179172
-3518.518519 -1296.296296  0.00004132003601460998
-3518.518519 -1172.839506  0.00003796921525566171
-3518.518519 -1049.382716  0.00003380654297779992
-3518.518519  -925.925926  0.00002978312707548734
-3518.518519  -802.469136  0.00002507453788875200
-3518.518519  -679.012346  0.00002070725585030915
-3518.518519  -555.555556  0.00001696816341953315
-3518.518519  -432.098765  0.00001399582741920601
-3518.518519  -308.641975  0.00001068022104758364
-3518.518519  -185.185185  0.00000639550663060861
-3518.518519   -61.728395  0.00000070724853655623
-3518.518519    61.728395  -0.00000070724855316987
-3518.518519   185.185185  -0.00000639550664847638
-3518.518519   308.641975  -0.00001068022106548706
-3518.518519   432.098765  -0.00001399582743664361
-3518.518519   555.555556  -0.00001696816343648262
-3518.518519   679.012346  -0.00002070725586699519
-3518.518519   802.469136  -0.00002507453790536881
-3518.518519   925.925926  -0.00002978312709225265
-3518.518519  1049.382716  -0.00003380654299469774
-3518.518519  1172.839506  -0.00003796921527292296
-3518.518519  1296.296296  -0.00004132003603183815
-3518.518519  1419.753086  -0.00004502917729920092
-3518.518519  1543.209877  -0.00004822936390287055
-3518.518519  1666.666667  -0.00005144370991821502
-3518.518519  1790.123457  -0.00005520525462708908
-3518.518519  1913.580247  -0.00005975976469420074
-3518.518519  2037.037037  -0.00006498313515848118
-3518.518519  2160.493827  -0.00006946637827135922
-3518.518519  2283.950617  -0.00007214418068395672
-3518.518519  2407.407407  -0.00007073813374269633
-3518.518519  2530.864198  -0.00007717454377758975
-3518.518519  2654.320988  -0.00009245722353625763
-3518.518519  2777.777778  -0.00009052830192461692
-3518.518519  2901.234568  -0.00008618240778809264
-3518.518519  3024.691358  -0.00008579684620296366
-3518.518519  3148.148148  -0.00009047893227707953
-3518.518519  3271.604938  -0.00009866243057070067
-3518.518519  3395.061728  -0.00010778809530864346
-3518.518519  3518.518519  -0.00011558246546955193
-3518.518519  3641.975309  -0.00012019456278574591
-3518.518519  3765.432099  -0.00012062527206253833
-3518.518519  3888.888889  -0.00011844706045114978
-3518.518519  4012.345679  -0.00011553092497088352
-3518.518519  4135.802469  -0.00011492823178795195
-3518.518519  4259.259259  -0.00011934942194589431
-3518.518519  4382.716049  -0.00013019081036796473
-3518.518519  4506.172840  -0.00014587409383736954
-3518.518519  4629.629630  -0.00015982772925527531
-3518.518519  4753.086420  -0.00015843610600973886
-3518.518519  4876.543210  -0.00011792762902282890

-3395.061728 -5000.000000  0.00000301203324288440
-3395.061728 -4876.543210  0.00011741859957625246
-3395.061728 -4753.086420  0.00015611009071260268
-3395.061728 -4629.629630  0.00015772038046912883
-3395.061728 -4506.172840  0.00014407126204621324
-3395.061728 -4382.716049  0.00012904013272273639
-3395.061728 -4259.259259  0.00011863653305893183
-3395.061728 -4135.802469  0.00011427623788244581
-3395.061728 -4012.345679  0.00011477957225711444
-3395.061728 -3888.888889  0.00011751452655086643
-3395.061728 -3765.432099  0.00011953568342241481
-3395.061728 -3641.975309  0.00011912292248537195
-3395.061728 -3518.518519  0.00011462227719214437
-3395.061728 -3395.061728  0.00010707689804874702
-3395.061728 -3271.604938  0.00009825430757125545
-3395.061728 -3148.148148  0.00009025518960317798
-3395.061728 -3024.691358  0.00008555931507389083
-3395.061728 -2901.234568  0.00008576624085577776
-3395.061728 -2777.777778  0.00008986176689196689
-3395.061728 -2654.320988  0.00009185340633814551
-3395.061728 -2530.864198  0.00007726263782676176
-3395.061728 -2407.407407  0.00007020553568707332
-3395.061728 -2283.950617  0.00007211473689038219
-3395.061728 -2160.493827  0.00006949555083463787
-3395.061728 -2037.037037  0.00006504449854186748
-3395.061728 -1913.580247  0.00005966644671609664
-3395.061728 -1790.123457  0.00005510750403124788
-3395.061728 -1666.666667  0.00005138465550543649
-3395.061728 -1543.209877  0.00004821183749417644
-3395.061728 -1419.753086  0.00004505057638476949
-3395.061728 -1296.296296  0.00004141611571657442
-3395.061728 -1172.839506  0.00003802973113239497
-3395.061728 -1049.382716  0.00003391258631208022
-3395.061728  -925.925926  0.00002984238269388700
-3395.061728  -802.469136  0.00002511982365892450
-3395.061728  -679.012346  0.00002069260036588769
-3395.061728  -555.555556  0.00001695195435389902
-3395.061728  -432.098765  0.00001401268281869859
-3395.061728  -308.641975  0.00001073424478355100
-3395.061728  -185.185185  0.00000647712784237662
-3395.061728   -61.728395  0.00000068061233069713
-3395.061728    61.728395  -0.00000068061234639589
-3395.061728   185.185185  -0.00000647712785925850
-3395.061728   308.641975  -0.00001073424480045835
-3395.061728   432.098765  -0.00001401268283517265
-3395.061728   555.555556  -0.00001695195436990314
-3395.061728   679.012346  -0.00002069260038164250
-3395.061728   802.469136  -0.00002511982367462846
-3395.061728   925.925926  -0.00002984238270972402
-3395.061728  1049.382716  -0.00003391258632804823
-3395.061728  1172.839506  -0.00003802973114867988
-3395.061728  1296.296296  -0.00004141611573284943
-3395.061728  1419.753086  -0.00004505057640119525
-3395.061728  1543.209877  -0.00004821183751042953
-3395.061728  1666.666667  -0.00005138465552150631
-3395.061728  1790.123457  -0.00005510750404717433
-3395.061728  1913.580247  -0.00005966644673195858
-3395.061728  2037.037037  -0.00006504449855771041
-3395.061728  2160.493827  -0.00006949555085059276
-3395.061728  2283.950617  -0.00007211473690637882
-3395.061728  2407.407407  -0.00007020553570275587
-3395.061728  2530.864198  -0.00007726263784176083
-3395.061728  2654.320988  -0.00009185340635460706
-3395.061728  2777.777778  -0.00008986176690805923
-3395.061728  2901.234568  -0.00008576624087105465
-3395.061728  3024.691358  -0.00008555931508866394
-3395.061728  3148.148148  -0.00009025518961795018
-3395.061728  3271.604938  -0.00009825430758643158
-3395.061728  3395.061728  -0.00010707689806449117
-3395.061728  3518.518519  -0.00011462227720832863
-3395.061728  3641.975309  -0.00011912292250166397
-3395.061728  3765.432099  -0.00011953568343843285
-3395.061728  3888.888889  -0.00011751452656629620
-3395.061728  4012.345679  -0.00011477957227183763
-3395.061728  4135.802469  -0.00011427623789667274
-3395.061728  4259.259259  -0.00011863653307314344
-3395.061728  4382.716049  -0.00012904013273756413
-3395.061728  4506.172840  -0.00014407126206217500
-3395.061728  4629.629630  -0.00015772038048614696
-3395.061728  4753.086420  -0.00015611009072921548
-3395.061728  4876.543210  -0.00011741859958863283

-3271.604938 -5000.000000  0.00000426280749202562
-3271.604938 -4876.543210  0.00011534903198477679
-3271.604938 -4753.086420  0.00015098089852843752
-3271.604938 -4629.629630  0.00015279235989118267
-3271.604938 -4506.172840  0.00013970060576290846
-3271.604938 -4382.716049  0.00012576139257311153
-3271.604938 -4259.259259  0.00011609921862489865
-3271.604938 -4135.802469  0.00011187828083358448
-3271.604938 -4012.345679  0.00011224394164541803
-3271.604938 -3888.888889  0.00011470381962333891
-3271.604938 -3765.432099  0.00011645643450977324
-3271.604938 -3641.975309  0.00011603954358398607
-3271.604938 -3518.518519  0.00011172056829726242
-3271.604938 -3395.061728  0.00010459009651312628
-3271.604938 -3271.604938  0.00009627989473356772
-3271.604938 -3148.148148  0.00008866514723128109
-3271.604938 -3024.691358  0.00008406283387594229
-3271.604938 -2901.234568  0.00008405169607878920
-3271.604938 -2777.777778  0.00008774870390122638
-3271.604938 -2654.320988  0.00008965678308165767
-3271.604938 -2530.864198  0.00007596844090584284
-3271.604938 -2407.407407  0.00006971131768513991
-3271.604938 -2283.950617  0.00007263745479803833
-3271.604938 -2160.493827  0.00007024085867365734
-3271.604938 -2037.037037  0.00006570194501041655
-3271.604938 -1913.580247  0.00006003065881962381
-3271.604938 -1790.123457  0.00005534440966788803
-3271.604938 -1666.666667  0.00005162734567473022
-3271.604938 -1543.209877  0.00004854090349140865
-3271.604938 -1419.753086  0.00004543201036847472
-3271.604938 -1296.296296  0.00004189300993219024
-3271.604938 -1172.839506  0.00003860314157431896
-3271.604938 -1049.382716  0.00003442197936779076
-3271.604938  -925.925926  0.00003028224506474102
-3271.604938  -802.469136  0.00002541555663123495
-3271.604938  -679.012346  0.00002088767185884457
-3271.604938  -555.555556  0.00001707812146761591
-3271.604938  -432.098765  0.00001418243935931334
-3271.604938  -308.641975  0.00001096909692712445
-3271.604938  -185.185185  0.00000675858217500644
-3271.604938   -61.728395  0.00000065944834653343
-3271.604938    61.728395  -0.00000065944836108364
-3271.604938   185.185185  -0.00000675858219065575
-3271.604938   308.641975  -0.00001096909694280110
-3271.604938   432.098765  -0.00001418243937457022
-3271.604938   555.555556  -0.00001707812148243289
-3271.604938   679.012346  -0.00002088767187342765
-3271.604938   802.469136  -0.00002541555664576257
-3271.604938   925.925926  -0.00003028224507940205
-3271.604938  1049.382716  -0.00003442197938256406
-3271.604938  1172.839506  -0.00003860314158940240
-3271.604938  1296.296296  -0.00004189300994724552
-3271.604938  1419.753086  -0.00004543201038365438
-3271.604938  1543.209877  -0.00004854090350642733
-3271.604938  1666.666667  -0.00005162734568956864
-3271.604938  1790.123457  -0.00005534440968258673
-3271.604938  1913.580247  -0.00006003065883425895
-3271.604938  2037.037037  -0.00006570194502505540
-3271.604938  2160.493827  -0.00007024085868839070
-3271.604938  2283.950617  -0.00007263745481280756
-3271.604938  2407.407407  -0.00006971131769953806
-3271.604938  2530.864198  -0.00007596844091973435
-3271.604938  2654.320988  -0.00008965678309679386
-3271.604938  2777.777778  -0.00008774870391599087
-3271.604938  2901.234568  -0.00008405169609282169
-3271.604938  3024.691358  -0.00008406283388952915
-3271.604938  3148.148148  -0.00008866514724487903
-3271.604938  3271.604938  -0.00009627989474753132
-3271.604938  3395.061728  -0.00010459009652759181
-3271.604938  3518.518519  -0.00011172056831211150
-3271.604938  3641.975309  -0.00011603954359892375
-3271.604938  3765.432099  -0.00011645643452445205
-3271.604938  3888.888889  -0.00011470381963749075
-3271.604938  4012.345679  -0.00011224394165893312
-3271.604938  4135.802469  -0.00011187828084665423
-3271.604938  4259.259259  -0.00011609921863795820
-3271.604938  4382.716049  -0.00012576139258671417
-3271.604938  4506.172840  -0.00013970060577750965
-3271.604938  4629.629630  -0.00015279235990673027
-3271.604938  4753.086420  -0.00015098089854358973
-3271.604938  4876.543210  -0.00011534903199615805

-3148.148148 -5000.000000  0.00000478588631749549
-3148.148148 -4876.543210  0.00011364165548491116
-3148.148148 -4753.086420  0.00014828090755528058
-3148.148148 -4629.629630  0.00015027923101526097
-3148.148148 -4506.172840  0.00013757188262642398
-3148.148148 -4382.716049  0.00012409617646483658
-3148.148148 -4259.259259  0.00011475793664012303
-3148.148148 -4135.802469  0.00011065355175864584
-3148.148148 -4012.345679  0.00011099985669425090
-3148.148148 -3888.888889  0.00011337600107594972
-3148.148148 -3765.432099  0.00011507236692373255
-3148.148148 -3641.975309  0.00011474662266978915
-3148.148148 -3518.518519  0.00011052658167313654
-3148.148148 -3395.061728  0.00010360569952018102
-3148.148148 -3271.604938  0.00009556996431493314
-3148.148148 -3148.148148  0.00008810784888211704
-3148.148148 -3024.691358  0.00008348349191357942
-3148.148148 -2901.234568  0.00008334092144623061
-3148.148148 -2777.777778  0.00008693926735851421
-3148.148148 -2654.320988  0.00008902480794643967
-3148.148148 -2530.864198  0.00007574551353481350
-3148.148148 -2407.407407  0.00006879237250610389
-3148.148148 -2283.950617  0.00007208526278566409
-3148.148148 -2160.493827  0.00006985481658169392
-3148.148148 -2037.037037  0.00006536708812047358
-3148.148148 -1913.580247  0.00005958377320136361
-3148.148148 -1790.123457  0.00005489516665210774
-3148.148148 -1666.666667  0.00005125624218128394
-3148.148148 -1543.209877  0.00004826457425152170
-3148.148148 -1419.753086  0.00004520015061462336
-3148.148148 -1296.296296  0.00004170316174239748
-3148.148148 -1172.839506  0.00003846470611645511
-3148.148148 -1049.382716  0.00003436165439228552
-3148.148148  -925.925926  0.00003018838152119611
-3148.148148  -802.469136  0.00002533080927718485
-3148.148148  -679.012346  0.00002078301892809809
-3148.148148  -555.555556  0.00001699148722947113
-3148.148148  -432.098765  0.00001413661341966648
-3148.148148  -308.641975  0.00001097025149817873
-3148.148148  -185.185185  0.00000682255298219239
-3148.148148   -61.728395  0.00000063426334323997
-3148.148148    61.728395  -0.00000063426335678811
-3148.148148   185.185185  -0.00000682255299678598
-3148.148148   308.641975  -0.00001097025151277855
-3148.148148   432.098765  -0.00001413661343387308
-3148.148148   555.555556  -0.00001699148724326222
-3148.148148   679.012346  -0.00002078301894166857
-3148.148148   802.469136  -0.00002533080929070817
-3148.148148   925.925926  -0.00003018838153483544
-3148.148148  1049.382716  -0.00003436165440604238
-3148.148148  1172.839506  -0.00003846470613047654
-3148.148148  1296.296296  -0.00004170316175638997
-3148.148148  1419.753086  -0.00004520015062873536
-3148.148148  1543.209877  -0.00004826457426547018
-3148.148148  1666.666667  -0.00005125624219505740
-3148.148148  1790.123457  -0.00005489516666574631
-3148.148148  1913.580247  -0.00005958377321494365
-3148.148148  2037.037037  -0.00006536708813407165
-3148.148148  2160.493827  -0.00006985481659537156
-3148.148148  2283.950617  -0.00007208526279936601
-3148.148148  2407.407407  -0.00006879237251940282
-3148.148148  2530.864198  -0.00007574551354774773
-3148.148148  2654.320988  -0.00008902480796049294
-3148.148148  2777.777778  -0.00008693926737219340
-3148.148148  2901.234568  -0.00008334092145922545
-3148.148148  3024.691358  -0.00008348349192616372
-3148.148148  3148.148148  -0.00008810784889472067
-3148.148148  3271.604938  -0.00009556996432787816
-3148.148148  3395.061728  -0.00010360569953358582
-3148.148148  3518.518519  -0.00011052658168689069
-3148.148148  3641.975309  -0.00011474662268362115
-3148.148148  3765.432099  -0.00011507236693731369
-3148.148148  3888.888889  -0.00011337600108903773
-3148.148148  4012.345679  -0.00011099985670674511
-3148.148148  4135.802469  -0.00011065355177072538
-3148.148148  4259.259259  -0.00011475793665219116
-3148.148148  4382.716049  -0.00012409617647740552
-3148.148148  4506.172840  -0.00013757188263991703
-3148.148148  4629.629630  -0.00015027923102961139
-3148.148148  4753.086420  -0.00014828090756925432
-3148.148148  4876.543210  -0.00011364165549535752

-3024.691358 -5000.000000  0.00000441916121052011
-3024.691358 -4876.543210  0.00011367366792256049
-3024.691358 -4753.086420  0.00015012118905766145
-3024.691358 -4629.629630  0.00015221203627800264
-3024.691358 -4506.172840  0.00013953971108913630
-3024.691358 -4382.716049  0.00012564892978504018
-3024.691358 -4259.259259  0.00011604353981158855
-3024.691358 -4135.802469  0.00011197801916178727
-3024.691358 -4012.345679  0.00011245575361941285
-3024.691358 -3888.888889  0.00011502488690312378
-3024.691358 -3765.432099  0.00011692392697698523
-3024.691358 -3641.975309  0.00011674586585715783
-3024.691358 -3518.518519  0.00011249025935393206
-3024.691358 -3395.061728  0.00010544692993526760
-3024.691358 -3271.604938  0.00009727016322344046
-3024.691358 -3148.148148  0.00008962755980730410
-3024.691358 -3024.691358  0.00008487352484796492
-3024.691358 -2901.234568  0.00008476317820004499
-3024.691358 -2777.777778  0.00008862058926686922
-3024.691358 -2654.320988  0.00009103692808009985
-3024.691358 -2530.864198  0.00007745758852909788
-3024.691358 -2407.407407  0.00006839541304006396
-3024.691358 -2283.950617  0.00007084769517559124
-3024.691358 -2160.493827  0.00006856158645680471
-3024.691358 -2037.037037  0.00006427302542164671
-3024.691358 -1913.580247  0.00005871305756515220
-3024.691358 -1790.123457  0.00005420930462538654
-3024.691358 -1666.666667  0.00005068524683214474
-3024.691358 -1543.209877  0.00004771977254666095
-3024.691358 -1419.753086  0.00004458752159028109
-3024.691358 -1296.296296  0.00004106653673783417
-3024.691358 -1172.839506  0.00003782548761002866
-3024.691358 -1049.382716  0.00003378208787524076
-3024.691358  -925.925926  0.00002971164813017954
-3024.691358  -802.469136  0.00002498786690828612
-3024.691358  -679.012346  0.00002056464801443639
-3024.691358  -555.555556  0.00001684125296639294
-3024.691358  -432.098765  0.00001396046181941634
-3024.691358  -308.641975  0.00001074824599317020
-3024.691358  -185.185185  0.00000657436456659399
-3024.691358   -61.728395  0.00000064591360361911
-3024.691358    61.728395  -0.00000064591361664388
-3024.691358   185.185185  -0.00000657436458058970
-3024.691358   308.641975  -0.00001074824600717086
-3024.691358   432.098765  -0.00001396046183304441
-3024.691358   555.555556  -0.00001684125297963233
-3024.691358   679.012346  -0.00002056464802746761
-3024.691358   802.469136  -0.00002498786692126673
-3024.691358   925.925926  -0.00002971164814326687
-3024.691358  1049.382716  -0.00003378208788843136
-3024.691358  1172.839506  -0.00003782548762346804
-3024.691358  1296.296296  -0.00004106653675123641
-3024.691358  1419.753086  -0.00004458752160379147
-3024.691358  1543.209877  -0.00004771977256001664
-3024.691358  1666.666667  -0.00005068524684533055
-3024.691358  1790.123457  -0.00005420930463844170
-3024.691358  1913.580247  -0.00005871305757815224
-3024.691358  2037.037037  -0.00006427302543465869
-3024.691358  2160.493827  -0.00006856158646988849
-3024.691358  2283.950617  -0.00007084769518868656
-3024.691358  2407.407407  -0.00006839541305278319
-3024.691358  2530.864198  -0.00007745758854147729
-3024.691358  2654.320988  -0.00009103692809361695
-3024.691358  2777.777778  -0.00008862058928001906
-3024.691358  2901.234568  -0.00008476317821251281
-3024.691358  3024.691358  -0.00008487352486002245
-3024.691358  3148.148148  -0.00008962755981937472
-3024.691358  3271.604938  -0.00009727016323584292
-3024.691358  3395.061728  -0.00010544692994812090
-3024.691358  3518.518519  -0.00011249025936712973
-3024.691358  3641.975309  -0.00011674586587043433
-3024.691358  3765.432099  -0.00011692392699001122
-3024.691358  3888.888889  -0.00011502488691566380
-3024.691358  4012.345679  -0.00011245575363136414
-3024.691358  4135.802469  -0.00011197801917332400
-3024.691358  4259.259259  -0.00011604353982310191
-3024.691358  4382.716049  -0.00012564892979705493
-3024.691358  4506.172840  -0.00013953971110206774
-3024.691358  4629.629630  -0.00015221203629174146
-3024.691358  4753.086420  -0.00015012118907104573
-3024.691358  4876.543210  -0.00011367366793241076

-2901.234568 -5000.000000  0.00000383543587032320
-2901.234568 -4876.543210  0.00011754266740849953
-2901.234568 -4753.086420  0.00015753291819859070
-2901.234568 -4629.629630  0.00015959653040792718
-2901.234568 -4506.172840  0.00014647359979976548
-2901.234568 -4382.716049  0.00013154822041400968
-2901.234568 -4259.259259  0.00012126038053899295
-2901.234568 -4135.802469  0.00011710488167912863
-2901.234568 -4012.345679  0.00011778986730848850
-2901.234568 -3888.888889  0.00012073145166535138
-2901.234568 -3765.432099  0.00012293717799012017
-2901.234568 -3641.975309  0.00012281984668950437
-2901.234568 -3518.518519  0.00011836883230649746
-2901.234568 -3395.061728  0.00011087953129647512
-2901.234568 -3271.604938  0.00010214587687529027
-2901.234568 -3148.148148  0.00009406245585767512
-2901.234568 -3024.691358  0.00008915880272306665
-2901.234568 -2901.234568  0.00008923674993596197
-2901.234568 -2777.777778  0.00009350611063469080
-2901.234568 -2654.320988  0.00009602337090911283
-2901.234568 -2530.864198  0.00008139416553019932
-2901.234568 -2407.407407  0.00007089824823328192
-2901.234568 -2283.950617  0.00007193041896569460
-2901.234568 -2160.493827  0.00006934060714490904
-2901.234568 -2037.037037  0.00006512906137723643
-2901.234568 -1913.580247  0.00005987049157403948
-2901.234568 -1790.123457  0.00005548604141257965
-2901.234568 -1666.666667  0.00005192524944355114
-2901.234568 -1543.209877  0.00004880343400550151
-2901.234568 -1419.753086  0.00004548212590675800
-2901.234568 -1296.296296  0.00004177819730335506
-2901.234568 -1172.839506  0.00003834265412416613
-2901.234568 -1049.382716  0.00003423111219699770
-2901.234568  -925.925926  0.00003017401445543562
-2901.234568  -802.469136  0.00002548842847549772
-2901.234568  -679.012346  0.00002108697094889004
-2901.234568  -555.555556  0.00001732349223394117
-2901.234568  -432.098765  0.00001426453562605861
-2901.234568  -308.641975  0.00001082901494537349
-2901.234568  -185.185185  0.00000641161719983224
-2901.234568   -61.728395  0.00000073727080530210
-2901.234568    61.728395  -0.00000073727081860061
-2901.234568   185.185185  -0.00000641161721405529
-2901.234568   308.641975  -0.00001082901495960520
-2901.234568   432.098765  -0.00001426453563993305
-2901.234568   555.555556  -0.00001732349224743522
-2901.234568   679.012346  -0.00002108697096217783
-2901.234568   802.469136  -0.00002548842848873066
-2901.234568   925.925926  -0.00003017401446876409
-2901.234568  1049.382716  -0.00003423111221041302
-2901.234568  1172.839506  -0.00003834265413782202
-2901.234568  1296.296296  -0.00004177819731697697
-2901.234568  1419.753086  -0.00004548212592048175
-2901.234568  1543.209877  -0.00004880343401907744
-2901.234568  1666.666667  -0.00005192524945696202
-2901.234568  1790.123457  -0.00005548604142585957
-2901.234568  1913.580247  -0.00005987049158726145
-2901.234568  2037.037037  -0.00006512906139043984
-2901.234568  2160.493827  -0.00006934060715818579
-2901.234568  2283.950617  -0.00007193041897897041
-2901.234568  2407.407407  -0.00007089824824626873
-2901.234568  2530.864198  -0.00008139416554271593
-2901.234568  2654.320988  -0.00009602337092289632
-2901.234568  2777.777778  -0.00009350611064812769
-2901.234568  2901.234568  -0.00008923674994868365
-2901.234568  3024.691358  -0.00008915880273534940
-2901.234568  3148.148148  -0.00009406245586995414
-2901.234568  3271.604938  -0.00010214587688790260
-2901.234568  3395.061728  -0.00011087953130955629
-2901.234568  3518.518519  -0.00011836883231994183
-2901.234568  3641.975309  -0.00012281984670303538
-2901.234568  3765.432099  -0.00012293717800339777
-2901.234568  3888.888889  -0.00012073145167812305
-2901.234568  4012.345679  -0.00011778986732064509
-2901.234568  4135.802469  -0.00011710488169084727
-2901.234568  4259.259259  -0.00012126038055067588
-2901.234568  4382.716049  -0.00013154822042621138
-2901.234568  4506.172840  -0.00014647359981292501
-2901.234568  4629.629630  -0.00015959653042190155
-2901.234568  4753.086420  -0.00015753291821222489
-2901.234568  4876.543210  -0.00011754266741842316

-2777.777778 -5000.000000  0.00000403595359150566
-2777.777778 -4876.543210  0.00012446080369970253
-2777.777778 -4753.086420  0.00016717828561419021
-2777.777778 -4629.629630  0.00016923128860352527
-2777.777778 -4506.172840  0.00015530480102097900
-2777.777778 -4382.716049  0.00013944207754199443
-2777.777778 -4259.259259  0.00012861120854708254
-2777.777778 -4135.802469  0.00012437769388495498
-2777.777778 -4012.345679  0.00012526244501382747
-2777.777778 -3888.888889  0.00012846965983921713
-2777.777778 -3765.432099  0.00013087130211117892
-2777.777778 -3641.975309  0.00013056549173993474
-2777.777778 -3518.518519  0.00012581597952128297
-2777.777778 -3395.061728  0.00011777820421322304
-2777.777778 -3271.604938  0.00010839446870552503
-2777.777778 -3148.148148  0.00009994730542766817
-2777.777778 -3024.691358  0.00009507660679416827
-2777.777778 -2901.234568  0.00009542179716340505
-2777.777778 -2777.777778  0.00009994024842566518
-2777.777778 -2654.320988  0.00010186909812654477
-2777.777778 -2530.864198  0.00008545824612555400
-2777.777778 -2407.407407  0.00007858136561701079
-2777.777778 -2283.950617  0.00007926368456585816
-2777.777778 -2160.493827  0.00007646917864671242
-2777.777778 -2037.037037  0.00007170919732771576
-2777.777778 -1913.580247  0.00006628249727524382
-2777.777778 -1790.123457  0.00006144692342605758
-2777.777778 -1666.666667  0.00005745907493094958
-2777.777778 -1543.209877  0.00005396554513935891
-2777.777778 -1419.753086  0.00005035739915431079
-2777.777778 -1296.296296  0.00004629606960031154
-2777.777778 -1172.839506  0.00004252521612326181
-2777.777778 -1049.382716  0.00003797652808785129
-2777.777778  -925.925926  0.00003352522835249489
-2777.777778  -802.469136  0.00002839677383117990
-2777.777778  -679.012346  0.00002355913236578977
-2777.777778  -555.555556  0.00001935440929695904
-2777.777778  -432.098765  0.00001588876622069430
-2777.777778  -308.641975  0.00001204571876851874
-2777.777778  -185.185185  0.00000719676424424281
-2777.777778   -61.728395  0.00000095606329209622
-2777.777778    61.728395  -0.00000095606330638609
-2777.777778   185.185185  -0.00000719676425948610
-2777.777778   308.641975  -0.00001204571878378269
-2777.777778   432.098765  -0.00001588876623559038
-2777.777778   555.555556  -0.00001935440931145549
-2777.777778   679.012346  -0.00002355913238006174
-2777.777778   802.469136  -0.00002839677384538203
-2777.777778   925.925926  -0.00003352522836678446
-2777.777778  1049.382716  -0.00003797652810221826
-2777.777778  1172.839506  -0.00004252521613787936
-2777.777778  1296.296296  -0.00004629606961489649
-2777.777778  1419.753086  -0.00005035739916900433
-2777.777778  1543.209877  -0.00005396554515390186
-2777.777778  1666.666667  -0.00005745907494532243
-2777.777778  1790.123457  -0.00006144692344028936
-2777.777778  1913.580247  -0.00006628249728940707
-2777.777778  2037.037037  -0.00007170919734180605
-2777.777778  2160.493827  -0.00007646917866088649
-2777.777778  2283.950617  -0.00007926368458002687
-2777.777778  2407.407407  -0.00007858136563101486
-2777.777778  2530.864198  -0.00008545824613876380
-2777.777778  2654.320988  -0.00010186909814118274
-2777.777778  2777.777778  -0.00009994024843998258
-2777.777778  2901.234568  -0.00009542179717695709
-2777.777778  3024.691358  -0.00009507660680724523
-2777.777778  3148.148148  -0.00009994730544071861
-2777.777778  3271.604938  -0.00010839446871891494
-2777.777778  3395.061728  -0.00011777820422710906
-2777.777778  3518.518519  -0.00012581597953555755
-2777.777778  3641.975309  -0.00013056549175430884
-2777.777778  3765.432099  -0.00013087130212529198
-2777.777778  3888.888889  -0.00012846965985279486
-2777.777778  4012.345679  -0.00012526244502674788
-2777.777778  4135.802469  -0.00012437769389740523
-2777.777778  4259.259259  -0.00012861120855948906
-2777.777778  4382.716049  -0.00013944207755494506
-2777.777778  4506.172840  -0.00015530480103494304
-2777.777778  4629.629630  -0.00016923128861835534
-2777.777778  4753.086420  -0.00016717828562867623
-2777.777778  4876.543210  -0.00012446080371025239

-2654.320988 -5000.000000  0.00000634778794437471
-2654.320988 -4876.543210  0.00013148744722854007
-2654.320988 -4753.086420  0.00017182152723314360
-2654.320988 -4629.629630  0.00017408389481891412
-2654.320988 -4506.172840  0.00015968881614023710
-2654.320988 -4382.716049  0.00014440860183623455
-2654.320988 -4259.259259  0.00013405063469456996
-2654.320988 -4135.802469  0.00012977337051040032
-2654.320988 -4012.345679  0.00013054121596957585
-2654.320988 -3888.888889  0.00013348551190573265
-2654.320988 -3765.432099  0.00013557928325519362
-2654.320988 -3641.975309  0.00013484984990618648
-2654.320988 -3518.518519  0.00013001242522281867
-2654.320988 -3395.061728  0.00012192648610711441
-2654.320988 -3271.604938  0.00011246670661853580
-2654.320988 -3148.148148  0.00010415813559922509
-2654.320988 -3024.691358  0.00009951452540678776
-2654.320988 -2901.234568  0.00009985646127539660
-2654.320988 -2777.777778  0.00010385817837720514
-2654.320988 -2654.320988  0.00010469660800527405
-2654.320988 -2530.864198  0.00008795133550208081
-2654.320988 -2407.407407  0.00008675921671344686
-2654.320988 -2283.950617  0.00008850606297417261
-2654.320988 -2160.493827  0.00008549294737983029
-2654.320988 -2037.037037  0.00008002379607675012
-2654.320988 -1913.580247  0.00007406177845310476
-2654.320988 -1790.123457  0.00006858571088210890
-2654.320988 -1666.666667  0.00006403036502419203
-2654.320988 -1543.209877  0.00006014210921284131
-2654.320988 -1419.753086  0.00005637190305396270
-2654.320988 -1296.296296  0.00005197088284078974
-2654.320988 -1172.839506  0.00004789007112920576
-2654.320988 -1049.382716  0.00004281431932607371
-2654.320988  -925.925926  0.00003780691136097026
-2654.320988  -802.469136  0.00003201682928660237
-2654.320988  -679.012346  0.00002655335669886902
-2654.320988  -555.555556  0.00002177662044513706
-2654.320988  -432.098765  0.00001790121260492727
-2654.320988  -308.641975  0.00001367400777031727
-2654.320988  -185.185185  0.00000840073086368240
-2654.320988   -61.728395  0.00000117886035616206
-2654.320988    61.728395  -0.00000117886037102746
-2654.320988   185.185185  -0.00000840073087951935
-2654.320988   308.641975  -0.00001367400778617854
-2654.320988   432.098765  -0.00001790121262041807
-2654.320988   555.555556  -0.00002177662046022421
-2654.320988   679.012346  -0.00002655335671372339
-2654.320988   802.469136  -0.00003201682930137176
-2654.320988   925.925926  -0.00003780691137581855
-2654.320988  1049.382716  -0.00004281431934099224
-2654.320988  1172.839506  -0.00004789007114437361
-2654.320988  1296.296296  -0.00005197088285591115
-2654.320988  1419.753086  -0.00005637190306920337
-2654.320988  1543.209877  -0.00006014210922792032
-2654.320988  1666.666667  -0.00006403036503909741
-2654.320988  1790.123457  -0.00006858571089686950
-2654.320988  1913.580247  -0.00007406177846778314
-2654.320988  2037.037037  -0.00008002379609132639
-2654.320988  2160.493827  -0.00008549294739448030
-2654.320988  2283.950617  -0.00008850606298883285
-2654.320988  2407.407407  -0.00008675921672798399
-2654.320988  2530.864198  -0.00008795133551567072
-2654.320988  2654.320988  -0.00010469660802017025
-2654.320988  2777.777778  -0.00010385817839181386
-2654.320988  2901.234568  -0.00009985646128929662
-2654.320988  3024.691358  -0.00009951452542024061
-2654.320988  3148.148148  -0.00010415813561264229
-2654.320988  3271.604938  -0.00011246670663225850
-2654.320988  3395.061728  -0.00012192648612129209
-2654.320988  3518.518519  -0.00013001242523734801
-2654.320988  3641.975309  -0.00013484984992080107
-2654.320988  3765.432099  -0.00013557928326956052
-2654.320988  3888.888889  -0.00013348551191960629
-2654.320988  4012.345679  -0.00013054121598282683
-2654.320988  4135.802469  -0.00012977337052321112
-2654.320988  4259.259259  -0.00013405063470734767
-2654.320988  4382.716049  -0.00014440860184948207
-2654.320988  4506.172840  -0.00015968881615437998
-2654.320988  4629.629630  -0.00017408389483393233
-2654.320988  4753.086420  -0.00017182152724777962
-2654.320988  4876.543210  -0.00013148744723963181

-2530.864198 -5000.000000  0.00000965999816889720
-2530.864198 -4876.543210  0.00012832888354793884
-2530.864198 -4753.086420  0.00016171784913386413
-2530.864198 -4629.629630  0.00016513301702338032
-2530.864198 -4506.172840  0.00015157908663898735
-2530.864198 -4382.716049  0.00013846572981107182
-2530.864198 -4259.259259  0.00012958465956209079
-2530.864198 -4135.802469  0.00012550146486397417
-2530.864198 -4012.345679  0.00012581281766546384
-2530.864198 -3888.888889  0.00012782724218474712
-2530.864198 -3765.432099  0.00012947467063983796
-2530.864198 -3641.975309  0.00012873737020501847
-2530.864198 -3518.518519  0.00012442440741979228
-2530.864198 -3395.061728  0.00011730750383782012
-2530.864198 -3271.604938  0.00010897909194880320
-2530.864198 -3148.148148  0.00010124949983603109
-2530.864198 -3024.691358  0.00009643462304190231
-2530.864198 -2901.234568  0.00009605761253620575
-2530.864198 -2777.777778  0.00009909931116607876
-2530.864198 -2654.320988  0.00010058781185611064
-2530.864198 -2530.864198  0.00008759502009144038
-2530.864198 -2407.407407  0.00007934035672968026
-2530.864198 -2283.950617  0.00008113634371351757
-2530.864198 -2160.493827  0.00007772733986657153
-2530.864198 -2037.037037  0.00007323174860922668
-2530.864198 -1913.580247  0.00006759924025226432
-2530.864198 -1790.123457  0.00006293158996119501
-2530.864198 -1666.666667  0.00005881515724940947
-2530.864198 -1543.209877  0.00005517103348408165
-2530.864198 -1419.753086  0.00005169153436042867
-2530.864198 -1296.296296  0.00004763787990454081
-2530.864198 -1172.839506  0.00004379558207756040
-2530.864198 -1049.382716  0.00003913457767641782
-2530.864198  -925.925926  0.00003459370001725298
-2530.864198  -802.469136  0.00002939603469230389
-2530.864198  -679.012346  0.00002445582093844908
-2530.864198  -555.555556  0.00002003642999816870
-2530.864198  -432.098765  0.00001637087537749224
-2530.864198  -308.641975  0.00001239942796533571
-2530.864198  -185.185185  0.00000760652947816577
-2530.864198   -61.728395  0.00000104425325437549
-2530.864198    61.728395  -0.00000104425326682814
-2530.864198   185.185185  -0.00000760652949132316
-2530.864198   308.641975  -0.00001239942797852567
-2530.864198   432.098765  -0.00001637087539040559
-2530.864198   555.555556  -0.00002003643001079890
-2530.864198   679.012346  -0.00002445582095091887
-2530.864198   802.469136  -0.00002939603470471792
-2530.864198   925.925926  -0.00003459370002972928
-2530.864198  1049.382716  -0.00003913457768892763
-2530.864198  1172.839506  -0.00004379558209025246
-2530.864198  1296.296296  -0.00004763787991717310
-2530.864198  1419.753086  -0.00005169153437312210
-2530.864198  1543.209877  -0.00005517103349661645
-2530.864198  1666.666667  -0.00005881515726181051
-2530.864198  1790.123457  -0.00006293158997348819
-2530.864198  1913.580247  -0.00006759924026446959
-2530.864198  2037.037037  -0.00007323174862141076
-2530.864198  2160.493827  -0.00007772733987876032
-2530.864198  2283.950617  -0.00008113634372576185
-2530.864198  2407.407407  -0.00007934035674157904
-2530.864198  2530.864198  -0.00008759502010310789
-2530.864198  2654.320988  -0.00010058781186841503
-2530.864198  2777.777778  -0.00009909931117813294
-2530.864198  2901.234568  -0.00009605761254781258
-2530.864198  3024.691358  -0.00009643462305320928
-2530.864198  3148.148148  -0.00010124949984732432
-2530.864198  3271.604938  -0.00010897909196030184
-2530.864198  3395.061728  -0.00011730750384960594
-2530.864198  3518.518519  -0.00012442440743177900
-2530.864198  3641.975309  -0.00012873737021702300
-2530.864198  3765.432099  -0.00012947467065166455
-2530.864198  3888.888889  -0.00012782724219623367
-2530.864198  4012.345679  -0.00012581281767654141
-2530.864198  4135.802469  -0.00012550146487474959
-2530.864198  4259.259259  -0.00012958465957284857
-2530.864198  4382.716049  -0.00013846572982206511
-2530.864198  4506.172840  -0.00015157908665048938
-2530.864198  4629.629630  -0.00016513301703558063
-2530.864198  4753.086420  -0.00016171784914562100
-2530.864198  4876.543210  -0.00012832888355757756

-2407.407407 -5000.000000  0.00000471901051810077
-2407.407407 -4876.543210  0.00012062952218707163
-2407.407407 -4753.086420  0.00016556160333863491
-2407.407407 -4629.629630  0.00017017859311649447
-2407.407407 -4506.172840  0.00015634530218250619
-2407.407407 -4382.716049  0.00013982088113988293
-2407.407407 -4259.259259  0.00012887094316831616
-2407.407407 -4135.802469  0.00012524346620283367
-2407.407407 -4012.345679  0.00012632451240032663
-2407.407407 -3888.888889  0.00012913814765872636
-2407.407407 -3765.432099  0.00013215880442096664
-2407.407407 -3641.975309  0.00013340425856950175
-2407.407407 -3518.518519  0.00012813991954140495
-2407.407407 -3395.061728  0.00012018103733836494
-2407.407407 -3271.604938  0.00011198066918497003
-2407.407407 -3148.148148  0.00010332703028154406
-2407.407407 -3024.691358  0.00009681449673041400
-2407.407407 -2901.234568  0.00009556614096099772
-2407.407407 -2777.777778  0.00010174817219638188
-2407.407407 -2654.320988  0.00010769688431210579
-2407.407407 -2530.864198  0.00008863481146632254
-2407.407407 -2407.407407  0.00007714658698242574
-2407.407407 -2283.950617  0.00007831629186270734
-2407.407407 -2160.493827  0.00007908155885463937
-2407.407407 -2037.037037  0.00007375967125884444
-2407.407407 -1913.580247  0.00006721303863781366
-2407.407407 -1790.123457  0.00006127006704281642
-2407.407407 -1666.666667  0.00005786805859521966
-2407.407407 -1543.209877  0.00005522214332030917
-2407.407407 -1419.753086  0.00005087848555109433
-2407.407407 -1296.296296  0.00004711854684705996
-2407.407407 -1172.839506  0.00004410865574137912
-2407.407407 -1049.382716  0.00003950417007343971
-2407.407407  -925.925926  0.00003456117862788141
-2407.407407  -802.469136  0.00002967903330963510
-2407.407407  -679.012346  0.00002454499530678664
-2407.407407  -555.555556  0.00001952925952855418
-2407.407407  -432.098765  0.00001551670900622091
-2407.407407  -308.641975  0.00001186032861472925
-2407.407407  -185.185185  0.00000892120759122551
-2407.407407   -61.728395  0.00000100946648964458
-2407.407407    61.728395  -0.00000100946650187033
-2407.407407   185.185185  -0.00000892120760425598
-2407.407407   308.641975  -0.00001186032862770345
-2407.407407   432.098765  -0.00001551670901883263
-2407.407407   555.555556  -0.00001952925954078629
-2407.407407   679.012346  -0.00002454499531880515
-2407.407407   802.469136  -0.00002967903332158006
-2407.407407   925.925926  -0.00003456117863987756
-2407.407407  1049.382716  -0.00003950417008549418
-2407.407407  1172.839506  -0.00004410865575360329
-2407.407407  1296.296296  -0.00004711854685921844
-2407.407407  1419.753086  -0.00005087848556330402
-2407.407407  1543.209877  -0.00005522214333239028
-2407.407407  1666.666667  -0.00005786805860710482
-2407.407407  1790.123457  -0.00006127006705454506
-2407.407407  1913.580247  -0.00006721303864951268
-2407.407407  2037.037037  -0.00007375967127052966
-2407.407407  2160.493827  -0.00007908155886640703
-2407.407407  2283.950617  -0.00007831629187433380
-2407.407407  2407.407407  -0.00007714658699381393
-2407.407407  2530.864198  -0.00008863481147728011
-2407.407407  2654.320988  -0.00010769688432437388
-2407.407407  2777.777778  -0.00010174817220820145
-2407.407407  2901.234568  -0.00009556614097207258
-2407.407407  3024.691358  -0.00009681449674111264
-2407.407407  3148.148148  -0.00010332703029227255
-2407.407407  3271.604938  -0.00011198066919600973
-2407.407407  3395.061728  -0.00012018103734980524
-2407.407407  3518.518519  -0.00012813991955318616
-2407.407407  3641.975309  -0.00013340425858136544
-2407.407407  3765.432099  -0.00013215880443254207
-2407.407407  3888.888889  -0.00012913814766978975
-2407.407407  4012.345679  -0.00012632451241079319
-2407.407407  4135.802469  -0.00012524346621287913
-2407.407407  4259.259259  -0.00012887094317829843
-2407.407407  4382.716049  -0.00013982088115039321
-2407.407407  4506.172840  -0.00015634530219397970
-2407.407407  4629.629630  -0.00017017859312863786
-2407.407407  4753.086420  -0.00016556160335045773
-2407.407407  4876.543210  -0.00012062952219513030

-2283.950617 -5000.000000  0.00000778180018298279
-2283.950617 -4876.543210  0.00013060864548841973
-2283.950617 -4753.086420  0.00017017818230812554
-2283.950617 -4629.629630  0.00017458219535695555
-2283.950617 -4506.172840  0.00016087304068456053
-2283.950617 -4382.716049  0.00014613217198254579
-2283.950617 -4259.259259  0.00013601985334197748
-2283.950617 -4135.802469  0.00013174764296917935
-2283.950617 -4012.345679  0.00013213559881455235
-2283.950617 -3888.888889  0.00013467548156977200
-2283.950617 -3765.432099  0.00013654015453851799
-2283.950617 -3641.975309  0.00013783559885069643
-2283.950617 -3518.518519  0.00013234224597676397
-2283.950617 -3395.061728  0.00012472455306631060
-2283.950617 -3271.604938  0.00011714730841239523
-2283.950617 -3148.148148  0.00010875083294881620
-2283.950617 -3024.691358  0.00010173688282936972
-2283.950617 -2901.234568  0.00009951522854682182
-2283.950617 -2777.777778  0.00010513774069974155
-2283.950617 -2654.320988  0.00011143780337769625
-2283.950617 -2530.864198  0.00009304331516477147
-2283.950617 -2407.407407  0.00008139903201903658
-2283.950617 -2283.950617  0.00008276290524726447
-2283.950617 -2160.493827  0.00008420135407504498
-2283.950617 -2037.037037  0.00007845934340574872
-2283.950617 -1913.580247  0.00007130883038302000
-2283.950617 -1790.123457  0.00006484000974678432
-2283.950617 -1666.666667  0.00006139326653376320
-2283.950617 -1543.209877  0.00005880646989597504
-2283.950617 -1419.753086  0.00005411178871354579
-2283.950617 -1296.296296  0.00005016466086565089
-2283.950617 -1172.839506  0.00004700996303792983
-2283.950617 -1049.382716  0.00004218374160082473
-2283.950617  -925.925926  0.00003692524072396311
-2283.950617  -802.469136  0.00003163003683396819
-2283.950617  -679.012346  0.00002609295488664869
-2283.950617  -555.555556  0.00002077020368117971
-2283.950617  -432.098765  0.00001653633670073800
-2283.950617  -308.641975  0.00001264379613990257
-2283.950617  -185.185185  0.00000936244143246949
-2283.950617   -61.728395  0.00000106107341508903
-2283.950617    61.728395  -0.00000106107342772126
-2283.950617   185.185185  -0.00000936244144580821
-2283.950617   308.641975  -0.00001264379615317387
-2283.950617   432.098765  -0.00001653633671363802
-2283.950617   555.555556  -0.00002077020369371056
-2283.950617   679.012346  -0.00002609295489896616
-2283.950617   802.469136  -0.00003163003684620651
-2283.950617   925.925926  -0.00003692524073624520
-2283.950617  1049.382716  -0.00004218374161314568
-2283.950617  1172.839506  -0.00004700996305039773
-2283.950617  1296.296296  -0.00005016466087801855
-2283.950617  1419.753086  -0.00005411178872595625
-2283.950617  1543.209877  -0.00005880646990826919
-2283.950617  1666.666667  -0.00006139326654584120
-2283.950617  1790.123457  -0.00006484000975869404
-2283.950617  1913.580247  -0.00007130883039492433
-2283.950617  2037.037037  -0.00007845934341768423
-2283.950617  2160.493827  -0.00008420135408705792
-2283.950617  2283.950617  -0.00008276290525906180
-2283.950617  2407.407407  -0.00008139903203054985
-2283.950617  2530.864198  -0.00009304331517604079
-2283.950617  2654.320988  -0.00011143780338997618
-2283.950617  2777.777778  -0.00010513774071155151
-2283.950617  2901.234568  -0.00009951522855801912
-2283.950617  3024.691358  -0.00010173688284032030
-2283.950617  3148.148148  -0.00010875083295983006
-2283.950617  3271.604938  -0.00011714730842364195
-2283.950617  3395.061728  -0.00012472455307781902
-2283.950617  3518.518519  -0.00013234224598851374
-2283.950617  3641.975309  -0.00013783559886251673
-2283.950617  3765.432099  -0.00013654015455006002
-2283.950617  3888.888889  -0.00013467548158094332
-2283.950617  4012.345679  -0.00013213559882523459
-2283.950617  4135.802469  -0.00013174764297954042
-2283.950617  4259.259259  -0.00013601985335231771
-2283.950617  4382.716049  -0.00014613217199322542
-2283.950617  4506.172840  -0.00016087304069588060
-2283.950617  4629.629630  -0.00017458219536891221
-2283.950617  4753.086420  -0.00017017818231969582
-2283.950617  4876.543210  -0.00013060864549730656

-2160.493827 -5000.000000  0.00000908588843006950
-2160.493827 -4876.543210  0.00013330101053603627
-2160.493827 -4753.086420  0.00017132322099299707
-2160.493827 -4629.629630  0.00017591566626904277
-2160.493827 -4506.172840  0.00016212678239042969
-2160.493827 -4382.716049  0.00014786126158053265
-2160.493827 -4259.259259  0.00013814098003714714
-2160.493827 -4135.802469  0.00013395035762540482
-2160.493827 -4012.345679  0.00013430160227331634
-2160.493827 -3888.888889  0.00013669620819115101
-2160.493827 -3765.432099  0.00013834316194095923
-2160.493827 -3641.975309  0.00013951791269301871
-2160.493827 -3518.518519  0.00013389539685533658
-2160.493827 -3395.061728  0.00012630677120079281
-2160.493827 -3271.604938  0.00011892977111112366
-2160.493827 -3148.148148  0.00011073563663663018
-2160.493827 -3024.691358  0.00010378209656346266
-2160.493827 -2901.234568  0.00010141089940175662
-2160.493827 -2777.777778  0.00010692150233021916
-2160.493827 -2654.320988  0.00011284743519784277
-2160.493827 -2530.864198  0.00009344732265139925
-2160.493827 -2407.407407  0.00008732735132571621
-2160.493827 -2283.950617  0.00009024285650406955
-2160.493827 -2160.493827  0.00009222348677467817
-2160.493827 -2037.037037  0.00008569571352095678
-2160.493827 -1913.580247  0.00007784392673647206
-2160.493827 -1790.123457  0.00007061167237725818
-2160.493827 -1666.666667  0.00006681778551744474
-2160.493827 -1543.209877  0.00006411621884658230
-2160.493827 -1419.753086  0.00005927334911996694
-2160.493827 -1296.296296  0.00005524432977925641
-2160.493827 -1172.839506  0.00005198114103921474
-2160.493827 -1049.382716  0.00004676487695267552
-2160.493827  -925.925926  0.00004100253320371493
-2160.493827  -802.469136  0.00003514925959802491
-2160.493827  -679.012346  0.00002902383991681461
-2160.493827  -555.555556  0.00002319195444297367
-2160.493827  -432.098765  0.00001868605440550972
-2160.493827  -308.641975  0.00001455452447029176
-2160.493827  -185.185185  0.00001101402378871919
-2160.493827   -61.728395  0.00000129032323155683
-2160.493827    61.728395  -0.00000129032324401326
-2160.493827   185.185185  -0.00001101402380196398
-2160.493827   308.641975  -0.00001455452448350193
-2160.493827   432.098765  -0.00001868605441837525
-2160.493827   555.555556  -0.00002319195445547585
-2160.493827   679.012346  -0.00002902383992910878
-2160.493827   802.469136  -0.00003514925961024140
-2160.493827   925.925926  -0.00004100253321596703
-2160.493827  1049.382716  -0.00004676487696495903
-2160.493827  1172.839506  -0.00005198114105163494
-2160.493827  1296.296296  -0.00005524432979157347
-2160.493827  1419.753086  -0.00005927334913230278
-2160.493827  1543.209877  -0.00006411621885879211
-2160.493827  1666.666667  -0.00006681778552943019
-2160.493827  1790.123457  -0.00007061167238906362
-2160.493827  1913.580247  -0.00007784392674826353
-2160.493827  2037.037037  -0.00008569571353276225
-2160.493827  2160.493827  -0.00009222348678656088
-2160.493827  2283.950617  -0.00009024285651573062
-2160.493827  2407.407407  -0.00008732735133710118
-2160.493827  2530.864198  -0.00009344732266239942
-2160.493827  2654.320988  -0.00011284743520980165
-2160.493827  2777.777778  -0.00010692150234171796
-2160.493827  2901.234568  -0.00010141089941266337
-2160.493827  3024.691358  -0.00010378209657413668
-2160.493827  3148.148148  -0.00011073563664736639
-2160.493827  3271.604938  -0.00011892977112207716
-2160.493827  3395.061728  -0.00012630677121198717
-2160.493827  3518.518519  -0.00013389539686675840
-2160.493827  3641.975309  -0.00013951791270450664
-2160.493827  3765.432099  -0.00013834316195217463
-2160.493827  3888.888889  -0.00013669620820200867
-2160.493827  4012.345679  -0.00013430160228370948
-2160.493827  4135.802469  -0.00013395035763548785
-2160.493827  4259.259259  -0.00013814098004720531
-2160.493827  4382.716049  -0.00014786126159090901
-2160.493827  4506.172840  -0.00016212678240141312
-2160.493827  4629.629630  -0.00017591566628064411
-2160.493827  4753.086420  -0.00017132322100420270
-2160.493827  4876.543210  -0.00013330101054468931

-2037.037037 -5000.000000  0.00000947967859027465
-2037.037037 -4876.543210  0.00013510333400081396
-2037.037037 -4753.086420  0.00017329894985743745
-2037.037037 -4629.629630  0.00017794898795168954
-2037.037037 -4506.172840  0.00016425409072682562
-2037.037037 -4382.716049  0.00015011508706820023
-2037.037037 -4259.259259  0.00014044951775386309
-2037.037037 -4135.802469  0.00013622067837389909
-2037.037037 -4012.345679  0.00013658194458162189
-2037.037037 -3888.888889  0.00013906297096017746
-2037.037037 -3765.432099  0.00014074815900057719
-2037.037037 -3641.975309  0.00014204673907690011
-2037.037037 -3518.518519  0.00013646179396843242
-2037.037037 -3395.061728  0.00012886614544934495
-2037.037037 -3271.604938  0.00012138846694309482
-2037.037037 -3148.148148  0.00011313276617640402
-2037.037037 -3024.691358  0.00010616518809605369
-2037.037037 -2901.234568  0.00010381744296028112
-2037.037037 -2777.777778  0.00010923552814222950
-2037.037037 -2654.320988  0.00011510864825398287
-2037.037037 -2530.864198  0.00009608553861563771
-2037.037037 -2407.407407  0.00008842548601565244
-2037.037037 -2283.950617  0.00009088470028554706
-2037.037037 -2160.493827  0.00009254151088344213
-2037.037037 -2037.037037  0.00008620332520104003
-2037.037037 -1913.580247  0.00007851451726290184
-2037.037037 -1790.123457  0.00007147467036495537
-2037.037037 -1666.666667  0.00006770017203213865
-2037.037037 -1543.209877  0.00006494481880717657
-2037.037037 -1419.753086  0.00006010158862432855
-2037.037037 -1296.296296  0.00005602120642879012
-2037.037037 -1172.839506  0.00005270102995183271
-2037.037037 -1049.382716  0.00004749567738765990
-2037.037037  -925.925926  0.00004179567982834611
-2037.037037  -802.469136  0.00003597873130913735
-2037.037037  -679.012346  0.00002989112330867788
-2037.037037  -555.555556  0.00002404407483342918
-2037.037037  -432.098765  0.00001941955644766758
-2037.037037  -308.641975  0.00001508265348532057
-2037.037037  -185.185185  0.00001123695046570398
-2037.037037   -61.728395  0.00000143471570088440
-2037.037037    61.728395  -0.00000143471571276436
-2037.037037   185.185185  -0.00001123695047831285
-2037.037037   308.641975  -0.00001508265349792598
-2037.037037   432.098765  -0.00001941955645997458
-2037.037037   555.555556  -0.00002404407484541919
-2037.037037   679.012346  -0.00002989112332047853
-2037.037037   802.469136  -0.00003597873132085538
-2037.037037   925.925926  -0.00004179567984008219
-2037.037037  1049.382716  -0.00004749567739940015
-2037.037037  1172.839506  -0.00005270102996367985
-2037.037037  1296.296296  -0.00005602120644051794
-2037.037037  1419.753086  -0.00006010158863605906
-2037.037037  1543.209877  -0.00006494481881877543
-2037.037037  1666.666667  -0.00006770017204352212
-2037.037037  1790.123457  -0.00007147467037616742
-2037.037037  1913.580247  -0.00007851451727409093
-2037.037037  2037.037037  -0.00008620332521223281
-2037.037037  2160.493827  -0.00009254151089469114
-2037.037037  2283.950617  -0.00009088470029659097
-2037.037037  2407.407407  -0.00008842548602642646
-2037.037037  2530.864198  -0.00009608553862609402
-2037.037037  2654.320988  -0.00011510864826530027
-2037.037037  2777.777778  -0.00010923552815312008
-2037.037037  2901.234568  -0.00010381744297062783
-2037.037037  3024.691358  -0.00010616518810618136
-2037.037037  3148.148148  -0.00011313276618658124
-2037.037037  3271.604938  -0.00012138846695346710
-2037.037037  3395.061728  -0.00012886614545993790
-2037.037037  3518.518519  -0.00013646179397922687
-2037.037037  3641.975309  -0.00014204673908774584
-2037.037037  3765.432099  -0.00014074815901116510
-2037.037037  3888.888889  -0.00013906297097043347
-2037.037037  4012.345679  -0.00013658194459144400
-2037.037037  4135.802469  -0.00013622067838343015
-2037.037037  4259.259259  -0.00014044951776337117
-2037.037037  4382.716049  -0.00015011508707798746
-2037.037037  4506.172840  -0.00016425409073715457
-2037.037037  4629.629630  -0.00017794898796258502
-2037.037037  4753.086420  -0.00017329894986795678
-2037.037037  4876.543210  -0.00013510333400899665

-1913.580247 -5000.000000  0.00000874833794322883
-1913.580247 -4876.543210  0.00013467919004831578
-1913.580247 -4753.086420  0.00017557469125266387
-1913.580247 -4629.629630  0.00018040929760119060
-1913.580247 -4506.172840  0.00016671583100354300
-1913.580247 -4382.716049  0.00015192427124294670
-1913.580247 -4259.259259  0.00014188386609879350
-1913.580247 -4135.802469  0.00013778147883215875
-1913.580247 -4012.345679  0.00013838442514984780
-1913.580247 -3888.888889  0.00014113430754685095
-1913.580247 -3765.432099  0.00014320280495925083
-1913.580247 -3641.975309  0.00014466344051277516
-1913.580247 -3518.518519  0.00013907722358200351
-1913.580247 -3395.061728  0.00013128182292898200
-1913.580247 -3271.604938  0.00012353500723354056
-1913.580247 -3148.148148  0.00011504123715069128
-1913.580247 -3024.691358  0.00010801882028929945
-1913.580247 -2901.234568  0.00010585303126732254
-1913.580247 -2777.777778  0.00011160558876715234
-1913.580247 -2654.320988  0.00011772713902296646
-1913.580247 -2530.864198  0.00009831261477682773
-1913.580247 -2407.407407  0.00008888415810654810
-1913.580247 -2283.950617  0.00009068770054029656
-1913.580247 -2160.493827  0.00009222428202951521
-1913.580247 -2037.037037  0.00008608922643912839
-1913.580247 -1913.580247  0.00007863220305552002
-1913.580247 -1790.123457  0.00007178733934775834
-1913.580247 -1666.666667  0.00006810349641637339
-1913.580247 -1543.209877  0.00006536548055316735
-1913.580247 -1419.753086  0.00006052300814206337
-1913.580247 -1296.296296  0.00005643529821218955
-1913.580247 -1172.839506  0.00005314487406632177
-1913.580247 -1049.382716  0.00004801268294163940
-1913.580247  -925.925926  0.00004238194448959754
-1913.580247  -802.469136  0.00003669082855791488
-1913.580247  -679.012346  0.00003066218054474986
-1913.580247  -555.555556  0.00002476784801298068
-1913.580247  -432.098765  0.00001997372131642301
-1913.580247  -308.641975  0.00001543669874161017
-1913.580247  -185.185185  0.00001144818516076188
-1913.580247   -61.728395  0.00000157433296516675
-1913.580247    61.728395  -0.00000157433297653654
-1913.580247   185.185185  -0.00001144818517282031
-1913.580247   308.641975  -0.00001543669875365647
-1913.580247   432.098765  -0.00001997372132818745
-1913.580247   555.555556  -0.00002476784802443343
-1913.580247   679.012346  -0.00003066218055600738
-1913.580247   802.469136  -0.00003669082856907207
-1913.580247   925.925926  -0.00004238194450074281
-1913.580247  1049.382716  -0.00004801268295276689
-1913.580247  1172.839506  -0.00005314487407752240
-1913.580247  1296.296296  -0.00005643529822326218
-1913.580247  1419.753086  -0.00006052300815312594
-1913.580247  1543.209877  -0.00006536548056409004
-1913.580247  1666.666667  -0.00006810349642708682
-1913.580247  1790.123457  -0.00007178733935830395
-1913.580247  1913.580247  -0.00007863220306603208
-1913.580247  2037.037037  -0.00008608922644962347
-1913.580247  2160.493827  -0.00009222428204005589
-1913.580247  2283.950617  -0.00009068770055064449
-1913.580247  2407.407407  -0.00008888415811666634
-1913.580247  2530.864198  -0.00009831261478662032
-1913.580247  2654.320988  -0.00011772713903365806
-1913.580247  2777.777778  -0.00011160558877744386
-1913.580247  2901.234568  -0.00010585303127706005
-1913.580247  3024.691358  -0.00010801882029879136
-1913.580247  3148.148148  -0.00011504123716022017
-1913.580247  3271.604938  -0.00012353500724326995
-1913.580247  3395.061728  -0.00013128182293894880
-1913.580247  3518.518519  -0.00013907722359218490
-1913.580247  3641.975309  -0.00014466344052300683
-1913.580247  3765.432099  -0.00014320280496922812
-1913.580247  3888.888889  -0.00014113430755647446
-1913.580247  4012.345679  -0.00013838442515902319
-1913.580247  4135.802469  -0.00013778147884103235
-1913.580247  4259.259259  -0.00014188386610763199
-1913.580247  4382.716049  -0.00015192427125209588
-1913.580247  4506.172840  -0.00016671583101328141
-1913.580247  4629.629630  -0.00018040929761145095
-1913.580247  4753.086420  -0.00017557469126259915
-1913.580247  4876.543210  -0.00013467919005573215

-1790.123457 -5000.000000  0.00000883431753925282
-1790.123457 -4876.543210  0.00013602091696190123
-1790.123457 -4753.086420  0.00017776584499827529
-1790.123457 -4629.629630  0.00018267837395001849
-1790.123457 -4506.172840  0.00016906216426470228
-1790.123457 -4382.716049  0.00015419126258596488
-1790.123457 -4259.259259  0.00014408250821147537
-1790.123457 -4135.802469  0.00013997497438748336
-1790.123457 -4012.345679  0.00014062779015942454
-1790.123457 -3888.888889  0.00014352684719814131
-1790.123457 -3765.432099  0.00014563809341243473
-1790.123457 -3641.975309  0.00014701706719250058
-1790.123457 -3518.518519  0.00014149206516223599
-1790.123457 -3395.061728  0.00013364344116889034
-1790.123457 -3271.604938  0.00012579010518702250
-1790.123457 -3148.148148  0.00011718674015794230
-1790.123457 -3024.691358  0.00011013773186368521
-1790.123457 -2901.234568  0.00010802470740715837
-1790.123457 -2777.777778  0.00011379090348529765
-1790.123457 -2654.320988  0.00011997939034799554
-1790.123457 -2530.864198  0.00010083111586014317
-1790.123457 -2407.407407  0.00008946112181620655
-1790.123457 -2283.950617  0.00009067310404038150
-1790.123457 -2160.493827  0.00009194684545152330
-1790.123457 -2037.037037  0.00008606019331203303
-1790.123457 -1913.580247  0.00007883226756204275
-1790.123457 -1790.123457  0.00007223613484775810
-1790.123457 -1666.666667  0.00006864070613255017
-1790.123457 -1543.209877  0.00006591157099167591
-1790.123457 -1419.753086  0.00006110514245164869
-1790.123457 -1296.296296  0.00005701598357790214
-1790.123457 -1172.839506  0.00005373478044931678
-1790.123457 -1049.382716  0.00004867726188765096
-1790.123457  -925.925926  0.00004314803399878467
-1790.123457  -802.469136  0.00003752908457561475
-1790.123457  -679.012346  0.00003153574821803001
-1790.123457  -555.555556  0.00002558925979651878
-1790.123457  -432.098765  0.00002060227098016568
-1790.123457  -308.641975  0.00001580302265251421
-1790.123457  -185.185185  0.00001150945632599217
-1790.123457   -61.728395  0.00000169825627673907
-1790.123457    61.728395  -0.00000169825628782619
-1790.123457   185.185185  -0.00001150945633766286
-1790.123457   308.641975  -0.00001580302266413620
-1790.123457   432.098765  -0.00002060227099148466
-1790.123457   555.555556  -0.00002558925980750824
-1790.123457   679.012346  -0.00003153574822879611
-1790.123457   802.469136  -0.00003752908458624610
-1790.123457   925.925926  -0.00004314803400936890
-1790.123457  1049.382716  -0.00004867726189818418
-1790.123457  1172.839506  -0.00005373478045988828
-1790.123457  1296.296296  -0.00005701598358833496
-1790.123457  1419.753086  -0.00006110514246205599
-1790.123457  1543.209877  -0.00006591157100193837
-1790.123457  1666.666667  -0.00006864070614261004
-1790.123457  1790.123457  -0.00007223613485765375
-1790.123457  1913.580247  -0.00007883226757189225
-1790.123457  2037.037037  -0.00008606019332185637
-1790.123457  2160.493827  -0.00009194684546137434
-1790.123457  2283.950617  -0.00009067310405005891
-1790.123457  2407.407407  -0.00008946112182566917
-1790.123457  2530.864198  -0.00010083111586934355
-1790.123457  2654.320988  -0.00011997939035803099
-1790.123457  2777.777778  -0.00011379090349496510
-1790.123457  2901.234568  -0.00010802470741630703
-1790.123457  3024.691358  -0.00011013773187259439
-1790.123457  3148.148148  -0.00011718674016688004
-1790.123457  3271.604938  -0.00012579010519614558
-1790.123457  3395.061728  -0.00013364344117823681
-1790.123457  3518.518519  -0.00014149206517178180
-1790.123457  3641.975309  -0.00014701706720208392
-1790.123457  3765.432099  -0.00014563809342179224
-1790.123457  3888.888889  -0.00014352684720716683
-1790.123457  4012.345679  -0.00014062779016801939
-1790.123457  4135.802469  -0.00013997497439579231
-1790.123457  4259.259259  -0.00014408250821974636
-1790.123457  4382.716049  -0.00015419126259452647
-1790.123457  4506.172840  -0.00016906216427381101
-1790.123457  4629.629630  -0.00018267837395960043
-1790.123457  4753.086420  -0.00017776584500755864
-1790.123457  4876.543210  -0.00013602091696879936

-1666.666667 -5000.000000  0.00000948231558512099
-1666.666667 -4876.543210  0.00013792594121627449
-1666.666667 -4753.086420  0.00017933161036159714
-1666.666667 -4629.629630  0.00018435091107770699
-1666.666667 -4506.172840  0.00017076560047029024
-1666.666667 -4382.716049  0.00015610592286601266
-1666.666667 -4259.259259  0.00014615376104671571
-1666.666667 -4135.802469  0.00014206995823496838
-1666.666667 -4012.345679  0.00014272172091064889
-1666.666667 -3888.888889  0.00014563620173581947
-1666.666667 -3765.432099  0.00014764946416761116
-1666.666667 -3641.975309  0.00014887469252931684
-1666.666667 -3518.518519  0.00014335954328968035
-1666.666667 -3395.061728  0.00013551658371203893
-1666.666667 -3271.604938  0.00012769627647776262
-1666.666667 -3148.148148  0.00011913144933028118
-1666.666667 -3024.691358  0.00011211885925323204
-1666.666667 -2901.234568  0.00010998808686209509
-1666.666667 -2777.777778  0.00011566901616106461
-1666.666667 -2654.320988  0.00012169954453604203
-1666.666667 -2530.864198  0.00010244960790421851
-1666.666667 -2407.407407  0.00009208402192435354
-1666.666667 -2283.950617  0.00009358267108512212
-1666.666667 -2160.493827  0.00009487609674020610
-1666.666667 -2037.037037  0.00008886816597036257
-1666.666667 -1913.580247  0.00008153590400330121
-1666.666667 -1790.123457  0.00007483558687223109
-1666.666667 -1666.666667  0.00007118199828958648
-1666.666667 -1543.209877  0.00006844275830881755
-1666.666667 -1419.753086  0.00006366051887294131
-1666.666667 -1296.296296  0.00005959289108027699
-1666.666667 -1172.839506  0.00005632608976420878
-1666.666667 -1049.382716  0.00005121321113559569
-1666.666667  -925.925926  0.00004560109045524009
-1666.666667  -802.469136  0.00003981999039301353
-1666.666667  -679.012346  0.00003361229600847597
-1666.666667  -555.555556  0.00002740366871670731
-1666.666667  -432.098765  0.00002212913558599154
-1666.666667  -308.641975  0.00001698414677164985
-1666.666667  -185.185185  0.00001227789083185544
-1666.666667   -61.728395  0.00000189602935020724
-1666.666667    61.728395  -0.00000189602936128064
-1666.666667   185.185185  -0.00001227789084344391
-1666.666667   308.641975  -0.00001698414678313364
-1666.666667   432.098765  -0.00002212913559711673
-1666.666667   555.555556  -0.00002740366872744940
-1666.666667   679.012346  -0.00003361229601894384
-1666.666667   802.469136  -0.00003981999040330030
-1666.666667   925.925926  -0.00004560109046544006
-1666.666667  1049.382716  -0.00005121321114571170
-1666.666667  1172.839506  -0.00005632608977433579
-1666.666667  1296.296296  -0.00005959289109025313
-1666.666667  1419.753086  -0.00006366051888287181
-1666.666667  1543.209877  -0.00006844275831859441
-1666.666667  1666.666667  -0.00007118199829915987
-1666.666667  1790.123457  -0.00007483558688163881
-1666.666667  1913.580247  -0.00008153590401265134
-1666.666667  2037.037037  -0.00008886816597967632
-1666.666667  2160.493827  -0.00009487609674953723
-1666.666667  2283.950617  -0.00009358267109429514
-1666.666667  2407.407407  -0.00009208402193331924
-1666.666667  2530.864198  -0.00010244960791291779
-1666.666667  2654.320988  -0.00012169954454550507
-1666.666667  2777.777778  -0.00011566901617018428
-1666.666667  2901.234568  -0.00010998808687073476
-1666.666667  3024.691358  -0.00011211885926164507
-1666.666667  3148.148148  -0.00011913144933871445
-1666.666667  3271.604938  -0.00012769627648636630
-1666.666667  3395.061728  -0.00013551658372084718
-1666.666667  3518.518519  -0.00014335954329866804
-1666.666667  3641.975309  -0.00014887469253833425
-1666.666667  3765.432099  -0.00014764946417642261
-1666.666667  3888.888889  -0.00014563620174432232
-1666.666667  4012.345679  -0.00014272172091874709
-1666.666667  4135.802469  -0.00014206995824279900
-1666.666667  4259.259259  -0.00014615376105450942
-1666.666667  4382.716049  -0.00015610592287406685
-1666.666667  4506.172840  -0.00017076560047884527
-1666.666667  4629.629630  -0.00018435091108669983
-1666.666667  4753.086420  -0.00017933161037030613
-1666.666667  4876.543210  -0.00013792594122277296

-1543.209877 -5000.000000  0.00001027656017680894
-1543.209877 -4876.543210  0.00014020102334751097
-1543.209877 -4753.086420  0.00018094159093309133
-1543.209877 -4629.629630  0.00018606340477052931
-1543.209877 -4506.172840  0.00017249175503925010
-1543.209877 -4382.716049  0.00015812840797985270
-1543.209877 -4259.259259  0.00014837776381756830
-1543.209877 -4135.802469  0.00014428474148131415
-1543.209877 -4012.345679  0.00014490415274698683
-1543.209877 -3888.888889  0.00014779606796909347
-1543.209877 -3765.432099  0.00014973081061161287
-1543.209877 -3641.975309  0.00015104768586105129
-1543.209877 -3518.518519  0.00014547834100883306
-1543.209877 -3395.061728  0.00013765090455621383
-1543.209877 -3271.604938  0.00012988926620027726
-1543.209877 -3148.148148  0.00012138317839213127
-1543.209877 -3024.691358  0.00011435410263180064
-1543.209877 -2901.234568  0.00011213114132330573
-1543.209877 -2777.777778  0.00011774351391016871
-1543.209877 -2654.320988  0.00012367706050491243
-1543.209877 -2530.864198  0.00010419131830824751
-1543.209877 -2407.407407  0.00009528937367377618
-1543.209877 -2283.950617  0.00009722393703768527
-1543.209877 -2160.493827  0.00009869639264534476
-1543.209877 -2037.037037  0.00009247507646202275
-1543.209877 -1913.580247  0.00008494080466745430
-1543.209877 -1790.123457  0.00007803092036300432
-1543.209877 -1666.666667  0.00007430987852751838
-1543.209877 -1543.209877  0.00007159016062657954
-1543.209877 -1419.753086  0.00006682070678019695
-1543.209877 -1296.296296  0.00006280225785346049
-1543.209877 -1172.839506  0.00005959900815887346
-1543.209877 -1049.382716  0.00005445749972434156
-1543.209877  -925.925926  0.00004877104039980805
-1543.209877  -802.469136  0.00004283910989155948
-1543.209877  -679.012346  0.00003640631793014416
-1543.209877  -555.555556  0.00002990843490164139
-1543.209877  -432.098765  0.00002431821593958820
-1543.209877  -308.641975  0.00001875777187779238
-1543.209877  -185.185185  0.00001352767363002640
-1543.209877   -61.728395  0.00000218841673352438
-1543.209877    61.728395  -0.00000218841674463564
-1543.209877   185.185185  -0.00001352767364161244
-1543.209877   308.641975  -0.00001875777188921913
-1543.209877   432.098765  -0.00002431821595060155
-1543.209877   555.555556  -0.00002990843491221680
-1543.209877   679.012346  -0.00003640631794039284
-1543.209877   802.469136  -0.00004283910990157841
-1543.209877   925.925926  -0.00004877104040969666
-1543.209877  1049.382716  -0.00005445749973411264
-1543.209877  1172.839506  -0.00005959900816862648
-1543.209877  1296.296296  -0.00006280225786304807
-1543.209877  1419.753086  -0.00006682070678971841
-1543.209877  1543.209877  -0.00007159016063593793
-1543.209877  1666.666667  -0.00007430987853666971
-1543.209877  1790.123457  -0.00007803092037198618
-1543.209877  1913.580247  -0.00008494080467636837
-1543.209877  2037.037037  -0.00009247507647089342
-1543.209877  2160.493827  -0.00009869639265422571
-1543.209877  2283.950617  -0.00009722393704641415
-1543.209877  2407.407407  -0.00009528937368230361
-1543.209877  2530.864198  -0.00010419131831649638
-1543.209877  2654.320988  -0.00012367706051385027
-1543.209877  2777.777778  -0.00011774351391878553
-1543.209877  2901.234568  -0.00011213114133147951
-1543.209877  3024.691358  -0.00011435410263976749
-1543.209877  3148.148148  -0.00012138317840011598
-1543.209877  3271.604938  -0.00012988926620841201
-1543.209877  3395.061728  -0.00013765090456452906
-1543.209877  3518.518519  -0.00014547834101731044
-1543.209877  3641.975309  -0.00015104768586955030
-1543.209877  3765.432099  -0.00014973081061991450
-1543.209877  3888.888889  -0.00014779606797710892
-1543.209877  4012.345679  -0.00014490415275462994
-1543.209877  4135.802469  -0.00014428474148871090
-1543.209877  4259.259259  -0.00014837776382492870
-1543.209877  4382.716049  -0.00015812840798744242
-1543.209877  4506.172840  -0.00017249175504728621
-1543.209877  4629.629630  -0.00018606340477897248
-1543.209877  4753.086420  -0.00018094159094125467
-1543.209877  4876.543210  -0.00014020102335367236

-1419.753086 -5000.000000  0.00001065309718833705
-1419.753086 -4876.543210  0.00014247804908354048
-1419.753086 -4753.086420  0.00018337360849261987
-1419.753086 -4629.629630  0.00018855435756731211
-1419.753086 -4506.172840  0.00017503089110628876
-1419.753086 -4382.716049  0.00016077372124364940
-1419.753086 -4259.259259  0.00015102684181266104
-1419.753086 -4135.802469  0.00014682304496069329
-1419.753086 -4012.345679  0.00014742905891701249
-1419.753086 -3888.888889  0.00015040012571205242
-1419.753086 -3765.432099  0.00015236835993019486
-1419.753086 -3641.975309  0.00015417163747171892
-1419.753086 -3518.518519  0.00014849122245756753
-1419.753086 -3395.061728  0.00014065869940019785
-1419.753086 -3271.604938  0.00013285075092190772
-1419.753086 -3148.148148  0.00012427191910396057
-1419.753086 -3024.691358  0.00011705940481735979
-1419.753086 -2901.234568  0.00011469881765074726
-1419.753086 -2777.777778  0.00012039307634418179
-1419.753086 -2654.320988  0.00012659612800508237
-1419.753086 -2530.864198  0.00010707132390187536
-1419.753086 -2407.407407  0.00009701156935662920
-1419.753086 -2283.950617  0.00009861433803361006
-1419.753086 -2160.493827  0.00010023682604830961
-1419.753086 -2037.037037  0.00009407581298380691
-1419.753086 -1913.580247  0.00008656292549431368
-1419.753086 -1790.123457  0.00007967362578543391
-1419.753086 -1666.666667  0.00007604980510059595
-1419.753086 -1543.209877  0.00007343422336826579
-1419.753086 -1419.753086  0.00006867489206826119
-1419.753086 -1296.296296  0.00006474193639597646
-1419.753086 -1172.839506  0.00006169720558933005
-1419.753086 -1049.382716  0.00005674497257675349
-1419.753086  -925.925926  0.00005123459123536402
-1419.753086  -802.469136  0.00004547136858557435
-1419.753086  -679.012346  0.00003911025805130778
-1419.753086  -555.555556  0.00003253623359841766
-1419.753086  -432.098765  0.00002669146132407700
-1419.753086  -308.641975  0.00002067778632769984
-1419.753086  -185.185185  0.00001483539597009567
-1419.753086   -61.728395  0.00000257860954376084
-1419.753086    61.728395  -0.00000257860955466747
-1419.753086   185.185185  -0.00001483539598142642
-1419.753086   308.641975  -0.00002067778633885518
-1419.753086   432.098765  -0.00002669146133480751
-1419.753086   555.555556  -0.00003253623360869801
-1419.753086   679.012346  -0.00003911025806123319
-1419.753086   802.469136  -0.00004547136859523259
-1419.753086   925.925926  -0.00005123459124484856
-1419.753086  1049.382716  -0.00005674497258608460
-1419.753086  1172.839506  -0.00006169720559860485
-1419.753086  1296.296296  -0.00006474193640506149
-1419.753086  1419.753086  -0.00006867489207726364
-1419.753086  1543.209877  -0.00007343422337710121
-1419.753086  1666.666667  -0.00007604980510922319
-1419.753086  1790.123457  -0.00007967362579389257
-1419.753086  1913.580247  -0.00008656292550270634
-1419.753086  2037.037037  -0.00009407581299215582
-1419.753086  2160.493827  -0.00010023682605666011
-1419.753086  2283.950617  -0.00009861433804180036
-1419.753086  2407.407407  -0.00009701156936462914
-1419.753086  2530.864198  -0.00010707132390965588
-1419.753086  2654.320988  -0.00012659612801348223
-1419.753086  2777.777778  -0.00012039307635227674
-1419.753086  2901.234568  -0.00011469881765843511
-1419.753086  3024.691358  -0.00011705940482486201
-1419.753086  3148.148148  -0.00012427191911148101
-1419.753086  3271.604938  -0.00013285075092955997
-1419.753086  3395.061728  -0.00014065869940800685
-1419.753086  3518.518519  -0.00014849122246551717
-1419.753086  3641.975309  -0.00015417163747968865
-1419.753086  3765.432099  -0.00015236835993795691
-1419.753086  3888.888889  -0.00015040012571955537
-1419.753086  4012.345679  -0.00014742905892417088
-1419.753086  4135.802469  -0.00014682304496762611
-1419.753086  4259.259259  -0.00015102684181956410
-1419.753086  4382.716049  -0.00016077372125075000
-1419.753086  4506.172840  -0.00017503089111377666
-1419.753086  4629.629630  -0.00018855435757516879
-1419.753086  4753.086420  -0.00018337360850021581
-1419.753086  4876.543210  -0.00014247804908934592

-1296.296296 -5000.000000  0.00001126131606974704
-1296.296296 -4876.543210  0.00014486874638598387
-1296.296296 -4753.086420  0.00018540838940226236
-1296.296296 -4629.629630  0.00019065238718922613
-1296.296296 -4506.172840  0.00017716730276034459
-1296.296296 -4382.716049  0.00016311902734271548
-1296.296296 -4259.259259  0.00015349176434031173
-1296.296296 -4135.802469  0.00014926687444998351
-1296.296296 -4012.345679  0.00014979255981129968
-1296.296296 -3888.888889  0.00015281717493574389
-1296.296296 -3765.432099  0.00015438344004330487
-1296.296296 -3641.975309  0.00015537319086188640
-1296.296296 -3518.518519  0.00014977086297723199
-1296.296296 -3395.061728  0.00014195523261480538
-1296.296296 -3271.604938  0.00013433481515378616
-1296.296296 -3148.148148  0.00012579446504331474
-1296.296296 -3024.691358  0.00011857024478114842
-1296.296296 -2901.234568  0.00011609571553602628
-1296.296296 -2777.777778  0.00012172091596547821
-1296.296296 -2654.320988  0.00012795633944619232
-1296.296296 -2530.864198  0.00010844954953428596
-1296.296296 -2407.407407  0.00009873186653584598
-1296.296296 -2283.950617  0.00010040476305572322
-1296.296296 -2160.493827  0.00010221752307116863
-1296.296296 -2037.037037  0.00009603991769375490
-1296.296296 -1913.580247  0.00008850742708846911
-1296.296296 -1790.123457  0.00008157943633368620
-1296.296296 -1666.666667  0.00007800935622715788
-1296.296296 -1543.209877  0.00007549939359256486
-1296.296296 -1419.753086  0.00007082917652499174
-1296.296296 -1296.296296  0.00006706369749451198
-1296.296296 -1172.839506  0.00006428749976039355
-1296.296296 -1049.382716  0.00005957665191535580
-1296.296296  -925.925926  0.00005432072955190907
-1296.296296  -802.469136  0.00004878860476928970
-1296.296296  -679.012346  0.00004256889121992167
-1296.296296  -555.555556  0.00003598349705687064
-1296.296296  -432.098765  0.00002995573463562056
-1296.296296  -308.641975  0.00002347326711036731
-1296.296296  -185.185185  0.00001687028042282178
-1296.296296   -61.728395  0.00000313465581352175
-1296.296296    61.728395  -0.00000313465582391189
-1296.296296   185.185185  -0.00001687028043362254
-1296.296296   308.641975  -0.00002347326712105018
-1296.296296   432.098765  -0.00002995573464592860
-1296.296296   555.555556  -0.00003598349706674643
-1296.296296   679.012346  -0.00004256889122943858
-1296.296296   802.469136  -0.00004878860477852164
-1296.296296   925.925926  -0.00005432072956093881
-1296.296296  1049.382716  -0.00005957665192419387
-1296.296296  1172.839506  -0.00006428749976913290
-1296.296296  1296.296296  -0.00006706369750304192
-1296.296296  1419.753086  -0.00007082917653342120
-1296.296296  1543.209877  -0.00007549939360082385
-1296.296296  1666.666667  -0.00007800935623521234
-1296.296296  1790.123457  -0.00008157943634157531
-1296.296296  1913.580247  -0.00008850742709629347
-1296.296296  2037.037037  -0.00009603991770153250
-1296.296296  2160.493827  -0.00010221752307893626
-1296.296296  2283.950617  -0.00010040476306332853
-1296.296296  2407.407407  -0.00009873186654327019
-1296.296296  2530.864198  -0.00010844954954152750
-1296.296296  2654.320988  -0.00012795633945397546
-1296.296296  2777.777778  -0.00012172091597297327
-1296.296296  2901.234568  -0.00011609571554315873
-1296.296296  3024.691358  -0.00011857024478811968
-1296.296296  3148.148148  -0.00012579446505030435
-1296.296296  3271.604938  -0.00013433481516088861
-1296.296296  3395.061728  -0.00014195523262203381
-1296.296296  3518.518519  -0.00014977086298458134
-1296.296296  3641.975309  -0.00015537319086924569
-1296.296296  3765.432099  -0.00015438344005051625
-1296.296296  3888.888889  -0.00015281717494273808
-1296.296296  4012.345679  -0.00014979255981797856
-1296.296296  4135.802469  -0.00014926687445646327
-1296.296296  4259.259259  -0.00015349176434676718
-1296.296296  4382.716049  -0.00016311902734933407
-1296.296296  4506.172840  -0.00017716730276729460
-1296.296296  4629.629630  -0.00019065238719650950
-1296.296296  4753.086420  -0.00018540838940929799
-1296.296296  4876.543210  -0.00014486874639144868

-1172.839506 -5000.000000  0.00001178491336433374
-1172.839506 -4876.543210  0.00014679508136080380
-1172.839506 -4753.086420  0.00018676115391380496
-1172.839506 -4629.629630  0.00019210713289431950
-1172.839506 -4506.172840  0.00017881210846888438
-1172.839506 -4382.716049  0.00016509849116498043
-1172.839506 -4259.259259  0.00015540426339149681
-1172.839506 -4135.802469  0.00015084792074701798
-1172.839506 -4012.345679  0.00015177349835614122
-1172.839506 -3888.888889  0.00015486729951850849
-1172.839506 -3765.432099  0.00015601477237361708
-1172.839506 -3641.975309  0.00015847701974214926
-1172.839506 -3518.518519  0.00015226507400561680
-1172.839506 -3395.061728  0.00014503655547305338
-1172.839506 -3271.604938  0.00013709688608660648
-1172.839506 -3148.148148  0.00012859162649756165
-1172.839506 -3024.691358  0.00012110211552528314
-1172.839506 -2901.234568  0.00011862568667845716
-1172.839506 -2777.777778  0.00012442473600836660
-1172.839506 -2654.320988  0.00013057529493220620
-1172.839506 -2530.864198  0.00011078016202033422
-1172.839506 -2407.407407  0.00010170190169193358
-1172.839506 -2283.950617  0.00010350398336430870
-1172.839506 -2160.493827  0.00010560694910117694
-1172.839506 -2037.037037  0.00009931068007424418
-1172.839506 -1913.580247  0.00009164824169929201
-1172.839506 -1790.123457  0.00008457465973023754
-1172.839506 -1666.666667  0.00008102930608545615
-1172.839506 -1543.209877  0.00007861776091073650
-1172.839506 -1419.753086  0.00007397559261726506
-1172.839506 -1296.296296  0.00007042366335032131
-1172.839506 -1172.839506  0.00006789448599276061
-1172.839506 -1049.382716  0.00006348374271457820
-1172.839506  -925.925926  0.00005849224857375289
-1172.839506  -802.469136  0.00005330574126107081
-1172.839506  -679.012346  0.00004730385826439315
-1172.839506  -555.555556  0.00004070986343417747
-1172.839506  -432.098765  0.00003446091868505954
-1172.839506  -308.641975  0.00002737421509928736
-1172.839506  -185.185185  0.00001988300695186405
-1172.839506   -61.728395  0.00000375070019583899
-1172.839506    61.728395  -0.00000375070020533294
-1172.839506   185.185185  -0.00001988300696188421
-1172.839506   308.641975  -0.00002737421510931827
-1172.839506   432.098765  -0.00003446091869484820
-1172.839506   555.555556  -0.00004070986344362238
-1172.839506   679.012346  -0.00004730385827352182
-1172.839506   802.469136  -0.00005330574126991496
-1172.839506   925.925926  -0.00005849224858236807
-1172.839506  1049.382716  -0.00006348374272297239
-1172.839506  1172.839506  -0.00006789448600101726
-1172.839506  1296.296296  -0.00007042366335834479
-1172.839506  1419.753086  -0.00007397559262516625
-1172.839506  1543.209877  -0.00007861776091846442
-1172.839506  1666.666667  -0.00008102930609298650
-1172.839506  1790.123457  -0.00008457465973760964
-1172.839506  1913.580247  -0.00009164824170660342
-1172.839506  2037.037037  -0.00009931068008150454
-1172.839506  2160.493827  -0.00010560694910841472
-1172.839506  2283.950617  -0.00010350398337137763
-1172.839506  2407.407407  -0.00010170190169883404
-1172.839506  2530.864198  -0.00011078016202705390
-1172.839506  2654.320988  -0.00013057529493939381
-1172.839506  2777.777778  -0.00012442473601529370
-1172.839506  2901.234568  -0.00011862568668504842
-1172.839506  3024.691358  -0.00012110211553172512
-1172.839506  3148.148148  -0.00012859162650403190
-1172.839506  3271.604938  -0.00013709688609317240
-1172.839506  3395.061728  -0.00014503655547973954
-1172.839506  3518.518519  -0.00015226507401237588
-1172.839506  3641.975309  -0.00015847701974893704
-1172.839506  3765.432099  -0.00015601477238019263
-1172.839506  3888.888889  -0.00015486729952491216
-1172.839506  4012.345679  -0.00015177349836225921
-1172.839506  4135.802469  -0.00015084792075293810
-1172.839506  4259.259259  -0.00015540426339740913
-1172.839506  4382.716049  -0.00016509849117104079
-1172.839506  4506.172840  -0.00017881210847521932
-1172.839506  4629.629630  -0.00019210713290094885
-1172.839506  4753.086420  -0.00018676115392020026
-1172.839506  4876.543210  -0.00014679508136583442

-1049.382716 -5000.000000  0.00001214711035544863
-1049.382716 -4876.543210  0.00014826821700618810
-1049.382716 -4753.086420  0.00018827697718342719
-1049.382716 -4629.629630  0.00019369464047036341
-1049.382716 -4506.172840  0.00018042455887099879
-1049.382716 -4382.716049  0.00016678598419567675
-1049.382716 -4259.259259  0.00015716837096849007
-1049.382716 -4135.802469  0.00015265836544687061
-1049.382716 -4012.345679  0.00015353123969371078
-1049.382716 -3888.888889  0.00015668576467148642
-1049.382716 -3765.432099  0.00015762555442485414
-1049.382716 -3641.975309  0.00015936617148258584
-1049.382716 -3518.518519  0.00015327978795348797
-1049.382716 -3395.061728  0.00014600249414287031
-1049.382716 -3271.604938  0.00013819483321386182
-1049.382716 -3148.148148  0.00012970492322456726
-1049.382716 -3024.691358  0.00012225929727430676
-1049.382716 -2901.234568  0.00011975187547260626
-1049.382716 -2777.777778  0.00012550596611066202
-1049.382716 -2654.320988  0.00013166153189425817
-1049.382716 -2530.864198  0.00011190203858745373
-1049.382716 -2407.407407  0.00010297486310059469
-1049.382716 -2283.950617  0.00010477627243618901
-1049.382716 -2160.493827  0.00010698163311949720
-1049.382716 -2037.037037  0.00010076322645996401
-1049.382716 -1913.580247  0.00009318453430022439
-1049.382716 -1790.123457  0.00008616351179256932
-1049.382716 -1666.666667  0.00008268985981170504
-1049.382716 -1543.209877  0.00008039398169739852
-1049.382716 -1419.753086  0.00007592309567029724
-1049.382716 -1296.296296  0.00007262470709841763
-1049.382716 -1172.839506  0.00007051394453859361
-1049.382716 -1049.382716  0.00006653515583367649
-1049.382716  -925.925926  0.00006207154947168091
-1049.382716  -802.469136  0.00005746156943910618
-1049.382716  -679.012346  0.00005193946533395659
-1049.382716  -555.555556  0.00004556190970779815
-1049.382716  -432.098765  0.00003922929125308670
-1049.382716  -308.641975  0.00003156333503316921
-1049.382716  -185.185185  0.00002304958407361669
-1049.382716   -61.728395  0.00000450738119163774
-1049.382716    61.728395  -0.00000450738119946840
-1049.382716   185.185185  -0.00002304958408212988
-1049.382716   308.641975  -0.00003156333504197050
-1049.382716   432.098765  -0.00003922929126189430
-1049.382716   555.555556  -0.00004556190971645644
-1049.382716   679.012346  -0.00005193946534240262
-1049.382716   802.469136  -0.00005746156944730487
-1049.382716   925.925926  -0.00006207154947964575
-1049.382716  1049.382716  -0.00006653515584139891
-1049.382716  1172.839506  -0.00007051394454614634
-1049.382716  1296.296296  -0.00007262470710571604
-1049.382716  1419.753086  -0.00007592309567745479
-1049.382716  1543.209877  -0.00008039398170438554
-1049.382716  1666.666667  -0.00008268985981851121
-1049.382716  1790.123457  -0.00008616351179923492
-1049.382716  1913.580247  -0.00009318453430683358
-1049.382716  2037.037037  -0.00010076322646651565
-1049.382716  2160.493827  -0.00010698163312601167
-1049.382716  2283.950617  -0.00010477627244253429
-1049.382716  2407.407407  -0.00010297486310678909
-1049.382716  2530.864198  -0.00011190203859351559
-1049.382716  2654.320988  -0.00013166153190071768
-1049.382716  2777.777778  -0.00012550596611688776
-1049.382716  2901.234568  -0.00011975187547853465
-1049.382716  3024.691358  -0.00012225929728010312
-1049.382716  3148.148148  -0.00012970492323038634
-1049.382716  3271.604938  -0.00013819483321976062
-1049.382716  3395.061728  -0.00014600249414887070
-1049.382716  3518.518519  -0.00015327978795955167
-1049.382716  3641.975309  -0.00015936617148866683
-1049.382716  3765.432099  -0.00015762555443078128
-1049.382716  3888.888889  -0.00015668576467726836
-1049.382716  4012.345679  -0.00015353123969923452
-1049.382716  4135.802469  -0.00015265836545222224
-1049.382716  4259.259259  -0.00015716837097383020
-1049.382716  4382.716049  -0.00016678598420114373
-1049.382716  4506.172840  -0.00018042455887670489
-1049.382716  4629.629630  -0.00019369464047632780
-1049.382716  4753.086420  -0.00018827697718918116
-1049.382716  4876.543210  -0.00014826821701073643

 -925.925926 -5000.000000  0.00001225071798855071
 -925.925926 -4876.543210  0.00014905370059108396
 -925.925926 -4753.086420  0.00018953725759753012
 -925.925926 -4629.629630  0.00019504292462202823
 -925.925926 -4506.172840  0.00018180964001148034
 -925.925926 -4382.716049  0.00016813923230206131
 -925.925926 -4259.259259  0.00015848833397828413
 -925.925926 -4135.802469  0.00015396634854495791
 -925.925926 -4012.345679  0.00015492468876392030
 -925.925926 -3888.888889  0.00015814741349750086
 -925.925926 -3765.432099  0.00015927206906014149
 -925.925926 -3641.975309  0.00016156442915450767
 -925.925926 -3518.518519  0.00015538835806265319
 -925.925926 -3395.061728  0.00014810308725896336
 -925.925926 -3271.604938  0.00014017085876723328
 -925.925926 -3148.148148  0.00013162579932259001
 -925.925926 -3024.691358  0.00012411489586195681
 -925.925926 -2901.234568  0.00012162608525247533
 -925.925926 -2777.777778  0.00012748237768788774
 -925.925926 -2654.320988  0.00013372945604563010
 -925.925926 -2530.864198  0.00011385617164361936
 -925.925926 -2407.407407  0.00010445336359187111
 -925.925926 -2283.950617  0.00010609852864007414
 -925.925926 -2160.493827  0.00010838353230301907
 -925.925926 -2037.037037  0.00010227652446899441
 -925.925926 -1913.580247  0.00009479886456374318
 -925.925926 -1790.123457  0.00008785420879755431
 -925.925926 -1666.666667  0.00008446502798366610
 -925.925926 -1543.209877  0.00008228338427098798
 -925.925926 -1419.753086  0.00007796625945930498
 -925.925926 -1296.296296  0.00007493228759183856
 -925.925926 -1172.839506  0.00007324180591316568
 -925.925926 -1049.382716  0.00006976522327622838
 -925.925926  -925.925926  0.00006591026197797262
 -925.925926  -802.469136  0.00006201282481029826
 -925.925926  -679.012346  0.00005708192004450680
 -925.925926  -555.555556  0.00005096123693361714
 -925.925926  -432.098765  0.00004449613996274439
 -925.925926  -308.641975  0.00003611907928878733
 -925.925926  -185.185185  0.00002647940390432013
 -925.925926   -61.728395  0.00000524101448630546
 -925.925926    61.728395  -0.00000524101449178985
 -925.925926   185.185185  -0.00002647940391074541
 -925.925926   308.641975  -0.00003611907929591755
 -925.925926   432.098765  -0.00004449613997028403
 -925.925926   555.555556  -0.00005096123694129421
 -925.925926   679.012346  -0.00005708192005214491
 -925.925926   802.469136  -0.00006201282481777059
 -925.925926   925.925926  -0.00006591026198522972
 -925.925926  1049.382716  -0.00006976522328322963
 -925.925926  1172.839506  -0.00007324180591996611
 -925.925926  1296.296296  -0.00007493228759837424
 -925.925926  1419.753086  -0.00007796625946568612
 -925.925926  1543.209877  -0.00008228338427720409
 -925.925926  1666.666667  -0.00008446502798972427
 -925.925926  1790.123457  -0.00008785420880349411
 -925.925926  1913.580247  -0.00009479886456963440
 -925.925926  2037.037037  -0.00010227652447482287
 -925.925926  2160.493827  -0.00010838353230879062
 -925.925926  2283.950617  -0.00010609852864567750
 -925.925926  2407.407407  -0.00010445336359734656
 -925.925926  2530.864198  -0.00011385617164900732
 -925.925926  2654.320988  -0.00013372945605136382
 -925.925926  2777.777778  -0.00012748237769341289
 -925.925926  2901.234568  -0.00012162608525773240
 -925.925926  3024.691358  -0.00012411489586709065
 -925.925926  3148.148148  -0.00013162579932774035
 -925.925926  3271.604938  -0.00014017085877245726
 -925.925926  3395.061728  -0.00014810308726427899
 -925.925926  3518.518519  -0.00015538835806802289
 -925.925926  3641.975309  -0.00016156442915989057
 -925.925926  3765.432099  -0.00015927206906536713
 -925.925926  3888.888889  -0.00015814741350258805
 -925.925926  4012.345679  -0.00015492468876877343
 -925.925926  4135.802469  -0.00015396634854965443
 -925.925926  4259.259259  -0.00015848833398297127
 -925.925926  4382.716049  -0.00016813923230686424
 -925.925926  4506.172840  -0.00018180964001649928
 -925.925926  4629.629630  -0.00019504292462726856
 -925.925926  4753.086420  -0.00018953725760258741
 -925.925926  4876.543210  -0.00014905370059504759

 -802.469136 -5000.000000  0.00001229971482705388
 -802.469136 -4876.543210  0.00014960561024933216
 -802.469136 -4753.086420  0.00019062509797466255
 -802.469136 -4629.629630  0.00019620929020527776
 -802.469136 -4506.172840  0.00018300368568578766
 -802.469136 -4382.716049  0.00016926247925196344
 -802.469136 -4259.259259  0.00015958937658283614
 -802.469136 -4135.802469  0.00015511531447860575
 -802.469136 -4012.345679  0.00015611441091112485
 -802.469136 -3888.888889  0.00015941515119580416
 -802.469136 -3765.432099  0.00016060389232248762
 -802.469136 -3641.975309  0.00016281701545438611
 -802.469136 -3518.518519  0.00015668188102261146
 -802.469136 -3395.061728  0.00014934276879779927
 -802.469136 -3271.604938  0.00014138188706065116
 -802.469136 -3148.148148  0.00013279984979799346
 -802.469136 -3024.691358  0.00012530425615430642
 -802.469136 -2901.234568  0.00012285802335398584
 -802.469136 -2777.777778  0.00012876492652198664
 -802.469136 -2654.320988  0.00013505283367016912
 -802.469136 -2530.864198  0.00011515704549792054
 -802.469136 -2407.407407  0.00010538159256586874
 -802.469136 -2283.950617  0.00010687130763092299
 -802.469136 -2160.493827  0.00010919656557070800
 -802.469136 -2037.037037  0.00010323860630976812
 -802.469136 -1913.580247  0.00009591433104381280
 -802.469136 -1790.123457  0.00008909168782124581
 -802.469136 -1666.666667  0.00008579770311911604
 -802.469136 -1543.209877  0.00008373456992667387
 -802.469136 -1419.753086  0.00007960783065501208
 -802.469136 -1296.296296  0.00007685948697185872
 -802.469136 -1172.839506  0.00007563754937907565
 -802.469136 -1049.382716  0.00007269203229599771
 -802.469136  -925.925926  0.00006950388972525009
 -802.469136  -802.469136  0.00006638490083268001
 -802.469136  -679.012346  0.00006210052647140356
 -802.469136  -555.555556  0.00005624118804619427
 -802.469136  -432.098765  0.00004959824300651534
 -802.469136  -308.641975  0.00004044232292202257
 -802.469136  -185.185185  0.00002968902124610711
 -802.469136   -61.728395  0.00000581966111865857
 -802.469136    61.728395  -0.00000581966112112958
 -802.469136   185.185185  -0.00002968902124984302
 -802.469136   308.641975  -0.00004044232292701612
 -802.469136   432.098765  -0.00004959824301243946
 -802.469136   555.555556  -0.00005624118805264673
 -802.469136   679.012346  -0.00006210052647805407
 -802.469136   802.469136  -0.00006638490083928436
 -802.469136   925.925926  -0.00006950388973168359
 -802.469136  1049.382716  -0.00007269203230218063
 -802.469136  1172.839506  -0.00007563754938503991
 -802.469136  1296.296296  -0.00007685948697755183
 -802.469136  1419.753086  -0.00007960783066054519
 -802.469136  1543.209877  -0.00008373456993205177
 -802.469136  1666.666667  -0.00008579770312436459
 -802.469136  1790.123457  -0.00008909168782640505
 -802.469136  1913.580247  -0.00009591433104893232
 -802.469136  2037.037037  -0.00010323860631481947
 -802.469136  2160.493827  -0.00010919656557568591
 -802.469136  2283.950617  -0.00010687130763573351
 -802.469136  2407.407407  -0.00010538159257057949
 -802.469136  2530.864198  -0.00011515704550256237
 -802.469136  2654.320988  -0.00013505283367510460
 -802.469136  2777.777778  -0.00012876492652674472
 -802.469136  2901.234568  -0.00012285802335850932
 -802.469136  3024.691358  -0.00012530425615871286
 -802.469136  3148.148148  -0.00013279984980241121
 -802.469136  3271.604938  -0.00014138188706513383
 -802.469136  3395.061728  -0.00014934276880236585
 -802.469136  3518.518519  -0.00015668188102722699
 -802.469136  3641.975309  -0.00016281701545900701
 -802.469136  3765.432099  -0.00016060389232697671
 -802.469136  3888.888889  -0.00015941515120016596
 -802.469136  4012.345679  -0.00015611441091527764
 -802.469136  4135.802469  -0.00015511531448262003
 -802.469136  4259.259259  -0.00015958937658683877
 -802.469136  4382.716049  -0.00016926247925607397
 -802.469136  4506.172840  -0.00018300368569009823
 -802.469136  4629.629630  -0.00019620929020977451
 -802.469136  4753.086420  -0.00019062509797900288
 -802.469136  4876.543210  -0.00014960561025267286

 -679.012346 -5000.000000  0.00001230784310918671
 -679.012346 -4876.543210  0.00015009403769994571
 -679.012346 -4753.086420  0.00019163488879040023
 -679.012346 -4629.629630  0.00019728720878175302
 -679.012346 -4506.172840  0.00018411890859309628
 -679.012346 -4382.716049  0.00017030878711384094
 -679.012346 -4259.259259  0.00016058829243178826
 -679.012346 -4135.802469  0.00015612908510059364
 -679.012346 -4012.345679  0.00015719397469843416
 -679.012346 -3888.888889  0.00016057525890050608
 -679.012346 -3765.432099  0.00016180496015638797
 -679.012346 -3641.975309  0.00016407078032814400
 -679.012346 -3518.518519  0.00015792850286679212
 -679.012346 -3395.061728  0.00015057821270623528
 -679.012346 -3271.604938  0.00014256198973316330
 -679.012346 -3148.148148  0.00013393876575684867
 -679.012346 -3024.691358  0.00012642865382640319
 -679.012346 -2901.234568  0.00012402144408350249
 -679.012346 -2777.777778  0.00013000029861990787
 -679.012346 -2654.320988  0.00013634873184281918
 -679.012346 -2530.864198  0.00011642544115750634
 -679.012346 -2407.407407  0.00010614282266841917
 -679.012346 -2283.950617  0.00010744867826045844
 -679.012346 -2160.493827  0.00010981973733515542
 -679.012346 -2037.037037  0.00010401354550259514
 -679.012346 -1913.580247  0.00009684068916612955
 -679.012346 -1790.123457  0.00009014361178996342
 -679.012346 -1666.666667  0.00008695304261489152
 -679.012346 -1543.209877  0.00008501152141447293
 -679.012346 -1419.753086  0.00008106266288683209
 -679.012346 -1296.296296  0.00007859132267918465
 -679.012346 -1172.839506  0.00007782297173159129
 -679.012346 -1049.382716  0.00007539518168834461
 -679.012346  -925.925926  0.00007285032951803824
 -679.012346  -802.469136  0.00007049642051976450
 -679.012346  -679.012346  0.00006682423988044471
 -679.012346  -555.555556  0.00006115602121789042
 -679.012346  -432.098765  0.00005423822218128833
 -679.012346  -308.641975  0.00004423645644474791
 -679.012346  -185.185185  0.00003244823620324913
 -679.012346   -61.728395  0.00000618392362058765
 -679.012346    61.728395  -0.00000618392361977928
 -679.012346   185.185185  -0.00003244823620406167
 -679.012346   308.641975  -0.00004423645644738485
 -679.012346   432.098765  -0.00005423822218541483
 -679.012346   555.555556  -0.00006115602122296545
 -679.012346   679.012346  -0.00006682423988598408
 -679.012346   802.469136  -0.00007049642052540180
 -679.012346   925.925926  -0.00007285032952356789
 -679.012346  1049.382716  -0.00007539518169364734
 -679.012346  1172.839506  -0.00007782297173667217
 -679.012346  1296.296296  -0.00007859132268399918
 -679.012346  1419.753086  -0.00008106266289148550
 -679.012346  1543.209877  -0.00008501152141898856
 -679.012346  1666.666667  -0.00008695304261930922
 -679.012346  1790.123457  -0.00009014361179431973
 -679.012346  1913.580247  -0.00009684068917046259
 -679.012346  2037.037037  -0.00010401354550685611
 -679.012346  2160.493827  -0.00010981973733932995
 -679.012346  2283.950617  -0.00010744867826447073
 -679.012346  2407.407407  -0.00010614282267235988
 -679.012346  2530.864198  -0.00011642544116141360
 -679.012346  2654.320988  -0.00013634873184697034
 -679.012346  2777.777778  -0.00013000029862391102
 -679.012346  2901.234568  -0.00012402144408730359
 -679.012346  3024.691358  -0.00012642865383009764
 -679.012346  3148.148148  -0.00013393876576054588
 -679.012346  3271.604938  -0.00014256198973691857
 -679.012346  3395.061728  -0.00015057821271006558
 -679.012346  3518.518519  -0.00015792850287066627
 -679.012346  3641.975309  -0.00016407078033201878
 -679.012346  3765.432099  -0.00016180496016014997
 -679.012346  3888.888889  -0.00016057525890415586
 -679.012346  4012.345679  -0.00015719397470190244
 -679.012346  4135.802469  -0.00015612908510394006
 -679.012346  4259.259259  -0.00016058829243512107
 -679.012346  4382.716049  -0.00017030878711727198
 -679.012346  4506.172840  -0.00018411890859671017
 -679.012346  4629.629630  -0.00019728720878551620
 -679.012346  4753.086420  -0.00019163488879403998
 -679.012346  4876.543210  -0.00015009403770268939

 -555.555556 -5000.000000  0.00001247143238612346
 -555.555556 -4876.543210  0.00015084937829723115
 -555.555556 -4753.086420  0.00019251901382422745
 -555.555556 -4629.629630  0.00019822081707516738
 -555.555556 -4506.172840  0.00018507245206491493
 -555.555556 -4382.716049  0.00017128489012575325
 -555.555556 -4259.259259  0.00016158561323652689
 -555.555556 -4135.802469  0.00015714016637415285
 -555.555556 -4012.345679  0.00015820586525974595
 -555.555556 -3888.888889  0.00016162769642539889
 -555.555556 -3765.432099  0.00016282202267718101
 -555.555556 -3641.975309  0.00016495427599199158
 -555.555556 -3518.518519  0.00015883623190636174
 -555.555556 -3395.061728  0.00015146804172825549
 -555.555556 -3271.604938  0.00014347618543951061
 -555.555556 -3148.148148  0.00013484754088183645
 -555.555556 -3024.691358  0.00012733621264015023
 -555.555556 -2901.234568  0.00012492017609785574
 -555.555556 -2777.777778  0.00013091468457186446
 -555.555556 -2654.320988  0.00013730173975288923
 -555.555556 -2530.864198  0.00011736282842773767
 -555.555556 -2407.407407  0.00010701488488640593
 -555.555556 -2283.950617  0.00010828921264702780
 -555.555556 -2160.493827  0.00011074989441819580
 -555.555556 -2037.037037  0.00010502668711798037
 -555.555556 -1913.580247  0.00009793724454630906
 -555.555556 -1790.123457  0.00009130394370827281
 -555.555556 -1666.666667  0.00008819385695497915
 -555.555556 -1543.209877  0.00008636833430865111
 -555.555556 -1419.753086  0.00008257914188743419
 -555.555556 -1296.296296  0.00008035840164725211
 -555.555556 -1172.839506  0.00008000354864550922
 -555.555556 -1049.382716  0.00007801371274607417
 -555.555556  -925.925926  0.00007600919722087259
 -555.555556  -802.469136  0.00007428707546679621
 -555.555556  -679.012346  0.00007108839016112255
 -555.555556  -555.555556  0.00006549160337375744
 -555.555556  -432.098765  0.00005822730363902900
 -555.555556  -308.641975  0.00004739273807425203
 -555.555556  -185.185185  0.00003470056825154298
 -555.555556   -61.728395  0.00000636267001890225
 -555.555556    61.728395  -0.00000636267001522628
 -555.555556   185.185185  -0.00003470056824974290
 -555.555556   308.641975  -0.00004739273807471947
 -555.555556   432.098765  -0.00005822730364142384
 -555.555556   555.555556  -0.00006549160337744558
 -555.555556   679.012346  -0.00007108839016550469
 -555.555556   802.469136  -0.00007428707547141044
 -555.555556   925.925926  -0.00007600919722544973
 -555.555556  1049.382716  -0.00007801371275046131
 -555.555556  1172.839506  -0.00008000354864968779
 -555.555556  1296.296296  -0.00008035840165118724
 -555.555556  1419.753086  -0.00008257914189122071
 -555.555556  1543.209877  -0.00008636833431232160
 -555.555556  1666.666667  -0.00008819385695858209
 -555.555556  1790.123457  -0.00009130394371184065
 -555.555556  1913.580247  -0.00009793724454986520
 -555.555556  2037.037037  -0.00010502668712146805
 -555.555556  2160.493827  -0.00011074989442159127
 -555.555556  2283.950617  -0.00010828921265026981
 -555.555556  2407.407407  -0.00010701488488959809
 -555.555556  2530.864198  -0.00011736282843095256
 -555.555556  2654.320988  -0.00013730173975629368
 -555.555556  2777.777778  -0.00013091468457514921
 -555.555556  2901.234568  -0.00012492017610097627
 -555.555556  3024.691358  -0.00012733621264317989
 -555.555556  3148.148148  -0.00013484754088486484
 -555.555556  3271.604938  -0.00014347618544258324
 -555.555556  3395.061728  -0.00015146804173139051
 -555.555556  3518.518519  -0.00015883623190953146
 -555.555556  3641.975309  -0.00016495427599515599
 -555.555556  3765.432099  -0.00016282202268026440
 -555.555556  3888.888889  -0.00016162769642839471
 -555.555556  4012.345679  -0.00015820586526258748
 -555.555556  4135.802469  -0.00015714016637689466
 -555.555556  4259.259259  -0.00016158561323925691
 -555.555556  4382.716049  -0.00017128489012856334
 -555.555556  4506.172840  -0.00018507245206787667
 -555.555556  4629.629630  -0.00019822081707824969
 -555.555556  4753.086420  -0.00019251901382720914
 -555.555556  4876.543210  -0.00015084937829946683

 -432.098765 -5000.000000  0.00001281190352885764
 -432.098765 -4876.543210  0.00015196633065541799
 -432.098765 -4753.086420  0.00019330314988243440
 -432.098765 -4629.629630  0.00019903491975362732
 -432.098765 -4506.172840  0.00018589638721876469
 -432.098765 -4382.716049  0.00017225132565215347
 -432.098765 -4259.259259  0.00016263134120903731
 -432.098765 -4135.802469  0.00015815299591207021
 -432.098765 -4012.345679  0.00015918481970677746
 -432.098765 -3888.888889  0.00016259812025271189
 -432.098765 -3765.432099  0.00016374338455856167
 -432.098765 -3641.975309  0.00016596815908320319
 -432.098765 -3518.518519  0.00015981348975851469
 -432.098765 -3395.061728  0.00015246110360136710
 -432.098765 -3271.604938  0.00014451344386266735
 -432.098765 -3148.148148  0.00013590679950188864
 -432.098765 -3024.691358  0.00012835110232517494
 -432.098765 -2901.234568  0.00012585837666712770
 -432.098765 -2777.777778  0.00013184809124124676
 -432.098765 -2654.320988  0.00013828789037762017
 -432.098765 -2530.864198  0.00011828960969450128
 -432.098765 -2407.407407  0.00010826288633532728
 -432.098765 -2283.950617  0.00010964463307293550
 -432.098765 -2160.493827  0.00011227979135408996
 -432.098765 -2037.037037  0.00010653906933912929
 -432.098765 -1913.580247  0.00009942611435594958
 -432.098765 -1790.123457  0.00009275901524604803
 -432.098765 -1666.666667  0.00008970296104870687
 -432.098765 -1543.209877  0.00008798777081641399
 -432.098765 -1419.753086  0.00008430598610912037
 -432.098765 -1296.296296  0.00008228857274576592
 -432.098765 -1172.839506  0.00008226579824387532
 -432.098765 -1049.382716  0.00008060234149628555
 -432.098765  -925.925926  0.00007897980933801653
 -432.098765  -802.469136  0.00007770060892371956
 -432.098765  -679.012346  0.00007479173689463724
 -432.098765  -555.555556  0.00006914400656063692
 -432.098765  -432.098765  0.00006150605564510322
 -432.098765  -308.641975  0.00004992839545646630
 -432.098765  -185.185185  0.00003651060356004630
 -432.098765   -61.728395  0.00000641542478453768
 -432.098765    61.728395  -0.00000641542477910476
 -432.098765   185.185185  -0.00003651060355655851
 -432.098765   308.641975  -0.00004992839545541380
 -432.098765   432.098765  -0.00006150605564616539
 -432.098765   555.555556  -0.00006914400656315574
 -432.098765   679.012346  -0.00007479173689797516
 -432.098765   802.469136  -0.00007770060892738336
 -432.098765   925.925926  -0.00007897980934170680
 -432.098765  1049.382716  -0.00008060234149983172
 -432.098765  1172.839506  -0.00008226579824723921
 -432.098765  1296.296296  -0.00008228857274892023
 -432.098765  1419.753086  -0.00008430598611214482
 -432.098765  1543.209877  -0.00008798777081935013
 -432.098765  1666.666667  -0.00008970296105159914
 -432.098765  1790.123457  -0.00009275901524892500
 -432.098765  1913.580247  -0.00009942611435882878
 -432.098765  2037.037037  -0.00010653906934195067
 -432.098765  2160.493827  -0.00011227979135682058
 -432.098765  2283.950617  -0.00010964463307552066
 -432.098765  2407.407407  -0.00010826288633788064
 -432.098765  2530.864198  -0.00011828960969711826
 -432.098765  2654.320988  -0.00013828789038036824
 -432.098765  2777.777778  -0.00013184809124389501
 -432.098765  2901.234568  -0.00012585837666965701
 -432.098765  3024.691358  -0.00012835110232763868
 -432.098765  3148.148148  -0.00013590679950435685
 -432.098765  3271.604938  -0.00014451344386516443
 -432.098765  3395.061728  -0.00015246110360390028
 -432.098765  3518.518519  -0.00015981348976107119
 -432.098765  3641.975309  -0.00016596815908575163
 -432.098765  3765.432099  -0.00016374338456104544
 -432.098765  3888.888889  -0.00016259812025513608
 -432.098765  4012.345679  -0.00015918481970908301
 -432.098765  4135.802469  -0.00015815299591430415
 -432.098765  4259.259259  -0.00016263134121126339
 -432.098765  4382.716049  -0.00017225132565443281
 -432.098765  4506.172840  -0.00018589638722114296
 -432.098765  4629.629630  -0.00019903491975609841
 -432.098765  4753.086420  -0.00019330314988481872
 -432.098765  4876.543210  -0.00015196633065728236

 -308.641975 -5000.000000  0.00001325858652685585
 -308.641975 -4876.543210  0.00015327875615411799
 -308.641975 -4753.086420  0.00019396644178595659
 -308.641975 -4629.629630  0.00019970979817501483
 -308.641975 -4506.172840  0.00018657462211604515
 -308.641975 -4382.716049  0.00017314963956470674
 -308.641975 -4259.259259  0.00016364766875993301
 -308.641975 -4135.802469  0.00015910953432723488
 -308.641975 -4012.345679  0.00016007882440165737
 -308.641975 -3888.888889  0.00016345177103128784
 -308.641975 -3765.432099  0.00016450738763554672
 -308.641975 -3641.975309  0.00016687811758670055
 -308.641975 -3518.518519  0.00016066070324644789
 -308.641975 -3395.061728  0.00015334667071677797
 -308.641975 -3271.604938  0.00014547195603984667
 -308.641975 -3148.148148  0.00013691002193521833
 -308.641975 -3024.691358  0.00012929005721343248
 -308.641975 -2901.234568  0.00012667535241430266
 -308.641975 -2777.777778  0.00013263929969763779
 -308.641975 -2654.320988  0.00013913356896580193
 -308.641975 -2530.864198  0.00011906146943024045
 -308.641975 -2407.407407  0.00010963695890083331
 -308.641975 -2283.950617  0.00011120359771694705
 -308.641975 -2160.493827  0.00011406851305437494
 -308.641975 -2037.037037  0.00010823779026381752
 -308.641975 -1913.580247  0.00010102930946306915
 -308.641975 -1790.123457  0.00009426070502715341
 -308.641975 -1666.666667  0.00009123903572823164
 -308.641975 -1543.209877  0.00008962438852808206
 -308.641975 -1419.753086  0.00008600101355244086
 -308.641975 -1296.296296  0.00008413334219599840
 -308.641975 -1172.839506  0.00008435180809920325
 -308.641975 -1049.382716  0.00008289865600689946
 -308.641975  -925.925926  0.00008149973617559161
 -308.641975  -802.469136  0.00008047311869675480
 -308.641975  -679.012346  0.00007768724829819615
 -308.641975  -555.555556  0.00007191344062262086
 -308.641975  -432.098765  0.00006394268523031791
 -308.641975  -308.641975  0.00005179173127778316
 -308.641975  -185.185185  0.00003786264267299909
 -308.641975   -61.728395  0.00000640346364866039
 -308.641975    61.728395  -0.00000640346364312327
 -308.641975   185.185185  -0.00003786264266916625
 -308.641975   308.641975  -0.00005179173127611768
 -308.641975   432.098765  -0.00006394268523055682
 -308.641975   555.555556  -0.00007191344062419453
 -308.641975   679.012346  -0.00007768724830054278
 -308.641975   802.469136  -0.00008047311869943329
 -308.641975   925.925926  -0.00008149973617833227
 -308.641975  1049.382716  -0.00008289865600954422
 -308.641975  1172.839506  -0.00008435180810170600
 -308.641975  1296.296296  -0.00008413334219834100
 -308.641975  1419.753086  -0.00008600101355468359
 -308.641975  1543.209877  -0.00008962438853026537
 -308.641975  1666.666667  -0.00009123903573039087
 -308.641975  1790.123457  -0.00009426070502931036
 -308.641975  1913.580247  -0.00010102930946523700
 -308.641975  2037.037037  -0.00010823779026594276
 -308.641975  2160.493827  -0.00011406851305642232
 -308.641975  2283.950617  -0.00011120359771886587
 -308.641975  2407.407407  -0.00010963695890273648
 -308.641975  2530.864198  -0.00011906146943221141
 -308.641975  2654.320988  -0.00013913356896784492
 -308.641975  2777.777778  -0.00013263929969960556
 -308.641975  2901.234568  -0.00012667535241619432
 -308.641975  3024.691358  -0.00012929005721528931
 -308.641975  3148.148148  -0.00013691002193708243
 -308.641975  3271.604938  -0.00014547195604172283
 -308.641975  3395.061728  -0.00015334667071866608
 -308.641975  3518.518519  -0.00016066070324834351
 -308.641975  3641.975309  -0.00016687811758858749
 -308.641975  3765.432099  -0.00016450738763738179
 -308.641975  3888.888889  -0.00016345177103308661
 -308.641975  4012.345679  -0.00016007882440338049
 -308.641975  4135.802469  -0.00015910953432891556
 -308.641975  4259.259259  -0.00016364766876161222
 -308.641975  4382.716049  -0.00017314963956640756
 -308.641975  4506.172840  -0.00018657462211779332
 -308.641975  4629.629630  -0.00019970979817682800
 -308.641975  4753.086420  -0.00019396644178769779
 -308.641975  4876.543210  -0.00015327875615556998

 -185.185185 -5000.000000  0.00001355547904520729
 -185.185185 -4876.543210  0.00015417392001243436
 -185.185185 -4753.086420  0.00019443010167115611
 -185.185185 -4629.629630  0.00020017772475306884
 -185.185185 -4506.172840  0.00018704841383675424
 -185.185185 -4382.716049  0.00017376941997147659
 -185.185185 -4259.259259  0.00016434759021829887
 -185.185185 -4135.802469  0.00015977678682581100
 -185.185185 -4012.345679  0.00016069701818049642
 -185.185185 -3888.888889  0.00016405045571772623
 -185.185185 -3765.432099  0.00016498620600343105
 -185.185185 -3641.975309  0.00016727701694409328
 -185.185185 -3518.518519  0.00016104321596820096
 -185.185185 -3395.061728  0.00015375536271549820
 -185.185185 -3271.604938  0.00014595695469579110
 -185.185185 -3148.148148  0.00013743143631000568
 -185.185185 -3024.691358  0.00012978282291767281
 -185.185185 -2901.234568  0.00012708705291869326
 -185.185185 -2777.777778  0.00013302403382362370
 -185.185185 -2654.320988  0.00013954635924445194
 -185.185185 -2530.864198  0.00011944843627860660
 -185.185185 -2407.407407  0.00011045194292478276
 -185.185185 -2283.950617  0.00011211567092020762
 -185.185185 -2160.493827  0.00011513679514808348
 -185.185185 -2037.037037  0.00010925073081094172
 -185.185185 -1913.580247  0.00010199205704005925
 -185.185185 -1790.123457  0.00009516550221699338
 -185.185185 -1666.666667  0.00009217710680766125
 -185.185185 -1543.209877  0.00009063795038398998
 -185.185185 -1419.753086  0.00008705774595732299
 -185.185185 -1296.296296  0.00008529036759780969
 -185.185185 -1172.839506  0.00008566713547698760
 -185.185185 -1049.382716  0.00008434259967959090
 -185.185185  -925.925926  0.00008307243956490603
 -185.185185  -802.469136  0.00008217902207909277
 -185.185185  -679.012346  0.00007943765820458433
 -185.185185  -555.555556  0.00007355130218670319
 -185.185185  -432.098765  0.00006534224977314093
 -185.185185  -308.641975  0.00005282502264704039
 -185.185185  -185.185185  0.00003859445074259240
 -185.185185   -61.728395  0.00000637390806604862
 -185.185185    61.728395  -0.00000637390806204305
 -185.185185   185.185185  -0.00003859445073974460
 -185.185185   308.641975  -0.00005282502264567188
 -185.185185   432.098765  -0.00006534224977308705
 -185.185185   555.555556  -0.00007355130218758748
 -185.185185   679.012346  -0.00007943765820602776
 -185.185185   802.469136  -0.00008217902208078856
 -185.185185   925.925926  -0.00008307243956666619
 -185.185185  1049.382716  -0.00008434259968130001
 -185.185185  1172.839506  -0.00008566713547860795
 -185.185185  1296.296296  -0.00008529036759932380
 -185.185185  1419.753086  -0.00008705774595877605
 -185.185185  1543.209877  -0.00009063795038541328
 -185.185185  1666.666667  -0.00009217710680907657
 -185.185185  1790.123457  -0.00009516550221841071
 -185.185185  1913.580247  -0.00010199205704149643
 -185.185185  2037.037037  -0.00010925073081234948
 -185.185185  2160.493827  -0.00011513679514943896
 -185.185185  2283.950617  -0.00011211567092146107
 -185.185185  2407.407407  -0.00011045194292603226
 -185.185185  2530.864198  -0.00011944843627986266
 -185.185185  2654.320988  -0.00013954635924571962
 -185.185185  2777.777778  -0.00013302403382484468
 -185.185185  2901.234568  -0.00012708705291988330
 -185.185185  3024.691358  -0.00012978282291885540
 -185.185185  3148.148148  -0.00013743143631119698
 -185.185185  3271.604938  -0.00014595695469697784
 -185.185185  3395.061728  -0.00015375536271667513
 -185.185185  3518.518519  -0.00016104321596937147
 -185.185185  3641.975309  -0.00016727701694525110
 -185.185185  3765.432099  -0.00016498620600456101
 -185.185185  3888.888889  -0.00016405045571885374
 -185.185185  4012.345679  -0.00016069701818158396
 -185.185185  4135.802469  -0.00015977678682688843
 -185.185185  4259.259259  -0.00016434759021937854
 -185.185185  4382.716049  -0.00017376941997255328
 -185.185185  4506.172840  -0.00018704841383782617
 -185.185185  4629.629630  -0.00020017772475417278
 -185.185185  4753.086420  -0.00019443010167221136
 -185.185185  4876.543210  -0.00015417392001342139

  -61.728395 -5000.000000  0.00001310065085544086
  -61.728395 -4876.543210  0.00015311786728757398
  -61.728395 -4753.086420  0.00019441805796380557
  -61.728395 -4629.629630  0.00020020241679770043
  -61.728395 -4506.172840  0.00018709086690358990
  -61.728395 -4382.716049  0.00017353317647630096
  -61.728395 -4259.259259  0.00016396346080802589
  -61.728395 -4135.802469  0.00015947534350519444
  -61.728395 -4012.345679  0.00016050502441112863
  -61.728395 -3888.888889  0.00016395330399876157
  -61.728395 -3765.432099  0.00016504969038006582
  -61.728395 -3641.975309  0.00016726626290779035
  -61.728395 -3518.518519  0.00016109765840138072
  -61.728395 -3395.061728  0.00015374819046833240
  -61.728395 -3271.604938  0.00014582829076854772
  -61.728395 -3148.148148  0.00013722712462051139
  -61.728395 -3024.691358  0.00012964451315510561
  -61.728395 -2901.234568  0.00012711278250818525
  -61.728395 -2777.777778  0.00013312576480573748
  -61.728395 -2654.320988  0.00013962583798346234
  -61.728395 -2530.864198  0.00011957668759703604
  -61.728395 -2407.407407  0.00010967249349628448
  -61.728395 -2283.950617  0.00011103768853802738
  -61.728395 -2160.493827  0.00011382025767658969
  -61.728395 -2037.037037  0.00010813950574964064
  -61.728395 -1913.580247  0.00010110379006899986
  -61.728395 -1790.123457  0.00009449555765902681
  -61.728395 -1666.666667  0.00009156008920806271
  -61.728395 -1543.209877  0.00009002255080617563
  -61.728395 -1419.753086  0.00008654713786564415
  -61.728395 -1296.296296  0.00008484310650575056
  -61.728395 -1172.839506  0.00008529869418619290
  -61.728395 -1049.382716  0.00008411519193680073
  -61.728395  -925.925926  0.00008303632405600421
  -61.728395  -802.469136  0.00008233548667092915
  -61.728395  -679.012346  0.00007975562597591108
  -61.728395  -555.555556  0.00007392396347781923
  -61.728395  -432.098765  0.00006559918511172032
  -61.728395  -308.641975  0.00005287139557179953
  -61.728395  -185.185185  0.00003843136173213652
  -61.728395   -61.728395  0.00000640449500800203
  -61.728395    61.728395  -0.00000640449500672147
  -61.728395   185.185185  -0.00003843136173108927
  -61.728395   308.641975  -0.00005287139557110674
  -61.728395   432.098765  -0.00006559918511136889
  -61.728395   555.555556  -0.00007392396347772369
  -61.728395   679.012346  -0.00007975562597598083
  -61.728395   802.469136  -0.00008233548667107801
  -61.728395   925.925926  -0.00008303632405617982
  -61.728395  1049.382716  -0.00008411519193697199
  -61.728395  1172.839506  -0.00008529869418633814
  -61.728395  1296.296296  -0.00008484310650589272
  -61.728395  1419.753086  -0.00008654713786577417
  -61.728395  1543.209877  -0.00009002255080630824
  -61.728395  1666.666667  -0.00009156008920820796
  -61.728395  1790.123457  -0.00009449555765917965
  -61.728395  1913.580247  -0.00010110379006916066
  -61.728395  2037.037037  -0.00010813950574977834
  -61.728395  2160.493827  -0.00011382025767670161
  -61.728395  2283.950617  -0.00011103768853811680
  -61.728395  2407.407407  -0.00010967249349638795
  -61.728395  2530.864198  -0.00011957668759714946
  -61.728395  2654.320988  -0.00013962583798358480
  -61.728395  2777.777778  -0.00013312576480585815
  -61.728395  2901.234568  -0.00012711278250830072
  -61.728395  3024.691358  -0.00012964451315520701
  -61.728395  3148.148148  -0.00013722712462061132
  -61.728395  3271.604938  -0.00014582829076864666
  -61.728395  3395.061728  -0.00015374819046842447
  -61.728395  3518.518519  -0.00016109765840147366
  -61.728395  3641.975309  -0.00016726626290786538
  -61.728395  3765.432099  -0.00016504969038014906
  -61.728395  3888.888889  -0.00016395330399884324
  -61.728395  4012.345679  -0.00016050502441119076
  -61.728395  4135.802469  -0.00015947534350525578
  -61.728395  4259.259259  -0.00016396346080808160
  -61.728395  4382.716049  -0.00017353317647636533
  -61.728395  4506.172840  -0.00018709086690367008
  -61.728395  4629.629630  -0.00020020241679776819
  -61.728395  4753.086420  -0.00019441805796387656
  -61.728395  4876.543210  -0.00015311786728756620

   61.728395 -5000.000000  0.00001310065085539027
   61.728395 -4876.543210  0.00015311786728756732
   61.728395 -4753.086420  0.00019441805796393782
   61.728395 -4629.629630  0.00020020241679783059
   61.728395 -4506.172840  0.00018709086690372049
   61.728395 -4382.716049  0.00017353317647639466
   61.728395 -4259.259259  0.00016396346080809770
   61.728395 -4135.802469  0.00015947534350527017
   61.728395 -4012.345679  0.00016050502441121908
   61.728395 -3888.888889  0.00016395330399887373
   61.728395 -3765.432099  0.00016504969038018996
   61.728395 -3641.975309  0.00016726626290791967
   61.728395 -3518.518519  0.00016109765840151163
   61.728395 -3395.061728  0.00015374819046845469
   61.728395 -3271.604938  0.00014582829076865639
   61.728395 -3148.148148  0.00013722712462061129
   61.728395 -3024.691358  0.00012964451315520661
   61.728395 -2901.234568  0.00012711278250830023
   61.728395 -2777.777778  0.00013312576480586851
   61.728395 -2654.320988  0.00013962583798359836
   61.728395 -2530.864198  0.00011957668759714693
   61.728395 -2407.407407  0.00010967249349641412
   61.728395 -2283.950617  0.00011103768853815245
   61.728395 -2160.493827  0.00011382025767673160
   61.728395 -2037.037037  0.00010813950574979994
   61.728395 -1913.580247  0.00010110379006917478
   61.728395 -1790.123457  0.00009449555765920401
   61.728395 -1666.666667  0.00009156008920823478
   61.728395 -1543.209877  0.00009002255080634524
   61.728395 -1419.753086  0.00008654713786582078
   61.728395 -1296.296296  0.00008484310650594121
   61.728395 -1172.839506  0.00008529869418639865
   61.728395 -1049.382716  0.00008411519193703219
   61.728395  -925.925926  0.00008303632405625821
   61.728395  -802.469136  0.00008233548667118812
   61.728395  -679.012346  0.00007975562597612995
   61.728395  -555.555556  0.00007392396347792372
   61.728395  -432.098765  0.00006559918511161433
   61.728395  -308.641975  0.00005287139557138644
   61.728395  -185.185185  0.00003843136173138078
   61.728395   -61.728395  0.00000640449500697488
   61.728395    61.728395  -0.00000640449500772068
   61.728395   185.185185  -0.00003843136173179836
   61.728395   308.641975  -0.00005287139557147794
   61.728395   432.098765  -0.00006559918511145346
   61.728395   555.555556  -0.00007392396347761033
   61.728395   679.012346  -0.00007975562597575933
   61.728395   802.469136  -0.00008233548667081074
   61.728395   925.925926  -0.00008303632405591018
   61.728395  1049.382716  -0.00008411519193671987
   61.728395  1172.839506  -0.00008529869418611275
   61.728395  1296.296296  -0.00008484310650568619
   61.728395  1419.753086  -0.00008654713786558629
   61.728395  1543.209877  -0.00009002255080613341
   61.728395  1666.666667  -0.00009156008920804153
   61.728395  1790.123457  -0.00009449555765901523
   61.728395  1913.580247  -0.00010110379006899670
   61.728395  2037.037037  -0.00010813950574962236
   61.728395  2160.493827  -0.00011382025767655156
   61.728395  2283.950617  -0.00011103768853797653
   61.728395  2407.407407  -0.00010967249349624778
   61.728395  2530.864198  -0.00011957668759701956
   61.728395  2654.320988  -0.00013962583798341694
   61.728395  2777.777778  -0.00013312576480569956
   61.728395  2901.234568  -0.00012711278250816737
   61.728395  3024.691358  -0.00012964451315509119
   61.728395  3148.148148  -0.00013722712462049886
   61.728395  3271.604938  -0.00014582829076852598
   61.728395  3395.061728  -0.00015374819046829282
   61.728395  3518.518519  -0.00016109765840133269
   61.728395  3641.975309  -0.00016726626290772481
   61.728395  3765.432099  -0.00016504969038001096
   61.728395  3888.888889  -0.00016395330399872796
   61.728395  4012.345679  -0.00016050502441109139
   61.728395  4135.802469  -0.00015947534350516850
   61.728395  4259.259259  -0.00016396346080800223
   61.728395  4382.716049  -0.00017353317647626510
   61.728395  4506.172840  -0.00018709086690353713
   61.728395  4629.629630  -0.00020020241679763302
   61.728395  4753.086420  -0.00019441805796374125
   61.728395  4876.543210  -0.00015311786728757629

  185.185185 -5000.000000  0.00001355547904531798
  185.185185 -4876.543210  0.00015417392001342169
  185.185185 -4753.086420  0.00019443010167227964
  185.185185 -4629.629630  0.00020017772475424143
  185.185185 -4506.172840  0.00018704841383787848
  185.185185 -4382.716049  0.00017376941997258359
  185.185185 -4259.259259  0.00016434759021939470
  185.185185 -4135.802469  0.00015977678682690155
  185.185185 -4012.345679  0.00016069701818161248
  185.185185 -3888.888889  0.00016405045571888350
  185.185185 -3765.432099  0.00016498620600460511
  185.185185 -3641.975309  0.00016727701694530585
  185.185185 -3518.518519  0.00016104321596940876
  185.185185 -3395.061728  0.00015375536271670478
  185.185185 -3271.604938  0.00014595695469698866
  185.185185 -3148.148148  0.00013743143631119486
  185.185185 -3024.691358  0.00012978282291885440
  185.185185 -2901.234568  0.00012708705291988455
  185.185185 -2777.777778  0.00013302403382485888
  185.185185 -2654.320988  0.00013954635924573561
  185.185185 -2530.864198  0.00011944843627986096
  185.185185 -2407.407407  0.00011045194292605980
  185.185185 -2283.950617  0.00011211567092149582
  185.185185 -2160.493827  0.00011513679514946440
  185.185185 -2037.037037  0.00010925073081236454
  185.185185 -1913.580247  0.00010199205704150589
  185.185185 -1790.123457  0.00009516550221842933
  185.185185 -1666.666667  0.00009217710680909859
  185.185185 -1543.209877  0.00009063795038544862
  185.185185 -1419.753086  0.00008705774595882046
  185.185185 -1296.296296  0.00008529036759936977
  185.185185 -1172.839506  0.00008566713547866402
  185.185185 -1049.382716  0.00008434259968135480
  185.185185  -925.925926  0.00008307243956673739
  185.185185  -802.469136  0.00008217902208089113
  185.185185  -679.012346  0.00007943765820616983
  185.185185  -555.555556  0.00007355130218778508
  185.185185  -432.098765  0.00006534224977333118
  185.185185  -308.641975  0.00005282502264595651
  185.185185  -185.185185  0.00003859445074004133
  185.185185   -61.728395  0.00000637390806231065
  185.185185    61.728395  -0.00000637390806583599
  185.185185   185.185185  -0.00003859445074231371
  185.185185   308.641975  -0.00005282502264677809
  185.185185   432.098765  -0.00006534224977292547
  185.185185   555.555556  -0.00007355130218654388
  185.185185   679.012346  -0.00007943765820447392
  185.185185   802.469136  -0.00008217902207901218
  185.185185   925.925926  -0.00008307243956484594
  185.185185  1049.382716  -0.00008434259967954212
  185.185185  1172.839506  -0.00008566713547693687
  185.185185  1296.296296  -0.00008529036759777251
  185.185185  1419.753086  -0.00008705774595729236
  185.185185  1543.209877  -0.00009063795038397396
  185.185185  1666.666667  -0.00009217710680766306
  185.185185  1790.123457  -0.00009516550221700304
  185.185185  1913.580247  -0.00010199205704007775
  185.185185  2037.037037  -0.00010925073081094746
  185.185185  2160.493827  -0.00011513679514806836
  185.185185  2283.950617  -0.00011211567092017554
  185.185185  2407.407407  -0.00011045194292476354
  185.185185  2530.864198  -0.00011944843627861828
  185.185185  2654.320988  -0.00013954635924443386
  185.185185  2777.777778  -0.00013302403382360793
  185.185185  2901.234568  -0.00012708705291869610
  185.185185  3024.691358  -0.00012978282291768194
  185.185185  3148.148148  -0.00013743143631001972
  185.185185  3271.604938  -0.00014595695469579457
  185.185185  3395.061728  -0.00015375536271548283
  185.185185  3518.518519  -0.00016104321596817654
  185.185185  3641.975309  -0.00016727701694405143
  185.185185  3765.432099  -0.00016498620600339668
  185.185185  3888.888889  -0.00016405045571771164
  185.185185  4012.345679  -0.00016069701818047848
  185.185185  4135.802469  -0.00015977678682580748
  185.185185  4259.259259  -0.00016434759021829702
  185.185185  4382.716049  -0.00017376941997146461
  185.185185  4506.172840  -0.00018704841383672486
  185.185185  4629.629630  -0.00020017772475302472
  185.185185  4753.086420  -0.00019443010167111491
  185.185185  4876.543210  -0.00015417392001245846

  308.641975 -5000.000000  0.00001325858652696219
  308.641975 -4876.543210  0.00015327875615557025
  308.641975 -4753.086420  0.00019396644178776767
  308.641975 -4629.629630  0.00019970979817689790
  308.641975 -4506.172840  0.00018657462211784601
  308.641975 -4382.716049  0.00017314963956643976
  308.641975 -4259.259259  0.00016364766876162738
  308.641975 -4135.802469  0.00015910953432892933
  308.641975 -4012.345679  0.00016007882440340773
  308.641975 -3888.888889  0.00016345177103311529
  308.641975 -3765.432099  0.00016450738763742388
  308.641975 -3641.975309  0.00016687811758863926
  308.641975 -3518.518519  0.00016066070324838010
  308.641975 -3395.061728  0.00015334667071869657
  308.641975 -3271.604938  0.00014547195604173524
  308.641975 -3148.148148  0.00013691002193708289
  308.641975 -3024.691358  0.00012929005721529262
  308.641975 -2901.234568  0.00012667535241619885
  308.641975 -2777.777778  0.00013263929969962234
  308.641975 -2654.320988  0.00013913356896786278
  308.641975 -2530.864198  0.00011906146943220943
  308.641975 -2407.407407  0.00010963695890276374
  308.641975 -2283.950617  0.00011120359771890211
  308.641975 -2160.493827  0.00011406851305645247
  308.641975 -2037.037037  0.00010823779026596366
  308.641975 -1913.580247  0.00010102930946525035
  308.641975 -1790.123457  0.00009426070502932997
  308.641975 -1666.666667  0.00009123903573041472
  308.641975 -1543.209877  0.00008962438853029899
  308.641975 -1419.753086  0.00008600101355472516
  308.641975 -1296.296296  0.00008413334219838415
  308.641975 -1172.839506  0.00008435180810175751
  308.641975 -1049.382716  0.00008289865600959562
  308.641975  -925.925926  0.00008149973617839870
  308.641975  -802.469136  0.00008047311869952838
  308.641975  -679.012346  0.00007768724830067473
  308.641975  -555.555556  0.00007191344062437691
  308.641975  -432.098765  0.00006394268523078210
  308.641975  -308.641975  0.00005179173127638093
  308.641975  -185.185185  0.00003786264266944179
  308.641975   -61.728395  0.00000640346364336910
  308.641975    61.728395  -0.00000640346364845809
  308.641975   185.185185  -0.00003786264267273339
  308.641975   308.641975  -0.00005179173127753419
  308.641975   432.098765  -0.00006394268523011426
  308.641975   555.555556  -0.00007191344062247025
  308.641975   679.012346  -0.00007768724829809182
  308.641975   802.469136  -0.00008047311869667693
  308.641975   925.925926  -0.00008149973617553293
  308.641975  1049.382716  -0.00008289865600684911
  308.641975  1172.839506  -0.00008435180809915007
  308.641975  1296.296296  -0.00008413334219596006
  308.641975  1419.753086  -0.00008600101355240771
  308.641975  1543.209877  -0.00008962438852806371
  308.641975  1666.666667  -0.00009123903572823274
  308.641975  1790.123457  -0.00009426070502716367
  308.641975  1913.580247  -0.00010102930946308615
  308.641975  2037.037037  -0.00010823779026382076
  308.641975  2160.493827  -0.00011406851305435752
  308.641975  2283.950617  -0.00011120359771691284
  308.641975  2407.407407  -0.00010963695890081452
  308.641975  2530.864198  -0.00011906146943024589
  308.641975  2654.320988  -0.00013913356896578461
  308.641975  2777.777778  -0.00013263929969762239
  308.641975  2901.234568  -0.00012667535241430374
  308.641975  3024.691358  -0.00012929005721343977
  308.641975  3148.148148  -0.00013691002193522598
  308.641975  3271.604938  -0.00014547195603984434
  308.641975  3395.061728  -0.00015334667071675547
  308.641975  3518.518519  -0.00016066070324641628
  308.641975  3641.975309  -0.00016687811758665317
  308.641975  3765.432099  -0.00016450738763550897
  308.641975  3888.888889  -0.00016345177103126857
  308.641975  4012.345679  -0.00016007882440163690
  308.641975  4135.802469  -0.00015910953432722623
  308.641975  4259.259259  -0.00016364766875992640
  308.641975  4382.716049  -0.00017314963956469151
  308.641975  4506.172840  -0.00018657462211601428
  308.641975  4629.629630  -0.00019970979817497122
  308.641975  4753.086420  -0.00019396644178591203
  308.641975  4876.543210  -0.00015327875615413328

  432.098765 -5000.000000  0.00001281190352894914
  432.098765 -4876.543210  0.00015196633065727810
  432.098765 -4753.086420  0.00019330314988488367
  432.098765 -4629.629630  0.00019903491975616433
  432.098765 -4506.172840  0.00018589638722119162
  432.098765 -4382.716049  0.00017225132565445970
  432.098765 -4259.259259  0.00016263134121127657
  432.098765 -4135.802469  0.00015815299591431372
  432.098765 -4012.345679  0.00015918481970910415
  432.098765 -3888.888889  0.00016259812025515915
  432.098765 -3765.432099  0.00016374338456108458
  432.098765 -3641.975309  0.00016596815908580563
  432.098765 -3518.518519  0.00015981348976110989
  432.098765 -3395.061728  0.00015246110360393191
  432.098765 -3271.604938  0.00014451344386517853
  432.098765 -3148.148148  0.00013590679950436105
  432.098765 -3024.691358  0.00012835110232764385
  432.098765 -2901.234568  0.00012585837666966162
  432.098765 -2777.777778  0.00013184809124391287
  432.098765 -2654.320988  0.00013828789038038667
  432.098765 -2530.864198  0.00011828960969711692
  432.098765 -2407.407407  0.00010826288633790935
  432.098765 -2283.950617  0.00010964463307555627
  432.098765 -2160.493827  0.00011227979135685204
  432.098765 -2037.037037  0.00010653906934197223
  432.098765 -1913.580247  0.00009942611435884158
  432.098765 -1790.123457  0.00009275901524894352
  432.098765 -1666.666667  0.00008970296105161949
  432.098765 -1543.209877  0.00008798777081938117
  432.098765 -1419.753086  0.00008430598611218350
  432.098765 -1296.296296  0.00008228857274895952
  432.098765 -1172.839506  0.00008226579824728792
  432.098765 -1049.382716  0.00008060234149988097
  432.098765  -925.925926  0.00007897980934176894
  432.098765  -802.469136  0.00007770060892746966
  432.098765  -679.012346  0.00007479173689809414
  432.098765  -555.555556  0.00006914400656331529
  432.098765  -432.098765  0.00006150605564636180
  432.098765  -308.641975  0.00004992839545564392
  432.098765  -185.185185  0.00003651060355679972
  432.098765   -61.728395  0.00000641542477931619
  432.098765    61.728395  -0.00000641542478435472
  432.098765   185.185185  -0.00003651060355980291
  432.098765   308.641975  -0.00004992839545623878
  432.098765   432.098765  -0.00006150605564491834
  432.098765   555.555556  -0.00006914400656049844
  432.098765   679.012346  -0.00007479173689454093
  432.098765   802.469136  -0.00007770060892364648
  432.098765   925.925926  -0.00007897980933795888
  432.098765  1049.382716  -0.00008060234149623565
  432.098765  1172.839506  -0.00008226579824382171
  432.098765  1296.296296  -0.00008228857274572541
  432.098765  1419.753086  -0.00008430598610908612
  432.098765  1543.209877  -0.00008798777081639418
  432.098765  1666.666667  -0.00008970296104870456
  432.098765  1790.123457  -0.00009275901524605367
  432.098765  1913.580247  -0.00009942611435596183
  432.098765  2037.037037  -0.00010653906933912565
  432.098765  2160.493827  -0.00011227979135406680
  432.098765  2283.950617  -0.00010964463307289978
  432.098765  2407.407407  -0.00010826288633530485
  432.098765  2530.864198  -0.00011828960969449982
  432.098765  2654.320988  -0.00013828789037760055
  432.098765  2777.777778  -0.00013184809124123075
  432.098765  2901.234568  -0.00012585837666712743
  432.098765  3024.691358  -0.00012835110232517691
  432.098765  3148.148148  -0.00013590679950189181
  432.098765  3271.604938  -0.00014451344386265700
  432.098765  3395.061728  -0.00015246110360133820
  432.098765  3518.518519  -0.00015981348975847848
  432.098765  3641.975309  -0.00016596815908314873
  432.098765  3765.432099  -0.00016374338455851930
  432.098765  3888.888889  -0.00016259812025269110
  432.098765  4012.345679  -0.00015918481970675217
  432.098765  4135.802469  -0.00015815299591205508
  432.098765  4259.259259  -0.00016263134120902400
  432.098765  4382.716049  -0.00017225132565213167
  432.098765  4506.172840  -0.00018589638721872972
  432.098765  4629.629630  -0.00019903491975357696
  432.098765  4753.086420  -0.00019330314988238643
  432.098765  4876.543210  -0.00015196633065542832

  555.555556 -5000.000000  0.00001247143238619561
  555.555556 -4876.543210  0.00015084937829945106
  555.555556 -4753.086420  0.00019251901382725625
  555.555556 -4629.629630  0.00019822081707829861
  555.555556 -4506.172840  0.00018507245206791082
  555.555556 -4382.716049  0.00017128489012857776
  555.555556 -4259.259259  0.00016158561323925363
  555.555556 -4135.802469  0.00015714016637689084
  555.555556 -4012.345679  0.00015820586526259616
  555.555556 -3888.888889  0.00016162769642840501
  555.555556 -3765.432099  0.00016282202268029202
  555.555556 -3641.975309  0.00016495427599519464
  555.555556 -3518.518519  0.00015883623190955578
  555.555556 -3395.061728  0.00015146804173140599
  555.555556 -3271.604938  0.00014347618544258552
  555.555556 -3148.148148  0.00013484754088485983
  555.555556 -3024.691358  0.00012733621264317423
  555.555556 -2901.234568  0.00012492017610096935
  555.555556 -2777.777778  0.00013091468457515382
  555.555556 -2654.320988  0.00013730173975629961
  555.555556 -2530.864198  0.00011736282843093903
  555.555556 -2407.407407  0.00010701488488961360
  555.555556 -2283.950617  0.00010828921265029128
  555.555556 -2160.493827  0.00011074989442161114
  555.555556 -2037.037037  0.00010502668712147875
  555.555556 -1913.580247  0.00009793724454986778
  555.555556 -1790.123457  0.00009130394371184916
  555.555556 -1666.666667  0.00008819385695859094
  555.555556 -1543.209877  0.00008636833431233844
  555.555556 -1419.753086  0.00008257914189124334
  555.555556 -1296.296296  0.00008035840165121151
  555.555556 -1172.839506  0.00008000354864971966
  555.555556 -1049.382716  0.00007801371275049418
  555.555556  -925.925926  0.00007600919722549427
  555.555556  -802.469136  0.00007428707547147545
  555.555556  -679.012346  0.00007108839016559243
  555.555556  -555.555556  0.00006549160337757021
  555.555556  -432.098765  0.00005822730364157815
  555.555556  -308.641975  0.00004739273807490026
  555.555556  -185.185185  0.00003470056824993371
  555.555556   -61.728395  0.00000636267001538912
  555.555556    61.728395  -0.00000636267001874416
  555.555556   185.185185  -0.00003470056825132768
  555.555556   308.641975  -0.00004739273807405012
  555.555556   432.098765  -0.00005822730363886673
  555.555556   555.555556  -0.00006549160337363586
  555.555556   679.012346  -0.00007108839016103410
  555.555556   802.469136  -0.00007428707546672578
  555.555556   925.925926  -0.00007600919722081348
  555.555556  1049.382716  -0.00007801371274602066
  555.555556  1172.839506  -0.00008000354864545163
  555.555556  1296.296296  -0.00008035840164720857
  555.555556  1419.753086  -0.00008257914188739803
  555.555556  1543.209877  -0.00008636833430862673
  555.555556  1666.666667  -0.00008819385695497234
  555.555556  1790.123457  -0.00009130394370827335
  555.555556  1913.580247  -0.00009793724454631271
  555.555556  2037.037037  -0.00010502668711796735
  555.555556  2160.493827  -0.00011074989441816332
  555.555556  2283.950617  -0.00010828921264698405
  555.555556  2407.407407  -0.00010701488488637785
  555.555556  2530.864198  -0.00011736282842772616
  555.555556  2654.320988  -0.00013730173975285716
  555.555556  2777.777778  -0.00013091468457184185
  555.555556  2901.234568  -0.00012492017609784821
  555.555556  3024.691358  -0.00012733621264014123
  555.555556  3148.148148  -0.00013484754088182498
  555.555556  3271.604938  -0.00014347618543948654
  555.555556  3395.061728  -0.00015146804172821413
  555.555556  3518.518519  -0.00015883623190631019
  555.555556  3641.975309  -0.00016495427599192368
  555.555556  3765.432099  -0.00016282202267712883
  555.555556  3888.888889  -0.00016162769642536390
  555.555556  4012.345679  -0.00015820586525970914
  555.555556  4135.802469  -0.00015714016637412710
  555.555556  4259.259259  -0.00016158561323650168
  555.555556  4382.716049  -0.00017128489012571918
  555.555556  4506.172840  -0.00018507245206486543
  555.555556  4629.629630  -0.00019822081707510512
  555.555556  4753.086420  -0.00019251901382417004
  555.555556  4876.543210  -0.00015084937829723039

  679.012346 -5000.000000  0.00001230784310928564
  679.012346 -4876.543210  0.00015009403770268115
  679.012346 -4753.086420  0.00019163488879409422
  679.012346 -4629.629630  0.00019728720878557459
  679.012346 -4506.172840  0.00018411890859675034
  679.012346 -4382.716049  0.00017030878711728984
  679.012346 -4259.259259  0.00016058829243512779
  679.012346 -4135.802469  0.00015612908510394456
  679.012346 -4012.345679  0.00015719397470191971
  679.012346 -3888.888889  0.00016057525890417649
  679.012346 -3765.432099  0.00016180496016018534
  679.012346 -3641.975309  0.00016407078033206285
  679.012346 -3518.518519  0.00015792850287069541
  679.012346 -3395.061728  0.00015057821271008656
  679.012346 -3271.604938  0.00014256198973692450
  679.012346 -3148.148148  0.00013393876576054469
  679.012346 -3024.691358  0.00012642865383009650
  679.012346 -2901.234568  0.00012402144408730026
  679.012346 -2777.777778  0.00013000029862391733
  679.012346 -2654.320988  0.00013634873184697853
  679.012346 -2530.864198  0.00011642544116140372
  679.012346 -2407.407407  0.00010614282267237147
  679.012346 -2283.950617  0.00010744867826448903
  679.012346 -2160.493827  0.00010981973733934458
  679.012346 -2037.037037  0.00010401354550686195
  679.012346 -1913.580247  0.00009684068917045993
  679.012346 -1790.123457  0.00009014361179432305
  679.012346 -1666.666667  0.00008695304261931051
  679.012346 -1543.209877  0.00008501152141899675
  679.012346 -1419.753086  0.00008106266289149899
  679.012346 -1296.296296  0.00007859132268401177
  679.012346 -1172.839506  0.00007782297173669538
  679.012346 -1049.382716  0.00007539518169366964
  679.012346  -925.925926  0.00007285032952359998
  679.012346  -802.469136  0.00007049642052544939
  679.012346  -679.012346  0.00006682423988604947
  679.012346  -555.555556  0.00006115602122305358
  679.012346  -432.098765  0.00005423822218552610
  679.012346  -308.641975  0.00004423645644751814
  679.012346  -185.185185  0.00003244823620420380
  679.012346   -61.728395  0.00000618392361989455
  679.012346    61.728395  -0.00000618392362046447
  679.012346   185.185185  -0.00003244823620307331
  679.012346   308.641975  -0.00004423645644458444
  679.012346   432.098765  -0.00005423822218116032
  679.012346   555.555556  -0.00006115602121779736
  679.012346   679.012346  -0.00006682423988038195
  679.012346   802.469136  -0.00007049642051971508
  679.012346   925.925926  -0.00007285032951799783
  679.012346  1049.382716  -0.00007539518168830835
  679.012346  1172.839506  -0.00007782297173155120
  679.012346  1296.296296  -0.00007859132267915384
  679.012346  1419.753086  -0.00008106266288680601
  679.012346  1543.209877  -0.00008501152141445968
  679.012346  1666.666667  -0.00008695304261489323
  679.012346  1790.123457  -0.00009014361178997166
  679.012346  1913.580247  -0.00009684068916614086
  679.012346  2037.037037  -0.00010401354550258881
  679.012346  2160.493827  -0.00010981973733513113
  679.012346  2283.950617  -0.00010744867826042386
  679.012346  2407.407407  -0.00010614282266839756
  679.012346  2530.864198  -0.00011642544115750028
  679.012346  2654.320988  -0.00013634873184279565
  679.012346  2777.777778  -0.00013000029861989047
  679.012346  2901.234568  -0.00012402144408349986
  679.012346  3024.691358  -0.00012642865382640005
  679.012346  3148.148148  -0.00013393876575684628
  679.012346  3271.604938  -0.00014256198973315064
  679.012346  3395.061728  -0.00015057821270620463
  679.012346  3518.518519  -0.00015792850286675469
  679.012346  3641.975309  -0.00016407078032809128
  679.012346  3765.432099  -0.00016180496015634648
  679.012346  3888.888889  -0.00016057525890047941
  679.012346  4012.345679  -0.00015719397469840505
  679.012346  4135.802469  -0.00015612908510057507
  679.012346  4259.259259  -0.00016058829243176996
  679.012346  4382.716049  -0.00017030878711381074
  679.012346  4506.172840  -0.00018411890859305636
  679.012346  4629.629630  -0.00019728720878170071
  679.012346  4753.086420  -0.00019163488879035310
  679.012346  4876.543210  -0.00015009403769995048

  802.469136 -5000.000000  0.00001229971482721155
  802.469136 -4876.543210  0.00014960561025265264
  802.469136 -4753.086420  0.00019062509797904348
  802.469136 -4629.629630  0.00019620929020981473
  802.469136 -4506.172840  0.00018300368569012420
  802.469136 -4382.716049  0.00016926247925608167
  802.469136 -4259.259259  0.00015958937658683438
  802.469136 -4135.802469  0.00015511531448261488
  802.469136 -4012.345679  0.00015611441091528439
  802.469136 -3888.888889  0.00015941515120017273
  802.469136 -3765.432099  0.00016060389232699793
  802.469136 -3641.975309  0.00016281701545903579
  802.469136 -3518.518519  0.00015668188102724133
  802.469136 -3395.061728  0.00014934276880237214
  802.469136 -3271.604938  0.00014138188706512537
  802.469136 -3148.148148  0.00013279984980239573
  802.469136 -3024.691358  0.00012530425615869819
  802.469136 -2901.234568  0.00012285802335849287
  802.469136 -2777.777778  0.00012876492652673599
  802.469136 -2654.320988  0.00013505283367509468
  802.469136 -2530.864198  0.00011515704550253834
  802.469136 -2407.407407  0.00010538159257057188
  802.469136 -2283.950617  0.00010687130763573103
  802.469136 -2160.493827  0.00010919656557567958
  802.469136 -2037.037037  0.00010323860631480545
  802.469136 -1913.580247  0.00009591433104891130
  802.469136 -1790.123457  0.00008909168782638742
  802.469136 -1666.666667  0.00008579770312434460
  802.469136 -1543.209877  0.00008373456993203659
  802.469136 -1419.753086  0.00007960783066053399
  802.469136 -1296.296296  0.00007685948697754263
  802.469136 -1172.839506  0.00007563754938503895
  802.469136 -1049.382716  0.00007269203230217809
  802.469136  -925.925926  0.00006950388973168911
  802.469136  -802.469136  0.00006638490083930175
  802.469136  -679.012346  0.00006210052647808256
  802.469136  -555.555556  0.00005624118805269540
  802.469136  -432.098765  0.00004959824301250465
  802.469136  -308.641975  0.00004044232292709847
  802.469136  -185.185185  0.00002968902124993244
  802.469136   -61.728395  0.00000581966112119681
  802.469136    61.728395  -0.00000581966111857698
  802.469136   185.185185  -0.00002968902124597839
  802.469136   308.641975  -0.00004044232292190452
  802.469136   432.098765  -0.00004959824300642758
  802.469136   555.555556  -0.00005624118804613567
  802.469136   679.012346  -0.00006210052647136713
  802.469136   802.469136  -0.00006638490083265090
  802.469136   925.925926  -0.00006950388972522411
  802.469136  1049.382716  -0.00007269203229597320
  802.469136  1172.839506  -0.00007563754937904582
  802.469136  1296.296296  -0.00007685948697183780
  802.469136  1419.753086  -0.00007960783065499704
  802.469136  1543.209877  -0.00008373456992666905
  802.469136  1666.666667  -0.00008579770311912494
  802.469136  1790.123457  -0.00008909168782125960
  802.469136  1913.580247  -0.00009591433104382781
  802.469136  2037.037037  -0.00010323860630976860
  802.469136  2160.493827  -0.00010919656557069007
  802.469136  2283.950617  -0.00010687130763089332
  802.469136  2407.407407  -0.00010538159256584931
  802.469136  2530.864198  -0.00011515704549791932
  802.469136  2654.320988  -0.00013505283367015156
  802.469136  2777.777778  -0.00012876492652197418
  802.469136  2901.234568  -0.00012285802335398690
  802.469136  3024.691358  -0.00012530425615430693
  802.469136  3148.148148  -0.00013279984979799661
  802.469136  3271.604938  -0.00014138188706064496
  802.469136  3395.061728  -0.00014934276879777255
  802.469136  3518.518519  -0.00015668188102257682
  802.469136  3641.975309  -0.00016281701545433841
  802.469136  3765.432099  -0.00016060389232244921
  802.469136  3888.888889  -0.00015941515119577947
  802.469136  4012.345679  -0.00015611441091109866
  802.469136  4135.802469  -0.00015511531447859119
  802.469136  4259.259259  -0.00015958937658282199
  802.469136  4382.716049  -0.00016926247925194067
  802.469136  4506.172840  -0.00018300368568575074
  802.469136  4629.629630  -0.00019620929020523111
  802.469136  4753.086420  -0.00019062509797461983
  802.469136  4876.543210  -0.00014960561024934149

  925.925926 -5000.000000  0.00001225071798877365
  925.925926 -4876.543210  0.00014905370059502086
  925.925926 -4753.086420  0.00018953725760262051
  925.925926 -4629.629630  0.00019504292462730482
  925.925926 -4506.172840  0.00018180964001652037
  925.925926 -4382.716049  0.00016813923230686752
  925.925926 -4259.259259  0.00015848833398296230
  925.925926 -4135.802469  0.00015396634854964407
  925.925926 -4012.345679  0.00015492468876877476
  925.925926 -3888.888889  0.00015814741350258862
  925.925926 -3765.432099  0.00015927206906538152
  925.925926 -3641.975309  0.00016156442915990954
  925.925926 -3518.518519  0.00015538835806802736
  925.925926 -3395.061728  0.00014810308726427807
  925.925926 -3271.604938  0.00014017085877244056
  925.925926 -3148.148148  0.00013162579932771512
  925.925926 -3024.691358  0.00012411489586706959
  925.925926 -2901.234568  0.00012162608525771013
  925.925926 -2777.777778  0.00012748237769339535
  925.925926 -2654.320988  0.00013372945605134200
  925.925926 -2530.864198  0.00011385617164897187
  925.925926 -2407.407407  0.00010445336359732786
  925.925926 -2283.950617  0.00010609852864566216
  925.925926 -2160.493827  0.00010838353230877027
  925.925926 -2037.037037  0.00010227652447479692
  925.925926 -1913.580247  0.00009479886456960170
  925.925926 -1790.123457  0.00008785420880346455
  925.925926 -1666.666667  0.00008446502798968996
  925.925926 -1543.209877  0.00008228338427717288
  925.925926 -1419.753086  0.00007796625946565966
  925.925926 -1296.296296  0.00007493228759834764
  925.925926 -1172.839506  0.00007324180591994715
  925.925926 -1049.382716  0.00006976522328320815
  925.925926  -925.925926  0.00006591026198521402
  925.925926  -802.469136  0.00006201282481776276
  925.925926  -679.012346  0.00005708192005214541
  925.925926  -555.555556  0.00005096123694130908
  925.925926  -432.098765  0.00004449613997030962
  925.925926  -308.641975  0.00003611907929595542
  925.925926  -185.185185  0.00002647940391078840
  925.925926   -61.728395  0.00000524101449181523
  925.925926    61.728395  -0.00000524101448626433
  925.925926   185.185185  -0.00002647940390423997
  925.925926   308.641975  -0.00003611907928871560
  925.925926   432.098765  -0.00004449613996269784
  925.925926   555.555556  -0.00005096123693359425
  925.925926   679.012346  -0.00005708192004449961
  925.925926   802.469136  -0.00006201282481029354
  925.925926   925.925926  -0.00006591026197796742
  925.925926  1049.382716  -0.00006976522327622320
  925.925926  1172.839506  -0.00007324180591315369
  925.925926  1296.296296  -0.00007493228759183418
  925.925926  1419.753086  -0.00007796625945930427
  925.925926  1543.209877  -0.00008228338427099846
  925.925926  1666.666667  -0.00008446502798368793
  925.925926  1790.123457  -0.00008785420879757807
  925.925926  1913.580247  -0.00009479886456376885
  925.925926  2037.037037  -0.00010227652446900544
  925.925926  2160.493827  -0.00010838353230301263
  925.925926  2283.950617  -0.00010609852864005594
  925.925926  2407.407407  -0.00010445336359185859
  925.925926  2530.864198  -0.00011385617164362792
  925.925926  2654.320988  -0.00013372945604562210
  925.925926  2777.777778  -0.00012748237768788143
  925.925926  2901.234568  -0.00012162608525248151
  925.925926  3024.691358  -0.00012411489586196505
  925.925926  3148.148148  -0.00013162579932260229
  925.925926  3271.604938  -0.00014017085876723531
  925.925926  3395.061728  -0.00014810308725894683
  925.925926  3518.518519  -0.00015538835806262776
  925.925926  3641.975309  -0.00016156442915447007
  925.925926  3765.432099  -0.00015927206906011303
  925.925926  3888.888889  -0.00015814741349748810
  925.925926  4012.345679  -0.00015492468876390593
  925.925926  4135.802469  -0.00015396634854495511
  925.925926  4259.259259  -0.00015848833397828142
  925.925926  4382.716049  -0.00016813923230204816
  925.925926  4506.172840  -0.00018180964001145340
  925.925926  4629.629630  -0.00019504292462199267
  925.925926  4753.086420  -0.00018953725759749841
  925.925926  4876.543210  -0.00014905370059110421

 1049.382716 -5000.000000  0.00001214711035572231
 1049.382716 -4876.543210  0.00014826821701069699
 1049.382716 -4753.086420  0.00018827697718920252
 1049.382716 -4629.629630  0.00019369464047635254
 1049.382716 -4506.172840  0.00018042455887671196
 1049.382716 -4382.716049  0.00016678598420113416
 1049.382716 -4259.259259  0.00015716837097380914
 1049.382716 -4135.802469  0.00015265836545219974
 1049.382716 -4012.345679  0.00015353123969922208
 1049.382716 -3888.888889  0.00015668576467725416
 1049.382716 -3765.432099  0.00015762555443078253
 1049.382716 -3641.975309  0.00015936617148866916
 1049.382716 -3518.518519  0.00015327978795954265
 1049.382716 -3395.061728  0.00014600249414885403
 1049.382716 -3271.604938  0.00013819483321972831
 1049.382716 -3148.148148  0.00012970492323034373
 1049.382716 -3024.691358  0.00012225929728006539
 1049.382716 -2901.234568  0.00011975187547849902
 1049.382716 -2777.777778  0.00012550596611685631
 1049.382716 -2654.320988  0.00013166153190067925
 1049.382716 -2530.864198  0.00011190203859346417
 1049.382716 -2407.407407  0.00010297486310675799
 1049.382716 -2283.950617  0.00010477627244250434
 1049.382716 -2160.493827  0.00010698163312597746
 1049.382716 -2037.037037  0.00010076322646647797
 1049.382716 -1913.580247  0.00009318453430678772
 1049.382716 -1790.123457  0.00008616351179919262
 1049.382716 -1666.666667  0.00008268985981846273
 1049.382716 -1543.209877  0.00008039398170433858
 1049.382716 -1419.753086  0.00007592309567741181
 1049.382716 -1296.296296  0.00007262470710567227
 1049.382716 -1172.839506  0.00007051394454610913
 1049.382716 -1049.382716  0.00006653515584135841
 1049.382716  -925.925926  0.00006207154947960977
 1049.382716  -802.469136  0.00005746156944727372
 1049.382716  -679.012346  0.00005193946534237405
 1049.382716  -555.555556  0.00004556190971643663
 1049.382716  -432.098765  0.00003922929126188012
 1049.382716  -308.641975  0.00003156333504196389
 1049.382716  -185.185185  0.00002304958408212638
 1049.382716   -61.728395  0.00000450738119945301
 1049.382716    61.728395  -0.00000450738119164301
 1049.382716   185.185185  -0.00002304958407359043
 1049.382716   308.641975  -0.00003156333503314917
 1049.382716   432.098765  -0.00003922929125308541
 1049.382716   555.555556  -0.00004556190970781372
 1049.382716   679.012346  -0.00005193946533398373
 1049.382716   802.469136  -0.00005746156943913101
 1049.382716   925.925926  -0.00006207154947170275
 1049.382716  1049.382716  -0.00006653515583369713
 1049.382716  1172.839506  -0.00007051394453860591
 1049.382716  1296.296296  -0.00007262470709843643
 1049.382716  1419.753086  -0.00007592309567031822
 1049.382716  1543.209877  -0.00008039398169742898
 1049.382716  1666.666667  -0.00008268985981174534
 1049.382716  1790.123457  -0.00008616351179261090
 1049.382716  1913.580247  -0.00009318453430026592
 1049.382716  2037.037037  -0.00010076322645999142
 1049.382716  2160.493827  -0.00010698163311950875
 1049.382716  2283.950617  -0.00010477627243618852
 1049.382716  2407.407407  -0.00010297486310059705
 1049.382716  2530.864198  -0.00011190203858747680
 1049.382716  2654.320988  -0.00013166153189426289
 1049.382716  2777.777778  -0.00012550596611066815
 1049.382716  2901.234568  -0.00011975187547262546
 1049.382716  3024.691358  -0.00012225929727432952
 1049.382716  3148.148148  -0.00012970492322459540
 1049.382716  3271.604938  -0.00013819483321387825
 1049.382716  3395.061728  -0.00014600249414286964
 1049.382716  3518.518519  -0.00015327978795347990
 1049.382716  3641.975309  -0.00015936617148256321
 1049.382716  3765.432099  -0.00015762555442484026
 1049.382716  3888.888889  -0.00015668576467148558
 1049.382716  4012.345679  -0.00015353123969371062
 1049.382716  4135.802469  -0.00015265836544688436
 1049.382716  4259.259259  -0.00015716837096850113
 1049.382716  4382.716049  -0.00016678598419567759
 1049.382716  4506.172840  -0.00018042455887098754
 1049.382716  4629.629630  -0.00019369464047034267
 1049.382716  4753.086420  -0.00018827697718340754
 1049.382716  4876.543210  -0.00014826821700621921

 1172.839506 -5000.000000  0.00001178491336462398
 1172.839506 -4876.543210  0.00014679508136579720
 1172.839506 -4753.086420  0.00018676115392021454
 1172.839506 -4629.629630  0.00019210713290096311
 1172.839506 -4506.172840  0.00017881210847522268
 1172.839506 -4382.716049  0.00016509849117102646
 1172.839506 -4259.259259  0.00015540426339738582
 1172.839506 -4135.802469  0.00015084792075291330
 1172.839506 -4012.345679  0.00015177349836224431
 1172.839506 -3888.888889  0.00015486729952489549
 1172.839506 -3765.432099  0.00015601477238018946
 1172.839506 -3641.975309  0.00015847701974893512
 1172.839506 -3518.518519  0.00015226507401235910
 1172.839506 -3395.061728  0.00014503655547971851
 1172.839506 -3271.604938  0.00013709688609313202
 1172.839506 -3148.148148  0.00012859162650398595
 1172.839506 -3024.691358  0.00012110211553168446
 1172.839506 -2901.234568  0.00011862568668500893
 1172.839506 -2777.777778  0.00012442473601525982
 1172.839506 -2654.320988  0.00013057529493935131
 1172.839506 -2530.864198  0.00011078016202699910
 1172.839506 -2407.407407  0.00010170190169879586
 1172.839506 -2283.950617  0.00010350398337134062
 1172.839506 -2160.493827  0.00010560694910837228
 1172.839506 -2037.037037  0.00009931068008145808
 1172.839506 -1913.580247  0.00009164824170655026
 1172.839506 -1790.123457  0.00008457465973755890
 1172.839506 -1666.666667  0.00008102930609292934
 1172.839506 -1543.209877  0.00007861776091840631
 1172.839506 -1419.753086  0.00007397559262511041
 1172.839506 -1296.296296  0.00007042366335828852
 1172.839506 -1172.839506  0.00006789448600096871
 1172.839506 -1049.382716  0.00006348374272292062
 1172.839506  -925.925926  0.00005849224858232039
 1172.839506  -802.469136  0.00005330574126987069
 1172.839506  -679.012346  0.00004730385827347724
 1172.839506  -555.555556  0.00004070986344358463
 1172.839506  -432.098765  0.00003446091869481088
 1172.839506  -308.641975  0.00002737421510928431
 1172.839506  -185.185185  0.00001988300696185131
 1172.839506   -61.728395  0.00000375070020529508
 1172.839506    61.728395  -0.00000375070019587400
 1172.839506   185.185185  -0.00001988300695187478
 1172.839506   308.641975  -0.00002737421509930188
 1172.839506   432.098765  -0.00003446091868508676
 1172.839506   555.555556  -0.00004070986343421507
 1172.839506   679.012346  -0.00004730385826443479
 1172.839506   802.469136  -0.00005330574126110787
 1172.839506   925.925926  -0.00005849224857378400
 1172.839506  1049.382716  -0.00006348374271460518
 1172.839506  1172.839506  -0.00006789448599277818
 1172.839506  1296.296296  -0.00007042366335034587
 1172.839506  1419.753086  -0.00007397559261729146
 1172.839506  1543.209877  -0.00007861776091077097
 1172.839506  1666.666667  -0.00008102930608549823
 1172.839506  1790.123457  -0.00008457465973027825
 1172.839506  1913.580247  -0.00009164824169933574
 1172.839506  2037.037037  -0.00009931068007427600
 1172.839506  2160.493827  -0.00010560694910119396
 1172.839506  2283.950617  -0.00010350398336431106
 1172.839506  2407.407407  -0.00010170190169193814
 1172.839506  2530.864198  -0.00011078016202035351
 1172.839506  2654.320988  -0.00013057529493220769
 1172.839506  2777.777778  -0.00012442473600836622
 1172.839506  2901.234568  -0.00011862568667846985
 1172.839506  3024.691358  -0.00012110211552529966
 1172.839506  3148.148148  -0.00012859162649758499
 1172.839506  3271.604938  -0.00013709688608662033
 1172.839506  3395.061728  -0.00014503655547304928
 1172.839506  3518.518519  -0.00015226507400560425
 1172.839506  3641.975309  -0.00015847701974212102
 1172.839506  3765.432099  -0.00015601477237359737
 1172.839506  3888.888889  -0.00015486729951850437
 1172.839506  4012.345679  -0.00015177349835613700
 1172.839506  4135.802469  -0.00015084792074702421
 1172.839506  4259.259259  -0.00015540426339150407
 1172.839506  4382.716049  -0.00016509849116497449
 1172.839506  4506.172840  -0.00017881210846886541
 1172.839506  4629.629630  -0.00019210713289429137
 1172.839506  4753.086420  -0.00018676115391377660
 1172.839506  4876.543210  -0.00014679508136082641

 1296.296296 -5000.000000  0.00001126131607003678
 1296.296296 -4876.543210  0.00014486874639141114
 1296.296296 -4753.086420  0.00018540838940931894
 1296.296296 -4629.629630  0.00019065238719653252
 1296.296296 -4506.172840  0.00017716730276730094
 1296.296296 -4382.716049  0.00016311902734932073
 1296.296296 -4259.259259  0.00015349176434673969
 1296.296296 -4135.802469  0.00014926687445643440
 1296.296296 -4012.345679  0.00014979255981796037
 1296.296296 -3888.888889  0.00015281717494271282
 1296.296296 -3765.432099  0.00015438344005050617
 1296.296296 -3641.975309  0.00015537319086924323
 1296.296296 -3518.518519  0.00014977086298457033
 1296.296296 -3395.061728  0.00014195523262201841
 1296.296296 -3271.604938  0.00013433481516085489
 1296.296296 -3148.148148  0.00012579446505025932
 1296.296296 -3024.691358  0.00011857024478807539
 1296.296296 -2901.234568  0.00011609571554311635
 1296.296296 -2777.777778  0.00012172091597293722
 1296.296296 -2654.320988  0.00012795633945393074
 1296.296296 -2530.864198  0.00010844954954147263
 1296.296296 -2407.407407  0.00009873186654322982
 1296.296296 -2283.950617  0.00010040476306328843
 1296.296296 -2160.493827  0.00010221752307889175
 1296.296296 -2037.037037  0.00009603991770148474
 1296.296296 -1913.580247  0.00008850742709624034
 1296.296296 -1790.123457  0.00008157943634152163
 1296.296296 -1666.666667  0.00007800935623515091
 1296.296296 -1543.209877  0.00007549939360076049
 1296.296296 -1419.753086  0.00007082917653335981
 1296.296296 -1296.296296  0.00006706369750297780
 1296.296296 -1172.839506  0.00006428749976907743
 1296.296296 -1049.382716  0.00005957665192413513
 1296.296296  -925.925926  0.00005432072956088379
 1296.296296  -802.469136  0.00004878860477846694
 1296.296296  -679.012346  0.00004256889122938138
 1296.296296  -555.555556  0.00003598349706668979
 1296.296296  -432.098765  0.00002995573464586632
 1296.296296  -308.641975  0.00002347326712098644
 1296.296296  -185.185185  0.00001687028043355790
 1296.296296   -61.728395  0.00000313465582384760
 1296.296296    61.728395  -0.00000313465581359117
 1296.296296   185.185185  -0.00001687028042287443
 1296.296296   308.641975  -0.00002347326711042193
 1296.296296   432.098765  -0.00002995573463568219
 1296.296296   555.555556  -0.00003598349705693456
 1296.296296   679.012346  -0.00004256889121998690
 1296.296296   802.469136  -0.00004878860476934805
 1296.296296   925.925926  -0.00005432072955196046
 1296.296296  1049.382716  -0.00005957665191540292
 1296.296296  1172.839506  -0.00006428749976043372
 1296.296296  1296.296296  -0.00006706369749455539
 1296.296296  1419.753086  -0.00007082917652503689
 1296.296296  1543.209877  -0.00007549939359261765
 1296.296296  1666.666667  -0.00007800935622721560
 1296.296296  1790.123457  -0.00008157943633374206
 1296.296296  1913.580247  -0.00008850742708852855
 1296.296296  2037.037037  -0.00009603991769380278
 1296.296296  2160.493827  -0.00010221752307120397
 1296.296296  2283.950617  -0.00010040476305574371
 1296.296296  2407.407407  -0.00009873186653586809
 1296.296296  2530.864198  -0.00010844954953432209
 1296.296296  2654.320988  -0.00012795633944621246
 1296.296296  2777.777778  -0.00012172091596549713
 1296.296296  2901.234568  -0.00011609571553605955
 1296.296296  3024.691358  -0.00011857024478118822
 1296.296296  3148.148148  -0.00012579446504336128
 1296.296296  3271.604938  -0.00013433481515382525
 1296.296296  3395.061728  -0.00014195523261482861
 1296.296296  3518.518519  -0.00014977086297724608
 1296.296296  3641.975309  -0.00015537319086188518
 1296.296296  3765.432099  -0.00015438344004331522
 1296.296296  3888.888889  -0.00015281717493576200
 1296.296296  4012.345679  -0.00014979255981131974
 1296.296296  4135.802469  -0.00014926687445001774
 1296.296296  4259.259259  -0.00015349176434034621
 1296.296296  4382.716049  -0.00016311902734274104
 1296.296296  4506.172840  -0.00017716730276035592
 1296.296296  4629.629630  -0.00019065238718922779
 1296.296296  4753.086420  -0.00018540838940226423
 1296.296296  4876.543210  -0.00014486874638602962

 1419.753086 -5000.000000  0.00001065309718860277
 1419.753086 -4876.543210  0.00014247804908931505
 1419.753086 -4753.086420  0.00018337360850023514
 1419.753086 -4629.629630  0.00018855435757519174
 1419.753086 -4506.172840  0.00017503089111378564
 1419.753086 -4382.716049  0.00016077372125074057
 1419.753086 -4259.259259  0.00015102684181954342
 1419.753086 -4135.802469  0.00014682304496760188
 1419.753086 -4012.345679  0.00014742905892415402
 1419.753086 -3888.888889  0.00015040012571953474
 1419.753086 -3765.432099  0.00015236835993795054
 1419.753086 -3641.975309  0.00015417163747969280
 1419.753086 -3518.518519  0.00014849122246551099
 1419.753086 -3395.061728  0.00014065869940799733
 1419.753086 -3271.604938  0.00013285075092953332
 1419.753086 -3148.148148  0.00012427191911144401
 1419.753086 -3024.691358  0.00011705940482482422
 1419.753086 -2901.234568  0.00011469881765839691
 1419.753086 -2777.777778  0.00012039307635224401
 1419.753086 -2654.320988  0.00012659612801344366
 1419.753086 -2530.864198  0.00010707132390960765
 1419.753086 -2407.407407  0.00009701156936458594
 1419.753086 -2283.950617  0.00009861433804175804
 1419.753086 -2160.493827  0.00010023682605661280
 1419.753086 -2037.037037  0.00009407581299210656
 1419.753086 -1913.580247  0.00008656292550265265
 1419.753086 -1790.123457  0.00007967362579383774
 1419.753086 -1666.666667  0.00007604980510916189
 1419.753086 -1543.209877  0.00007343422337703684
 1419.753086 -1419.753086  0.00006867489207719883
 1419.753086 -1296.296296  0.00006474193640499441
 1419.753086 -1172.839506  0.00006169720559854492
 1419.753086 -1049.382716  0.00005674497258602211
 1419.753086  -925.925926  0.00005123459124478982
 1419.753086  -802.469136  0.00004547136859517453
 1419.753086  -679.012346  0.00003911025806117190
 1419.753086  -555.555556  0.00003253623360863403
 1419.753086  -432.098765  0.00002669146133473452
 1419.753086  -308.641975  0.00002067778633877760
 1419.753086  -185.185185  0.00001483539598134695
 1419.753086   -61.728395  0.00000257860955459637
 1419.753086    61.728395  -0.00000257860954384138
 1419.753086   185.185185  -0.00001483539597016595
 1419.753086   308.641975  -0.00002067778632777111
 1419.753086   432.098765  -0.00002669146132414992
 1419.753086   555.555556  -0.00003253623359848903
 1419.753086   679.012346  -0.00003911025805137691
 1419.753086   802.469136  -0.00004547136858563430
 1419.753086   925.925926  -0.00005123459123541670
 1419.753086  1049.382716  -0.00005674497257680182
 1419.753086  1172.839506  -0.00006169720558937213
 1419.753086  1296.296296  -0.00006474193639602362
 1419.753086  1419.753086  -0.00006867489206830907
 1419.753086  1543.209877  -0.00007343422336831943
 1419.753086  1666.666667  -0.00007604980510065402
 1419.753086  1790.123457  -0.00007967362578548965
 1419.753086  1913.580247  -0.00008656292549437091
 1419.753086  2037.037037  -0.00009407581298385428
 1419.753086  2160.493827  -0.00010023682604834627
 1419.753086  2283.950617  -0.00009861433803363239
 1419.753086  2407.407407  -0.00009701156935665329
 1419.753086  2530.864198  -0.00010707132390190481
 1419.753086  2654.320988  -0.00012659612800509777
 1419.753086  2777.777778  -0.00012039307634419562
 1419.753086  2901.234568  -0.00011469881765077332
 1419.753086  3024.691358  -0.00011705940481739183
 1419.753086  3148.148148  -0.00012427191910400058
 1419.753086  3271.604938  -0.00013285075092194206
 1419.753086  3395.061728  -0.00014065869940021894
 1419.753086  3518.518519  -0.00014849122245758187
 1419.753086  3641.975309  -0.00015417163747171938
 1419.753086  3765.432099  -0.00015236835993020137
 1419.753086  3888.888889  -0.00015040012571206649
 1419.753086  4012.345679  -0.00014742905891702808
 1419.753086  4135.802469  -0.00014682304496072096
 1419.753086  4259.259259  -0.00015102684181268736
 1419.753086  4382.716049  -0.00016077372124366458
 1419.753086  4506.172840  -0.00017503089110629282
 1419.753086  4629.629630  -0.00018855435756730558
 1419.753086  4753.086420  -0.00018337360849261230
 1419.753086  4876.543210  -0.00014247804908356772

 1543.209877 -5000.000000  0.00001027656017705153
 1543.209877 -4876.543210  0.00014020102335362861
 1543.209877 -4753.086420  0.00018094159094125844
 1543.209877 -4629.629630  0.00018606340477897551
 1543.209877 -4506.172840  0.00017249175504727789
 1543.209877 -4382.716049  0.00015812840798741935
 1543.209877 -4259.259259  0.00014837776382489257
 1543.209877 -4135.802469  0.00014428474148866913
 1543.209877 -4012.345679  0.00014490415275459479
 1543.209877 -3888.888889  0.00014779606797707130
 1543.209877 -3765.432099  0.00014973081061988612
 1543.209877 -3641.975309  0.00015104768586953312
 1543.209877 -3518.518519  0.00014547834101728371
 1543.209877 -3395.061728  0.00013765090456449952
 1543.209877 -3271.604938  0.00012988926620836845
 1543.209877 -3148.148148  0.00012138317840006280
 1543.209877 -3024.691358  0.00011435410263971641
 1543.209877 -2901.234568  0.00011213114133142601
 1543.209877 -2777.777778  0.00011774351391873754
 1543.209877 -2654.320988  0.00012367706051379695
 1543.209877 -2530.864198  0.00010419131831643357
 1543.209877 -2407.407407  0.00009528937368224863
 1543.209877 -2283.950617  0.00009722393704635720
 1543.209877 -2160.493827  0.00009869639265416968
 1543.209877 -2037.037037  0.00009247507647083381
 1543.209877 -1913.580247  0.00008494080467630368
 1543.209877 -1790.123457  0.00007803092037191759
 1543.209877 -1666.666667  0.00007430987853659381
 1543.209877 -1543.209877  0.00007159016063585898
 1543.209877 -1419.753086  0.00006682070678963780
 1543.209877 -1296.296296  0.00006280225786296449
 1543.209877 -1172.839506  0.00005959900816855243
 1543.209877 -1049.382716  0.00005445749973403614
 1543.209877  -925.925926  0.00004877104040962465
 1543.209877  -802.469136  0.00004283910990150752
 1543.209877  -679.012346  0.00003640631794031671
 1543.209877  -555.555556  0.00002990843491213638
 1543.209877  -432.098765  0.00002431821595050894
 1543.209877  -308.641975  0.00001875777188911947
 1543.209877  -185.185185  0.00001352767364151080
 1543.209877   -61.728395  0.00000218841674454997
 1543.209877    61.728395  -0.00000218841673362185
 1543.209877   185.185185  -0.00001352767363012155
 1543.209877   308.641975  -0.00001875777187788843
 1543.209877   432.098765  -0.00002431821593968330
 1543.209877   555.555556  -0.00002990843490173218
 1543.209877   679.012346  -0.00003640631793023047
 1543.209877   802.469136  -0.00004283910989163532
 1543.209877   925.925926  -0.00004877104039987644
 1543.209877  1049.382716  -0.00005445749972440620
 1543.209877  1172.839506  -0.00005959900815893242
 1543.209877  1296.296296  -0.00006280225785352441
 1543.209877  1419.753086  -0.00006682070678026196
 1543.209877  1543.209877  -0.00007159016062664917
 1543.209877  1666.666667  -0.00007430987852759202
 1543.209877  1790.123457  -0.00007803092036307510
 1543.209877  1913.580247  -0.00008494080466752507
 1543.209877  2037.037037  -0.00009247507646208394
 1543.209877  2160.493827  -0.00009869639264539405
 1543.209877  2283.950617  -0.00009722393703772493
 1543.209877  2407.407407  -0.00009528937367381567
 1543.209877  2530.864198  -0.00010419131830828738
 1543.209877  2654.320988  -0.00012367706050493693
 1543.209877  2777.777778  -0.00011774351391019469
 1543.209877  2901.234568  -0.00011213114132334307
 1543.209877  3024.691358  -0.00011435410263184436
 1543.209877  3148.148148  -0.00012138317839217916
 1543.209877  3271.604938  -0.00012988926620031996
 1543.209877  3395.061728  -0.00013765090455624361
 1543.209877  3518.518519  -0.00014547834100885515
 1543.209877  3641.975309  -0.00015104768586105948
 1543.209877  3765.432099  -0.00014973081061163195
 1543.209877  3888.888889  -0.00014779606796911960
 1543.209877  4012.345679  -0.00014490415274701421
 1543.209877  4135.802469  -0.00014428474148135248
 1543.209877  4259.259259  -0.00014837776381760356
 1543.209877  4382.716049  -0.00015812840797988008
 1543.209877  4506.172840  -0.00017249175503926618
 1543.209877  4629.629630  -0.00018606340477053554
 1543.209877  4753.086420  -0.00018094159093309152
 1543.209877  4876.543210  -0.00014020102334754556

 1666.666667 -5000.000000  0.00000948231558533754
 1666.666667 -4876.543210  0.00013792594122272514
 1666.666667 -4753.086420  0.00017933161037029889
 1666.666667 -4629.629630  0.00018435091108669603
 1666.666667 -4506.172840  0.00017076560047882980
 1666.666667 -4382.716049  0.00015610592287403842
 1666.666667 -4259.259259  0.00014615376105446733
 1666.666667 -4135.802469  0.00014206995824275309
 1666.666667 -4012.345679  0.00014272172091870828
 1666.666667 -3888.888889  0.00014563620174427793
 1666.666667 -3765.432099  0.00014764946417638753
 1666.666667 -3641.975309  0.00014887469253830634
 1666.666667 -3518.518519  0.00014335954329863207
 1666.666667 -3395.061728  0.00013551658372080939
 1666.666667 -3271.604938  0.00012769627648631597
 1666.666667 -3148.148148  0.00011913144933865885
 1666.666667 -3024.691358  0.00011211885926159090
 1666.666667 -2901.234568  0.00010998808687067866
 1666.666667 -2777.777778  0.00011566901617013146
 1666.666667 -2654.320988  0.00012169954454544533
 1666.666667 -2530.864198  0.00010244960791285234
 1666.666667 -2407.407407  0.00009208402193326306
 1666.666667 -2283.950617  0.00009358267109423575
 1666.666667 -2160.493827  0.00009487609674947768
 1666.666667 -2037.037037  0.00008886816597961433
 1666.666667 -1913.580247  0.00008153590401258494
 1666.666667 -1790.123457  0.00007483558688157030
 1666.666667 -1666.666667  0.00007118199829908127
 1666.666667 -1543.209877  0.00006844275831851197
 1666.666667 -1419.753086  0.00006366051888278820
 1666.666667 -1296.296296  0.00005959289109016617
 1666.666667 -1172.839506  0.00005632608977425783
 1666.666667 -1049.382716  0.00005121321114563288
 1666.666667  -925.925926  0.00004560109046536685
 1666.666667  -802.469136  0.00003981999040322849
 1666.666667  -679.012346  0.00003361229601886731
 1666.666667  -555.555556  0.00002740366872736674
 1666.666667  -432.098765  0.00002212913559702006
 1666.666667  -308.641975  0.00001698414678302741
 1666.666667  -185.185185  0.00001227789084333589
 1666.666667   -61.728395  0.00000189602936119527
 1666.666667    61.728395  -0.00000189602935030440
 1666.666667   185.185185  -0.00001227789083195811
 1666.666667   308.641975  -0.00001698414677175422
 1666.666667   432.098765  -0.00002212913558609325
 1666.666667   555.555556  -0.00002740366871680207
 1666.666667   679.012346  -0.00003361229600856567
 1666.666667   802.469136  -0.00003981999039309359
 1666.666667   925.925926  -0.00004560109045531351
 1666.666667  1049.382716  -0.00005121321113566684
 1666.666667  1172.839506  -0.00005632608976427539
 1666.666667  1296.296296  -0.00005959289108034896
 1666.666667  1419.753086  -0.00006366051887301383
 1666.666667  1543.209877  -0.00006844275830889482
 1666.666667  1666.666667  -0.00007118199828966513
 1666.666667  1790.123457  -0.00007483558687230596
 1666.666667  1913.580247  -0.00008153590400337774
 1666.666667  2037.037037  -0.00008886816597042897
 1666.666667  2160.493827  -0.00009487609674026382
 1666.666667  2283.950617  -0.00009358267108516897
 1666.666667  2407.407407  -0.00009208402192440150
 1666.666667  2530.864198  -0.00010244960790425778
 1666.666667  2654.320988  -0.00012169954453607274
 1666.666667  2777.777778  -0.00011566901616109287
 1666.666667  2901.234568  -0.00010998808686213400
 1666.666667  3024.691358  -0.00011211885925327663
 1666.666667  3148.148148  -0.00011913144933032980
 1666.666667  3271.604938  -0.00012769627647780585
 1666.666667  3395.061728  -0.00013551658371206918
 1666.666667  3518.518519  -0.00014335954328970453
 1666.666667  3641.975309  -0.00014887469252932901
 1666.666667  3765.432099  -0.00014764946416763670
 1666.666667  3888.888889  -0.00014563620173585159
 1666.666667  4012.345679  -0.00014272172091068079
 1666.666667  4135.802469  -0.00014206995823500972
 1666.666667  4259.259259  -0.00014615376104675450
 1666.666667  4382.716049  -0.00015610592286604251
 1666.666667  4506.172840  -0.00017076560047030856
 1666.666667  4629.629630  -0.00018435091107771461
 1666.666667  4753.086420  -0.00017933161036160077
 1666.666667  4876.543210  -0.00013792594121630661

 1790.123457 -5000.000000  0.00000883431753946144
 1790.123457 -4876.543210  0.00013602091696874108
 1790.123457 -4753.086420  0.00017776584500753414
 1790.123457 -4629.629630  0.00018267837395957877
 1790.123457 -4506.172840  0.00016906216427377870
 1790.123457 -4382.716049  0.00015419126259448004
 1790.123457 -4259.259259  0.00014408250821969267
 1790.123457 -4135.802469  0.00013997497439573246
 1790.123457 -4012.345679  0.00014062779016796607
 1790.123457 -3888.888889  0.00014352684720710568
 1790.123457 -3765.432099  0.00014563809342174207
 1790.123457 -3641.975309  0.00014701706720204237
 1790.123457 -3518.518519  0.00014149206517173390
 1790.123457 -3395.061728  0.00013364344117818859
 1790.123457 -3271.604938  0.00012579010519608505
 1790.123457 -3148.148148  0.00011718674016681187
 1790.123457 -3024.691358  0.00011013773187253029
 1790.123457 -2901.234568  0.00010802470741624168
 1790.123457 -2777.777778  0.00011379090349489962
 1790.123457 -2654.320988  0.00011997939035795466
 1790.123457 -2530.864198  0.00010083111586926965
 1790.123457 -2407.407407  0.00008946112182560087
 1790.123457 -2283.950617  0.00009067310404998612
 1790.123457 -2160.493827  0.00009194684546129817
 1790.123457 -2037.037037  0.00008606019332178146
 1790.123457 -1913.580247  0.00007883226757181446
 1790.123457 -1790.123457  0.00007223613485757509
 1790.123457 -1666.666667  0.00006864070614251952
 1790.123457 -1543.209877  0.00006591157100184191
 1790.123457 -1419.753086  0.00006110514246195916
 1790.123457 -1296.296296  0.00005701598358823477
 1790.123457 -1172.839506  0.00005373478045979774
 1790.123457 -1049.382716  0.00004867726189809470
 1790.123457  -925.925926  0.00004314803400928665
 1790.123457  -802.469136  0.00003752908458616739
 1790.123457  -679.012346  0.00003153574822871324
 1790.123457  -555.555556  0.00002558925980741872
 1790.123457  -432.098765  0.00002060227099137946
 1790.123457  -308.641975  0.00001580302266401964
 1790.123457  -185.185185  0.00001150945633754515
 1790.123457   -61.728395  0.00000169825628773977
 1790.123457    61.728395  -0.00000169825627683624
 1790.123457   185.185185  -0.00001150945632610260
 1790.123457   308.641975  -0.00001580302265262694
 1790.123457   432.098765  -0.00002060227098027348
 1790.123457   555.555556  -0.00002558925979661711
 1790.123457   679.012346  -0.00003153574821812186
 1790.123457   802.469136  -0.00003752908457569762
 1790.123457   925.925926  -0.00004314803399886161
 1790.123457  1049.382716  -0.00004867726188772739
 1790.123457  1172.839506  -0.00005373478044938951
 1790.123457  1296.296296  -0.00005701598357798109
 1790.123457  1419.753086  -0.00006110514245172860
 1790.123457  1543.209877  -0.00006591157099175922
 1790.123457  1666.666667  -0.00006864070613263340
 1790.123457  1790.123457  -0.00007223613484783463
 1790.123457  1913.580247  -0.00007883226756211986
 1790.123457  2037.037037  -0.00008606019331210058
 1790.123457  2160.493827  -0.00009194684545158487
 1790.123457  2283.950617  -0.00009067310404042924
 1790.123457  2407.407407  -0.00008946112181625500
 1790.123457  2530.864198  -0.00010083111586017987
 1790.123457  2654.320988  -0.00011997939034802866
 1790.123457  2777.777778  -0.00011379090348532738
 1790.123457  2901.234568  -0.00010802470740719486
 1790.123457  3024.691358  -0.00011013773186372715
 1790.123457  3148.148148  -0.00011718674015799164
 1790.123457  3271.604938  -0.00012579010518706853
 1790.123457  3395.061728  -0.00013364344116892216
 1790.123457  3518.518519  -0.00014149206516226299
 1790.123457  3641.975309  -0.00014701706719251714
 1790.123457  3765.432099  -0.00014563809341246197
 1790.123457  3888.888889  -0.00014352684719817605
 1790.123457  4012.345679  -0.00014062779015945842
 1790.123457  4135.802469  -0.00013997497438752497
 1790.123457  4259.259259  -0.00014408250821151413
 1790.123457  4382.716049  -0.00015419126258599554
 1790.123457  4506.172840  -0.00016906216426472114
 1790.123457  4629.629630  -0.00018267837395002476
 1790.123457  4753.086420  -0.00017776584499827825
 1790.123457  4876.543210  -0.00013602091696192898

 1913.580247 -5000.000000  0.00000874833794346471
 1913.580247 -4876.543210  0.00013467919005567288
 1913.580247 -4753.086420  0.00017557469126257023
 1913.580247 -4629.629630  0.00018040929761142067
 1913.580247 -4506.172840  0.00016671583101324547
 1913.580247 -4382.716049  0.00015192427125204928
 1913.580247 -4259.259259  0.00014188386610757732
 1913.580247 -4135.802469  0.00013778147884096920
 1913.580247 -4012.345679  0.00013838442515896182
 1913.580247 -3888.888889  0.00014113430755640646
 1913.580247 -3765.432099  0.00014320280496916854
 1913.580247 -3641.975309  0.00014466344052295043
 1913.580247 -3518.518519  0.00013907722359212421
 1913.580247 -3395.061728  0.00013128182293888814
 1913.580247 -3271.604938  0.00012353500724319560
 1913.580247 -3148.148148  0.00011504123716014258
 1913.580247 -3024.691358  0.00010801882029871836
 1913.580247 -2901.234568  0.00010585303127698733
 1913.580247 -2777.777778  0.00011160558877736904
 1913.580247 -2654.320988  0.00011772713903356768
 1913.580247 -2530.864198  0.00009831261478653547
 1913.580247 -2407.407407  0.00008888415811657957
 1913.580247 -2283.950617  0.00009068770055055076
 1913.580247 -2160.493827  0.00009222428203995529
 1913.580247 -2037.037037  0.00008608922644952711
 1913.580247 -1913.580247  0.00007863220306593385
 1913.580247 -1790.123457  0.00007178733935820706
 1913.580247 -1666.666667  0.00006810349642697695
 1913.580247 -1543.209877  0.00006536548056397134
 1913.580247 -1419.753086  0.00006052300815300568
 1913.580247 -1296.296296  0.00005643529822314056
 1913.580247 -1172.839506  0.00005314487407740920
 1913.580247 -1049.382716  0.00004801268295265835
 1913.580247  -925.925926  0.00004238194450064190
 1913.580247  -802.469136  0.00003669082856897491
 1913.580247  -679.012346  0.00003066218055590662
 1913.580247  -555.555556  0.00002476784802432462
 1913.580247  -432.098765  0.00001997372132805935
 1913.580247  -308.641975  0.00001543669875351443
 1913.580247  -185.185185  0.00001144818517267705
 1913.580247   -61.728395  0.00000157433297643466
 1913.580247    61.728395  -0.00000157433296527824
 1913.580247   185.185185  -0.00001144818516089717
 1913.580247   308.641975  -0.00001543669874174886
 1913.580247   432.098765  -0.00001997372131655467
 1913.580247   555.555556  -0.00002476784801310099
 1913.580247   679.012346  -0.00003066218054486367
 1913.580247   802.469136  -0.00003669082855802090
 1913.580247   925.925926  -0.00004238194448970000
 1913.580247  1049.382716  -0.00004801268294174318
 1913.580247  1172.839506  -0.00005314487406642474
 1913.580247  1296.296296  -0.00005643529821229647
 1913.580247  1419.753086  -0.00006052300814217068
 1913.580247  1543.209877  -0.00006536548055327721
 1913.580247  1666.666667  -0.00006810349641648194
 1913.580247  1790.123457  -0.00007178733934785876
 1913.580247  1913.580247  -0.00007863220305562264
 1913.580247  2037.037037  -0.00008608922643922360
 1913.580247  2160.493827  -0.00009222428202960551
 1913.580247  2283.950617  -0.00009068770054037267
 1913.580247  2407.407407  -0.00008888415810661993
 1913.580247  2530.864198  -0.00009831261477689395
 1913.580247  2654.320988  -0.00011772713902303697
 1913.580247  2777.777778  -0.00011160558876721418
 1913.580247  2901.234568  -0.00010585303126738886
 1913.580247  3024.691358  -0.00010801882028937158
 1913.580247  3148.148148  -0.00011504123715077024
 1913.580247  3271.604938  -0.00012353500723361643
 1913.580247  3395.061728  -0.00013128182292904486
 1913.580247  3518.518519  -0.00013907722358206414
 1913.580247  3641.975309  -0.00014466344051282848
 1913.580247  3765.432099  -0.00014320280495930672
 1913.580247  3888.888889  -0.00014113430754691202
 1913.580247  4012.345679  -0.00013838442514990936
 1913.580247  4135.802469  -0.00013778147883222925
 1913.580247  4259.259259  -0.00014188386609886055
 1913.580247  4382.716049  -0.00015192427124300704
 1913.580247  4506.172840  -0.00016671583100359466
 1913.580247  4629.629630  -0.00018040929760123296
 1913.580247  4753.086420  -0.00017557469125270141
 1913.580247  4876.543210  -0.00013467919004837069

 2037.037037 -5000.000000  0.00000947967859069247
 2037.037037 -4876.543210  0.00013510333400890958
 2037.037037 -4753.086420  0.00017329894986790214
 2037.037037 -4629.629630  0.00017794898796252598
 2037.037037 -4506.172840  0.00016425409073709187
 2037.037037 -4382.716049  0.00015011508707791555
 2037.037037 -4259.259259  0.00014044951776328958
 2037.037037 -4135.802469  0.00013622067838333927
 2037.037037 -4012.345679  0.00013658194459135399
 2037.037037 -3888.888889  0.00013906297097033565
 2037.037037 -3765.432099  0.00014074815901107465
 2037.037037 -3641.975309  0.00014204673908765699
 2037.037037 -3518.518519  0.00013646179397913181
 2037.037037 -3395.061728  0.00012886614545984241
 2037.037037 -3271.604938  0.00012138846695336212
 2037.037037 -3148.148148  0.00011313276618647257
 2037.037037 -3024.691358  0.00010616518810607973
 2037.037037 -2901.234568  0.00010381744297052911
 2037.037037 -2777.777778  0.00010923552815301647
 2037.037037 -2654.320988  0.00011510864826517592
 2037.037037 -2530.864198  0.00009608553862597750
 2037.037037 -2407.407407  0.00008842548602630768
 2037.037037 -2283.950617  0.00009088470029646290
 2037.037037 -2160.493827  0.00009254151089455371
 2037.037037 -2037.037037  0.00008620332521209872
 2037.037037 -1913.580247  0.00007851451727395503
 2037.037037 -1790.123457  0.00007147467037603456
 2037.037037 -1666.666667  0.00006770017204337432
 2037.037037 -1543.209877  0.00006494481881861782
 2037.037037 -1419.753086  0.00006010158863590202
 2037.037037 -1296.296296  0.00005602120644035954
 2037.037037 -1172.839506  0.00005270102996352947
 2037.037037 -1049.382716  0.00004749567739925455
 2037.037037  -925.925926  0.00004179567983994695
 2037.037037  -802.469136  0.00003597873132072579
 2037.037037  -679.012346  0.00002989112332034528
 2037.037037  -555.555556  0.00002404407484527693
 2037.037037  -432.098765  0.00001941955645981080
 2037.037037  -308.641975  0.00001508265349774599
 2037.037037  -185.185185  0.00001123695047813186
 2037.037037   -61.728395  0.00000143471571263180
 2037.037037    61.728395  -0.00000143471570102768
 2037.037037   185.185185  -0.00001123695046587666
 2037.037037   308.641975  -0.00001508265348549567
 2037.037037   432.098765  -0.00001941955644783278
 2037.037037   555.555556  -0.00002404407483358118
 2037.037037   679.012346  -0.00002989112330882209
 2037.037037   802.469136  -0.00003597873130927356
 2037.037037   925.925926  -0.00004179567982848040
 2037.037037  1049.382716  -0.00004749567738779637
 2037.037037  1172.839506  -0.00005270102995196900
 2037.037037  1296.296296  -0.00005602120642893107
 2037.037037  1419.753086  -0.00006010158862446921
 2037.037037  1543.209877  -0.00006494481880732025
 2037.037037  1666.666667  -0.00006770017203227869
 2037.037037  1790.123457  -0.00007147467036508632
 2037.037037  1913.580247  -0.00007851451726303583
 2037.037037  2037.037037  -0.00008620332520117026
 2037.037037  2160.493827  -0.00009254151088356818
 2037.037037  2283.950617  -0.00009088470028565526
 2037.037037  2407.407407  -0.00008842548601574491
 2037.037037  2530.864198  -0.00009608553861573999
 2037.037037  2654.320988  -0.00011510864825408271
 2037.037037  2777.777778  -0.00010923552814231556
 2037.037037  2901.234568  -0.00010381744296037389
 2037.037037  3024.691358  -0.00010616518809615447
 2037.037037  3148.148148  -0.00011313276617650992
 2037.037037  3271.604938  -0.00012138846694319847
 2037.037037  3395.061728  -0.00012886614544943556
 2037.037037  3518.518519  -0.00013646179396851834
 2037.037037  3641.975309  -0.00014204673907697782
 2037.037037  3765.432099  -0.00014074815900065794
 2037.037037  3888.888889  -0.00013906297096026625
 2037.037037  4012.345679  -0.00013658194458171321
 2037.037037  4135.802469  -0.00013622067837399990
 2037.037037  4259.259259  -0.00014044951775396197
 2037.037037  4382.716049  -0.00015011508706828963
 2037.037037  4506.172840  -0.00016425409072690688
 2037.037037  4629.629630  -0.00017794898795176514
 2037.037037  4753.086420  -0.00017329894985750117
 2037.037037  4876.543210  -0.00013510333400090489

 2160.493827 -5000.000000  0.00000908588843047097
 2160.493827 -4876.543210  0.00013330101054459406
 2160.493827 -4753.086420  0.00017132322100412966
 2160.493827 -4629.629630  0.00017591566628056320
 2160.493827 -4506.172840  0.00016212678240133286
 2160.493827 -4382.716049  0.00014786126159082206
 2160.493827 -4259.259259  0.00013814098004710985
 2160.493827 -4135.802469  0.00013395035763537875
 2160.493827 -4012.345679  0.00013430160228360035
 2160.493827 -3888.888889  0.00013669620820189082
 2160.493827 -3765.432099  0.00013834316195206152
 2160.493827 -3641.975309  0.00013951791270439223
 2160.493827 -3518.518519  0.00013389539686664030
 2160.493827 -3395.061728  0.00012630677121187089
 2160.493827 -3271.604938  0.00011892977112194858
 2160.493827 -3148.148148  0.00011073563664723782
 2160.493827 -3024.691358  0.00010378209657401773
 2160.493827 -2901.234568  0.00010141089941254995
 2160.493827 -2777.777778  0.00010692150234159588
 2160.493827 -2654.320988  0.00011284743520965273
 2160.493827 -2530.864198  0.00009344732266226346
 2160.493827 -2407.407407  0.00008732735133696054
 2160.493827 -2283.950617  0.00009024285651557986
 2160.493827 -2160.493827  0.00009222348678639814
 2160.493827 -2037.037037  0.00008569571353260470
 2160.493827 -1913.580247  0.00007784392674810634
 2160.493827 -1790.123457  0.00007061167238890895
 2160.493827 -1666.666667  0.00006681778552925904
 2160.493827 -1543.209877  0.00006411621885860937
 2160.493827 -1419.753086  0.00005927334913212044
 2160.493827 -1296.296296  0.00005524432979139060
 2160.493827 -1172.839506  0.00005198114105146119
 2160.493827 -1049.382716  0.00004676487696479396
 2160.493827  -925.925926  0.00004100253321581507
 2160.493827  -802.469136  0.00003514925961009567
 2160.493827  -679.012346  0.00002902383992895928
 2160.493827  -555.555556  0.00002319195445531438
 2160.493827  -432.098765  0.00001868605441818716
 2160.493827  -308.641975  0.00001455452448329255
 2160.493827  -185.185185  0.00001101402380175289
 2160.493827   -61.728395  0.00000129032324386289
 2160.493827    61.728395  -0.00000129032323171635
 2160.493827   185.185185  -0.00001101402378892042
 2160.493827   308.641975  -0.00001455452447049555
 2160.493827   432.098765  -0.00001868605440569915
 2160.493827   555.555556  -0.00002319195444314467
 2160.493827   679.012346  -0.00002902383991697523
 2160.493827   802.469136  -0.00003514925959817735
 2160.493827   925.925926  -0.00004100253320386619
 2160.493827  1049.382716  -0.00004676487695283153
 2160.493827  1172.839506  -0.00005198114103937346
 2160.493827  1296.296296  -0.00005524432977942070
 2160.493827  1419.753086  -0.00005927334912013134
 2160.493827  1543.209877  -0.00006411621884674886
 2160.493827  1666.666667  -0.00006681778551760643
 2160.493827  1790.123457  -0.00007061167237740746
 2160.493827  1913.580247  -0.00007784392673662564
 2160.493827  2037.037037  -0.00008569571352110580
 2160.493827  2160.493827  -0.00009222348677482337
 2160.493827  2283.950617  -0.00009024285650419696
 2160.493827  2407.407407  -0.00008732735132582534
 2160.493827  2530.864198  -0.00009344732265151911
 2160.493827  2654.320988  -0.00011284743519796772
 2160.493827  2777.777778  -0.00010692150233033018
 2160.493827  2901.234568  -0.00010141089940186954
 2160.493827  3024.691358  -0.00010378209656358084
 2160.493827  3148.148148  -0.00011073563663675719
 2160.493827  3271.604938  -0.00011892977111124983
 2160.493827  3395.061728  -0.00012630677120090497
 2160.493827  3518.518519  -0.00013389539685544762
 2160.493827  3641.975309  -0.00013951791269312520
 2160.493827  3765.432099  -0.00013834316194106334
 2160.493827  3888.888889  -0.00013669620819126076
 2160.493827  4012.345679  -0.00013430160227342764
 2160.493827  4135.802469  -0.00013395035762552628
 2160.493827  4259.259259  -0.00013814098003726426
 2160.493827  4382.716049  -0.00014786126158064682
 2160.493827  4506.172840  -0.00016212678239053838
 2160.493827  4629.629630  -0.00017591566626914862
 2160.493827  4753.086420  -0.00017132322099308792
 2160.493827  4876.543210  -0.00013330101053614493

 2283.950617 -5000.000000  0.00000778180018336607
 2283.950617 -4876.543210  0.00013060864549721484
 2283.950617 -4753.086420  0.00017017818231962174
 2283.950617 -4629.629630  0.00017458219536883608
 2283.950617 -4506.172840  0.00016087304069579812
 2283.950617 -4382.716049  0.00014613217199313462
 2283.950617 -4259.259259  0.00013601985335222057
 2283.950617 -4135.802469  0.00013174764297943530
 2283.950617 -4012.345679  0.00013213559882513092
 2283.950617 -3888.888889  0.00013467548158082842
 2283.950617 -3765.432099  0.00013654015454995353
 2283.950617 -3641.975309  0.00013783559886240836
 2283.950617 -3518.518519  0.00013234224598840426
 2283.950617 -3395.061728  0.00012472455307771177
 2283.950617 -3271.604938  0.00011714730842351917
 2283.950617 -3148.148148  0.00010875083295970658
 2283.950617 -3024.691358  0.00010173688284020695
 2283.950617 -2901.234568  0.00009951522855791126
 2283.950617 -2777.777778  0.00010513774071143540
 2283.950617 -2654.320988  0.00011143780338983153
 2283.950617 -2530.864198  0.00009304331517591828
 2283.950617 -2407.407407  0.00008139903203041968
 2283.950617 -2283.950617  0.00008276290525892559
 2283.950617 -2160.493827  0.00008420135408690308
 2283.950617 -2037.037037  0.00007845934341753787
 2283.950617 -1913.580247  0.00007130883039478088
 2283.950617 -1790.123457  0.00006484000975855498
 2283.950617 -1666.666667  0.00006139326654568396
 2283.950617 -1543.209877  0.00005880646990809869
 2283.950617 -1419.753086  0.00005411178872578756
 2283.950617 -1296.296296  0.00005016466087784960
 2283.950617 -1172.839506  0.00004700996305024013
 2283.950617 -1049.382716  0.00004218374161299653
 2283.950617  -925.925926  0.00003692524073611091
 2283.950617  -802.469136  0.00003163003684607918
 2283.950617  -679.012346  0.00002609295489883416
 2283.950617  -555.555556  0.00002077020369356401
 2283.950617  -432.098765  0.00001653633671346106
 2283.950617  -308.641975  0.00001264379615297172
 2283.950617  -185.185185  0.00000936244144560341
 2283.950617   -61.728395  0.00000106107342758173
 2283.950617    61.728395  -0.00000106107341523515
 2283.950617   185.185185  -0.00000936244143266499
 2283.950617   308.641975  -0.00001264379614009966
 2283.950617   432.098765  -0.00001653633670091686
 2283.950617   555.555556  -0.00002077020368133708
 2283.950617   679.012346  -0.00002609295488679266
 2283.950617   802.469136  -0.00003163003683410369
 2283.950617   925.925926  -0.00003692524072409819
 2283.950617  1049.382716  -0.00004218374160096697
 2283.950617  1172.839506  -0.00004700996303807482
 2283.950617  1296.296296  -0.00005016466086580309
 2283.950617  1419.753086  -0.00005411178871369826
 2283.950617  1543.209877  -0.00005880646989613053
 2283.950617  1666.666667  -0.00006139326653391099
 2283.950617  1790.123457  -0.00006484000974691848
 2283.950617  1913.580247  -0.00007130883038315692
 2283.950617  2037.037037  -0.00007845934340588312
 2283.950617  2160.493827  -0.00008420135407517778
 2283.950617  2283.950617  -0.00008276290524737328
 2283.950617  2407.407407  -0.00008139903201913426
 2283.950617  2530.864198  -0.00009304331516486652
 2283.950617  2654.320988  -0.00011143780337780745
 2283.950617  2777.777778  -0.00010513774069983654
 2283.950617  2901.234568  -0.00009951522854691526
 2283.950617  3024.691358  -0.00010173688282946959
 2283.950617  3148.148148  -0.00010875083294892334
 2283.950617  3271.604938  -0.00011714730841250016
 2283.950617  3395.061728  -0.00012472455306640324
 2283.950617  3518.518519  -0.00013234224597685683
 2283.950617  3641.975309  -0.00013783559885078656
 2283.950617  3765.432099  -0.00013654015453860727
 2283.950617  3888.888889  -0.00013467548156986903
 2283.950617  4012.345679  -0.00013213559881464299
 2283.950617  4135.802469  -0.00013174764296928086
 2283.950617  4259.259259  -0.00013601985334207756
 2283.950617  4382.716049  -0.00014613217198264158
 2283.950617  4506.172840  -0.00016087304068464691
 2283.950617  4629.629630  -0.00017458219535703329
 2283.950617  4753.086420  -0.00017017818230820068
 2283.950617  4876.543210  -0.00013060864548850783

 2407.407407 -5000.000000  0.00000471901051795502
 2407.407407 -4876.543210  0.00012062952219506680
 2407.407407 -4753.086420  0.00016556160335038733
 2407.407407 -4629.629630  0.00017017859312855907
 2407.407407 -4506.172840  0.00015634530219389809
 2407.407407 -4382.716049  0.00013982088115031607
 2407.407407 -4259.259259  0.00012887094317821547
 2407.407407 -4135.802469  0.00012524346621278800
 2407.407407 -4012.345679  0.00012632451241070144
 2407.407407 -3888.888889  0.00012913814766968984
 2407.407407 -3765.432099  0.00013215880443244568
 2407.407407 -3641.975309  0.00013340425858127792
 2407.407407 -3518.518519  0.00012813991955309281
 2407.407407 -3395.061728  0.00012018103734971613
 2407.407407 -3271.604938  0.00011198066919591537
 2407.407407 -3148.148148  0.00010332703029217587
 2407.407407 -3024.691358  0.00009681449674101873
 2407.407407 -2901.234568  0.00009556614097197411
 2407.407407 -2777.777778  0.00010174817220809627
 2407.407407 -2654.320988  0.00010769688432425484
 2407.407407 -2530.864198  0.00008863481147718272
 2407.407407 -2407.407407  0.00007714658699371074
 2407.407407 -2283.950617  0.00007831629187421863
 2407.407407 -2160.493827  0.00007908155886629765
 2407.407407 -2037.037037  0.00007375967127042604
 2407.407407 -1913.580247  0.00006721303864940778
 2407.407407 -1790.123457  0.00006127006705443561
 2407.407407 -1666.666667  0.00005786805860697886
 2407.407407 -1543.209877  0.00005522214333225345
 2407.407407 -1419.753086  0.00005087848556316282
 2407.407407 -1296.296296  0.00004711854685907923
 2407.407407 -1172.839506  0.00004410865575347862
 2407.407407 -1049.382716  0.00003950417008538268
 2407.407407  -925.925926  0.00003456117863978339
 2407.407407  -802.469136  0.00002967903332149470
 2407.407407  -679.012346  0.00002454499531871380
 2407.407407  -555.555556  0.00001952925954067666
 2407.407407  -432.098765  0.00001551670901868809
 2407.407407  -308.641975  0.00001186032862752948
 2407.407407  -185.185185  0.00000892120760408141
 2407.407407   -61.728395  0.00000100946650177804
 2407.407407    61.728395  -0.00000100946648973257
 2407.407407   185.185185  -0.00000892120759137894
 2407.407407   308.641975  -0.00001186032861488709
 2407.407407   432.098765  -0.00001551670900635797
 2407.407407   555.555556  -0.00001952925952866483
 2407.407407   679.012346  -0.00002454499530687923
 2407.407407   802.469136  -0.00002967903330971648
 2407.407407   925.925926  -0.00003456117862796298
 2407.407407  1049.382716  -0.00003950417007353033
 2407.407407  1172.839506  -0.00004410865574147874
 2407.407407  1296.296296  -0.00004711854684717189
 2407.407407  1419.753086  -0.00005087848555121143
 2407.407407  1543.209877  -0.00005522214332042448
 2407.407407  1666.666667  -0.00005786805859533144
 2407.407407  1790.123457  -0.00006127006704291845
 2407.407407  1913.580247  -0.00006721303863790910
 2407.407407  2037.037037  -0.00007375967125892550
 2407.407407  2160.493827  -0.00007908155885471685
 2407.407407  2283.950617  -0.00007831629186278588
 2407.407407  2407.407407  -0.00007714658698250550
 2407.407407  2530.864198  -0.00008863481146635274
 2407.407407  2654.320988  -0.00010769688431216442
 2407.407407  2777.777778  -0.00010174817219644485
 2407.407407  2901.234568  -0.00009556614096105952
 2407.407407  3024.691358  -0.00009681449673046921
 2407.407407  3148.148148  -0.00010332703028159693
 2407.407407  3271.604938  -0.00011198066918502224
 2407.407407  3395.061728  -0.00012018103733841909
 2407.407407  3518.518519  -0.00012813991954146707
 2407.407407  3641.975309  -0.00013340425856955937
 2407.407407  3765.432099  -0.00013215880442103215
 2407.407407  3888.888889  -0.00012913814765878773
 2407.407407  4012.345679  -0.00012632451240038187
 2407.407407  4135.802469  -0.00012524346620288918
 2407.407407  4259.259259  -0.00012887094316835936
 2407.407407  4382.716049  -0.00013982088113992429
 2407.407407  4506.172840  -0.00015634530218255684
 2407.407407  4629.629630  -0.00017017859311654337
 2407.407407  4753.086420  -0.00016556160333867616
 2407.407407  4876.543210  -0.00012062952218708575

 2530.864198 -5000.000000  0.00000965999816965539
 2530.864198 -4876.543210  0.00012832888355739159
 2530.864198 -4753.086420  0.00016171784914546894
 2530.864198 -4629.629630  0.00016513301703542668
 2530.864198 -4506.172840  0.00015157908665033742
 2530.864198 -4382.716049  0.00013846572982190354
 2530.864198 -4259.259259  0.00012958465957267816
 2530.864198 -4135.802469  0.00012550146487457764
 2530.864198 -4012.345679  0.00012581281767636875
 2530.864198 -3888.888889  0.00012782724219605909
 2530.864198 -3765.432099  0.00012947467065150606
 2530.864198 -3641.975309  0.00012873737021687517
 2530.864198 -3518.518519  0.00012442440743162814
 2530.864198 -3395.061728  0.00011730750384945377
 2530.864198 -3271.604938  0.00010897909196015510
 2530.864198 -3148.148148  0.00010124949984717204
 2530.864198 -3024.691358  0.00009643462305304402
 2530.864198 -2901.234568  0.00009605761254762665
 2530.864198 -2777.777778  0.00009909931117795667
 2530.864198 -2654.320988  0.00010058781186826986
 2530.864198 -2530.864198  0.00008759502010295144
 2530.864198 -2407.407407  0.00007934035674139257
 2530.864198 -2283.950617  0.00008113634372557798
 2530.864198 -2160.493827  0.00007772733987860251
 2530.864198 -2037.037037  0.00007323174862125105
 2530.864198 -1913.580247  0.00006759924026429529
 2530.864198 -1790.123457  0.00006293158997330125
 2530.864198 -1666.666667  0.00005881515726161181
 2530.864198 -1543.209877  0.00005517103349641464
 2530.864198 -1419.753086  0.00005169153437291280
 2530.864198 -1296.296296  0.00004763787991696474
 2530.864198 -1172.839506  0.00004379558209006186
 2530.864198 -1049.382716  0.00003913457768874632
 2530.864198  -925.925926  0.00003459370002955982
 2530.864198  -802.469136  0.00002939603470455335
 2530.864198  -679.012346  0.00002445582095074723
 2530.864198  -555.555556  0.00002003643001061106
 2530.864198  -432.098765  0.00001637087539019165
 2530.864198  -308.641975  0.00001239942797829308
 2530.864198  -185.185185  0.00000760652949109644
 2530.864198   -61.728395  0.00000104425326666341
 2530.864198    61.728395  -0.00000104425325454427
 2530.864198   185.185185  -0.00000760652947837615
 2530.864198   308.641975  -0.00001239942796554520
 2530.864198   432.098765  -0.00001637087537768786
 2530.864198   555.555556  -0.00002003642999834816
 2530.864198   679.012346  -0.00002445582093861736
 2530.864198   802.469136  -0.00002939603469246367
 2530.864198   925.925926  -0.00003459370001741120
 2530.864198  1049.382716  -0.00003913457767658267
 2530.864198  1172.839506  -0.00004379558207773012
 2530.864198  1296.296296  -0.00004763787990472556
 2530.864198  1419.753086  -0.00005169153436061437
 2530.864198  1543.209877  -0.00005517103348426521
 2530.864198  1666.666667  -0.00005881515724959505
 2530.864198  1790.123457  -0.00006293158996137501
 2530.864198  1913.580247  -0.00006759924025243539
 2530.864198  2037.037037  -0.00007323174860939032
 2530.864198  2160.493827  -0.00007772733986672287
 2530.864198  2283.950617  -0.00008113634371367992
 2530.864198  2407.407407  -0.00007934035672982283
 2530.864198  2530.864198  -0.00008759502009158396
 2530.864198  2654.320988  -0.00010058781185621552
 2530.864198  2777.777778  -0.00009909931116620613
 2530.864198  2901.234568  -0.00009605761253635031
 2530.864198  3024.691358  -0.00009643462304203587
 2530.864198  3148.148148  -0.00010124949983615785
 2530.864198  3271.604938  -0.00010897909194892234
 2530.864198  3395.061728  -0.00011730750383793911
 2530.864198  3518.518519  -0.00012442440741990281
 2530.864198  3641.975309  -0.00012873737020511954
 2530.864198  3765.432099  -0.00012947467063994592
 2530.864198  3888.888889  -0.00012782724218486849
 2530.864198  4012.345679  -0.00012581281766558403
 2530.864198  4135.802469  -0.00012550146486409546
 2530.864198  4259.259259  -0.00012958465956220840
 2530.864198  4382.716049  -0.00013846572981117387
 2530.864198  4506.172840  -0.00015157908663906619
 2530.864198  4629.629630  -0.00016513301702345175
 2530.864198  4753.086420  -0.00016171784913392897
 2530.864198  4876.543210  -0.00012832888354806073

 2654.320988 -5000.000000  0.00000634778794474218
 2654.320988 -4876.543210  0.00013148744723942348
 2654.320988 -4753.086420  0.00017182152724756300
 2654.320988 -4629.629630  0.00017408389483373400
 2654.320988 -4506.172840  0.00015968881615416853
 2654.320988 -4382.716049  0.00014440860184925506
 2654.320988 -4259.259259  0.00013405063470711337
 2654.320988 -4135.802469  0.00012977337052297866
 2654.320988 -4012.345679  0.00013054121598259414
 2654.320988 -3888.888889  0.00013348551191935505
 2654.320988 -3765.432099  0.00013557928326933075
 2654.320988 -3641.975309  0.00013484984992056609
 2654.320988 -3518.518519  0.00013001242523712539
 2654.320988 -3395.061728  0.00012192648612107522
 2654.320988 -3271.604938  0.00011246670663203928
 2654.320988 -3148.148148  0.00010415813561242040
 2654.320988 -3024.691358  0.00009951452542002443
 2654.320988 -2901.234568  0.00009985646128907073
 2654.320988 -2777.777778  0.00010385817839157039
 2654.320988 -2654.320988  0.00010469660801991476
 2654.320988 -2530.864198  0.00008795133551549147
 2654.320988 -2407.407407  0.00008675921672772885
 2654.320988 -2283.950617  0.00008850606298857706
 2654.320988 -2160.493827  0.00008549294739424800
 2654.320988 -2037.037037  0.00008002379609110012
 2654.320988 -1913.580247  0.00007406177846754030
 2654.320988 -1790.123457  0.00006858571089661325
 2654.320988 -1666.666667  0.00006403036503882253
 2654.320988 -1543.209877  0.00006014210922763588
 2654.320988 -1419.753086  0.00005637190306890888
 2654.320988 -1296.296296  0.00005197088285562025
 2654.320988 -1172.839506  0.00004789007114410707
 2654.320988 -1049.382716  0.00004281431934074432
 2654.320988  -925.925926  0.00003780691137559103
 2654.320988  -802.469136  0.00003201682930115521
 2654.320988  -679.012346  0.00002655335671349748
 2654.320988  -555.555556  0.00002177662045997088
 2654.320988  -432.098765  0.00001790121262011965
 2654.320988  -308.641975  0.00001367400778584478
 2654.320988  -185.185185  0.00000840073087919359
 2654.320988   -61.728395  0.00000117886037081190
 2654.320988    61.728395  -0.00000117886035637766
 2654.320988   185.185185  -0.00000840073086398434
 2654.320988   308.641975  -0.00001367400777062204
 2654.320988   432.098765  -0.00001790121260520461
 2654.320988   555.555556  -0.00002177662044538214
 2654.320988   679.012346  -0.00002655335669909288
 2654.320988   802.469136  -0.00003201682928681470
 2654.320988   925.925926  -0.00003780691136118665
 2654.320988  1049.382716  -0.00004281431932630512
 2654.320988  1172.839506  -0.00004789007112945172
 2654.320988  1296.296296  -0.00005197088284105922
 2654.320988  1419.753086  -0.00005637190305423701
 2654.320988  1543.209877  -0.00006014210921311190
 2654.320988  1666.666667  -0.00006403036502446079
 2654.320988  1790.123457  -0.00006858571088236809
 2654.320988  1913.580247  -0.00007406177845335419
 2654.320988  2037.037037  -0.00008002379607697824
 2654.320988  2160.493827  -0.00008549294738005522
 2654.320988  2283.950617  -0.00008850606297441371
 2654.320988  2407.407407  -0.00008675921671367870
 2654.320988  2530.864198  -0.00008795133550226101
 2654.320988  2654.320988  -0.00010469660800551581
 2654.320988  2777.777778  -0.00010385817837744252
 2654.320988  2901.234568  -0.00009985646127563020
 2654.320988  3024.691358  -0.00009951452540702054
 2654.320988  3148.148148  -0.00010415813559946414
 2654.320988  3271.604938  -0.00011246670661877114
 2654.320988  3395.061728  -0.00012192648610734260
 2654.320988  3518.518519  -0.00013001242522304584
 2654.320988  3641.975309  -0.00013484984990641945
 2654.320988  3765.432099  -0.00013557928325541303
 2654.320988  3888.888889  -0.00013348551190597310
 2654.320988  4012.345679  -0.00013054121596980093
 2654.320988  4135.802469  -0.00012977337051063128
 2654.320988  4259.259259  -0.00013405063469480635
 2654.320988  4382.716049  -0.00014440860183646516
 2654.320988  4506.172840  -0.00015968881614045132
 2654.320988  4629.629630  -0.00017408389481911646
 2654.320988  4753.086420  -0.00017182152723335892
 2654.320988  4876.543210  -0.00013148744722875992

 2777.777778 -5000.000000  0.00000403595359162281
 2777.777778 -4876.543210  0.00012446080371009683
 2777.777778 -4753.086420  0.00016717828562851076
 2777.777778 -4629.629630  0.00016923128861819618
 2777.777778 -4506.172840  0.00015530480103476837
 2777.777778 -4382.716049  0.00013944207755476058
 2777.777778 -4259.259259  0.00012861120855929461
 2777.777778 -4135.802469  0.00012437769389720874
 2777.777778 -4012.345679  0.00012526244502655102
 2777.777778 -3888.888889  0.00012846965985258724
 2777.777778 -3765.432099  0.00013087130212510379
 2777.777778 -3641.975309  0.00013056549175412065
 2777.777778 -3518.518519  0.00012581597953538159
 2777.777778 -3395.061728  0.00011777820422693957
 2777.777778 -3271.604938  0.00010839446871874607
 2777.777778 -3148.148148  0.00009994730544054715
 2777.777778 -3024.691358  0.00009507660680707401
 2777.777778 -2901.234568  0.00009542179717677269
 2777.777778 -2777.777778  0.00009994024843978220
 2777.777778 -2654.320988  0.00010186909814097629
 2777.777778 -2530.864198  0.00008545824613861259
 2777.777778 -2407.407407  0.00007858136563080319
 2777.777778 -2283.950617  0.00007926368457980952
 2777.777778 -2160.493827  0.00007646917866068499
 2777.777778 -2037.037037  0.00007170919734161317
 2777.777778 -1913.580247  0.00006628249728920522
 2777.777778 -1790.123457  0.00006144692344007665
 2777.777778 -1666.666667  0.00005745907494508767
 2777.777778 -1543.209877  0.00005396554515365364
 2777.777778 -1419.753086  0.00005035739916874799
 2777.777778 -1296.296296  0.00004629606961464354
 2777.777778 -1172.839506  0.00004252521613765049
 2777.777778 -1049.382716  0.00003797652810200970
 2777.777778  -925.925926  0.00003352522836659962
 2777.777778  -802.469136  0.00002839677384521003
 2777.777778  -679.012346  0.00002355913237988208
 2777.777778  -555.555556  0.00001935440931124613
 2777.777778  -432.098765  0.00001588876623533238
 2777.777778  -308.641975  0.00001204571878348458
 2777.777778  -185.185185  0.00000719676425919507
 2777.777778   -61.728395  0.00000095606330621552
 2777.777778    61.728395  -0.00000095606329225989
 2777.777778   185.185185  -0.00000719676424450368
 2777.777778   308.641975  -0.00001204571876878238
 2777.777778   432.098765  -0.00001588876622092735
 2777.777778   555.555556  -0.00001935440929715529
 2777.777778   679.012346  -0.00002355913236596201
 2777.777778   802.469136  -0.00002839677383134132
 2777.777778   925.925926  -0.00003352522835266074
 2777.777778  1049.382716  -0.00003797652808803479
 2777.777778  1172.839506  -0.00004252521612346298
 2777.777778  1296.296296  -0.00004629606960053761
 2777.777778  1419.753086  -0.00005035739915454239
 2777.777778  1543.209877  -0.00005396554513958915
 2777.777778  1666.666667  -0.00005745907493117590
 2777.777778  1790.123457  -0.00006144692342627000
 2777.777778  1913.580247  -0.00006628249727544619
 2777.777778  2037.037037  -0.00007170919732790075
 2777.777778  2160.493827  -0.00007646917864689571
 2777.777778  2283.950617  -0.00007926368456605151
 2777.777778  2407.407407  -0.00007858136561720390
 2777.777778  2530.864198  -0.00008545824612569259
 2777.777778  2654.320988  -0.00010186909812673270
 2777.777778  2777.777778  -0.00009994024842585837
 2777.777778  2901.234568  -0.00009542179716359485
 2777.777778  3024.691358  -0.00009507660679435175
 2777.777778  3148.148148  -0.00009994730542785442
 2777.777778  3271.604938  -0.00010839446870570841
 2777.777778  3395.061728  -0.00011777820421340652
 2777.777778  3518.518519  -0.00012581597952146916
 2777.777778  3641.975309  -0.00013056549174012472
 2777.777778  3765.432099  -0.00013087130211136483
 2777.777778  3888.888889  -0.00012846965983941711
 2777.777778  4012.345679  -0.00012526244501401672
 2777.777778  4135.802469  -0.00012437769388514493
 2777.777778  4259.259259  -0.00012861120854727184
 2777.777778  4382.716049  -0.00013944207754218032
 2777.777778  4506.172840  -0.00015530480102115597
 2777.777778  4629.629630  -0.00016923128860369324
 2777.777778  4753.086420  -0.00016717828561436571
 2777.777778  4876.543210  -0.00012446080369986600

 2901.234568 -5000.000000  0.00000383543587042332
 2901.234568 -4876.543210  0.00011754266741828903
 2901.234568 -4753.086420  0.00015753291821209698
 2901.234568 -4629.629630  0.00015959653042177131
 2901.234568 -4506.172840  0.00014647359981278149
 2901.234568 -4382.716049  0.00013154822042605297
 2901.234568 -4259.259259  0.00012126038055050700
 2901.234568 -4135.802469  0.00011710488169067592
 2901.234568 -4012.345679  0.00011778986732047502
 2901.234568 -3888.888889  0.00012073145167794879
 2901.234568 -3765.432099  0.00012293717800324289
 2901.234568 -3641.975309  0.00012281984670288565
 2901.234568 -3518.518519  0.00011836883231980045
 2901.234568 -3395.061728  0.00011087953130941948
 2901.234568 -3271.604938  0.00010214587688776722
 2901.234568 -3148.148148  0.00009406245586981418
 2901.234568 -3024.691358  0.00008915880273520699
 2901.234568 -2901.234568  0.00008923674994852733
 2901.234568 -2777.777778  0.00009350611064796396
 2901.234568 -2654.320988  0.00009602337092273231
 2901.234568 -2530.864198  0.00008139416554258473
 2901.234568 -2407.407407  0.00007089824824609082
 2901.234568 -2283.950617  0.00007193041897878539
 2901.234568 -2160.493827  0.00006934060715801370
 2901.234568 -2037.037037  0.00006512906139027649
 2901.234568 -1913.580247  0.00005987049158709162
 2901.234568 -1790.123457  0.00005548604142567992
 2901.234568 -1666.666667  0.00005192524945676100
 2901.234568 -1543.209877  0.00004880343401886217
 2901.234568 -1419.753086  0.00004548212592026008
 2901.234568 -1296.296296  0.00004177819731675775
 2901.234568 -1172.839506  0.00003834265413762598
 2901.234568 -1049.382716  0.00003423111221023646
 2901.234568  -925.925926  0.00003017401446861115
 2901.234568  -802.469136  0.00002548842848859074
 2901.234568  -679.012346  0.00002108697096203069
 2901.234568  -555.555556  0.00001732349224725956
 2901.234568  -432.098765  0.00001426453563970954
 2901.234568  -308.641975  0.00001082901495934238
 2901.234568  -185.185185  0.00000641161721379915
 2901.234568   -61.728395  0.00000073727081846196
 2901.234568    61.728395  -0.00000073727080543221
 2901.234568   185.185185  -0.00000641161720005745
 2901.234568   308.641975  -0.00001082901494560041
 2901.234568   432.098765  -0.00001426453562625513
 2901.234568   555.555556  -0.00001732349223410197
 2901.234568   679.012346  -0.00002108697094902708
 2901.234568   802.469136  -0.00002548842847562470
 2901.234568   925.925926  -0.00003017401445556690
 2901.234568  1049.382716  -0.00003423111219714666
 2901.234568  1172.839506  -0.00003834265412433224
 2901.234568  1296.296296  -0.00004177819730354524
 2901.234568  1419.753086  -0.00004548212590695426
 2901.234568  1543.209877  -0.00004880343400569805
 2901.234568  1666.666667  -0.00005192524944374288
 2901.234568  1790.123457  -0.00005548604141275735
 2901.234568  1913.580247  -0.00005987049157420808
 2901.234568  2037.037037  -0.00006512906137739241
 2901.234568  2160.493827  -0.00006934060714506332
 2901.234568  2283.950617  -0.00007193041896585289
 2901.234568  2407.407407  -0.00007089824823343920
 2901.234568  2530.864198  -0.00008139416553031588
 2901.234568  2654.320988  -0.00009602337090925807
 2901.234568  2777.777778  -0.00009350611063484511
 2901.234568  2901.234568  -0.00008923674993611746
 2901.234568  3024.691358  -0.00008915880272321390
 2901.234568  3148.148148  -0.00009406245585782425
 2901.234568  3271.604938  -0.00010214587687543632
 2901.234568  3395.061728  -0.00011087953129662329
 2901.234568  3518.518519  -0.00011836883230664861
 2901.234568  3641.975309  -0.00012281984668965744
 2901.234568  3765.432099  -0.00012293717799027298
 2901.234568  3888.888889  -0.00012073145166551751
 2901.234568  4012.345679  -0.00011778986730864780
 2901.234568  4135.802469  -0.00011710488167928745
 2901.234568  4259.259259  -0.00012126038053914885
 2901.234568  4382.716049  -0.00013154822041415985
 2901.234568  4506.172840  -0.00014647359979990724
 2901.234568  4629.629630  -0.00015959653040806198
 2901.234568  4753.086420  -0.00015753291819872638
 2901.234568  4876.543210  -0.00011754266740863393

 3024.691358 -5000.000000  0.00000441916121066313
 3024.691358 -4876.543210  0.00011367366793224525
 3024.691358 -4753.086420  0.00015012118907089636
 3024.691358 -4629.629630  0.00015221203629158685
 3024.691358 -4506.172840  0.00013953971110190489
 3024.691358 -4382.716049  0.00012564892979687449
 3024.691358 -4259.259259  0.00011604353982291240
 3024.691358 -4135.802469  0.00011197801917313250
 3024.691358 -4012.345679  0.00011245575363117364
 3024.691358 -3888.888889  0.00011502488691546975
 3024.691358 -3765.432099  0.00011692392698983742
 3024.691358 -3641.975309  0.00011674586587026467
 3024.691358 -3518.518519  0.00011249025936696855
 3024.691358 -3395.061728  0.00010544692994796390
 3024.691358 -3271.604938  0.00009727016323568629
 3024.691358 -3148.148148  0.00008962755981921404
 3024.691358 -3024.691358  0.00008487352485986031
 3024.691358 -2901.234568  0.00008476317821234016
 3024.691358 -2777.777778  0.00008862058927983911
 3024.691358 -2654.320988  0.00009103692809343748
 3024.691358 -2530.864198  0.00007745758854133237
 3024.691358 -2407.407407  0.00006839541305259367
 3024.691358 -2283.950617  0.00007084769518848776
 3024.691358 -2160.493827  0.00006856158646970796
 3024.691358 -2037.037037  0.00006427302543448678
 3024.691358 -1913.580247  0.00005871305757797272
 3024.691358 -1790.123457  0.00005420930463825198
 3024.691358 -1666.666667  0.00005068524684512052
 3024.691358 -1543.209877  0.00004771977255979285
 3024.691358 -1419.753086  0.00004458752160356085
 3024.691358 -1296.296296  0.00004106653675100846
 3024.691358 -1172.839506  0.00003782548762326370
 3024.691358 -1049.382716  0.00003378208788824815
 3024.691358  -925.925926  0.00002971164814310786
 3024.691358  -802.469136  0.00002498786692112103
 3024.691358  -679.012346  0.00002056464802731433
 3024.691358  -555.555556  0.00001684125297944976
 3024.691358  -432.098765  0.00001396046183281331
 3024.691358  -308.641975  0.00001074824600690046
 3024.691358  -185.185185  0.00000657436458032692
 3024.691358   -61.728395  0.00000064591361650268
 3024.691358    61.728395  -0.00000064591360375444
 3024.691358   185.185185  -0.00000657436456682676
 3024.691358   308.641975  -0.00001074824599340424
 3024.691358   432.098765  -0.00001396046181961824
 3024.691358   555.555556  -0.00001684125296655793
 3024.691358   679.012346  -0.00002056464801457738
 3024.691358   802.469136  -0.00002498786690841625
 3024.691358   925.925926  -0.00002971164813031472
 3024.691358  1049.382716  -0.00003378208787539444
 3024.691358  1172.839506  -0.00003782548761020025
 3024.691358  1296.296296  -0.00004106653673802881
 3024.691358  1419.753086  -0.00004458752159048365
 3024.691358  1543.209877  -0.00004771977254686227
 3024.691358  1666.666667  -0.00005068524683234098
 3024.691358  1790.123457  -0.00005420930462556989
 3024.691358  1913.580247  -0.00005871305756532685
 3024.691358  2037.037037  -0.00006427302542180829
 3024.691358  2160.493827  -0.00006856158645696410
 3024.691358  2283.950617  -0.00007084769517575761
 3024.691358  2407.407407  -0.00006839541304022290
 3024.691358  2530.864198  -0.00007745758852922031
 3024.691358  2654.320988  -0.00009103692808024970
 3024.691358  2777.777778  -0.00008862058926702304
 3024.691358  2901.234568  -0.00008476317820020070
 3024.691358  3024.691358  -0.00008487352484811581
 3024.691358  3148.148148  -0.00008962755980745889
 3024.691358  3271.604938  -0.00009727016322359249
 3024.691358  3395.061728  -0.00010544692993541880
 3024.691358  3518.518519  -0.00011249025935408396
 3024.691358  3641.975309  -0.00011674586585731341
 3024.691358  3765.432099  -0.00011692392697713845
 3024.691358  3888.888889  -0.00011502488690329264
 3024.691358  4012.345679  -0.00011245575361957491
 3024.691358  4135.802469  -0.00011197801916195061
 3024.691358  4259.259259  -0.00011604353981175171
 3024.691358  4382.716049  -0.00012564892978519354
 3024.691358  4506.172840  -0.00013953971108927963
 3024.691358  4629.629630  -0.00015221203627813979
 3024.691358  4753.086420  -0.00015012118905779727
 3024.691358  4876.543210  -0.00011367366792270770

 3148.148148 -5000.000000  0.00000478588631771354
 3148.148148 -4876.543210  0.00011364165549514840
 3148.148148 -4753.086420  0.00014828090756905938
 3148.148148 -4629.629630  0.00015027923102941304
 3148.148148 -4506.172840  0.00013757188263971437
 3148.148148 -4382.716049  0.00012409617647719001
 3148.148148 -4259.259259  0.00011475793665196439
 3148.148148 -4135.802469  0.00011065355177049718
 3148.148148 -4012.345679  0.00011099985670651862
 3148.148148 -3888.888889  0.00011337600108880561
 3148.148148 -3765.432099  0.00011507236693709913
 3148.148148 -3641.975309  0.00011474662268340899
 3148.148148 -3518.518519  0.00011052658168668771
 3148.148148 -3395.061728  0.00010360569953338863
 3148.148148 -3271.604938  0.00009556996432768166
 3148.148148 -3148.148148  0.00008810784889452077
 3148.148148 -3024.691358  0.00008348349192596464
 3148.148148 -2901.234568  0.00008334092145901651
 3148.148148 -2777.777778  0.00008693926737197680
 3148.148148 -2654.320988  0.00008902480796027504
 3148.148148 -2530.864198  0.00007574551354757618
 3148.148148 -2407.407407  0.00006879237251917900
 3148.148148 -2283.950617  0.00007208526279913407
 3148.148148 -2160.493827  0.00006985481659516184
 3148.148148 -2037.037037  0.00006536708813387177
 3148.148148 -1913.580247  0.00005958377321473482
 3148.148148 -1790.123457  0.00005489516666552349
 3148.148148 -1666.666667  0.00005125624219481418
 3148.148148 -1543.209877  0.00004826457426521301
 3148.148148 -1419.753086  0.00004520015062846912
 3148.148148 -1296.296296  0.00004170316175612865
 3148.148148 -1172.839506  0.00003846470613024049
 3148.148148 -1049.382716  0.00003436165440583022
 3148.148148  -925.925926  0.00003018838153464883
 3148.148148  -802.469136  0.00002533080929053585
 3148.148148  -679.012346  0.00002078301894148781
 3148.148148  -555.555556  0.00001699148724304938
 3148.148148  -432.098765  0.00001413661343360725
 3148.148148  -308.641975  0.00001097025151247005
 3148.148148  -185.185185  0.00000682255299648647
 3148.148148   -61.728395  0.00000063426335662209
 3148.148148    61.728395  -0.00000063426334340578
 3148.148148   185.185185  -0.00000682255298246690
 3148.148148   308.641975  -0.00001097025149845469
 3148.148148   432.098765  -0.00001413661341990622
 3148.148148   555.555556  -0.00001699148722966954
 3148.148148   679.012346  -0.00002078301892827004
 3148.148148   802.469136  -0.00002533080927734618
 3148.148148   925.925926  -0.00003018838152136352
 3148.148148  1049.382716  -0.00003436165439247350
 3148.148148  1172.839506  -0.00003846470611666373
 3148.148148  1296.296296  -0.00004170316174263067
 3148.148148  1419.753086  -0.00004520015061486500
 3148.148148  1543.209877  -0.00004826457425176092
 3148.148148  1666.666667  -0.00005125624218151841
 3148.148148  1790.123457  -0.00005489516665232940
 3148.148148  1913.580247  -0.00005958377320157525
 3148.148148  2037.037037  -0.00006536708812067355
 3148.148148  2160.493827  -0.00006985481658189275
 3148.148148  2283.950617  -0.00007208526278587303
 3148.148148  2407.407407  -0.00006879237250629697
 3148.148148  2530.864198  -0.00007574551353497202
 3148.148148  2654.320988  -0.00008902480794663157
 3148.148148  2777.777778  -0.00008693926735870599
 3148.148148  2901.234568  -0.00008334092144642140
 3148.148148  3024.691358  -0.00008348349191376802
 3148.148148  3148.148148  -0.00008810784888231141
 3148.148148  3271.604938  -0.00009556996431512735
 3148.148148  3395.061728  -0.00010360569952037319
 3148.148148  3518.518519  -0.00011052658167332949
 3148.148148  3641.975309  -0.00011474662266998608
 3148.148148  3765.432099  -0.00011507236692392555
 3148.148148  3888.888889  -0.00011337600107615584
 3148.148148  4012.345679  -0.00011099985669444992
 3148.148148  4135.802469  -0.00011065355175884642
 3148.148148  4259.259259  -0.00011475793664032316
 3148.148148  4382.716049  -0.00012409617646502686
 3148.148148  4506.172840  -0.00013757188262660347
 3148.148148  4629.629630  -0.00015027923101543680
 3148.148148  4753.086420  -0.00014828090755545357
 3148.148148  4876.543210  -0.00011364165548509543

 3271.604938 -5000.000000  0.00000426280749227453
 3271.604938 -4876.543210  0.00011534903199591289
 3271.604938 -4753.086420  0.00015098089854333657
 3271.604938 -4629.629630  0.00015279235990647600
 3271.604938 -4506.172840  0.00013970060577725717
 3271.604938 -4382.716049  0.00012576139258645527
 3271.604938 -4259.259259  0.00011609921863769271
 3271.604938 -4135.802469  0.00011187828084638464
 3271.604938 -4012.345679  0.00011224394165866027
 3271.604938 -3888.888889  0.00011470381963720892
 3271.604938 -3765.432099  0.00011645643452418319
 3271.604938 -3641.975309  0.00011603954359865715
 3271.604938 -3518.518519  0.00011172056831185490
 3271.604938 -3395.061728  0.00010459009652734585
 3271.604938 -3271.604938  0.00009627989474729072
 3271.604938 -3148.148148  0.00008866514724463928
 3271.604938 -3024.691358  0.00008406283388928961
 3271.604938 -2901.234568  0.00008405169609256785
 3271.604938 -2777.777778  0.00008774870391572583
 3271.604938 -2654.320988  0.00008965678309653045
 3271.604938 -2530.864198  0.00007596844091952978
 3271.604938 -2407.407407  0.00006971131769926941
 3271.604938 -2283.950617  0.00007263745481252933
 3271.604938 -2160.493827  0.00007024085868813951
 3271.604938 -2037.037037  0.00006570194502481510
 3271.604938 -1913.580247  0.00006003065883401024
 3271.604938 -1790.123457  0.00005534440968232249
 3271.604938 -1666.666667  0.00005162734568928218
 3271.604938 -1543.209877  0.00004854090350612567
 3271.604938 -1419.753086  0.00004543201038334212
 3271.604938 -1296.296296  0.00004189300994693905
 3271.604938 -1172.839506  0.00003860314158912459
 3271.604938 -1049.382716  0.00003442197938231522
 3271.604938  -925.925926  0.00003028224507918200
 3271.604938  -802.469136  0.00002541555664555906
 3271.604938  -679.012346  0.00002088767187321420
 3271.604938  -555.555556  0.00001707812148218268
 3271.604938  -432.098765  0.00001418243937425928
 3271.604938  -308.641975  0.00001096909694244119
 3271.604938  -185.185185  0.00000675858219030579
 3271.604938   -61.728395  0.00000065944836088771
 3271.604938    61.728395  -0.00000065944834673509
 3271.604938   185.185185  -0.00000675858217533677
 3271.604938   308.641975  -0.00001096909692745659
 3271.604938   432.098765  -0.00001418243935960193
 3271.604938   555.555556  -0.00001707812146785557
 3271.604938   679.012346  -0.00002088767185905303
 3271.604938   802.469136  -0.00002541555663143164
 3271.604938   925.925926  -0.00003028224506494714
 3271.604938  1049.382716  -0.00003442197936802036
 3271.604938  1172.839506  -0.00003860314157457395
 3271.604938  1296.296296  -0.00004189300993247151
 3271.604938  1419.753086  -0.00004543201036876578
 3271.604938  1543.209877  -0.00004854090349169637
 3271.604938  1666.666667  -0.00005162734567500992
 3271.604938  1790.123457  -0.00005534440966815234
 3271.604938  1913.580247  -0.00006003065881987739
 3271.604938  2037.037037  -0.00006570194501066027
 3271.604938  2160.493827  -0.00007024085867390191
 3271.604938  2283.950617  -0.00007263745479829634
 3271.604938  2407.407407  -0.00006971131768537858
 3271.604938  2530.864198  -0.00007596844090603563
 3271.604938  2654.320988  -0.00008965678308189053
 3271.604938  2777.777778  -0.00008774870390145838
 3271.604938  2901.234568  -0.00008405169607901825
 3271.604938  3024.691358  -0.00008406283387616583
 3271.604938  3148.148148  -0.00008866514723150873
 3271.604938  3271.604938  -0.00009627989473379612
 3271.604938  3395.061728  -0.00010459009651335549
 3271.604938  3518.518519  -0.00011172056829749563
 3271.604938  3641.975309  -0.00011603954358422195
 3271.604938  3765.432099  -0.00011645643451000709
 3271.604938  3888.888889  -0.00011470381962358396
 3271.604938  4012.345679  -0.00011224394164565173
 3271.604938  4135.802469  -0.00011187828083381737
 3271.604938  4259.259259  -0.00011609921862512929
 3271.604938  4382.716049  -0.00012576139257333645
 3271.604938  4506.172840  -0.00013970060576312597
 3271.604938  4629.629630  -0.00015279235989139756
 3271.604938  4753.086420  -0.00015098089852865230
 3271.604938  4876.543210  -0.00011534903198498574

 3395.061728 -5000.000000  0.00000301203324309228
 3395.061728 -4876.543210  0.00011741859958837020
 3395.061728 -4753.086420  0.00015611009072891079
 3395.061728 -4629.629630  0.00015772038048584325
 3395.061728 -4506.172840  0.00014407126206187918
 3395.061728 -4382.716049  0.00012904013273727169
 3395.061728 -4259.259259  0.00011863653307284876
 3395.061728 -4135.802469  0.00011427623789636996
 3395.061728 -4012.345679  0.00011477957227152848
 3395.061728 -3888.888889  0.00011751452656597308
 3395.061728 -3765.432099  0.00011953568343811471
 3395.061728 -3641.975309  0.00011912292250135222
 3395.061728 -3518.518519  0.00011462227720802586
 3395.061728 -3395.061728  0.00010707689806420608
 3395.061728 -3271.604938  0.00009825430758615789
 3395.061728 -3148.148148  0.00009025518961768091
 3395.061728 -3024.691358  0.00008555931508839007
 3395.061728 -2901.234568  0.00008576624087076138
 3395.061728 -2777.777778  0.00008986176690775102
 3395.061728 -2654.320988  0.00009185340635430596
 3395.061728 -2530.864198  0.00007726263784152430
 3395.061728 -2407.407407  0.00007020553570244965
 3395.061728 -2283.950617  0.00007211473690605929
 3395.061728 -2160.493827  0.00006949555085030142
 3395.061728 -2037.037037  0.00006504449855743337
 3395.061728 -1913.580247  0.00005966644673167603
 3395.061728 -1790.123457  0.00005510750404687489
 3395.061728 -1666.666667  0.00005138465552118151
 3395.061728 -1543.209877  0.00004821183751008590
 3395.061728 -1419.753086  0.00004505057640084005
 3395.061728 -1296.296296  0.00004141611573250244
 3395.061728 -1172.839506  0.00003802973114836479
 3395.061728 -1049.382716  0.00003391258632776649
 3395.061728  -925.925926  0.00002984238270947615
 3395.061728  -802.469136  0.00002511982367439952
 3395.061728  -679.012346  0.00002069260038140347
 3395.061728  -555.555556  0.00001695195436962184
 3395.061728  -432.098765  0.00001401268283482156
 3395.061728  -308.641975  0.00001073424480005011
 3395.061728  -185.185185  0.00000647712785886069
 3395.061728   -61.728395  0.00000068061234617642
 3395.061728    61.728395  -0.00000068061233092761
 3395.061728   185.185185  -0.00000647712784275969
 3395.061728   308.641975  -0.00001073424478393669
 3395.061728   432.098765  -0.00001401268281903209
 3395.061728   555.555556  -0.00001695195435417477
 3395.061728   679.012346  -0.00002069260036612634
 3395.061728   802.469136  -0.00002511982365915016
 3395.061728   925.925926  -0.00002984238269412401
 3395.061728  1049.382716  -0.00003391258631234595
 3395.061728  1172.839506  -0.00003802973113269053
 3395.061728  1296.296296  -0.00004141611571689853
 3395.061728  1419.753086  -0.00004505057638510576
 3395.061728  1543.209877  -0.00004821183749450733
 3395.061728  1666.666667  -0.00005138465550575716
 3395.061728  1790.123457  -0.00005510750403154981
 3395.061728  1913.580247  -0.00005966644671638579
 3395.061728  2037.037037  -0.00006504449854214808
 3395.061728  2160.493827  -0.00006949555083492390
 3395.061728  2283.950617  -0.00007211473689068361
 3395.061728  2407.407407  -0.00007020553568735325
 3395.061728  2530.864198  -0.00007726263782698369
 3395.061728  2654.320988  -0.00009185340633840633
 3395.061728  2777.777778  -0.00008986176689223315
 3395.061728  2901.234568  -0.00008576624085603968
 3395.061728  3024.691358  -0.00008555931507414090
 3395.061728  3148.148148  -0.00009025518960342929
 3395.061728  3271.604938  -0.00009825430757151064
 3395.061728  3395.061728  -0.00010707689804900928
 3395.061728  3518.518519  -0.00011462227719241563
 3395.061728  3641.975309  -0.00011912292248564494
 3395.061728  3765.432099  -0.00011953568342268777
 3395.061728  3888.888889  -0.00011751452655114218
 3395.061728  4012.345679  -0.00011477957225737557
 3395.061728  4135.802469  -0.00011427623788270389
 3395.061728  4259.259259  -0.00011863653305918324
 3395.061728  4382.716049  -0.00012904013272298272
 3395.061728  4506.172840  -0.00014407126204646174
 3395.061728  4629.629630  -0.00015772038046938115
 3395.061728  4753.086420  -0.00015611009071285403
 3395.061728  4876.543210  -0.00011741859957646705

 3518.518519 -5000.000000  0.00000202507697454979
 3518.518519 -4876.543210  0.00011792762902256008
 3518.518519 -4753.086420  0.00015843610600939814
 3518.518519 -4629.629630  0.00015982772925493780
 3518.518519 -4506.172840  0.00014587409383704181
 3518.518519 -4382.716049  0.00013019081036765023
 3518.518519 -4259.259259  0.00011934942194558050
 3518.518519 -4135.802469  0.00011492823178762809
 3518.518519 -4012.345679  0.00011553092497055051
 3518.518519 -3888.888889  0.00011844706045079618
 3518.518519 -3765.432099  0.00012062527206218489
 3518.518519 -3641.975309  0.00012019456278539691
 3518.518519 -3518.518519  0.00011558246546921240
 3518.518519 -3395.061728  0.00010778809530832568
 3518.518519 -3271.604938  0.00009866243057039993
 3518.518519 -3148.148148  0.00009047893227678650
 3518.518519 -3024.691358  0.00008579684620266496
 3518.518519 -2901.234568  0.00008618240778776994
 3518.518519 -2777.777778  0.00009052830192427556
 3518.518519 -2654.320988  0.00009245722353592240
 3518.518519 -2530.864198  0.00007717454377732898
 3518.518519 -2407.407407  0.00007073813374235446
 3518.518519 -2283.950617  0.00007214418068359811
 3518.518519 -2160.493827  0.00006946637827103087
 3518.518519 -2037.037037  0.00006498313515817035
 3518.518519 -1913.580247  0.00005975976469388498
 3518.518519 -1790.123457  0.00005520525462675616
 3518.518519 -1666.666667  0.00005144370991785451
 3518.518519 -1543.209877  0.00004822936390248816
 3518.518519 -1419.753086  0.00004502917729880542
 3518.518519 -1296.296296  0.00004132003603145283
 3518.518519 -1172.839506  0.00003796921527257014
 3518.518519 -1049.382716  0.00003380654299438435
 3518.518519  -925.925926  0.00002978312709197655
 3518.518519  -802.469136  0.00002507453790511478
 3518.518519  -679.012346  0.00002070725586673009
 3518.518519  -555.555556  0.00001696816343617021
 3518.518519  -432.098765  0.00001399582743625290
 3518.518519  -308.641975  0.00001068022106503113
 3518.518519  -185.185185  0.00000639550664803144
 3518.518519   -61.728395  0.00000070724855292594
 3518.518519    61.728395  -0.00000070724853681508
 3518.518519   185.185185  -0.00000639550663104221
 3518.518519   308.641975  -0.00001068022104802102
 3518.518519   432.098765  -0.00001399582741958340
 3518.518519   555.555556  -0.00001696816341984456
 3518.518519   679.012346  -0.00002070725585057857
 3518.518519   802.469136  -0.00002507453788900718
 3518.518519   925.925926  -0.00002978312707575664
 3518.518519  1049.382716  -0.00003380654297810143
 3518.518519  1172.839506  -0.00003796921525599849
 3518.518519  1296.296296  -0.00004132003601497834
 3518.518519  1419.753086  -0.00004502917728217348
 3518.518519  1543.209877  -0.00004822936388601115
 3518.518519  1666.666667  -0.00005144370990153724
 3518.518519  1790.123457  -0.00005520525461053607
 3518.518519  1913.580247  -0.00005975976467769744
 3518.518519  2037.037037  -0.00006498313514200783
 3518.518519  2160.493827  -0.00006946637825476642
 3518.518519  2283.950617  -0.00007214418066733831
 3518.518519  2407.407407  -0.00007073813372631928
 3518.518519  2530.864198  -0.00007717454376199950
 3518.518519  2654.320988  -0.00009245722351907693
 3518.518519  2777.777778  -0.00009052830190781454
 3518.518519  2901.234568  -0.00008618240777216584
 3518.518519  3024.691358  -0.00008579684618757216
 3518.518519  3148.148148  -0.00009047893226169712
 3518.518519  3271.604938  -0.00009866243055488918
 3518.518519  3395.061728  -0.00010778809529222004
 3518.518519  3518.518519  -0.00011558246545265558
 3518.518519  3641.975309  -0.00012019456276872738
 3518.518519  3765.432099  -0.00012062527204581024
 3518.518519  3888.888889  -0.00011844706043505564
 3518.518519  4012.345679  -0.00011553092495553683
 3518.518519  4135.802469  -0.00011492823177313550
 3518.518519  4259.259259  -0.00011934942193108657
 3518.518519  4382.716049  -0.00013019081035247598
 3518.518519  4506.172840  -0.00014587409382064523
 3518.518519  4629.629630  -0.00015982772923741907
 3518.518519  4753.086420  -0.00015843610599228865
 3518.518519  4876.543210  -0.00011792762900992997

 3641.975309 -5000.000000  0.00000155728610262128
 3641.975309 -4876.543210  0.00011760317760783994
 3641.975309 -4753.086420  0.00015844071193010635
 3641.975309 -4629.629630  0.00015968730459701224
 3641.975309 -4506.172840  0.00014564112631038667
 3641.975309 -4382.716049  0.00012979444334990027
 3641.975309 -4259.259259  0.00011883696257753158
 3641.975309 -4135.802469  0.00011439041390199472
 3641.975309 -4012.345679  0.00011500649595527465
 3641.975309 -3888.888889  0.00011796050089302231
 3641.975309 -3765.432099  0.00012014880106845860
 3641.975309 -3641.975309  0.00011969793998236143
 3641.975309 -3518.518519  0.00011504006526264587
 3641.975309 -3395.061728  0.00010718017882262643
 3641.975309 -3271.604938  0.00009799033829415991
 3641.975309 -3148.148148  0.00008979122340231741
 3641.975309 -3024.691358  0.00008514607827728335
 3641.975309 -2901.234568  0.00008559385952769547
 3641.975309 -2777.777778  0.00009000781615603083
 3641.975309 -2654.320988  0.00009185795772858871
 3641.975309 -2530.864198  0.00007625304977406070
 3641.975309 -2407.407407  0.00007104992622400260
 3641.975309 -2283.950617  0.00007285567504810916
 3641.975309 -2160.493827  0.00007030424275567703
 3641.975309 -2037.037037  0.00006566829561128500
 3641.975309 -1913.580247  0.00006031254752133856
 3641.975309 -1790.123457  0.00005561329727570495
 3641.975309 -1666.666667  0.00005180064161904781
 3641.975309 -1543.209877  0.00004858733181725968
 3641.975309 -1419.753086  0.00004542170069996245
 3641.975309 -1296.296296  0.00004171298821955853
 3641.975309 -1172.839506  0.00003833187775222691
 3641.975309 -1049.382716  0.00003419225196593096
 3641.975309  -925.925926  0.00003006965774811955
 3641.975309  -802.469136  0.00002530308574787513
 3641.975309  -679.012346  0.00002083463074840600
 3641.975309  -555.555556  0.00001706943780473149
 3641.975309  -432.098765  0.00001411745775123908
 3641.975309  -308.641975  0.00001082825455317469
 3641.975309  -185.185185  0.00000655643395461341
 3641.975309   -61.728395  0.00000069650601763280
 3641.975309    61.728395  -0.00000069650600093137
 3641.975309   185.185185  -0.00000655643393696712
 3641.975309   308.641975  -0.00001082825453552308
 3641.975309   432.098765  -0.00001411745773393630
 3641.975309   555.555556  -0.00001706943778779968
 3641.975309   679.012346  -0.00002083463073166072
 3641.975309   802.469136  -0.00002530308573116165
 3641.975309   925.925926  -0.00003006965773129899
 3641.975309  1049.382716  -0.00003419225194902439
 3641.975309  1172.839506  -0.00003833187773504601
 3641.975309  1296.296296  -0.00004171298820245435
 3641.975309  1419.753086  -0.00004542170068268617
 3641.975309  1543.209877  -0.00004858733180015108
 3641.975309  1666.666667  -0.00005180064160210264
 3641.975309  1790.123457  -0.00005561329725886118
 3641.975309  1913.580247  -0.00006031254750452414
 3641.975309  2037.037037  -0.00006566829559449656
 3641.975309  2160.493827  -0.00007030424273877621
 3641.975309  2283.950617  -0.00007285567503121706
 3641.975309  2407.407407  -0.00007104992620733345
 3641.975309  2530.864198  -0.00007625304975816204
 3641.975309  2654.320988  -0.00009185795771110009
 3641.975309  2777.777778  -0.00009000781613893754
 3641.975309  2901.234568  -0.00008559385951150256
 3641.975309  3024.691358  -0.00008514607826162930
 3641.975309  3148.148148  -0.00008979122338666725
 3641.975309  3271.604938  -0.00009799033827806278
 3641.975309  3395.061728  -0.00010718017880589750
 3641.975309  3518.518519  -0.00011504006524543800
 3641.975309  3641.975309  -0.00011969793996503180
 3641.975309  3765.432099  -0.00012014880105143737
 3641.975309  3888.888889  -0.00011796050087666321
 3641.975309  4012.345679  -0.00011500649593967869
 3641.975309  4135.802469  -0.00011439041388694404
 3641.975309  4259.259259  -0.00011883696256247638
 3641.975309  4382.716049  -0.00012979444333411676
 3641.975309  4506.172840  -0.00014564112629330441
 3641.975309  4629.629630  -0.00015968730457875370
 3641.975309  4753.086420  -0.00015844071191226317
 3641.975309  4876.543210  -0.00011760317759473639

 3765.432099 -5000.000000  0.00000074897690338483
 3765.432099 -4876.543210  0.00011351854780185960
 3765.432099 -4753.086420  0.00015439088739028272
 3765.432099 -4629.629630  0.00015560535882974070
 3765.432099 -4506.172840  0.00014190794648311772
 3765.432099 -4382.716049  0.00012612517252075936
 3765.432099 -4259.259259  0.00011517433969365156
 3765.432099 -4135.802469  0.00011078406560079854
 3765.432099 -4012.345679  0.00011139821527301021
 3765.432099 -3888.888889  0.00011435474789219789
 3765.432099 -3765.432099  0.00011660178268355245
 3765.432099 -3641.975309  0.00011630673192696517
 3765.432099 -3518.518519  0.00011175828446210998
 3765.432099 -3395.061728  0.00010405317602082122
 3765.432099 -3271.604938  0.00009504605973555069
 3765.432099 -3148.148148  0.00008691231476830719
 3765.432099 -3024.691358  0.00008221678317160206
 3765.432099 -2901.234568  0.00008260780090591927
 3765.432099 -2777.777778  0.00008711407885585303
 3765.432099 -2654.320988  0.00008940259254241213
 3765.432099 -2530.864198  0.00007440690454381139
 3765.432099 -2407.407407  0.00006691554401581018
 3765.432099 -2283.950617  0.00006820449824692224
 3765.432099 -2160.493827  0.00006576130137793976
 3765.432099 -2037.037037  0.00006144558116356823
 3765.432099 -1913.580247  0.00005639093013701382
 3765.432099 -1790.123457  0.00005207321137671741
 3765.432099 -1666.666667  0.00004856896662112584
 3765.432099 -1543.209877  0.00004553547687395956
 3765.432099 -1419.753086  0.00004230924359233075
 3765.432099 -1296.296296  0.00003906845470510708
 3765.432099 -1172.839506  0.00003589911252999861
 3765.432099 -1049.382716  0.00003168768595329765
 3765.432099  -925.925926  0.00002807323011828839
 3765.432099  -802.469136  0.00002354819960788100
 3765.432099  -679.012346  0.00001946651480982508
 3765.432099  -555.555556  0.00001590369382045334
 3765.432099  -432.098765  0.00001315199101969036
 3765.432099  -308.641975  0.00001007342369168437
 3765.432099  -185.185185  0.00000596540261065916
 3765.432099   -61.728395  0.00000060800547952992
 3765.432099    61.728395  -0.00000060800546290345
 3765.432099   185.185185  -0.00000596540259326750
 3765.432099   308.641975  -0.00001007342367417495
 3765.432099   432.098765  -0.00001315199100256540
 3765.432099   555.555556  -0.00001590369380368862
 3765.432099   679.012346  -0.00001946651479323806
 3765.432099   802.469136  -0.00002354819959134717
 3765.432099   925.925926  -0.00002807323010158432
 3765.432099  1049.382716  -0.00003168768593661474
 3765.432099  1172.839506  -0.00003589911251289995
 3765.432099  1296.296296  -0.00003906845468808877
 3765.432099  1419.753086  -0.00004230924357527671
 3765.432099  1543.209877  -0.00004553547685699915
 3765.432099  1666.666667  -0.00004856896660431891
 3765.432099  1790.123457  -0.00005207321136002069
 3765.432099  1913.580247  -0.00005639093012036153
 3765.432099  2037.037037  -0.00006144558114692081
 3765.432099  2160.493827  -0.00006576130136116050
 3765.432099  2283.950617  -0.00006820449823015426
 3765.432099  2407.407407  -0.00006691554399932136
 3765.432099  2530.864198  -0.00007440690452798664
 3765.432099  2654.320988  -0.00008940259252496907
 3765.432099  2777.777778  -0.00008711407883882844
 3765.432099  2901.234568  -0.00008260780088980935
 3765.432099  3024.691358  -0.00008221678315603046
 3765.432099  3148.148148  -0.00008691231475272891
 3765.432099  3271.604938  -0.00009504605971951335
 3765.432099  3395.061728  -0.00010405317600414274
 3765.432099  3518.518519  -0.00011175828444494460
 3765.432099  3641.975309  -0.00011630673190967266
 3765.432099  3765.432099  -0.00011660178266657688
 3765.432099  3888.888889  -0.00011435474787589386
 3765.432099  4012.345679  -0.00011139821525747659
 3765.432099  4135.802469  -0.00011078406558581140
 3765.432099  4259.259259  -0.00011517433967865682
 3765.432099  4382.716049  -0.00012612517250501468
 3765.432099  4506.172840  -0.00014190794646604441
 3765.432099  4629.629630  -0.00015560535881149236
 3765.432099  4753.086420  -0.00015439088737244076
 3765.432099  4876.543210  -0.00011351854778884660

 3888.888889 -5000.000000  0.00000100066213470640
 3888.888889 -4876.543210  0.00010960147542467564
 3888.888889 -4753.086420  0.00014804256102074362
 3888.888889 -4629.629630  0.00014931192670852611
 3888.888889 -4506.172840  0.00013615170300929034
 3888.888889 -4382.716049  0.00012118728024332535
 3888.888889 -4259.259259  0.00011074163075112333
 3888.888889 -4135.802469  0.00010641842431749651
 3888.888889 -4012.345679  0.00010687420873563951
 3888.888889 -3888.888889  0.00010959504173294979
 3888.888889 -3765.432099  0.00011162311373896359
 3888.888889 -3641.975309  0.00011141847062552683
 3888.888889 -3518.518519  0.00010703723216975625
 3888.888889 -3395.061728  0.00009972145293574977
 3888.888889 -3271.604938  0.00009121270027381007
 3888.888889 -3148.148148  0.00008338408971631413
 3888.888889 -3024.691358  0.00007868987159747542
 3888.888889 -2901.234568  0.00007887307355722735
 3888.888889 -2777.777778  0.00008313275490714124
 3888.888889 -2654.320988  0.00008566681641325622
 3888.888889 -2530.864198  0.00007156378566634382
 3888.888889 -2407.407407  0.00006304012318217050
 3888.888889 -2283.950617  0.00006556728181518183
 3888.888889 -2160.493827  0.00006343037273916157
 3888.888889 -2037.037037  0.00005927303968810725
 3888.888889 -1913.580247  0.00005396633442081242
 3888.888889 -1790.123457  0.00004963295958624140
 3888.888889 -1666.666667  0.00004627127317456112
 3888.888889 -1543.209877  0.00004350423888670458
 3888.888889 -1419.753086  0.00004063838205900944
 3888.888889 -1296.296296  0.00003733240454072494
 3888.888889 -1172.839506  0.00003436661440547310
 3888.888889 -1049.382716  0.00003064221349366246
 3888.888889  -925.925926  0.00002689968761800378
 3888.888889  -802.469136  0.00002251257206248503
 3888.888889  -679.012346  0.00001844725772922561
 3888.888889  -555.555556  0.00001509758434290900
 3888.888889  -432.098765  0.00001257584579058786
 3888.888889  -308.641975  0.00000972715365745032
 3888.888889  -185.185185  0.00000590351701933529
 3888.888889   -61.728395  0.00000048798490169574
 3888.888889    61.728395  -0.00000048798488548005
 3888.888889   185.185185  -0.00000590351700219357
 3888.888889   308.641975  -0.00000972715364031017
 3888.888889   432.098765  -0.00001257584577380343
 3888.888889   555.555556  -0.00001509758432648309
 3888.888889   679.012346  -0.00001844725771297444
 3888.888889   802.469136  -0.00002251257204626253
 3888.888889   925.925926  -0.00002689968760165877
 3888.888889  1049.382716  -0.00003064221347722823
 3888.888889  1172.839506  -0.00003436661438875622
 3888.888889  1296.296296  -0.00003733240452410430
 3888.888889  1419.753086  -0.00004063838204221713
 3888.888889  1543.209877  -0.00004350423887008127
 3888.888889  1666.666667  -0.00004627127315810236
 3888.888889  1790.123457  -0.00004963295956987466
 3888.888889  1913.580247  -0.00005396633440446207
 3888.888889  2037.037037  -0.00005927303967173302
 3888.888889  2160.493827  -0.00006343037272268057
 3888.888889  2283.950617  -0.00006556728179870583
 3888.888889  2407.407407  -0.00006304012316604917
 3888.888889  2530.864198  -0.00007156378565071828
 3888.888889  2654.320988  -0.00008566681639608811
 3888.888889  2777.777778  -0.00008313275489042776
 3888.888889  2901.234568  -0.00007887307354141516
 3888.888889  3024.691358  -0.00007868987158218394
 3888.888889  3148.148148  -0.00008338408970099582
 3888.888889  3271.604938  -0.00009121270025802527
 3888.888889  3395.061728  -0.00009972145291933256
 3888.888889  3518.518519  -0.00010703723215285899
 3888.888889  3641.975309  -0.00011141847060850507
 3888.888889  3765.432099  -0.00011162311372226342
 3888.888889  3888.888889  -0.00010959504171690808
 3888.888889  4012.345679  -0.00010687420872036142
 3888.888889  4135.802469  -0.00010641842430275010
 3888.888889  4259.259259  -0.00011074163073635674
 3888.888889  4382.716049  -0.00012118728022780598
 3888.888889  4506.172840  -0.00013615170299245444
 3888.888889  4629.629630  -0.00014931192669053996
 3888.888889  4753.086420  -0.00014804256100315650
 3888.888889  4876.543210  -0.00010960147541187768

 4012.345679 -5000.000000  0.00000128943198103652
 4012.345679 -4876.543210  0.00010466479704204723
 4012.345679 -4753.086420  0.00014033054007240353
 4012.345679 -4629.629630  0.00014165968191008732
 4012.345679 -4506.172840  0.00012917970962951001
 4012.345679 -4382.716049  0.00011518498494892293
 4012.345679 -4259.259259  0.00010535004633116780
 4012.345679 -4135.802469  0.00010113648721568383
 4012.345679 -4012.345679  0.00010142992945676562
 4012.345679 -3888.888889  0.00010388903665851214
 4012.345679 -3765.432099  0.00010569413231582446
 4012.345679 -3641.975309  0.00010556301330923450
 4012.345679 -3518.518519  0.00010141750571055160
 4012.345679 -3395.061728  0.00009456893708999107
 4012.345679 -3271.604938  0.00008661780765907318
 4012.345679 -3148.148148  0.00007917388553405877
 4012.345679 -3024.691358  0.00007453933902821879
 4012.345679 -2901.234568  0.00007449085560001068
 4012.345679 -2777.777778  0.00007845342220483322
 4012.345679 -2654.320988  0.00008120576911163478
 4012.345679 -2530.864198  0.00006851334805159040
 4012.345679 -2407.407407  0.00005957004459798231
 4012.345679 -2283.950617  0.00006241482698298784
 4012.345679 -2160.493827  0.00006049447846585294
 4012.345679 -2037.037037  0.00005651457718298274
 4012.345679 -1913.580247  0.00005125370463760306
 4012.345679 -1790.123457  0.00004707211207195160
 4012.345679 -1666.666667  0.00004390763308852956
 4012.345679 -1543.209877  0.00004133208856806081
 4012.345679 -1419.753086  0.00003859237558806874
 4012.345679 -1296.296296  0.00003550794866079380
 4012.345679 -1172.839506  0.00003272133839920312
 4012.345679 -1049.382716  0.00002915599911501689
 4012.345679  -925.925926  0.00002558588763823481
 4012.345679  -802.469136  0.00002135886438659794
 4012.345679  -679.012346  0.00001745750494253888
 4012.345679  -555.555556  0.00001427507235955676
 4012.345679  -432.098765  0.00001194010372827772
 4012.345679  -308.641975  0.00000928694777065138
 4012.345679  -185.185185  0.00000566067188658474
 4012.345679   -61.728395  0.00000039571191013035
 4012.345679    61.728395  -0.00000039571189441794
 4012.345679   185.185185  -0.00000566067186993620
 4012.345679   308.641975  -0.00000928694775400174
 4012.345679   432.098765  -0.00001194010371199961
 4012.345679   555.555556  -0.00001427507234364694
 4012.345679   679.012346  -0.00001745750492680471
 4012.345679   802.469136  -0.00002135886437088669
 4012.345679   925.925926  -0.00002558588762238739
 4012.345679  1049.382716  -0.00002915599909907812
 4012.345679  1172.839506  -0.00003272133838296903
 4012.345679  1296.296296  -0.00003550794864464970
 4012.345679  1419.753086  -0.00003859237557177626
 4012.345679  1543.209877  -0.00004133208855193296
 4012.345679  1666.666667  -0.00004390763307256794
 4012.345679  1790.123457  -0.00004707211205608539
 4012.345679  1913.580247  -0.00005125370462175146
 4012.345679  2037.037037  -0.00005651457716707143
 4012.345679  2160.493827  -0.00006049447844983384
 4012.345679  2283.950617  -0.00006241482696696926
 4012.345679  2407.407407  -0.00005957004458241481
 4012.345679  2530.864198  -0.00006851334803634611
 4012.345679  2654.320988  -0.00008120576909496743
 4012.345679  2777.777778  -0.00007845342218864188
 4012.345679  2901.234568  -0.00007449085558469027
 4012.345679  3024.691358  -0.00007453933901339515
 4012.345679  3148.148148  -0.00007917388551919306
 4012.345679  3271.604938  -0.00008661780764374031
 4012.345679  3395.061728  -0.00009456893707404249
 4012.345679  3518.518519  -0.00010141750569413999
 4012.345679  3641.975309  -0.00010556301329270720
 4012.345679  3765.432099  -0.00010569413229961277
 4012.345679  3888.888889  -0.00010388903664294548
 4012.345679  4012.345679  -0.00010142992944193347
 4012.345679  4135.802469  -0.00010113648720136301
 4012.345679  4259.259259  -0.00010535004631682250
 4012.345679  4382.716049  -0.00011518498493384257
 4012.345679  4506.172840  -0.00012917970961314669
 4012.345679  4629.629630  -0.00014165968189260567
 4012.345679  4753.086420  -0.00014033054005532989
 4012.345679  4876.543210  -0.00010466479702962675

 4135.802469 -5000.000000  0.00000165096754671966
 4135.802469 -4876.543210  0.00010128996129360510
 4135.802469 -4753.086420  0.00013458517358186573
 4135.802469 -4629.629630  0.00013597326123657481
 4135.802469 -4506.172840  0.00012398596453990442
 4135.802469 -4382.716049  0.00011079371937493689
 4135.802469 -4259.259259  0.00010146970203207532
 4135.802469 -4135.802469  0.00009733409417630707
 4135.802469 -4012.345679  0.00009748618757450264
 4135.802469 -3888.888889  0.00009971511990797637
 4135.802469 -3765.432099  0.00010131251025825296
 4135.802469 -3641.975309  0.00010120835040546770
 4135.802469 -3518.518519  0.00009723180846414444
 4135.802469 -3395.061728  0.00009074117891694779
 4135.802469 -3271.604938  0.00008322672455629436
 4135.802469 -3148.148148  0.00007608640379386543
 4135.802469 -3024.691358  0.00007150868534229810
 4135.802469 -2901.234568  0.00007129416526474164
 4135.802469 -2777.777778  0.00007497640226222526
 4135.802469 -2654.320988  0.00007781337099328614
 4135.802469 -2530.864198  0.00006604041891299859
 4135.802469 -2407.407407  0.00005653666108710811
 4135.802469 -2283.950617  0.00006013715793696212
 4135.802469 -2160.493827  0.00005839505033565592
 4135.802469 -2037.037037  0.00005453391037690851
 4135.802469 -1913.580247  0.00004917116870571131
 4135.802469 -1790.123457  0.00004507227412532095
 4135.802469 -1666.666667  0.00004205021307548880
 4135.802469 -1543.209877  0.00003963423099913514
 4135.802469 -1419.753086  0.00003704631088426989
 4135.802469 -1296.296296  0.00003418532232291953
 4135.802469 -1172.839506  0.00003151931868820961
 4135.802469 -1049.382716  0.00002810463086577392
 4135.802469  -925.925926  0.00002462267490752108
 4135.802469  -802.469136  0.00002049533197138099
 4135.802469  -679.012346  0.00001666699982337409
 4135.802469  -555.555556  0.00001360866235792081
 4135.802469  -432.098765  0.00001144921377206930
 4135.802469  -308.641975  0.00000898758581351956
 4135.802469  -185.185185  0.00000554868939891043
 4135.802469   -61.728395  0.00000030758053417762
 4135.802469    61.728395  -0.00000030758051867405
 4135.802469   185.185185  -0.00000554868938247646
 4135.802469   308.641975  -0.00000898758579708812
 4135.802469   432.098765  -0.00001144921375600708
 4135.802469   555.555556  -0.00001360866234223147
 4135.802469   679.012346  -0.00001666699980785707
 4135.802469   802.469136  -0.00002049533195587206
 4135.802469   925.925926  -0.00002462267489187531
 4135.802469  1049.382716  -0.00002810463085003312
 4135.802469  1172.839506  -0.00003151931867218383
 4135.802469  1296.296296  -0.00003418532230696480
 4135.802469  1419.753086  -0.00003704631086819018
 4135.802469  1543.209877  -0.00003963423098321927
 4135.802469  1666.666667  -0.00004205021305973504
 4135.802469  1790.123457  -0.00004507227410966405
 4135.802469  1913.580247  -0.00004917116869006602
 4135.802469  2037.037037  -0.00005453391036117666
 4135.802469  2160.493827  -0.00005839505031981762
 4135.802469  2283.950617  -0.00006013715792112331
 4135.802469  2407.407407  -0.00005653666107178822
 4135.802469  2530.864198  -0.00006604041889786427
 4135.802469  2654.320988  -0.00007781337097680423
 4135.802469  2777.777778  -0.00007497640224624095
 4135.802469  2901.234568  -0.00007129416524961049
 4135.802469  3024.691358  -0.00007150868532764253
 4135.802469  3148.148148  -0.00007608640377915236
 4135.802469  3271.604938  -0.00008322672454111565
 4135.802469  3395.061728  -0.00009074117890116582
 4135.802469  3518.518519  -0.00009723180844791094
 4135.802469  3641.975309  -0.00010120835038912152
 4135.802469  3765.432099  -0.00010131251024222482
 4135.802469  3888.888889  -0.00009971511989257466
 4135.802469  4012.345679  -0.00009748618755982288
 4135.802469  4135.802469  -0.00009733409416212287
 4135.802469  4259.259259  -0.00010146970201785678
 4135.802469  4382.716049  -0.00011079371935999531
 4135.802469  4506.172840  -0.00012398596452371441
 4135.802469  4629.629630  -0.00013597326121928544
 4135.802469  4753.086420  -0.00013458517356498427
 4135.802469  4876.543210  -0.00010128996128127473

 4259.259259 -5000.000000  0.00000182532735284313
 4259.259259 -4876.543210  0.00010210896259023158
 4259.259259 -4753.086420  0.00013500627921183826
 4259.259259 -4629.629630  0.00013643815581820384
 4259.259259 -4506.172840  0.00012438705701220821
 4259.259259 -4382.716049  0.00011127639268832706
 4259.259259 -4259.259259  0.00010198775128248910
 4259.259259 -4135.802469  0.00009779618166023664
 4259.259259 -4012.345679  0.00009788508783572372
 4259.259259 -3888.888889  0.00010004858347393928
 4259.259259 -3765.432099  0.00010157244726726367
 4259.259259 -3641.975309  0.00010144216430492654
 4259.259259 -3518.518519  0.00009744437997148246
 4259.259259 -3395.061728  0.00009095723445973097
 4259.259259 -3271.604938  0.00008345731957363624
 4259.259259 -3148.148148  0.00007630022266652215
 4259.259259 -3024.691358  0.00007167571443387826
 4259.259259 -2901.234568  0.00007141381154621406
 4259.259259 -2777.777778  0.00007502074205849887
 4259.259259 -2654.320988  0.00007785960625333177
 4259.259259 -2530.864198  0.00006610319153735908
 4259.259259 -2407.407407  0.00005614572669677970
 4259.259259 -2283.950617  0.00006036184645432682
 4259.259259 -2160.493827  0.00005863494623720728
 4259.259259 -2037.037037  0.00005475020191356762
 4259.259259 -1913.580247  0.00004919302572224178
 4259.259259 -1790.123457  0.00004503835279617983
 4259.259259 -1666.666667  0.00004199810062630015
 4259.259259 -1543.209877  0.00003961196195522615
 4259.259259 -1419.753086  0.00003706842804640436
 4259.259259 -1296.296296  0.00003423448123732502
 4259.259259 -1172.839506  0.00003161849255006300
 4259.259259 -1049.382716  0.00002817439703242621
 4259.259259  -925.925926  0.00002467243368549606
 4259.259259  -802.469136  0.00002047987059112211
 4259.259259  -679.012346  0.00001662382692825231
 4259.259259  -555.555556  0.00001355061438874612
 4259.259259  -432.098765  0.00001143460179285801
 4259.259259  -308.641975  0.00000902563563986838
 4259.259259  -185.185185  0.00000562938749266741
 4259.259259   -61.728395  0.00000027053323098747
 4259.259259    61.728395  -0.00000027053321486343
 4259.259259   185.185185  -0.00000562938747561146
 4259.259259   308.641975  -0.00000902563562281037
 4259.259259   432.098765  -0.00001143460177617696
 4259.259259   555.555556  -0.00001355061437243445
 4259.259259   679.012346  -0.00001662382691211055
 4259.259259   802.469136  -0.00002047987057499350
 4259.259259   925.925926  -0.00002467243366922133
 4259.259259  1049.382716  -0.00002817439701606242
 4259.259259  1172.839506  -0.00003161849253339641
 4259.259259  1296.296296  -0.00003423448122075062
 4259.259259  1419.753086  -0.00003706842802969343
 4259.259259  1543.209877  -0.00003961196193868211
 4259.259259  1666.666667  -0.00004199810060992301
 4259.259259  1790.123457  -0.00004503835277989582
 4259.259259  1913.580247  -0.00004919302570596556
 4259.259259  2037.037037  -0.00005475020189719632
 4259.259259  2160.493827  -0.00005863494622072821
 4259.259259  2283.950617  -0.00006036184643784684
 4259.259259  2407.407407  -0.00005614572668084501
 4259.259259  2530.864198  -0.00006610319152158145
 4259.259259  2654.320988  -0.00007785960623617099
 4259.259259  2777.777778  -0.00007502074204186208
 4259.259259  2901.234568  -0.00007141381153045564
 4259.259259  3024.691358  -0.00007167571441860359
 4259.259259  3148.148148  -0.00007630022265118052
 4259.259259  3271.604938  -0.00008345731955781375
 4259.259259  3395.061728  -0.00009095723444328835
 4259.259259  3518.518519  -0.00009744437995457492
 4259.259259  3641.975309  -0.00010144216428790074
 4259.259259  3765.432099  -0.00010157244725057026
 4259.259259  3888.888889  -0.00010004858345788152
 4259.259259  4012.345679  -0.00009788508782041486
 4259.259259  4135.802469  -0.00009779618164543387
 4259.259259  4259.259259  -0.00010198775126764207
 4259.259259  4382.716049  -0.00011127639267273838
 4259.259259  4506.172840  -0.00012438705699534445
 4259.259259  4629.629630  -0.00013643815580020562
 4259.259259  4753.086420  -0.00013500627919426307
 4259.259259  4876.543210  -0.00010210896257732727

 4382.716049 -5000.000000  0.00000101910823896024
 4382.716049 -4876.543210  0.00010661567361915478
 4382.716049 -4753.086420  0.00014263641917313210
 4382.716049 -4629.629630  0.00014388483930197058
 4382.716049 -4506.172840  0.00013107956904297600
 4382.716049 -4382.716049  0.00011686184648238908
 4382.716049 -4259.259259  0.00010688036006455842
 4382.716049 -4135.802469  0.00010258795861032694
 4382.716049 -4012.345679  0.00010287380608330326
 4382.716049 -3888.888889  0.00010532902283893113
 4382.716049 -3765.432099  0.00010710491684763168
 4382.716049 -3641.975309  0.00010679330483419749
 4382.716049 -3518.518519  0.00010253938362063328
 4382.716049 -3395.061728  0.00009550533915873510
 4382.716049 -3271.604938  0.00008732604057263338
 4382.716049 -3148.148148  0.00007978960475392500
 4382.716049 -3024.691358  0.00007523040118453683
 4382.716049 -2901.234568  0.00007531580309630135
 4382.716049 -2777.777778  0.00007922857083868332
 4382.716049 -2654.320988  0.00008156727901489440
 4382.716049 -2530.864198  0.00006826879375943625
 4382.716049 -2407.407407  0.00006036291734472949
 4382.716049 -2283.950617  0.00006357786608379754
 4382.716049 -2160.493827  0.00006150414683326351
 4382.716049 -2037.037037  0.00005740699231048268
 4382.716049 -1913.580247  0.00005206118049949264
 4382.716049 -1790.123457  0.00004779131418128163
 4382.716049 -1666.666667  0.00004449707739933091
 4382.716049 -1543.209877  0.00004183544936351314
 4382.716049 -1419.753086  0.00003913653198652941
 4382.716049 -1296.296296  0.00003602311123416614
 4382.716049 -1172.839506  0.00003319894791193597
 4382.716049 -1049.382716  0.00002956852636981158
 4382.716049  -925.925926  0.00002594352900320210
 4382.716049  -802.469136  0.00002164014225376177
 4382.716049  -679.012346  0.00001767639248363355
 4382.716049  -555.555556  0.00001443614853261571
 4382.716049  -432.098765  0.00001207672275025642
 4382.716049  -308.641975  0.00000941418260317290
 4382.716049  -185.185185  0.00000578342460564457
 4382.716049   -61.728395  0.00000041404677543628
 4382.716049    61.728395  -0.00000041404675774952
 4382.716049   185.185185  -0.00000578342458699175
 4382.716049   308.641975  -0.00000941418258451114
 4382.716049   432.098765  -0.00001207672273197419
 4382.716049   555.555556  -0.00001443614851470971
 4382.716049   679.012346  -0.00001767639246590513
 4382.716049   802.469136  -0.00002164014223605830
 4382.716049   925.925926  -0.00002594352898535665
 4382.716049  1049.382716  -0.00002956852635187871
 4382.716049  1172.839506  -0.00003319894789368426
 4382.716049  1296.296296  -0.00003602311121601723
 4382.716049  1419.753086  -0.00003913653196820618
 4382.716049  1543.209877  -0.00004183544934536170
 4382.716049  1666.666667  -0.00004449707738134756
 4382.716049  1790.123457  -0.00004779131416338892
 4382.716049  1913.580247  -0.00005206118048160813
 4382.716049  2037.037037  -0.00005740699229255604
 4382.716049  2160.493827  -0.00006150414681521556
 4382.716049  2283.950617  -0.00006357786606574790
 4382.716049  2407.407407  -0.00006036291732708981
 4382.716049  2530.864198  -0.00006826879374227205
 4382.716049  2654.320988  -0.00008156727899610942
 4382.716049  2777.777778  -0.00007922857082039888
 4382.716049  2901.234568  -0.00007531580307897461
 4382.716049  3024.691358  -0.00007523040116775397
 4382.716049  3148.148148  -0.00007978960473709642
 4382.716049  3271.604938  -0.00008732604055529873
 4382.716049  3395.061728  -0.00009550533914072066
 4382.716049  3518.518519  -0.00010253938360210664
 4382.716049  3641.975309  -0.00010679330481553136
 4382.716049  3765.432099  -0.00010710491682930987
 4382.716049  3888.888889  -0.00010532902282129491
 4382.716049  4012.345679  -0.00010287380606648356
 4382.716049  4135.802469  -0.00010258795859406605
 4382.716049  4259.259259  -0.00010688036004825736
 4382.716049  4382.716049  -0.00011686184646529367
 4382.716049  4506.172840  -0.00013107956902449783
 4382.716049  4629.629630  -0.00014388483928224238
 4382.716049  4753.086420  -0.00014263641915385764
 4382.716049  4876.543210  -0.00010661567360494253

 4506.172840 -5000.000000  -0.00000043905349472965
 4506.172840 -4876.543210  0.00011368584553066787
 4506.172840 -4753.086420  0.00015523848074732981
 4506.172840 -4629.629630  0.00015619638709569558
 4506.172840 -4506.172840  0.00014218498804911833
 4506.172840 -4382.716049  0.00012605337621246452
 4506.172840 -4259.259259  0.00011486432348871753
 4506.172840 -4135.802469  0.00011040990788089788
 4506.172840 -4012.345679  0.00011104336932703789
 4506.172840 -3888.888889  0.00011402337059917611
 4506.172840 -3765.432099  0.00011626571151957419
 4506.172840 -3641.975309  0.00011571795184585229
 4506.172840 -3518.518519  0.00011104833351049190
 4506.172840 -3395.061728  0.00010311014334986752
 4506.172840 -3271.604938  0.00009380542963243000
 4506.172840 -3148.148148  0.00008561509457999070
 4506.172840 -3024.691358  0.00008111647550472515
 4506.172840 -2901.234568  0.00008174280927353895
 4506.172840 -2777.777778  0.00008624302865452772
 4506.172840 -2654.320988  0.00008792391847629581
 4506.172840 -2530.864198  0.00007223491108690464
 4506.172840 -2407.407407  0.00006764041481060616
 4506.172840 -2283.950617  0.00006876141212735690
 4506.172840 -2160.493827  0.00006614337476410734
 4506.172840 -2037.037037  0.00006170381989263526
 4506.172840 -1913.580247  0.00005680238678209100
 4506.172840 -1790.123457  0.00005237322657833407
 4506.172840 -1666.666667  0.00004869208460971990
 4506.172840 -1543.209877  0.00004556496563574523
 4506.172840 -1419.753086  0.00004253985996651206
 4506.172840 -1296.296296  0.00003898054309432987
 4506.172840 -1172.839506  0.00003576996520709684
 4506.172840 -1049.382716  0.00003182515607840837
 4506.172840  -925.925926  0.00002802373553001828
 4506.172840  -802.469136  0.00002357209556107749
 4506.172840  -679.012346  0.00001944470692004685
 4506.172840  -555.555556  0.00001593642150059335
 4506.172840  -432.098765  0.00001315430182922197
 4506.172840  -308.641975  0.00001004076752935938
 4506.172840  -185.185185  0.00000597683552865265
 4506.172840   -61.728395  0.00000066021247693472
 4506.172840    61.728395  -0.00000066021245701145
 4506.172840   185.185185  -0.00000597683550769714
 4506.172840   308.641975  -0.00001004076750837913
 4506.172840   432.098765  -0.00001315430180863190
 4506.172840   555.555556  -0.00001593642148040548
 4506.172840   679.012346  -0.00001944470690005626
 4506.172840   802.469136  -0.00002357209554112491
 4506.172840   925.925926  -0.00002802373550992823
 4506.172840  1049.382716  -0.00003182515605823402
 4506.172840  1172.839506  -0.00003576996518657462
 4506.172840  1296.296296  -0.00003898054307390534
 4506.172840  1419.753086  -0.00004253985994587599
 4506.172840  1543.209877  -0.00004556496561528378
 4506.172840  1666.666667  -0.00004869208458942787
 4506.172840  1790.123457  -0.00005237322655813712
 4506.172840  1913.580247  -0.00005680238676191052
 4506.172840  2037.037037  -0.00006170381987249010
 4506.172840  2160.493827  -0.00006614337474381652
 4506.172840  2283.950617  -0.00006876141210706381
 4506.172840  2407.407407  -0.00006764041479051520
 4506.172840  2530.864198  -0.00007223491106778545
 4506.172840  2654.320988  -0.00008792391845519817
 4506.172840  2777.777778  -0.00008624302863388761
 4506.172840  2901.234568  -0.00008174280925397726
 4506.172840  3024.691358  -0.00008111647548580228
 4506.172840  3148.148148  -0.00008561509456106162
 4506.172840  3271.604938  -0.00009380542961295577
 4506.172840  3395.061728  -0.00010311014332961868
 4506.172840  3518.518519  -0.00011104833348965597
 4506.172840  3641.975309  -0.00011571795182484652
 4506.172840  3765.432099  -0.00011626571149892991
 4506.172840  3888.888889  -0.00011402337057930161
 4506.172840  4012.345679  -0.00011104336930807967
 4506.172840  4135.802469  -0.00011040990786258347
 4506.172840  4259.259259  -0.00011486432347037798
 4506.172840  4382.716049  -0.00012605337619324365
 4506.172840  4506.172840  -0.00014218498802833805
 4506.172840  4629.629630  -0.00015619638707348955
 4506.172840  4753.086420  -0.00015523848072562471
 4506.172840  4876.543210  -0.00011368584551465777

 4629.629630 -5000.000000  -0.00000091403074626670
 4629.629630 -4876.543210  0.00012042241888662517
 4629.629630 -4753.086420  0.00016532482596064033
 4629.629630 -4629.629630  0.00016633296171802736
 4629.629630 -4506.172840  0.00015144655890955846
 4629.629630 -4382.716049  0.00013410983470022199
 4629.629630 -4259.259259  0.00012207444073300558
 4629.629630 -4135.802469  0.00011732859980492731
 4629.629630 -4012.345679  0.00011803356149311550
 4629.629630 -3888.888889  0.00012126568461254992
 4629.629630 -3765.432099  0.00012371393527915551
 4629.629630 -3641.975309  0.00012316832624698304
 4629.629630 -3518.518519  0.00011818099381001910
 4629.629630 -3395.061728  0.00010968335570669064
 4629.629630 -3271.604938  0.00009971695937194653
 4629.629630 -3148.148148  0.00009094404656866445
 4629.629630 -3024.691358  0.00008611907177002091
 4629.629630 -2901.234568  0.00008678020306488582
 4629.629630 -2777.777778  0.00009167448442187593
 4629.629630 -2654.320988  0.00009358128450667878
 4629.629630 -2530.864198  0.00007694842634329698
 4629.629630 -2407.407407  0.00007233594019717981
 4629.629630 -2283.950617  0.00007294793674715591
 4629.629630 -2160.493827  0.00007016821805549355
 4629.629630 -2037.037037  0.00006543969508124023
 4629.629630 -1913.580247  0.00006036928246859332
 4629.629630 -1790.123457  0.00005568660647670341
 4629.629630 -1666.666667  0.00005178846992975350
 4629.629630 -1543.209877  0.00004844097268778867
 4629.629630 -1419.753086  0.00004515554325669106
 4629.629630 -1296.296296  0.00004135638255825349
 4629.629630 -1172.839506  0.00003791670913028707
 4629.629630 -1049.382716  0.00003371507416400034
 4629.629630  -925.925926  0.00002971060369137081
 4629.629630  -802.469136  0.00002502080140936878
 4629.629630  -679.012346  0.00002066718015816010
 4629.629630  -555.555556  0.00001695222719881803
 4629.629630  -432.098765  0.00001397161064969709
 4629.629630  -308.641975  0.00001062749850291722
 4629.629630  -185.185185  0.00000626653791810944
 4629.629630   -61.728395  0.00000071330372576650
 4629.629630    61.728395  -0.00000071330370388158
 4629.629630   185.185185  -0.00000626653789507275
 4629.629630   308.641975  -0.00001062749847984695
 4629.629630   432.098765  -0.00001397161062706335
 4629.629630   555.555556  -0.00001695222717663704
 4629.629630   679.012346  -0.00002066718013620034
 4629.629630   802.469136  -0.00002502080138744799
 4629.629630   925.925926  -0.00002971060366929406
 4629.629630  1049.382716  -0.00003371507414182886
 4629.629630  1172.839506  -0.00003791670910772491
 4629.629630  1296.296296  -0.00004135638253578508
 4629.629630  1419.753086  -0.00004515554323400241
 4629.629630  1543.209877  -0.00004844097266528676
 4629.629630  1666.666667  -0.00005178846990743672
 4629.629630  1790.123457  -0.00005568660645449241
 4629.629630  1913.580247  -0.00006036928244640165
 4629.629630  2037.037037  -0.00006543969505908336
 4629.629630  2160.493827  -0.00007016821803316889
 4629.629630  2283.950617  -0.00007294793672482564
 4629.629630  2407.407407  -0.00007233594017507965
 4629.629630  2530.864198  -0.00007694842632226931
 4629.629630  2654.320988  -0.00009358128448347150
 4629.629630  2777.777778  -0.00009167448439917415
 4629.629630  2901.234568  -0.00008678020304337621
 4629.629630  3024.691358  -0.00008611907174921708
 4629.629630  3148.148148  -0.00009094404654785306
 4629.629630  3271.604938  -0.00009971695935052600
 4629.629630  3395.061728  -0.00010968335568440908
 4629.629630  3518.518519  -0.00011818099378708642
 4629.629630  3641.975309  -0.00012316832622386283
 4629.629630  3765.432099  -0.00012371393525643145
 4629.629630  3888.888889  -0.00012126568459068507
 4629.629630  4012.345679  -0.00011803356147226006
 4629.629630  4135.802469  -0.00011732859978478591
 4629.629630  4259.259259  -0.00012207444071283920
 4629.629630  4382.716049  -0.00013410983467907115
 4629.629630  4506.172840  -0.00015144655888666813
 4629.629630  4629.629630  -0.00016633296169357061
 4629.629630  4753.086420  -0.00016532482593674850
 4629.629630  4876.543210  -0.00012042241886907738

 4753.086420 -5000.000000  -0.00000179591446384281
 4753.086420 -4876.543210  0.00011598227698271197
 4753.086420 -4753.086420  0.00016117806370093620
 4753.086420 -4629.629630  0.00016206301502122571
 4753.086420 -4506.172840  0.00014755484581194760
 4753.086420 -4382.716049  0.00013026532951221776
 4753.086420 -4259.259259  0.00011829371861640555
 4753.086420 -4135.802469  0.00011373212640171688
 4753.086420 -4012.345679  0.00011455119570098648
 4753.086420 -3888.888889  0.00011785756595278927
 4753.086420 -3765.432099  0.00012039907495958899
 4753.086420 -3641.975309  0.00011990416044060681
 4753.086420 -3518.518519  0.00011499313754937340
 4753.086420 -3395.061728  0.00010657972077621571
 4753.086420 -3271.604938  0.00009673218150831934
 4753.086420 -3148.148148  0.00008809549892567702
 4753.086420 -3024.691358  0.00008343590078834695
 4753.086420 -2901.234568  0.00008426729005652232
 4753.086420 -2777.777778  0.00008922926696293895
 4753.086420 -2654.320988  0.00009105310169264755
 4753.086420 -2530.864198  0.00007399453372977102
 4753.086420 -2407.407407  0.00006842565267427224
 4753.086420 -2283.950617  0.00006927732197585371
 4753.086420 -2160.493827  0.00006661671663147870
 4753.086420 -2037.037037  0.00006213317637036437
 4753.086420 -1913.580247  0.00005722237855003977
 4753.086420 -1790.123457  0.00005276500540648259
 4753.086420 -1666.666667  0.00004906051499595772
 4753.086420 -1543.209877  0.00004589049237862429
 4753.086420 -1419.753086  0.00004279036011017509
 4753.086420 -1296.296296  0.00003920396554874981
 4753.086420 -1172.839506  0.00003593250666229970
 4753.086420 -1049.382716  0.00003194736759494085
 4753.086420  -925.925926  0.00002813837301819860
 4753.086420  -802.469136  0.00002367924988936611
 4753.086420  -679.012346  0.00001953884074015326
 4753.086420  -555.555556  0.00001601569607612919
 4753.086420  -432.098765  0.00001320661640556274
 4753.086420  -308.641975  0.00001005988549239305
 4753.086420  -185.185185  0.00000595158907767116
 4753.086420   -61.728395  0.00000066242600695176
 4753.086420    61.728395  -0.00000066242598520810
 4753.086420   185.185185  -0.00000595158905487484
 4753.086420   308.641975  -0.00001005988546955843
 4753.086420   432.098765  -0.00001320661638312441
 4753.086420   555.555556  -0.00001601569605410478
 4753.086420   679.012346  -0.00001953884071833016
 4753.086420   802.469136  -0.00002367924986758177
 4753.086420   925.925926  -0.00002813837299627390
 4753.086420  1049.382716  -0.00003194736757294149
 4753.086420  1172.839506  -0.00003593250663992986
 4753.086420  1296.296296  -0.00003920396552647866
 4753.086420  1419.753086  -0.00004279036008768604
 4753.086420  1543.209877  -0.00004589049235631034
 4753.086420  1666.666667  -0.00004906051497381332
 4753.086420  1790.123457  -0.00005276500538443025
 4753.086420  1913.580247  -0.00005722237852799979
 4753.086420  2037.037037  -0.00006213317634838201
 4753.086420  2160.493827  -0.00006661671660933187
 4753.086420  2283.950617  -0.00006927732195371101
 4753.086420  2407.407407  -0.00006842565265228139
 4753.086420  2530.864198  -0.00007399453370890286
 4753.086420  2654.320988  -0.00009105310166949656
 4753.086420  2777.777778  -0.00008922926694028410
 4753.086420  2901.234568  -0.00008426729003507401
 4753.086420  3024.691358  -0.00008343590076760676
 4753.086420  3148.148148  -0.00008809549890492802
 4753.086420  3271.604938  -0.00009673218148696083
 4753.086420  3395.061728  -0.00010657972075399185
 4753.086420  3518.518519  -0.00011499313752648723
 4753.086420  3641.975309  -0.00011990416041751766
 4753.086420  3765.432099  -0.00012039907493690616
 4753.086420  3888.888889  -0.00011785756593095543
 4753.086420  4012.345679  -0.00011455119568018149
 4753.086420  4135.802469  -0.00011373212638162817
 4753.086420  4259.259259  -0.00011829371859628251
 4753.086420  4382.716049  -0.00013026532949109409
 4753.086420  4506.172840  -0.00014755484578907004
 4753.086420  4629.629630  -0.00016206301499679859
 4753.086420  4753.086420  -0.00016117806367703697
 4753.086420  4876.543210  -0.00011598227696524157

 4876.543210 -5000.000000  0.00000238633573116857
 4876.543210 -4876.543210  0.00008842788657376953
 4876.543210 -4753.086420  0.00011445101166680047
 4876.543210 -4629.629630  0.00011633432544186035
 4876.543210 -4506.172840  0.00010633105185618330
 4876.543210 -4382.716049  0.00009581271950046304
 4876.543210 -4259.259259  0.00008807465910324537
 4876.543210 -4135.802469  0.00008410930612355435
 4876.543210 -4012.345679  0.00008370308915159191
 4876.543210 -3888.888889  0.00008517304727797017
 4876.543210 -3765.432099  0.00008608883611401833
 4876.543210 -3641.975309  0.00008644077180065901
 4876.543210 -3518.518519  0.00008302213542954263
 4876.543210 -3395.061728  0.00007782313089943104
 4876.543210 -3271.604938  0.00007195238305951550
 4876.543210 -3148.148148  0.00006565629547403933
 4876.543210 -3024.691358  0.00006079495050118319
 4876.543210 -2901.234568  0.00005966272006284532
 4876.543210 -2777.777778  0.00006261320481166708
 4876.543210 -2654.320988  0.00006685710929274010
 4876.543210 -2530.864198  0.00005879611818993026
 4876.543210 -2407.407407  0.00004330770039405579
 4876.543210 -2283.950617  0.00005022581967350514
 4876.543210 -2160.493827  0.00004948403490828776
 4876.543210 -2037.037037  0.00004619076701484965
 4876.543210 -1913.580247  0.00004010388184250155
 4876.543210 -1790.123457  0.00003626841606419728
 4876.543210 -1666.666667  0.00003394650971499629
 4876.543210 -1543.209877  0.00003237763633362202
 4876.543210 -1419.753086  0.00003035616607522756
 4876.543210 -1296.296296  0.00002824678667694171
 4876.543210 -1172.839506  0.00002630880447035761
 4876.543210 -1049.382716  0.00002351332567020789
 4876.543210  -925.925926  0.00002039329570625939
 4876.543210  -802.469136  0.00001660287371694999
 4876.543210  -679.012346  0.00001314388319868514
 4876.543210  -555.555556  0.00001063834807265403
 4876.543210  -432.098765  0.00000928093605156407
 4876.543210  -308.641975  0.00000766286736521328
 4876.543210  -185.185185  0.00000503926152723423
 4876.543210   -61.728395  -0.00000016582913358502
 4876.543210    61.728395  0.00000016582914960410
 4876.543210   185.185185  -0.00000503926151019852
 4876.543210   308.641975  -0.00000766286734820436
 4876.543210   432.098765  -0.00000928093603496560
 4876.543210   555.555556  -0.00001063834805644333
 4876.543210   679.012346  -0.00001314388318263794
 4876.543210   802.469136  -0.00001660287370088846
 4876.543210   925.925926  -0.00002039329569002466
 4876.543210  1049.382716  -0.00002351332565384797
 4876.543210  1172.839506  -0.00002630880445369835
 4876.543210  1296.296296  -0.00002824678666038846
 4876.543210  1419.753086  -0.00003035616605854750
 4876.543210  1543.209877  -0.00003237763631713165
 4876.543210  1666.666667  -0.00003394650969868732
 4876.543210  1790.123457  -0.00003626841604797654
 4876.543210  1913.580247  -0.00004010388182626118
 4876.543210  2037.037037  -0.00004619076699837858
 4876.543210  2160.493827  -0.00004948403489171207
 4876.543210  2283.950617  -0.00005022581965692401
 4876.543210  2407.407407  -0.00004330770037839399
 4876.543210  2530.864198  -0.00005879611817376764
 4876.543210  2654.320988  -0.00006685710927537414
 4876.543210  2777.777778  -0.00006261320479500180
 4876.543210  2901.234568  -0.00005966272004708014
 4876.543210  3024.691358  -0.00006079495048586363
 4876.543210  3148.148148  -0.00006565629545856951
 4876.543210  3271.604938  -0.00007195238304350126
 4876.543210  3395.061728  -0.00007782313088278209
 4876.543210  3518.518519  -0.00008302213541242560
 4876.543210  3641.975309  -0.00008644077178342828
 4876.543210  3765.432099  -0.00008608883609716655
 4876.543210  3888.888889  -0.00008517304726176626
 4876.543210  4012.345679  -0.00008370308913615963
 4876.543210  4135.802469  -0.00008410930610861565
 4876.543210  4259.259259  -0.00008807465908822631
 4876.543210  4382.716049  -0.00009581271948464433
 4876.543210  4506.172840  -0.00010633105183904217
 4876.543210  4629.629630  -0.00011633432542362670
 4876.543210  4753.086420  -0.00011445101164902784
 4876.543210  4876.543210  -0.00008842788656093041

