-5000.000000 -5000.000000  0.00004027875128915497
-5000.000000 -4876.543210  0.00001678311228547295
-5000.000000 -4753.086420  -0.00002239500645796286
-5000.000000 -4629.629630  -0.00003142664775492172
-5000.000000 -4506.172840  -0.00002144941671674349
-5000.000000 -4382.716049  -0.00000668751216107451
-5000.000000 -4259.259259  -0.00000015777703786598
-5000.000000 -4135.802469  -0.00000461291881394248
-5000.000000 -4012.345679  -0.00001066573194885536
-5000.000000 -3888.888889  -0.00001147633072780376
-5000.000000 -3765.432099  -0.00002068711322923156
-5000.000000 -3641.975309  -0.00001807495115896394
-5000.000000 -3518.518519  -0.00001806645671177799
-5000.000000 -3395.061728  -0.00001393141055943328
-5000.000000 -3271.604938  -0.00000784720991834516
-5000.000000 -3148.148148  -0.00000473985574427988
-5000.000000 -3024.691358  -0.00000761963616383434
-5000.000000 -2901.234568  -0.00001442201834524881
-5000.000000 -2777.777778  -0.00001925718421862161
-5000.000000 -2654.320988  -0.00001540185492495691
-5000.000000 -2530.864198  -0.00000259927843564409
-5000.000000 -2407.407407  -0.00001775831582663696
-5000.000000 -2283.950617  -0.00001303489658026577
-5000.000000 -2160.493827  -0.00000909274241232919
-5000.000000 -2037.037037  -0.00000967073882294720
-5000.000000 -1913.580247  -0.00001290736368320315
-5000.000000 -1790.123457  -0.00001448796741147695
-5000.000000 -1666.666667  -0.00001366511333305074
-5000.000000 -1543.209877  -0.00001224714169190283
-5000.000000 -1419.753086  -0.00001269623809635095
-5000.000000 -1296.296296  -0.00001268200974799723
-5000.000000 -1172.839506  -0.00001173049800709456
-5000.000000 -1049.382716  -0.00001202147294787944
-5000.000000  -925.925926  -0.00001231577376809611
-5000.000000  -802.469136  -0.00001295427427954408
-5000.000000  -679.012346  -0.00001356858355447617
-5000.000000  -555.555556  -0.00001373779156837122
-5000.000000  -432.098765  -0.00001322887006659532
-5000.000000  -308.641975  -0.00001230583868143901
-5000.000000  -185.185185  -0.00001180068713612901
-5000.000000   -61.728395  -0.00001309990112773223
-5000.000000    61.728395  -0.00001309990112772363
-5000.000000   185.185185  -0.00001180068713613095
-5000.000000   308.641975  -0.00001230583868141618
-5000.000000   432.098765  -0.00001322887006652848
-5000.000000   555.555556  -0.00001373779156826582
-5000.000000   679.012346  -0.00001356858355435394
-5000.000000   802.469136  -0.00001295427427942539
-5000.000000   925.925926  -0.00001231577376798175
-5000.000000  1049.382716  -0.00001202147294775445
-5000.000000  1172.839506  -0.00001173049800695377
-5000.000000  1296.296296  -0.00001268200974781226
-5000.000000  1419.753086  -0.00001269623809614242
-5000.000000  1543.209877  -0.00001224714169168954
-5000.000000  1666.666667  -0.00001366511333277522
-5000.000000  1790.123457  -0.00001448796741115853
-5000.000000  1913.580247  -0.00001290736368291724
-5000.000000  2037.037037  -0.00000967073882274706
-5000.000000  2160.493827  -0.00000909274241213171
-5000.000000  2283.950617  -0.00001303489657992955
-5000.000000  2407.407407  -0.00001775831582612962
-5000.000000  2530.864198  -0.00000259927843559119
-5000.000000  2654.320988  -0.00001540185492450437
-5000.000000  2777.777778  -0.00001925718421803479
-5000.000000  2901.234568  -0.00001442201834479037
-5000.000000  3024.691358  -0.00000761963616356522
-5000.000000  3148.148148  -0.00000473985574408404
-5000.000000  3271.604938  -0.00000784720991804202
-5000.000000  3395.061728  -0.00001393141055893251
-5000.000000  3518.518519  -0.00001806645671113818
-5000.000000  3641.975309  -0.00001807495115830971
-5000.000000  3765.432099  -0.00002068711322848717
-5000.000000  3888.888889  -0.00001147633072731961
-5000.000000  4012.345679  -0.00001066573194838686
-5000.000000  4135.802469  -0.00000461291881364017
-5000.000000  4259.259259  -0.00000015777703767998
-5000.000000  4382.716049  -0.00000668751216068140
-5000.000000  4506.172840  -0.00002144941671589786
-5000.000000  4629.629630  -0.00003142664775375938
-5000.000000  4753.086420  -0.00002239500645705325
-5000.000000  4876.543210  0.00001678311228521821

-4876.543210 -5000.000000  0.00001748834291084997
-4876.543210 -4876.543210  0.00009189762158476617
-4876.543210 -4753.086420  0.00010741863462452907
-4876.543210 -4629.629630  0.00010830776821554758
-4876.543210 -4506.172840  0.00010590646289861245
-4876.543210 -4382.716049  0.00010357507963651484
-4876.543210 -4259.259259  0.00010050741392730029
-4876.543210 -4135.802469  0.00009711500312257458
-4876.543210 -4012.345679  0.00009684484464399880
-4876.543210 -3888.888889  0.00010091611044864672
-4876.543210 -3765.432099  0.00010080534768493775
-4876.543210 -3641.975309  0.00010571418973256363
-4876.543210 -3518.518519  0.00010473686403184177
-4876.543210 -3395.061728  0.00010418887485766686
-4876.543210 -3271.604938  0.00010383532328558295
-4876.543210 -3148.148148  0.00010127523228236514
-4876.543210 -3024.691358  0.00009682609266907918
-4876.543210 -2901.234568  0.00009469492218254045
-4876.543210 -2777.777778  0.00009922050798226296
-4876.543210 -2654.320988  0.00011031295326406092
-4876.543210 -2530.864198  0.00011130722664205863
-4876.543210 -2407.407407  0.00008734031776055291
-4876.543210 -2283.950617  0.00010088463802810639
-4876.543210 -2160.493827  0.00010631243444807145
-4876.543210 -2037.037037  0.00010490115112869154
-4876.543210 -1913.580247  0.00009917212701431801
-4876.543210 -1790.123457  0.00009678007170470476
-4876.543210 -1666.666667  0.00009766503770109934
-4876.543210 -1543.209877  0.00009966537613449288
-4876.543210 -1419.753086  0.00009937379954712173
-4876.543210 -1296.296296  0.00010136456616335059
-4876.543210 -1172.839506  0.00010177248967541248
-4876.543210 -1049.382716  0.00010261626120235028
-4876.543210  -925.925926  0.00010102837632217380
-4876.543210  -802.469136  0.00009987754231917282
-4876.543210  -679.012346  0.00009847838163509553
-4876.543210  -555.555556  0.00009844861058728607
-4876.543210  -432.098765  0.00009940870506297566
-4876.543210  -308.641975  0.00010120831072572756
-4876.543210  -185.185185  0.00010246702979593629
-4876.543210   -61.728395  0.00009973683485997408
-4876.543210    61.728395  0.00009973683485993618
-4876.543210   185.185185  0.00010246702979577176
-4876.543210   308.641975  0.00010120831072549627
-4876.543210   432.098765  0.00009940870506271410
-4876.543210   555.555556  0.00009844861058698408
-4876.543210   679.012346  0.00009847838163471102
-4876.543210   802.469136  0.00009987754231865321
-4876.543210   925.925926  0.00010102837632151365
-4876.543210  1049.382716  0.00010261626120157230
-4876.543210  1172.839506  0.00010177248967456774
-4876.543210  1296.296296  0.00010136456616246495
-4876.543210  1419.753086  0.00009937379954620165
-4876.543210  1543.209877  0.00009966537613348590
-4876.543210  1666.666667  0.00009766503770008105
-4876.543210  1790.123457  0.00009678007170363379
-4876.543210  1913.580247  0.00009917212701307407
-4876.543210  2037.037037  0.00010490115112716847
-4876.543210  2160.493827  0.00010631243444640659
-4876.543210  2283.950617  0.00010088463802655058
-4876.543210  2407.407407  0.00008734031775934985
-4876.543210  2530.864198  0.00011130722663999443
-4876.543210  2654.320988  0.00011031295326194903
-4876.543210  2777.777778  0.00009922050798047722
-4876.543210  2901.234568  0.00009469492218084098
-4876.543210  3024.691358  0.00009682609266720835
-4876.543210  3148.148148  0.00010127523228023314
-4876.543210  3271.604938  0.00010383532328325220
-4876.543210  3395.061728  0.00010418887485521697
-4876.543210  3518.518519  0.00010473686402927260
-4876.543210  3641.975309  0.00010571418972987073
-4876.543210  3765.432099  0.00010080534768234526
-4876.543210  3888.888889  0.00010091611044600641
-4876.543210  4012.345679  0.00009684484464141604
-4876.543210  4135.802469  0.00009711500311990800
-4876.543210  4259.259259  0.00010050741392442915
-4876.543210  4382.716049  0.00010357507963340965
-4876.543210  4506.172840  0.00010590646289527013
-4876.543210  4629.629630  0.00010830776821197807
-4876.543210  4753.086420  0.00010741863462091033
-4876.543210  4876.543210  0.00009189762158172891

-4753.086420 -5000.000000  -0.00002115351062516818
-4753.086420 -4876.543210  0.00010623225828278280
-4753.086420 -4753.086420  0.00017075964494044345
-4753.086420 -4629.629630  0.00018183420286709280
-4753.086420 -4506.172840  0.00016744769282699809
-4753.086420 -4382.716049  0.00014790221736847928
-4753.086420 -4259.259259  0.00013650711090012625
-4753.086420 -4135.802469  0.00013683945015793039
-4753.086420 -4012.345679  0.00014317295185143302
-4753.086420 -3888.888889  0.00014957886064713311
-4753.086420 -3765.432099  0.00015973914211886780
-4753.086420 -3641.975309  0.00016378818979973590
-4753.086420 -3518.518519  0.00016255470417837758
-4753.086420 -3395.061728  0.00015717732876744989
-4753.086420 -3271.604938  0.00014975781086710172
-4753.086420 -3148.148148  0.00014281263552926108
-4753.086420 -3024.691358  0.00014013816406437276
-4753.086420 -2901.234568  0.00014494953719679596
-4753.086420 -2777.777778  0.00015630489757592552
-4753.086420 -2654.320988  0.00016673520347772303
-4753.086420 -2530.864198  0.00015465352406912204
-4753.086420 -2407.407407  0.00014037172843514237
-4753.086420 -2283.950617  0.00015301717945706653
-4753.086420 -2160.493827  0.00015566149645768543
-4753.086420 -2037.037037  0.00015444617356405043
-4753.086420 -1913.580247  0.00015051285633949053
-4753.086420 -1790.123457  0.00014915567509692310
-4753.086420 -1666.666667  0.00014937866719805500
-4753.086420 -1543.209877  0.00015039683083977327
-4753.086420 -1419.753086  0.00015049907595318256
-4753.086420 -1296.296296  0.00015317085401027813
-4753.086420 -1172.839506  0.00015223669720690932
-4753.086420 -1049.382716  0.00015373638776069312
-4753.086420  -925.925926  0.00015191594869590102
-4753.086420  -802.469136  0.00015111589949770975
-4753.086420  -679.012346  0.00014993887353692288
-4753.086420  -555.555556  0.00015010952916733253
-4753.086420  -432.098765  0.00015082169753179338
-4753.086420  -308.641975  0.00015218639492055864
-4753.086420  -185.185185  0.00015331080499728759
-4753.086420   -61.728395  0.00015114573575400147
-4753.086420    61.728395  0.00015114573575394273
-4753.086420   185.185185  0.00015331080499706961
-4753.086420   308.641975  0.00015218639492022723
-4753.086420   432.098765  0.00015082169753137512
-4753.086420   555.555556  0.00015010952916681797
-4753.086420   679.012346  0.00014993887353627940
-4753.086420   802.469136  0.00015111589949688949
-4753.086420   925.925926  0.00015191594869489881
-4753.086420  1049.382716  0.00015373638775952164
-4753.086420  1172.839506  0.00015223669720562940
-4753.086420  1296.296296  0.00015317085400888723
-4753.086420  1419.753086  0.00015049907595171964
-4753.086420  1543.209877  0.00015039683083818952
-4753.086420  1666.666667  0.00014937866719638498
-4753.086420  1790.123457  0.00014915567509513229
-4753.086420  1913.580247  0.00015051285633750405
-4753.086420  2037.037037  0.00015444617356178496
-4753.086420  2160.493827  0.00015566149645523266
-4753.086420  2283.950617  0.00015301717945460065
-4753.086420  2407.407407  0.00014037172843295648
-4753.086420  2530.864198  0.00015465352406630691
-4753.086420  2654.320988  0.00016673520347442022
-4753.086420  2777.777778  0.00015630489757291355
-4753.086420  2901.234568  0.00014494953719404490
-4753.086420  3024.691358  0.00014013816406160522
-4753.086420  3148.148148  0.00014281263552622366
-4753.086420  3271.604938  0.00014975781086367464
-4753.086420  3395.061728  0.00015717732876363742
-4753.086420  3518.518519  0.00016255470417424997
-4753.086420  3641.975309  0.00016378818979542926
-4753.086420  3765.432099  0.00015973914211460637
-4753.086420  3888.888889  0.00014957886064309744
-4753.086420  4012.345679  0.00014317295184749189
-4753.086420  4135.802469  0.00013683945015406109
-4753.086420  4259.259259  0.00013650711089611075
-4753.086420  4382.716049  0.00014790221736391777
-4753.086420  4506.172840  0.00016744769282161465
-4753.086420  4629.629630  0.00018183420286105176
-4753.086420  4753.086420  0.00017075964493461308
-4753.086420  4876.543210  0.00010623225827903502

-4629.629630 -5000.000000  -0.00002979527098247258
-4629.629630 -4876.543210  0.00010506313387471571
-4629.629630 -4753.086420  0.00017877071412353615
-4629.629630 -4629.629630  0.00019178930039223698
-4629.629630 -4506.172840  0.00017502968244465308
-4629.629630 -4382.716049  0.00015209808075383142
-4629.629630 -4259.259259  0.00013919010107926296
-4629.629630 -4135.802469  0.00014047826561827068
-4629.629630 -4012.345679  0.00014819379239060958
-4629.629630 -3888.888889  0.00015489853477168599
-4629.629630 -3765.432099  0.00016716885026139456
-4629.629630 -3641.975309  0.00017061579458606575
-4629.629630 -3518.518519  0.00016943852403109719
-4629.629630 -3395.061728  0.00016308057202795757
-4629.629630 -3271.604938  0.00015417443665720080
-4629.629630 -3148.148148  0.00014649119505827769
-4629.629630 -3024.691358  0.00014454473060165009
-4629.629630 -2901.234568  0.00015099960296707197
-4629.629630 -2777.777778  0.00016343778644130195
-4629.629630 -2654.320988  0.00017289466468684749
-4629.629630 -2530.864198  0.00015823115608636440
-4629.629630 -2407.407407  0.00014828605869302529
-4629.629630 -2283.950617  0.00015975673514590397
-4629.629630 -2160.493827  0.00016132386536997400
-4629.629630 -2037.037037  0.00016026669381937570
-4629.629630 -1913.580247  0.00015718600823402994
-4629.629630 -1790.123457  0.00015626563787243277
-4629.629630 -1666.666667  0.00015626876488349017
-4629.629630 -1543.209877  0.00015690449036201347
-4629.629630 -1419.753086  0.00015712407306088153
-4629.629630 -1296.296296  0.00015983815984133912
-4629.629630 -1172.839506  0.00015863261377117169
-4629.629630 -1049.382716  0.00016025021394081455
-4629.629630  -925.925926  0.00015848806653535132
-4629.629630  -802.469136  0.00015787018363287055
-4629.629630  -679.012346  0.00015686128252541200
-4629.629630  -555.555556  0.00015709660639590638
-4629.629630  -432.098765  0.00015768441103312009
-4629.629630  -308.641975  0.00015881482920667196
-4629.629630  -185.185185  0.00015982224532980595
-4629.629630   -61.728395  0.00015800833877078669
-4629.629630    61.728395  0.00015800833877072405
-4629.629630   185.185185  0.00015982224532958198
-4629.629630   308.641975  0.00015881482920632618
-4629.629630   432.098765  0.00015768441103267535
-4629.629630   555.555556  0.00015709660639535389
-4629.629630   679.012346  0.00015686128252472448
-4629.629630   802.469136  0.00015787018363200338
-4629.629630   925.925926  0.00015848806653429999
-4629.629630  1049.382716  0.00016025021393958663
-4629.629630  1172.839506  0.00015863261376982776
-4629.629630  1296.296296  0.00015983815983986908
-4629.629630  1419.753086  0.00015712407305933061
-4629.629630  1543.209877  0.00015690449036033743
-4629.629630  1666.666667  0.00015626876488170901
-4629.629630  1790.123457  0.00015626563787051687
-4629.629630  1913.580247  0.00015718600823192198
-4629.629630  2037.037037  0.00016026669381700485
-4629.629630  2160.493827  0.00016132386536741184
-4629.629630  2283.950617  0.00015975673514329167
-4629.629630  2407.407407  0.00014828605869065585
-4629.629630  2530.864198  0.00015823115608348598
-4629.629630  2654.320988  0.00017289466468339002
-4629.629630  2777.777778  0.00016343778643810783
-4629.629630  2901.234568  0.00015099960296417262
-4629.629630  3024.691358  0.00014454473059877929
-4629.629630  3148.148148  0.00014649119505515026
-4629.629630  3271.604938  0.00015417443665365174
-4629.629630  3395.061728  0.00016308057202396904
-4629.629630  3518.518519  0.00016943852402675455
-4629.629630  3641.975309  0.00017061579458153874
-4629.629630  3765.432099  0.00016716885025688940
-4629.629630  3888.888889  0.00015489853476746628
-4629.629630  4012.345679  0.00014819379238649024
-4629.629630  4135.802469  0.00014047826561426141
-4629.629630  4259.259259  0.00013919010107513080
-4629.629630  4382.716049  0.00015209808074909695
-4629.629630  4506.172840  0.00017502968243898105
-4629.629630  4629.629630  0.00019178930038582425
-4629.629630  4753.086420  0.00017877071411739269
-4629.629630  4876.543210  0.00010506313387095445

-4506.172840 -5000.000000  -0.00001945068942551014
-4506.172840 -4876.543210  0.00010030730922747826
-4506.172840 -4753.086420  0.00016056822136980775
-4506.172840 -4629.629630  0.00017076190436851669
-4506.172840 -4506.172840  0.00015721613520937934
-4506.172840 -4382.716049  0.00013895513069675318
-4506.172840 -4259.259259  0.00012837331681067452
-4506.172840 -4135.802469  0.00012876000204207068
-4506.172840 -4012.345679  0.00013474929027501185
-4506.172840 -3888.888889  0.00014080458937411401
-4506.172840 -3765.432099  0.00015033052382790375
-4506.172840 -3641.975309  0.00015374545745230214
-4506.172840 -3518.518519  0.00015270133989495348
-4506.172840 -3395.061728  0.00014763164255429651
-4506.172840 -3271.604938  0.00014058883211842926
-4506.172840 -3148.148148  0.00013416879775825921
-4506.172840 -3024.691358  0.00013196630567521077
-4506.172840 -2901.234568  0.00013672314793587487
-4506.172840 -2777.777778  0.00014720018770474934
-4506.172840 -2654.320988  0.00015638048236168750
-4506.172840 -2530.864198  0.00014515034350960821
-4506.172840 -2407.407407  0.00013371897641284645
-4506.172840 -2283.950617  0.00014502609429518804
-4506.172840 -2160.493827  0.00014712198683004637
-4506.172840 -2037.037037  0.00014607423050310125
-4506.172840 -1913.580247  0.00014273604124354406
-4506.172840 -1790.123457  0.00014165045225528731
-4506.172840 -1666.666667  0.00014180220227528144
-4506.172840 -1543.209877  0.00014262936349271639
-4506.172840 -1419.753086  0.00014276692885099859
-4506.172840 -1296.296296  0.00014527676925766417
-4506.172840 -1172.839506  0.00014431734833545505
-4506.172840 -1049.382716  0.00014577179549126349
-4506.172840  -925.925926  0.00014411457167487531
-4506.172840  -802.469136  0.00014345647778926776
-4506.172840  -679.012346  0.00014244143583325012
-4506.172840  -555.555556  0.00014264355462041597
-4506.172840  -432.098765  0.00014327784626985983
-4506.172840  -308.641975  0.00014447627116911206
-4506.172840  -185.185185  0.00014549236120342491
-4506.172840   -61.728395  0.00014362169011953991
-4506.172840    61.728395  0.00014362169011947998
-4506.172840   185.185185  0.00014549236120320867
-4506.172840   308.641975  0.00014447627116878363
-4506.172840   432.098765  0.00014327784626944501
-4506.172840   555.555556  0.00014264355461990666
-4506.172840   679.012346  0.00014244143583261678
-4506.172840   802.469136  0.00014345647778846439
-4506.172840   925.925926  0.00014411457167389644
-4506.172840  1049.382716  0.00014577179549011857
-4506.172840  1172.839506  0.00014431734833420163
-4506.172840  1296.296296  0.00014527676925629791
-4506.172840  1419.753086  0.00014276692884955777
-4506.172840  1543.209877  0.00014262936349115668
-4506.172840  1666.666667  0.00014180220227363240
-4506.172840  1790.123457  0.00014165045225351746
-4506.172840  1913.580247  0.00014273604124158772
-4506.172840  2037.037037  0.00014607423050088297
-4506.172840  2160.493827  0.00014712198682764703
-4506.172840  2283.950617  0.00014502609429276533
-4506.172840  2407.407407  0.00013371897641068195
-4506.172840  2530.864198  0.00014515034350689931
-4506.172840  2654.320988  0.00015638048235850095
-4506.172840  2777.777778  0.00014720018770182709
-4506.172840  2901.234568  0.00013672314793320431
-4506.172840  3024.691358  0.00013196630567253518
-4506.172840  3148.148148  0.00013416879775533314
-4506.172840  3271.604938  0.00014058883211512835
-4506.172840  3395.061728  0.00014763164255061844
-4506.172840  3518.518519  0.00015270133989096681
-4506.172840  3641.975309  0.00015374545744814322
-4506.172840  3765.432099  0.00015033052382377242
-4506.172840  3888.888889  0.00014080458937019955
-4506.172840  4012.345679  0.00013474929027118950
-4506.172840  4135.802469  0.00012876000203832202
-4506.172840  4259.259259  0.00012837331680679034
-4506.172840  4382.716049  0.00013895513069234376
-4506.172840  4506.172840  0.00015721613520417569
-4506.172840  4629.629630  0.00017076190436267721
-4506.172840  4753.086420  0.00016056822136417478
-4506.172840  4876.543210  0.00010030730922386295

-4382.716049 -5000.000000  -0.00000425730669583202
-4382.716049 -4876.543210  0.00009557351874471274
-4382.716049 -4753.086420  0.00013700990319434581
-4382.716049 -4629.629630  0.00014326556053025611
-4382.716049 -4506.172840  0.00013431641167705724
-4382.716049 -4382.716049  0.00012269301482256432
-4382.716049 -4259.259259  0.00011534014927402705
-4382.716049 -4135.802469  0.00011431481930316403
-4382.716049 -4012.345679  0.00011779767493846834
-4382.716049 -3888.888889  0.00012301046175074544
-4382.716049 -3765.432099  0.00012860102100839966
-4382.716049 -3641.975309  0.00013234721389565170
-4382.716049 -3518.518519  0.00013142259904257308
-4382.716049 -3395.061728  0.00012821163509359141
-4382.716049 -3271.604938  0.00012388967959651404
-4382.716049 -3148.148148  0.00011918149342056017
-4382.716049 -3024.691358  0.00011635098461250681
-4382.716049 -2901.234568  0.00011849649657630395
-4382.716049 -2777.777778  0.00012636668918522323
-4382.716049 -2654.320988  0.00013575099725656427
-4382.716049 -2530.864198  0.00012945039318155348
-4382.716049 -2407.407407  0.00011437023181547445
-4382.716049 -2283.950617  0.00012602566425497751
-4382.716049 -2160.493827  0.00012919329292303966
-4382.716049 -2037.037037  0.00012809121251494259
-4382.716049 -1913.580247  0.00012409016730219387
-4382.716049 -1790.123457  0.00012263204346780589
-4382.716049 -1666.666667  0.00012305225248583453
-4382.716049 -1543.209877  0.00012426642579917233
-4382.716049 -1419.753086  0.00012426332800680756
-4382.716049 -1296.296296  0.00012653502109523306
-4382.716049 -1172.839506  0.00012604688503891731
-4382.716049 -1049.382716  0.00012727359416796430
-4382.716049  -925.925926  0.00012571018944590367
-4382.716049  -802.469136  0.00012493165953787521
-4382.716049  -679.012346  0.00012384008023741795
-4382.716049  -555.555556  0.00012397763544827830
-4382.716049  -432.098765  0.00012471464159377165
-4382.716049  -308.641975  0.00012608569912131787
-4382.716049  -185.185185  0.00012715973365771727
-4382.716049   -61.728395  0.00012507699593849707
-4382.716049    61.728395  0.00012507699593844026
-4382.716049   185.185185  0.00012715973365750718
-4382.716049   308.641975  0.00012608569912100773
-4382.716049   432.098765  0.00012471464159339262
-4382.716049   555.555556  0.00012397763544782080
-4382.716049   679.012346  0.00012384008023684845
-4382.716049   802.469136  0.00012493165953714476
-4382.716049   925.925926  0.00012571018944500570
-4382.716049  1049.382716  0.00012727359416691140
-4382.716049  1172.839506  0.00012604688503776507
-4382.716049  1296.296296  0.00012653502109398734
-4382.716049  1419.753086  0.00012426332800549725
-4382.716049  1543.209877  0.00012426642579774935
-4382.716049  1666.666667  0.00012305225248434565
-4382.716049  1790.123457  0.00012263204346621629
-4382.716049  1913.580247  0.00012409016730041876
-4382.716049  2037.037037  0.00012809121251289546
-4382.716049  2160.493827  0.00012919329292082187
-4382.716049  2283.950617  0.00012602566425278113
-4382.716049  2407.407407  0.00011437023181357072
-4382.716049  2530.864198  0.00012945039317900235
-4382.716049  2654.320988  0.00013575099725368024
-4382.716049  2777.777778  0.00012636668918262052
-4382.716049  2901.234568  0.00011849649657389269
-4382.716049  3024.691358  0.00011635098461003281
-4382.716049  3148.148148  0.00011918149341783153
-4382.716049  3271.604938  0.00012388967959347101
-4382.716049  3395.061728  0.00012821163509025925
-4382.716049  3518.518519  0.00013142259903899486
-4382.716049  3641.975309  0.00013234721389191487
-4382.716049  3765.432099  0.00012860102100470971
-4382.716049  3888.888889  0.00012301046174717235
-4382.716049  4012.345679  0.00011779767493497779
-4382.716049  4135.802469  0.00011431481929969043
-4382.716049  4259.259259  0.00011534014927039086
-4382.716049  4382.716049  0.00012269301481850843
-4382.716049  4506.172840  0.00013431641167240699
-4382.716049  4629.629630  0.00014326556052511464
-4382.716049  4753.086420  0.00013700990318931766
-4382.716049  4876.543210  0.00009557351874119364

-4259.259259 -5000.000000  0.00000280921537029598
-4259.259259 -4876.543210  0.00009020256217631212
-4259.259259 -4753.086420  0.00012175167501964545
-4259.259259 -4629.629630  0.00012606397847983209
-4259.259259 -4506.172840  0.00011953034246349417
-4259.259259 -4382.716049  0.00011132055461244341
-4259.259259 -4259.259259  0.00010568651652028591
-4259.259259 -4135.802469  0.00010406159103752112
-4259.259259 -4012.345679  0.00010630111009967140
-4259.259259 -3888.888889  0.00011096703116095111
-4259.259259 -3765.432099  0.00011461960466873573
-4259.259259 -3641.975309  0.00011861322574829923
-4259.259259 -3518.518519  0.00011776767674598278
-4259.259259 -3395.061728  0.00011552594728750978
-4259.259259 -3271.604938  0.00011260929086028340
-4259.259259 -3148.148148  0.00010883158717796504
-4259.259259 -3024.691358  0.00010576815882066384
-4259.259259 -2901.234568  0.00010663052426170026
-4259.259259 -2777.777778  0.00011311223266396386
-4259.259259 -2654.320988  0.00012241671127982104
-4259.259259 -2530.864198  0.00011856163863395856
-4259.259259 -2407.407407  0.00010198678188153517
-4259.259259 -2283.950617  0.00011347780716456172
-4259.259259 -2160.493827  0.00011709302648688452
-4259.259259 -2037.037037  0.00011600833878117609
-4259.259259 -1913.580247  0.00011180584992770644
-4259.259259 -1790.123457  0.00011021780813912851
-4259.259259 -1666.666667  0.00011076957269729186
-4259.259259 -1543.209877  0.00011214861711031185
-4259.259259 -1419.753086  0.00011208118546188679
-4259.259259 -1296.296296  0.00011418145963223196
-4259.259259 -1172.839506  0.00011397618214662712
-4259.259259 -1049.382716  0.00011506633488786748
-4259.259259  -925.925926  0.00011359879453386065
-4259.259259  -802.469136  0.00011279058058964733
-4259.259259  -679.012346  0.00011169704901970297
-4259.259259  -555.555556  0.00011180035622598547
-4259.259259  -432.098765  0.00011256276323256185
-4259.259259  -308.641975  0.00011397260909022446
-4259.259259  -185.185185  0.00011504011555287548
-4259.259259   -61.728395  0.00011291756120012732
-4259.259259    61.728395  0.00011291756120006846
-4259.259259   185.185185  0.00011504011555266367
-4259.259259   308.641975  0.00011397260908991658
-4259.259259   432.098765  0.00011256276323219035
-4259.259259   555.555556  0.00011180035622554168
-4259.259259   679.012346  0.00011169704901915169
-4259.259259   802.469136  0.00011279058058893794
-4259.259259   925.925926  0.00011359879453298665
-4259.259259  1049.382716  0.00011506633488684284
-4259.259259  1172.839506  0.00011397618214550584
-4259.259259  1296.296296  0.00011418145963102542
-4259.259259  1419.753086  0.00011208118546061885
-4259.259259  1543.209877  0.00011214861710893387
-4259.259259  1666.666667  0.00011076957269585733
-4259.259259  1790.123457  0.00011021780813760116
-4259.259259  1913.580247  0.00011180584992599238
-4259.259259  2037.037037  0.00011600833877918502
-4259.259259  2160.493827  0.00011709302648472763
-4259.259259  2283.950617  0.00011347780716244468
-4259.259259  2407.407407  0.00010198678187972275
-4259.259259  2530.864198  0.00011856163863144535
-4259.259259  2654.320988  0.00012241671127703483
-4259.259259  2777.777778  0.00011311223266146508
-4259.259259  2901.234568  0.00010663052425936521
-4259.259259  3024.691358  0.00010576815881823862
-4259.259259  3148.148148  0.00010883158717528374
-4259.259259  3271.604938  0.00011260929085731509
-4259.259259  3395.061728  0.00011552594728429182
-4259.259259  3518.518519  0.00011776767674254773
-4259.259259  3641.975309  0.00011861322574471192
-4259.259259  3765.432099  0.00011461960466521056
-4259.259259  3888.888889  0.00011096703115749738
-4259.259259  4012.345679  0.00010630111009629690
-4259.259259  4135.802469  0.00010406159103413821
-4259.259259  4259.259259  0.00010568651651672889
-4259.259259  4382.716049  0.00011132055460851468
-4259.259259  4506.172840  0.00011953034245906427
-4259.259259  4629.629630  0.00012606397847497871
-4259.259259  4753.086420  0.00012175167501486417
-4259.259259  4876.543210  0.00009020256217280825

-4135.802469 -5000.000000  -0.00000102364072546220
-4135.802469 -4876.543210  0.00008471511703868952
-4135.802469 -4753.086420  0.00011859197536573547
-4135.802469 -4629.629630  0.00012363127632024787
-4135.802469 -4506.172840  0.00011650557359547594
-4135.802469 -4382.716049  0.00010731175704565376
-4135.802469 -4259.259259  0.00010133680473464641
-4135.802469 -4135.802469  0.00010020617747046723
-4135.802469 -4012.345679  0.00010294349875252895
-4135.802469 -3888.888889  0.00010749873977662336
-4135.802469 -3765.432099  0.00011192236125446009
-4135.802469 -3641.975309  0.00011593085017272906
-4135.802469 -3518.518519  0.00011510978236372564
-4135.802469 -3395.061728  0.00011262451220298704
-4135.802469 -3271.604938  0.00010927799165431147
-4135.802469 -3148.148148  0.00010537404048247174
-4135.802469 -3024.691358  0.00010266804798226478
-4135.802469 -2901.234568  0.00010411368145420716
-4135.802469 -2777.777778  0.00011084183700474232
-4135.802469 -2654.320988  0.00011955216547196038
-4135.802469 -2530.864198  0.00011474112787473994
-4135.802469 -2407.407407  0.00009992004943075566
-4135.802469 -2283.950617  0.00011053576725709156
-4135.802469 -2160.493827  0.00011370210488655181
-4135.802469 -2037.037037  0.00011273472516078855
-4135.802469 -1913.580247  0.00010898830563051698
-4135.802469 -1790.123457  0.00010761713512509611
-4135.802469 -1666.666667  0.00010810210324688465
-4135.802469 -1543.209877  0.00010932707932621253
-4135.802469 -1419.753086  0.00010930531235020570
-4135.802469 -1296.296296  0.00011133593433148293
-4135.802469 -1172.839506  0.00011106118366728621
-4135.802469 -1049.382716  0.00011215086271631611
-4135.802469  -925.925926  0.00011077638963915965
-4135.802469  -802.469136  0.00011006681138224266
-4135.802469  -679.012346  0.00010907487098592450
-4135.802469  -555.555556  0.00010919217323698982
-4135.802469  -432.098765  0.00010987853724568866
-4135.802469  -308.641975  0.00011114795031504650
-4135.802469  -185.185185  0.00011212563409749732
-4135.802469   -61.728395  0.00011020218657945897
-4135.802469    61.728395  0.00011020218657939522
-4135.802469   185.185185  0.00011212563409727569
-4135.802469   308.641975  0.00011114795031472273
-4135.802469   432.098765  0.00010987853724529322
-4135.802469   555.555556  0.00010919217323651400
-4135.802469   679.012346  0.00010907487098533493
-4135.802469   802.469136  0.00011006681138149110
-4135.802469   925.925926  0.00011077638963824052
-4135.802469  1049.382716  0.00011215086271524126
-4135.802469  1172.839506  0.00011106118366610933
-4135.802469  1296.296296  0.00011133593433021140
-4135.802469  1419.753086  0.00010930531234886853
-4135.802469  1543.209877  0.00010932707932476233
-4135.802469  1666.666667  0.00010810210324536800
-4135.802469  1790.123457  0.00010761713512347898
-4135.802469  1913.580247  0.00010898830562871246
-4135.802469  2037.037037  0.00011273472515871190
-4135.802469  2160.493827  0.00011370210488430715
-4135.802469  2283.950617  0.00011053576725486916
-4135.802469  2407.407407  0.00009992004942881790
-4135.802469  2530.864198  0.00011474112787213233
-4135.802469  2654.320988  0.00011955216546902741
-4135.802469  2777.777778  0.00011084183700208252
-4135.802469  2901.234568  0.00010411368145172544
-4135.802469  3024.691358  0.00010266804797971154
-4135.802469  3148.148148  0.00010537404047966607
-4135.802469  3271.604938  0.00010927799165120362
-4135.802469  3395.061728  0.00011262451219960444
-4135.802469  3518.518519  0.00011510978236010958
-4135.802469  3641.975309  0.00011593085016895699
-4135.802469  3765.432099  0.00011192236125075445
-4135.802469  3888.888889  0.00010749873977301794
-4135.802469  4012.345679  0.00010294349874900694
-4135.802469  4135.802469  0.00010020617746695515
-4135.802469  4259.259259  0.00010133680473097064
-4135.802469  4382.716049  0.00010731175704158321
-4135.802469  4506.172840  0.00011650557359085568
-4135.802469  4629.629630  0.00012363127631516928
-4135.802469  4753.086420  0.00011859197536075747
-4135.802469  4876.543210  0.00008471511703512556

-4012.345679 -5000.000000  -0.00000652097476409140
-4012.345679 -4876.543210  0.00008317712491230094
-4012.345679 -4753.086420  0.00012279644638849187
-4012.345679 -4629.629630  0.00012918491819506321
-4012.345679 -4506.172840  0.00012068069668989745
-4012.345679 -4382.716049  0.00010941724028834338
-4012.345679 -4259.259259  0.00010252348983501320
-4012.345679 -4135.802469  0.00010203302180635689
-4012.345679 -4012.345679  0.00010563716349553476
-4012.345679 -3888.888889  0.00011036544725625084
-4012.345679 -3765.432099  0.00011605935026031670
-4012.345679 -3641.975309  0.00011936234031900865
-4012.345679 -3518.518519  0.00011858271419019816
-4012.345679 -3395.061728  0.00011553446826475417
-4012.345679 -3271.604938  0.00011138880093158276
-4012.345679 -3148.148148  0.00010704366093070174
-4012.345679 -3024.691358  0.00010471020905331163
-4012.345679 -2901.234568  0.00010707870047099544
-4012.345679 -2777.777778  0.00011452255157241875
-4012.345679 -2654.320988  0.00012284011659255019
-4012.345679 -2530.864198  0.00011638418566806033
-4012.345679 -2407.407407  0.00010344259583855184
-4012.345679 -2283.950617  0.00011347199044220599
-4012.345679 -2160.493827  0.00011615395422653715
-4012.345679 -2037.037037  0.00011528108395296454
-4012.345679 -1913.580247  0.00011196185506493390
-4012.345679 -1790.123457  0.00011081364070971911
-4012.345679 -1666.666667  0.00011121405737686610
-4012.345679 -1543.209877  0.00011227540967548235
-4012.345679 -1419.753086  0.00011231926663844489
-4012.345679 -1296.296296  0.00011437626837010812
-4012.345679 -1172.839506  0.00011396763232651279
-4012.345679 -1049.382716  0.00011512202675668479
-4012.345679  -925.925926  0.00011378805062749632
-4012.345679  -802.469136  0.00011317223352120347
-4012.345679  -679.012346  0.00011226296754798508
-4012.345679  -555.555556  0.00011240884404618518
-4012.345679  -432.098765  0.00011303053493230812
-4012.345679  -308.641975  0.00011417986781958471
-4012.345679  -185.185185  0.00011509266434152321
-4012.345679   -61.728395  0.00011333637166979793
-4012.345679    61.728395  0.00011333637166972737
-4012.345679   185.185185  0.00011509266434128382
-4012.345679   308.641975  0.00011417986781923200
-4012.345679   432.098765  0.00011303053493187150
-4012.345679   555.555556  0.00011240884404565603
-4012.345679   679.012346  0.00011226296754733174
-4012.345679   802.469136  0.00011317223352037840
-4012.345679   925.925926  0.00011378805062649433
-4012.345679  1049.382716  0.00011512202675551619
-4012.345679  1172.839506  0.00011396763232523344
-4012.345679  1296.296296  0.00011437626836872028
-4012.345679  1419.753086  0.00011231926663698295
-4012.345679  1543.209877  0.00011227540967389995
-4012.345679  1666.666667  0.00011121405737520358
-4012.345679  1790.123457  0.00011081364070794363
-4012.345679  1913.580247  0.00011196185506296543
-4012.345679  2037.037037  0.00011528108395072210
-4012.345679  2160.493827  0.00011615395422411725
-4012.345679  2283.950617  0.00011347199043978724
-4012.345679  2407.407407  0.00010344259583640238
-4012.345679  2530.864198  0.00011638418566527135
-4012.345679  2654.320988  0.00012284011658935838
-4012.345679  2777.777778  0.00011452255156949056
-4012.345679  2901.234568  0.00010707870046827008
-4012.345679  3024.691358  0.00010471020905053749
-4012.345679  3148.148148  0.00010704366092767397
-4012.345679  3271.604938  0.00011138880092822339
-4012.345679  3395.061728  0.00011553446826108062
-4012.345679  3518.518519  0.00011858271418626065
-4012.345679  3641.975309  0.00011936234031490729
-4012.345679  3765.432099  0.00011605935025625635
-4012.345679  3888.888889  0.00011036544725233028
-4012.345679  4012.345679  0.00010563716349170594
-4012.345679  4135.802469  0.00010203302180256178
-4012.345679  4259.259259  0.00010252348983106287
-4012.345679  4382.716049  0.00010941724028395103
-4012.345679  4506.172840  0.00012068069668486592
-4012.345679  4629.629630  0.00012918491818950735
-4012.345679  4753.086420  0.00012279644638307858
-4012.345679  4876.543210  0.00008317712490854297

-3888.888889 -5000.000000  -0.00000671396602682523
-3888.888889 -4876.543210  0.00008584047113347108
-3888.888889 -4753.086420  0.00012683843975660501
-3888.888889 -4629.629630  0.00013350722045289240
-3888.888889 -4506.172840  0.00012475464261524580
-3888.888889 -4382.716049  0.00011314467889831594
-3888.888889 -4259.259259  0.00010606840288814800
-3888.888889 -4135.802469  0.00010562420844907097
-3888.888889 -4012.345679  0.00010940338542095040
-3888.888889 -3888.888889  0.00011430647061206352
-3888.888889 -3765.432099  0.00012022289322565864
-3888.888889 -3641.975309  0.00012357698714324749
-3888.888889 -3518.518519  0.00012278814055421142
-3888.888889 -3395.061728  0.00011965990271148155
-3888.888889 -3271.604938  0.00011538927276488875
-3888.888889 -3148.148148  0.00011093373682544970
-3888.888889 -3024.691358  0.00010857669268198082
-3888.888889 -2901.234568  0.00011107595656542548
-3888.888889 -2777.777778  0.00011877633134326662
-3888.888889 -2654.320988  0.00012730224985169251
-3888.888889 -2530.864198  0.00012052448741119315
-3888.888889 -2407.407407  0.00010728617121595887
-3888.888889 -2283.950617  0.00011760024592317433
-3888.888889 -2160.493827  0.00012037255523434450
-3888.888889 -2037.037037  0.00011949718804411737
-3888.888889 -1913.580247  0.00011611118922086623
-3888.888889 -1790.123457  0.00011495507329468693
-3888.888889 -1666.666667  0.00011538608134556824
-3888.888889 -1543.209877  0.00011649322970211579
-3888.888889 -1419.753086  0.00011655141048843314
-3888.888889 -1296.296296  0.00011869123856935715
-3888.888889 -1172.839506  0.00011824927991803902
-3888.888889 -1049.382716  0.00011946199820992722
-3888.888889  -925.925926  0.00011809916622582699
-3888.888889  -802.469136  0.00011748169867731770
-3888.888889  -679.012346  0.00011655638320261414
-3888.888889  -555.555556  0.00011671752510574175
-3888.888889  -432.098765  0.00011736214307415194
-3888.888889  -308.641975  0.00011854623538849274
-3888.888889  -185.185185  0.00011948752393985904
-3888.888889   -61.728395  0.00011768656922287073
-3888.888889    61.728395  0.00011768656922279386
-3888.888889   185.185185  0.00011948752393959753
-3888.888889   308.641975  0.00011854623538810651
-3888.888889   432.098765  0.00011736214307367355
-3888.888889   555.555556  0.00011671752510516347
-3888.888889   679.012346  0.00011655638320190260
-3888.888889   802.469136  0.00011748169867642186
-3888.888889   925.925926  0.00011809916622474112
-3888.888889  1049.382716  0.00011946199820866232
-3888.888889  1172.839506  0.00011824927991665524
-3888.888889  1296.296296  0.00011869123856785569
-3888.888889  1419.753086  0.00011655141048684933
-3888.888889  1543.209877  0.00011649322970040207
-3888.888889  1666.666667  0.00011538608134376900
-3888.888889  1790.123457  0.00011495507329276706
-3888.888889  1913.580247  0.00011611118921874123
-3888.888889  2037.037037  0.00011949718804170133
-3888.888889  2160.493827  0.00012037255523173837
-3888.888889  2283.950617  0.00011760024592056685
-3888.888889  2407.407407  0.00010728617121363396
-3888.888889  2530.864198  0.00012052448740819521
-3888.888889  2654.320988  0.00012730224984825700
-3888.888889  2777.777778  0.00011877633134010446
-3888.888889  2901.234568  0.00011107595656247726
-3888.888889  3024.691358  0.00010857669267898234
-3888.888889  3148.148148  0.00011093373682218460
-3888.888889  3271.604938  0.00011538927276127346
-3888.888889  3395.061728  0.00011965990270753351
-3888.888889  3518.518519  0.00012278814054998360
-3888.888889  3641.975309  0.00012357698713884600
-3888.888889  3765.432099  0.00012022289322129953
-3888.888889  3888.888889  0.00011430647060785330
-3888.888889  4012.345679  0.00010940338541683889
-3888.888889  4135.802469  0.00010562420844499689
-3888.888889  4259.259259  0.00010606840288391066
-3888.888889  4382.716049  0.00011314467889361227
-3888.888889  4506.172840  0.00012475464260986683
-3888.888889  4629.629630  0.00013350722044695937
-3888.888889  4753.086420  0.00012683843975082605
-3888.888889  4876.543210  0.00008584047112945095

-3765.432099 -5000.000000  -0.00001521160733346016
-3765.432099 -4876.543210  0.00008417219501556284
-3765.432099 -4753.086420  0.00013441587627471252
-3765.432099 -4629.629630  0.00014318397014881755
-3765.432099 -4506.172840  0.00013218275454260971
-3765.432099 -4382.716049  0.00011724340398738670
-3765.432099 -4259.259259  0.00010869073360559797
-3765.432099 -4135.802469  0.00010925399168535634
-3765.432099 -4012.345679  0.00011435232713671502
-3765.432099 -3888.888889  0.00011954038563307068
-3765.432099 -3765.432099  0.00012756817767612411
-3765.432099 -3641.975309  0.00013056584634372323
-3765.432099 -3518.518519  0.00012986159315155060
-3765.432099 -3395.061728  0.00012571763212193681
-3765.432099 -3271.604938  0.00012013774064920362
-3765.432099 -3148.148148  0.00011492608252711123
-3765.432099 -3024.691358  0.00011314856690675377
-3765.432099 -2901.234568  0.00011712576608027745
-3765.432099 -2777.777778  0.00012601959983582069
-3765.432099 -2654.320988  0.00013399321762484829
-3765.432099 -2530.864198  0.00012445631052122327
-3765.432099 -2407.407407  0.00011407181787469179
-3765.432099 -2283.950617  0.00012349339915532535
-3765.432099 -2160.493827  0.00012547819814717306
-3765.432099 -2037.037037  0.00012473881879825833
-3765.432099 -1913.580247  0.00012201052127393308
-3765.432099 -1790.123457  0.00012119911135828676
-3765.432099 -1666.666667  0.00012148346458421844
-3765.432099 -1543.209877  0.00012231927784283567
-3765.432099 -1419.753086  0.00012247185634047116
-3765.432099 -1296.296296  0.00012466049295664874
-3765.432099 -1172.839506  0.00012398714560733485
-3765.432099 -1049.382716  0.00012530674121469319
-3765.432099  -925.925926  0.00012399308286887347
-3765.432099  -802.469136  0.00012352510140582255
-3765.432099  -679.012346  0.00012273248687899832
-3765.432099  -555.555556  0.00012294985571932403
-3765.432099  -432.098765  0.00012350506125654076
-3765.432099  -308.641975  0.00012451754090132667
-3765.432099  -185.185185  0.00012537664369151872
-3765.432099   -61.728395  0.00012383704726545361
-3765.432099    61.728395  0.00012383704726536983
-3765.432099   185.185185  0.00012537664369124049
-3765.432099   308.641975  0.00012451754090090925
-3765.432099   432.098765  0.00012350506125601623
-3765.432099   555.555556  0.00012294985571868592
-3765.432099   679.012346  0.00012273248687821739
-3765.432099   802.469136  0.00012352510140484926
-3765.432099   925.925926  0.00012399308286770215
-3765.432099  1049.382716  0.00012530674121333124
-3765.432099  1172.839506  0.00012398714560584101
-3765.432099  1296.296296  0.00012466049295501867
-3765.432099  1419.753086  0.00012247185633874839
-3765.432099  1543.209877  0.00012231927784097456
-3765.432099  1666.666667  0.00012148346458225413
-3765.432099  1790.123457  0.00012119911135618753
-3765.432099  1913.580247  0.00012201052127162683
-3765.432099  2037.037037  0.00012473881879566571
-3765.432099  2160.493827  0.00012547819814438162
-3765.432099  2283.950617  0.00012349339915250030
-3765.432099  2407.407407  0.00011407181787212158
-3765.432099  2530.864198  0.00012445631051803774
-3765.432099  2654.320988  0.00013399321762111896
-3765.432099  2777.777778  0.00012601959983235073
-3765.432099  2901.234568  0.00011712576607705783
-3765.432099  3024.691358  0.00011314856690352097
-3765.432099  3148.148148  0.00011492608252361518
-3765.432099  3271.604938  0.00012013774064531791
-3765.432099  3395.061728  0.00012571763211766414
-3765.432099  3518.518519  0.00012986159314695451
-3765.432099  3641.975309  0.00013056584633894689
-3765.432099  3765.432099  0.00012756817767137647
-3765.432099  3888.888889  0.00011954038562853119
-3765.432099  4012.345679  0.00011435232713228513
-3765.432099  4135.802469  0.00010925399168099889
-3765.432099  4259.259259  0.00010869073360109555
-3765.432099  4382.716049  0.00011724340398235571
-3765.432099  4506.172840  0.00013218275453678250
-3765.432099  4629.629630  0.00014318397014234885
-3765.432099  4753.086420  0.00013441587626845909
-3765.432099  4876.543210  0.00008417219501139158

-3641.975309 -5000.000000  -0.00001180776652756044
-3641.975309 -4876.543210  0.00008812189552445433
-3641.975309 -4753.086420  0.00013683085209336701
-3641.975309 -4629.629630  0.00014491852753768754
-3641.975309 -4506.172840  0.00013426652866662945
-3641.975309 -4382.716049  0.00012007777364000401
-3641.975309 -4259.259259  0.00011204993276686312
-3641.975309 -4135.802469  0.00011274876795464284
-3641.975309 -4012.345679  0.00011714962483199718
-3641.975309 -3888.888889  0.00012243239801585160
-3641.975309 -3765.432099  0.00013004822506636774
-3641.975309 -3641.975309  0.00013298761874889692
-3641.975309 -3518.518519  0.00013300470825562246
-3641.975309 -3395.061728  0.00012829068004721814
-3641.975309 -3271.604938  0.00012328607170103566
-3641.975309 -3148.148148  0.00011817698201102331
-3641.975309 -3024.691358  0.00011666219555989124
-3641.975309 -2901.234568  0.00012042010460979262
-3641.975309 -2777.777778  0.00012887272193358847
-3641.975309 -2654.320988  0.00013675643655754367
-3641.975309 -2530.864198  0.00012788608314918070
-3641.975309 -2407.407407  0.00011866130823055768
-3641.975309 -2283.950617  0.00012814477742292601
-3641.975309 -2160.493827  0.00013007345206438378
-3641.975309 -2037.037037  0.00012935742863501881
-3641.975309 -1913.580247  0.00012670483462680189
-3641.975309 -1790.123457  0.00012595344487997926
-3641.975309 -1666.666667  0.00012624316961265671
-3641.975309 -1543.209877  0.00012707364435258340
-3641.975309 -1419.753086  0.00012725979994754327
-3641.975309 -1296.296296  0.00012953748173962594
-3641.975309 -1172.839506  0.00012880206516568192
-3641.975309 -1049.382716  0.00013020440852874247
-3641.975309  -925.925926  0.00012888391388644828
-3641.975309  -802.469136  0.00012844850184737111
-3641.975309  -679.012346  0.00012767254683202316
-3641.975309  -555.555556  0.00012791983039471498
-3641.975309  -432.098765  0.00012848129979615644
-3641.975309  -308.641975  0.00012948820037658713
-3641.975309  -185.185185  0.00013034967697184494
-3641.975309   -61.728395  0.00012883283507344448
-3641.975309    61.728395  0.00012883283507336081
-3641.975309   185.185185  0.00013034967697155133
-3641.975309   308.641975  0.00012948820037614483
-3641.975309   432.098765  0.00012848129979560187
-3641.975309   555.555556  0.00012791983039404340
-3641.975309   679.012346  0.00012767254683120188
-3641.975309   802.469136  0.00012844850184634738
-3641.975309   925.925926  0.00012888391388521508
-3641.975309  1049.382716  0.00013020440852730931
-3641.975309  1172.839506  0.00012880206516411162
-3641.975309  1296.296296  0.00012953748173790498
-3641.975309  1419.753086  0.00012725979994572490
-3641.975309  1543.209877  0.00012707364435062039
-3641.975309  1666.666667  0.00012624316961058510
-3641.975309  1790.123457  0.00012595344487776643
-3641.975309  1913.580247  0.00012670483462437501
-3641.975309  2037.037037  0.00012935742863229668
-3641.975309  2160.493827  0.00013007345206145454
-3641.975309  2283.950617  0.00012814477741996034
-3641.975309  2407.407407  0.00011866130822785792
-3641.975309  2530.864198  0.00012788608314590337
-3641.975309  2654.320988  0.00013675643655372603
-3641.975309  2777.777778  0.00012887272193003218
-3641.975309  2901.234568  0.00012042010460647722
-3641.975309  3024.691358  0.00011666219555655474
-3641.975309  3148.148148  0.00011817698200742815
-3641.975309  3271.604938  0.00012328607169704707
-3641.975309  3395.061728  0.00012829068004285515
-3641.975309  3518.518519  0.00013300470825090483
-3641.975309  3641.975309  0.00013298761874401882
-3641.975309  3765.432099  0.00013004822506151628
-3641.975309  3888.888889  0.00012243239801119817
-3641.975309  4012.345679  0.00011714962482745246
-3641.975309  4135.802469  0.00011274876795015176
-3641.975309  4259.259259  0.00011204993276223736
-3641.975309  4382.716049  0.00012007777363485713
-3641.975309  4506.172840  0.00013426652866069063
-3641.975309  4629.629630  0.00014491852753110507
-3641.975309  4753.086420  0.00013683085208699233
-3641.975309  4876.543210  0.00008812189552016851

-3518.518519 -5000.000000  -0.00001103992259858114
-3518.518519 -4876.543210  0.00008477682042565093
-3518.518519 -4753.086420  0.00013154358742309037
-3518.518519 -4629.629630  0.00013942577079218457
-3518.518519 -4506.172840  0.00012929534748868881
-3518.518519 -4382.716049  0.00011576118591309716
-3518.518519 -4259.259259  0.00010813022927660170
-3518.518519 -4135.802469  0.00010884152289456513
-3518.518519 -4012.345679  0.00011313242997408734
-3518.518519 -3888.888889  0.00011822712389977052
-3518.518519 -3765.432099  0.00012563768617007863
-3518.518519 -3641.975309  0.00012911778026813932
-3518.518519 -3518.518519  0.00012909441161145443
-3518.518519 -3395.061728  0.00012463139341378662
-3518.518519 -3271.604938  0.00011984620888569511
-3518.518519 -3148.148148  0.00011496706600362540
-3518.518519 -3024.691358  0.00011348643041315877
-3518.518519 -2901.234568  0.00011711006994058148
-3518.518519 -2777.777778  0.00012533689890132591
-3518.518519 -2654.320988  0.00013304673894553841
-3518.518519 -2530.864198  0.00012432355309343726
-3518.518519 -2407.407407  0.00011502091401375045
-3518.518519 -2283.950617  0.00012413197602302063
-3518.518519 -2160.493827  0.00012605153880647547
-3518.518519 -2037.037037  0.00012539811003616769
-3518.518519 -1913.580247  0.00012285407508542308
-3518.518519 -1790.123457  0.00012215471816488127
-3518.518519 -1666.666667  0.00012247745306452612
-3518.518519 -1543.209877  0.00012331691557711642
-3518.518519 -1419.753086  0.00012350065260085445
-3518.518519 -1296.296296  0.00012571459496426253
-3518.518519 -1172.839506  0.00012500972227204131
-3518.518519 -1049.382716  0.00012638809656557065
-3518.518519  -925.925926  0.00012513976953242918
-3518.518519  -802.469136  0.00012475485932319857
-3518.518519  -679.012346  0.00012403763819539688
-3518.518519  -555.555556  0.00012430859349728515
-3518.518519  -432.098765  0.00012488039442868731
-3518.518519  -308.641975  0.00012588254423603442
-3518.518519  -185.185185  0.00012674260030313866
-3518.518519   -61.728395  0.00012528986702408507
-3518.518519    61.728395  0.00012528986702400226
-3518.518519   185.185185  0.00012674260030284031
-3518.518519   308.641975  0.00012588254423558472
-3518.518519   432.098765  0.00012488039442812537
-3518.518519   555.555556  0.00012430859349660774
-3518.518519   679.012346  0.00012403763819456929
-3518.518519   802.469136  0.00012475485932216616
-3518.518519   925.925926  0.00012513976953118484
-3518.518519  1049.382716  0.00012638809656412501
-3518.518519  1172.839506  0.00012500972227045740
-3518.518519  1296.296296  0.00012571459496252423
-3518.518519  1419.753086  0.00012350065259901611
-3518.518519  1543.209877  0.00012331691557513239
-3518.518519  1666.666667  0.00012247745306243329
-3518.518519  1790.123457  0.00012215471816264702
-3518.518519  1913.580247  0.00012285407508297406
-3518.518519  2037.037037  0.00012539811003342265
-3518.518519  2160.493827  0.00012605153880352457
-3518.518519  2283.950617  0.00012413197602003531
-3518.518519  2407.407407  0.00011502091401102703
-3518.518519  2530.864198  0.00012432355309011610
-3518.518519  2654.320988  0.00013304673894167773
-3518.518519  2777.777778  0.00012533689889773002
-3518.518519  2901.234568  0.00011711006993722453
-3518.518519  3024.691358  0.00011348643040977595
-3518.518519  3148.148148  0.00011496706599998130
-3518.518519  3271.604938  0.00011984620888166159
-3518.518519  3395.061728  0.00012463139340938462
-3518.518519  3518.518519  0.00012909441160670386
-3518.518519  3641.975309  0.00012911778026322633
-3518.518519  3765.432099  0.00012563768616521561
-3518.518519  3888.888889  0.00011822712389510139
-3518.518519  4012.345679  0.00011313242996952602
-3518.518519  4135.802469  0.00010884152289005444
-3518.518519  4259.259259  0.00010813022927195644
-3518.518519  4382.716049  0.00011576118590794596
-3518.518519  4506.172840  0.00012929534748276861
-3518.518519  4629.629630  0.00013942577078563859
-3518.518519  4753.086420  0.00013154358741675025
-3518.518519  4876.543210  0.00008477682042135614

-3395.061728 -5000.000000  -0.00000644612991137686
-3395.061728 -4876.543210  0.00008313579027940355
-3395.061728 -4753.086420  0.00012411564005815472
-3395.061728 -4629.629630  0.00013085767220471275
-3395.061728 -4506.172840  0.00012215256500044494
-3395.061728 -4382.716049  0.00011070027484984715
-3395.061728 -4259.259259  0.00010415084054960438
-3395.061728 -4135.802469  0.00010454229282595777
-3395.061728 -4012.345679  0.00010815532667545693
-3395.061728 -3888.888889  0.00011300815696365591
-3395.061728 -3765.432099  0.00011918860118504453
-3395.061728 -3641.975309  0.00012195881156404138
-3395.061728 -3518.518519  0.00012204670707297198
-3395.061728 -3395.061728  0.00011818130682290766
-3395.061728 -3271.604938  0.00011421762097069916
-3395.061728 -3148.148148  0.00010994559868865730
-3395.061728 -3024.691358  0.00010847116475288592
-3395.061728 -2901.234568  0.00011144021060441764
-3395.061728 -2777.777778  0.00011874315273205138
-3395.061728 -2654.320988  0.00012610688973300891
-3395.061728 -2530.864198  0.00011892314243456246
-3395.061728 -2407.407407  0.00010972102651640366
-3395.061728 -2283.950617  0.00011852521088441024
-3395.061728 -2160.493827  0.00012055199909136325
-3395.061728 -2037.037037  0.00011995713073435732
-3395.061728 -1913.580247  0.00011745299202327615
-3395.061728 -1790.123457  0.00011677064773886905
-3395.061728 -1666.666667  0.00011715846420497382
-3395.061728 -1543.209877  0.00011805240297496935
-3395.061728 -1419.753086  0.00011822677247942217
-3395.061728 -1296.296296  0.00012036880927964578
-3395.061728 -1172.839506  0.00011978550063406368
-3395.061728 -1049.382716  0.00012113070730413826
-3395.061728  -925.925926  0.00011996647288910061
-3395.061728  -802.469136  0.00011961889325007416
-3395.061728  -679.012346  0.00011894939654073082
-3395.061728  -555.555556  0.00011923390928947057
-3395.061728  -432.098765  0.00011981869035163925
-3395.061728  -308.641975  0.00012081969586696526
-3395.061728  -185.185185  0.00012166866913042001
-3395.061728   -61.728395  0.00012026116690393085
-3395.061728    61.728395  0.00012026116690385047
-3395.061728   185.185185  0.00012166866913011925
-3395.061728   308.641975  0.00012081969586651041
-3395.061728   432.098765  0.00011981869035107418
-3395.061728   555.555556  0.00011923390928879407
-3395.061728   679.012346  0.00011894939653990710
-3395.061728   802.469136  0.00011961889324904609
-3395.061728   925.925926  0.00011996647288786013
-3395.061728  1049.382716  0.00012113070730269646
-3395.061728  1172.839506  0.00011978550063248365
-3395.061728  1296.296296  0.00012036880927791193
-3395.061728  1419.753086  0.00011822677247758816
-3395.061728  1543.209877  0.00011805240297298988
-3395.061728  1666.666667  0.00011715846420288885
-3395.061728  1790.123457  0.00011677064773664569
-3395.061728  1913.580247  0.00011745299202083890
-3395.061728  2037.037037  0.00011995713073162442
-3395.061728  2160.493827  0.00012055199908842746
-3395.061728  2283.950617  0.00011852521088144727
-3395.061728  2407.407407  0.00010972102651370486
-3395.061728  2530.864198  0.00011892314243126620
-3395.061728  2654.320988  0.00012610688972921561
-3395.061728  2777.777778  0.00011874315272852090
-3395.061728  2901.234568  0.00011144021060110701
-3395.061728  3024.691358  0.00010847116474953533
-3395.061728  3148.148148  0.00010994559868504890
-3395.061728  3271.604938  0.00011421762096672072
-3395.061728  3395.061728  0.00011818130681858841
-3395.061728  3518.518519  0.00012204670706832417
-3395.061728  3641.975309  0.00012195881155923828
-3395.061728  3765.432099  0.00011918860118026731
-3395.061728  3888.888889  0.00011300815695904261
-3395.061728  4012.345679  0.00010815532667094940
-3395.061728  4135.802469  0.00010454229282148630
-3395.061728  4259.259259  0.00010415084054499477
-3395.061728  4382.716049  0.00011070027484476647
-3395.061728  4506.172840  0.00012215256499465866
-3395.061728  4629.629630  0.00013085767219834753
-3395.061728  4753.086420  0.00012411564005197418
-3395.061728  4876.543210  0.00008313579027512077

-3271.604938 -5000.000000  0.00000016662906607691
-3271.604938 -4876.543210  0.00008118372038448153
-3271.604938 -4753.086420  0.00011377506859793594
-3271.604938 -4629.629630  0.00011880693464694991
-3271.604938 -4506.172840  0.00011213000575439478
-3271.604938 -4382.716049  0.00010368230852064058
-3271.604938 -4259.259259  0.00009867594725661394
-3271.604938 -4135.802469  0.00009852337700632247
-3271.604938 -4012.345679  0.00010116787912869027
-3271.604938 -3888.888889  0.00010566767037706659
-3271.604938 -3765.432099  0.00011024456766324830
-3271.604938 -3641.975309  0.00011341645537071192
-3271.604938 -3518.518519  0.00011357483977100573
-3271.604938 -3395.061728  0.00011057658942295923
-3271.604938 -3271.604938  0.00010764510637668103
-3271.604938 -3148.148148  0.00010420285249667714
-3271.604938 -3024.691358  0.00010270083014146707
-3271.604938 -2901.234568  0.00010477709355007974
-3271.604938 -2777.777778  0.00011083278355591564
-3271.604938 -2654.320988  0.00011775742581728543
-3271.604938 -2530.864198  0.00011279366790520302
-3271.604938 -2407.407407  0.00010366208972927413
-3271.604938 -2283.950617  0.00011221414722525485
-3271.604938 -2160.493827  0.00011442276424880405
-3271.604938 -2037.037037  0.00011388665387031962
-3271.604938 -1913.580247  0.00011137706383243595
-3271.604938 -1790.123457  0.00011069217042278819
-3271.604938 -1666.666667  0.00011116754469792159
-3271.604938 -1543.209877  0.00011214742516250061
-3271.604938 -1419.753086  0.00011230943612527183
-3271.604938 -1296.296296  0.00011438099089908633
-3271.604938 -1172.839506  0.00011393772952770594
-3271.604938 -1049.382716  0.00011525031275549089
-3271.604938  -925.925926  0.00011417477448836319
-3271.604938  -802.469136  0.00011385498064155735
-3271.604938  -679.012346  0.00011322128874086145
-3271.604938  -555.555556  0.00011350941590278938
-3271.604938  -432.098765  0.00011410376218640408
-3271.604938  -308.641975  0.00011510037011800966
-3271.604938  -185.185185  0.00011592685226180654
-3271.604938   -61.728395  0.00011454756251581060
-3271.604938    61.728395  0.00011454756251573224
-3271.604938   185.185185  0.00011592685226150327
-3271.604938   308.641975  0.00011510037011754937
-3271.604938   432.098765  0.00011410376218583506
-3271.604938   555.555556  0.00011350941590211278
-3271.604938   679.012346  0.00011322128874004106
-3271.604938   802.469136  0.00011385498064053446
-3271.604938   925.925926  0.00011417477448712776
-3271.604938  1049.382716  0.00011525031275405429
-3271.604938  1172.839506  0.00011393772952613155
-3271.604938  1296.296296  0.00011438099089736080
-3271.604938  1419.753086  0.00011230943612344660
-3271.604938  1543.209877  0.00011214742516052911
-3271.604938  1666.666667  0.00011116754469584880
-3271.604938  1790.123457  0.00011069217042058197
-3271.604938  1913.580247  0.00011137706383001693
-3271.604938  2037.037037  0.00011388665386760488
-3271.604938  2160.493827  0.00011442276424588935
-3271.604938  2283.950617  0.00011221414722232261
-3271.604938  2407.407407  0.00010366208972661191
-3271.604938  2530.864198  0.00011279366790194887
-3271.604938  2654.320988  0.00011775742581359808
-3271.604938  2777.777778  0.00011083278355248342
-3271.604938  2901.234568  0.00010477709354683886
-3271.604938  3024.691358  0.00010270083013816890
-3271.604938  3148.148148  0.00010420285249312675
-3271.604938  3271.604938  0.00010764510637278916
-3271.604938  3395.061728  0.00011057658941875985
-3271.604938  3518.518519  0.00011357483976650705
-3271.604938  3641.975309  0.00011341645536606492
-3271.604938  3765.432099  0.00011024456765864581
-3271.604938  3888.888889  0.00010566767037258988
-3271.604938  4012.345679  0.00010116787912431588
-3271.604938  4135.802469  0.00009852337700196568
-3271.604938  4259.259259  0.00009867594725211323
-3271.604938  4382.716049  0.00010368230851572059
-3271.604938  4506.172840  0.00011213000574886178
-3271.604938  4629.629630  0.00011880693464090608
-3271.604938  4753.086420  0.00011377506859204453
-3271.604938  4876.543210  0.00008118372038026457

-3148.148148 -5000.000000  0.00000386480952805630
-3148.148148 -4876.543210  0.00007707885807567458
-3148.148148 -4753.086420  0.00010400135261165286
-3148.148148 -4629.629630  0.00010804332259702525
-3148.148148 -4506.172840  0.00010280235990783464
-3148.148148 -4382.716049  0.00009634546687798611
-3148.148148 -4259.259259  0.00009239198285566903
-3148.148148 -4135.802469  0.00009198841762861771
-3148.148148 -4012.345679  0.00009401232211747921
-3148.148148 -3888.888889  0.00009817460052177064
-3148.148148 -3765.432099  0.00010168217826697405
-3148.148148 -3641.975309  0.00010477032936340798
-3148.148148 -3518.518519  0.00010497834203933893
-3148.148148 -3395.061728  0.00010259707214970553
-3148.148148 -3271.604938  0.00010046453314884439
-3148.148148 -3148.148148  0.00009761467446401937
-3148.148148 -3024.691358  0.00009607193764336490
-3148.148148 -2901.234568  0.00009749534520564710
-3148.148148 -2777.777778  0.00010272283534774642
-3148.148148 -2654.320988  0.00010941436052288091
-3148.148148 -2530.864198  0.00010578278437013324
-3148.148148 -2407.407407  0.00009615328402847407
-3148.148148 -2283.950617  0.00010438255440975190
-3148.148148 -2160.493827  0.00010678285656743025
-3148.148148 -2037.037037  0.00010631153683214211
-3148.148148 -1913.580247  0.00010380977703279472
-3148.148148 -1790.123457  0.00010312346092190251
-3148.148148 -1666.666667  0.00010369296248649859
-3148.148148 -1543.209877  0.00010476406456851548
-3148.148148 -1419.753086  0.00010491430971710734
-3148.148148 -1296.296296  0.00010689375009753389
-3148.148148 -1172.839506  0.00010661491140699211
-3148.148148 -1049.382716  0.00010787845722802580
-3148.148148  -925.925926  0.00010690776282940923
-3148.148148  -802.469136  0.00010662064136110959
-3148.148148  -679.012346  0.00010603070849507940
-3148.148148  -555.555556  0.00010631991034844108
-3148.148148  -432.098765  0.00010692232315939099
-3148.148148  -308.641975  0.00010791315912578232
-3148.148148  -185.185185  0.00010871557458203862
-3148.148148   -61.728395  0.00010736598797101735
-3148.148148    61.728395  0.00010736598797094010
-3148.148148   185.185185  0.00010871557458173289
-3148.148148   308.641975  0.00010791315912531734
-3148.148148   432.098765  0.00010692232315881662
-3148.148148   555.555556  0.00010631991034775970
-3148.148148   679.012346  0.00010603070849425473
-3148.148148   802.469136  0.00010662064136008281
-3148.148148   925.925926  0.00010690776282817012
-3148.148148  1049.382716  0.00010787845722658578
-3148.148148  1172.839506  0.00010661491140541330
-3148.148148  1296.296296  0.00010689375009580679
-3148.148148  1419.753086  0.00010491430971527864
-3148.148148  1543.209877  0.00010476406456653848
-3148.148148  1666.666667  0.00010369296248442377
-3148.148148  1790.123457  0.00010312346091969840
-3148.148148  1913.580247  0.00010380977703037953
-3148.148148  2037.037037  0.00010631153682942985
-3148.148148  2160.493827  0.00010678285656452165
-3148.148148  2283.950617  0.00010438255440683388
-3148.148148  2407.407407  0.00009615328402582482
-3148.148148  2530.864198  0.00010578278436686562
-3148.148148  2654.320988  0.00010941436051921834
-3148.148148  2777.777778  0.00010272283534433693
-3148.148148  2901.234568  0.00009749534520240964
-3148.148148  3024.691358  0.00009607193764005510
-3148.148148  3148.148148  0.00009761467446045888
-3148.148148  3271.604938  0.00010046453314496115
-3148.148148  3395.061728  0.00010259707214553975
-3148.148148  3518.518519  0.00010497834203489154
-3148.148148  3641.975309  0.00010477032935881781
-3148.148148  3765.432099  0.00010168217826243114
-3148.148148  3888.888889  0.00009817460051732388
-3148.148148  4012.345679  0.00009401232211313362
-3148.148148  4135.802469  0.00009198841762427628
-3148.148148  4259.259259  0.00009239198285118008
-3148.148148  4382.716049  0.00009634546687311309
-3148.148148  4506.172840  0.00010280235990241111
-3148.148148  4629.629630  0.00010804332259113785
-3148.148148  4753.086420  0.00010400135260589871
-3148.148148  4876.543210  0.00007707885807145215

-3024.691358 -5000.000000  0.00000179511551645453
-3024.691358 -4876.543210  0.00007053575217368124
-3024.691358 -4753.086420  0.00009767214983673214
-3024.691358 -4629.629630  0.00010214680568231909
-3024.691358 -4506.172840  0.00009698705579355856
-3024.691358 -4382.716049  0.00009036239089811843
-3024.691358 -4259.259259  0.00008642093433676176
-3024.691358 -4135.802469  0.00008631272046980607
-3024.691358 -4012.345679  0.00008853119845958801
-3024.691358 -3888.888889  0.00009246952322885798
-3024.691358 -3765.432099  0.00009622771389571782
-3024.691358 -3641.975309  0.00009938991930786056
-3024.691358 -3518.518519  0.00009954420642561700
-3024.691358 -3395.061728  0.00009723933552389858
-3024.691358 -3271.604938  0.00009515193736912298
-3024.691358 -3148.148148  0.00009236139383550306
-3024.691358 -3024.691358  0.00009085944998533950
-3024.691358 -2901.234568  0.00009234777219636713
-3024.691358 -2777.777778  0.00009767107680067715
-3024.691358 -2654.320988  0.00010432175895362998
-3024.691358 -2530.864198  0.00010015488494527769
-3024.691358 -2407.407407  0.00008995878998703757
-3024.691358 -2283.950617  0.00009770902016685589
-3024.691358 -2160.493827  0.00010013387410978740
-3024.691358 -2037.037037  0.00009974782808511921
-3024.691358 -1913.580247  0.00009738636882039117
-3024.691358 -1790.123457  0.00009676590542608194
-3024.691358 -1666.666667  0.00009739506132114322
-3024.691358 -1543.209877  0.00009850076018776866
-3024.691358 -1419.753086  0.00009866503241323410
-3024.691358 -1296.296296  0.00010056448636268882
-3024.691358 -1172.839506  0.00010038726746205482
-3024.691358 -1049.382716  0.00010162060018992392
-3024.691358  -925.925926  0.00010076313032175658
-3024.691358  -802.469136  0.00010053948623083353
-3024.691358  -679.012346  0.00010002110482300830
-3024.691358  -555.555556  0.00010032454249783600
-3024.691358  -432.098765  0.00010092225057154463
-3024.691358  -308.641975  0.00010188341774275318
-3024.691358  -185.185185  0.00010265600008928813
-3024.691358   -61.728395  0.00010137621905159234
-3024.691358    61.728395  0.00010137621905151275
-3024.691358   185.185185  0.00010265600008897699
-3024.691358   308.641975  0.00010188341774227845
-3024.691358   432.098765  0.00010092225057095459
-3024.691358   555.555556  0.00010032454249713226
-3024.691358   679.012346  0.00010002110482215574
-3024.691358   802.469136  0.00010053948622977517
-3024.691358   925.925926  0.00010076313032048362
-3024.691358  1049.382716  0.00010162060018844713
-3024.691358  1172.839506  0.00010038726746043628
-3024.691358  1296.296296  0.00010056448636091886
-3024.691358  1419.753086  0.00009866503241135838
-3024.691358  1543.209877  0.00009850076018574009
-3024.691358  1666.666667  0.00009739506131901411
-3024.691358  1790.123457  0.00009676590542382290
-3024.691358  1913.580247  0.00009738636881792051
-3024.691358  2037.037037  0.00009974782808235086
-3024.691358  2160.493827  0.00010013387410682269
-3024.691358  2283.950617  0.00009770902016388025
-3024.691358  2407.407407  0.00008995878998431708
-3024.691358  2530.864198  0.00010015488494189024
-3024.691358  2654.320988  0.00010432175894982674
-3024.691358  2777.777778  0.00009767107679712932
-3024.691358  2901.234568  0.00009234777219299373
-3024.691358  3024.691358  0.00009085944998189154
-3024.691358  3148.148148  0.00009236139383179963
-3024.691358  3271.604938  0.00009515193736509209
-3024.691358  3395.061728  0.00009723933551958218
-3024.691358  3518.518519  0.00009954420642101553
-3024.691358  3641.975309  0.00009938991930311366
-3024.691358  3765.432099  0.00009622771389102830
-3024.691358  3888.888889  0.00009246952322426719
-3024.691358  4012.345679  0.00008853119845510215
-3024.691358  4135.802469  0.00008631272046532752
-3024.691358  4259.259259  0.00008642093433213723
-3024.691358  4382.716049  0.00009036239089310891
-3024.691358  4506.172840  0.00009698705578799564
-3024.691358  4629.629630  0.00010214680567629119
-3024.691358  4753.086420  0.00009767214983084869
-3024.691358  4876.543210  0.00007053575216935978

-2901.234568 -5000.000000  -0.00000416069818151522
-2901.234568 -4876.543210  0.00006655521059780520
-2901.234568 -4753.086420  0.00009936532563550291
-2901.234568 -4629.629630  0.00010532736858938920
-2901.234568 -4506.172840  0.00009893201615163875
-2901.234568 -4382.716049  0.00009026230937375593
-2901.234568 -4259.259259  0.00008540834475738520
-2901.234568 -4135.802469  0.00008598730475579496
-2901.234568 -4012.345679  0.00008907457942980657
-2901.234568 -3888.888889  0.00009309554983722957
-2901.234568 -3765.432099  0.00009816774589740131
-2901.234568 -3641.975309  0.00010102827872943710
-2901.234568 -3518.518519  0.00010116092600827191
-2901.234568 -3395.061728  0.00009834904481262977
-2901.234568 -3271.604938  0.00009556696808396016
-2901.234568 -3148.148148  0.00009234155346105390
-2901.234568 -3024.691358  0.00009108059267963859
-2901.234568 -2901.234568  0.00009337571280758744
-2901.234568 -2777.777778  0.00009952429122540908
-2901.234568 -2654.320988  0.00010608931132515555
-2901.234568 -2530.864198  0.00010004925120083816
-2901.234568 -2407.407407  0.00009042895660868058
-2901.234568 -2283.950617  0.00009767240538380927
-2901.234568 -2160.493827  0.00009982585028181593
-2901.234568 -2037.037037  0.00009954603146135488
-2901.234568 -1913.580247  0.00009751366956743984
-2901.234568 -1790.123457  0.00009707561793342051
-2901.234568 -1666.666667  0.00009769787936289951
-2901.234568 -1543.209877  0.00009874075524845421
-2901.234568 -1419.753086  0.00009897459547542031
-2901.234568 -1296.296296  0.00010089680714999749
-2901.234568 -1172.839506  0.00010067419209821177
-2901.234568 -1049.382716  0.00010197208154068431
-2901.234568  -925.925926  0.00010120182153217658
-2901.234568  -802.469136  0.00010108596620738879
-2901.234568  -679.012346  0.00010066467100374062
-2901.234568  -555.555556  0.00010101091348473472
-2901.234568  -432.098765  0.00010158162450200245
-2901.234568  -308.641975  0.00010247015670967129
-2901.234568  -185.185185  0.00010320152709461956
-2901.234568   -61.728395  0.00010204682884964882
-2901.234568    61.728395  0.00010204682884956380
-2901.234568   185.185185  0.00010320152709429440
-2901.234568   308.641975  0.00010247015670917106
-2901.234568   432.098765  0.00010158162450137238
-2901.234568   555.555556  0.00010101091348397674
-2901.234568   679.012346  0.00010066467100282119
-2901.234568   802.469136  0.00010108596620625327
-2901.234568   925.925926  0.00010120182153081807
-2901.234568  1049.382716  0.00010197208153911317
-2901.234568  1172.839506  0.00010067419209649105
-2901.234568  1296.296296  0.00010089680714811293
-2901.234568  1419.753086  0.00009897459547342272
-2901.234568  1543.209877  0.00009874075524629517
-2901.234568  1666.666667  0.00009769787936062891
-2901.234568  1790.123457  0.00009707561793100987
-2901.234568  1913.580247  0.00009751366956481295
-2901.234568  2037.037037  0.00009954603145842748
-2901.234568  2160.493827  0.00009982585027868621
-2901.234568  2283.950617  0.00009767240538065162
-2901.234568  2407.407407  0.00009042895660575747
-2901.234568  2530.864198  0.00010004925119723034
-2901.234568  2654.320988  0.00010608931132106117
-2901.234568  2777.777778  0.00009952429122156840
-2901.234568  2901.234568  0.00009337571280394232
-2901.234568  3024.691358  0.00009108059267593300
-2901.234568  3148.148148  0.00009234155345708577
-2901.234568  3271.604938  0.00009556696807963706
-2901.234568  3395.061728  0.00009834904480798820
-2901.234568  3518.518519  0.00010116092600331801
-2901.234568  3641.975309  0.00010102827872433167
-2901.234568  3765.432099  0.00009816774589234586
-2901.234568  3888.888889  0.00009309554983230599
-2901.234568  4012.345679  0.00008907457942499702
-2901.234568  4135.802469  0.00008598730475101193
-2901.234568  4259.259259  0.00008540834475246328
-2901.234568  4382.716049  0.00009026230936841029
-2901.234568  4506.172840  0.00009893201614566780
-2901.234568  4629.629630  0.00010532736858290151
-2901.234568  4753.086420  0.00009936532562919826
-2901.234568  4876.543210  0.00006655521059327108

-2777.777778 -5000.000000  -0.00000835539597345880
-2777.777778 -4876.543210  0.00007034888165773254
-2777.777778 -4753.086420  0.00010953088212135187
-2777.777778 -4629.629630  0.00011671517619925398
-2777.777778 -4506.172840  0.00010881892619280396
-2777.777778 -4382.716049  0.00009805692841282943
-2777.777778 -4259.259259  0.00009224036236266912
-2777.777778 -4135.802469  0.00009336158119574987
-2777.777778 -4012.345679  0.00009730817334636570
-2777.777778 -3888.888889  0.00010175153575572380
-2777.777778 -3765.432099  0.00010814645296704573
-2777.777778 -3641.975309  0.00011070853265488840
-2777.777778 -3518.518519  0.00011096858085466043
-2777.777778 -3395.061728  0.00010746655473183782
-2777.777778 -3271.604938  0.00010374900270089091
-2777.777778 -3148.148148  0.00010001312980329902
-2777.777778 -3024.691358  0.00009920489689004203
-2777.777778 -2901.234568  0.00010256402131890191
-2777.777778 -2777.777778  0.00010948959342256343
-2777.777778 -2654.320988  0.00011563691739124462
-2777.777778 -2530.864198  0.00010812551046865560
-2777.777778 -2407.407407  0.00010125395466912881
-2777.777778 -2283.950617  0.00010824385914467462
-2777.777778 -2160.493827  0.00010987524436930820
-2777.777778 -2037.037037  0.00010970274490657692
-2777.777778 -1913.580247  0.00010812150032882742
-2777.777778 -1790.123457  0.00010796748049743789
-2777.777778 -1666.666667  0.00010852432927650364
-2777.777778 -1543.209877  0.00010942995788233236
-2777.777778 -1419.753086  0.00010980204504862254
-2777.777778 -1296.296296  0.00011193009459646575
-2777.777778 -1172.839506  0.00011152917361302064
-2777.777778 -1049.382716  0.00011304369094950550
-2777.777778  -925.925926  0.00011230705625252104
-2777.777778  -802.469136  0.00011233974108838143
-2777.777778  -679.012346  0.00011203149719103250
-2777.777778  -555.555556  0.00011247144554382731
-2777.777778  -432.098765  0.00011302175985275617
-2777.777778  -308.641975  0.00011382828521069375
-2777.777778  -185.185185  0.00011453178323889250
-2777.777778   -61.728395  0.00011353431819199009
-2777.777778    61.728395  0.00011353431819189670
-2777.777778   185.185185  0.00011453178323854076
-2777.777778   308.641975  0.00011382828521014559
-2777.777778   432.098765  0.00011302175985205691
-2777.777778   555.555556  0.00011247144554298005
-2777.777778   679.012346  0.00011203149719000627
-2777.777778   802.469136  0.00011233974108712139
-2777.777778   925.925926  0.00011230705625102117
-2777.777778  1049.382716  0.00011304369094777586
-2777.777778  1172.839506  0.00011152917361112904
-2777.777778  1296.296296  0.00011193009459438995
-2777.777778  1419.753086  0.00010980204504642337
-2777.777778  1543.209877  0.00010942995787996115
-2777.777778  1666.666667  0.00010852432927400144
-2777.777778  1790.123457  0.00010796748049477672
-2777.777778  1913.580247  0.00010812150032593828
-2777.777778  2037.037037  0.00010970274490337961
-2777.777778  2160.493827  0.00010987524436589276
-2777.777778  2283.950617  0.00010824385914120342
-2777.777778  2407.407407  0.00010125395466588149
-2777.777778  2530.864198  0.00010812551046479009
-2777.777778  2654.320988  0.00011563691738681859
-2777.777778  2777.777778  0.00010948959341837601
-2777.777778  2901.234568  0.00010256402131493237
-2777.777778  3024.691358  0.00009920489688603515
-2777.777778  3148.148148  0.00010001312979902765
-2777.777778  3271.604938  0.00010374900269623028
-2777.777778  3395.061728  0.00010746655472681337
-2777.777778  3518.518519  0.00011096858084928783
-2777.777778  3641.975309  0.00011070853264935818
-2777.777778  3765.432099  0.00010814645296154984
-2777.777778  3888.888889  0.00010175153575040299
-2777.777778  4012.345679  0.00009730817334116949
-2777.777778  4135.802469  0.00009336158119060358
-2777.777778  4259.259259  0.00009224036235739269
-2777.777778  4382.716049  0.00009805692840708083
-2777.777778  4506.172840  0.00010881892618633784
-2777.777778  4629.629630  0.00011671517619220260
-2777.777778  4753.086420  0.00010953088211452642
-2777.777778  4876.543210  0.00007034888165293494

-2654.320988 -5000.000000  -0.00000412442294310899
-2654.320988 -4876.543210  0.00008076289583969715
-2654.320988 -4753.086420  0.00011890442591502617
-2654.320988 -4629.629630  0.00012535077865059770
-2654.320988 -4506.172840  0.00011759703415099488
-2654.320988 -4382.716049  0.00010752776109846727
-2654.320988 -4259.259259  0.00010207354746623728
-2654.320988 -4135.802469  0.00010293052428190088
-2654.320988 -4012.345679  0.00010667612467035548
-2654.320988 -3888.888889  0.00011151845742862678
-2654.320988 -3765.432099  0.00011757691066595877
-2654.320988 -3641.975309  0.00012023001912635459
-2654.320988 -3518.518519  0.00012074056715275887
-2654.320988 -3395.061728  0.00011719097906517298
-2654.320988 -3271.604938  0.00011338645515198502
-2654.320988 -3148.148148  0.00010978321142038554
-2654.320988 -3024.691358  0.00010935187084646255
-2654.320988 -2901.234568  0.00011293720330985293
-2654.320988 -2777.777778  0.00011949692178693145
-2654.320988 -2654.320988  0.00012494670463483338
-2654.320988 -2530.864198  0.00011837938556780967
-2654.320988 -2407.407407  0.00011500662232913858
-2654.320988 -2283.950617  0.00012207233021208720
-2654.320988 -2160.493827  0.00012330369478961593
-2654.320988 -2037.037037  0.00012321306037588864
-2654.320988 -1913.580247  0.00012195293072478884
-2654.320988 -1790.123457  0.00012203959067962960
-2654.320988 -1666.666667  0.00012256054128208216
-2654.320988 -1543.209877  0.00012338315060244631
-2654.320988 -1419.753086  0.00012389384496681632
-2654.320988 -1296.296296  0.00012629941760569090
-2654.320988 -1172.839506  0.00012573465423871134
-2654.320988 -1049.382716  0.00012751909762662462
-2654.320988  -925.925926  0.00012680036105598756
-2654.320988  -802.469136  0.00012699244194423981
-2654.320988  -679.012346  0.00012680779500702825
-2654.320988  -555.555556  0.00012739585553943260
-2654.320988  -432.098765  0.00012800489602473965
-2654.320988  -308.641975  0.00012882671673826066
-2654.320988  -185.185185  0.00012958031426892657
-2654.320988   -61.728395  0.00012870686616771681
-2654.320988    61.728395  0.00012870686616761698
-2654.320988   185.185185  0.00012958031426854857
-2654.320988   308.641975  0.00012882671673766701
-2654.320988   432.098765  0.00012800489602397949
-2654.320988   555.555556  0.00012739585553851125
-2654.320988   679.012346  0.00012680779500591507
-2654.320988   802.469136  0.00012699244194287778
-2654.320988   925.925926  0.00012680036105437004
-2654.320988  1049.382716  0.00012751909762476112
-2654.320988  1172.839506  0.00012573465423667586
-2654.320988  1296.296296  0.00012629941760345636
-2654.320988  1419.753086  0.00012389384496445211
-2654.320988  1543.209877  0.00012338315059990271
-2654.320988  1666.666667  0.00012256054127939445
-2654.320988  1790.123457  0.00012203959067676835
-2654.320988  1913.580247  0.00012195293072168770
-2654.320988  2037.037037  0.00012321306037246845
-2654.320988  2160.493827  0.00012330369478596149
-2654.320988  2283.950617  0.00012207233020836101
-2654.320988  2407.407407  0.00011500662232564900
-2654.320988  2530.864198  0.00011837938556382120
-2654.320988  2654.320988  0.00012494670463028022
-2654.320988  2777.777778  0.00011949692178259690
-2654.320988  2901.234568  0.00011293720330573205
-2654.320988  3024.691358  0.00010935187084231215
-2654.320988  3148.148148  0.00010978321141597727
-2654.320988  3271.604938  0.00011338645514718233
-2654.320988  3395.061728  0.00011719097905999423
-2654.320988  3518.518519  0.00012074056714722270
-2654.320988  3641.975309  0.00012023001912066147
-2654.320988  3765.432099  0.00011757691066029718
-2654.320988  3888.888889  0.00011151845742314721
-2654.320988  4012.345679  0.00010667612466500378
-2654.320988  4135.802469  0.00010293052427660271
-2654.320988  4259.259259  0.00010207354746081137
-2654.320988  4382.716049  0.00010752776109256723
-2654.320988  4506.172840  0.00011759703414437000
-2654.320988  4629.629630  0.00012535077864337901
-2654.320988  4753.086420  0.00011890442590803911
-2654.320988  4876.543210  0.00008076289583477383

-2530.864198 -5000.000000  0.00000909537876799882
-2530.864198 -4876.543210  0.00007797320765596539
-2530.864198 -4753.086420  0.00010046937917534827
-2530.864198 -4629.629630  0.00010382657693497538
-2530.864198 -4506.172840  0.00009981242367153367
-2530.864198 -4382.716049  0.00009521056142210107
-2530.864198 -4259.259259  0.00009244880336791208
-2530.864198 -4135.802469  0.00009212075482704293
-2530.864198 -4012.345679  0.00009388434026378318
-2530.864198 -3888.888889  0.00009798798511315126
-2530.864198 -3765.432099  0.00010077028394974959
-2530.864198 -3641.975309  0.00010367986149748538
-2530.864198 -3518.518519  0.00010411732536843724
-2530.864198 -3395.061728  0.00010222493522256972
-2530.864198 -3271.604938  0.00010066294951240562
-2530.864198 -3148.148148  0.00009849876020277198
-2530.864198 -3024.691358  0.00009747596988096876
-2530.864198 -2901.234568  0.00009889206350812676
-2530.864198 -2777.777778  0.00010339815449075453
-2530.864198 -2654.320988  0.00010907006198241540
-2530.864198 -2530.864198  0.00010605045455977882
-2530.864198 -2407.407407  0.00009996452558359015
-2530.864198 -2283.950617  0.00010697881965750122
-2530.864198 -2160.493827  0.00010892992543304718
-2530.864198 -2037.037037  0.00010885140122222277
-2530.864198 -1913.580247  0.00010722721615826041
-2530.864198 -1790.123457  0.00010711783020248697
-2530.864198 -1666.666667  0.00010787239355742772
-2530.864198 -1543.209877  0.00010899384821152583
-2530.864198 -1419.753086  0.00010942859713137992
-2530.864198 -1296.296296  0.00011165543092582783
-2530.864198 -1172.839506  0.00011149137130267638
-2530.864198 -1049.382716  0.00011315134648174545
-2530.864198  -925.925926  0.00011264042797699558
-2530.864198  -802.469136  0.00011294091155447341
-2530.864198  -679.012346  0.00011293921757460570
-2530.864198  -555.555556  0.00011372476371338107
-2530.864198  -432.098765  0.00011467048558749428
-2530.864198  -308.641975  0.00011590034330393881
-2530.864198  -185.185185  0.00011696565356449120
-2530.864198   -61.728395  0.00011605341745650932
-2530.864198    61.728395  0.00011605341745641309
-2530.864198   185.185185  0.00011696565356413006
-2530.864198   308.641975  0.00011590034330338553
-2530.864198   432.098765  0.00011467048558679785
-2530.864198   555.555556  0.00011372476371254206
-2530.864198   679.012346  0.00011293921757358774
-2530.864198   802.469136  0.00011294091155321835
-2530.864198   925.925926  0.00011264042797549740
-2530.864198  1049.382716  0.00011315134648001761
-2530.864198  1172.839506  0.00011149137130078823
-2530.864198  1296.296296  0.00011165543092376655
-2530.864198  1419.753086  0.00010942859712919972
-2530.864198  1543.209877  0.00010899384820917677
-2530.864198  1666.666667  0.00010787239355496181
-2530.864198  1790.123457  0.00010711783019987132
-2530.864198  1913.580247  0.00010722721615540993
-2530.864198  2037.037037  0.00010885140121904962
-2530.864198  2160.493827  0.00010892992542965537
-2530.864198  2283.950617  0.00010697881965408822
-2530.864198  2407.407407  0.00009996452558044628
-2530.864198  2530.864198  0.00010605045455603884
-2530.864198  2654.320988  0.00010907006197823339
-2530.864198  2777.777778  0.00010339815448682490
-2530.864198  2901.234568  0.00009889206350436423
-2530.864198  3024.691358  0.00009747596987712093
-2530.864198  3148.148148  0.00009849876019866201
-2530.864198  3271.604938  0.00010066294950796939
-2530.864198  3395.061728  0.00010222493521785436
-2530.864198  3518.518519  0.00010411732536343626
-2530.864198  3641.975309  0.00010367986149233463
-2530.864198  3765.432099  0.00010077028394465684
-2530.864198  3888.888889  0.00009798798510814538
-2530.864198  4012.345679  0.00009388434025888804
-2530.864198  4135.802469  0.00009212075482215341
-2530.864198  4259.259259  0.00009244880336288069
-2530.864198  4382.716049  0.00009521056141671008
-2530.864198  4506.172840  0.00009981242366562678
-2530.864198  4629.629630  0.00010382657692863351
-2530.864198  4753.086420  0.00010046937916916752
-2530.864198  4876.543210  0.00007797320765133008

-2407.407407 -5000.000000  -0.00000414277551011615
-2407.407407 -4876.543210  0.00005305146853899995
-2407.407407 -4753.086420  0.00008350962183864445
-2407.407407 -4629.629630  0.00009041705396559543
-2407.407407 -4506.172840  0.00008527207950296379
-2407.407407 -4382.716049  0.00007734047201655621
-2407.407407 -4259.259259  0.00007288511539991936
-2407.407407 -4135.802469  0.00007365556409513552
-2407.407407 -4012.345679  0.00007665370273818097
-2407.407407 -3888.888889  0.00008002020857141805
-2407.407407 -3765.432099  0.00008474992583475395
-2407.407407 -3641.975309  0.00008867009445183011
-2407.407407 -3518.518519  0.00008840406545124329
-2407.407407 -3395.061728  0.00008642602987532795
-2407.407407 -3271.604938  0.00008478334120815745
-2407.407407 -3148.148148  0.00008181590047462313
-2407.407407 -3024.691358  0.00007951199739089025
-2407.407407 -2901.234568  0.00008061420642427482
-2407.407407 -2777.777778  0.00008725813326840610
-2407.407407 -2654.320988  0.00009619084304215376
-2407.407407 -2530.864198  0.00008984178760127493
-2407.407407 -2407.407407  0.00007675876796015639
-2407.407407 -2283.950617  0.00008525446611648770
-2407.407407 -2160.493827  0.00008951961536679477
-2407.407407 -2037.037037  0.00008913110702077223
-2407.407407 -1913.580247  0.00008619751582892153
-2407.407407 -1790.123457  0.00008525991059061434
-2407.407407 -1666.666667  0.00008654022261096464
-2407.407407 -1543.209877  0.00008851140589167588
-2407.407407 -1419.753086  0.00008886082677523812
-2407.407407 -1296.296296  0.00009089561496410998
-2407.407407 -1172.839506  0.00009175337749917850
-2407.407407 -1049.382716  0.00009311654667839966
-2407.407407  -925.925926  0.00009263247410184179
-2407.407407  -802.469136  0.00009250056046303571
-2407.407407  -679.012346  0.00009202094945693732
-2407.407407  -555.555556  0.00009234330317027988
-2407.407407  -432.098765  0.00009310942792719553
-2407.407407  -308.641975  0.00009428751057704389
-2407.407407  -185.185185  0.00009511504083511448
-2407.407407   -61.728395  0.00009349671490225887
-2407.407407    61.728395  0.00009349671490211903
-2407.407407   185.185185  0.00009511504083468050
-2407.407407   308.641975  0.00009428751057642066
-2407.407407   432.098765  0.00009310942792642013
-2407.407407   555.555556  0.00009234330316933684
-2407.407407   679.012346  0.00009202094945578190
-2407.407407   802.469136  0.00009250056046161197
-2407.407407   925.925926  0.00009263247410015313
-2407.407407  1049.382716  0.00009311654667646177
-2407.407407  1172.839506  0.00009175337749705669
-2407.407407  1296.296296  0.00009089561496182122
-2407.407407  1419.753086  0.00008886082677281435
-2407.407407  1543.209877  0.00008851140588906026
-2407.407407  1666.666667  0.00008654022260823810
-2407.407407  1790.123457  0.00008525991058773487
-2407.407407  1913.580247  0.00008619751582576718
-2407.407407  2037.037037  0.00008913110701723424
-2407.407407  2160.493827  0.00008951961536301702
-2407.407407  2283.950617  0.00008525446611274007
-2407.407407  2407.407407  0.00007675876795672672
-2407.407407  2530.864198  0.00008984178759692063
-2407.407407  2654.320988  0.00009619084303718063
-2407.407407  2777.777778  0.00008725813326378440
-2407.407407  2901.234568  0.00008061420641989676
-2407.407407  3024.691358  0.00007951199738641760
-2407.407407  3148.148148  0.00008181590046982739
-2407.407407  3271.604938  0.00008478334120296691
-2407.407407  3395.061728  0.00008642602986980848
-2407.407407  3518.518519  0.00008840406544538517
-2407.407407  3641.975309  0.00008867009444578449
-2407.407407  3765.432099  0.00008474992582879748
-2407.407407  3888.888889  0.00008002020856559990
-2407.407407  4012.345679  0.00007665370273248913
-2407.407407  4135.802469  0.00007365556408947646
-2407.407407  4259.259259  0.00007288511539411382
-2407.407407  4382.716049  0.00007734047201029890
-2407.407407  4506.172840  0.00008527207949603902
-2407.407407  4629.629630  0.00009041705395813455
-2407.407407  4753.086420  0.00008350962183144356
-2407.407407  4876.543210  0.00005305146853378100

-2283.950617 -5000.000000  0.00000088539008210987
-2283.950617 -4876.543210  0.00006386806054200186
-2283.950617 -4753.086420  0.00009191933650465011
-2283.950617 -4629.629630  0.00009779963600821031
-2283.950617 -4506.172840  0.00009317664393865980
-2283.950617 -4382.716049  0.00008644481640763366
-2283.950617 -4259.259259  0.00008248251048736619
-2283.950617 -4135.802469  0.00008269928999757249
-2283.950617 -4012.345679  0.00008521428448547854
-2283.950617 -3888.888889  0.00008896391514690511
-2283.950617 -3765.432099  0.00009286097078838763
-2283.950617 -3641.975309  0.00009696345014893069
-2283.950617 -3518.518519  0.00009675872665009704
-2283.950617 -3395.061728  0.00009494650309554046
-2283.950617 -3271.604938  0.00009362917675073115
-2283.950617 -3148.148148  0.00009085244306286148
-2283.950617 -3024.691358  0.00008846451865295155
-2283.950617 -2901.234568  0.00008924150957365998
-2283.950617 -2777.777778  0.00009561256505611433
-2283.950617 -2654.320988  0.00010471569907941866
-2283.950617 -2530.864198  0.00009916190940720850
-2283.950617 -2407.407407  0.00008769177588503736
-2283.950617 -2283.950617  0.00009681377206844071
-2283.950617 -2160.493827  0.00010139705047965704
-2283.950617 -2037.037037  0.00010098234609250283
-2283.950617 -1913.580247  0.00009792501740355923
-2283.950617 -1790.123457  0.00009696449422537769
-2283.950617 -1666.666667  0.00009836748302185689
-2283.950617 -1543.209877  0.00010052213994084935
-2283.950617 -1419.753086  0.00010097492570659037
-2283.950617 -1296.296296  0.00010330489136427652
-2283.950617 -1172.839506  0.00010417334450457674
-2283.950617 -1049.382716  0.00010579462354971330
-2283.950617  -925.925926  0.00010533649701790331
-2283.950617  -802.469136  0.00010527575689798621
-2283.950617  -679.012346  0.00010478596505365672
-2283.950617  -555.555556  0.00010513156780393363
-2283.950617  -432.098765  0.00010589075759899811
-2283.950617  -308.641975  0.00010705215021999263
-2283.950617  -185.185185  0.00010783572698921995
-2283.950617   -61.728395  0.00010603249527746217
-2283.950617    61.728395  0.00010603249527731156
-2283.950617   185.185185  0.00010783572698874893
-2283.950617   308.641975  0.00010705215021931358
-2283.950617   432.098765  0.00010589075759815075
-2283.950617   555.555556  0.00010513156780290254
-2283.950617   679.012346  0.00010478596505239728
-2283.950617   802.469136  0.00010527575689644009
-2283.950617   925.925926  0.00010533649701607419
-2283.950617  1049.382716  0.00010579462354761786
-2283.950617  1172.839506  0.00010417334450228619
-2283.950617  1296.296296  0.00010330489136180396
-2283.950617  1419.753086  0.00010097492570397686
-2283.950617  1543.209877  0.00010052213993803727
-2283.950617  1666.666667  0.00009836748301892172
-2283.950617  1790.123457  0.00009696449422227593
-2283.950617  1913.580247  0.00009792501740017052
-2283.950617  2037.037037  0.00010098234608871861
-2283.950617  2160.493827  0.00010139705047561709
-2283.950617  2283.950617  0.00009681377206441760
-2283.950617  2407.407407  0.00008769177588134680
-2283.950617  2530.864198  0.00009916190940269878
-2283.950617  2654.320988  0.00010471569907426921
-2283.950617  2777.777778  0.00009561256505130386
-2283.950617  2901.234568  0.00008924150956909567
-2283.950617  3024.691358  0.00008846451864829972
-2283.950617  3148.148148  0.00009085244305788745
-2283.950617  3271.604938  0.00009362917674535074
-2283.950617  3395.061728  0.00009494650308981421
-2283.950617  3518.518519  0.00009675872664401912
-2283.950617  3641.975309  0.00009696345014266328
-2283.950617  3765.432099  0.00009286097078220140
-2283.950617  3888.888889  0.00008896391514086772
-2283.950617  4012.345679  0.00008521428447957048
-2283.950617  4135.802469  0.00008269928999170231
-2283.950617  4259.259259  0.00008248251048134987
-2283.950617  4382.716049  0.00008644481640115118
-2283.950617  4506.172840  0.00009317664393148237
-2283.950617  4629.629630  0.00009779963600047471
-2283.950617  4753.086420  0.00009191933649718753
-2283.950617  4876.543210  0.00006386806053659942

-2160.493827 -5000.000000  0.00000485686941877906
-2160.493827 -4876.543210  0.00006841542120384176
-2160.493827 -4753.086420  0.00009317479872045504
-2160.493827 -4629.629630  0.00009809078755089680
-2160.493827 -4506.172840  0.00009416811222659436
-2160.493827 -4382.716049  0.00008875860964274337
-2160.493827 -4259.259259  0.00008547670588448218
-2160.493827 -4135.802469  0.00008537131069524231
-2160.493827 -4012.345679  0.00008745601855504689
-2160.493827 -3888.888889  0.00009129404369619924
-2160.493827 -3765.432099  0.00009447232147880080
-2160.493827 -3641.975309  0.00009857358513625296
-2160.493827 -3518.518519  0.00009852518979332130
-2160.493827 -3395.061728  0.00009696854552396545
-2160.493827 -3271.604938  0.00009595873793797318
-2160.493827 -3148.148148  0.00009353322539038310
-2160.493827 -3024.691358  0.00009134538556645096
-2160.493827 -2901.234568  0.00009194747471214270
-2160.493827 -2777.777778  0.00009770662238160235
-2160.493827 -2654.320988  0.00010628097190734072
-2160.493827 -2530.864198  0.00010193966351491432
-2160.493827 -2407.407407  0.00009288171880896296
-2160.493827 -2283.950617  0.00010207939073030106
-2160.493827 -2160.493827  0.00010649639640378221
-2160.493827 -2037.037037  0.00010615341589844878
-2160.493827 -1913.580247  0.00010332326127088920
-2160.493827 -1790.123457  0.00010254886083775933
-2160.493827 -1666.666667  0.00010401374350932587
-2160.493827 -1543.209877  0.00010621769362042683
-2160.493827 -1419.753086  0.00010685080730586145
-2160.493827 -1296.296296  0.00010942246823831865
-2160.493827 -1172.839506  0.00011042582084319010
-2160.493827 -1049.382716  0.00011234711093948042
-2160.493827  -925.925926  0.00011214725897296602
-2160.493827  -802.469136  0.00011248048788437588
-2160.493827  -679.012346  0.00011245484598180191
-2160.493827  -555.555556  0.00011334679480304348
-2160.493827  -432.098765  0.00011466450755171123
-2160.493827  -308.641975  0.00011636045935416440
-2160.493827  -185.185185  0.00011758714833331152
-2160.493827   -61.728395  0.00011597643349113534
-2160.493827    61.728395  0.00011597643349098610
-2160.493827   185.185185  0.00011758714833283279
-2160.493827   308.641975  0.00011636045935346759
-2160.493827   432.098765  0.00011466450755083868
-2160.493827   555.555556  0.00011334679480198029
-2160.493827   679.012346  0.00011245484598050224
-2160.493827   802.469136  0.00011248048788277896
-2160.493827   925.925926  0.00011214725897107605
-2160.493827  1049.382716  0.00011234711093731538
-2160.493827  1172.839506  0.00011042582084082564
-2160.493827  1296.296296  0.00010942246823576343
-2160.493827  1419.753086  0.00010685080730316363
-2160.493827  1543.209877  0.00010621769361752888
-2160.493827  1666.666667  0.00010401374350629933
-2160.493827  1790.123457  0.00010254886083456003
-2160.493827  1913.580247  0.00010332326126739909
-2160.493827  2037.037037  0.00010615341589455927
-2160.493827  2160.493827  0.00010649639639963164
-2160.493827  2283.950617  0.00010207939072616159
-2160.493827  2407.407407  0.00009288171880516866
-2160.493827  2530.864198  0.00010193966351037691
-2160.493827  2654.320988  0.00010628097190220644
-2160.493827  2777.777778  0.00009770662237679244
-2160.493827  2901.234568  0.00009194747470755959
-2160.493827  3024.691358  0.00009134538556177466
-2160.493827  3148.148148  0.00009353322538539253
-2160.493827  3271.604938  0.00009595873793259101
-2160.493827  3395.061728  0.00009696854551825322
-2160.493827  3518.518519  0.00009852518978727137
-2160.493827  3641.975309  0.00009857358513002137
-2160.493827  3765.432099  0.00009447232147264917
-2160.493827  3888.888889  0.00009129404369017959
-2160.493827  4012.345679  0.00008745601854915535
-2160.493827  4135.802469  0.00008537131068938159
-2160.493827  4259.259259  0.00008547670587847673
-2160.493827  4382.716049  0.00008875860963630225
-2160.493827  4506.172840  0.00009416811221950707
-2160.493827  4629.629630  0.00009809078754328719
-2160.493827  4753.086420  0.00009317479871310780
-2160.493827  4876.543210  0.00006841542119845106

-2037.037037 -5000.000000  0.00000466401989895800
-2037.037037 -4876.543210  0.00006421621465466989
-2037.037037 -4753.086420  0.00008764441375920873
-2037.037037 -4629.629630  0.00009241144025460380
-2037.037037 -4506.172840  0.00008879062138822819
-2037.037037 -4382.716049  0.00008374704547891777
-2037.037037 -4259.259259  0.00008073293330777428
-2037.037037 -4135.802469  0.00008073505100261667
-2037.037037 -4012.345679  0.00008277230668148811
-2037.037037 -3888.888889  0.00008640991983138311
-2037.037037 -3765.432099  0.00008948175169599791
-2037.037037 -3641.975309  0.00009331293662626886
-2037.037037 -3518.518519  0.00009332923818018701
-2037.037037 -3395.061728  0.00009190295121592771
-2037.037037 -3271.604938  0.00009098641665550223
-2037.037037 -3148.148148  0.00008875688054813002
-2037.037037 -3024.691358  0.00008678272936431991
-2037.037037 -2901.234568  0.00008743736054078241
-2037.037037 -2777.777778  0.00009289906902071366
-2037.037037 -2654.320988  0.00010096048194074809
-2037.037037 -2530.864198  0.00009692867746605711
-2037.037037 -2407.407407  0.00008834434931112110
-2037.037037 -2283.950617  0.00009697836506226108
-2037.037037 -2160.493827  0.00010114748117098709
-2037.037037 -2037.037037  0.00010094620889505049
-2037.037037 -1913.580247  0.00009845205592290197
-2037.037037 -1790.123457  0.00009790758833083870
-2037.037037 -1666.666667  0.00009944823471179126
-2037.037037 -1543.209877  0.00010168195338767674
-2037.037037 -1419.753086  0.00010246289722371737
-2037.037037 -1296.296296  0.00010511179560104798
-2037.037037 -1172.839506  0.00010622948550237958
-2037.037037 -1049.382716  0.00010834920557712501
-2037.037037  -925.925926  0.00010850489161856254
-2037.037037  -802.469136  0.00010925822611409608
-2037.037037  -679.012346  0.00010974819237118520
-2037.037037  -555.555556  0.00011117386552745243
-2037.037037  -432.098765  0.00011302786793906014
-2037.037037  -308.641975  0.00011521578703382669
-2037.037037  -185.185185  0.00011685837525588047
-2037.037037   -61.728395  0.00011559148379019563
-2037.037037    61.728395  0.00011559148379004660
-2037.037037   185.185185  0.00011685837525539738
-2037.037037   308.641975  0.00011521578703311950
-2037.037037   432.098765  0.00011302786793817123
-2037.037037   555.555556  0.00011117386552636826
-2037.037037   679.012346  0.00010974819236986093
-2037.037037   802.469136  0.00010925822611247209
-2037.037037   925.925926  0.00010850489161664334
-2037.037037  1049.382716  0.00010834920557492936
-2037.037037  1172.839506  0.00010622948549998387
-2037.037037  1296.296296  0.00010511179559846046
-2037.037037  1419.753086  0.00010246289722098649
-2037.037037  1543.209877  0.00010168195338474408
-2037.037037  1666.666667  0.00009944823470873061
-2037.037037  1790.123457  0.00009790758832760680
-2037.037037  1913.580247  0.00009845205591938108
-2037.037037  2037.037037  0.00010094620889113209
-2037.037037  2160.493827  0.00010114748116681113
-2037.037037  2283.950617  0.00009697836505809782
-2037.037037  2407.407407  0.00008834434930729733
-2037.037037  2530.864198  0.00009692867746146685
-2037.037037  2654.320988  0.00010096048193558558
-2037.037037  2777.777778  0.00009289906901587448
-2037.037037  2901.234568  0.00008743736053616040
-2037.037037  3024.691358  0.00008678272935959847
-2037.037037  3148.148148  0.00008875688054309654
-2037.037037  3271.604938  0.00009098641665008805
-2037.037037  3395.061728  0.00009190295121019672
-2037.037037  3518.518519  0.00009332923817412879
-2037.037037  3641.975309  0.00009331293662003324
-2037.037037  3765.432099  0.00008948175168984510
-2037.037037  3888.888889  0.00008640991982535078
-2037.037037  4012.345679  0.00008277230667558421
-2037.037037  4135.802469  0.00008073505099673946
-2037.037037  4259.259259  0.00008073293330175433
-2037.037037  4382.716049  0.00008374704547248431
-2037.037037  4506.172840  0.00008879062138118592
-2037.037037  4629.629630  0.00009241144024706875
-2037.037037  4753.086420  0.00008764441375193369
-2037.037037  4876.543210  0.00006421621464928403

-1913.580247 -5000.000000  0.00000190504918333995
-1913.580247 -4876.543210  0.00005579749726969488
-1913.580247 -4753.086420  0.00007953914953065228
-1913.580247 -4629.629630  0.00008473614515337030
-1913.580247 -4506.172840  0.00008108694682795162
-1913.580247 -4382.716049  0.00007570855540047851
-1913.580247 -4259.259259  0.00007263446619018773
-1913.580247 -4135.802469  0.00007298933944196411
-1913.580247 -4012.345679  0.00007524395737019009
-1913.580247 -3888.888889  0.00007856479937786330
-1913.580247 -3765.432099  0.00008196992050170904
-1913.580247 -3641.975309  0.00008558083916683252
-1913.580247 -3518.518519  0.00008559575272473753
-1913.580247 -3395.061728  0.00008419584938497084
-1913.580247 -3271.604938  0.00008321685891136534
-1913.580247 -3148.148148  0.00008103718467826902
-1913.580247 -3024.691358  0.00007923104859619025
-1913.580247 -2901.234568  0.00008007029381105284
-1913.580247 -2777.777778  0.00008552213751544690
-1913.580247 -2654.320988  0.00009324503495885842
-1913.580247 -2530.864198  0.00008893807941064346
-1913.580247 -2407.407407  0.00007992165635922885
-1913.580247 -2283.950617  0.00008787351847100620
-1913.580247 -2160.493827  0.00009187006229837493
-1913.580247 -2037.037037  0.00009182233673078716
-1913.580247 -1913.580247  0.00008964165683008739
-1913.580247 -1790.123457  0.00008930456963067463
-1913.580247 -1666.666667  0.00009094641631126185
-1913.580247 -1543.209877  0.00009324471897110093
-1913.580247 -1419.753086  0.00009417593150467541
-1913.580247 -1296.296296  0.00009686883878425582
-1913.580247 -1172.839506  0.00009823510688191780
-1913.580247 -1049.382716  0.00010051939181697369
-1913.580247  -925.925926  0.00010104014941152412
-1913.580247  -802.469136  0.00010214758818910259
-1913.580247  -679.012346  0.00010304608142406014
-1913.580247  -555.555556  0.00010483239026118458
-1913.580247  -432.098765  0.00010701781309516139
-1913.580247  -308.641975  0.00010947689799031090
-1913.580247  -185.185185  0.00011134573908020485
-1913.580247   -61.728395  0.00011038234786212024
-1913.580247    61.728395  0.00011038234786196292
-1913.580247   185.185185  0.00011134573907969902
-1913.580247   308.641975  0.00010947689798956821
-1913.580247   432.098765  0.00010701781309422511
-1913.580247   555.555556  0.00010483239026004339
-1913.580247   679.012346  0.00010304608142267129
-1913.580247   802.469136  0.00010214758818740839
-1913.580247   925.925926  0.00010104014940953103
-1913.580247  1049.382716  0.00010051939181470102
-1913.580247  1172.839506  0.00009823510687944222
-1913.580247  1296.296296  0.00009686883878158636
-1913.580247  1419.753086  0.00009417593150185865
-1913.580247  1543.209877  0.00009324471896807815
-1913.580247  1666.666667  0.00009094641630811086
-1913.580247  1790.123457  0.00008930456962735320
-1913.580247  1913.580247  0.00008964165682647562
-1913.580247  2037.037037  0.00009182233672677513
-1913.580247  2160.493827  0.00009187006229410623
-1913.580247  2283.950617  0.00008787351846675308
-1913.580247  2407.407407  0.00007992165635530695
-1913.580247  2530.864198  0.00008893807940588320
-1913.580247  2654.320988  0.00009324503495351164
-1913.580247  2777.777778  0.00008552213751043393
-1913.580247  2901.234568  0.00008007029380626259
-1913.580247  3024.691358  0.00007923104859129704
-1913.580247  3148.148148  0.00008103718467305672
-1913.580247  3271.604938  0.00008321685890576626
-1913.580247  3395.061728  0.00008419584937905245
-1913.580247  3518.518519  0.00008559575271848763
-1913.580247  3641.975309  0.00008558083916040266
-1913.580247  3765.432099  0.00008196992049536796
-1913.580247  3888.888889  0.00007856479937164463
-1913.580247  4012.345679  0.00007524395736410422
-1913.580247  4135.802469  0.00007298933943590740
-1913.580247  4259.259259  0.00007263446618398896
-1913.580247  4382.716049  0.00007570855539386543
-1913.580247  4506.172840  0.00008108694682072702
-1913.580247  4629.629630  0.00008473614514565354
-1913.580247  4753.086420  0.00007953914952320947
-1913.580247  4876.543210  0.00005579749726417827

-1790.123457 -5000.000000  0.00000073151300411528
-1790.123457 -4876.543210  0.00005001558617266617
-1790.123457 -4753.086420  0.00007299597101493182
-1790.123457 -4629.629630  0.00007822391470690642
-1790.123457 -4506.172840  0.00007474048094112591
-1790.123457 -4382.716049  0.00006945998990432207
-1790.123457 -4259.259259  0.00006651722857430248
-1790.123457 -4135.802469  0.00006704990855430087
-1790.123457 -4012.345679  0.00006933821930643696
-1790.123457 -3888.888889  0.00007240813200158702
-1790.123457 -3765.432099  0.00007584859157460630
-1790.123457 -3641.975309  0.00007918875786510326
-1790.123457 -3518.518519  0.00007922728624527545
-1790.123457 -3395.061728  0.00007791166821113786
-1790.123457 -3271.604938  0.00007696594558217461
-1790.123457 -3148.148148  0.00007492061473271511
-1790.123457 -3024.691358  0.00007329561643117926
-1790.123457 -2901.234568  0.00007422149038203089
-1790.123457 -2777.777778  0.00007948134669263573
-1790.123457 -2654.320988  0.00008676153927417995
-1790.123457 -2530.864198  0.00008250379004300731
-1790.123457 -2407.407407  0.00007345491097827859
-1790.123457 -2283.950617  0.00008077774732633831
-1790.123457 -2160.493827  0.00008458365990821858
-1790.123457 -2037.037037  0.00008469235326260054
-1790.123457 -1913.580247  0.00008283225722216841
-1790.123457 -1790.123457  0.00008270663576511714
-1790.123457 -1666.666667  0.00008443802527699112
-1790.123457 -1543.209877  0.00008679935598496946
-1790.123457 -1419.753086  0.00008791037838066928
-1790.123457 -1296.296296  0.00009071512879594059
-1790.123457 -1172.839506  0.00009229075213110394
-1790.123457 -1049.382716  0.00009479381105814107
-1790.123457  -925.925926  0.00009566832920005832
-1790.123457  -802.469136  0.00009709116325933381
-1790.123457  -679.012346  0.00009829045836241108
-1790.123457  -555.555556  0.00010026717497375324
-1790.123457  -432.098765  0.00010254605893072071
-1790.123457  -308.641975  0.00010500961378024136
-1790.123457  -185.185185  0.00010687571705583678
-1790.123457   -61.728395  0.00010611246800036313
-1790.123457    61.728395  0.00010611246800019237
-1790.123457   185.185185  0.00010687571705528967
-1790.123457   308.641975  0.00010500961377943468
-1790.123457   432.098765  0.00010254605892970128
-1790.123457   555.555556  0.00010026717497251325
-1790.123457   679.012346  0.00009829045836091152
-1790.123457   802.469136  0.00009709116325751980
-1790.123457   925.925926  0.00009566832919793876
-1790.123457  1049.382716  0.00009479381105573571
-1790.123457  1172.839506  0.00009229075212849254
-1790.123457  1296.296296  0.00009071512879313097
-1790.123457  1419.753086  0.00008791037837770909
-1790.123457  1543.209877  0.00008679935598179839
-1790.123457  1666.666667  0.00008443802527368849
-1790.123457  1790.123457  0.00008270663576164131
-1790.123457  1913.580247  0.00008283225721839888
-1790.123457  2037.037037  0.00008469235325842628
-1790.123457  2160.493827  0.00008458365990378523
-1790.123457  2283.950617  0.00008077774732191700
-1790.123457  2407.407407  0.00007345491097418105
-1790.123457  2530.864198  0.00008250379003803680
-1790.123457  2654.320988  0.00008676153926859246
-1790.123457  2777.777778  0.00007948134668738689
-1790.123457  2901.234568  0.00007422149037701369
-1790.123457  3024.691358  0.00007329561642606130
-1790.123457  3148.148148  0.00007492061472727190
-1790.123457  3271.604938  0.00007696594557633130
-1790.123457  3395.061728  0.00007791166820496217
-1790.123457  3518.518519  0.00007922728623875556
-1790.123457  3641.975309  0.00007918875785839868
-1790.123457  3765.432099  0.00007584859156799088
-1790.123457  3888.888889  0.00007240813199510160
-1790.123457  4012.345679  0.00006933821930009049
-1790.123457  4135.802469  0.00006704990854798872
-1790.123457  4259.259259  0.00006651722856784774
-1790.123457  4382.716049  0.00006945998989744032
-1790.123457  4506.172840  0.00007474048093361018
-1790.123457  4629.629630  0.00007822391469888186
-1790.123457  4753.086420  0.00007299597100719815
-1790.123457  4876.543210  0.00005001558616694143

-1666.666667 -5000.000000  0.00000170250389693456
-1666.666667 -4876.543210  0.00004824728782909205
-1666.666667 -4753.086420  0.00006922451820398405
-1666.666667 -4629.629630  0.00007400443269922749
-1666.666667 -4506.172840  0.00007091986465829577
-1666.666667 -4382.716049  0.00006627693777586589
-1666.666667 -4259.259259  0.00006370357374625958
-1666.666667 -4135.802469  0.00006418557565526809
-1666.666667 -4012.345679  0.00006628515123469882
-1666.666667 -3888.888889  0.00006922000087087051
-1666.666667 -3765.432099  0.00007234340423057413
-1666.666667 -3641.975309  0.00007549127656408566
-1666.666667 -3518.518519  0.00007559932275142798
-1666.666667 -3395.061728  0.00007444139212128351
-1666.666667 -3271.604938  0.00007364428941190418
-1666.666667 -3148.148148  0.00007183244867086050
-1666.666667 -3024.691358  0.00007040077206175288
-1666.666667 -2901.234568  0.00007129153020279517
-1666.666667 -2777.777778  0.00007614397305349422
-1666.666667 -2654.320988  0.00008289316921176865
-1666.666667 -2530.864198  0.00007918737422571631
-1666.666667 -2407.407407  0.00007107266841967337
-1666.666667 -2283.950617  0.00007800865385391490
-1666.666667 -2160.493827  0.00008163027873655770
-1666.666667 -2037.037037  0.00008188046347274461
-1666.666667 -1913.580247  0.00008032519123689791
-1666.666667 -1790.123457  0.00008040951238542082
-1666.666667 -1666.666667  0.00008222325946342971
-1666.666667 -1543.209877  0.00008466230072364242
-1666.666667 -1419.753086  0.00008601057501657469
-1666.666667 -1296.296296  0.00008905790645161789
-1666.666667 -1172.839506  0.00009091457853644938
-1666.666667 -1049.382716  0.00009377224992803647
-1666.666667  -925.925926  0.00009505367780884005
-1666.666667  -802.469136  0.00009686893404555174
-1666.666667  -679.012346  0.00009841314383921731
-1666.666667  -555.555556  0.00010061386565213124
-1666.666667  -432.098765  0.00010297976289557561
-1666.666667  -308.641975  0.00010541415798274598
-1666.666667  -185.185185  0.00010722841248542027
-1666.666667   -61.728395  0.00010657934457548850
-1666.666667    61.728395  0.00010657934457529902
-1666.666667   185.185185  0.00010722841248481454
-1666.666667   308.641975  0.00010541415798184715
-1666.666667   432.098765  0.00010297976289443648
-1666.666667   555.555556  0.00010061386565075042
-1666.666667   679.012346  0.00009841314383755991
-1666.666667   802.469136  0.00009686893404356524
-1666.666667   925.925926  0.00009505367780653659
-1666.666667  1049.382716  0.00009377224992543745
-1666.666667  1172.839506  0.00009091457853364001
-1666.666667  1296.296296  0.00008905790644860259
-1666.666667  1419.753086  0.00008601057501340638
-1666.666667  1543.209877  0.00008466230072025893
-1666.666667  1666.666667  0.00008222325945990886
-1666.666667  1790.123457  0.00008040951238171954
-1666.666667  1913.580247  0.00008032519123289638
-1666.666667  2037.037037  0.00008188046346833143
-1666.666667  2160.493827  0.00008163027873187679
-1666.666667  2283.950617  0.00007800865384923763
-1666.666667  2407.407407  0.00007107266841532142
-1666.666667  2530.864198  0.00007918737422050848
-1666.666667  2654.320988  0.00008289316920590982
-1666.666667  2777.777778  0.00007614397304797212
-1666.666667  2901.234568  0.00007129153019751265
-1666.666667  3024.691358  0.00007040077205637444
-1666.666667  3148.148148  0.00007183244866515120
-1666.666667  3271.604938  0.00007364428940577895
-1666.666667  3395.061728  0.00007444139211480719
-1666.666667  3518.518519  0.00007559932274459097
-1666.666667  3641.975309  0.00007549127655705934
-1666.666667  3765.432099  0.00007234340422363473
-1666.666667  3888.888889  0.00006922000086407073
-1666.666667  4012.345679  0.00006628515122804505
-1666.666667  4135.802469  0.00006418557564865415
-1666.666667  4259.259259  0.00006370357373950219
-1666.666667  4382.716049  0.00006627693776866425
-1666.666667  4506.172840  0.00007091986465043062
-1666.666667  4629.629630  0.00007400443269082869
-1666.666667  4753.086420  0.00006922451819589150
-1666.666667  4876.543210  0.00004824728782310641

-1543.209877 -5000.000000  0.00000313846980897857
-1543.209877 -4876.543210  0.00004776465453178473
-1543.209877 -4753.086420  0.00006658810860653313
-1543.209877 -4629.629630  0.00007081782470103837
-1543.209877 -4506.172840  0.00006815053382003988
-1543.209877 -4382.716049  0.00006422452323521526
-1543.209877 -4259.259259  0.00006203862449301174
-1543.209877 -4135.802469  0.00006239950633614957
-1543.209877 -4012.345679  0.00006425981633058787
-1543.209877 -3888.888889  0.00006710413905911348
-1543.209877 -3765.432099  0.00006983123266310320
-1543.209877 -3641.975309  0.00007282361289526684
-1543.209877 -3518.518519  0.00007299886869599504
-1543.209877 -3395.061728  0.00007200053043749814
-1543.209877 -3271.604938  0.00007136987223817519
-1543.209877 -3148.148148  0.00006979035462679910
-1543.209877 -3024.691358  0.00006852394576098177
-1543.209877 -2901.234568  0.00006933862409845280
-1543.209877 -2777.777778  0.00007377006465026273
-1543.209877 -2654.320988  0.00008003541855449459
-1543.209877 -2530.864198  0.00007695634958397159
-1543.209877 -2407.407407  0.00006996646992317450
-1543.209877 -2283.950617  0.00007662994961008657
-1543.209877 -2160.493827  0.00008011416142137803
-1543.209877 -2037.037037  0.00008049337914062879
-1543.209877 -1913.580247  0.00007920918784937578
-1543.209877 -1790.123457  0.00007948611767069841
-1543.209877 -1666.666667  0.00008139092424094908
-1543.209877 -1543.209877  0.00008393480048631307
-1543.209877 -1419.753086  0.00008555060936992182
-1543.209877 -1296.296296  0.00008891557865272261
-1543.209877 -1172.839506  0.00009112811722582749
-1543.209877 -1049.382716  0.00009447717979224865
-1543.209877  -925.925926  0.00009631277745589129
-1543.209877  -802.469136  0.00009871983454557861
-1543.209877  -679.012346  0.00010084173796176494
-1543.209877  -555.555556  0.00010353899071704892
-1543.209877  -432.098765  0.00010627493740428102
-1543.209877  -308.641975  0.00010894170099432101
-1543.209877  -185.185185  0.00011089021207285330
-1543.209877   -61.728395  0.00011037841467382607
-1543.209877    61.728395  0.00011037841467361606
-1543.209877   185.185185  0.00011089021207218275
-1543.209877   308.641975  0.00010894170099331866
-1543.209877   432.098765  0.00010627493740300730
-1543.209877   555.555556  0.00010353899071550936
-1543.209877   679.012346  0.00010084173795993034
-1543.209877   802.469136  0.00009871983454340032
-1543.209877   925.925926  0.00009631277745338572
-1543.209877  1049.382716  0.00009447717978943927
-1543.209877  1172.839506  0.00009112811722280603
-1543.209877  1296.296296  0.00008891557864948909
-1543.209877  1419.753086  0.00008555060936653600
-1543.209877  1543.209877  0.00008393480048271015
-1543.209877  1666.666667  0.00008139092423720418
-1543.209877  1790.123457  0.00007948611766676714
-1543.209877  1913.580247  0.00007920918784513771
-1543.209877  2037.037037  0.00008049337913597202
-1543.209877  2160.493827  0.00008011416141644553
-1543.209877  2283.950617  0.00007662994960515058
-1543.209877  2407.407407  0.00006996646991856948
-1543.209877  2530.864198  0.00007695634957854055
-1543.209877  2654.320988  0.00008003541854838330
-1543.209877  2777.777778  0.00007377006464448548
-1543.209877  2901.234568  0.00006933862409292210
-1543.209877  3024.691358  0.00006852394575535955
-1543.209877  3148.148148  0.00006979035462084145
-1543.209877  3271.604938  0.00007136987223178724
-1543.209877  3395.061728  0.00007200053043074265
-1543.209877  3518.518519  0.00007299886868886387
-1543.209877  3641.975309  0.00007282361288794282
-1543.209877  3765.432099  0.00006983123265586417
-1543.209877  3888.888889  0.00006710413905202226
-1543.209877  4012.345679  0.00006425981632364956
-1543.209877  4135.802469  0.00006239950632925639
-1543.209877  4259.259259  0.00006203862448597391
-1543.209877  4382.716049  0.00006422452322771864
-1543.209877  4506.172840  0.00006815053381185345
-1543.209877  4629.629630  0.00007081782469229623
-1543.209877  4753.086420  0.00006658810859811080
-1543.209877  4876.543210  0.00004776465452555668

-1419.753086 -5000.000000  0.00000275459214099524
-1419.753086 -4876.543210  0.00004478951985757488
-1419.753086 -4753.086420  0.00006277272069917378
-1419.753086 -4629.629630  0.00006686538373472012
-1419.753086 -4506.172840  0.00006434575905128708
-1419.753086 -4382.716049  0.00006059588802474708
-1419.753086 -4259.259259  0.00005852410327162123
-1419.753086 -4135.802469  0.00005891335674054299
-1419.753086 -4012.345679  0.00006071925352376502
-1419.753086 -3888.888889  0.00006341617647163196
-1419.753086 -3765.432099  0.00006604761373358175
-1419.753086 -3641.975309  0.00006890419631877806
-1419.753086 -3518.518519  0.00006907931119909955
-1419.753086 -3395.061728  0.00006814983487266841
-1419.753086 -3271.604938  0.00006756961819105540
-1419.753086 -3148.148148  0.00006609003116615954
-1419.753086 -3024.691358  0.00006491266085523960
-1419.753086 -2901.234568  0.00006572446516335596
-1419.753086 -2777.777778  0.00006998968207768581
-1419.753086 -2654.320988  0.00007598898764997383
-1419.753086 -2530.864198  0.00007303759615336588
-1419.753086 -2407.407407  0.00006635808377195269
-1419.753086 -2283.950617  0.00007269123948150736
-1419.753086 -2160.493827  0.00007613519204119756
-1419.753086 -2037.037037  0.00007663217533265425
-1419.753086 -1913.580247  0.00007556459261616463
-1419.753086 -1790.123457  0.00007599803348840682
-1419.753086 -1666.666667  0.00007802536851507589
-1419.753086 -1543.209877  0.00008071718413087969
-1419.753086 -1419.753086  0.00008259368641893978
-1419.753086 -1296.296296  0.00008627243581938746
-1419.753086 -1172.839506  0.00008897329495658119
-1419.753086 -1049.382716  0.00009292398932425725
-1419.753086  -925.925926  0.00009555660119068745
-1419.753086  -802.469136  0.00009887241646138030
-1419.753086  -679.012346  0.00010200641149796123
-1419.753086  -555.555556  0.00010573341000578525
-1419.753086  -432.098765  0.00010945412771649958
-1419.753086  -308.641975  0.00011296513624588271
-1419.753086  -185.185185  0.00011552697344734583
-1419.753086   -61.728395  0.00011533749052633709
-1419.753086    61.728395  0.00011533749052610442
-1419.753086   185.185185  0.00011552697344660902
-1419.753086   308.641975  0.00011296513624477584
-1419.753086   432.098765  0.00010945412771508982
-1419.753086   555.555556  0.00010573341000408658
-1419.753086   679.012346  0.00010200641149595240
-1419.753086   802.469136  0.00009887241645901827
-1419.753086   925.925926  0.00009555660118799513
-1419.753086  1049.382716  0.00009292398932126071
-1419.753086  1172.839506  0.00008897329495337694
-1419.753086  1296.296296  0.00008627243581597390
-1419.753086  1419.753086  0.00008259368641537873
-1419.753086  1543.209877  0.00008071718412710300
-1419.753086  1666.666667  0.00007802536851115869
-1419.753086  1790.123457  0.00007599803348430306
-1419.753086  1913.580247  0.00007556459261175162
-1419.753086  2037.037037  0.00007663217532781777
-1419.753086  2160.493827  0.00007613519203608322
-1419.753086  2283.950617  0.00007269123947639099
-1419.753086  2407.407407  0.00006635808376717141
-1419.753086  2530.864198  0.00007303759614774705
-1419.753086  2654.320988  0.00007598898764365357
-1419.753086  2777.777778  0.00006998968207170445
-1419.753086  2901.234568  0.00006572446515762879
-1419.753086  3024.691358  0.00006491266084942209
-1419.753086  3148.148148  0.00006609003116000149
-1419.753086  3271.604938  0.00006756961818445719
-1419.753086  3395.061728  0.00006814983486569279
-1419.753086  3518.518519  0.00006907931119173932
-1419.753086  3641.975309  0.00006890419631122172
-1419.753086  3765.432099  0.00006604761372611381
-1419.753086  3888.888889  0.00006341617646431815
-1419.753086  4012.345679  0.00006071925351661064
-1419.753086  4135.802469  0.00005891335673343881
-1419.753086  4259.259259  0.00005852410326437272
-1419.753086  4382.716049  0.00006059588801703007
-1419.753086  4506.172840  0.00006434575904286302
-1419.753086  4629.629630  0.00006686538372572779
-1419.753086  4753.086420  0.00006277272069051505
-1419.753086  4876.543210  0.00004478951985117598

-1296.296296 -5000.000000  0.00000291148002684293
-1296.296296 -4876.543210  0.00004210941978755720
-1296.296296 -4753.086420  0.00005860296765417464
-1296.296296 -4629.629630  0.00006235514074434236
-1296.296296 -4506.172840  0.00006008579954619504
-1296.296296 -4382.716049  0.00005671936997652133
-1296.296296 -4259.259259  0.00005486023133936655
-1296.296296 -4135.802469  0.00005520911863065010
-1296.296296 -4012.345679  0.00005686604788832938
-1296.296296 -3888.888889  0.00005939641849789289
-1296.296296 -3765.432099  0.00006179814815202797
-1296.296296 -3641.975309  0.00006445505543696815
-1296.296296 -3518.518519  0.00006463685994944463
-1296.296296 -3395.061728  0.00006380849585475813
-1296.296296 -3271.604938  0.00006331951763209109
-1296.296296 -3148.148148  0.00006198848418918781
-1296.296296 -3024.691358  0.00006092001613760248
-1296.296296 -2901.234568  0.00006167953263176621
-1296.296296 -2777.777778  0.00006564477903186481
-1296.296296 -2654.320988  0.00007124590476915455
-1296.296296 -2530.864198  0.00006858350543549072
-1296.296296 -2407.407407  0.00006241612300326581
-1296.296296 -2283.950617  0.00006833875353485056
-1296.296296 -2160.493827  0.00007165095663162058
-1296.296296 -2037.037037  0.00007224108715129802
-1296.296296 -1913.580247  0.00007140126697275395
-1296.296296 -1790.123457  0.00007199329452681586
-1296.296296 -1666.666667  0.00007411294366994007
-1296.296296 -1543.209877  0.00007690642589268781
-1296.296296 -1419.753086  0.00007901502064754428
-1296.296296 -1296.296296  0.00008298495212511530
-1296.296296 -1172.839506  0.00008613593675104825
-1296.296296 -1049.382716  0.00009076003418907198
-1296.296296  -925.925926  0.00009437220828608258
-1296.296296  -802.469136  0.00009891887403682952
-1296.296296  -679.012346  0.00010354967415923047
-1296.296296  -555.555556  0.00010895164515465035
-1296.296296  -432.098765  0.00011442513117518716
-1296.296296  -308.641975  0.00011958163133211769
-1296.296296  -185.185185  0.00012343742145473936
-1296.296296   -61.728395  0.00012389844427109907
-1296.296296    61.728395  0.00012389844427084491
-1296.296296   185.185185  0.00012343742145393748
-1296.296296   308.641975  0.00011958163133091018
-1296.296296   432.098765  0.00011442513117365190
-1296.296296   555.555556  0.00010895164515281250
-1296.296296   679.012346  0.00010354967415707890
-1296.296296   802.469136  0.00009891887403432937
-1296.296296   925.925926  0.00009437220828326329
-1296.296296  1049.382716  0.00009076003418596277
-1296.296296  1172.839506  0.00008613593674774693
-1296.296296  1296.296296  0.00008298495212161731
-1296.296296  1419.753086  0.00007901502064391170
-1296.296296  1543.209877  0.00007690642588884925
-1296.296296  1666.666667  0.00007411294366596848
-1296.296296  1790.123457  0.00007199329452266464
-1296.296296  1913.580247  0.00007140126696830046
-1296.296296  2037.037037  0.00007224108714642864
-1296.296296  2160.493827  0.00007165095662648080
-1296.296296  2283.950617  0.00006833875352971341
-1296.296296  2407.407407  0.00006241612299846401
-1296.296296  2530.864198  0.00006858350542985402
-1296.296296  2654.320988  0.00007124590476283605
-1296.296296  2777.777778  0.00006564477902588258
-1296.296296  2901.234568  0.00006167953262603176
-1296.296296  3024.691358  0.00006092001613177656
-1296.296296  3148.148148  0.00006198848418302580
-1296.296296  3271.604938  0.00006331951762549838
-1296.296296  3395.061728  0.00006380849584779863
-1296.296296  3518.518519  0.00006463685994210950
-1296.296296  3641.975309  0.00006445505542944186
-1296.296296  3765.432099  0.00006179814814459057
-1296.296296  3888.888889  0.00005939641849060602
-1296.296296  4012.345679  0.00005686604788120224
-1296.296296  4135.802469  0.00005520911862357249
-1296.296296  4259.259259  0.00005486023133214869
-1296.296296  4382.716049  0.00005671936996885120
-1296.296296  4506.172840  0.00006008579953784135
-1296.296296  4629.629630  0.00006235514073543991
-1296.296296  4753.086420  0.00005860296764560463
-1296.296296  4876.543210  0.00004210941978119947

-1172.839506 -5000.000000  0.00000364193307190045
-1172.839506 -4876.543210  0.00004050639121036732
-1172.839506 -4753.086420  0.00005515544186306921
-1172.839506 -4629.629630  0.00005846591436887567
-1172.839506 -4506.172840  0.00005650914265590579
-1172.839506 -4382.716049  0.00005367667622873595
-1172.839506 -4259.259259  0.00005211378711749133
-1172.839506 -4135.802469  0.00005237058449829030
-1172.839506 -4012.345679  0.00005382961401421845
-1172.839506 -3888.888889  0.00005621893258691956
-1172.839506 -3765.432099  0.00005832572901829633
-1172.839506 -3641.975309  0.00006080175102169473
-1172.839506 -3518.518519  0.00006101760138918085
-1172.839506 -3395.061728  0.00006031928299345951
-1172.839506 -3271.604938  0.00005993988284418509
-1172.839506 -3148.148148  0.00005879063884442490
-1172.839506 -3024.691358  0.00005785706841006091
-1172.839506 -2901.234568  0.00005854499814387265
-1172.839506 -2777.777778  0.00006212969770164747
-1172.839506 -2654.320988  0.00006728013751052272
-1172.839506 -2530.864198  0.00006517364192886641
-1172.839506 -2407.407407  0.00006021212575490185
-1172.839506 -2283.950617  0.00006584403558519621
-1172.839506 -2160.493827  0.00006897595348009416
-1172.839506 -2037.037037  0.00006963810247641345
-1172.839506 -1913.580247  0.00006905370328346066
-1172.839506 -1790.123457  0.00006983082513442898
-1172.839506 -1666.666667  0.00007205688646813294
-1172.839506 -1543.209877  0.00007496551184332896
-1172.839506 -1419.753086  0.00007737122185733986
-1172.839506 -1296.296296  0.00008169758253307730
-1172.839506 -1172.839506  0.00008544769697301526
-1172.839506 -1049.382716  0.00009092741172376594
-1172.839506  -925.925926  0.00009582083057772369
-1172.839506  -802.469136  0.00010207148091512399
-1172.839506  -679.012346  0.00010890561729920635
-1172.839506  -555.555556  0.00011690959336573543
-1172.839506  -432.098765  0.00012524761128582051
-1172.839506  -308.641975  0.00013321205264343384
-1172.839506  -185.185185  0.00013935549700377700
-1172.839506   -61.728395  0.00014093120957742324
-1172.839506    61.728395  0.00014093120957713089
-1172.839506   185.185185  0.00013935549700285957
-1172.839506   308.641975  0.00013321205264206086
-1172.839506   432.098765  0.00012524761128409007
-1172.839506   555.555556  0.00011690959336369082
-1172.839506   679.012346  0.00010890561729684893
-1172.839506   802.469136  0.00010207148091242857
-1172.839506   925.925926  0.00009582083057472617
-1172.839506  1049.382716  0.00009092741172049848
-1172.839506  1172.839506  0.00008544769696957763
-1172.839506  1296.296296  0.00008169758252946352
-1172.839506  1419.753086  0.00007737122185360718
-1172.839506  1543.209877  0.00007496551183940181
-1172.839506  1666.666667  0.00007205688646408213
-1172.839506  1790.123457  0.00006983082513020517
-1172.839506  1913.580247  0.00006905370327893910
-1172.839506  2037.037037  0.00006963810247147883
-1172.839506  2160.493827  0.00006897595347489537
-1172.839506  2283.950617  0.00006584403558000895
-1172.839506  2407.407407  0.00006021212575006199
-1172.839506  2530.864198  0.00006517364192319805
-1172.839506  2654.320988  0.00006728013750421782
-1172.839506  2777.777778  0.00006212969769567862
-1172.839506  2901.234568  0.00005854499813813834
-1172.839506  3024.691358  0.00005785706840422741
-1172.839506  3148.148148  0.00005879063883825868
-1172.839506  3271.604938  0.00005993988283760269
-1172.839506  3395.061728  0.00006031928298652725
-1172.839506  3518.518519  0.00006101760138188898
-1172.839506  3641.975309  0.00006080175101421844
-1172.839506  3765.432099  0.00005832572901091528
-1172.839506  3888.888889  0.00005621893257968037
-1172.839506  4012.345679  0.00005382961400713722
-1172.839506  4135.802469  0.00005237058449125450
-1172.839506  4259.259259  0.00005211378711031832
-1172.839506  4382.716049  0.00005367667622113787
-1172.839506  4506.172840  0.00005650914264766679
-1172.839506  4629.629630  0.00005846591436011960
-1172.839506  4753.086420  0.00005515544185464193
-1172.839506  4876.543210  0.00004050639120405952

-1049.382716 -5000.000000  0.00000347059495331184
-1049.382716 -4876.543210  0.00003658929596993900
-1049.382716 -4753.086420  0.00004963832378500131
-1049.382716 -4629.629630  0.00005260213964979093
-1049.382716 -4506.172840  0.00005089282950525027
-1049.382716 -4382.716049  0.00004841902414318203
-1049.382716 -4259.259259  0.00004706116637722710
-1049.382716 -4135.802469  0.00004729918287390928
-1049.382716 -4012.345679  0.00004860810950665449
-1049.382716 -3888.888889  0.00005076906533091847
-1049.382716 -3765.432099  0.00005264804564927739
-1049.382716 -3641.975309  0.00005487138364716732
-1049.382716 -3518.518519  0.00005508114671587781
-1049.382716 -3395.061728  0.00005448021066983200
-1049.382716 -3271.604938  0.00005417633184395627
-1049.382716 -3148.148148  0.00005318023040207720
-1049.382716 -3024.691358  0.00005236839526025685
-1049.382716 -2901.234568  0.00005300364881090450
-1049.382716 -2777.777778  0.00005623783641572322
-1049.382716 -2654.320988  0.00006088796863005997
-1049.382716 -2530.864198  0.00005903183871465384
-1049.382716 -2407.407407  0.00005462442004002136
-1049.382716 -2283.950617  0.00005973064647361233
-1049.382716 -2160.493827  0.00006257785194477244
-1049.382716 -2037.037037  0.00006326393314297407
-1049.382716 -1913.580247  0.00006290656185795209
-1049.382716 -1790.123457  0.00006385004291960303
-1049.382716 -1666.666667  0.00006614791025553051
-1049.382716 -1543.209877  0.00006910752825973020
-1049.382716 -1419.753086  0.00007168812421210773
-1049.382716 -1296.296296  0.00007620567281039632
-1049.382716 -1172.839506  0.00008038547503399750
-1049.382716 -1049.382716  0.00008663238501564645
-1049.382716  -925.925926  0.00009287983568363581
-1049.382716  -802.469136  0.00010109779503263521
-1049.382716  -679.012346  0.00011067076508931950
-1049.382716  -555.555556  0.00012212998413335902
-1049.382716  -432.098765  0.00013448387219094132
-1049.382716  -308.641975  0.00014658704988150105
-1049.382716  -185.185185  0.00015626696054273157
-1049.382716   -61.728395  0.00015973348761587979
-1049.382716    61.728395  0.00015973348761553403
-1049.382716   185.185185  0.00015626696054166532
-1049.382716   308.641975  0.00014658704987992368
-1049.382716   432.098765  0.00013448387218898531
-1049.382716   555.555556  0.00012212998413109694
-1049.382716   679.012346  0.00011067076508677018
-1049.382716   802.469136  0.00010109779502978425
-1049.382716   925.925926  0.00009287983568052424
-1049.382716  1049.382716  0.00008663238501230630
-1049.382716  1172.839506  0.00008038547503052437
-1049.382716  1296.296296  0.00007620567280677648
-1049.382716  1419.753086  0.00007168812420839373
-1049.382716  1543.209877  0.00006910752825584093
-1049.382716  1666.666667  0.00006614791025153333
-1049.382716  1790.123457  0.00006385004291544772
-1049.382716  1913.580247  0.00006290656185351435
-1049.382716  2037.037037  0.00006326393313814071
-1049.382716  2160.493827  0.00006257785193969286
-1049.382716  2283.950617  0.00005973064646855784
-1049.382716  2407.407407  0.00005462442003531385
-1049.382716  2530.864198  0.00005903183870910990
-1049.382716  2654.320988  0.00006088796862394095
-1049.382716  2777.777778  0.00005623783640993645
-1049.382716  2901.234568  0.00005300364880533338
-1049.382716  3024.691358  0.00005236839525457878
-1049.382716  3148.148148  0.00005318023039607719
-1049.382716  3271.604938  0.00005417633183756760
-1049.382716  3395.061728  0.00005448021066312555
-1049.382716  3518.518519  0.00005508114670884104
-1049.382716  3641.975309  0.00005487138363995879
-1049.382716  3765.432099  0.00005264804564216567
-1049.382716  3888.888889  0.00005076906532393170
-1049.382716  4012.345679  0.00004860810949982061
-1049.382716  4135.802469  0.00004729918286711348
-1049.382716  4259.259259  0.00004706116637030099
-1049.382716  4382.716049  0.00004841902413587398
-1049.382716  4506.172840  0.00005089282949737041
-1049.382716  4629.629630  0.00005260213964144885
-1049.382716  4753.086420  0.00004963832377697272
-1049.382716  4876.543210  0.00003658929596386467

 -925.925926 -5000.000000  0.00000300314754921320
 -925.925926 -4876.543210  0.00003224199473080018
 -925.925926 -4753.086420  0.00004392446194517854
 -925.925926 -4629.629630  0.00004662247535505385
 -925.925926 -4506.172840  0.00004511620863831837
 -925.925926 -4382.716049  0.00004290891625371406
 -925.925926 -4259.259259  0.00004171462145470133
 -925.925926 -4135.802469  0.00004196680234118938
 -925.925926 -4012.345679  0.00004316373876694559
 -925.925926 -3888.888889  0.00004508652048664037
 -925.925926 -3765.432099  0.00004679767730355265
 -925.925926 -3641.975309  0.00004879514895227988
 -925.925926 -3518.518519  0.00004899811375631793
 -925.925926 -3395.061728  0.00004847960907061626
 -925.925926 -3271.604938  0.00004822463270497406
 -925.925926 -3148.148148  0.00004735910142300298
 -925.925926 -3024.691358  0.00004666745176731152
 -925.925926 -2901.234568  0.00004727209766845688
 -925.925926 -2777.777778  0.00005018621290492863
 -925.925926 -2654.320988  0.00005434816925068002
 -925.925926 -2530.864198  0.00005270111796469942
 -925.925926 -2407.407407  0.00004892500459121596
 -925.925926 -2283.950617  0.00005353362605006249
 -925.925926 -2160.493827  0.00005604476227861618
 -925.925926 -2037.037037  0.00005671517367809375
 -925.925926 -1913.580247  0.00005656609292702909
 -925.925926 -1790.123457  0.00005767747353927531
 -925.925926 -1666.666667  0.00006004916320895438
 -925.925926 -1543.209877  0.00006304947599729209
 -925.925926 -1419.753086  0.00006577796441155416
 -925.925926 -1296.296296  0.00007042628592550940
 -925.925926 -1172.839506  0.00007503097811112126
 -925.925926 -1049.382716  0.00008202525871805595
 -925.925926  -925.925926  0.00008969712681193188
 -925.925926  -802.469136  0.00010011331429162667
 -925.925926  -679.012346  0.00011292274748761061
 -925.925926  -555.555556  0.00012867546450745227
 -925.925926  -432.098765  0.00014622191779834737
 -925.925926  -308.641975  0.00016385012000560953
 -925.925926  -185.185185  0.00017838178743854007
 -925.925926   -61.728395  0.00018453943188530923
 -925.925926    61.728395  0.00018453943188486948
 -925.925926   185.185185  0.00017838178743721894
 -925.925926   308.641975  0.00016385012000369166
 -925.925926   432.098765  0.00014622191779602650
 -925.925926   555.555556  0.00012867546450484417
 -925.925926   679.012346  0.00011292274748475783
 -925.925926   802.469136  0.00010011331428852376
 -925.925926   925.925926  0.00008969712680862140
 -925.925926  1049.382716  0.00008202525871456748
 -925.925926  1172.839506  0.00007503097810754475
 -925.925926  1296.296296  0.00007042628592182039
 -925.925926  1419.753086  0.00006577796440779758
 -925.925926  1543.209877  0.00006304947599337778
 -925.925926  1666.666667  0.00006004916320494693
 -925.925926  1790.123457  0.00005767747353512239
 -925.925926  1913.580247  0.00005656609292260569
 -925.925926  2037.037037  0.00005671517367328591
 -925.925926  2160.493827  0.00005604476227357721
 -925.925926  2283.950617  0.00005353362604506342
 -925.925926  2407.407407  0.00004892500458656860
 -925.925926  2530.864198  0.00005270111795919364
 -925.925926  2654.320988  0.00005434816924464943
 -925.925926  2777.777778  0.00005018621289923325
 -925.925926  2901.234568  0.00004727209766296357
 -925.925926  3024.691358  0.00004666745176170259
 -925.925926  3148.148148  0.00004735910141707729
 -925.925926  3271.604938  0.00004822463269867994
 -925.925926  3395.061728  0.00004847960906402983
 -925.925926  3518.518519  0.00004899811374942331
 -925.925926  3641.975309  0.00004879514894522299
 -925.925926  3765.432099  0.00004679767729659897
 -925.925926  3888.888889  0.00004508652047979521
 -925.925926  4012.345679  0.00004316373876025126
 -925.925926  4135.802469  0.00004196680233452691
 -925.925926  4259.259259  0.00004171462144791246
 -925.925926  4382.716049  0.00004290891624657812
 -925.925926  4506.172840  0.00004511620863066697
 -925.925926  4629.629630  0.00004662247534698558
 -925.925926  4753.086420  0.00004392446193741351
 -925.925926  4876.543210  0.00003224199472486170

 -802.469136 -5000.000000  0.00000207790983404050
 -802.469136 -4876.543210  0.00002644765840902339
 -802.469136 -4753.086420  0.00003676603090441402
 -802.469136 -4629.629630  0.00003923170305702710
 -802.469136 -4506.172840  0.00003791438597673854
 -802.469136 -4382.716049  0.00003591293174264416
 -802.469136 -4259.259259  0.00003485888634228386
 -802.469136 -4135.802469  0.00003516422134685767
 -802.469136 -4012.345679  0.00003626545841312769
 -802.469136 -3888.888889  0.00003788651518040377
 -802.469136 -3765.432099  0.00003946476632335959
 -802.469136 -3641.975309  0.00004115682955654918
 -802.469136 -3518.518519  0.00004134365426628368
 -802.469136 -3395.061728  0.00004090040014769434
 -802.469136 -3271.604938  0.00004066971794483318
 -802.469136 -3148.148148  0.00003992981989921783
 -802.469136 -3024.691358  0.00003937130971979540
 -802.469136 -2901.234568  0.00003995625845724067
 -802.469136 -2777.777778  0.00004251984114310717
 -802.469136 -2654.320988  0.00004610892705270486
 -802.469136 -2530.864198  0.00004463415001752854
 -802.469136 -2407.407407  0.00004144666126952657
 -802.469136 -2283.950617  0.00004542582972121472
 -802.469136 -2160.493827  0.00004748527849021392
 -802.469136 -2037.037037  0.00004808415350667507
 -802.469136 -1913.580247  0.00004812627463353073
 -802.469136 -1790.123457  0.00004937457847116235
 -802.469136 -1666.666667  0.00005175671500024241
 -802.469136 -1543.209877  0.00005470123580324152
 -802.469136 -1419.753086  0.00005745873709854795
 -802.469136 -1296.296296  0.00006203089066516232
 -802.469136 -1172.839506  0.00006679651430982313
 -802.469136 -1049.382716  0.00007425862867980485
 -802.469136  -925.925926  0.00008311261927927094
 -802.469136  -802.469136  0.00009552285656636392
 -802.469136  -679.012346  0.00011154146556604139
 -802.469136  -555.555556  0.00013182462073974612
 -802.469136  -432.098765  0.00015513776097672466
 -802.469136  -308.641975  0.00017915086175830758
 -802.469136  -185.185185  0.00019949491060961572
 -802.469136   -61.728395  0.00020909202133123333
 -802.469136    61.728395  0.00020909202133065130
 -802.469136   185.185185  0.00019949491060791328
 -802.469136   308.641975  0.00017915086175589417
 -802.469136   432.098765  0.00015513776097388931
 -802.469136   555.555556  0.00013182462073666669
 -802.469136   679.012346  0.00011154146556278817
 -802.469136   802.469136  0.00009552285656293898
 -802.469136   925.925926  0.00008311261927571238
 -802.469136  1049.382716  0.00007425862867613396
 -802.469136  1172.839506  0.00006679651430612020
 -802.469136  1296.296296  0.00006203089066138346
 -802.469136  1419.753086  0.00005745873709473015
 -802.469136  1543.209877  0.00005470123579928365
 -802.469136  1666.666667  0.00005175671499620569
 -802.469136  1790.123457  0.00004937457846699274
 -802.469136  1913.580247  0.00004812627462910184
 -802.469136  2037.037037  0.00004808415350187397
 -802.469136  2160.493827  0.00004748527848519637
 -802.469136  2283.950617  0.00004542582971625040
 -802.469136  2407.407407  0.00004144666126491423
 -802.469136  2530.864198  0.00004463415001203288
 -802.469136  2654.320988  0.00004610892704671991
 -802.469136  2777.777778  0.00004251984113746043
 -802.469136  2901.234568  0.00003995625845178806
 -802.469136  3024.691358  0.00003937130971422248
 -802.469136  3148.148148  0.00003992981989333266
 -802.469136  3271.604938  0.00004066971793859293
 -802.469136  3395.061728  0.00004090040014117783
 -802.469136  3518.518519  0.00004134365425947283
 -802.469136  3641.975309  0.00004115682954958250
 -802.469136  3765.432099  0.00003946476631649964
 -802.469136  3888.888889  0.00003788651517364063
 -802.469136  4012.345679  0.00003626545840651443
 -802.469136  4135.802469  0.00003516422134027319
 -802.469136  4259.259259  0.00003485888633557639
 -802.469136  4382.716049  0.00003591293173561212
 -802.469136  4506.172840  0.00003791438596922758
 -802.469136  4629.629630  0.00003923170304912849
 -802.469136  4753.086420  0.00003676603089681368
 -802.469136  4876.543210  0.00002644765840317038

 -679.012346 -5000.000000  0.00000118223252265562
 -679.012346 -4876.543210  0.00002097644273206377
 -679.012346 -4753.086420  0.00002998721782655611
 -679.012346 -4629.629630  0.00003221536891766570
 -679.012346 -4506.172840  0.00003106654917271000
 -679.012346 -4382.716049  0.00002925325908710192
 -679.012346 -4259.259259  0.00002832354057714077
 -679.012346 -4135.802469  0.00002866796992690531
 -679.012346 -4012.345679  0.00002967029456949043
 -679.012346 -3888.888889  0.00003100205216764671
 -679.012346 -3765.432099  0.00003244360514107952
 -679.012346 -3641.975309  0.00003385954367540421
 -679.012346 -3518.518519  0.00003401737883484482
 -679.012346 -3395.061728  0.00003363791527540104
 -679.012346 -3271.604938  0.00003342851230246509
 -679.012346 -3148.148148  0.00003280059055864463
 -679.012346 -3024.691358  0.00003235393836384855
 -679.012346 -2901.234568  0.00003290651147491310
 -679.012346 -2777.777778  0.00003513411145362123
 -679.012346 -2654.320988  0.00003817687833388906
 -679.012346 -2530.864198  0.00003679655369153094
 -679.012346 -2407.407407  0.00003409891441028933
 -679.012346 -2283.950617  0.00003747618658206123
 -679.012346 -2160.493827  0.00003905751438910057
 -679.012346 -2037.037037  0.00003952333177084498
 -679.012346 -1913.580247  0.00003968591608870847
 -679.012346 -1790.123457  0.00004102157029146244
 -679.012346 -1666.666667  0.00004337808695686262
 -679.012346 -1543.209877  0.00004621266959690255
 -679.012346 -1419.753086  0.00004889064445501397
 -679.012346 -1296.296296  0.00005321296175045640
 -679.012346 -1172.839506  0.00005792184604220919
 -679.012346 -1049.382716  0.00006552255335103576
 -679.012346  -925.925926  0.00007515641164047782
 -679.012346  -802.469136  0.00008910764091133964
 -679.012346  -679.012346  0.00010792130527339552
 -679.012346  -555.555556  0.00013247574386868148
 -679.012346  -432.098765  0.00016156247319975769
 -679.012346  -308.641975  0.00019228030075919313
 -679.012346  -185.185185  0.00021900039081693893
 -679.012346   -61.728395  0.00023262552497726422
 -679.012346    61.728395  0.00023262552497647183
 -679.012346   185.185185  0.00021900039081468420
 -679.012346   308.641975  0.00019228030075607409
 -679.012346   432.098765  0.00016156247319620043
 -679.012346   555.555556  0.00013247574386494748
 -679.012346   679.012346  0.00010792130526958730
 -679.012346   802.469136  0.00008910764090746001
 -679.012346   925.925926  0.00007515641163655362
 -679.012346  1049.382716  0.00006552255334707342
 -679.012346  1172.839506  0.00005792184603827641
 -679.012346  1296.296296  0.00005321296174648310
 -679.012346  1419.753086  0.00004889064445102875
 -679.012346  1543.209877  0.00004621266959279129
 -679.012346  1666.666667  0.00004337808695268122
 -679.012346  1790.123457  0.00004102157028715407
 -679.012346  1913.580247  0.00003968591608414595
 -679.012346  2037.037037  0.00003952333176591537
 -679.012346  2160.493827  0.00003905751438396176
 -679.012346  2283.950617  0.00003747618657698271
 -679.012346  2407.407407  0.00003409891440556349
 -679.012346  2530.864198  0.00003679655368590012
 -679.012346  2654.320988  0.00003817687832775675
 -679.012346  2777.777778  0.00003513411144783328
 -679.012346  2901.234568  0.00003290651146932660
 -679.012346  3024.691358  0.00003235393835814445
 -679.012346  3148.148148  0.00003280059055262494
 -679.012346  3271.604938  0.00003342851229608310
 -679.012346  3395.061728  0.00003363791526873522
 -679.012346  3518.518519  0.00003401737882787742
 -679.012346  3641.975309  0.00003385954366827833
 -679.012346  3765.432099  0.00003244360513406160
 -679.012346  3888.888889  0.00003100205216072922
 -679.012346  4012.345679  0.00002967029456272677
 -679.012346  4135.802469  0.00002866796992017376
 -679.012346  4259.259259  0.00002832354057028625
 -679.012346  4382.716049  0.00002925325907991586
 -679.012346  4506.172840  0.00003106654916503189
 -679.012346  4629.629630  0.00003221536890959005
 -679.012346  4753.086420  0.00002998721781878767
 -679.012346  4876.543210  0.00002097644272609012

 -555.555556 -5000.000000  0.00000086750688062777
 -555.555556 -4876.543210  0.00001689575144996612
 -555.555556 -4753.086420  0.00002433187499218918
 -555.555556 -4629.629630  0.00002619068389938679
 -555.555556 -4506.172840  0.00002524865855406333
 -555.555556 -4382.716049  0.00002374601277214120
 -555.555556 -4259.259259  0.00002298475055810527
 -555.555556 -4135.802469  0.00002329265636785432
 -555.555556 -4012.345679  0.00002413411134297006
 -555.555556 -3888.888889  0.00002522032249059516
 -555.555556 -3765.432099  0.00002642301995114476
 -555.555556 -3641.975309  0.00002758991295407027
 -555.555556 -3518.518519  0.00002771025386065678
 -555.555556 -3395.061728  0.00002740239979291053
 -555.555556 -3271.604938  0.00002724459174111887
 -555.555556 -3148.148148  0.00002674102650517447
 -555.555556 -3024.691358  0.00002638205276015922
 -555.555556 -2901.234568  0.00002685341446340830
 -555.555556 -2777.777778  0.00002870999485801212
 -555.555556 -2654.320988  0.00003121707264895169
 -555.555556 -2530.864198  0.00002994055096725457
 -555.555556 -2407.407407  0.00002773730040094127
 -555.555556 -2283.950617  0.00003057604344115632
 -555.555556 -2160.493827  0.00003168031906189600
 -555.555556 -2037.037037  0.00003195394066602233
 -555.555556 -1913.580247  0.00003214952711832325
 -555.555556 -1790.123457  0.00003349643532144509
 -555.555556 -1666.666667  0.00003576453125666852
 -555.555556 -1543.209877  0.00003841413968531793
 -555.555556 -1419.753086  0.00004088399580040463
 -555.555556 -1296.296296  0.00004476446168876728
 -555.555556 -1172.839506  0.00004911015936502987
 -555.555556 -1049.382716  0.00005639439881520643
 -555.555556  -925.925926  0.00006616517641427455
 -555.555556  -802.469136  0.00008080021254346983
 -555.555556  -679.012346  0.00010133788547028555
 -555.555556  -555.555556  0.00012894447177162115
 -555.555556  -432.098765  0.00016257290525489686
 -555.555556  -308.641975  0.00019894427404271725
 -555.555556  -185.185185  0.00023138312745508681
 -555.555556   -61.728395  0.00024896356873450507
 -555.555556    61.728395  0.00024896356873343724
 -555.555556   185.185185  0.00023138312745211724
 -555.555556   308.641975  0.00019894427403869717
 -555.555556   432.098765  0.00016257290525042824
 -555.555556   555.555556  0.00012894447176706888
 -555.555556   679.012346  0.00010133788546578413
 -555.555556   802.469136  0.00008080021253901725
 -555.555556   925.925926  0.00006616517640987872
 -555.555556  1049.382716  0.00005639439881085266
 -555.555556  1172.839506  0.00004911015936077022
 -555.555556  1296.296296  0.00004476446168449696
 -555.555556  1419.753086  0.00004088399579614739
 -555.555556  1543.209877  0.00003841413968094430
 -555.555556  1666.666667  0.00003576453125222639
 -555.555556  1790.123457  0.00003349643531687473
 -555.555556  1913.580247  0.00003214952711349702
 -555.555556  2037.037037  0.00003195394066082823
 -555.555556  2160.493827  0.00003168031905649135
 -555.555556  2283.950617  0.00003057604343580956
 -555.555556  2407.407407  0.00002773730039594780
 -555.555556  2530.864198  0.00002994055096135433
 -555.555556  2654.320988  0.00003121707264248440
 -555.555556  2777.777778  0.00002870999485189479
 -555.555556  2901.234568  0.00002685341445751524
 -555.555556  3024.691358  0.00002638205275416009
 -555.555556  3148.148148  0.00002674102649885108
 -555.555556  3271.604938  0.00002724459173440434
 -555.555556  3395.061728  0.00002740239978587938
 -555.555556  3518.518519  0.00002771025385329370
 -555.555556  3641.975309  0.00002758991294653734
 -555.555556  3765.432099  0.00002642301994371248
 -555.555556  3888.888889  0.00002522032248328588
 -555.555556  4012.345679  0.00002413411133582356
 -555.555556  4135.802469  0.00002329265636075069
 -555.555556  4259.259259  0.00002298475055087513
 -555.555556  4382.716049  0.00002374601276453990
 -555.555556  4506.172840  0.00002524865854590338
 -555.555556  4629.629630  0.00002619068389077640
 -555.555556  4753.086420  0.00002433187498390923
 -555.555556  4876.543210  0.00001689575144366298

 -432.098765 -5000.000000  0.00000116815851822282
 -432.098765 -4876.543210  0.00001447279165750603
 -432.098765 -4753.086420  0.00002013868252022480
 -432.098765 -4629.629630  0.00002151349653561474
 -432.098765 -4506.172840  0.00002080831230957807
 -432.098765 -4382.716049  0.00001972796829149151
 -432.098765 -4259.259259  0.00001917250114370753
 -432.098765 -4135.802469  0.00001936620186416819
 -432.098765 -4012.345679  0.00001999039159921043
 -432.098765 -3888.888889  0.00002088916203288714
 -432.098765 -3765.432099  0.00002176088650752401
 -432.098765 -3641.975309  0.00002272479677625944
 -432.098765 -3518.518519  0.00002280959762792904
 -432.098765 -3395.061728  0.00002257928777254607
 -432.098765 -3271.604938  0.00002249689058808696
 -432.098765 -3148.148148  0.00002212192642254013
 -432.098765 -3024.691358  0.00002182499544795585
 -432.098765 -2901.234568  0.00002217079429849717
 -432.098765 -2777.777778  0.00002363360067076066
 -432.098765 -2654.320988  0.00002564378348804287
 -432.098765 -2530.864198  0.00002455121903548583
 -432.098765 -2407.407407  0.00002299170708043059
 -432.098765 -2283.950617  0.00002540497171770554
 -432.098765 -2160.493827  0.00002608751778377634
 -432.098765 -2037.037037  0.00002613921356284784
 -432.098765 -1913.580247  0.00002628363708831722
 -432.098765 -1790.123457  0.00002754851540049099
 -432.098765 -1666.666667  0.00002964536101090759
 -432.098765 -1543.209877  0.00003202866480376697
 -432.098765 -1419.753086  0.00003417611415729940
 -432.098765 -1296.296296  0.00003745431185197302
 -432.098765 -1172.839506  0.00004115783588393626
 -432.098765 -1049.382716  0.00004763134628534479
 -432.098765  -925.925926  0.00005673542654049254
 -432.098765  -802.469136  0.00007085121831580486
 -432.098765  -679.012346  0.00009137659958362334
 -432.098765  -555.555556  0.00011973041949209837
 -432.098765  -432.098765  0.00015513038297918053
 -432.098765  -308.641975  0.00019425466452193527
 -432.098765  -185.185185  0.00022995916128796447
 -432.098765   -61.728395  0.00025031537642877750
 -432.098765    61.728395  0.00025031537642738604
 -432.098765   185.185185  0.00022995916128417009
 -432.098765   308.641975  0.00019425466451688641
 -432.098765   432.098765  0.00015513038297368156
 -432.098765   555.555556  0.00011973041948662502
 -432.098765   679.012346  0.00009137659957834243
 -432.098765   802.469136  0.00007085121831070167
 -432.098765   925.925926  0.00005673542653554895
 -432.098765  1049.382716  0.00004763134628052164
 -432.098765  1172.839506  0.00004115783587926778
 -432.098765  1296.296296  0.00003745431184731790
 -432.098765  1419.753086  0.00003417611415267769
 -432.098765  1543.209877  0.00003202866479903302
 -432.098765  1666.666667  0.00002964536100610040
 -432.098765  1790.123457  0.00002754851539554712
 -432.098765  1913.580247  0.00002628363708310894
 -432.098765  2037.037037  0.00002613921355726363
 -432.098765  2160.493827  0.00002608751777797039
 -432.098765  2283.950617  0.00002540497171194761
 -432.098765  2407.407407  0.00002299170707502751
 -432.098765  2530.864198  0.00002455121902919429
 -432.098765  2654.320988  0.00002564378348107695
 -432.098765  2777.777778  0.00002363360066415060
 -432.098765  2901.234568  0.00002217079429214648
 -432.098765  3024.691358  0.00002182499544151749
 -432.098765  3148.148148  0.00002212192641576219
 -432.098765  3271.604938  0.00002249689058087182
 -432.098765  3395.061728  0.00002257928776495964
 -432.098765  3518.518519  0.00002280959761996252
 -432.098765  3641.975309  0.00002272479676810270
 -432.098765  3765.432099  0.00002176088649946302
 -432.098765  3888.888889  0.00002088916202498053
 -432.098765  4012.345679  0.00001999039159148045
 -432.098765  4135.802469  0.00001936620185649667
 -432.098765  4259.259259  0.00001917250113590304
 -432.098765  4382.716049  0.00001972796828324975
 -432.098765  4506.172840  0.00002080831230066711
 -432.098765  4629.629630  0.00002151349652616566
 -432.098765  4753.086420  0.00002013868251114173
 -432.098765  4876.543210  0.00001447279165069271

 -308.641975 -5000.000000  0.00000152446636661209
 -308.641975 -4876.543210  0.00001215806972468633
 -308.641975 -4753.086420  0.00001600384260276489
 -308.641975 -4629.629630  0.00001687372264278840
 -308.641975 -4506.172840  0.00001641135308539238
 -308.641975 -4382.716049  0.00001576894583774328
 -308.641975 -4259.259259  0.00001542217482241764
 -308.641975 -4135.802469  0.00001548677812464425
 -308.641975 -4012.345679  0.00001588018662870728
 -308.641975 -3888.888889  0.00001659144223000755
 -308.641975 -3765.432099  0.00001711957421698781
 -308.641975 -3641.975309  0.00001787113222795894
 -308.641975 -3518.518519  0.00001793035620340352
 -308.641975 -3395.061728  0.00001777831394663066
 -308.641975 -3271.604938  0.00001776232599537601
 -308.641975 -3148.148148  0.00001751059184397292
 -308.641975 -3024.691358  0.00001727436083410715
 -308.641975 -2901.234568  0.00001748365200559163
 -308.641975 -2777.777778  0.00001852741051478495
 -308.641975 -2654.320988  0.00002002886722145661
 -308.641975 -2530.864198  0.00001925069829500215
 -308.641975 -2407.407407  0.00001851258024153904
 -308.641975 -2283.950617  0.00002049142670016002
 -308.641975 -2160.493827  0.00002082719068501731
 -308.641975 -2037.037037  0.00002069332780277781
 -308.641975 -1913.580247  0.00002075451086156528
 -308.641975 -1790.123457  0.00002181976758560301
 -308.641975 -1666.666667  0.00002358836138447237
 -308.641975 -1543.209877  0.00002555342590726417
 -308.641975 -1419.753086  0.00002725094299165264
 -308.641975 -1296.296296  0.00002975658902160043
 -308.641975 -1172.839506  0.00003255592887754595
 -308.641975 -1049.382716  0.00003767037394356837
 -308.641975  -925.925926  0.00004514973030973106
 -308.641975  -802.469136  0.00005714372027607298
 -308.641975  -679.012346  0.00007512372677546113
 -308.641975  -555.555556  0.00010055352031788873
 -308.641975  -432.098765  0.00013295933690276359
 -308.641975  -308.641975  0.00016943940131148335
 -308.641975  -185.185185  0.00020341393142390710
 -308.641975   -61.728395  0.00022364961891332556
 -308.641975    61.728395  0.00022364961891162540
 -308.641975   185.185185  0.00020341393141933269
 -308.641975   308.641975  0.00016943940130547457
 -308.641975   432.098765  0.00013295933689631725
 -308.641975   555.555556  0.00010055352031158358
 -308.641975   679.012346  0.00007512372676948737
 -308.641975   802.469136  0.00005714372027039825
 -308.641975   925.925926  0.00004514973030430977
 -308.641975  1049.382716  0.00003767037393833596
 -308.641975  1172.839506  0.00003255592887252172
 -308.641975  1296.296296  0.00002975658901660748
 -308.641975  1419.753086  0.00002725094298670850
 -308.641975  1543.209877  0.00002555342590221041
 -308.641975  1666.666667  0.00002358836137934057
 -308.641975  1790.123457  0.00002181976758032674
 -308.641975  1913.580247  0.00002075451085601577
 -308.641975  2037.037037  0.00002069332779684253
 -308.641975  2160.493827  0.00002082719067884830
 -308.641975  2283.950617  0.00002049142669402784
 -308.641975  2407.407407  0.00001851258023576559
 -308.641975  2530.864198  0.00001925069828836297
 -308.641975  2654.320988  0.00002002886721405265
 -308.641975  2777.777778  0.00001852741050774179
 -308.641975  2901.234568  0.00001748365199883858
 -308.641975  3024.691358  0.00001727436082728247
 -308.641975  3148.148148  0.00001751059183679541
 -308.641975  3271.604938  0.00001776232598771909
 -308.641975  3395.061728  0.00001777831393855353
 -308.641975  3518.518519  0.00001793035619490154
 -308.641975  3641.975309  0.00001787113221925052
 -308.641975  3765.432099  0.00001711957420836666
 -308.641975  3888.888889  0.00001659144222157173
 -308.641975  4012.345679  0.00001588018662045975
 -308.641975  4135.802469  0.00001548677811646963
 -308.641975  4259.259259  0.00001542217481410296
 -308.641975  4382.716049  0.00001576894582893079
 -308.641975  4506.172840  0.00001641135307581041
 -308.641975  4629.629630  0.00001687372263258956
 -308.641975  4753.086420  0.00001600384259296509
 -308.641975  4876.543210  0.00001215806971742156

 -185.185185 -5000.000000  0.00000128034526138639
 -185.185185 -4876.543210  0.00000820124598160247
 -185.185185 -4753.086420  0.00001037053494682869
 -185.185185 -4629.629630  0.00001082647277055679
 -185.185185 -4506.172840  0.00001057770002360456
 -185.185185 -4382.716049  0.00001026899008930968
 -185.185185 -4259.259259  0.00001008968122856552
 -185.185185 -4135.802469  0.00001008492059397826
 -185.185185 -4012.345679  0.00001028651666906048
 -185.185185 -3888.888889  0.00001074569909122550
 -185.185185 -3765.432099  0.00001100783610479778
 -185.185185 -3641.975309  0.00001146909833153308
 -185.185185 -3518.518519  0.00001151476439325208
 -185.185185 -3395.061728  0.00001143220656730456
 -185.185185 -3271.604938  0.00001143807703804248
 -185.185185 -3148.148148  0.00001129253728798397
 -185.185185 -3024.691358  0.00001114073738453720
 -185.185185 -2901.234568  0.00001124363421206094
 -185.185185 -2777.777778  0.00001185191612483282
 -185.185185 -2654.320988  0.00001277973114774530
 -185.185185 -2530.864198  0.00001242764152829269
 -185.185185 -2407.407407  0.00001253273808554899
 -185.185185 -2283.950617  0.00001390893882853879
 -185.185185 -2160.493827  0.00001398568507595234
 -185.185185 -2037.037037  0.00001377377195063385
 -185.185185 -1913.580247  0.00001377891320954554
 -185.185185 -1790.123457  0.00001451325199712981
 -185.185185 -1666.666667  0.00001573259851946934
 -185.185185 -1543.209877  0.00001706340784033152
 -185.185185 -1419.753086  0.00001817285399027027
 -185.185185 -1296.296296  0.00001973782352834908
 -185.185185 -1172.839506  0.00002140584321004115
 -185.185185 -1049.382716  0.00002464611839213590
 -185.185185  -925.925926  0.00002954568757226124
 -185.185185  -802.469136  0.00003766414412473579
 -185.185185  -679.012346  0.00005015791745981760
 -185.185185  -555.555556  0.00006818171369447093
 -185.185185  -432.098765  0.00009153536289635992
 -185.185185  -308.641975  0.00011823874915928096
 -185.185185  -185.185185  0.00014357236612512443
 -185.185185   -61.728395  0.00015932032655515928
 -185.185185    61.728395  0.00015932032655326830
 -185.185185   185.185185  0.00014357236612007443
 -185.185185   308.641975  0.00011823874915271026
 -185.185185   432.098765  0.00009153536288939157
 -185.185185   555.555556  0.00006818171368774596
 -185.185185   679.012346  0.00005015791745353330
 -185.185185   802.469136  0.00003766414411884343
 -185.185185   925.925926  0.00002954568756669055
 -185.185185  1049.382716  0.00002464611838680621
 -185.185185  1172.839506  0.00002140584320495665
 -185.185185  1296.296296  0.00001973782352331439
 -185.185185  1419.753086  0.00001817285398529679
 -185.185185  1543.209877  0.00001706340783525607
 -185.185185  1666.666667  0.00001573259851432262
 -185.185185  1790.123457  0.00001451325199184470
 -185.185185  1913.580247  0.00001377891320399224
 -185.185185  2037.037037  0.00001377377194469946
 -185.185185  2160.493827  0.00001398568506978652
 -185.185185  2283.950617  0.00001390893882241227
 -185.185185  2407.407407  0.00001253273807978024
 -185.185185  2530.864198  0.00001242764152166561
 -185.185185  2654.320988  0.00001277973114037235
 -185.185185  2777.777778  0.00001185191611782030
 -185.185185  2901.234568  0.00001124363420533406
 -185.185185  3024.691358  0.00001114073737773737
 -185.185185  3148.148148  0.00001129253728083324
 -185.185185  3271.604938  0.00001143807703041792
 -185.185185  3395.061728  0.00001143220655926405
 -185.185185  3518.518519  0.00001151476438479237
 -185.185185  3641.975309  0.00001146909832286860
 -185.185185  3765.432099  0.00001100783609622798
 -185.185185  3888.888889  0.00001074569908282970
 -185.185185  4012.345679  0.00001028651666085148
 -185.185185  4135.802469  0.00001008492058583994
 -185.185185  4259.259259  0.00001008968122028821
 -185.185185  4382.716049  0.00001026899008054094
 -185.185185  4506.172840  0.00001057770001407812
 -185.185185  4629.629630  0.00001082647276042498
 -185.185185  4753.086420  0.00001037053493709705
 -185.185185  4876.543210  0.00000820124597438158

  -61.728395 -5000.000000  0.00000006547499770239
  -61.728395 -4876.543210  0.00000176373809335261
  -61.728395 -4753.086420  0.00000258527683764015
  -61.728395 -4629.629630  0.00000279806270073253
  -61.728395 -4506.172840  0.00000270033286137868
  -61.728395 -4382.716049  0.00000253610000652267
  -61.728395 -4259.259259  0.00000245312112275763
  -61.728395 -4135.802469  0.00000248940605931084
  -61.728395 -4012.345679  0.00000258348814834633
  -61.728395 -3888.888889  0.00000270080301834631
  -61.728395 -3765.432099  0.00000284136796247207
  -61.728395 -3641.975309  0.00000298081420419917
  -61.728395 -3518.518519  0.00000299851718501234
  -61.728395 -3395.061728  0.00000296820275521692
  -61.728395 -3271.604938  0.00000294964975199818
  -61.728395 -3148.148148  0.00000289228081303782
  -61.728395 -3024.691358  0.00000285014656071763
  -61.728395 -2901.234568  0.00000290036304104869
  -61.728395 -2777.777778  0.00000310515643285922
  -61.728395 -2654.320988  0.00000339625751953872
  -61.728395 -2530.864198  0.00000331619118920593
  -61.728395 -2407.407407  0.00000352863298470771
  -61.728395 -2283.950617  0.00000396114153208549
  -61.728395 -2160.493827  0.00000395496897005756
  -61.728395 -2037.037037  0.00000387729767464441
  -61.728395 -1913.580247  0.00000389655685672774
  -61.728395 -1790.123457  0.00000415033859248937
  -61.728395 -1666.666667  0.00000455533234105637
  -61.728395 -1543.209877  0.00000499454220311783
  -61.728395 -1419.753086  0.00000537096063542047
  -61.728395 -1296.296296  0.00000587754677340011
  -61.728395 -1172.839506  0.00000644457227929798
  -61.728395 -1049.382716  0.00000748624142524132
  -61.728395  -925.925926  0.00000908968114902775
  -61.728395  -802.469136  0.00001176454942488268
  -61.728395  -679.012346  0.00001591300884719568
  -61.728395  -555.555556  0.00002192817305185011
  -61.728395  -432.098765  0.00002977553252502577
  -61.728395  -308.641975  0.00003882268128773724
  -61.728395  -185.185185  0.00004751636382173776
  -61.728395   -61.728395  0.00005310211098569732
  -61.728395    61.728395  0.00005310211098388682
  -61.728395   185.185185  0.00004751636381690799
  -61.728395   308.641975  0.00003882268128149830
  -61.728395   432.098765  0.00002977553251847440
  -61.728395   555.555556  0.00002192817304560295
  -61.728395   679.012346  0.00001591300884143107
  -61.728395   802.469136  0.00001176454941954207
  -61.728395   925.925926  0.00000908968114403358
  -61.728395  1049.382716  0.00000748624142051230
  -61.728395  1172.839506  0.00000644457227482811
  -61.728395  1296.296296  0.00000587754676900452
  -61.728395  1419.753086  0.00000537096063110278
  -61.728395  1543.209877  0.00000499454219872442
  -61.728395  1666.666667  0.00000455533233662525
  -61.728395  1790.123457  0.00000415033858796019
  -61.728395  1913.580247  0.00000389655685197394
  -61.728395  2037.037037  0.00000387729766955174
  -61.728395  2160.493827  0.00000395496896477985
  -61.728395  2283.950617  0.00000396114152687785
  -61.728395  2407.407407  0.00000352863297985441
  -61.728395  2530.864198  0.00000331619118344405
  -61.728395  2654.320988  0.00000339625751329751
  -61.728395  2777.777778  0.00000310515642696629
  -61.728395  2901.234568  0.00000290036303535465
  -61.728395  3024.691358  0.00000285014655490531
  -61.728395  3148.148148  0.00000289228080691353
  -61.728395  3271.604938  0.00000294964974551831
  -61.728395  3395.061728  0.00000296820274846408
  -61.728395  3518.518519  0.00000299851717796602
  -61.728395  3641.975309  0.00000298081419699946
  -61.728395  3765.432099  0.00000284136795537148
  -61.728395  3888.888889  0.00000270080301134561
  -61.728395  4012.345679  0.00000258348814149754
  -61.728395  4135.802469  0.00000248940605249132
  -61.728395  4259.259259  0.00000245312111581714
  -61.728395  4382.716049  0.00000253609999926710
  -61.728395  4506.172840  0.00000270033285365752
  -61.728395  4629.629630  0.00000279806269263934
  -61.728395  4753.086420  0.00000258527682986725
  -61.728395  4876.543210  0.00000176373808734978

   61.728395 -5000.000000  -0.00000006547499672196
   61.728395 -4876.543210  -0.00000176373808721990
   61.728395 -4753.086420  -0.00000258527682981992
   61.728395 -4629.629630  -0.00000279806269263096
   61.728395 -4506.172840  -0.00000270033285364262
   61.728395 -4382.716049  -0.00000253609999921444
   61.728395 -4259.259259  -0.00000245312111573753
   61.728395 -4135.802469  -0.00000248940605241193
   61.728395 -4012.345679  -0.00000258348814143412
   61.728395 -3888.888889  -0.00000270080301127886
   61.728395 -3765.432099  -0.00000284136795528024
   61.728395 -3641.975309  -0.00000298081419694977
   61.728395 -3518.518519  -0.00000299851717789999
   61.728395 -3395.061728  -0.00000296820274840416
   61.728395 -3271.604938  -0.00000294964974545405
   61.728395 -3148.148148  -0.00000289228080683495
   61.728395 -3024.691358  -0.00000285014655480542
   61.728395 -2901.234568  -0.00000290036303525019
   61.728395 -2777.777778  -0.00000310515642688986
   61.728395 -2654.320988  -0.00000339625751326497
   61.728395 -2530.864198  -0.00000331619118338350
   61.728395 -2407.407407  -0.00000352863297976407
   61.728395 -2283.950617  -0.00000396114152683046
   61.728395 -2160.493827  -0.00000395496896474853
   61.728395 -2037.037037  -0.00000387729766950661
   61.728395 -1913.580247  -0.00000389655685191165
   61.728395 -1790.123457  -0.00000415033858790096
   61.728395 -1666.666667  -0.00000455533233658827
   61.728395 -1543.209877  -0.00000499454219870934
   61.728395 -1419.753086  -0.00000537096063108894
   61.728395 -1296.296296  -0.00000587754676899698
   61.728395 -1172.839506  -0.00000644457227483534
   61.728395 -1049.382716  -0.00000748624142053442
   61.728395  -925.925926  -0.00000908968114409257
   61.728395  -802.469136  -0.00001176454941966421
   61.728395  -679.012346  -0.00001591300884161285
   61.728395  -555.555556  -0.00002192817304583524
   61.728395  -432.098765  -0.00002977553251875911
   61.728395  -308.641975  -0.00003882268128185788
   61.728395  -185.185185  -0.00004751636381735066
   61.728395   -61.728395  -0.00005310211098428968
   61.728395    61.728395  -0.00005310211098603194
   61.728395   185.185185  -0.00004751636382204473
   61.728395   308.641975  -0.00003882268128795711
   61.728395   432.098765  -0.00002977553252519344
   61.728395   555.555556  -0.00002192817305199372
   61.728395   679.012346  -0.00001591300884731105
   61.728395   802.469136  -0.00001176454942495182
   61.728395   925.925926  -0.00000908968114904116
   61.728395  1049.382716  -0.00000748624142522135
   61.728395  1172.839506  -0.00000644457227926602
   61.728395  1296.296296  -0.00000587754677335560
   61.728395  1419.753086  -0.00000537096063537343
   61.728395  1543.209877  -0.00000499454220307290
   61.728395  1666.666667  -0.00000455533234099541
   61.728395  1790.123457  -0.00000415033859241038
   61.728395  1913.580247  -0.00000389655685664548
   61.728395  2037.037037  -0.00000387729767457302
   61.728395  2160.493827  -0.00000395496896999488
   61.728395  2283.950617  -0.00000396114153200795
   61.728395  2407.407407  -0.00000352863298459944
   61.728395  2530.864198  -0.00000331619118911881
   61.728395  2654.320988  -0.00000339625751948828
   61.728395  2777.777778  -0.00000310515643277578
   61.728395  2901.234568  -0.00000290036304093993
   61.728395  3024.691358  -0.00000285014656061009
   61.728395  3148.148148  -0.00000289228081294729
   61.728395  3271.604938  -0.00000294964975192030
   61.728395  3395.061728  -0.00000296820275514411
   61.728395  3518.518519  -0.00000299851718493336
   61.728395  3641.975309  -0.00000298081420413530
   61.728395  3765.432099  -0.00000284136796236884
   61.728395  3888.888889  -0.00000270080301826730
   61.728395  4012.345679  -0.00000258348814826972
   61.728395  4135.802469  -0.00000248940605921696
   61.728395  4259.259259  -0.00000245312112266191
   61.728395  4382.716049  -0.00000253610000645221
   61.728395  4506.172840  -0.00000270033286134550
   61.728395  4629.629630  -0.00000279806270070772
   61.728395  4753.086420  -0.00000258527683758153
   61.728395  4876.543210  -0.00000176373809321918

  185.185185 -5000.000000  -0.00000128034526058696
  185.185185 -4876.543210  -0.00000820124597422712
  185.185185 -4753.086420  -0.00001037053493704104
  185.185185 -4629.629630  -0.00001082647276040913
  185.185185 -4506.172840  -0.00001057770001405230
  185.185185 -4382.716049  -0.00001026899008047203
  185.185185 -4259.259259  -0.00001008968122018965
  185.185185 -4135.802469  -0.00001008492058574356
  185.185185 -4012.345679  -0.00001028651666077383
  185.185185 -3888.888889  -0.00001074569908274989
  185.185185 -3765.432099  -0.00001100783609612716
  185.185185 -3641.975309  -0.00001146909832280985
  185.185185 -3518.518519  -0.00001151476438471647
  185.185185 -3395.061728  -0.00001143220655919264
  185.185185 -3271.604938  -0.00001143807703034040
  185.185185 -3148.148148  -0.00001129253728074083
  185.185185 -3024.691358  -0.00001114073737762499
  185.185185 -2901.234568  -0.00001124363420521998
  185.185185 -2777.777778  -0.00001185191611773756
  185.185185 -2654.320988  -0.00001277973114033209
  185.185185 -2530.864198  -0.00001242764152158322
  185.185185 -2407.407407  -0.00001253273807967358
  185.185185 -2283.950617  -0.00001390893882234292
  185.185185 -2160.493827  -0.00001398568506973182
  185.185185 -2037.037037  -0.00001377377194462981
  185.185185 -1913.580247  -0.00001377891320390604
  185.185185 -1790.123457  -0.00001451325199176162
  185.185185 -1666.666667  -0.00001573259851426181
  185.185185 -1543.209877  -0.00001706340783521770
  185.185185 -1419.753086  -0.00001817285398526060
  185.185185 -1296.296296  -0.00001973782352328579
  185.185185 -1172.839506  -0.00002140584320494666
  185.185185 -1049.382716  -0.00002464611838681300
  185.185185  -925.925926  -0.00002954568756673858
  185.185185  -802.469136  -0.00003766414411896149
  185.185185  -679.012346  -0.00005015791745372040
  185.185185  -555.555556  -0.00006818171368799614
  185.185185  -432.098765  -0.00009153536288970933
  185.185185  -308.641975  -0.00011823874915311812
  185.185185  -185.185185  -0.00014357236612057086
  185.185185   -61.728395  -0.00015932032655369550
  185.185185    61.728395  -0.00015932032655545635
  185.185185   185.185185  -0.00014357236612537650
  185.185185   308.641975  -0.00011823874915943792
  185.185185   432.098765  -0.00009153536289646042
  185.185185   555.555556  -0.00006818171369454636
  185.185185   679.012346  -0.00005015791745986547
  185.185185   802.469136  -0.00003766414412473864
  185.185185   925.925926  -0.00002954568757220982
  185.185185  1049.382716  -0.00002464611839204981
  185.185185  1172.839506  -0.00002140584320994194
  185.185185  1296.296296  -0.00001973782352823580
  185.185185  1419.753086  -0.00001817285399015506
  185.185185  1543.209877  -0.00001706340784021783
  185.185185  1666.666667  -0.00001573259851933959
  185.185185  1790.123457  -0.00001451325199698253
  185.185185  1913.580247  -0.00001377891320939609
  185.185185  2037.037037  -0.00001377377195049430
  185.185185  2160.493827  -0.00001398568507582020
  185.185185  2283.950617  -0.00001390893882838977
  185.185185  2407.407407  -0.00001253273808537530
  185.185185  2530.864198  -0.00001242764152814759
  185.185185  2654.320988  -0.00001277973114764791
  185.185185  2777.777778  -0.00001185191612469981
  185.185185  2901.234568  -0.00001124363421189789
  185.185185  3024.691358  -0.00001114073738437287
  185.185185  3148.148148  -0.00001129253728783654
  185.185185  3271.604938  -0.00001143807703790837
  185.185185  3395.061728  -0.00001143220656717633
  185.185185  3518.518519  -0.00001151476439311803
  185.185185  3641.975309  -0.00001146909833141470
  185.185185  3765.432099  -0.00001100783610463887
  185.185185  3888.888889  -0.00001074569909108725
  185.185185  4012.345679  -0.00001028651666892490
  185.185185  4135.802469  -0.00001008492059382211
  185.185185  4259.259259  -0.00001008968122840478
  185.185185  4382.716049  -0.00001026899008917833
  185.185185  4506.172840  -0.00001057770002351809
  185.185185  4629.629630  -0.00001082647277048147
  185.185185  4753.086420  -0.00001037053494671548
  185.185185  4876.543210  -0.00000820124598139618

  308.641975 -5000.000000  -0.00000152446636584209
  308.641975 -4876.543210  -0.00001215806971730343
  308.641975 -4753.086420  -0.00001600384259293967
  308.641975 -4629.629630  -0.00001687372263260199
  308.641975 -4506.172840  -0.00001641135307581293
  308.641975 -4382.716049  -0.00001576894582889283
  308.641975 -4259.259259  -0.00001542217481403694
  308.641975 -4135.802469  -0.00001548677811640507
  308.641975 -4012.345679  -0.00001588018662041299
  308.641975 -3888.888889  -0.00001659144222152337
  308.641975 -3765.432099  -0.00001711957420829704
  308.641975 -3641.975309  -0.00001787113221922221
  308.641975 -3518.518519  -0.00001793035619485668
  308.641975 -3395.061728  -0.00001777831393851291
  308.641975 -3271.604938  -0.00001776232598767200
  308.641975 -3148.148148  -0.00001751059183673339
  308.641975 -3024.691358  -0.00001727436082720077
  308.641975 -2901.234568  -0.00001748365199875445
  308.641975 -2777.777778  -0.00001852741050768691
  308.641975 -2654.320988  -0.00002002886721403764
  308.641975 -2530.864198  -0.00001925069828830875
  308.641975 -2407.407407  -0.00001851258023568752
  308.641975 -2283.950617  -0.00002049142669398647
  308.641975 -2160.493827  -0.00002082719067882306
  308.641975 -2037.037037  -0.00002069332779680363
  308.641975 -1913.580247  -0.00002075451085595987
  308.641975 -1790.123457  -0.00002181976758027169
  308.641975 -1666.666667  -0.00002358836137930429
  308.641975 -1543.209877  -0.00002555342590219333
  308.641975 -1419.753086  -0.00002725094298669200
  308.641975 -1296.296296  -0.00002975658901659924
  308.641975 -1172.839506  -0.00003255592887253036
  308.641975 -1049.382716  -0.00003767037393836027
  308.641975  -925.925926  -0.00004514973030436825
  308.641975  -802.469136  -0.00005714372027051287
  308.641975  -679.012346  -0.00007512372676965012
  308.641975  -555.555556  -0.00010055352031178306
  308.641975  -432.098765  -0.00013295933689655033
  308.641975  -308.641975  -0.00016943940130575738
  308.641975  -185.185185  -0.00020341393141966324
  308.641975   -61.728395  -0.00022364961891186669
  308.641975    61.728395  -0.00022364961891343111
  308.641975   185.185185  -0.00020341393142398335
  308.641975   308.641975  -0.00016943940131150168
  308.641975   432.098765  -0.00013295933690276189
  308.641975   555.555556  -0.00010055352031789177
  308.641975   679.012346  -0.00007512372677546187
  308.641975   802.469136  -0.00005714372027604940
  308.641975   925.925926  -0.00004514973030966831
  308.641975  1049.382716  -0.00003767037394347831
  308.641975  1172.839506  -0.00003255592887744375
  308.641975  1296.296296  -0.00002975658902148628
  308.641975  1419.753086  -0.00002725094299153646
  308.641975  1543.209877  -0.00002555342590714996
  308.641975  1666.666667  -0.00002358836138434366
  308.641975  1790.123457  -0.00002181976758545898
  308.641975  1913.580247  -0.00002075451086142109
  308.641975  2037.037037  -0.00002069332780264415
  308.641975  2160.493827  -0.00002082719068488893
  308.641975  2283.950617  -0.00002049142670001127
  308.641975  2407.407407  -0.00001851258024136437
  308.641975  2530.864198  -0.00001925069829486401
  308.641975  2654.320988  -0.00002002886722136052
  308.641975  2777.777778  -0.00001852741051465201
  308.641975  2901.234568  -0.00001748365200542944
  308.641975  3024.691358  -0.00001727436083394460
  308.641975  3148.148148  -0.00001751059184382765
  308.641975  3271.604938  -0.00001776232599524362
  308.641975  3395.061728  -0.00001777831394650310
  308.641975  3518.518519  -0.00001793035620326927
  308.641975  3641.975309  -0.00001787113222783991
  308.641975  3765.432099  -0.00001711957421682848
  308.641975  3888.888889  -0.00001659144222987023
  308.641975  4012.345679  -0.00001588018662857331
  308.641975  4135.802469  -0.00001548677812449090
  308.641975  4259.259259  -0.00001542217482226052
  308.641975  4382.716049  -0.00001576894583761467
  308.641975  4506.172840  -0.00001641135308530668
  308.641975  4629.629630  -0.00001687372264271210
  308.641975  4753.086420  -0.00001600384260265055
  308.641975  4876.543210  -0.00001215806972448410

  432.098765 -5000.000000  -0.00000116815851741696
  432.098765 -4876.543210  -0.00001447279165060441
  432.098765 -4753.086420  -0.00002013868251113359
  432.098765 -4629.629630  -0.00002151349652619332
  432.098765 -4506.172840  -0.00002080831230068678
  432.098765 -4382.716049  -0.00001972796828323360
  432.098765 -4259.259259  -0.00001917250113586160
  432.098765 -4135.802469  -0.00001936620185645563
  432.098765 -4012.345679  -0.00001999039159145529
  432.098765 -3888.888889  -0.00002088916202495324
  432.098765 -3765.432099  -0.00002176088649941272
  432.098765 -3641.975309  -0.00002272479676809276
  432.098765 -3518.518519  -0.00002280959761993694
  432.098765 -3395.061728  -0.00002257928776493853
  432.098765 -3271.604938  -0.00002249689058084450
  432.098765 -3148.148148  -0.00002212192641572025
  432.098765 -3024.691358  -0.00002182499544145571
  432.098765 -2901.234568  -0.00002217079429208030
  432.098765 -2777.777778  -0.00002363360066410929
  432.098765 -2654.320988  -0.00002564378348107297
  432.098765 -2530.864198  -0.00002455121902916253
  432.098765 -2407.407407  -0.00002299170707497201
  432.098765 -2283.950617  -0.00002540497171192938
  432.098765 -2160.493827  -0.00002608751777796966
  432.098765 -2037.037037  -0.00002613921355725088
  432.098765 -1913.580247  -0.00002628363708307832
  432.098765 -1790.123457  -0.00002754851539551428
  432.098765 -1666.666667  -0.00002964536100608152
  432.098765 -1543.209877  -0.00003202866479902927
  432.098765 -1419.753086  -0.00003417611415267262
  432.098765 -1296.296296  -0.00003745431184732070
  432.098765 -1172.839506  -0.00004115783587928435
  432.098765 -1049.382716  -0.00004763134628055019
  432.098765  -925.925926  -0.00005673542653559996
  432.098765  -802.469136  -0.00007085121831078787
  432.098765  -679.012346  -0.00009137659957844996
  432.098765  -555.555556  -0.00011973041948673862
  432.098765  -432.098765  -0.00015513038297379267
  432.098765  -308.641975  -0.00019425466451700527
  432.098765  -185.185185  -0.00022995916128429585
  432.098765   -61.728395  -0.00025031537642741320
  432.098765    61.728395  -0.00025031537642869066
  432.098765   185.185185  -0.00022995916128786665
  432.098765   308.641975  -0.00019425466452181468
  432.098765   432.098765  -0.00015513038297907295
  432.098765   555.555556  -0.00011973041949202318
  432.098765   679.012346  -0.00009137659958357088
  432.098765   802.469136  -0.00007085121831574975
  432.098765   925.925926  -0.00005673542654041623
  432.098765  1049.382716  -0.00004763134628525207
  432.098765  1172.839506  -0.00004115783588383512
  432.098765  1296.296296  -0.00003745431185186266
  432.098765  1419.753086  -0.00003417611415718730
  432.098765  1543.209877  -0.00003202866480365773
  432.098765  1666.666667  -0.00002964536101078697
  432.098765  1790.123457  -0.00002754851540035844
  432.098765  1913.580247  -0.00002628363708818656
  432.098765  2037.037037  -0.00002613921356272743
  432.098765  2160.493827  -0.00002608751778365869
  432.098765  2283.950617  -0.00002540497171756559
  432.098765  2407.407407  -0.00002299170708026375
  432.098765  2530.864198  -0.00002455121903535602
  432.098765  2654.320988  -0.00002564378348794614
  432.098765  2777.777778  -0.00002363360067062973
  432.098765  2901.234568  -0.00002217079429834070
  432.098765  3024.691358  -0.00002182499544780006
  432.098765  3148.148148  -0.00002212192642240075
  432.098765  3271.604938  -0.00002249689058795893
  432.098765  3395.061728  -0.00002257928777242152
  432.098765  3518.518519  -0.00002280959762779657
  432.098765  3641.975309  -0.00002272479677614135
  432.098765  3765.432099  -0.00002176088650736712
  432.098765  3888.888889  -0.00002088916203275574
  432.098765  4012.345679  -0.00001999039159908331
  432.098765  4135.802469  -0.00001936620186402410
  432.098765  4259.259259  -0.00001917250114356111
  432.098765  4382.716049  -0.00001972796829137063
  432.098765  4506.172840  -0.00002080831230949462
  432.098765  4629.629630  -0.00002151349653553746
  432.098765  4753.086420  -0.00002013868252011190
  432.098765  4876.543210  -0.00001447279165732129

  555.555556 -5000.000000  -0.00000086750687977108
  555.555556 -4876.543210  -0.00001689575144357425
  555.555556 -4753.086420  -0.00002433187498388813
  555.555556 -4629.629630  -0.00002619068389078980
  555.555556 -4506.172840  -0.00002524865854591160
  555.555556 -4382.716049  -0.00002374601276451658
  555.555556 -4259.259259  -0.00002298475055082896
  555.555556 -4135.802469  -0.00002329265636070433
  555.555556 -4012.345679  -0.00002413411133579136
  555.555556 -3888.888889  -0.00002522032248325014
  555.555556 -3765.432099  -0.00002642301994365240
  555.555556 -3641.975309  -0.00002758991294651639
  555.555556 -3518.518519  -0.00002771025385325774
  555.555556 -3395.061728  -0.00002740239978584857
  555.555556 -3271.604938  -0.00002724459173436786
  555.555556 -3148.148148  -0.00002674102649880047
  555.555556 -3024.691358  -0.00002638205275408946
  555.555556 -2901.234568  -0.00002685341445743786
  555.555556 -2777.777778  -0.00002870999485183829
  555.555556 -2654.320988  -0.00003121707264246300
  555.555556 -2530.864198  -0.00002994055096131569
  555.555556 -2407.407407  -0.00002773730039588474
  555.555556 -2283.950617  -0.00003057604343578268
  555.555556 -2160.493827  -0.00003168031905648268
  555.555556 -2037.037037  -0.00003195394066080856
  555.555556 -1913.580247  -0.00003214952711345857
  555.555556 -1790.123457  -0.00003349643531683107
  555.555556 -1666.666667  -0.00003576453125219212
  555.555556 -1543.209877  -0.00003841413968092122
  555.555556 -1419.753086  -0.00004088399579612122
  555.555556 -1296.296296  -0.00004476446168447747
  555.555556 -1172.839506  -0.00004911015936076043
  555.555556 -1049.382716  -0.00005639439881084981
  555.555556  -925.925926  -0.00006616517640988568
  555.555556  -802.469136  -0.00008080021253903948
  555.555556  -679.012346  -0.00010133788546580545
  555.555556  -555.555556  -0.00012894447176707588
  555.555556  -432.098765  -0.00016257290525041227
  555.555556  -308.641975  -0.00019894427403866353
  555.555556  -185.185185  -0.00023138312745206555
  555.555556   -61.728395  -0.00024896356873328637
  555.555556    61.728395  -0.00024896356873426969
  555.555556   185.185185  -0.00023138312745485238
  555.555556   308.641975  -0.00019894427404247962
  555.555556   432.098765  -0.00016257290525468728
  555.555556   555.555556  -0.00012894447177145733
  555.555556   679.012346  -0.00010133788547015699
  555.555556   802.469136  -0.00008080021254335436
  555.555556   925.925926  -0.00006616517641415339
  555.555556  1049.382716  -0.00005639439881508012
  555.555556  1172.839506  -0.00004911015936490008
  555.555556  1296.296296  -0.00004476446168863180
  555.555556  1419.753086  -0.00004088399580026899
  555.555556  1543.209877  -0.00003841413968518622
  555.555556  1666.666667  -0.00003576453125652887
  555.555556  1790.123457  -0.00003349643532129724
  555.555556  1913.580247  -0.00003214952711817904
  555.555556  2037.037037  -0.00003195394066588740
  555.555556  2160.493827  -0.00003168031906176146
  555.555556  2283.950617  -0.00003057604344099865
  555.555556  2407.407407  -0.00002773730040075841
  555.555556  2530.864198  -0.00002994055096710696
  555.555556  2654.320988  -0.00003121707264883136
  555.555556  2777.777778  -0.00002870999485786184
  555.555556  2901.234568  -0.00002685341446323614
  555.555556  3024.691358  -0.00002638205275998811
  555.555556  3148.148148  -0.00002674102650501825
  555.555556  3271.604938  -0.00002724459174097204
  555.555556  3395.061728  -0.00002740239979276581
  555.555556  3518.518519  -0.00002771025386050287
  555.555556  3641.975309  -0.00002758991295393013
  555.555556  3765.432099  -0.00002642301995096836
  555.555556  3888.888889  -0.00002522032249044744
  555.555556  4012.345679  -0.00002413411134282787
  555.555556  4135.802469  -0.00002329265636769741
  555.555556  4259.259259  -0.00002298475055794694
  555.555556  4382.716049  -0.00002374601277200523
  555.555556  4506.172840  -0.00002524865855395925
  555.555556  4629.629630  -0.00002619068389928573
  555.555556  4753.086420  -0.00002433187499205603
  555.555556  4876.543210  -0.00001689575144977902

  679.012346 -5000.000000  -0.00000118223252176420
  679.012346 -4876.543210  -0.00002097644272597413
  679.012346 -4753.086420  -0.00002998721781872877
  679.012346 -4629.629630  -0.00003221536890956407
  679.012346 -4506.172840  -0.00003106654916500347
  679.012346 -4382.716049  -0.00002925325907985938
  679.012346 -4259.259259  -0.00002832354057020929
  679.012346 -4135.802469  -0.00002866796992009671
  679.012346 -4012.345679  -0.00002967029456266265
  679.012346 -3888.888889  -0.00003100205216065994
  679.012346 -3765.432099  -0.00003244360513396757
  679.012346 -3641.975309  -0.00003385954366822229
  679.012346 -3518.518519  -0.00003401737882780674
  679.012346 -3395.061728  -0.00003363791526867049
  679.012346 -3271.604938  -0.00003342851229601341
  679.012346 -3148.148148  -0.00003280059055254199
  679.012346 -3024.691358  -0.00003235393835804135
  679.012346 -2901.234568  -0.00003290651146921530
  679.012346 -2777.777778  -0.00003513411144773946
  679.012346 -2654.320988  -0.00003817687832769486
  679.012346 -2530.864198  -0.00003679655368582515
  679.012346 -2407.407407  -0.00003409891440546316
  679.012346 -2283.950617  -0.00003747618657691409
  679.012346 -2160.493827  -0.00003905751438391079
  679.012346 -2037.037037  -0.00003952333176585386
  679.012346 -1913.580247  -0.00003968591608406547
  679.012346 -1790.123457  -0.00004102157028706648
  679.012346 -1666.666667  -0.00004337808695259943
  679.012346 -1543.209877  -0.00004621266959271744
  679.012346 -1419.753086  -0.00004889064445094999
  679.012346 -1296.296296  -0.00005321296174640925
  679.012346 -1172.839506  -0.00005792184603820800
  679.012346 -1049.382716  -0.00006552255334700719
  679.012346  -925.925926  -0.00007515641163648724
  679.012346  -802.469136  -0.00008910764090739345
  679.012346  -679.012346  -0.00010792130526950625
  679.012346  -555.555556  -0.00013247574386484237
  679.012346  -432.098765  -0.00016156247319606571
  679.012346  -308.641975  -0.00019228030075591526
  679.012346  -185.185185  -0.00021900039081449840
  679.012346   -61.728395  -0.00023262552497619766
  679.012346    61.728395  -0.00023262552497692663
  679.012346   185.185185  -0.00021900039081660495
  679.012346   308.641975  -0.00019228030075886098
  679.012346   432.098765  -0.00016156247319945344
  679.012346   555.555556  -0.00013247574386842016
  679.012346   679.012346  -0.00010792130527317443
  679.012346   802.469136  -0.00008910764091113876
  679.012346   925.925926  -0.00007515641164028217
  679.012346  1049.382716  -0.00006552255335084297
  679.012346  1172.839506  -0.00005792184604201700
  679.012346  1296.296296  -0.00005321296175026220
  679.012346  1419.753086  -0.00004889064445482150
  679.012346  1543.209877  -0.00004621266959671509
  679.012346  1666.666667  -0.00004337808695666977
  679.012346  1790.123457  -0.00004102157029126403
  679.012346  1913.580247  -0.00003968591608851568
  679.012346  2037.037037  -0.00003952333177066096
  679.012346  2160.493827  -0.00003905751438891526
  679.012346  2283.950617  -0.00003747618658185190
  679.012346  2407.407407  -0.00003409891441005812
  679.012346  2530.864198  -0.00003679655369133711
  679.012346  2654.320988  -0.00003817687833372086
  679.012346  2777.777778  -0.00003513411145342560
  679.012346  2901.234568  -0.00003290651147469764
  679.012346  3024.691358  -0.00003235393836363425
  679.012346  3148.148148  -0.00003280059055844387
  679.012346  3271.604938  -0.00003342851230227205
  679.012346  3395.061728  -0.00003363791527520883
  679.012346  3518.518519  -0.00003401737883464217
  679.012346  3641.975309  -0.00003385954367521517
  679.012346  3765.432099  -0.00003244360514085640
  679.012346  3888.888889  -0.00003100205216745457
  679.012346  4012.345679  -0.00002967029456930564
  679.012346  4135.802469  -0.00002866796992670713
  679.012346  4259.259259  -0.00002832354057694132
  679.012346  4382.716049  -0.00002925325908692248
  679.012346  4506.172840  -0.00003106654917255840
  679.012346  4629.629630  -0.00003221536891751426
  679.012346  4753.086420  -0.00002998721782637578
  679.012346  4876.543210  -0.00002097644273184371

  802.469136 -5000.000000  -0.00000207790983314577
  802.469136 -4876.543210  -0.00002644765840300828
  802.469136 -4753.086420  -0.00003676603089669932
  802.469136 -4629.629630  -0.00003923170304904490
  802.469136 -4506.172840  -0.00003791438596914372
  802.469136 -4382.716049  -0.00003591293173550324
  802.469136 -4259.259259  -0.00003485888633544849
  802.469136 -4135.802469  -0.00003516422134014625
  802.469136 -4012.345679  -0.00003626545840639974
  802.469136 -3888.888889  -0.00003788651517351910
  802.469136 -3765.432099  -0.00003946476631635413
  802.469136 -3641.975309  -0.00004115682954947315
  802.469136 -3518.518519  -0.00004134365425934919
  802.469136 -3395.061728  -0.00004090040014106094
  802.469136 -3271.604938  -0.00004066971793847150
  802.469136 -3148.148148  -0.00003992981989319910
  802.469136 -3024.691358  -0.00003937130971407008
  802.469136 -2901.234568  -0.00003995625845162705
  802.469136 -2777.777778  -0.00004251984113731390
  802.469136 -2654.320988  -0.00004610892704659985
  802.469136 -2530.864198  -0.00004463415001189891
  802.469136 -2407.407407  -0.00004144666126475849
  802.469136 -2283.950617  -0.00004542582971611894
  802.469136 -2160.493827  -0.00004748527848508059
  802.469136 -2037.037037  -0.00004808415350174782
  802.469136 -1913.580247  -0.00004812627462895747
  802.469136 -1790.123457  -0.00004937457846683994
  802.469136 -1666.666667  -0.00005175671499605601
  802.469136 -1543.209877  -0.00005470123579913915
  802.469136 -1419.753086  -0.00005745873709457904
  802.469136 -1296.296296  -0.00006203089066123532
  802.469136 -1172.839506  -0.00006679651430597394
  802.469136 -1049.382716  -0.00007425862867598474
  802.469136  -925.925926  -0.00008311261927555639
  802.469136  -802.469136  -0.00009552285656277290
  802.469136  -679.012346  -0.00011154146556260094
  802.469136  -555.555556  -0.00013182462073645475
  802.469136  -432.098765  -0.00015513776097365048
  802.469136  -308.641975  -0.00017915086175563223
  802.469136  -185.185185  -0.00019949491060762453
  802.469136   -61.728395  -0.00020909202133028844
  802.469136    61.728395  -0.00020909202133082241
  802.469136   185.185185  -0.00019949491060920708
  802.469136   308.641975  -0.00017915086175790073
  802.469136   432.098765  -0.00015513776097633768
  802.469136   555.555556  -0.00013182462073939197
  802.469136   679.012346  -0.00011154146556572109
  802.469136   802.469136  -0.00009552285656606548
  802.469136   925.925926  -0.00008311261927898432
  802.469136  1049.382716  -0.00007425862867952534
  802.469136  1172.839506  -0.00006679651430954775
  802.469136  1296.296296  -0.00006203089066488744
  802.469136  1419.753086  -0.00005745873709827699
  802.469136  1543.209877  -0.00005470123580297611
  802.469136  1666.666667  -0.00005175671499997296
  802.469136  1790.123457  -0.00004937457847088927
  802.469136  1913.580247  -0.00004812627463326463
  802.469136  2037.037037  -0.00004808415350641748
  802.469136  2160.493827  -0.00004748527848995452
  802.469136  2283.950617  -0.00004542582972093077
  802.469136  2407.407407  -0.00004144666126922534
  802.469136  2530.864198  -0.00004463415001726630
  802.469136  2654.320988  -0.00004610892705246783
  802.469136  2777.777778  -0.00004251984114284402
  802.469136  2901.234568  -0.00003995625845695830
  802.469136  3024.691358  -0.00003937130971951365
  802.469136  3148.148148  -0.00003992981989894905
  802.469136  3271.604938  -0.00004066971794457095
  802.469136  3395.061728  -0.00004090040014743178
  802.469136  3518.518519  -0.00004134365426600949
  802.469136  3641.975309  -0.00004115682955628891
  802.469136  3765.432099  -0.00003946476632306714
  802.469136  3888.888889  -0.00003788651518014321
  802.469136  4012.345679  -0.00003626545841287663
  802.469136  4135.802469  -0.00003516422134659400
  802.469136  4259.259259  -0.00003485888634201815
  802.469136  4382.716049  -0.00003591293174239725
  802.469136  4506.172840  -0.00003791438597651751
  802.469136  4629.629630  -0.00003923170305680383
  802.469136  4753.086420  -0.00003676603090416421
  802.469136  4876.543210  -0.00002644765840874363

  925.925926 -5000.000000  -0.00000300314754835303
  925.925926 -4876.543210  -0.00003224199472465151
  925.925926 -4753.086420  -0.00004392446193724041
  925.925926 -4629.629630  -0.00004662247534684059
  925.925926 -4506.172840  -0.00004511620863052399
  925.925926 -4382.716049  -0.00004290891624641284
  925.925926 -4259.259259  -0.00004171462144773055
  925.925926 -4135.802469  -0.00004196680233434696
  925.925926 -4012.345679  -0.00004316373876008335
  925.925926 -3888.888889  -0.00004508652047961865
  925.925926 -3765.432099  -0.00004679767729639948
  925.925926 -3641.975309  -0.00004879514894505687
  925.925926 -3518.518519  -0.00004899811374924337
  925.925926 -3395.061728  -0.00004847960906385716
  925.925926 -3271.604938  -0.00004822463269850296
  925.925926 -3148.148148  -0.00004735910141689009
  925.925926 -3024.691358  -0.00004666745176149906
  925.925926 -2901.234568  -0.00004727209766275211
  925.925926 -2777.777778  -0.00005018621289903274
  925.925926 -2654.320988  -0.00005434816924446780
  925.925926 -2530.864198  -0.00005270111795899677
  925.925926 -2407.407407  -0.00004892500458635561
  925.925926 -2283.950617  -0.00005353362604486622
  925.925926 -2160.493827  -0.00005604476227339243
  925.925926 -2037.037037  -0.00005671517367309058
  925.925926 -1913.580247  -0.00005656609292239358
  925.925926 -1790.123457  -0.00005767747353490198
  925.925926 -1666.666667  -0.00006004916320472762
  925.925926 -1543.209877  -0.00006304947599316136
  925.925926 -1419.753086  -0.00006577796440757354
  925.925926 -1296.296296  -0.00007042628592159703
  925.925926 -1172.839506  -0.00007503097810732042
  925.925926 -1049.382716  -0.00008202525871433664
  925.925926  -925.925926  -0.00008969712680837972
  925.925926  -802.469136  -0.00010011331428826641
  925.925926  -679.012346  -0.00011292274748447707
  925.925926  -555.555556  -0.00012867546450454068
  925.925926  -432.098765  -0.00014622191779569966
  925.925926  -308.641975  -0.00016385012000334360
  925.925926  -185.185185  -0.00017838178743684481
  925.925926   -61.728395  -0.00018453943188443572
  925.925926    61.728395  -0.00018453943188483514
  925.925926   185.185185  -0.00017838178743806462
  925.925926   308.641975  -0.00016385012000513595
  925.925926   432.098765  -0.00014622191779788707
  925.925926   555.555556  -0.00012867546450701531
  925.925926   679.012346  -0.00011292274748720064
  925.925926   802.469136  -0.00010011331429123682
  925.925926   925.925926  -0.00008969712681155639
  925.925926  1049.382716  -0.00008202525871768957
  925.925926  1172.839506  -0.00007503097811076002
  925.925926  1296.296296  -0.00007042628592515131
  925.925926  1419.753086  -0.00006577796441120121
  925.925926  1543.209877  -0.00006304947599694498
  925.925926  1666.666667  -0.00006004916320860424
  925.925926  1790.123457  -0.00005767747353892207
  925.925926  1913.580247  -0.00005656609292668355
  925.925926  2037.037037  -0.00005671517367775606
  925.925926  2160.493827  -0.00005604476227827661
  925.925926  2283.950617  -0.00005353362604969910
  925.925926  2407.407407  -0.00004892500459084014
  925.925926  2530.864198  -0.00005270111796436342
  925.925926  2654.320988  -0.00005434816925036826
  925.925926  2777.777778  -0.00005018621290459289
  925.925926  2901.234568  -0.00004727209766810286
  925.925926  3024.691358  -0.00004666745176695737
  925.925926  3148.148148  -0.00004735910142265975
  925.925926  3271.604938  -0.00004822463270463569
  925.925926  3395.061728  -0.00004847960907027691
  925.925926  3518.518519  -0.00004899811375596591
  925.925926  3641.975309  -0.00004879514895194177
  925.925926  3765.432099  -0.00004679767730318513
  925.925926  3888.888889  -0.00004508652048630542
  925.925926  4012.345679  -0.00004316373876662193
  925.925926  4135.802469  -0.00004196680234085315
  925.925926  4259.259259  -0.00004171462145436202
  925.925926  4382.716049  -0.00004290891625339241
  925.925926  4506.172840  -0.00004511620863802102
  925.925926  4629.629630  -0.00004662247535475214
  925.925926  4753.086420  -0.00004392446194485181
  925.925926  4876.543210  -0.00003224199473045352

 1049.382716 -5000.000000  -0.00000347059495251667
 1049.382716 -4876.543210  -0.00003658929596360994
 1049.382716 -4753.086420  -0.00004963832377674356
 1049.382716 -4629.629630  -0.00005260213964124562
 1049.382716 -4506.172840  -0.00005089282949717098
 1049.382716 -4382.716049  -0.00004841902413565531
 1049.382716 -4259.259259  -0.00004706116637006765
 1049.382716 -4135.802469  -0.00004729918286688337
 1049.382716 -4012.345679  -0.00004860810949960208
 1049.382716 -3888.888889  -0.00005076906532370277
 1049.382716 -3765.432099  -0.00005264804564191483
 1049.382716 -3641.975309  -0.00005487138363973802
 1049.382716 -3518.518519  -0.00005508114670860689
 1049.382716 -3395.061728  -0.00005448021066289872
 1049.382716 -3271.604938  -0.00005417633183733665
 1049.382716 -3148.148148  -0.00005318023039583810
 1049.382716 -3024.691358  -0.00005236839525432675
 1049.382716 -2901.234568  -0.00005300364880507433
 1049.382716 -2777.777778  -0.00005623783640968400
 1049.382716 -2654.320988  -0.00006088796862369923
 1049.382716 -2530.864198  -0.00005903183870885607
 1049.382716 -2407.407407  -0.00005462442003505486
 1049.382716 -2283.950617  -0.00005973064646830748
 1049.382716 -2160.493827  -0.00006257785193945053
 1049.382716 -2037.037037  -0.00006326393313788769
 1049.382716 -1913.580247  -0.00006290656185324666
 1049.382716 -1790.123457  -0.00006385004291517184
 1049.382716 -1666.666667  -0.00006614791025125713
 1049.382716 -1543.209877  -0.00006910752825556572
 1049.382716 -1419.753086  -0.00007168812420811078
 1049.382716 -1296.296296  -0.00007620567280649230
 1049.382716 -1172.839506  -0.00008038547503023918
 1049.382716 -1049.382716  -0.00008663238501201135
 1049.382716  -925.925926  -0.00009287983568021623
 1049.382716  -802.469136  -0.00010109779502945877
 1049.382716  -679.012346  -0.00011067076508642115
 1049.382716  -555.555556  -0.00012212998413072533
 1049.382716  -432.098765  -0.00013448387218859166
 1049.382716  -308.641975  -0.00014658704987950821
 1049.382716  -185.185185  -0.00015626696054122323
 1049.382716   -61.728395  -0.00015973348761504102
 1049.382716    61.728395  -0.00015973348761535295
 1049.382716   185.185185  -0.00015626696054219923
 1049.382716   308.641975  -0.00014658704988097161
 1049.382716   432.098765  -0.00013448387219042361
 1049.382716   555.555556  -0.00012212998413286007
 1049.382716   679.012346  -0.00011067076508884428
 1049.382716   802.469136  -0.00010109779503217769
 1049.382716   925.925926  -0.00009287983568319319
 1049.382716  1049.382716  -0.00008663238501521340
 1049.382716  1172.839506  -0.00008038547503357087
 1049.382716  1296.296296  -0.00007620567280997095
 1049.382716  1419.753086  -0.00007168812421168886
 1049.382716  1543.209877  -0.00006910752825931647
 1049.382716  1666.666667  -0.00006614791025511454
 1049.382716  1790.123457  -0.00006385004291918509
 1049.382716  1913.580247  -0.00006290656185754109
 1049.382716  2037.037037  -0.00006326393314256905
 1049.382716  2160.493827  -0.00006257785194436544
 1049.382716  2283.950617  -0.00005973064647318477
 1049.382716  2407.407407  -0.00005462442003958683
 1049.382716  2530.864198  -0.00005903183871425009
 1049.382716  2654.320988  -0.00006088796862967726
 1049.382716  2777.777778  -0.00005623783641532216
 1049.382716  2901.234568  -0.00005300364881048743
 1049.382716  3024.691358  -0.00005236839525983787
 1049.382716  3148.148148  -0.00005318023040166610
 1049.382716  3271.604938  -0.00005417633184354792
 1049.382716  3395.061728  -0.00005448021066942199
 1049.382716  3518.518519  -0.00005508114671545478
 1049.382716  3641.975309  -0.00005487138364675742
 1049.382716  3765.432099  -0.00005264804564884139
 1049.382716  3888.888889  -0.00005076906533051539
 1049.382716  4012.345679  -0.00004860810950626418
 1049.382716  4135.802469  -0.00004729918287350645
 1049.382716  4259.259259  -0.00004706116637681997
 1049.382716  4382.716049  -0.00004841902414279089
 1049.382716  4506.172840  -0.00005089282950488131
 1049.382716  4629.629630  -0.00005260213964941525
 1049.382716  4753.086420  -0.00004963832378460284
 1049.382716  4876.543210  -0.00003658929596953278

 1172.839506 -5000.000000  -0.00000364193307117434
 1172.839506 -4876.543210  -0.00004050639120378101
 1172.839506 -4753.086420  -0.00005515544185437573
 1172.839506 -4629.629630  -0.00005846591435987588
 1172.839506 -4506.172840  -0.00005650914264742944
 1172.839506 -4382.716049  -0.00005367667622088570
 1172.839506 -4259.259259  -0.00005211378711005342
 1172.839506 -4135.802469  -0.00005237058449099262
 1172.839506 -4012.345679  -0.00005382961400688592
 1172.839506 -3888.888889  -0.00005621893257941793
 1172.839506 -3765.432099  -0.00005832572901062872
 1172.839506 -3641.975309  -0.00006080175101396168
 1172.839506 -3518.518519  -0.00006101760138161830
 1172.839506 -3395.061728  -0.00006031928298626446
 1172.839506 -3271.604938  -0.00005993988283733721
 1172.839506 -3148.148148  -0.00005879063883798731
 1172.839506 -3024.691358  -0.00005785706840394397
 1172.839506 -2901.234568  -0.00005854499813784673
 1172.839506 -2777.777778  -0.00006212969769539109
 1172.839506 -2654.320988  -0.00006728013750393725
 1172.839506 -2530.864198  -0.00006517364192290343
 1172.839506 -2407.407407  -0.00006021212574976031
 1172.839506 -2283.950617  -0.00006584403557971012
 1172.839506 -2160.493827  -0.00006897595347460253
 1172.839506 -2037.037037  -0.00006963810247117499
 1172.839506 -1913.580247  -0.00006905370327862122
 1172.839506 -1790.123457  -0.00006983082512987945
 1172.839506 -1666.666667  -0.00007205688646375551
 1172.839506 -1543.209877  -0.00007496551183907543
 1172.839506 -1419.753086  -0.00007737122185327193
 1172.839506 -1296.296296  -0.00008169758252912489
 1172.839506 -1172.839506  -0.00008544769696923268
 1172.839506 -1049.382716  -0.00009092741172014129
 1172.839506  -925.925926  -0.00009582083057435335
 1172.839506  -802.469136  -0.00010207148091203709
 1172.839506  -679.012346  -0.00010890561729643379
 1172.839506  -555.555556  -0.00011690959336325426
 1172.839506  -432.098765  -0.00012524761128363074
 1172.839506  -308.641975  -0.00013321205264157915
 1172.839506  -185.185185  -0.00013935549700235103
 1172.839506   -61.728395  -0.00014093120957657678
 1172.839506    61.728395  -0.00014093120957683823
 1172.839506   185.185185  -0.00013935549700318383
 1172.839506   308.641975  -0.00013321205264284344
 1172.839506   432.098765  -0.00012524761128524236
 1172.839506   555.555556  -0.00011690959336517512
 1172.839506   679.012346  -0.00010890561729866812
 1172.839506   802.469136  -0.00010207148091460239
 1172.839506   925.925926  -0.00009582083057721608
 1172.839506  1049.382716  -0.00009092741172326829
 1172.839506  1172.839506  -0.00008544769697252505
 1172.839506  1296.296296  -0.00008169758253259104
 1172.839506  1419.753086  -0.00007737122185686158
 1172.839506  1543.209877  -0.00007496551184285561
 1172.839506  1666.666667  -0.00007205688646765743
 1172.839506  1790.123457  -0.00006983082513395139
 1172.839506  1913.580247  -0.00006905370328299032
 1172.839506  2037.037037  -0.00006963810247594795
 1172.839506  2160.493827  -0.00006897595347962632
 1172.839506  2283.950617  -0.00006584403558470856
 1172.839506  2407.407407  -0.00006021212575441207
 1172.839506  2530.864198  -0.00006517364192840897
 1172.839506  2654.320988  -0.00006728013751008939
 1172.839506  2777.777778  -0.00006212969770119849
 1172.839506  2901.234568  -0.00005854499814340945
 1172.839506  3024.691358  -0.00005785706840959597
 1172.839506  3148.148148  -0.00005879063884396683
 1172.839506  3271.604938  -0.00005993988284372749
 1172.839506  3395.061728  -0.00006031928299299807
 1172.839506  3518.518519  -0.00006101760138870478
 1172.839506  3641.975309  -0.00006080175102123232
 1172.839506  3765.432099  -0.00005832572901780863
 1172.839506  3888.888889  -0.00005621893258646676
 1172.839506  4012.345679  -0.00005382961401377898
 1172.839506  4135.802469  -0.00005237058449783905
 1172.839506  4259.259259  -0.00005211378711703574
 1172.839506  4382.716049  -0.00005367667622829403
 1172.839506  4506.172840  -0.00005650914265548187
 1172.839506  4629.629630  -0.00005846591436844213
 1172.839506  4753.086420  -0.00005515544186261665
 1172.839506  4876.543210  -0.00004050639120992246

 1296.296296 -5000.000000  -0.00000291148002621698
 1296.296296 -4876.543210  -0.00004210941978092137
 1296.296296 -4753.086420  -0.00005860296764531817
 1296.296296 -4629.629630  -0.00006235514073517210
 1296.296296 -4506.172840  -0.00006008579953758090
 1296.296296 -4382.716049  -0.00005671936996858060
 1296.296296 -4259.259259  -0.00005486023133187099
 1296.296296 -4135.802469  -0.00005520911862329946
 1296.296296 -4012.345679  -0.00005686604788093737
 1296.296296 -3888.888889  -0.00005939641849032648
 1296.296296 -3765.432099  -0.00006179814814428740
 1296.296296 -3641.975309  -0.00006445505542916114
 1296.296296 -3518.518519  -0.00006463685994182032
 1296.296296 -3395.061728  -0.00006380849584751676
 1296.296296 -3271.604938  -0.00006331951762521324
 1296.296296 -3148.148148  -0.00006198848418273629
 1296.296296 -3024.691358  -0.00006092001613148003
 1296.296296 -2901.234568  -0.00006167953262572956
 1296.296296 -2777.777778  -0.00006564477902557708
 1296.296296 -2654.320988  -0.00007124590476252631
 1296.296296 -2530.864198  -0.00006858350542954635
 1296.296296 -2407.407407  -0.00006241612299816612
 1296.296296 -2283.950617  -0.00006833875352941333
 1296.296296 -2160.493827  -0.00007165095662617977
 1296.296296 -2037.037037  -0.00007224108714611852
 1296.296296 -1913.580247  -0.00007140126696798108
 1296.296296 -1790.123457  -0.00007199329452234003
 1296.296296 -1666.666667  -0.00007411294366564172
 1296.296296 -1543.209877  -0.00007690642588851872
 1296.296296 -1419.753086  -0.00007901502064357221
 1296.296296 -1296.296296  -0.00008298495212127238
 1296.296296 -1172.839506  -0.00008613593674739722
 1296.296296 -1049.382716  -0.00009076003418559774
 1296.296296  -925.925926  -0.00009437220828288318
 1296.296296  -802.469136  -0.00009891887403393033
 1296.296296  -679.012346  -0.00010354967415665958
 1296.296296  -555.555556  -0.00010895164515237523
 1296.296296  -432.098765  -0.00011442513117319526
 1296.296296  -308.641975  -0.00011958163133043381
 1296.296296  -185.185185  -0.00012343742145343666
 1296.296296   -61.728395  -0.00012389844427030877
 1296.296296    61.728395  -0.00012389844427053789
 1296.296296   185.185185  -0.00012343742145416646
 1296.296296   308.641975  -0.00011958163133154452
 1296.296296   432.098765  -0.00011442513117462238
 1296.296296   555.555556  -0.00010895164515409874
 1296.296296   679.012346  -0.00010354967415869609
 1296.296296   802.469136  -0.00009891887403630761
 1296.296296   925.925926  -0.00009437220828557288
 1296.296296  1049.382716  -0.00009076003418856958
 1296.296296  1172.839506  -0.00008613593675055407
 1296.296296  1296.296296  -0.00008298495212462132
 1296.296296  1419.753086  -0.00007901502064705934
 1296.296296  1543.209877  -0.00007690642589220568
 1296.296296  1666.666667  -0.00007411294366945776
 1296.296296  1790.123457  -0.00007199329452633298
 1296.296296  1913.580247  -0.00007140126697227621
 1296.296296  2037.037037  -0.00007224108715082141
 1296.296296  2160.493827  -0.00007165095663114014
 1296.296296  2283.950617  -0.00006833875353435677
 1296.296296  2407.407407  -0.00006241612300277343
 1296.296296  2530.864198  -0.00006858350543501156
 1296.296296  2654.320988  -0.00007124590476868209
 1296.296296  2777.777778  -0.00006564477903138893
 1296.296296  2901.234568  -0.00006167953263128332
 1296.296296  3024.691358  -0.00006092001613711524
 1296.296296  3148.148148  -0.00006198848418870195
 1296.296296  3271.604938  -0.00006331951763160358
 1296.296296  3395.061728  -0.00006380849585426693
 1296.296296  3518.518519  -0.00006463685994893876
 1296.296296  3641.975309  -0.00006445505543647077
 1296.296296  3765.432099  -0.00006179814815151175
 1296.296296  3888.888889  -0.00005939641849740953
 1296.296296  4012.345679  -0.00005686604788786327
 1296.296296  4135.802469  -0.00005520911863017414
 1296.296296  4259.259259  -0.00005486023133888345
 1296.296296  4382.716049  -0.00005671936997604656
 1296.296296  4506.172840  -0.00006008579954573345
 1296.296296  4629.629630  -0.00006235514074387018
 1296.296296  4753.086420  -0.00005860296765368614
 1296.296296  4876.543210  -0.00004210941978709775

 1419.753086 -5000.000000  -0.00000275459214041781
 1419.753086 -4876.543210  -0.00004478951985089894
 1419.753086 -4753.086420  -0.00006277272069021187
 1419.753086 -4629.629630  -0.00006686538372543773
 1419.753086 -4506.172840  -0.00006434575904258387
 1419.753086 -4382.716049  -0.00006059588801674690
 1419.753086 -4259.259259  -0.00005852410326408515
 1419.753086 -4135.802469  -0.00005891335673315367
 1419.753086 -4012.345679  -0.00006071925351633099
 1419.753086 -3888.888889  -0.00006341617646402380
 1419.753086 -3765.432099  -0.00006604761372579288
 1419.753086 -3641.975309  -0.00006890419631092391
 1419.753086 -3518.518519  -0.00006907931119143202
 1419.753086 -3395.061728  -0.00006814983486539447
 1419.753086 -3271.604938  -0.00006756961818415824
 1419.753086 -3148.148148  -0.00006609003115969930
 1419.753086 -3024.691358  -0.00006491266084911171
 1419.753086 -2901.234568  -0.00006572446515730916
 1419.753086 -2777.777778  -0.00006998968207137958
 1419.753086 -2654.320988  -0.00007598898764332496
 1419.753086 -2530.864198  -0.00007303759614741729
 1419.753086 -2407.407407  -0.00006635808376684369
 1419.753086 -2283.950617  -0.00007269123947605795
 1419.753086 -2160.493827  -0.00007613519203575002
 1419.753086 -2037.037037  -0.00007663217532747562
 1419.753086 -1913.580247  -0.00007556459261140020
 1419.753086 -1790.123457  -0.00007599803348394630
 1419.753086 -1666.666667  -0.00007802536851079892
 1419.753086 -1543.209877  -0.00008071718412673951
 1419.753086 -1419.753086  -0.00008259368641500482
 1419.753086 -1296.296296  -0.00008627243581559233
 1419.753086 -1172.839506  -0.00008897329495298570
 1419.753086 -1049.382716  -0.00009292398932085377
 1419.753086  -925.925926  -0.00009555660118757343
 1419.753086  -802.469136  -0.00009887241645857848
 1419.753086  -679.012346  -0.00010200641149549421
 1419.753086  -555.555556  -0.00010573341000361309
 1419.753086  -432.098765  -0.00010945412771460052
 1419.753086  -308.641975  -0.00011296513624427045
 1419.753086  -185.185185  -0.00011552697344608271
 1419.753086   -61.728395  -0.00011533749052554847
 1419.753086    61.728395  -0.00011533749052575850
 1419.753086   185.185185  -0.00011552697344675280
 1419.753086   308.641975  -0.00011296513624528726
 1419.753086   432.098765  -0.00010945412771591019
 1419.753086   555.555556  -0.00010573341000520582
 1419.753086   679.012346  -0.00010200641149739662
 1419.753086   802.469136  -0.00009887241646082505
 1419.753086   925.925926  -0.00009555660119014148
 1419.753086  1049.382716  -0.00009292398932371619
 1419.753086  1172.839506  -0.00008897329495604787
 1419.753086  1296.296296  -0.00008627243581885642
 1419.753086  1419.753086  -0.00008259368641841936
 1419.753086  1543.209877  -0.00008071718413036256
 1419.753086  1666.666667  -0.00007802536851455769
 1419.753086  1790.123457  -0.00007599803348788754
 1419.753086  1913.580247  -0.00007556459261565048
 1419.753086  2037.037037  -0.00007663217533214086
 1419.753086  2160.493827  -0.00007613519204067987
 1419.753086  2283.950617  -0.00007269123948097482
 1419.753086  2407.407407  -0.00006635808377142318
 1419.753086  2530.864198  -0.00007303759615285783
 1419.753086  2654.320988  -0.00007598898764947767
 1419.753086  2777.777778  -0.00006998968207718622
 1419.753086  2901.234568  -0.00006572446516285116
 1419.753086  3024.691358  -0.00006491266085473257
 1419.753086  3148.148148  -0.00006609003116565456
 1419.753086  3271.604938  -0.00006756961819054586
 1419.753086  3395.061728  -0.00006814983487215099
 1419.753086  3518.518519  -0.00006907931119856549
 1419.753086  3641.975309  -0.00006890419631825395
 1419.753086  3765.432099  -0.00006604761373303741
 1419.753086  3888.888889  -0.00006341617647112476
 1419.753086  4012.345679  -0.00006071925352327469
 1419.753086  4135.802469  -0.00005891335674004514
 1419.753086  4259.259259  -0.00005852410327111807
 1419.753086  4382.716049  -0.00006059588802424874
 1419.753086  4506.172840  -0.00006434575905079490
 1419.753086  4629.629630  -0.00006686538373421196
 1419.753086  4753.086420  -0.00006277272069865489
 1419.753086  4876.543210  -0.00004478951985710635

 1543.209877 -5000.000000  -0.00000313846980841105
 1543.209877 -4876.543210  -0.00004776465452524547
 1543.209877 -4753.086420  -0.00006658810859775852
 1543.209877 -4629.629630  -0.00007081782469195257
 1543.209877 -4506.172840  -0.00006815053381152388
 1543.209877 -4382.716049  -0.00006422452322738983
 1543.209877 -4259.259259  -0.00006203862448564262
 1543.209877 -4135.802469  -0.00006239950632892667
 1543.209877 -4012.345679  -0.00006425981632332354
 1543.209877 -3888.888889  -0.00006710413905168088
 1543.209877 -3765.432099  -0.00006983123265549448
 1543.209877 -3641.975309  -0.00007282361288759470
 1543.209877 -3518.518519  -0.00007299886868850602
 1543.209877 -3395.061728  -0.00007200053043039498
 1543.209877 -3271.604938  -0.00007136987223144126
 1543.209877 -3148.148148  -0.00006979035462049376
 1543.209877 -3024.691358  -0.00006852394575500233
 1543.209877 -2901.234568  -0.00006933862409255292
 1543.209877 -2777.777778  -0.00007377006464410846
 1543.209877 -2654.320988  -0.00008003541854800191
 1543.209877 -2530.864198  -0.00007695634957815685
 1543.209877 -2407.407407  -0.00006996646991820115
 1543.209877 -2283.950617  -0.00007662994960477249
 1543.209877 -2160.493827  -0.00008011416141606594
 1543.209877 -2037.037037  -0.00008049337913558369
 1543.209877 -1913.580247  -0.00007920918784474229
 1543.209877 -1790.123457  -0.00007948611766636624
 1543.209877 -1666.666667  -0.00008139092423679943
 1543.209877 -1543.209877  -0.00008393480048229988
 1543.209877 -1419.753086  -0.00008555060936611512
 1543.209877 -1296.296296  -0.00008891557864905859
 1543.209877 -1172.839506  -0.00009112811722236804
 1543.209877 -1049.382716  -0.00009447717978898474
 1543.209877  -925.925926  -0.00009631277745291779
 1543.209877  -802.469136  -0.00009871983454291608
 1543.209877  -679.012346  -0.00010084173795943028
 1543.209877  -555.555556  -0.00010353899071499788
 1543.209877  -432.098765  -0.00010627493740248404
 1543.209877  -308.641975  -0.00010894170099278351
 1543.209877  -185.185185  -0.00011089021207163043
 1543.209877   -61.728395  -0.00011037841467303895
 1543.209877    61.728395  -0.00011037841467322953
 1543.209877   185.185185  -0.00011089021207224066
 1543.209877   308.641975  -0.00010894170099370457
 1543.209877   432.098765  -0.00010627493740366831
 1543.209877   555.555556  -0.00010353899071644337
 1543.209877   679.012346  -0.00010084173796116960
 1543.209877   802.469136  -0.00009871983454498925
 1543.209877   925.925926  -0.00009631277745530758
 1543.209877  1049.382716  -0.00009447717979166696
 1543.209877  1172.839506  -0.00009112811722525302
 1543.209877  1296.296296  -0.00008891557865214664
 1543.209877  1419.753086  -0.00008555060936935723
 1543.209877  1543.209877  -0.00008393480048575151
 1543.209877  1666.666667  -0.00008139092424038731
 1543.209877  1790.123457  -0.00007948611767013601
 1543.209877  1913.580247  -0.00007920918784881821
 1543.209877  2037.037037  -0.00008049337914007032
 1543.209877  2160.493827  -0.00008011416142081442
 1543.209877  2283.950617  -0.00007662994960950778
 1543.209877  2407.407407  -0.00006996646992260068
 1543.209877  2530.864198  -0.00007695634958340888
 1543.209877  2654.320988  -0.00008003541855394677
 1543.209877  2777.777778  -0.00007377006464971094
 1543.209877  2901.234568  -0.00006933862409789747
 1543.209877  3024.691358  -0.00006852394576042734
 1543.209877  3148.148148  -0.00006979035462624732
 1543.209877  3271.604938  -0.00007136987223761625
 1543.209877  3395.061728  -0.00007200053043692748
 1543.209877  3518.518519  -0.00007299886869540533
 1543.209877  3641.975309  -0.00007282361289468786
 1543.209877  3765.432099  -0.00006983123266250488
 1543.209877  3888.888889  -0.00006710413905855590
 1543.209877  4012.345679  -0.00006425981633004708
 1543.209877  4135.802469  -0.00006239950633560305
 1543.209877  4259.259259  -0.00006203862449246100
 1543.209877  4382.716049  -0.00006422452323466684
 1543.209877  4506.172840  -0.00006815053381949142
 1543.209877  4629.629630  -0.00007081782470046883
 1543.209877  4753.086420  -0.00006658810860595746
 1543.209877  4876.543210  -0.00004776465453127657

 1666.666667 -5000.000000  -0.00000170250389643420
 1666.666667 -4876.543210  -0.00004824728782278851
 1666.666667 -4753.086420  -0.00006922451819549842
 1666.666667 -4629.629630  -0.00007400443269043878
 1666.666667 -4506.172840  -0.00007091986465005887
 1666.666667 -4382.716049  -0.00006627693776830264
 1666.666667 -4259.259259  -0.00006370357373914473
 1666.666667 -4135.802469  -0.00006418557564829861
 1666.666667 -4012.345679  -0.00006628515122769060
 1666.666667 -3888.888889  -0.00006922000086369755
 1666.666667 -3765.432099  -0.00007234340422323104
 1666.666667 -3641.975309  -0.00007549127655667082
 1666.666667 -3518.518519  -0.00007559932274419556
 1666.666667 -3395.061728  -0.00007444139211442378
 1666.666667 -3271.604938  -0.00007364428940539776
 1666.666667 -3148.148148  -0.00007183244866477151
 1666.666667 -3024.691358  -0.00007040077205599027
 1666.666667 -2901.234568  -0.00007129153019711675
 1666.666667 -2777.777778  -0.00007614397304755831
 1666.666667 -2654.320988  -0.00008289316920547817
 1666.666667 -2530.864198  -0.00007918737422009571
 1666.666667 -2407.407407  -0.00007107266841493297
 1666.666667 -2283.950617  -0.00007800865384883483
 1666.666667 -2160.493827  -0.00008163027873146677
 1666.666667 -2037.037037  -0.00008188046346791408
 1666.666667 -1913.580247  -0.00008032519123247526
 1666.666667 -1790.123457  -0.00008040951238129529
 1666.666667 -1666.666667  -0.00008222325945947897
 1666.666667 -1543.209877  -0.00008466230071982098
 1666.666667 -1419.753086  -0.00008601057501295762
 1666.666667 -1296.296296  -0.00008905790644814450
 1666.666667 -1172.839506  -0.00009091457853317406
 1666.666667 -1049.382716  -0.00009377224992495596
 1666.666667  -925.925926  -0.00009505367780604355
 1666.666667  -802.469136  -0.00009686893404305839
 1666.666667  -679.012346  -0.00009841314383704044
 1666.666667  -555.555556  -0.00010061386565022259
 1666.666667  -432.098765  -0.00010297976289389952
 1666.666667  -308.641975  -0.00010541415798130105
 1666.666667  -185.185185  -0.00010722841248425503
 1666.666667   -61.728395  -0.00010657934457472052
 1666.666667    61.728395  -0.00010657934457489131
 1666.666667   185.185185  -0.00010722841248480564
 1666.666667   308.641975  -0.00010541415798212883
 1666.666667   432.098765  -0.00010297976289496227
 1666.666667   555.555556  -0.00010061386565152242
 1666.666667   679.012346  -0.00009841314383861495
 1666.666667   802.469136  -0.00009686893404495039
 1666.666667   925.925926  -0.00009505367780824023
 1666.666667  1049.382716  -0.00009377224992743561
 1666.666667  1172.839506  -0.00009091457853585319
 1666.666667  1296.296296  -0.00008905790645101978
 1666.666667  1419.753086  -0.00008601057501598658
 1666.666667  1543.209877  -0.00008466230072305666
 1666.666667  1666.666667  -0.00008222325946284657
 1666.666667  1790.123457  -0.00008040951238483844
 1666.666667  1913.580247  -0.00008032519123631776
 1666.666667  2037.037037  -0.00008188046347215849
 1666.666667  2160.493827  -0.00008163027873596434
 1666.666667  2283.950617  -0.00007800865385331253
 1666.666667  2407.407407  -0.00007107266841908263
 1666.666667  2530.864198  -0.00007918737422512147
 1666.666667  2654.320988  -0.00008289316921117035
 1666.666667  2777.777778  -0.00007614397305290827
 1666.666667  2901.234568  -0.00007129153020221608
 1666.666667  3024.691358  -0.00007040077206117327
 1666.666667  3148.148148  -0.00007183244867027740
 1666.666667  3271.604938  -0.00007364428941130983
 1666.666667  3395.061728  -0.00007444139212067653
 1666.666667  3518.518519  -0.00007559932275079933
 1666.666667  3641.975309  -0.00007549127656346339
 1666.666667  3765.432099  -0.00007234340422994017
 1666.666667  3888.888889  -0.00006922000087028093
 1666.666667  4012.345679  -0.00006628515123412934
 1666.666667  4135.802469  -0.00006418557565469524
 1666.666667  4259.259259  -0.00006370357374568190
 1666.666667  4382.716049  -0.00006627693777528260
 1666.666667  4506.172840  -0.00007091986465770208
 1666.666667  4629.629630  -0.00007400443269860761
 1666.666667  4753.086420  -0.00006922451820336421
 1666.666667  4876.543210  -0.00004824728782857665

 1790.123457 -5000.000000  -0.00000073151300366528
 1790.123457 -4876.543210  -0.00005001558616658574
 1790.123457 -4753.086420  -0.00007299597100673121
 1790.123457 -4629.629630  -0.00007822391469841170
 1790.123457 -4506.172840  -0.00007474048093316335
 1790.123457 -4382.716049  -0.00006945998989701280
 1790.123457 -4259.259259  -0.00006651722856743261
 1790.123457 -4135.802469  -0.00006704990854757696
 1790.123457 -4012.345679  -0.00006933821929967734
 1790.123457 -3888.888889  -0.00007240813199466563
 1790.123457 -3765.432099  -0.00007584859156752257
 1790.123457 -3641.975309  -0.00007918875785793950
 1790.123457 -3518.518519  -0.00007922728623829171
 1790.123457 -3395.061728  -0.00007791166820451168
 1790.123457 -3271.604938  -0.00007696594557588379
 1790.123457 -3148.148148  -0.00007492061472682984
 1790.123457 -3024.691358  -0.00007329561642562065
 1790.123457 -2901.234568  -0.00007422149037656218
 1790.123457 -2777.777778  -0.00007948134668690793
 1790.123457 -2654.320988  -0.00008676153926808078
 1790.123457 -2530.864198  -0.00008250379003756084
 1790.123457 -2407.407407  -0.00007345491097373891
 1790.123457 -2283.950617  -0.00008077774732145314
 1790.123457 -2160.493827  -0.00008458365990330790
 1790.123457 -2037.037037  -0.00008469235325794271
 1790.123457 -1913.580247  -0.00008283225721791429
 1790.123457 -1790.123457  -0.00008270663576115567
 1790.123457 -1666.666667  -0.00008443802527319603
 1790.123457 -1543.209877  -0.00008679935598129592
 1790.123457 -1419.753086  -0.00008791037837719617
 1790.123457 -1296.296296  -0.00009071512879260942
 1790.123457 -1172.839506  -0.00009229075212796183
 1790.123457 -1049.382716  -0.00009479381105518960
 1790.123457  -925.925926  -0.00009566832919738344
 1790.123457  -802.469136  -0.00009709116325695287
 1790.123457  -679.012346  -0.00009829045836033423
 1790.123457  -555.555556  -0.00010026717497192941
 1790.123457  -432.098765  -0.00010254605892910995
 1790.123457  -308.641975  -0.00010500961377883553
 1790.123457  -185.185185  -0.00010687571705467884
 1790.123457   -61.728395  -0.00010611246799956639
 1790.123457    61.728395  -0.00010611246799971838
 1790.123457   185.185185  -0.00010687571705517493
 1790.123457   308.641975  -0.00010500961377957927
 1790.123457   432.098765  -0.00010254605893006409
 1790.123457   555.555556  -0.00010026717497310008
 1790.123457   679.012346  -0.00009829045836176206
 1790.123457   802.469136  -0.00009709116325868193
 1790.123457   925.925926  -0.00009566832919940422
 1790.123457  1049.382716  -0.00009479381105748201
 1790.123457  1172.839506  -0.00009229075213044766
 1790.123457  1296.296296  -0.00009071512879528303
 1790.123457  1419.753086  -0.00008791037838002106
 1790.123457  1543.209877  -0.00008679935598432285
 1790.123457  1666.666667  -0.00008443802527634873
 1790.123457  1790.123457  -0.00008270663576447709
 1790.123457  1913.580247  -0.00008283225722152790
 1790.123457  2037.037037  -0.00008469235326194943
 1790.123457  2160.493827  -0.00008458365990755831
 1790.123457  2283.950617  -0.00008077774732567484
 1790.123457  2407.407407  -0.00007345491097763585
 1790.123457  2530.864198  -0.00008250379004235007
 1790.123457  2654.320988  -0.00008676153927350281
 1790.123457  2777.777778  -0.00007948134669198618
 1790.123457  2901.234568  -0.00007422149038139809
 1790.123457  3024.691358  -0.00007329561643054415
 1790.123457  3148.148148  -0.00007492061473207061
 1790.123457  3271.604938  -0.00007696594558151479
 1790.123457  3395.061728  -0.00007791166821046468
 1790.123457  3518.518519  -0.00007922728624457805
 1790.123457  3641.975309  -0.00007918875786440863
 1790.123457  3765.432099  -0.00007584859157390713
 1790.123457  3888.888889  -0.00007240813200093581
 1790.123457  4012.345679  -0.00006933821930581001
 1790.123457  4135.802469  -0.00006704990855367323
 1790.123457  4259.259259  -0.00006651722857366839
 1790.123457  4382.716049  -0.00006945998990367499
 1790.123457  4506.172840  -0.00007474048094045819
 1790.123457  4629.629630  -0.00007822391470620740
 1790.123457  4753.086420  -0.00007299597101423899
 1790.123457  4876.543210  -0.00005001558617211473

 1913.580247 -5000.000000  -0.00000190504918287274
 1913.580247 -4876.543210  -0.00005579749726371586
 1913.580247 -4753.086420  -0.00007953914952261204
 1913.580247 -4629.629630  -0.00008473614514504595
 1913.580247 -4506.172840  -0.00008108694682014829
 1913.580247 -4382.716049  -0.00007570855539331332
 1913.580247 -4259.259259  -0.00007263446618345365
 1913.580247 -4135.802469  -0.00007298933943537728
 1913.580247 -4012.345679  -0.00007524395736357195
 1913.580247 -3888.888889  -0.00007856479937108723
 1913.580247 -3765.432099  -0.00008196992049477741
 1913.580247 -3641.975309  -0.00008558083915981907
 1913.580247 -3518.518519  -0.00008559575271789817
 1913.580247 -3395.061728  -0.00008419584937847771
 1913.580247 -3271.604938  -0.00008321685890519710
 1913.580247 -3148.148148  -0.00008103718467249682
 1913.580247 -3024.691358  -0.00007923104859074028
 1913.580247 -2901.234568  -0.00008007029380569400
 1913.580247 -2777.777778  -0.00008552213750983459
 1913.580247 -2654.320988  -0.00009324503495287330
 1913.580247 -2530.864198  -0.00008893807940527320
 1913.580247 -2407.407407  -0.00007992165635474365
 1913.580247 -2283.950617  -0.00008787351846615747
 1913.580247 -2160.493827  -0.00009187006229349365
 1913.580247 -2037.037037  -0.00009182233672615457
 1913.580247 -1913.580247  -0.00008964165682585707
 1913.580247 -1790.123457  -0.00008930456962673392
 1913.580247 -1666.666667  -0.00009094641630748510
 1913.580247 -1543.209877  -0.00009324471896744271
 1913.580247 -1419.753086  -0.00009417593150121412
 1913.580247 -1296.296296  -0.00009686883878093153
 1913.580247 -1172.839506  -0.00009823510687877753
 1913.580247 -1049.382716  -0.00010051939181402035
 1913.580247  -925.925926  -0.00010104014940884247
 1913.580247  -802.469136  -0.00010214758818670904
 1913.580247  -679.012346  -0.00010304608142196336
 1913.580247  -555.555556  -0.00010483239025933054
 1913.580247  -432.098765  -0.00010701781309350589
 1913.580247  -308.641975  -0.00010947689798884166
 1913.580247  -185.185185  -0.00011134573907896055
 1913.580247   -61.728395  -0.00011038234786120889
 1913.580247    61.728395  -0.00011038234786134496
 1913.580247   185.185185  -0.00011134573907941438
 1913.580247   308.641975  -0.00010947689798952299
 1913.580247   432.098765  -0.00010701781309438107
 1913.580247   555.555556  -0.00010483239026040869
 1913.580247   679.012346  -0.00010304608142328856
 1913.580247   802.469136  -0.00010214758818832596
 1913.580247   925.925926  -0.00010104014941074275
 1913.580247  1049.382716  -0.00010051939181618394
 1913.580247  1172.839506  -0.00009823510688113034
 1913.580247  1296.296296  -0.00009686883878346591
 1913.580247  1419.753086  -0.00009417593150389660
 1913.580247  1543.209877  -0.00009324471897032268
 1913.580247  1666.666667  -0.00009094641631048751
 1913.580247  1790.123457  -0.00008930456962990211
 1913.580247  1913.580247  -0.00008964165682931491
 1913.580247  2037.037037  -0.00009182233673000232
 1913.580247  2160.493827  -0.00009187006229758004
 1913.580247  2283.950617  -0.00008787351847020846
 1913.580247  2407.407407  -0.00007992165635846156
 1913.580247  2530.864198  -0.00008893807940986008
 1913.580247  2654.320988  -0.00009324503495805722
 1913.580247  2777.777778  -0.00008552213751467357
 1913.580247  2901.234568  -0.00008007029381029765
 1913.580247  3024.691358  -0.00007923104859543471
 1913.580247  3148.148148  -0.00008103718467750334
 1913.580247  3271.604938  -0.00008321685891058169
 1913.580247  3395.061728  -0.00008419584938417092
 1913.580247  3518.518519  -0.00008559575272391156
 1913.580247  3641.975309  -0.00008558083916601026
 1913.580247  3765.432099  -0.00008196992050088396
 1913.580247  3888.888889  -0.00007856479937708822
 1913.580247  4012.345679  -0.00007524395736944251
 1913.580247  4135.802469  -0.00007298933944121799
 1913.580247  4259.259259  -0.00007263446618943503
 1913.580247  4382.716049  -0.00007570855539970984
 1913.580247  4506.172840  -0.00008108694682715650
 1913.580247  4629.629630  -0.00008473614515253802
 1913.580247  4753.086420  -0.00007953914952983162
 1913.580247  4876.543210  -0.00005579749726903679

 2037.037037 -5000.000000  -0.00000466401989844228
 2037.037037 -4876.543210  -0.00006421621464865448
 2037.037037 -4753.086420  -0.00008764441375116002
 2037.037037 -4629.629630  -0.00009241144024628067
 2037.037037 -4506.172840  -0.00008879062138043023
 2037.037037 -4382.716049  -0.00008374704547175776
 2037.037037 -4259.259259  -0.00008073293330104577
 2037.037037 -4135.802469  -0.00008073505099603947
 2037.037037 -4012.345679  -0.00008277230667488385
 2037.037037 -3888.888889  -0.00008640991982462344
 2037.037037 -3765.432099  -0.00008948175168908677
 2037.037037 -3641.975309  -0.00009331293661928010
 2037.037037 -3518.518519  -0.00009332923817336764
 2037.037037 -3395.061728  -0.00009190295120945139
 2037.037037 -3271.604938  -0.00009098641664935061
 2037.037037 -3148.148148  -0.00008875688054237170
 2037.037037 -3024.691358  -0.00008678272935887891
 2037.037037 -2901.234568  -0.00008743736053542969
 2037.037037 -2777.777778  -0.00009289906901511253
 2037.037037 -2654.320988  -0.00010096048193477928
 2037.037037 -2530.864198  -0.00009692867746066926
 2037.037037 -2407.407407  -0.00008834434930657117
 2037.037037 -2283.950617  -0.00009697836505732476
 2037.037037 -2160.493827  -0.00010114748116601540
 2037.037037 -2037.037037  -0.00010094620889032715
 2037.037037 -1913.580247  -0.00009845205591858138
 2037.037037 -1790.123457  -0.00009790758832680747
 2037.037037 -1666.666667  -0.00009944823470792442
 2037.037037 -1543.209877  -0.00010168195338392928
 2037.037037 -1419.753086  -0.00010246289722016569
 2037.037037 -1296.296296  -0.00010511179559762729
 2037.037037 -1172.839506  -0.00010622948549914344
 2037.037037 -1049.382716  -0.00010834920557407098
 2037.037037  -925.925926  -0.00010850489161577864
 2037.037037  -802.469136  -0.00010925822611159682
 2037.037037  -679.012346  -0.00010974819236897808
 2037.037037  -555.555556  -0.00011117386552548101
 2037.037037  -432.098765  -0.00011302786793727769
 2037.037037  -308.641975  -0.00011521578703221819
 2037.037037  -185.185185  -0.00011685837525448249
 2037.037037   -61.728395  -0.00011559148378911414
 2037.037037    61.728395  -0.00011559148378924131
 2037.037037   185.185185  -0.00011685837525491012
 2037.037037   308.641975  -0.00011521578703286129
 2037.037037   432.098765  -0.00011302786793810472
 2037.037037   555.555556  -0.00011117386552650335
 2037.037037   679.012346  -0.00010974819237024158
 2037.037037   802.469136  -0.00010925822611314575
 2037.037037   925.925926  -0.00010850489161760610
 2037.037037  1049.382716  -0.00010834920557615652
 2037.037037  1172.839506  -0.00010622948550141453
 2037.037037  1296.296296  -0.00010511179560007587
 2037.037037  1419.753086  -0.00010246289722276067
 2037.037037  1543.209877  -0.00010168195338671771
 2037.037037  1666.666667  -0.00009944823471083490
 2037.037037  1790.123457  -0.00009790758832988399
 2037.037037  1913.580247  -0.00009845205592194829
 2037.037037  2037.037037  -0.00010094620889408205
 2037.037037  2160.493827  -0.00010114748117000869
 2037.037037  2283.950617  -0.00009697836506127956
 2037.037037  2407.407407  -0.00008834434931018186
 2037.037037  2530.864198  -0.00009692867746509709
 2037.037037  2654.320988  -0.00010096048193978286
 2037.037037  2777.777778  -0.00009289906901977059
 2037.037037  2901.234568  -0.00008743736053985430
 2037.037037  3024.691358  -0.00008678272936339390
 2037.037037  3148.148148  -0.00008875688054719552
 2037.037037  3271.604938  -0.00009098641665454810
 2037.037037  3395.061728  -0.00009190295121495408
 2037.037037  3518.518519  -0.00009332923817918619
 2037.037037  3641.975309  -0.00009331293662527524
 2037.037037  3765.432099  -0.00008948175169499983
 2037.037037  3888.888889  -0.00008640991983043370
 2037.037037  4012.345679  -0.00008277230668056941
 2037.037037  4135.802469  -0.00008073505100169956
 2037.037037  4259.259259  -0.00008073293330684972
 2037.037037  4382.716049  -0.00008374704547797819
 2037.037037  4506.172840  -0.00008879062138726226
 2037.037037  4629.629630  -0.00009241144025359661
 2037.037037  4753.086420  -0.00008764441375821484
 2037.037037  4876.543210  -0.00006421621465384293

 2160.493827 -5000.000000  -0.00000485686941832778
 2160.493827 -4876.543210  -0.00006841542119772449
 2160.493827 -4753.086420  -0.00009317479871220275
 2160.493827 -4629.629630  -0.00009809078754236179
 2160.493827 -4506.172840  -0.00009416811221862150
 2160.493827 -4382.716049  -0.00008875860963545500
 2160.493827 -4259.259259  -0.00008547670587765382
 2160.493827 -4135.802469  -0.00008537131068856924
 2160.493827 -4012.345679  -0.00008745601854834093
 2160.493827 -3888.888889  -0.00009129404368933440
 2160.493827 -3765.432099  -0.00009447232147177125
 2160.493827 -3641.975309  -0.00009857358512914125
 2160.493827 -3518.518519  -0.00009852518978638498
 2160.493827 -3395.061728  -0.00009696854551738605
 2160.493827 -3271.604938  -0.00009595873793173478
 2160.493827 -3148.148148  -0.00009353322538455389
 2160.493827 -3024.691358  -0.00009134538556094575
 2160.493827 -2901.234568  -0.00009194747470672015
 2160.493827 -2777.777778  -0.00009770662237591457
 2160.493827 -2654.320988  -0.00010628097190127251
 2160.493827 -2530.864198  -0.00010193966350945720
 2160.493827 -2407.407407  -0.00009288171880433658
 2160.493827 -2283.950617  -0.00010207939072527058
 2160.493827 -2160.493827  -0.00010649639639871181
 2160.493827 -2037.037037  -0.00010615341589362928
 2160.493827 -1913.580247  -0.00010332326126647743
 2160.493827 -1790.123457  -0.00010254886083364087
 2160.493827 -1666.666667  -0.00010401374350537365
 2160.493827 -1543.209877  -0.00010621769361659454
 2160.493827 -1419.753086  -0.00010685080730222554
 2160.493827 -1296.296296  -0.00010942246823481270
 2160.493827 -1172.839506  -0.00011042582083986894
 2160.493827 -1049.382716  -0.00011234711093633987
 2160.493827  -925.925926  -0.00011214725897009498
 2160.493827  -802.469136  -0.00011248048788178777
 2160.493827  -679.012346  -0.00011245484597950495
 2160.493827  -555.555556  -0.00011334679480097897
 2160.493827  -432.098765  -0.00011466450754983106
 2160.493827  -308.641975  -0.00011636045935245216
 2160.493827  -185.185185  -0.00011758714833180392
 2160.493827   -61.728395  -0.00011597643348994038
 2160.493827    61.728395  -0.00011597643349006091
 2160.493827   185.185185  -0.00011758714833222008
 2160.493827   308.641975  -0.00011636045935307937
 2160.493827   432.098765  -0.00011466450755063834
 2160.493827   555.555556  -0.00011334679480197727
 2160.493827   679.012346  -0.00011245484598074103
 2160.493827   802.469136  -0.00011248048788330691
 2160.493827   925.925926  -0.00011214725897189025
 2160.493827  1049.382716  -0.00011234711093839093
 2160.493827  1172.839506  -0.00011042582084210399
 2160.493827  1296.296296  -0.00010942246823722410
 2160.493827  1419.753086  -0.00010685080730478264
 2160.493827  1543.209877  -0.00010621769361934470
 2160.493827  1666.666667  -0.00010401374350824619
 2160.493827  1790.123457  -0.00010254886083668142
 2160.493827  1913.580247  -0.00010332326126981064
 2160.493827  2037.037037  -0.00010615341589735156
 2160.493827  2160.493827  -0.00010649639640267428
 2160.493827  2283.950617  -0.00010207939072919459
 2160.493827  2407.407407  -0.00009288171880791190
 2160.493827  2530.864198  -0.00010193966351383222
 2160.493827  2654.320988  -0.00010628097190624277
 2160.493827  2777.777778  -0.00009770662238053443
 2160.493827  2901.234568  -0.00009194747471109548
 2160.493827  3024.691358  -0.00009134538556540545
 2160.493827  3148.148148  -0.00009353322538932533
 2160.493827  3271.604938  -0.00009595873793689104
 2160.493827  3395.061728  -0.00009696854552286141
 2160.493827  3518.518519  -0.00009852518979218808
 2160.493827  3641.975309  -0.00009857358513512646
 2160.493827  3765.432099  -0.00009447232147767650
 2160.493827  3888.888889  -0.00009129404369512615
 2160.493827  4012.345679  -0.00008745601855400852
 2160.493827  4135.802469  -0.00008537131069420805
 2160.493827  4259.259259  -0.00008547670588343945
 2160.493827  4382.716049  -0.00008875860964168107
 2160.493827  4506.172840  -0.00009416811222549674
 2160.493827  4629.629630  -0.00009809078754975115
 2160.493827  4753.086420  -0.00009317479871932817
 2160.493827  4876.543210  -0.00006841542120291361

 2283.950617 -5000.000000  -0.00000088539008187301
 2283.950617 -4876.543210  -0.00006386806053592002
 2283.950617 -4753.086420  -0.00009191933649627413
 2283.950617 -4629.629630  -0.00009779963599953650
 2283.950617 -4506.172840  -0.00009317664393059070
 2283.950617 -4382.716049  -0.00008644481640031313
 2283.950617 -4259.259259  -0.00008248251048054847
 2283.950617 -4135.802469  -0.00008269928999091281
 2283.950617 -4012.345679  -0.00008521428447877387
 2283.950617 -3888.888889  -0.00008896391514003380
 2283.950617 -3765.432099  -0.00009286097078133153
 2283.950617 -3641.975309  -0.00009696345014178012
 2283.950617 -3518.518519  -0.00009675872664313760
 2283.950617 -3395.061728  -0.00009494650308895554
 2283.950617 -3271.604938  -0.00009362917674450279
 2283.950617 -3148.148148  -0.00009085244305706292
 2283.950617 -3024.691358  -0.00008846451864749551
 2283.950617 -2901.234568  -0.00008924150956828433
 2283.950617 -2777.777778  -0.00009561256505043619
 2283.950617 -2654.320988  -0.00010471569907332108
 2283.950617 -2530.864198  -0.00009916190940181325
 2283.950617 -2407.407407  -0.00008769177588055404
 2283.950617 -2283.950617  -0.00009681377206356096
 2283.950617 -2160.493827  -0.00010139705047472007
 2283.950617 -2037.037037  -0.00010098234608781438
 2283.950617 -1913.580247  -0.00009792501739927973
 2283.950617 -1790.123457  -0.00009696449422139238
 2283.950617 -1666.666667  -0.00009836748301803036
 2283.950617 -1543.209877  -0.00010052213993713399
 2283.950617 -1419.753086  -0.00010097492570307100
 2283.950617 -1296.296296  -0.00010330489136088868
 2283.950617 -1172.839506  -0.00010417334450136569
 2283.950617 -1049.382716  -0.00010579462354668022
 2283.950617  -925.925926  -0.00010533649701513117
 2283.950617  -802.469136  -0.00010527575689548987
 2283.950617  -679.012346  -0.00010478596505144348
 2283.950617  -555.555556  -0.00010513156780194628
 2283.950617  -432.098765  -0.00010589075759718731
 2283.950617  -308.641975  -0.00010705215021834215
 2283.950617  -185.185185  -0.00010783572698776771
 2283.950617   -61.728395  -0.00010603249527631997
 2283.950617    61.728395  -0.00010603249527643312
 2283.950617   185.185185  -0.00010783572698816980
 2283.950617   308.641975  -0.00010705215021895013
 2283.950617   432.098765  -0.00010589075759796833
 2283.950617   555.555556  -0.00010513156780290915
 2283.950617   679.012346  -0.00010478596505263520
 2283.950617   802.469136  -0.00010527575689695425
 2283.950617   925.925926  -0.00010533649701686294
 2283.950617  1049.382716  -0.00010579462354865963
 2283.950617  1172.839506  -0.00010417334450352387
 2283.950617  1296.296296  -0.00010330489136321726
 2283.950617  1419.753086  -0.00010097492570554314
 2283.950617  1543.209877  -0.00010052213993979655
 2283.950617  1666.666667  -0.00009836748302081164
 2283.950617  1790.123457  -0.00009696449422433626
 2283.950617  1913.580247  -0.00009792501740251012
 2283.950617  2037.037037  -0.00010098234609142608
 2283.950617  2160.493827  -0.00010139705047856717
 2283.950617  2283.950617  -0.00009681377206736942
 2283.950617  2407.407407  -0.00008769177588403246
 2283.950617  2530.864198  -0.00009916190940614323
 2283.950617  2654.320988  -0.00010471569907829494
 2283.950617  2777.777778  -0.00009561256505505378
 2283.950617  2901.234568  -0.00008924150957263976
 2283.950617  3024.691358  -0.00008846451865192613
 2283.950617  3148.148148  -0.00009085244306180959
 2283.950617  3271.604938  -0.00009362917674964896
 2283.950617  3395.061728  -0.00009494650309443790
 2283.950617  3518.518519  -0.00009675872664896314
 2283.950617  3641.975309  -0.00009696345014779542
 2283.950617  3765.432099  -0.00009286097078726934
 2283.950617  3888.888889  -0.00008896391514584191
 2283.950617  4012.345679  -0.00008521428448445538
 2283.950617  4135.802469  -0.00008269928999655656
 2283.950617  4259.259259  -0.00008248251048633897
 2283.950617  4382.716049  -0.00008644481640657279
 2283.950617  4506.172840  -0.00009317664393754785
 2283.950617  4629.629630  -0.00009779963600704410
 2283.950617  4753.086420  -0.00009191933650350934
 2283.950617  4876.543210  -0.00006386806054111823

 2407.407407 -5000.000000  0.00000414277551020002
 2407.407407 -4876.543210  -0.00005305146853332694
 2407.407407 -4753.086420  -0.00008350962183070088
 2407.407407 -4629.629630  -0.00009041705395735288
 2407.407407 -4506.172840  -0.00008527207949531736
 2407.407407 -4382.716049  -0.00007734047200965716
 2407.407407 -4259.259259  -0.00007288511539351914
 2407.407407 -4135.802469  -0.00007365556408888069
 2407.407407 -4012.345679  -0.00007665370273187269
 2407.407407 -3888.888889  -0.00008002020856494930
 2407.407407 -3765.432099  -0.00008474992582809393
 2407.407407 -3641.975309  -0.00008867009444507264
 2407.407407 -3518.518519  -0.00008840406544467510
 2407.407407 -3395.061728  -0.00008642602986912600
 2407.407407 -3271.604938  -0.00008478334120230498
 2407.407407 -3148.148148  -0.00008181590046919047
 2407.407407 -3024.691358  -0.00007951199738579050
 2407.407407 -2901.234568  -0.00008061420641924728
 2407.407407 -2777.777778  -0.00008725813326307359
 2407.407407 -2654.320988  -0.00009619084303640728
 2407.407407 -2530.864198  -0.00008984178759623820
 2407.407407 -2407.407407  -0.00007675876795611363
 2407.407407 -2283.950617  -0.00008525446611207639
 2407.407407 -2160.493827  -0.00008951961536232061
 2407.407407 -2037.037037  -0.00008913110701653292
 2407.407407 -1913.580247  -0.00008619751582507549
 2407.407407 -1790.123457  -0.00008525991058704837
 2407.407407 -1666.666667  -0.00008654022260754308
 2407.407407 -1543.209877  -0.00008851140588835248
 2407.407407 -1419.753086  -0.00008886082677210068
 2407.407407 -1296.296296  -0.00009089561496109831
 2407.407407 -1172.839506  -0.00009175337749632543
 2407.407407 -1049.382716  -0.00009311654667571482
 2407.407407  -925.925926  -0.00009263247409940125
 2407.407407  -802.469136  -0.00009250056046085527
 2407.407407  -679.012346  -0.00009202094945502307
 2407.407407  -555.555556  -0.00009234330316857623
 2407.407407  -432.098765  -0.00009310942792565352
 2407.407407  -308.641975  -0.00009428751057564847
 2407.407407  -185.185185  -0.00009511504083390226
 2407.407407   -61.728395  -0.00009349671490133408
 2407.407407    61.728395  -0.00009349671490143330
 2407.407407   185.185185  -0.00009511504083427159
 2407.407407   308.641975  -0.00009428751057620657
 2407.407407   432.098765  -0.00009310942792636632
 2407.407407   555.555556  -0.00009234330316945207
 2407.407407   679.012346  -0.00009202094945610844
 2407.407407   802.469136  -0.00009250056046219594
 2407.407407   925.925926  -0.00009263247410099443
 2407.407407  1049.382716  -0.00009311654667754108
 2407.407407  1172.839506  -0.00009175337749831970
 2407.407407  1296.296296  -0.00009089561496325137
 2407.407407  1419.753086  -0.00008886082677438900
 2407.407407  1543.209877  -0.00008851140589082191
 2407.407407  1666.666667  -0.00008654022261011947
 2407.407407  1790.123457  -0.00008525991058977350
 2407.407407  1913.580247  -0.00008619751582807166
 2407.407407  2037.037037  -0.00008913110701989594
 2407.407407  2160.493827  -0.00008951961536590573
 2407.407407  2283.950617  -0.00008525446611561791
 2407.407407  2407.407407  -0.00007675876795934213
 2407.407407  2530.864198  -0.00008984178760038428
 2407.407407  2654.320988  -0.00009619084304119368
 2407.407407  2777.777778  -0.00008725813326750846
 2407.407407  2901.234568  -0.00008061420642342632
 2407.407407  3024.691358  -0.00007951199739004556
 2407.407407  3148.148148  -0.00008181590047375471
 2407.407407  3271.604938  -0.00008478334120725416
 2407.407407  3395.061728  -0.00008642602987439673
 2407.407407  3518.518519  -0.00008840406545027641
 2407.407407  3641.975309  -0.00008867009445086093
 2407.407407  3765.432099  -0.00008474992583380242
 2407.407407  3888.888889  -0.00008002020857053788
 2407.407407  4012.345679  -0.00007665370273733672
 2407.407407  4135.802469  -0.00007365556409430839
 2407.407407  4259.259259  -0.00007288511539908955
 2407.407407  4382.716049  -0.00007734047201567749
 2407.407407  4506.172840  -0.00008527207950200511
 2407.407407  4629.629630  -0.00009041705396456841
 2407.407407  4753.086420  -0.00008350962183766029
 2407.407407  4876.543210  -0.00005305146853833707

 2530.864198 -5000.000000  -0.00000909537876744139
 2530.864198 -4876.543210  -0.00007797320765039511
 2530.864198 -4753.086420  -0.00010046937916805106
 2530.864198 -4629.629630  -0.00010382657692749286
 2530.864198 -4506.172840  -0.00009981242366453760
 2530.864198 -4382.716049  -0.00009521056141566689
 2530.864198 -4259.259259  -0.00009244880336186190
 2530.864198 -4135.802469  -0.00009212075482114308
 2530.864198 -4012.345679  -0.00009388434025786912
 2530.864198 -3888.888889  -0.00009798798510709459
 2530.864198 -3765.432099  -0.00010077028394358671
 2530.864198 -3641.975309  -0.00010367986149126378
 2530.864198 -3518.518519  -0.00010411732536235654
 2530.864198 -3395.061728  -0.00010222493521679683
 2530.864198 -3271.604938  -0.00010066294950693238
 2530.864198 -3148.148148  -0.00009849876019763797
 2530.864198 -3024.691358  -0.00009747596987608457
 2530.864198 -2901.234568  -0.00009889206350329351
 2530.864198 -2777.777778  -0.00010339815448571887
 2530.864198 -2654.320988  -0.00010907006197710496
 2530.864198 -2530.864198  -0.00010605045455492079
 2530.864198 -2407.407407  -0.00009996452557942301
 2530.864198 -2283.950617  -0.00010697881965299694
 2530.864198 -2160.493827  -0.00010892992542854998
 2530.864198 -2037.037037  -0.00010885140121794024
 2530.864198 -1913.580247  -0.00010722721615431066
 2530.864198 -1790.123457  -0.00010711783019876984
 2530.864198 -1666.666667  -0.00010787239355385296
 2530.864198 -1543.209877  -0.00010899384820805900
 2530.864198 -1419.753086  -0.00010942859712807468
 2530.864198 -1296.296296  -0.00011165543092261291
 2530.864198 -1172.839506  -0.00011149137129964753
 2530.864198 -1049.382716  -0.00011315134647885571
 2530.864198  -925.925926  -0.00011264042797433785
 2530.864198  -802.469136  -0.00011294091155205190
 2530.864198  -679.012346  -0.00011293921757242100
 2530.864198  -555.555556  -0.00011372476371137419
 2530.864198  -432.098765  -0.00011467048558562740
 2530.864198  -308.641975  -0.00011590034330220524
 2530.864198  -185.185185  -0.00011696565356292785
 2530.864198   -61.728395  -0.00011605341745519835
 2530.864198    61.728395  -0.00011605341745529467
 2530.864198   185.185185  -0.00011696565356326337
 2530.864198   308.641975  -0.00011590034330270243
 2530.864198   432.098765  -0.00011467048558625343
 2530.864198   555.555556  -0.00011372476371214036
 2530.864198   679.012346  -0.00011293921757337160
 2530.864198   802.469136  -0.00011294091155323411
 2530.864198   925.925926  -0.00011264042797575032
 2530.864198  1049.382716  -0.00011315134648048069
 2530.864198  1172.839506  -0.00011149137130142671
 2530.864198  1296.296296  -0.00011165543092454929
 2530.864198  1419.753086  -0.00010942859713012891
 2530.864198  1543.209877  -0.00010899384821026772
 2530.864198  1666.666667  -0.00010787239355616487
 2530.864198  1790.123457  -0.00010711783020122443
 2530.864198  1913.580247  -0.00010722721615700792
 2530.864198  2037.037037  -0.00010885140122096368
 2530.864198  2160.493827  -0.00010892992543177899
 2530.864198  2283.950617  -0.00010697881965620916
 2530.864198  2407.407407  -0.00009996452558232776
 2530.864198  2530.864198  -0.00010605045455848496
 2530.864198  2654.320988  -0.00010907006198114027
 2530.864198  2777.777778  -0.00010339815448947585
 2530.864198  2901.234568  -0.00009889206350686066
 2530.864198  3024.691358  -0.00009747596987972335
 2530.864198  3148.148148  -0.00009849876020153129
 2530.864198  3271.604938  -0.00010066294951113959
 2530.864198  3395.061728  -0.00010222493522126773
 2530.864198  3518.518519  -0.00010411732536710341
 2530.864198  3641.975309  -0.00010367986149616607
 2530.864198  3765.432099  -0.00010077028394843093
 2530.864198  3888.888889  -0.00009798798511187357
 2530.864198  4012.345679  -0.00009388434026254404
 2530.864198  4135.802469  -0.00009212075482581449
 2530.864198  4259.259259  -0.00009244880336667399
 2530.864198  4382.716049  -0.00009521056142083567
 2530.864198  4506.172840  -0.00009981242367021530
 2530.864198  4629.629630  -0.00010382657693358701
 2530.864198  4753.086420  -0.00010046937917397689
 2530.864198  4876.543210  -0.00007797320765480400

 2654.320988 -5000.000000  0.00000412442294301134
 2654.320988 -4876.543210  -0.00008076289583369878
 2654.320988 -4753.086420  -0.00011890442590646623
 2654.320988 -4629.629630  -0.00012535077864171966
 2654.320988 -4506.172840  -0.00011759703414282929
 2654.320988 -4382.716049  -0.00010752776109117583
 2654.320988 -4259.259259  -0.00010207354745950238
 2654.320988 -4135.802469  -0.00010293052427528817
 2654.320988 -4012.345679  -0.00010667612466364409
 2654.320988 -3888.888889  -0.00011151845742173669
 2654.320988 -3765.432099  -0.00011757691065882945
 2654.320988 -3641.975309  -0.00012023001911915974
 2654.320988 -3518.518519  -0.00012074056714573460
 2654.320988 -3395.061728  -0.00011719097905855662
 2654.320988 -3271.604938  -0.00011338645514579086
 2654.320988 -3148.148148  -0.00010978321141462660
 2654.320988 -3024.691358  -0.00010935187084096252
 2654.320988 -2901.234568  -0.00011293720330432142
 2654.320988 -2777.777778  -0.00011949692178108009
 2654.320988 -2654.320988  -0.00012494670462869057
 2654.320988 -2530.864198  -0.00011837938556242396
 2654.320988 -2407.407407  -0.00011500662232421133
 2654.320988 -2283.950617  -0.00012207233020684123
 2654.320988 -2160.493827  -0.00012330369478446527
 2654.320988 -2037.037037  -0.00012321306037096883
 2654.320988 -1913.580247  -0.00012195293072017499
 2654.320988 -1790.123457  -0.00012203959067524102
 2654.320988 -1666.666667  -0.00012256054127787250
 2654.320988 -1543.209877  -0.00012338315059838762
 2654.320988 -1419.753086  -0.00012389384496292176
 2654.320988 -1296.296296  -0.00012629941760188812
 2654.320988 -1172.839506  -0.00012573465423514177
 2654.320988 -1049.382716  -0.00012751909762320096
 2654.320988  -925.925926  -0.00012680036105281860
 2654.320988  -802.469136  -0.00012699244194131734
 2654.320988  -679.012346  -0.00012680779500435005
 2654.320988  -555.555556  -0.00012739585553693929
 2654.320988  -432.098765  -0.00012800489602240124
 2654.320988  -308.641975  -0.00012882671673607551
 2654.320988  -185.185185  -0.00012958031426693197
 2654.320988   -61.728395  -0.00012870686616599372
 2654.320988    61.728395  -0.00012870686616610100
 2654.320988   185.185185  -0.00012958031426729900
 2654.320988   308.641975  -0.00012882671673662178
 2654.320988   432.098765  -0.00012800489602309020
 2654.320988   555.555556  -0.00012739585553777879
 2654.320988   679.012346  -0.00012680779500538294
 2654.320988   802.469136  -0.00012699244194259223
 2654.320988   925.925926  -0.00012680036105433662
 2654.320988  1049.382716  -0.00012751909762494823
 2654.320988  1172.839506  -0.00012573465423705696
 2654.320988  1296.296296  -0.00012629941760399196
 2654.320988  1419.753086  -0.00012389384496515530
 2654.320988  1543.209877  -0.00012338315060078463
 2654.320988  1666.666667  -0.00012256054128039940
 2654.320988  1790.123457  -0.00012203959067793498
 2654.320988  1913.580247  -0.00012195293072311739
 2654.320988  2037.037037  -0.00012321306037423399
 2654.320988  2160.493827  -0.00012330369478795179
 2654.320988  2283.950617  -0.00012207233021035814
 2654.320988  2407.407407  -0.00011500662232744041
 2654.320988  2530.864198  -0.00011837938556618976
 2654.320988  2654.320988  -0.00012494670463308557
 2654.320988  2777.777778  -0.00011949692178524677
 2654.320988  2901.234568  -0.00011293720330825114
 2654.320988  3024.691358  -0.00010935187084489728
 2654.320988  3148.148148  -0.00010978321141880149
 2654.320988  3271.604938  -0.00011338645515033982
 2654.320988  3395.061728  -0.00011719097906346326
 2654.320988  3518.518519  -0.00012074056715099060
 2654.320988  3641.975309  -0.00012023001912458380
 2654.320988  3765.432099  -0.00011757691066422933
 2654.320988  3888.888889  -0.00011151845742698474
 2654.320988  4012.345679  -0.00010667612466877530
 2654.320988  4135.802469  -0.00010293052428037022
 2654.320988  4259.259259  -0.00010207354746470912
 2654.320988  4382.716049  -0.00010752776109684649
 2654.320988  4506.172840  -0.00011759703414920796
 2654.320988  4629.629630  -0.00012535077864866650
 2654.320988  4753.086420  -0.00011890442591317654
 2654.320988  4876.543210  -0.00008076289583839055

 2777.777778 -5000.000000  0.00000835539597325466
 2777.777778 -4876.543210  -0.00007034888165207304
 2777.777778 -4753.086420  -0.00010953088211314383
 2777.777778 -4629.629630  -0.00011671517619071909
 2777.777778 -4506.172840  -0.00010881892618497773
 2777.777778 -4382.716049  -0.00009805692840588505
 2777.777778 -4259.259259  -0.00009224036235628502
 2777.777778 -4135.802469  -0.00009336158118948184
 2777.777778 -4012.345679  -0.00009730817333999582
 2777.777778 -3888.888889  -0.00010175153574918516
 2777.777778 -3765.432099  -0.00010814645296026037
 2777.777778 -3641.975309  -0.00011070853264804812
 2777.777778 -3518.518519  -0.00011096858084798780
 2777.777778 -3395.061728  -0.00010746655472556452
 2777.777778 -3271.604938  -0.00010374900269503359
 2777.777778 -3148.148148  -0.00010001312979787554
 2777.777778 -3024.691358  -0.00009920489688488042
 2777.777778 -2901.234568  -0.00010256402131371242
 2777.777778 -2777.777778  -0.00010948959341704972
 2777.777778 -2654.320988  -0.00011563691738542097
 2777.777778 -2530.864198  -0.00010812551046355208
 2777.777778 -2407.407407  -0.00010125395466465150
 2777.777778 -2283.950617  -0.00010824385913988605
 2777.777778 -2160.493827  -0.00010987524436457120
 2777.777778 -2037.037037  -0.00010970274490205694
 2777.777778 -1913.580247  -0.00010812150032461818
 2777.777778 -1790.123457  -0.00010796748049345204
 2777.777778 -1666.666667  -0.00010852432927267521
 2777.777778 -1543.209877  -0.00010942995787863237
 2777.777778 -1419.753086  -0.00010980204504508512
 2777.777778 -1296.296296  -0.00011193009459302026
 2777.777778 -1172.839506  -0.00011152917360978194
 2777.777778 -1049.382716  -0.00011304369094640812
 2777.777778  -925.925926  -0.00011230705624966193
 2777.777778  -802.469136  -0.00011233974108575646
 2777.777778  -679.012346  -0.00011203149718863889
 2777.777778  -555.555556  -0.00011247144554160604
 2777.777778  -432.098765  -0.00011302175985067377
 2777.777778  -308.641975  -0.00011382828520874756
 2777.777778  -185.185185  -0.00011453178323712078
 2777.777778   -61.728395  -0.00011353431819047762
 2777.777778    61.728395  -0.00011353431819057403
 2777.777778   185.185185  -0.00011453178323746340
 2777.777778   308.641975  -0.00011382828520925756
 2777.777778   432.098765  -0.00011302175985131246
 2777.777778   555.555556  -0.00011247144554237852
 2777.777778   679.012346  -0.00011203149718958768
 2777.777778   802.469136  -0.00011233974108693021
 2777.777778   925.925926  -0.00011230705625106414
 2777.777778  1049.382716  -0.00011304369094802545
 2777.777778  1172.839506  -0.00011152917361155788
 2777.777778  1296.296296  -0.00011193009459497119
 2777.777778  1419.753086  -0.00010980204504715893
 2777.777778  1543.209877  -0.00010942995788086269
 2777.777778  1666.666667  -0.00010852432927502342
 2777.777778  1790.123457  -0.00010796748049595233
 2777.777778  1913.580247  -0.00010812150032735304
 2777.777778  2037.037037  -0.00010970274490510174
 2777.777778  2160.493827  -0.00010987524436782308
 2777.777778  2283.950617  -0.00010824385914315779
 2777.777778  2407.407407  -0.00010125395466765091
 2777.777778  2530.864198  -0.00010812551046718125
 2777.777778  2654.320988  -0.00011563691738969726
 2777.777778  2777.777778  -0.00010948959342109095
 2777.777778  2901.234568  -0.00010256402131751288
 2777.777778  3024.691358  -0.00009920489688868778
 2777.777778  3148.148148  -0.00010001312980192181
 2777.777778  3271.604938  -0.00010374900269944722
 2777.777778  3395.061728  -0.00010746655473032587
 2777.777778  3518.518519  -0.00011096858085309250
 2777.777778  3641.975309  -0.00011070853265332271
 2777.777778  3765.432099  -0.00010814645296551124
 2777.777778  3888.888889  -0.00010175153575428993
 2777.777778  4012.345679  -0.00009730817334498574
 2777.777778  4135.802469  -0.00009336158119442417
 2777.777778  4259.259259  -0.00009224036236135183
 2777.777778  4382.716049  -0.00009805692841141227
 2777.777778  4506.172840  -0.00010881892619120555
 2777.777778  4629.629630  -0.00011671517619751057
 2777.777778  4753.086420  -0.00010953088211970918
 2777.777778  4876.543210  -0.00007034888165665826

 2901.234568 -5000.000000  0.00000416069818149529
 2901.234568 -4876.543210  -0.00006655521059247460
 2901.234568 -4753.086420  -0.00009936532562801074
 2901.234568 -4629.629630  -0.00010532736858164615
 2901.234568 -4506.172840  -0.00009893201614450275
 2901.234568 -4382.716049  -0.00009026230936736201
 2901.234568 -4259.259259  -0.00008540834475148034
 2901.234568 -4135.802469  -0.00008598730475002608
 2901.234568 -4012.345679  -0.00008907457942397701
 2901.234568 -3888.888889  -0.00009309554983124534
 2901.234568 -3765.432099  -0.00009816774589123551
 2901.234568 -3641.975309  -0.00010102827872320144
 2901.234568 -3518.518519  -0.00010116092600219540
 2901.234568 -3395.061728  -0.00009834904480690373
 2901.234568 -3271.604938  -0.00009556696807858916
 2901.234568 -3148.148148  -0.00009234155345607242
 2901.234568 -3024.691358  -0.00009108059267492209
 2901.234568 -2901.234568  -0.00009337571280288503
 2901.234568 -2777.777778  -0.00009952429122042397
 2901.234568 -2654.320988  -0.00010608931131984198
 2901.234568 -2530.864198  -0.00010004925119611449
 2901.234568 -2407.407407  -0.00009042895660472842
 2901.234568 -2283.950617  -0.00009767240537952514
 2901.234568 -2160.493827  -0.00009982585027752969
 2901.234568 -2037.037037  -0.00009954603145727172
 2901.234568 -1913.580247  -0.00009751366956367614
 2901.234568 -1790.123457  -0.00009707561792987798
 2901.234568 -1666.666667  -0.00009769787935948919
 2901.234568 -1543.209877  -0.00009874075524514380
 2901.234568 -1419.753086  -0.00009897459547226581
 2901.234568 -1296.296296  -0.00010089680714692883
 2901.234568 -1172.839506  -0.00010067419209531899
 2901.234568 -1049.382716  -0.00010197208153792305
 2901.234568  -925.925926  -0.00010120182152963499
 2901.234568  -802.469136  -0.00010108596620506801
 2901.234568  -679.012346  -0.00010066467100163719
 2901.234568  -555.555556  -0.00010101091348278835
 2901.234568  -432.098765  -0.00010158162450017458
 2901.234568  -308.641975  -0.00010247015670795740
 2901.234568  -185.185185  -0.00010320152709306081
 2901.234568   -61.728395  -0.00010204682884833395
 2901.234568    61.728395  -0.00010204682884841765
 2901.234568   185.185185  -0.00010320152709337485
 2901.234568   308.641975  -0.00010247015670842374
 2901.234568   432.098765  -0.00010158162450075127
 2901.234568   555.555556  -0.00010101091348347950
 2901.234568   679.012346  -0.00010066467100248644
 2901.234568   802.469136  -0.00010108596620612600
 2901.234568   925.925926  -0.00010120182153090645
 2901.234568  1049.382716  -0.00010197208153939236
 2901.234568  1172.839506  -0.00010067419209693251
 2901.234568  1296.296296  -0.00010089680714869751
 2901.234568  1419.753086  -0.00009897459547414505
 2901.234568  1543.209877  -0.00009874075524716832
 2901.234568  1666.666667  -0.00009769787936161172
 2901.234568  1790.123457  -0.00009707561793213392
 2901.234568  1913.580247  -0.00009751366956615565
 2901.234568  2037.037037  -0.00009954603146005422
 2901.234568  2160.493827  -0.00009982585028050518
 2901.234568  2283.950617  -0.00009767240538249441
 2901.234568  2407.407407  -0.00009042895660741647
 2901.234568  2530.864198  -0.00010004925119950326
 2901.234568  2654.320988  -0.00010608931132380904
 2901.234568  2777.777778  -0.00009952429122414032
 2901.234568  2901.234568  -0.00009337571280638105
 2901.234568  3024.691358  -0.00009108059267844780
 2901.234568  3148.148148  -0.00009234155345983558
 2901.234568  3271.604938  -0.00009556696808268704
 2901.234568  3395.061728  -0.00009834904481130612
 2901.234568  3518.518519  -0.00010116092600690623
 2901.234568  3641.975309  -0.00010102827872807623
 2901.234568  3765.432099  -0.00009816774589607095
 2901.234568  3888.888889  -0.00009309554983597386
 2901.234568  4012.345679  -0.00008907457942859982
 2901.234568  4135.802469  -0.00008598730475462277
 2901.234568  4259.259259  -0.00008540834475620949
 2901.234568  4382.716049  -0.00009026230937250384
 2901.234568  4506.172840  -0.00009893201615025692
 2901.234568  4629.629630  -0.00010532736858789961
 2901.234568  4753.086420  -0.00009936532563408245
 2901.234568  4876.543210  -0.00006655521059681626

 3024.691358 -5000.000000  -0.00000179511551628845
 3024.691358 -4876.543210  -0.00007053575216843496
 3024.691358 -4753.086420  -0.00009767214982963910
 3024.691358 -4629.629630  -0.00010214680567505148
 3024.691358 -4506.172840  -0.00009698705578681744
 3024.691358 -4382.716049  -0.00009036239089200014
 3024.691358 -4259.259259  -0.00008642093433107439
 3024.691358 -4135.802469  -0.00008631272046427810
 3024.691358 -4012.345679  -0.00008853119845403733
 3024.691358 -3888.888889  -0.00009246952322315652
 3024.691358 -3765.432099  -0.00009622771388989572
 3024.691358 -3641.975309  -0.00009938991930194963
 3024.691358 -3518.518519  -0.00009954420641986178
 3024.691358 -3395.061728  -0.00009723933551845804
 3024.691358 -3271.604938  -0.00009515193736398787
 3024.691358 -3148.148148  -0.00009236139383072162
 3024.691358 -3024.691358  -0.00009085944998082627
 3024.691358 -2901.234568  -0.00009234777219190134
 3024.691358 -2777.777778  -0.00009767107679595997
 3024.691358 -2654.320988  -0.00010432175894856947
 3024.691358 -2530.864198  -0.00010015488494072342
 3024.691358 -2407.407407  -0.00008995878998328173
 3024.691358 -2283.950617  -0.00009770902016273370
 3024.691358 -2160.493827  -0.00010013387410564076
 3024.691358 -2037.037037  -0.00009974782808117011
 3024.691358 -1913.580247  -0.00009738636881676502
 3024.691358 -1790.123457  -0.00009676590542267508
 3024.691358 -1666.666667  -0.00009739506131785798
 3024.691358 -1543.209877  -0.00009850076018457007
 3024.691358 -1419.753086  -0.00009866503241018209
 3024.691358 -1296.296296  -0.00010056448635971380
 3024.691358 -1172.839506  -0.00010038726745924164
 3024.691358 -1049.382716  -0.00010162060018723318
 3024.691358  -925.925926  -0.00010076313031927631
 3024.691358  -802.469136  -0.00010053948622856694
 3024.691358  -679.012346  -0.00010002110482095168
 3024.691358  -555.555556  -0.00010032454249592615
 3024.691358  -432.098765  -0.00010092225056973982
 3024.691358  -308.641975  -0.00010188341774104781
 3024.691358  -185.185185  -0.00010265600008772586
 3024.691358   -61.728395  -0.00010137621905026508
 3024.691358    61.728395  -0.00010137621905034102
 3024.691358   185.185185  -0.00010265600008802398
 3024.691358   308.641975  -0.00010188341774148974
 3024.691358   432.098765  -0.00010092225057028019
 3024.691358   555.555556  -0.00010032454249656813
 3024.691358   679.012346  -0.00010002110482174178
 3024.691358   802.469136  -0.00010053948622955786
 3024.691358   925.925926  -0.00010076313032047301
 3024.691358  1049.382716  -0.00010162060018861745
 3024.691358  1172.839506  -0.00010038726746075991
 3024.691358  1296.296296  -0.00010056448636137600
 3024.691358  1419.753086  -0.00009866503241194551
 3024.691358  1543.209877  -0.00009850076018646962
 3024.691358  1666.666667  -0.00009739506131984304
 3024.691358  1790.123457  -0.00009676590542478337
 3024.691358  1913.580247  -0.00009738636881909342
 3024.691358  2037.037037  -0.00009974782808380161
 3024.691358  2160.493827  -0.00010013387410845931
 3024.691358  2283.950617  -0.00009770902016552757
 3024.691358  2407.407407  -0.00008995878998577278
 3024.691358  2530.864198  -0.00010015488494391879
 3024.691358  2654.320988  -0.00010432175895227048
 3024.691358  2777.777778  -0.00009767107679940052
 3024.691358  2901.234568  -0.00009234777219513982
 3024.691358  3024.691358  -0.00009085944998411058
 3024.691358  3148.148148  -0.00009236139383424093
 3024.691358  3271.604938  -0.00009515193736781629
 3024.691358  3395.061728  -0.00009723933552255839
 3024.691358  3518.518519  -0.00009954420642424365
 3024.691358  3641.975309  -0.00009938991930648943
 3024.691358  3765.432099  -0.00009622771389438687
 3024.691358  3888.888889  -0.00009246952322757175
 3024.691358  4012.345679  -0.00008853119845835516
 3024.691358  4135.802469  -0.00008631272046858840
 3024.691358  4259.259259  -0.00008642093433552422
 3024.691358  4382.716049  -0.00009036239089682534
 3024.691358  4506.172840  -0.00009698705579218512
 3024.691358  4629.629630  -0.00010214680568086752
 3024.691358  4753.086420  -0.00009767214983531028
 3024.691358  4876.543210  -0.00007053575217257684

 3148.148148 -5000.000000  -0.00000386480952787972
 3148.148148 -4876.543210  -0.00007707885807032048
 3148.148148 -4753.086420  -0.00010400135260446137
 3148.148148 -4629.629630  -0.00010804332258967731
 3148.148148 -4506.172840  -0.00010280235990101576
 3148.148148 -4382.716049  -0.00009634546687178581
 3148.148148 -4259.259259  -0.00009239198284989968
 3148.148148 -4135.802469  -0.00009198841762301489
 3148.148148 -4012.345679  -0.00009401232211185866
 3148.148148 -3888.888889  -0.00009817460051599331
 3148.148148 -3765.432099  -0.00010168217826108439
 3148.148148 -3641.975309  -0.00010477032935743380
 3148.148148 -3518.518519  -0.00010497834203352208
 3148.148148 -3395.061728  -0.00010259707214420430
 3148.148148 -3271.604938  -0.00010046453314364587
 3148.148148 -3148.148148  -0.00009761467445917334
 3148.148148 -3024.691358  -0.00009607193763878632
 3148.148148 -2901.234568  -0.00009749534520111506
 3148.148148 -2777.777778  -0.00010272283534295770
 3148.148148 -2654.320988  -0.00010941436051774021
 3148.148148 -2530.864198  -0.00010578278436550417
 3148.148148 -2407.407407  -0.00009615328402460075
 3148.148148 -2283.950617  -0.00010438255440548607
 3148.148148 -2160.493827  -0.00010678285656314482
 3148.148148 -2037.037037  -0.00010631153682805534
 3148.148148 -1913.580247  -0.00010380977702903001
 3148.148148 -1790.123457  -0.00010312346091835538
 3148.148148 -1666.666667  -0.00010369296248307495
 3148.148148 -1543.209877  -0.00010476406456517764
 3148.148148 -1419.753086  -0.00010491430971390892
 3148.148148 -1296.296296  -0.00010689375009440461
 3148.148148 -1172.839506  -0.00010661491140402402
 3148.148148 -1049.382716  -0.00010787845722517404
 3148.148148  -925.925926  -0.00010690776282676589
 3148.148148  -802.469136  -0.00010662064135867803
 3148.148148  -679.012346  -0.00010603070849285596
 3148.148148  -555.555556  -0.00010631991034636097
 3148.148148  -432.098765  -0.00010692232315741095
 3148.148148  -308.641975  -0.00010791315912389556
 3148.148148  -185.185185  -0.00010871557458028916
 3148.148148   -61.728395  -0.00010736598796949892
 3148.148148    61.728395  -0.00010736598796957147
 3148.148148   185.185185  -0.00010871557458058159
 3148.148148   308.641975  -0.00010791315912432833
 3148.148148   432.098765  -0.00010692232315793772
 3148.148148   555.555556  -0.00010631991034698533
 3148.148148   679.012346  -0.00010603070849362535
 3148.148148   802.469136  -0.00010662064135964602
 3148.148148   925.925926  -0.00010690776282793752
 3148.148148  1049.382716  -0.00010787845722652926
 3148.148148  1172.839506  -0.00010661491140550930
 3148.148148  1296.296296  -0.00010689375009602980
 3148.148148  1419.753086  -0.00010491430971563140
 3148.148148  1543.209877  -0.00010476406456703163
 3148.148148  1666.666667  -0.00010369296248501174
 3148.148148  1790.123457  -0.00010312346092041411
 3148.148148  1913.580247  -0.00010380977703130904
 3148.148148  2037.037037  -0.00010631153683063770
 3148.148148  2160.493827  -0.00010678285656591430
 3148.148148  2283.950617  -0.00010438255440822728
 3148.148148  2407.407407  -0.00009615328402702470
 3148.148148  2530.864198  -0.00010578278436859976
 3148.148148  2654.320988  -0.00010941436052131898
 3148.148148  2777.777778  -0.00010272283534627402
 3148.148148  2901.234568  -0.00009749534520423087
 3148.148148  3024.691358  -0.00009607193764194706
 3148.148148  3148.148148  -0.00009761467446256566
 3148.148148  3271.604938  -0.00010046453314734374
 3148.148148  3395.061728  -0.00010259707214817066
 3148.148148  3518.518519  -0.00010497834203776608
 3148.148148  3641.975309  -0.00010477032936183468
 3148.148148  3765.432099  -0.00010168217826544576
 3148.148148  3888.888889  -0.00009817460052028271
 3148.148148  4012.345679  -0.00009401232211605424
 3148.148148  4135.802469  -0.00009198841762720609
 3148.148148  4259.259259  -0.00009239198285423129
 3148.148148  4382.716049  -0.00009634546687649048
 3148.148148  4506.172840  -0.00010280235990625814
 3148.148148  4629.629630  -0.00010804332259536509
 3148.148148  4753.086420  -0.00010400135261001270
 3148.148148  4876.543210  -0.00007707885807436981

 3271.604938 -5000.000000  -0.00000016662906609385
 3271.604938 -4876.543210  -0.00008118372037896235
 3271.604938 -4753.086420  -0.00011377506859028474
 3271.604938 -4629.629630  -0.00011880693463909122
 3271.604938 -4506.172840  -0.00011213000574714900
 3271.604938 -4382.716049  -0.00010368230851412712
 3271.604938 -4259.259259  -0.00009867594725059120
 3271.604938 -4135.802469  -0.00009852337700045214
 3271.604938 -4012.345679  -0.00010116787912276959
 3271.604938 -3888.888889  -0.00010566767037097891
 3271.604938 -3765.432099  -0.00011024456765699291
 3271.604938 -3641.975309  -0.00011341645536437246
 3271.604938 -3518.518519  -0.00011357483976483045
 3271.604938 -3395.061728  -0.00011057658941713492
 3271.604938 -3271.604938  -0.00010764510637120632
 3271.604938 -3148.148148  -0.00010420285249158865
 3271.604938 -3024.691358  -0.00010270083013664362
 3271.604938 -2901.234568  -0.00010477709354526676
 3271.604938 -2777.777778  -0.00011083278355080391
 3271.604938 -2654.320988  -0.00011775742581181832
 3271.604938 -2530.864198  -0.00011279366790032932
 3271.604938 -2407.407407  -0.00010366208972511488
 3271.604938 -2283.950617  -0.00011221414722069345
 3271.604938 -2160.493827  -0.00011442276424423812
 3271.604938 -2037.037037  -0.00011388665386595717
 3271.604938 -1913.580247  -0.00011137706382839423
 3271.604938 -1790.123457  -0.00011069217041896443
 3271.604938 -1666.666667  -0.00011116754469422771
 3271.604938 -1543.209877  -0.00011214742515889788
 3271.604938 -1419.753086  -0.00011230943612180453
 3271.604938 -1296.296296  -0.00011438099089568374
 3271.604938 -1172.839506  -0.00011393772952447054
 3271.604938 -1049.382716  -0.00011525031275236927
 3271.604938  -925.925926  -0.00011417477448545222
 3271.604938  -802.469136  -0.00011385498063885828
 3271.604938  -679.012346  -0.00011322128873837192
 3271.604938  -555.555556  -0.00011350941590044379
 3271.604938  -432.098765  -0.00011410376218415877
 3271.604938  -308.641975  -0.00011510037011585663
 3271.604938  -185.185185  -0.00011592685225978803
 3271.604938   -61.728395  -0.00011454756251402187
 3271.604938    61.728395  -0.00011454756251409414
 3271.604938   185.185185  -0.00011592685226008022
 3271.604938   308.641975  -0.00011510037011628872
 3271.604938   432.098765  -0.00011410376218468535
 3271.604938   555.555556  -0.00011350941590106862
 3271.604938   679.012346  -0.00011322128873914263
 3271.604938   802.469136  -0.00011385498063982676
 3271.604938   925.925926  -0.00011417477448662401
 3271.604938  1049.382716  -0.00011525031275372505
 3271.604938  1172.839506  -0.00011393772952595705
 3271.604938  1296.296296  -0.00011438099089731224
 3271.604938  1419.753086  -0.00011230943612353082
 3271.604938  1543.209877  -0.00011214742516075490
 3271.604938  1666.666667  -0.00011116754469617178
 3271.604938  1790.123457  -0.00011069217042103456
 3271.604938  1913.580247  -0.00011137706383068462
 3271.604938  2037.037037  -0.00011388665386854893
 3271.604938  2160.493827  -0.00011442276424701915
 3271.604938  2283.950617  -0.00011221414722345391
 3271.604938  2407.407407  -0.00010366208972755936
 3271.604938  2530.864198  -0.00011279366790341736
 3271.604938  2654.320988  -0.00011775742581543068
 3271.604938  2777.777778  -0.00011083278355415569
 3271.604938  2901.234568  -0.00010477709354839897
 3271.604938  3024.691358  -0.00010270083013980431
 3271.604938  3148.148148  -0.00010420285249498064
 3271.604938  3271.604938  -0.00010764510637492180
 3271.604938  3395.061728  -0.00011057658942114386
 3271.604938  3518.518519  -0.00011357483976913558
 3271.604938  3641.975309  -0.00011341645536883956
 3271.604938  3765.432099  -0.00011024456766142536
 3271.604938  3888.888889  -0.00010566767037531455
 3271.604938  4012.345679  -0.00010116787912700995
 3271.604938  4135.802469  -0.00009852337700467438
 3271.604938  4259.259259  -0.00009867594725494859
 3271.604938  4382.716049  -0.00010368230851888913
 3271.604938  4506.172840  -0.00011213000575250662
 3271.604938  4629.629630  -0.00011880693464493557
 3271.604938  4753.086420  -0.00011377506859597122
 3271.604938  4876.543210  -0.00008118372038300855

 3395.061728 -5000.000000  0.00000644612991107366
 3395.061728 -4876.543210  -0.00008313579027368538
 3395.061728 -4753.086420  -0.00012411564004987080
 3395.061728 -4629.629630  -0.00013085767219614091
 3395.061728 -4506.172840  -0.00012215256499260573
 3395.061728 -4382.716049  -0.00011070027484290751
 3395.061728 -4259.259259  -0.00010415084054324277
 3395.061728 -4135.802469  -0.00010454229281972604
 3395.061728 -4012.345679  -0.00010815532666912877
 3395.061728 -3888.888889  -0.00011300815695714761
 3395.061728 -3765.432099  -0.00011918860117829151
 3395.061728 -3641.975309  -0.00012195881155723521
 3395.061728 -3518.518519  -0.00012204670706633520
 3395.061728 -3395.061728  -0.00011818130681667301
 3395.061728 -3271.604938  -0.00011421762096487768
 3395.061728 -3148.148148  -0.00010994559868327078
 3395.061728 -3024.691358  -0.00010847116474776221
 3395.061728 -2901.234568  -0.00011144021059925775
 3395.061728 -2777.777778  -0.00011874315272653704
 3395.061728 -2654.320988  -0.00012610688972713402
 3395.061728 -2530.864198  -0.00011892314242938593
 3395.061728 -2407.407407  -0.00010972102651193112
 3395.061728 -2283.950617  -0.00011852521087953299
 3395.061728 -2160.493827  -0.00012055199908649308
 3395.061728 -2037.037037  -0.00011995713072969605
 3395.061728 -1913.580247  -0.00011745299201893820
 3395.061728 -1790.123457  -0.00011677064773475144
 3395.061728 -1666.666667  -0.00011715846420099156
 3395.061728 -1543.209877  -0.00011805240297108279
 3395.061728 -1419.753086  -0.00011822677247567059
 3395.061728 -1296.296296  -0.00012036880927595742
 3395.061728 -1172.839506  -0.00011978550063054801
 3395.061728 -1049.382716  -0.00012113070730073527
 3395.061728  -925.925926  -0.00011996647288591087
 3395.061728  -802.469136  -0.00011961889324709701
 3395.061728  -679.012346  -0.00011894939653796592
 3395.061728  -555.555556  -0.00011923390928685146
 3395.061728  -432.098765  -0.00011981869034912236
 3395.061728  -308.641975  -0.00012081969586454089
 3395.061728  -185.185185  -0.00012166866912812816
 3395.061728   -61.728395  -0.00012026116690186888
 3395.061728    61.728395  -0.00012026116690194209
 3395.061728   185.185185  -0.00012166866912842108
 3395.061728   308.641975  -0.00012081969586497439
 3395.061728   432.098765  -0.00011981869034965236
 3395.061728   555.555556  -0.00011923390928748197
 3395.061728   679.012346  -0.00011894939653874321
 3395.061728   802.469136  -0.00011961889324807225
 3395.061728   925.925926  -0.00011996647288708931
 3395.061728  1049.382716  -0.00012113070730209947
 3395.061728  1172.839506  -0.00011978550063204425
 3395.061728  1296.296296  -0.00012036880927759970
 3395.061728  1419.753086  -0.00011822677247741309
 3395.061728  1543.209877  -0.00011805240297295752
 3395.061728  1666.666667  -0.00011715846420295967
 3395.061728  1790.123457  -0.00011677064773685089
 3395.061728  1913.580247  -0.00011745299202125812
 3395.061728  2037.037037  -0.00011995713073231370
 3395.061728  2160.493827  -0.00012055199908930210
 3395.061728  2283.950617  -0.00011852521088233317
 3395.061728  2407.407407  -0.00010972102651442350
 3395.061728  2530.864198  -0.00011892314243251103
 3395.061728  2654.320988  -0.00012610688973085455
 3395.061728  2777.777778  -0.00011874315272999855
 3395.061728  2901.234568  -0.00011144021060247387
 3395.061728  3024.691358  -0.00010847116475098617
 3395.061728  3148.148148  -0.00010994559868672798
 3395.061728  3271.604938  -0.00011421762096868468
 3395.061728  3395.061728  -0.00011818130682080790
 3395.061728  3518.518519  -0.00012204670707079546
 3395.061728  3641.975309  -0.00012195881156186410
 3395.061728  3765.432099  -0.00011918860118290851
 3395.061728  3888.888889  -0.00011300815696163340
 3395.061728  4012.345679  -0.00010815532667351461
 3395.061728  4135.802469  -0.00010454229282407470
 3395.061728  4259.259259  -0.00010415084054771965
 3395.061728  4382.716049  -0.00011070027484783641
 3395.061728  4506.172840  -0.00012215256499821596
 3395.061728  4629.629630  -0.00013085767220230029
 3395.061728  4753.086420  -0.00012411564005583928
 3395.061728  4876.543210  -0.00008313579027779791

 3518.518519 -5000.000000  0.00001103992259806580
 3518.518519 -4876.543210  -0.00008477682041978838
 3518.518519 -4753.086420  -0.00013154358741437173
 3518.518519 -4629.629630  -0.00013942577078312872
 3518.518519 -4506.172840  -0.00012929534748044560
 3518.518519 -4382.716049  -0.00011576118590586437
 3518.518519 -4259.259259  -0.00010813022927000712
 3518.518519 -4135.802469  -0.00010884152288808981
 3518.518519 -4012.345679  -0.00011313242996748402
 3518.518519 -3888.888889  -0.00011822712389297499
 3518.518519 -3765.432099  -0.00012563768616298340
 3518.518519 -3641.975309  -0.00012911778026095241
 3518.518519 -3518.518519  -0.00012909441160444566
 3518.518519 -3395.061728  -0.00012463139340721400
 3518.518519 -3271.604938  -0.00011984620887958319
 3518.518519 -3148.148148  -0.00011496706599798308
 3518.518519 -3024.691358  -0.00011348643040778086
 3518.518519 -2901.234568  -0.00011711006993513568
 3518.518519 -2777.777778  -0.00012533689889548458
 3518.518519 -2654.320988  -0.00013304673893932875
 3518.518519 -2530.864198  -0.00012432355308800467
 3518.518519 -2407.407407  -0.00011502091400901694
 3518.518519 -2283.950617  -0.00012413197601787354
 3518.518519 -2160.493827  -0.00012605153880134240
 3518.518519 -2037.037037  -0.00012539811003124920
 3518.518519 -1913.580247  -0.00012285407508083189
 3518.518519 -1790.123457  -0.00012215471816051326
 3518.518519 -1666.666667  -0.00012247745306029757
 3518.518519 -1543.209877  -0.00012331691557298635
 3518.518519 -1419.753086  -0.00012350065259685917
 3518.518519 -1296.296296  -0.00012571459496032794
 3518.518519 -1172.839506  -0.00012500972226828225
 3518.518519 -1049.382716  -0.00012638809656192337
 3518.518519  -925.925926  -0.00012513976952899713
 3518.518519  -802.469136  -0.00012475485931997974
 3518.518519  -679.012346  -0.00012403763819239226
 3518.518519  -555.555556  -0.00012430859349442765
 3518.518519  -432.098765  -0.00012488039442593347
 3518.518519  -308.641975  -0.00012588254423337290
 3518.518519  -185.185185  -0.00012674260030060786
 3518.518519   -61.728395  -0.00012528986702178512
 3518.518519    61.728395  -0.00012528986702186085
 3518.518519   185.185185  -0.00012674260030090323
 3518.518519   308.641975  -0.00012588254423380877
 3518.518519   432.098765  -0.00012488039442646676
 3518.518519   555.555556  -0.00012430859349506308
 3518.518519   679.012346  -0.00012403763819317527
 3518.518519   802.469136  -0.00012475485932096129
 3518.518519   925.925926  -0.00012513976953018179
 3518.518519  1049.382716  -0.00012638809656329429
 3518.518519  1172.839506  -0.00012500972226978709
 3518.518519  1296.296296  -0.00012571459496198251
 3518.518519  1419.753086  -0.00012350065259861533
 3518.518519  1543.209877  -0.00012331691557487535
 3518.518519  1666.666667  -0.00012247745306228434
 3518.518519  1790.123457  -0.00012215471816263602
 3518.518519  1913.580247  -0.00012285407508317569
 3518.518519  2037.037037  -0.00012539811003388894
 3518.518519  2160.493827  -0.00012605153880417556
 3518.518519  2283.950617  -0.00012413197602070581
 3518.518519  2407.407407  -0.00011502091401154450
 3518.518519  2530.864198  -0.00012432355309115038
 3518.518519  2654.320988  -0.00013304673894311986
 3518.518519  2777.777778  -0.00012533689889902093
 3518.518519  2901.234568  -0.00011711006993840893
 3518.518519  3024.691358  -0.00011348643041104616
 3518.518519  3148.148148  -0.00011496706600148238
 3518.518519  3271.604938  -0.00011984620888345151
 3518.518519  3395.061728  -0.00012463139341143726
 3518.518519  3518.518519  -0.00012909441160901335
 3518.518519  3641.975309  -0.00012911778026569628
 3518.518519  3765.432099  -0.00012563768616769623
 3518.518519  3888.888889  -0.00011822712389752843
 3518.518519  4012.345679  -0.00011313242997193481
 3518.518519  4135.802469  -0.00010884152289248937
 3518.518519  4259.259259  -0.00010813022927453066
 3518.518519  4382.716049  -0.00011576118591087238
 3518.518519  4506.172840  -0.00012929534748619225
 3518.518519  4629.629630  -0.00013942577078946561
 3518.518519  4753.086420  -0.00013154358742049603
 3518.518519  4876.543210  -0.00008477682042391452

 3641.975309 -5000.000000  0.00001180776652696939
 3641.975309 -4876.543210  -0.00008812189551845207
 3641.975309 -4753.086420  -0.00013683085208439515
 3641.975309 -4629.629630  -0.00014491852752836863
 3641.975309 -4506.172840  -0.00013426652865815533
 3641.975309 -4382.716049  -0.00012007777363258274
 3641.975309 -4259.259259  -0.00011204993276010702
 3641.975309 -4135.802469  -0.00011274876794800822
 3641.975309 -4012.345679  -0.00011714962482522784
 3641.975309 -3888.888889  -0.00012243239800888031
 3641.975309 -3765.432099  -0.00013004822505908881
 3641.975309 -3641.975309  -0.00013298761874155251
 3641.975309 -3518.518519  -0.00013300470824845621
 3641.975309 -3395.061728  -0.00012829068004050056
 3641.975309 -3271.604938  -0.00012328607169478822
 3641.975309 -3148.148148  -0.00011817698200525690
 3641.975309 -3024.691358  -0.00011666219555439293
 3641.975309 -2901.234568  -0.00012042010460422025
 3641.975309 -2777.777778  -0.00012887272192760557
 3641.975309 -2654.320988  -0.00013675643655117949
 3641.975309 -2530.864198  -0.00012788608314361974
 3641.975309 -2407.407407  -0.00011866130822567000
 3641.975309 -2283.950617  -0.00012814477741760613
 3641.975309 -2160.493827  -0.00013007345205908317
 3641.975309 -2037.037037  -0.00012935742862993588
 3641.975309 -1913.580247  -0.00012670483462204701
 3641.975309 -1790.123457  -0.00012595344487544751
 3641.975309 -1666.666667  -0.00012624316960826613
 3641.975309 -1543.209877  -0.00012707364434829215
 3641.975309 -1419.753086  -0.00012725979994338324
 3641.975309 -1296.296296  -0.00012953748173552128
 3641.975309 -1172.839506  -0.00012880206516175378
 3641.975309 -1049.382716  -0.00013020440852492328
 3641.975309  -925.925926  -0.00012888391388284507
 3641.975309  -802.469136  -0.00012844850184397970
 3641.975309  -679.012346  -0.00012767254682884477
 3641.975309  -555.555556  -0.00012791983039168192
 3641.975309  -432.098765  -0.00012848129979322649
 3641.975309  -308.641975  -0.00012948820037374752
 3641.975309  -185.185185  -0.00013034967696913289
 3641.975309   -61.728395  -0.00012883283507096247
 3641.975309    61.728395  -0.00012883283507104162
 3641.975309   185.185185  -0.00013034967696943004
 3641.975309   308.641975  -0.00012948820037418226
 3641.975309   432.098765  -0.00012848129979375650
 3641.975309   555.555556  -0.00012791983039231328
 3641.975309   679.012346  -0.00012767254682962298
 3641.975309   802.469136  -0.00012844850184495532
 3641.975309   925.925926  -0.00012888391388402295
 3641.975309  1049.382716  -0.00013020440852628599
 3641.975309  1172.839506  -0.00012880206516324941
 3641.975309  1296.296296  -0.00012953748173716729
 3641.975309  1419.753086  -0.00012725979994512976
 3641.975309  1543.209877  -0.00012707364435016882
 3641.975309  1666.666667  -0.00012624316961024109
 3641.975309  1790.123457  -0.00012595344487755918
 3641.975309  1913.580247  -0.00012670483462438046
 3641.975309  2037.037037  -0.00012935742863256494
 3641.975309  2160.493827  -0.00013007345206190587
 3641.975309  2283.950617  -0.00012814477742042872
 3641.975309  2407.407407  -0.00011866130822818243
 3641.975309  2530.864198  -0.00012788608314672620
 3641.975309  2654.320988  -0.00013675643655493440
 3641.975309  2777.777778  -0.00012887272193111044
 3641.975309  2901.234568  -0.00012042010460746070
 3641.975309  3024.691358  -0.00011666219555762093
 3641.975309  3148.148148  -0.00011817698200871660
 3641.975309  3271.604938  -0.00012328607169862055
 3641.975309  3395.061728  -0.00012829068004469220
 3641.975309  3518.518519  -0.00013300470825299772
 3641.975309  3641.975309  -0.00013298761874626887
 3641.975309  3765.432099  -0.00013004822506379845
 3641.975309  3888.888889  -0.00012243239801342705
 3641.975309  4012.345679  -0.00011714962482967175
 3641.975309  4135.802469  -0.00011274876795239948
 3641.975309  4259.259259  -0.00011204993276462277
 3641.975309  4382.716049  -0.00012007777363759509
 3641.975309  4506.172840  -0.00013426652866392654
 3641.975309  4629.629630  -0.00014491852753474398
 3641.975309  4753.086420  -0.00013683085209055315
 3641.975309  4876.543210  -0.00008812189552256910

 3765.432099 -5000.000000  0.00001521160733276711
 3765.432099 -4876.543210  -0.00008417219500970342
 3765.432099 -4753.086420  -0.00013441587626584112
 3765.432099 -4629.629630  -0.00014318397013957215
 3765.432099 -4506.172840  -0.00013218275453421969
 3765.432099 -4382.716049  -0.00011724340398007512
 3765.432099 -4259.259259  -0.00010869073359897001
 3765.432099 -4135.802469  -0.00010925399167885850
 3765.432099 -4012.345679  -0.00011435232713004735
 3765.432099 -3888.888889  -0.00011954038562620317
 3765.432099 -3765.432099  -0.00012756817766892723
 3765.432099 -3641.975309  -0.00013056584633645732
 3765.432099 -3518.518519  -0.00012986159314449193
 3765.432099 -3395.061728  -0.00012571763211528759
 3765.432099 -3271.604938  -0.00012013774064305411
 3765.432099 -3148.148148  -0.00011492608252144277
 3765.432099 -3024.691358  -0.00011314856690135977
 3765.432099 -2901.234568  -0.00011712576607479274
 3765.432099 -2777.777778  -0.00012601959982991051
 3765.432099 -2654.320988  -0.00013399321761856442
 3765.432099 -2530.864198  -0.00012445631051573552
 3765.432099 -2407.407407  -0.00011407181786994809
 3765.432099 -2283.950617  -0.00012349339915016021
 3765.432099 -2160.493827  -0.00012547819814201307
 3765.432099 -2037.037037  -0.00012473881879330797
 3765.432099 -1913.580247  -0.00012201052126930934
 3765.432099 -1790.123457  -0.00012119911135388373
 3765.432099 -1666.666667  -0.00012148346457994732
 3765.432099 -1543.209877  -0.00012231927783865306
 3765.432099 -1419.753086  -0.00012247185633641516
 3765.432099 -1296.296296  -0.00012466049295264855
 3765.432099 -1172.839506  -0.00012398714560349092
 3765.432099 -1049.382716  -0.00012530674121095402
 3765.432099  -925.925926  -0.00012399308286534211
 3765.432099  -802.469136  -0.00012352510140249481
 3765.432099  -679.012346  -0.00012273248687587579
 3765.432099  -555.555556  -0.00012294985571634047
 3765.432099  -432.098765  -0.00012350506125365505
 3765.432099  -308.641975  -0.00012451754089852385
 3765.432099  -185.185185  -0.00012537664368883402
 3765.432099   -61.728395  -0.00012383704726298838
 3765.432099    61.728395  -0.00012383704726306885
 3765.432099   185.185185  -0.00012537664368912220
 3765.432099   308.641975  -0.00012451754089893847
 3765.432099   432.098765  -0.00012350506125415853
 3765.432099   555.555556  -0.00012294985571694058
 3765.432099   679.012346  -0.00012273248687661733
 3765.432099   802.469136  -0.00012352510140342402
 3765.432099   925.925926  -0.00012399308286646340
 3765.432099  1049.382716  -0.00012530674121225211
 3765.432099  1172.839506  -0.00012398714560491817
 3765.432099  1296.296296  -0.00012466049295421577
 3765.432099  1419.753086  -0.00012247185633808004
 3765.432099  1543.209877  -0.00012231927784044205
 3765.432099  1666.666667  -0.00012148346458182913
 3765.432099  1790.123457  -0.00012119911135589587
 3765.432099  1913.580247  -0.00012201052127153451
 3765.432099  2037.037037  -0.00012473881879581712
 3765.432099  2160.493827  -0.00012547819814470685
 3765.432099  2283.950617  -0.00012349339915285288
 3765.432099  2407.407407  -0.00011407181787234461
 3765.432099  2530.864198  -0.00012445631051874651
 3765.432099  2654.320988  -0.00013399321762222940
 3765.432099  2777.777778  -0.00012601959983333456
 3765.432099  2901.234568  -0.00011712576607794682
 3765.432099  3024.691358  -0.00011314856690449417
 3765.432099  3148.148148  -0.00011492608252481212
 3765.432099  3271.604938  -0.00012013774064679092
 3765.432099  3395.061728  -0.00012571763211939707
 3765.432099  3518.518519  -0.00012986159314892423
 3765.432099  3641.975309  -0.00013056584634108456
 3765.432099  3765.432099  -0.00012756817767354213
 3765.432099  3888.888889  -0.00011954038563065104
 3765.432099  4012.345679  -0.00011435232713439442
 3765.432099  4135.802469  -0.00010925399168313298
 3765.432099  4259.259259  -0.00010869073360337549
 3765.432099  4382.716049  -0.00011724340398498201
 3765.432099  4506.172840  -0.00013218275453988918
 3765.432099  4629.629630  -0.00014318397014584526
 3765.432099  4753.086420  -0.00013441587627188828
 3765.432099  4876.543210  -0.00008417219501371291

 3888.888889 -5000.000000  0.00000671396602643795
 3888.888889 -4876.543210  -0.00008584047112765970
 3888.888889 -4753.086420  -0.00012683843974826926
 3888.888889 -4629.629630  -0.00013350722044430191
 3888.888889 -4506.172840  -0.00012475464260737425
 3888.888889 -4382.716049  -0.00011314467889132961
 3888.888889 -4259.259259  -0.00010606840288175872
 3888.888889 -4135.802469  -0.00010562420844286169
 3888.888889 -4012.345679  -0.00010940338541463621
 3888.888889 -3888.888889  -0.00011430647060555059
 3888.888889 -3765.432099  -0.00012022289321891851
 3888.888889 -3641.975309  -0.00012357698713641463
 3888.888889 -3518.518519  -0.00012278814054758017
 3888.888889 -3395.061728  -0.00011965990270519655
 3888.888889 -3271.604938  -0.00011538927275902118
 3888.888889 -3148.148148  -0.00011093373682001091
 3888.888889 -3024.691358  -0.00010857669267683784
 3888.888889 -2901.234568  -0.00011107595656026290
 3888.888889 -2777.777778  -0.00011877633133773384
 3888.888889 -2654.320988  -0.00012730224984574325
 3888.888889 -2530.864198  -0.00012052448740587434
 3888.888889 -2407.407407  -0.00010728617121152329
 3888.888889 -2283.950617  -0.00011760024591825611
 3888.888889 -2160.493827  -0.00012037255522937316
 3888.888889 -2037.037037  -0.00011949718803935116
 3888.888889 -1913.580247  -0.00011611118921645341
 3888.888889 -1790.123457  -0.00011495507329050463
 3888.888889 -1666.666667  -0.00011538608134149839
 3888.888889 -1543.209877  -0.00011649322969810718
 3888.888889 -1419.753086  -0.00011655141048454485
 3888.888889 -1296.296296  -0.00011869123856551587
 3888.888889 -1172.839506  -0.00011824927991432545
 3888.888889 -1049.382716  -0.00011946199820630869
 3888.888889  -925.925926  -0.00011809916622240666
 3888.888889  -802.469136  -0.00011748169867409725
 3888.888889  -679.012346  -0.00011655638319959532
 3888.888889  -555.555556  -0.00011671752510285370
 3888.888889  -432.098765  -0.00011736214307134539
 3888.888889  -308.641975  -0.00011854623538574793
 3888.888889  -185.185185  -0.00011948752393721465
 3888.888889   -61.728395  -0.00011768656922044527
 3888.888889    61.728395  -0.00011768656922052629
 3888.888889   185.185185  -0.00011948752393749510
 3888.888889   308.641975  -0.00011854623538614037
 3888.888889   432.098765  -0.00011736214307180948
 3888.888889   555.555556  -0.00011671752510339967
 3888.888889   679.012346  -0.00011655638320027154
 3888.888889   802.469136  -0.00011748169867495393
 3888.888889   925.925926  -0.00011809916622344883
 3888.888889  1049.382716  -0.00011946199820751835
 3888.888889  1172.839506  -0.00011824927991565375
 3888.888889  1296.296296  -0.00011869123856696567
 3888.888889  1419.753086  -0.00011655141048608289
 3888.888889  1543.209877  -0.00011649322969976326
 3888.888889  1666.666667  -0.00011538608134322909
 3888.888889  1790.123457  -0.00011495507329234993
 3888.888889  1913.580247  -0.00011611118921850931
 3888.888889  2037.037037  -0.00011949718804169838
 3888.888889  2160.493827  -0.00012037255523189856
 3888.888889  2283.950617  -0.00011760024592074897
 3888.888889  2407.407407  -0.00010728617121368664
 3888.888889  2530.864198  -0.00012052448740871727
 3888.888889  2654.320988  -0.00012730224984913602
 3888.888889  2777.777778  -0.00011877633134086545
 3888.888889  2901.234568  -0.00011107595656315776
 3888.888889  3024.691358  -0.00010857669267975001
 3888.888889  3148.148148  -0.00011093373682316412
 3888.888889  3271.604938  -0.00011538927276250476
 3888.888889  3395.061728  -0.00011965990270899938
 3888.888889  3518.518519  -0.00012278814055166105
 3888.888889  3641.975309  -0.00012357698714068329
 3888.888889  3765.432099  -0.00012022289322316401
 3888.888889  3888.888889  -0.00011430647060968336
 3888.888889  4012.345679  -0.00010940338541867747
 3888.888889  4135.802469  -0.00010562420844686351
 3888.888889  4259.259259  -0.00010606840288591082
 3888.888889  4382.716049  -0.00011314467889592548
 3888.888889  4506.172840  -0.00012475464261261772
 3888.888889  4629.629630  -0.00013350722045006466
 3888.888889  4753.086420  -0.00012683843975386239
 3888.888889  4876.543210  -0.00008584047113152303

 4012.345679 -5000.000000  0.00000652097476373873
 4012.345679 -4876.543210  -0.00008317712490678055
 4012.345679 -4753.086420  -0.00012279644638053130
 4012.345679 -4629.629630  -0.00012918491818684339
 4012.345679 -4506.172840  -0.00012068069668237580
 4012.345679 -4382.716049  -0.00010941724028168536
 4012.345679 -4259.259259  -0.00010252348982893182
 4012.345679 -4135.802469  -0.00010203302180044050
 4012.345679 -4012.345679  -0.00010563716348951162
 4012.345679 -3888.888889  -0.00011036544725004149
 4012.345679 -3765.432099  -0.00011605935025387979
 4012.345679 -3641.975309  -0.00011936234031247948
 4012.345679 -3518.518519  -0.00011858271418386084
 4012.345679 -3395.061728  -0.00011553446825874900
 4012.345679 -3271.604938  -0.00011138880092597964
 4012.345679 -3148.148148  -0.00010704366092551131
 4012.345679 -3024.691358  -0.00010471020904840373
 4012.345679 -2901.234568  -0.00010707870046606327
 4012.345679 -2777.777778  -0.00011452255156712428
 4012.345679 -2654.320988  -0.00012284011658685007
 4012.345679 -2530.864198  -0.00011638418566296211
 4012.345679 -2407.407407  -0.00010344259583429606
 4012.345679 -2283.950617  -0.00011347199043748170
 4012.345679 -2160.493827  -0.00011615395422176409
 4012.345679 -2037.037037  -0.00011528108394838341
 4012.345679 -1913.580247  -0.00011196185506068539
 4012.345679 -1790.123457  -0.00011081364070568562
 4012.345679 -1666.666667  -0.00011121405737293904
 4012.345679 -1543.209877  -0.00011227540967161242
 4012.345679 -1419.753086  -0.00011231926663468405
 4012.345679 -1296.296296  -0.00011437626836638696
 4012.345679 -1172.839506  -0.00011396763232290924
 4012.345679 -1049.382716  -0.00011512202675316910
 4012.345679  -925.925926  -0.00011378805062416781
 4012.345679  -802.469136  -0.00011317223351806141
 4012.345679  -679.012346  -0.00011226296754503175
 4012.345679  -555.555556  -0.00011240884404335439
 4012.345679  -432.098765  -0.00011303053492955380
 4012.345679  -308.641975  -0.00011417986781688654
 4012.345679  -185.185185  -0.00011509266433891357
 4012.345679   -61.728395  -0.00011333637166738944
 4012.345679    61.728395  -0.00011333637166746806
 4012.345679   185.185185  -0.00011509266433917773
 4012.345679   308.641975  -0.00011417986781725125
 4012.345679   432.098765  -0.00011303053492998286
 4012.345679   555.555556  -0.00011240884404385896
 4012.345679   679.012346  -0.00011226296754565771
 4012.345679   802.469136  -0.00011317223351885614
 4012.345679   925.925926  -0.00011378805062513622
 4012.345679  1049.382716  -0.00011512202675429491
 4012.345679  1172.839506  -0.00011396763232414640
 4012.345679  1296.296296  -0.00011437626836773436
 4012.345679  1419.753086  -0.00011231926663611300
 4012.345679  1543.209877  -0.00011227540967314971
 4012.345679  1666.666667  -0.00011121405737454355
 4012.345679  1790.123457  -0.00011081364070739697
 4012.345679  1913.580247  -0.00011196185506259478
 4012.345679  2037.037037  -0.00011528108395056834
 4012.345679  2160.493827  -0.00011615395422411640
 4012.345679  2283.950617  -0.00011347199043979994
 4012.345679  2407.407407  -0.00010344259583629818
 4012.345679  2530.864198  -0.00011638418566561304
 4012.345679  2654.320988  -0.00012284011659002017
 4012.345679  2777.777778  -0.00011452255157004386
 4012.345679  2901.234568  -0.00010707870046875702
 4012.345679  3024.691358  -0.00010471020905111334
 4012.345679  3148.148148  -0.00010704366092844894
 4012.345679  3271.604938  -0.00011138880092922854
 4012.345679  3395.061728  -0.00011553446826229800
 4012.345679  3518.518519  -0.00011858271418767261
 4012.345679  3641.975309  -0.00011936234031646933
 4012.345679  3765.432099  -0.00011605935025784522
 4012.345679  3888.888889  -0.00011036544725390336
 4012.345679  4012.345679  -0.00010563716349328649
 4012.345679  4135.802469  -0.00010203302180417915
 4012.345679  4259.259259  -0.00010252348983281436
 4012.345679  4382.716049  -0.00010941724028598874
 4012.345679  4506.172840  -0.00012068069668729102
 4012.345679  4629.629630  -0.00012918491819224952
 4012.345679  4753.086420  -0.00012279644638578019
 4012.345679  4876.543210  -0.00008317712491040128

 4135.802469 -5000.000000  0.00000102364072532290
 4135.802469 -4876.543210  -0.00008471511703322898
 4135.802469 -4753.086420  -0.00011859197535817756
 4135.802469 -4629.629630  -0.00012363127631251323
 4135.802469 -4506.172840  -0.00011650557358834275
 4135.802469 -4382.716049  -0.00010731175703924636
 4135.802469 -4259.259259  -0.00010133680472875055
 4135.802469 -4135.802469  -0.00010020617746476566
 4135.802469 -4012.345679  -0.00010294349874676553
 4135.802469 -3888.888889  -0.00010749873977067452
 4135.802469 -3765.432099  -0.00011192236124834876
 4135.802469 -3641.975309  -0.00011593085016647988
 4135.802469 -3518.518519  -0.00011510978235766109
 4135.802469 -3395.061728  -0.00011262451219721427
 4135.802469 -3271.604938  -0.00010927799164888503
 4135.802469 -3148.148148  -0.00010537404047742131
 4135.802469 -3024.691358  -0.00010266804797750611
 4135.802469 -2901.234568  -0.00010411368144946733
 4135.802469 -2777.777778  -0.00011084183699967473
 4135.802469 -2654.320988  -0.00011955216546645859
 4135.802469 -2530.864198  -0.00011474112786972936
 4135.802469 -2407.407407  -0.00009992004942670187
 4135.802469 -2283.950617  -0.00011053576725252938
 4135.802469 -2160.493827  -0.00011370210488189538
 4135.802469 -2037.037037  -0.00011273472515631687
 4135.802469 -1913.580247  -0.00010898830562639319
 4135.802469 -1790.123457  -0.00010761713512119074
 4135.802469 -1666.666667  -0.00010810210324306867
 4135.802469 -1543.209877  -0.00010932707932243204
 4135.802469 -1419.753086  -0.00010930531234652944
 4135.802469 -1296.296296  -0.00011133593432783868
 4135.802469 -1172.839506  -0.00011106118366373885
 4135.802469 -1049.382716  -0.00011215086271284934
 4135.802469  -925.925926  -0.00011077638963587060
 4135.802469  -802.469136  -0.00011006681137913444
 4135.802469  -679.012346  -0.00010907487098300029
 4135.802469  -555.555556  -0.00010919217323418049
 4135.802469  -432.098765  -0.00010987853724294330
 4135.802469  -308.641975  -0.00011114795031234132
 4135.802469  -185.185185  -0.00011212563409486635
 4135.802469   -61.728395  -0.00011020218657702297
 4135.802469    61.728395  -0.00011020218657710019
 4135.802469   185.185185  -0.00011212563409512022
 4135.802469   308.641975  -0.00011114795031268335
 4135.802469   432.098765  -0.00010987853724333650
 4135.802469   555.555556  -0.00010919217323463750
 4135.802469   679.012346  -0.00010907487098356970
 4135.802469   802.469136  -0.00011006681137986535
 4135.802469   925.925926  -0.00011077638963676815
 4135.802469  1049.382716  -0.00011215086271389556
 4135.802469  1172.839506  -0.00011106118366488813
 4135.802469  1296.296296  -0.00011133593432908424
 4135.802469  1419.753086  -0.00010930531234784672
 4135.802469  1543.209877  -0.00010932707932384891
 4135.802469  1666.666667  -0.00010810210324453784
 4135.802469  1790.123457  -0.00010761713512275403
 4135.802469  1913.580247  -0.00010898830562815133
 4135.802469  2037.037037  -0.00011273472515835199
 4135.802469  2160.493827  -0.00011370210488409069
 4135.802469  2283.950617  -0.00011053576725466658
 4135.802469  2407.407407  -0.00009992004942850268
 4135.802469  2530.864198  -0.00011474112787222468
 4135.802469  2654.320988  -0.00011955216546940263
 4135.802469  2777.777778  -0.00011084183700235315
 4135.802469  2901.234568  -0.00010411368145194107
 4135.802469  3024.691358  -0.00010266804798001898
 4135.802469  3148.148148  -0.00010537404048016201
 4135.802469  3271.604938  -0.00010927799165190823
 4135.802469  3395.061728  -0.00011262451220049680
 4135.802469  3518.518519  -0.00011510978236117588
 4135.802469  3641.975309  -0.00011593085017016575
 4135.802469  3765.432099  -0.00011192236125198268
 4135.802469  3888.888889  -0.00010749873977424164
 4135.802469  4012.345679  -0.00010294349875025403
 4135.802469  4135.802469  -0.00010020617746824143
 4135.802469  4259.259259  -0.00010133680473237883
 4135.802469  4382.716049  -0.00010731175704324952
 4135.802469  4506.172840  -0.00011650557359287221
 4135.802469  4629.629630  -0.00012363127631746958
 4135.802469  4753.086420  -0.00011859197536301550
 4135.802469  4876.543210  -0.00008471511703666973

 4259.259259 -5000.000000  -0.00000280921537031317
 4259.259259 -4876.543210  -0.00009020256217065146
 4259.259259 -4753.086420  -0.00012175167501204716
 4259.259259 -4629.629630  -0.00012606397847211547
 4259.259259 -4506.172840  -0.00011953034245632937
 4259.259259 -4382.716049  -0.00011132055460592843
 4259.259259 -4259.259259  -0.00010568651651425411
 4259.259259 -4135.802469  -0.00010406159103171251
 4259.259259 -4012.345679  -0.00010630111009383212
 4259.259259 -3888.888889  -0.00011096703115491413
 4259.259259 -3765.432099  -0.00011461960466258370
 4259.259259 -3641.975309  -0.00011861322574200823
 4259.259259 -3518.518519  -0.00011776767673987418
 4259.259259 -3395.061728  -0.00011552594728167407
 4259.259259 -3271.604938  -0.00011260929085476152
 4259.259259 -3148.148148  -0.00010883158717280327
 4259.259259 -3024.691358  -0.00010576815881580734
 4259.259259 -2901.234568  -0.00010663052425689319
 4259.259259 -2777.777778  -0.00011311223265884121
 4259.259259 -2654.320988  -0.00012241671127422572
 4259.259259 -2530.864198  -0.00011856163862878872
 4259.259259 -2407.407407  -0.00010198678187743322
 4259.259259 -2283.950617  -0.00011347780715989850
 4259.259259 -2160.493827  -0.00011709302648208466
 4259.259259 -2037.037037  -0.00011600833877656094
 4259.259259 -1913.580247  -0.00011180584992346255
 4259.259259 -1790.123457  -0.00011021780813511316
 4259.259259 -1666.666667  -0.00011076957269335443
 4259.259259 -1543.209877  -0.00011214861710639243
 4259.259259 -1419.753086  -0.00011208118545807126
 4259.259259 -1296.296296  -0.00011418145962844306
 4259.259259 -1172.839506  -0.00011397618214292233
 4259.259259 -1049.382716  -0.00011506633488423788
 4259.259259  -925.925926  -0.00011359879453040607
 4259.259259  -802.469136  -0.00011279058058637441
 4259.259259  -679.012346  -0.00011169704901661563
 4259.259259  -555.555556  -0.00011180035622300915
 4259.259259  -432.098765  -0.00011256276322963974
 4259.259259  -308.641975  -0.00011397260908732926
 4259.259259  -185.185185  -0.00011504011555004594
 4259.259259   -61.728395  -0.00011291756119749530
 4259.259259    61.728395  -0.00011291756119757257
 4259.259259   185.185185  -0.00011504011555029880
 4259.259259   308.641975  -0.00011397260908766348
 4259.259259   432.098765  -0.00011256276323001503
 4259.259259   555.555556  -0.00011180035622343978
 4259.259259   679.012346  -0.00011169704901715408
 4259.259259   802.469136  -0.00011279058058707251
 4259.259259   925.925926  -0.00011359879453126992
 4259.259259  1049.382716  -0.00011506633488524682
 4259.259259  1172.839506  -0.00011397618214403005
 4259.259259  1296.296296  -0.00011418145962963962
 4259.259259  1419.753086  -0.00011208118545933359
 4259.259259  1543.209877  -0.00011214861710775046
 4259.259259  1666.666667  -0.00011076957269475392
 4259.259259  1790.123457  -0.00011021780813659854
 4259.259259  1913.580247  -0.00011180584992514535
 4259.259259  2037.037037  -0.00011600833877852896
 4259.259259  2160.493827  -0.00011709302648421136
 4259.259259  2283.950617  -0.00011347780716194640
 4259.259259  2407.407407  -0.00010198678187911760
 4259.259259  2530.864198  -0.00011856163863121621
 4259.259259  2654.320988  -0.00012241671127705977
 4259.259259  2777.777778  -0.00011311223266138874
 4259.259259  2901.234568  -0.00010663052425924522
 4259.259259  3024.691358  -0.00010576815881821637
 4259.259259  3148.148148  -0.00010883158717544459
 4259.259259  3271.604938  -0.00011260929085766977
 4259.259259  3395.061728  -0.00011552594728481563
 4259.259259  3518.518519  -0.00011776767674323101
 4259.259259  3641.975309  -0.00011861322574553415
 4259.259259  3765.432099  -0.00011461960466606125
 4259.259259  3888.888889  -0.00011096703115835203
 4259.259259  4012.345679  -0.00010630111009719718
 4259.259259  4135.802469  -0.00010406159103508283
 4259.259259  4259.259259  -0.00010568651651778537
 4259.259259  4382.716049  -0.00011132055460981121
 4259.259259  4506.172840  -0.00011953034246069048
 4259.259259  4629.629630  -0.00012606397847686875
 4259.259259  4753.086420  -0.00012175167501670617
 4259.259259  4876.543210  -0.00009020256217404106

 4382.716049 -5000.000000  0.00000425730669550127
 4382.716049 -4876.543210  -0.00009557351873877219
 4382.716049 -4753.086420  -0.00013700990318597751
 4382.716049 -4629.629630  -0.00014326556052167248
 4382.716049 -4506.172840  -0.00013431641166915479
 4382.716049 -4382.716049  -0.00012269301481549039
 4382.716049 -4259.259259  -0.00011534014926752558
 4382.716049 -4135.802469  -0.00011431481929685637
 4382.716049 -4012.345679  -0.00011779767493206934
 4382.716049 -3888.888889  -0.00012301046174413018
 4382.716049 -3765.432099  -0.00012860102100158065
 4382.716049 -3641.975309  -0.00013234721388871346
 4382.716049 -3518.518519  -0.00013142259903582893
 4382.716049 -3395.061728  -0.00012821163508717397
 4382.716049 -3271.604938  -0.00012388967959048639
 4382.716049 -3148.148148  -0.00011918149341494384
 4382.716049 -3024.691358  -0.00011635098460718522
 4382.716049 -2901.234568  -0.00011849649657096733
 4382.716049 -2777.777778  -0.00012636668917950290
 4382.716049 -2654.320988  -0.00013575099725037494
 4382.716049 -2530.864198  -0.00012945039317592905
 4382.716049 -2407.407407  -0.00011437023181083107
 4382.716049 -2283.950617  -0.00012602566424977456
 4382.716049 -2160.493827  -0.00012919329291772913
 4382.716049 -2037.037037  -0.00012809121250981971
 4382.716049 -1913.580247  -0.00012409016729743175
 4382.716049 -1790.123457  -0.00012263204346326807
 4382.716049 -1666.666667  -0.00012305225248138683
 4382.716049 -1543.209877  -0.00012426642579475752
 4382.716049 -1419.753086  -0.00012426332800249723
 4382.716049 -1296.296296  -0.00012653502109094859
 4382.716049 -1172.839506  -0.00012604688503473334
 4382.716049 -1049.382716  -0.00012727359416385488
 4382.716049  -925.925926  -0.00012571018944197655
 4382.716049  -802.469136  -0.00012493165953413222
 4382.716049  -679.012346  -0.00012384008023386388
 4382.716049  -555.555556  -0.00012397763544483881
 4382.716049  -432.098765  -0.00012471464159039173
 4382.716049  -308.641975  -0.00012608569911797145
 4382.716049  -185.185185  -0.00012715973365444214
 4382.716049   -61.728395  -0.00012507699593542198
 4382.716049    61.728395  -0.00012507699593550044
 4382.716049   185.185185  -0.00012715973365470131
 4382.716049   308.641975  -0.00012608569911831777
 4382.716049   432.098765  -0.00012471464159078465
 4382.716049   555.555556  -0.00012397763544529103
 4382.716049   679.012346  -0.00012384008023442802
 4382.716049   802.469136  -0.00012493165953485961
 4382.716049   925.925926  -0.00012571018944287392
 4382.716049  1049.382716  -0.00012727359416490175
 4382.716049  1172.839506  -0.00012604688503588376
 4382.716049  1296.296296  -0.00012653502109219702
 4382.716049  1419.753086  -0.00012426332800381641
 4382.716049  1543.209877  -0.00012426642579617389
 4382.716049  1666.666667  -0.00012305225248285359
 4382.716049  1790.123457  -0.00012263204346482821
 4382.716049  1913.580247  -0.00012409016729918973
 4382.716049  2037.037037  -0.00012809121251185896
 4382.716049  2160.493827  -0.00012919329291993141
 4382.716049  2283.950617  -0.00012602566425191447
 4382.716049  2407.407407  -0.00011437023181261701
 4382.716049  2530.864198  -0.00012945039317840875
 4382.716049  2654.320988  -0.00013575099725333573
 4382.716049  2777.777778  -0.00012636668918218559
 4382.716049  2901.234568  -0.00011849649657342376
 4382.716049  3024.691358  -0.00011635098460966731
 4382.716049  3148.148148  -0.00011918149341765078
 4382.716049  3271.604938  -0.00012388967959348429
 4382.716049  3395.061728  -0.00012821163509044295
 4382.716049  3518.518519  -0.00013142259903934243
 4382.716049  3641.975309  -0.00013234721389240419
 4382.716049  3765.432099  -0.00012860102100524230
 4382.716049  3888.888889  -0.00012301046174771163
 4382.716049  4012.345679  -0.00011779767493557474
 4382.716049  4135.802469  -0.00011431481930034197
 4382.716049  4259.259259  -0.00011534014927115923
 4382.716049  4382.716049  -0.00012269301481952047
 4382.716049  4506.172840  -0.00013431641167374847
 4382.716049  4629.629630  -0.00014326556052671980
 4382.716049  4753.086420  -0.00013700990319088940
 4382.716049  4876.543210  -0.00009557351874219055

 4506.172840 -5000.000000  0.00001945068942456156
 4506.172840 -4876.543210  -0.00010030730922119994
 4506.172840 -4753.086420  -0.00016056822136011753
 4506.172840 -4629.629630  -0.00017076190435839022
 4506.172840 -4506.172840  -0.00015721613520019919
 4506.172840 -4382.716049  -0.00013895513068877747
 4506.172840 -4259.259259  -0.00012837331680345222
 4506.172840 -4135.802469  -0.00012876000203496769
 4506.172840 -4012.345679  -0.00013474929026768785
 4506.172840 -3888.888889  -0.00014080458936655224
 4506.172840 -3765.432099  -0.00015033052381994573
 4506.172840 -3641.975309  -0.00015374545744425427
 4506.172840 -3518.518519  -0.00015270133988712061
 4506.172840 -3395.061728  -0.00014763164254689908
 4506.172840 -3271.604938  -0.00014058883211158016
 4506.172840 -3148.148148  -0.00013416879775192406
 4506.172840 -3024.691358  -0.00013196630566914550
 4506.172840 -2901.234568  -0.00013672314792966239
 4506.172840 -2777.777778  -0.00014720018769802433
 4506.172840 -2654.320988  -0.00015638048235452524
 4506.172840 -2530.864198  -0.00014515034350330182
 4506.172840 -2407.407407  -0.00013371897640729503
 4506.172840 -2283.950617  -0.00014502609428911802
 4506.172840 -2160.493827  -0.00014712198682395179
 4506.172840 -2037.037037  -0.00014607423049720081
 4506.172840 -1913.580247  -0.00014273604123797039
 4506.172840 -1790.123457  -0.00014165045224992506
 4506.172840 -1666.666667  -0.00014180220227003957
 4506.172840 -1543.209877  -0.00014262936348754491
 4506.172840 -1419.753086  -0.00014276692884593274
 4506.172840 -1296.296296  -0.00014527676925262808
 4506.172840 -1172.839506  -0.00014431734833055828
 4506.172840 -1049.382716  -0.00014577179548644489
 4506.172840  -925.925926  -0.00014411457167025468
 4506.172840  -802.469136  -0.00014345647778483549
 4506.172840  -679.012346  -0.00014244143582901148
 4506.172840  -555.555556  -0.00014264355461629931
 4506.172840  -432.098765  -0.00014327784626581971
 4506.172840  -308.641975  -0.00014447627116512799
 4506.172840  -185.185185  -0.00014549236119952886
 4506.172840   -61.728395  -0.00014362169011584620
 4506.172840    61.728395  -0.00014362169011592710
 4506.172840   185.185185  -0.00014549236119980045
 4506.172840   308.641975  -0.00014447627116550204
 4506.172840   432.098765  -0.00014327784626625789
 4506.172840   555.555556  -0.00014264355461681154
 4506.172840   679.012346  -0.00014244143582964596
 4506.172840   802.469136  -0.00014345647778564067
 4506.172840   925.925926  -0.00014411457167123724
 4506.172840  1049.382716  -0.00014577179548758864
 4506.172840  1172.839506  -0.00014431734833181674
 4506.172840  1296.296296  -0.00014527676925400876
 4506.172840  1419.753086  -0.00014276692884739695
 4506.172840  1543.209877  -0.00014262936348911350
 4506.172840  1666.666667  -0.00014180220227168205
 4506.172840  1790.123457  -0.00014165045225168060
 4506.172840  1913.580247  -0.00014273604123992347
 4506.172840  2037.037037  -0.00014607423049942234
 4506.172840  2160.493827  -0.00014712198682634468
 4506.172840  2283.950617  -0.00014502609429149329
 4506.172840  2407.407407  -0.00013371897640935293
 4506.172840  2530.864198  -0.00014515034350593865
 4506.172840  2654.320988  -0.00015638048235780321
 4506.172840  2777.777778  -0.00014720018770105251
 4506.172840  2901.234568  -0.00013672314793240580
 4506.172840  3024.691358  -0.00013196630567184923
 4506.172840  3148.148148  -0.00013416879775484051
 4506.172840  3271.604938  -0.00014058883211484269
 4506.172840  3395.061728  -0.00014763164255051863
 4506.172840  3518.518519  -0.00015270133989104840
 4506.172840  3641.975309  -0.00015374545744837559
 4506.172840  3765.432099  -0.00015033052382406367
 4506.172840  3888.888889  -0.00014080458937050120
 4506.172840  4012.345679  -0.00013474929027154910
 4506.172840  4135.802469  -0.00012876000203875296
 4506.172840  4259.259259  -0.00012837331680735827
 4506.172840  4382.716049  -0.00013895513069317534
 4506.172840  4506.172840  -0.00015721613520534693
 4506.172840  4629.629630  -0.00017076190436412481
 4506.172840  4753.086420  -0.00016056822136562718
 4506.172840  4876.543210  -0.00010030730922472799

 4629.629630 -5000.000000  0.00002979527098110163
 4629.629630 -4876.543210  -0.00010506313386803879
 4629.629630 -4753.086420  -0.00017877071411272945
 4629.629630 -4629.629630  -0.00019178930038084172
 4629.629630 -4506.172840  -0.00017502968243439211
 4629.629630 -4382.716049  -0.00015209808074504109
 4629.629630 -4259.259259  -0.00013919010107136024
 4629.629630 -4135.802469  -0.00014047826561044613
 4629.629630 -4012.345679  -0.00014819379238247763
 4629.629630 -3888.888889  -0.00015489853476329356
 4629.629630 -3765.432099  -0.00016716885025247307
 4629.629630 -3641.975309  -0.00017061579457706036
 4629.629630 -3518.518519  -0.00016943852402232453
 4629.629630 -3395.061728  -0.00016308057201969836
 4629.629630 -3271.604938  -0.00015417443664960260
 4629.629630 -3148.148148  -0.00014649119505127261
 4629.629630 -3024.691358  -0.00014454473059490944
 4629.629630 -2901.234568  -0.00015099960296009933
 4629.629630 -2777.777778  -0.00016343778643372142
 4629.629630 -2654.320988  -0.00017289466467883147
 4629.629630 -2530.864198  -0.00015823115607940433
 4629.629630 -2407.407407  -0.00014828605868673025
 4629.629630 -2283.950617  -0.00015975673513909597
 4629.629630 -2160.493827  -0.00016132386536318519
 4629.629630 -2037.037037  -0.00016026669381279029
 4629.629630 -1913.580247  -0.00015718600822776357
 4629.629630 -1790.123457  -0.00015626563786637769
 4629.629630 -1666.666667  -0.00015626876487757430
 4629.629630 -1543.209877  -0.00015690449035619030
 4629.629630 -1419.753086  -0.00015712407305516841
 4629.629630 -1296.296296  -0.00015983815983565850
 4629.629630 -1172.839506  -0.00015863261376565339
 4629.629630 -1049.382716  -0.00016025021393537955
 4629.629630  -925.925926  -0.00015848806653012966
 4629.629630  -802.469136  -0.00015787018362784465
 4629.629630  -679.012346  -0.00015686128252058752
 4629.629630  -555.555556  -0.00015709660639121051
 4629.629630  -432.098765  -0.00015768441102851144
 4629.629630  -308.641975  -0.00015881482920213186
 4629.629630  -185.185185  -0.00015982224532536528
 4629.629630   -61.728395  -0.00015800833876655957
 4629.629630    61.728395  -0.00015800833876664213
 4629.629630   185.185185  -0.00015982224532564866
 4629.629630   308.641975  -0.00015881482920252987
 4629.629630   432.098765  -0.00015768441102898635
 4629.629630   555.555556  -0.00015709660639177082
 4629.629630   679.012346  -0.00015686128252127919
 4629.629630   802.469136  -0.00015787018362871486
 4629.629630   925.925926  -0.00015848806653118538
 4629.629630  1049.382716  -0.00016025021393660627
 4629.629630  1172.839506  -0.00015863261376700493
 4629.629630  1296.296296  -0.00015983815983714928
 4629.629630  1419.753086  -0.00015712407305675254
 4629.629630  1543.209877  -0.00015690449035788667
 4629.629630  1666.666667  -0.00015626876487936131
 4629.629630  1790.123457  -0.00015626563786829212
 4629.629630  1913.580247  -0.00015718600822988037
 4629.629630  2037.037037  -0.00016026669381517393
 4629.629630  2160.493827  -0.00016132386536574854
 4629.629630  2283.950617  -0.00015975673514166794
 4629.629630  2407.407407  -0.00014828605868900032
 4629.629630  2530.864198  -0.00015823115608220776
 4629.629630  2654.320988  -0.00017289466468238920
 4629.629630  2777.777778  -0.00016343778643703938
 4629.629630  2901.234568  -0.00015099960296309002
 4629.629630  3024.691358  -0.00014454473059782045
 4629.629630  3148.148148  -0.00014649119505439590
 4629.629630  3271.604938  -0.00015417443665311504
 4629.629630  3395.061728  -0.00016308057202362952
 4629.629630  3518.518519  -0.00016943852402660940
 4629.629630  3641.975309  -0.00017061579458155311
 4629.629630  3765.432099  -0.00016716885025697381
 4629.629630  3888.888889  -0.00015489853476756719
 4629.629630  4012.345679  -0.00014819379238665355
 4629.629630  4135.802469  -0.00014047826561451029
 4629.629630  4259.259259  -0.00013919010107553211
 4629.629630  4382.716049  -0.00015209808074977477
 4629.629630  4506.172840  -0.00017502968244000671
 4629.629630  4629.629630  -0.00019178930038713697
 4629.629630  4753.086420  -0.00017877071411873772
 4629.629630  4876.543210  -0.00010506313387171811

 4753.086420 -5000.000000  0.00002115351062411549
 4753.086420 -4876.543210  -0.00010623225827593144
 4753.086420 -4753.086420  -0.00017075964492996350
 4753.086420 -4629.629630  -0.00018183420285616629
 4753.086420 -4506.172840  -0.00016744769281705274
 4753.086420 -4382.716049  -0.00014790221735978557
 4753.086420 -4259.259259  -0.00013650711089223069
 4753.086420 -4135.802469  -0.00013683945015018103
 4753.086420 -4012.345679  -0.00014317295184345849
 4753.086420 -3888.888889  -0.00014957886063888496
 4753.086420 -3765.432099  -0.00015973914211020912
 4753.086420 -3641.975309  -0.00016378818979094847
 4753.086420 -3518.518519  -0.00016255470416981420
 4753.086420 -3395.061728  -0.00015717732875933946
 4753.086420 -3271.604938  -0.00014975781085956356
 4753.086420 -3148.148148  -0.00014281263552226657
 4753.086420 -3024.691358  -0.00014013816405767567
 4753.086420 -2901.234568  -0.00014494953718995404
 4753.086420 -2777.777778  -0.00015630489756853516
 4753.086420 -2654.320988  -0.00016673520346983763
 4753.086420 -2530.864198  -0.00015465352406211625
 4753.086420 -2407.407407  -0.00014037172842907653
 4753.086420 -2283.950617  -0.00015301717945040853
 4753.086420 -2160.493827  -0.00015566149645095508
 4753.086420 -2037.037037  -0.00015444617355752605
 4753.086420 -1913.580247  -0.00015051285633333998
 4753.086420 -1790.123457  -0.00014915567509100823
 4753.086420 -1666.666667  -0.00014937866719225373
 4753.086420 -1543.209877  -0.00015039683083402776
 4753.086420 -1419.753086  -0.00015049907594755170
 4753.086420 -1296.296296  -0.00015317085400467603
 4753.086420 -1172.839506  -0.00015223669720144145
 4753.086420 -1049.382716  -0.00015373638775530691
 4753.086420  -925.925926  -0.00015191594869072409
 4753.086420  -802.469136  -0.00015111589949273247
 4753.086420  -679.012346  -0.00014993887353215098
 4753.086420  -555.555556  -0.00015010952916268342
 4753.086420  -432.098765  -0.00015082169752721192
 4753.086420  -308.641975  -0.00015218639491602096
 4753.086420  -185.185185  -0.00015331080499283569
 4753.086420   -61.728395  -0.00015114573574977967
 4753.086420    61.728395  -0.00015114573574985960
 4753.086420   185.185185  -0.00015331080499311381
 4753.086420   308.641975  -0.00015218639491640411
 4753.086420   432.098765  -0.00015082169752765845
 4753.086420   555.555556  -0.00015010952916320405
 4753.086420   679.012346  -0.00014993887353279592
 4753.086420   802.469136  -0.00015111589949355351
 4753.086420   925.925926  -0.00015191594869172744
 4753.086420  1049.382716  -0.00015373638775647482
 4753.086420  1172.839506  -0.00015223669720272799
 4753.086420  1296.296296  -0.00015317085400608828
 4753.086420  1419.753086  -0.00015049907594904982
 4753.086420  1543.209877  -0.00015039683083563617
 4753.086420  1666.666667  -0.00014937866719393593
 4753.086420  1790.123457  -0.00014915567509280476
 4753.086420  1913.580247  -0.00015051285633534440
 4753.086420  2037.037037  -0.00015444617355981518
 4753.086420  2160.493827  -0.00015566149645341988
 4753.086420  2283.950617  -0.00015301717945284205
 4753.086420  2407.407407  -0.00014037172843116671
 4753.086420  2530.864198  -0.00015465352406486741
 4753.086420  2654.320988  -0.00016673520347324465
 4753.086420  2777.777778  -0.00015630489757166937
 4753.086420  2901.234568  -0.00014494953719279324
 4753.086420  3024.691358  -0.00014013816406048212
 4753.086420  3148.148148  -0.00014281263552530244
 4753.086420  3271.604938  -0.00014975781086295923
 4753.086420  3395.061728  -0.00015717732876310077
 4753.086420  3518.518519  -0.00016255470417389040
 4753.086420  3641.975309  -0.00016378818979522543
 4753.086420  3765.432099  -0.00015973914211447212
 4753.086420  3888.888889  -0.00014957886064297999
 4753.086420  4012.345679  -0.00014317295184746259
 4753.086420  4135.802469  -0.00013683945015411115
 4753.086420  4259.259259  -0.00013650711089629119
 4753.086420  4382.716049  -0.00014790221736435329
 4753.086420  4506.172840  -0.00016744769282238804
 4753.086420  4629.629630  -0.00018183420286209804
 4753.086420  4753.086420  -0.00017075964493566006
 4753.086420  4876.543210  -0.00010623225827958982

 4876.543210 -5000.000000  -0.00001748834291026016
 4876.543210 -4876.543210  -0.00009189762157905388
 4876.543210 -4753.086420  -0.00010741863461771106
 4876.543210 -4629.629630  -0.00010830776820879733
 4876.543210 -4506.172840  -0.00010590646289214276
 4876.543210 -4382.716049  -0.00010357507963032903
 4876.543210 -4259.259259  -0.00010050741392143305
 4876.543210 -4135.802469  -0.00009711500311701508
 4876.543210 -4012.345679  -0.00009684484463852993
 4876.543210 -3888.888889  -0.00010091611044297195
 4876.543210 -3765.432099  -0.00010080534767932619
 4876.543210 -3641.975309  -0.00010571418972674218
 4876.543210 -3518.518519  -0.00010473686402617164
 4876.543210 -3395.061728  -0.00010418887485214973
 4876.543210 -3271.604938  -0.00010383532328021352
 4876.543210 -3148.148148  -0.00010127523227725895
 4876.543210 -3024.691358  -0.00009682609266431792
 4876.543210 -2901.234568  -0.00009469492217796109
 4876.543210 -2777.777778  -0.00009922050797745883
 4876.543210 -2654.320988  -0.00011031295325867387
 4876.543210 -2530.864198  -0.00011130722663676740
 4876.543210 -2407.407407  -0.00008734031775674668
 4876.543210 -2283.950617  -0.00010088463802359178
 4876.543210 -2160.493827  -0.00010631243444327074
 4876.543210 -2037.037037  -0.00010490115112406020
 4876.543210 -1913.580247  -0.00009917212701012424
 4876.543210 -1790.123457  -0.00009678007170075867
 4876.543210 -1666.666667  -0.00009766503769717884
 4876.543210 -1543.209877  -0.00009966537613052144
 4876.543210 -1419.753086  -0.00009937379954324495
 4876.543210 -1296.296296  -0.00010136456615948095
 4876.543210 -1172.839506  -0.00010177248967156327
 4876.543210 -1049.382716  -0.00010261626119855818
 4876.543210  -925.925926  -0.00010102837631853479
 4876.543210  -802.469136  -0.00009987754231570369
 4876.543210  -679.012346  -0.00009847838163179979
 4876.543210  -555.555556  -0.00009844861058407367
 4876.543210  -432.098765  -0.00009940870505976824
 4876.543210  -308.641975  -0.00010120831072249188
 4876.543210  -185.185185  -0.00010246702979273139
 4876.543210   -61.728395  -0.00009973683485698229
 4876.543210    61.728395  -0.00009973683485704317
 4876.543210   185.185185  -0.00010246702979294577
 4876.543210   308.641975  -0.00010120831072276064
 4876.543210   432.098765  -0.00009940870506004542
 4876.543210   555.555556  -0.00009844861058437389
 4876.543210   679.012346  -0.00009847838163218050
 4876.543210   802.469136  -0.00009987754231622092
 4876.543210   925.925926  -0.00010102837631919435
 4876.543210  1049.382716  -0.00010261626119933380
 4876.543210  1172.839506  -0.00010177248967241550
 4876.543210  1296.296296  -0.00010136456616038367
 4876.543210  1419.753086  -0.00009937379954419197
 4876.543210  1543.209877  -0.00009966537613155083
 4876.543210  1666.666667  -0.00009766503769821039
 4876.543210  1790.123457  -0.00009678007170183985
 4876.543210  1913.580247  -0.00009917212701139274
 4876.543210  2037.037037  -0.00010490115112562119
 4876.543210  2160.493827  -0.00010631243444496501
 4876.543210  2283.950617  -0.00010088463802513136
 4876.543210  2407.407407  -0.00008734031775786790
 4876.543210  2530.864198  -0.00011130722663881519
 4876.543210  2654.320988  -0.00011031295326088746
 4876.543210  2777.777778  -0.00009922050797933498
 4876.543210  2901.234568  -0.00009469492217971522
 4876.543210  3024.691358  -0.00009682609266621270
 4876.543210  3148.148148  -0.00010127523227939638
 4876.543210  3271.604938  -0.00010383532328253476
 4876.543210  3395.061728  -0.00010418887485457636
 4876.543210  3518.518519  -0.00010473686402871687
 4876.543210  3641.975309  -0.00010571418972942779
 4876.543210  3765.432099  -0.00010080534768193037
 4876.543210  3888.888889  -0.00010091611044565621
 4876.543210  4012.345679  -0.00009684484464116419
 4876.543210  4135.802469  -0.00009711500311972921
 4876.543210  4259.259259  -0.00010050741392433760
 4876.543210  4382.716049  -0.00010357507963344746
 4876.543210  4506.172840  -0.00010590646289547304
 4876.543210  4629.629630  -0.00010830776821231684
 4876.543210  4753.086420  -0.00010741863462124384
 4876.543210  4876.543210  -0.00009189762158199484

