-5000.000000 -5000.000000  0.00001513514072370224
-5000.000000 -4876.543210  0.00001974248697971234
-5000.000000 -4753.086420  0.00000694902986327997
-5000.000000 -4629.629630  0.00001524561897940185
-5000.000000 -4506.172840  0.00001103374880477474
-5000.000000 -4382.716049  0.00001207543568464431
-5000.000000 -4259.259259  0.00001469602757606890
-5000.000000 -4135.802469  0.00001657811265975922
-5000.000000 -4012.345679  0.00001681969991333097
-5000.000000 -3888.888889  0.00001284829184389707
-5000.000000 -3765.432099  0.00001393389251044315
-5000.000000 -3641.975309  0.00001189219741717395
-5000.000000 -3518.518519  0.00001268303130372648
-5000.000000 -3395.061728  0.00001350156990827116
-5000.000000 -3271.604938  0.00001422912113604529
-5000.000000 -3148.148148  0.00001462882033388252
-5000.000000 -3024.691358  0.00001497790334945291
-5000.000000 -2901.234568  0.00001468591964152383
-5000.000000 -2777.777778  0.00001274588997815272
-5000.000000 -2654.320988  0.00001146876884941547
-5000.000000 -2530.864198  0.00001638839110969025
-5000.000000 -2407.407407  0.00001286878169400425
-5000.000000 -2283.950617  0.00001432191422298530
-5000.000000 -2160.493827  0.00001284319305808582
-5000.000000 -2037.037037  0.00001342511609340924
-5000.000000 -1913.580247  0.00001323672193174152
-5000.000000 -1790.123457  0.00001370565199078403
-5000.000000 -1666.666667  0.00001349992169309279
-5000.000000 -1543.209877  0.00001322707714701094
-5000.000000 -1419.753086  0.00001357260138009912
-5000.000000 -1296.296296  0.00001347321448440597
-5000.000000 -1172.839506  0.00001297441492007966
-5000.000000 -1049.382716  0.00001287873533634002
-5000.000000  -925.925926  0.00001295292650415002
-5000.000000  -802.469136  0.00001294882695608938
-5000.000000  -679.012346  0.00001296474135932442
-5000.000000  -555.555556  0.00001294833254512741
-5000.000000  -432.098765  0.00001294456856916210
-5000.000000  -308.641975  0.00001293548488822765
-5000.000000  -185.185185  0.00001290268976851202
-5000.000000   -61.728395  0.00001293435878964282
-5000.000000    61.728395  0.00001293435878964270
-5000.000000   185.185185  0.00001290268976851087
-5000.000000   308.641975  0.00001293548488822743
-5000.000000   432.098765  0.00001294456856916267
-5000.000000   555.555556  0.00001294833254512847
-5000.000000   679.012346  0.00001296474135932693
-5000.000000   802.469136  0.00001294882695609121
-5000.000000   925.925926  0.00001295292650415350
-5000.000000  1049.382716  0.00001287873533634393
-5000.000000  1172.839506  0.00001297441492008284
-5000.000000  1296.296296  0.00001347321448441348
-5000.000000  1419.753086  0.00001357260138010566
-5000.000000  1543.209877  0.00001322707714701350
-5000.000000  1666.666667  0.00001349992169309636
-5000.000000  1790.123457  0.00001370565199078905
-5000.000000  1913.580247  0.00001323672193174607
-5000.000000  2037.037037  0.00001342511609341783
-5000.000000  2160.493827  0.00001284319305809208
-5000.000000  2283.950617  0.00001432191422299844
-5000.000000  2407.407407  0.00001286878169400519
-5000.000000  2530.864198  0.00001638839110971735
-5000.000000  2654.320988  0.00001146876884942644
-5000.000000  2777.777778  0.00001274588997816355
-5000.000000  2901.234568  0.00001468591964153619
-5000.000000  3024.691358  0.00001497790334946363
-5000.000000  3148.148148  0.00001462882033389459
-5000.000000  3271.604938  0.00001422912113606075
-5000.000000  3395.061728  0.00001350156990829272
-5000.000000  3518.518519  0.00001268303130374972
-5000.000000  3641.975309  0.00001189219741719481
-5000.000000  3765.432099  0.00001393389251045860
-5000.000000  3888.888889  0.00001284829184391171
-5000.000000  4012.345679  0.00001681969991333557
-5000.000000  4135.802469  0.00001657811265976567
-5000.000000  4259.259259  0.00001469602757608208
-5000.000000  4382.716049  0.00001207543568466472
-5000.000000  4506.172840  0.00001103374880480143
-5000.000000  4629.629630  0.00001524561897942318
-5000.000000  4753.086420  0.00000694902986331554
-5000.000000  4876.543210  0.00001974248697971723

-4876.543210 -5000.000000  0.00001781392658756715
-4876.543210 -4876.543210  0.00009349407360654880
-4876.543210 -4753.086420  0.00010849815151043995
-4876.543210 -4629.629630  0.00012207428099637359
-4876.543210 -4506.172840  0.00010987271647463846
-4876.543210 -4382.716049  0.00010232747763290814
-4876.543210 -4259.259259  0.00010052744539360375
-4876.543210 -4135.802469  0.00010293777651912177
-4876.543210 -4012.345679  0.00010696958066416813
-4876.543210 -3888.888889  0.00010611239416380998
-4876.543210 -3765.432099  0.00011217529254808221
-4876.543210 -3641.975309  0.00010966587295232353
-4876.543210 -3518.518519  0.00011137262557106262
-4876.543210 -3395.061728  0.00010985184135244643
-4876.543210 -3271.604938  0.00010480156319973777
-4876.543210 -3148.148148  0.00010217456659869895
-4876.543210 -3024.691358  0.00010453364408572149
-4876.543210 -2901.234568  0.00010996959509589361
-4876.543210 -2777.777778  0.00011038559994722490
-4876.543210 -2654.320988  0.00010668492384771584
-4876.543210 -2530.864198  0.00011228036303253377
-4876.543210 -2407.407407  0.00010658245888176183
-4876.543210 -2283.950617  0.00011277927772607868
-4876.543210 -2160.493827  0.00010533295191764966
-4876.543210 -2037.037037  0.00010756955142709166
-4876.543210 -1913.580247  0.00010814244925788356
-4876.543210 -1790.123457  0.00011031627276660114
-4876.543210 -1666.666667  0.00010880163721846714
-4876.543210 -1543.209877  0.00010722582717816467
-4876.543210 -1419.753086  0.00010966034308580295
-4876.543210 -1296.296296  0.00010879117100201810
-4876.543210 -1172.839506  0.00010925847793274079
-4876.543210 -1049.382716  0.00010830969384591744
-4876.543210  -925.925926  0.00010907547095723054
-4876.543210  -802.469136  0.00010900359669972202
-4876.543210  -679.012346  0.00010926688099946085
-4876.543210  -555.555556  0.00010909971695817818
-4876.543210  -432.098765  0.00010908109754347481
-4876.543210  -308.641975  0.00010906571034211792
-4876.543210  -185.185185  0.00010888024894111731
-4876.543210   -61.728395  0.00010904596332790881
-4876.543210    61.728395  0.00010904596332790576
-4876.543210   185.185185  0.00010888024894111557
-4876.543210   308.641975  0.00010906571034211301
-4876.543210   432.098765  0.00010908109754346038
-4876.543210   555.555556  0.00010909971695815262
-4876.543210   679.012346  0.00010926688099945791
-4876.543210   802.469136  0.00010900359669972502
-4876.543210   925.925926  0.00010907547095723848
-4876.543210  1049.382716  0.00010830969384590628
-4876.543210  1172.839506  0.00010925847793273133
-4876.543210  1296.296296  0.00010879117100201734
-4876.543210  1419.753086  0.00010966034308582340
-4876.543210  1543.209877  0.00010722582717816662
-4876.543210  1666.666667  0.00010880163721847013
-4876.543210  1790.123457  0.00011031627276661091
-4876.543210  1913.580247  0.00010814244925790468
-4876.543210  2037.037037  0.00010756955142711049
-4876.543210  2160.493827  0.00010533295191765912
-4876.543210  2283.950617  0.00011277927772610212
-4876.543210  2407.407407  0.00010658245888177407
-4876.543210  2530.864198  0.00011228036303257533
-4876.543210  2654.320988  0.00010668492384774972
-4876.543210  2777.777778  0.00011038559994726928
-4876.543210  2901.234568  0.00010996959509594126
-4876.543210  3024.691358  0.00010453364408575452
-4876.543210  3148.148148  0.00010217456659873070
-4876.543210  3271.604938  0.00010480156319976681
-4876.543210  3395.061728  0.00010985184135247615
-4876.543210  3518.518519  0.00011137262557108283
-4876.543210  3641.975309  0.00010966587295234030
-4876.543210  3765.432099  0.00011217529254811620
-4876.543210  3888.888889  0.00010611239416386804
-4876.543210  4012.345679  0.00010696958066420148
-4876.543210  4135.802469  0.00010293777651915328
-4876.543210  4259.259259  0.00010052744539364354
-4876.543210  4382.716049  0.00010232747763294560
-4876.543210  4506.172840  0.00010987271647465382
-4876.543210  4629.629630  0.00012207428099636264
-4876.543210  4753.086420  0.00010849815151045216
-4876.543210  4876.543210  0.00009349407360659507

-4753.086420 -5000.000000  0.00000317541997590839
-4753.086420 -4876.543210  0.00009682379434785212
-4753.086420 -4753.086420  0.00011508525286265254
-4753.086420 -4629.629630  0.00011422152952531988
-4753.086420 -4506.172840  0.00010942914533401762
-4753.086420 -4382.716049  0.00010653888402375054
-4753.086420 -4259.259259  0.00010375482738216289
-4753.086420 -4135.802469  0.00010137687838738469
-4753.086420 -4012.345679  0.00010335464899575673
-4753.086420 -3888.888889  0.00010866858877469502
-4753.086420 -3765.432099  0.00010996893323331140
-4753.086420 -3641.975309  0.00010995134314193444
-4753.086420 -3518.518519  0.00011094830331955611
-4753.086420 -3395.061728  0.00010958750591275663
-4753.086420 -3271.604938  0.00010452677684225564
-4753.086420 -3148.148148  0.00010237215113570164
-4753.086420 -3024.691358  0.00010442991343268869
-4753.086420 -2901.234568  0.00010944265525147210
-4753.086420 -2777.777778  0.00011020646005745030
-4753.086420 -2654.320988  0.00010706651042739865
-4753.086420 -2530.864198  0.00011114841720995141
-4753.086420 -2407.407407  0.00010627489276828354
-4753.086420 -2283.950617  0.00011162772343921825
-4753.086420 -2160.493827  0.00010504412820054841
-4753.086420 -2037.037037  0.00010703354481921155
-4753.086420 -1913.580247  0.00010763910159150611
-4753.086420 -1790.123457  0.00010957504084895641
-4753.086420 -1666.666667  0.00010822727126435838
-4753.086420 -1543.209877  0.00010684724755223957
-4753.086420 -1419.753086  0.00010905631200114675
-4753.086420 -1296.296296  0.00010820761052032675
-4753.086420 -1172.839506  0.00010856589266651972
-4753.086420 -1049.382716  0.00010765357281497496
-4753.086420  -925.925926  0.00010841645530915454
-4753.086420  -802.469136  0.00010836660021237489
-4753.086420  -679.012346  0.00010861178913035743
-4753.086420  -555.555556  0.00010845879558396962
-4753.086420  -432.098765  0.00010845707977698272
-4753.086420  -308.641975  0.00010845214387733115
-4753.086420  -185.185185  0.00010826498885542153
-4753.086420   -61.728395  0.00010843365487329312
-4753.086420    61.728395  0.00010843365487329179
-4753.086420   185.185185  0.00010826498885542573
-4753.086420   308.641975  0.00010845214387732447
-4753.086420   432.098765  0.00010845707977696843
-4753.086420   555.555556  0.00010845879558394867
-4753.086420   679.012346  0.00010861178913036173
-4753.086420   802.469136  0.00010836660021237965
-4753.086420   925.925926  0.00010841645530915840
-4753.086420  1049.382716  0.00010765357281495609
-4753.086420  1172.839506  0.00010856589266651288
-4753.086420  1296.296296  0.00010820761052032530
-4753.086420  1419.753086  0.00010905631200117092
-4753.086420  1543.209877  0.00010684724755224026
-4753.086420  1666.666667  0.00010822727126435441
-4753.086420  1790.123457  0.00010957504084895790
-4753.086420  1913.580247  0.00010763910159152698
-4753.086420  2037.037037  0.00010703354481923307
-4753.086420  2160.493827  0.00010504412820056132
-4753.086420  2283.950617  0.00011162772343922922
-4753.086420  2407.407407  0.00010627489276829356
-4753.086420  2530.864198  0.00011114841720997479
-4753.086420  2654.320988  0.00010706651042742871
-4753.086420  2777.777778  0.00011020646005748844
-4753.086420  2901.234568  0.00010944265525151081
-4753.086420  3024.691358  0.00010442991343271602
-4753.086420  3148.148148  0.00010237215113572742
-4753.086420  3271.604938  0.00010452677684227627
-4753.086420  3395.061728  0.00010958750591277529
-4753.086420  3518.518519  0.00011094830331956410
-4753.086420  3641.975309  0.00010995134314194173
-4753.086420  3765.432099  0.00010996893323333269
-4753.086420  3888.888889  0.00010866858877474131
-4753.086420  4012.345679  0.00010335464899579068
-4753.086420  4135.802469  0.00010137687838740976
-4753.086420  4259.259259  0.00010375482738218449
-4753.086420  4382.716049  0.00010653888402376823
-4753.086420  4506.172840  0.00010942914533402269
-4753.086420  4629.629630  0.00011422152952531230
-4753.086420  4753.086420  0.00011508525286264048
-4753.086420  4876.543210  0.00009682379434787730

-4629.629630 -5000.000000  0.00000973154595656986
-4629.629630 -4876.543210  0.00009956031669743544
-4629.629630 -4753.086420  0.00010370951042932673
-4629.629630 -4629.629630  0.00010371461930529932
-4629.629630 -4506.172840  0.00009949754685775542
-4629.629630 -4382.716049  0.00010053578851809077
-4629.629630 -4259.259259  0.00010030234773332318
-4629.629630 -4135.802469  0.00009774145362039172
-4629.629630 -4012.345679  0.00009855161386509379
-4629.629630 -3888.888889  0.00010212730873050937
-4629.629630 -3765.432099  0.00010194225129401135
-4629.629630 -3641.975309  0.00010160196145542670
-4629.629630 -3518.518519  0.00010289103949512186
-4629.629630 -3395.061728  0.00010275503250615508
-4629.629630 -3271.604938  0.00009930431667590201
-4629.629630 -3148.148148  0.00009822313146106058
-4629.629630 -3024.691358  0.00010014363565617331
-4629.629630 -2901.234568  0.00010375913881585728
-4629.629630 -2777.777778  0.00010244709820208106
-4629.629630 -2654.320988  0.00009876960148209910
-4629.629630 -2530.864198  0.00010684722034614930
-4629.629630 -2407.407407  0.00009926686633612143
-4629.629630 -2283.950617  0.00010494806929708899
-4629.629630 -2160.493827  0.00009828274878960373
-4629.629630 -2037.037037  0.00010045430464265143
-4629.629630 -1913.580247  0.00010076761073648903
-4629.629630 -1790.123457  0.00010277320242102803
-4629.629630 -1666.666667  0.00010151042630743463
-4629.629630 -1543.209877  0.00010015947017927987
-4629.629630 -1419.753086  0.00010229558585518049
-4629.629630 -1296.296296  0.00010149613730761069
-4629.629630 -1172.839506  0.00010222282592532004
-4629.629630 -1049.382716  0.00010134494087527439
-4629.629630  -925.925926  0.00010208423096046173
-4629.629630  -802.469136  0.00010203306886259515
-4629.629630  -679.012346  0.00010228670835474261
-4629.629630  -555.555556  0.00010214072017022888
-4629.629630  -432.098765  0.00010213451804186981
-4629.629630  -308.641975  0.00010212541831055276
-4629.629630  -185.185185  0.00010195045354733261
-4629.629630   -61.728395  0.00010212721704552955
-4629.629630    61.728395  0.00010212721704553432
-4629.629630   185.185185  0.00010195045354733567
-4629.629630   308.641975  0.00010212541831054575
-4629.629630   432.098765  0.00010213451804185969
-4629.629630   555.555556  0.00010214072017021598
-4629.629630   679.012346  0.00010228670835475252
-4629.629630   802.469136  0.00010203306886260110
-4629.629630   925.925926  0.00010208423096046510
-4629.629630  1049.382716  0.00010134494087525958
-4629.629630  1172.839506  0.00010222282592532028
-4629.629630  1296.296296  0.00010149613730761704
-4629.629630  1419.753086  0.00010229558585520744
-4629.629630  1543.209877  0.00010015947017928121
-4629.629630  1666.666667  0.00010151042630742931
-4629.629630  1790.123457  0.00010277320242102619
-4629.629630  1913.580247  0.00010076761073650687
-4629.629630  2037.037037  0.00010045430464267522
-4629.629630  2160.493827  0.00009828274878961976
-4629.629630  2283.950617  0.00010494806929710144
-4629.629630  2407.407407  0.00009926686633612596
-4629.629630  2530.864198  0.00010684722034618470
-4629.629630  2654.320988  0.00009876960148213121
-4629.629630  2777.777778  0.00010244709820211739
-4629.629630  2901.234568  0.00010375913881589596
-4629.629630  3024.691358  0.00010014363565620125
-4629.629630  3148.148148  0.00009822313146108902
-4629.629630  3271.604938  0.00009930431667592916
-4629.629630  3395.061728  0.00010275503250618447
-4629.629630  3518.518519  0.00010289103949514309
-4629.629630  3641.975309  0.00010160196145544475
-4629.629630  3765.432099  0.00010194225129403329
-4629.629630  3888.888889  0.00010212730873055163
-4629.629630  4012.345679  0.00009855161386512286
-4629.629630  4135.802469  0.00009774145362041076
-4629.629630  4259.259259  0.00010030234773334123
-4629.629630  4382.716049  0.00010053578851811389
-4629.629630  4506.172840  0.00009949754685777712
-4629.629630  4629.629630  0.00010371461930531165
-4629.629630  4753.086420  0.00010370951042933331
-4629.629630  4876.543210  0.00009956031669744790

-4506.172840 -5000.000000  0.00000384467634653742
-4506.172840 -4876.543210  0.00007517950213241911
-4506.172840 -4753.086420  0.00008571187250013987
-4506.172840 -4629.629630  0.00008501011982297920
-4506.172840 -4506.172840  0.00008163872452473428
-4506.172840 -4382.716049  0.00008052337877049996
-4506.172840 -4259.259259  0.00007901937875044784
-4506.172840 -4135.802469  0.00007704643098081749
-4506.172840 -4012.345679  0.00007823824660653740
-4506.172840 -3888.888889  0.00008200103383522480
-4506.172840 -3765.432099  0.00008259746973593367
-4506.172840 -3641.975309  0.00008241139279828578
-4506.172840 -3518.518519  0.00008343899078870040
-4506.172840 -3395.061728  0.00008273176708649315
-4506.172840 -3271.604938  0.00007909101373676631
-4506.172840 -3148.148148  0.00007766448230963217
-4506.172840 -3024.691358  0.00007936112067269079
-4506.172840 -2901.234568  0.00008306827452816817
-4506.172840 -2777.777778  0.00008288847179333801
-4506.172840 -2654.320988  0.00008007864226696638
-4506.172840 -2530.864198  0.00008527981598230394
-4506.172840 -2407.407407  0.00007981376441649534
-4506.172840 -2283.950617  0.00008468840809668451
-4506.172840 -2160.493827  0.00007903614000125985
-4506.172840 -2037.037037  0.00008082137690626170
-4506.172840 -1913.580247  0.00008119009246796386
-4506.172840 -1790.123457  0.00008289291975507880
-4506.172840 -1666.666667  0.00008179615740629824
-4506.172840 -1543.209877  0.00008063932413041732
-4506.172840 -1419.753086  0.00008249778291086895
-4506.172840 -1296.296296  0.00008187660496721172
-4506.172840 -1172.839506  0.00008224384630638645
-4506.172840 -1049.382716  0.00008155987230662389
-4506.172840  -925.925926  0.00008215865735159344
-4506.172840  -802.469136  0.00008212803232345368
-4506.172840  -679.012346  0.00008234633614735329
-4506.172840  -555.555556  0.00008223840231277362
-4506.172840  -432.098765  0.00008223912350136881
-4506.172840  -308.641975  0.00008224091126858541
-4506.172840  -185.185185  0.00008211598422997790
-4506.172840   -61.728395  0.00008224898542480094
-4506.172840    61.728395  0.00008224898542480335
-4506.172840   185.185185  0.00008211598422997680
-4506.172840   308.641975  0.00008224091126857731
-4506.172840   432.098765  0.00008223912350135557
-4506.172840   555.555556  0.00008223840231275841
-4506.172840   679.012346  0.00008234633614735731
-4506.172840   802.469136  0.00008212803232345553
-4506.172840   925.925926  0.00008215865735159561
-4506.172840  1049.382716  0.00008155987230660982
-4506.172840  1172.839506  0.00008224384630638166
-4506.172840  1296.296296  0.00008187660496721184
-4506.172840  1419.753086  0.00008249778291088877
-4506.172840  1543.209877  0.00008063932413041700
-4506.172840  1666.666667  0.00008179615740629103
-4506.172840  1790.123457  0.00008289291975507422
-4506.172840  1913.580247  0.00008119009246797570
-4506.172840  2037.037037  0.00008082137690627770
-4506.172840  2160.493827  0.00007903614000127093
-4506.172840  2283.950617  0.00008468840809668832
-4506.172840  2407.407407  0.00007981376441649926
-4506.172840  2530.864198  0.00008527981598232573
-4506.172840  2654.320988  0.00008007864226699438
-4506.172840  2777.777778  0.00008288847179336909
-4506.172840  2901.234568  0.00008306827452819694
-4506.172840  3024.691358  0.00007936112067271115
-4506.172840  3148.148148  0.00007766448230965418
-4506.172840  3271.604938  0.00007909101373678697
-4506.172840  3395.061728  0.00008273176708651415
-4506.172840  3518.518519  0.00008343899078871180
-4506.172840  3641.975309  0.00008241139279829454
-4506.172840  3765.432099  0.00008259746973594663
-4506.172840  3888.888889  0.00008200103383525607
-4506.172840  4012.345679  0.00007823824660655598
-4506.172840  4135.802469  0.00007704643098082928
-4506.172840  4259.259259  0.00007901937875046157
-4506.172840  4382.716049  0.00008052337877051474
-4506.172840  4506.172840  0.00008163872452474249
-4506.172840  4629.629630  0.00008501011982297671
-4506.172840  4753.086420  0.00008571187250012985
-4506.172840  4876.543210  0.00007517950213242995

-4382.716049 -5000.000000  0.00000326910655219816
-4382.716049 -4876.543210  0.00005651239540457091
-4382.716049 -4753.086420  0.00007143693190409457
-4382.716049 -4629.629630  0.00007412003438151908
-4382.716049 -4506.172840  0.00006931882456052332
-4382.716049 -4382.716049  0.00006520110369097492
-4382.716049 -4259.259259  0.00006293220249182569
-4382.716049 -4135.802469  0.00006269829900886688
-4382.716049 -4012.345679  0.00006477530704631806
-4382.716049 -3888.888889  0.00006706927579743271
-4382.716049 -3765.432099  0.00006963422012106381
-4382.716049 -3641.975309  0.00006890406426703153
-4382.716049 -3518.518519  0.00006996623880949966
-4382.716049 -3395.061728  0.00006877323663288158
-4382.716049 -3271.604938  0.00006487861573225046
-4382.716049 -3148.148148  0.00006301767571875539
-4382.716049 -3024.691358  0.00006467946808156439
-4382.716049 -2901.234568  0.00006868764314952600
-4382.716049 -2777.777778  0.00006924936952419762
-4382.716049 -2654.320988  0.00006685538208334150
-4382.716049 -2530.864198  0.00007052238465067915
-4382.716049 -2407.407407  0.00006618340972999569
-4382.716049 -2283.950617  0.00007086671468448672
-4382.716049 -2160.493827  0.00006557083951579889
-4382.716049 -2037.037037  0.00006718397707151693
-4382.716049 -1913.580247  0.00006758699744047355
-4382.716049 -1790.123457  0.00006918242885705119
-4382.716049 -1666.666667  0.00006813633383306281
-4382.716049 -1543.209877  0.00006703578739699243
-4382.716049 -1419.753086  0.00006879740126525414
-4382.716049 -1296.296296  0.00006831854970592893
-4382.716049 -1172.839506  0.00006853605863167399
-4382.716049 -1049.382716  0.00006795799831489340
-4382.716049  -925.925926  0.00006847876179533508
-4382.716049  -802.469136  0.00006844941105847527
-4382.716049  -679.012346  0.00006865592621724557
-4382.716049  -555.555556  0.00006857030628267005
-4382.716049  -432.098765  0.00006857317211524072
-4382.716049  -308.641975  0.00006858432499084411
-4382.716049  -185.185185  0.00006848448319789090
-4382.716049   -61.728395  0.00006860094599857391
-4382.716049    61.728395  0.00006860094599857419
-4382.716049   185.185185  0.00006848448319788752
-4382.716049   308.641975  0.00006858432499083578
-4382.716049   432.098765  0.00006857317211522624
-4382.716049   555.555556  0.00006857030628264981
-4382.716049   679.012346  0.00006865592621724148
-4382.716049   802.469136  0.00006844941105847378
-4382.716049   925.925926  0.00006847876179533611
-4382.716049  1049.382716  0.00006795799831487844
-4382.716049  1172.839506  0.00006853605863166605
-4382.716049  1296.296296  0.00006831854970592373
-4382.716049  1419.753086  0.00006879740126526503
-4382.716049  1543.209877  0.00006703578739698942
-4382.716049  1666.666667  0.00006813633383305563
-4382.716049  1790.123457  0.00006918242885704692
-4382.716049  1913.580247  0.00006758699744048047
-4382.716049  2037.037037  0.00006718397707152460
-4382.716049  2160.493827  0.00006557083951580141
-4382.716049  2283.950617  0.00007086671468448723
-4382.716049  2407.407407  0.00006618340972999788
-4382.716049  2530.864198  0.00007052238465069354
-4382.716049  2654.320988  0.00006685538208336718
-4382.716049  2777.777778  0.00006924936952422552
-4382.716049  2901.234568  0.00006868764314955097
-4382.716049  3024.691358  0.00006467946808158258
-4382.716049  3148.148148  0.00006301767571877582
-4382.716049  3271.604938  0.00006487861573226892
-4382.716049  3395.061728  0.00006877323663289932
-4382.716049  3518.518519  0.00006996623880950704
-4382.716049  3641.975309  0.00006890406426703739
-4382.716049  3765.432099  0.00006963422012107106
-4382.716049  3888.888889  0.00006706927579746003
-4382.716049  4012.345679  0.00006477530704632997
-4382.716049  4135.802469  0.00006269829900887396
-4382.716049  4259.259259  0.00006293220249183901
-4382.716049  4382.716049  0.00006520110369098794
-4382.716049  4506.172840  0.00006931882456052244
-4382.716049  4629.629630  0.00007412003438150111
-4382.716049  4753.086420  0.00007143693190407764
-4382.716049  4876.543210  0.00005651239540458889

-4259.259259 -5000.000000  0.00000431756913967705
-4259.259259 -4876.543210  0.00004406533536808148
-4259.259259 -4753.086420  0.00005779889101106492
-4259.259259 -4629.629630  0.00006256447519226412
-4259.259259 -4506.172840  0.00005723893060603746
-4259.259259 -4382.716049  0.00005241207064729443
-4259.259259 -4259.259259  0.00005036470709831071
-4259.259259 -4135.802469  0.00005111797309491033
-4259.259259 -4012.345679  0.00005336659544963071
-4259.259259 -3888.888889  0.00005431592527806276
-4259.259259 -3765.432099  0.00005764139616094086
-4259.259259 -3641.975309  0.00005645033698112075
-4259.259259 -3518.518519  0.00005759249340105511
-4259.259259 -3395.061728  0.00005644151555136614
-4259.259259 -3271.604938  0.00005289000166904099
-4259.259259 -3148.148148  0.00005107419000915463
-4259.259259 -3024.691358  0.00005264415528631997
-4259.259259 -2901.234568  0.00005639276030900360
-4259.259259 -2777.777778  0.00005686471737303693
-4259.259259 -2654.320988  0.00005464152331482262
-4259.259259 -2530.864198  0.00005833575668263646
-4259.259259 -2407.407407  0.00005400998841635569
-4259.259259 -2283.950617  0.00005858127991361360
-4259.259259 -2160.493827  0.00005360705919606959
-4259.259259 -2037.037037  0.00005512379881334023
-4259.259259 -1913.580247  0.00005544824136286503
-4259.259259 -1790.123457  0.00005696041577917825
-4259.259259 -1666.666667  0.00005599639355645366
-4259.259259 -1543.209877  0.00005496339632133779
-4259.259259 -1419.753086  0.00005659987693596622
-4259.259259 -1296.296296  0.00005625449554332060
-4259.259259 -1172.839506  0.00005639968097986349
-4259.259259 -1049.382716  0.00005591502085364541
-4259.259259  -925.925926  0.00005636765809662206
-4259.259259  -802.469136  0.00005633915875881398
-4259.259259  -679.012346  0.00005652607236965225
-4259.259259  -555.555556  0.00005646037176474432
-4259.259259  -432.098765  0.00005647097341393200
-4259.259259  -308.641975  0.00005648770675678634
-4259.259259  -185.185185  0.00005640350521643718
-4259.259259   -61.728395  0.00005650819870667424
-4259.259259    61.728395  0.00005650819870667527
-4259.259259   185.185185  0.00005640350521643336
-4259.259259   308.641975  0.00005648770675677836
-4259.259259   432.098765  0.00005647097341391811
-4259.259259   555.555556  0.00005646037176472697
-4259.259259   679.012346  0.00005652607236964544
-4259.259259   802.469136  0.00005633915875881132
-4259.259259   925.925926  0.00005636765809662225
-4259.259259  1049.382716  0.00005591502085363209
-4259.259259  1172.839506  0.00005639968097985275
-4259.259259  1296.296296  0.00005625449554331292
-4259.259259  1419.753086  0.00005659987693597291
-4259.259259  1543.209877  0.00005496339632133257
-4259.259259  1666.666667  0.00005599639355644601
-4259.259259  1790.123457  0.00005696041577917258
-4259.259259  1913.580247  0.00005544824136286831
-4259.259259  2037.037037  0.00005512379881334259
-4259.259259  2160.493827  0.00005360705919606784
-4259.259259  2283.950617  0.00005858127991361019
-4259.259259  2407.407407  0.00005400998841635419
-4259.259259  2530.864198  0.00005833575668264764
-4259.259259  2654.320988  0.00005464152331484349
-4259.259259  2777.777778  0.00005686471737305883
-4259.259259  2901.234568  0.00005639276030902526
-4259.259259  3024.691358  0.00005264415528633723
-4259.259259  3148.148148  0.00005107419000917536
-4259.259259  3271.604938  0.00005289000166905804
-4259.259259  3395.061728  0.00005644151555138072
-4259.259259  3518.518519  0.00005759249340106169
-4259.259259  3641.975309  0.00005645033698112943
-4259.259259  3765.432099  0.00005764139616094435
-4259.259259  3888.888889  0.00005431592527808729
-4259.259259  4012.345679  0.00005336659544963873
-4259.259259  4135.802469  0.00005111797309491430
-4259.259259  4259.259259  0.00005036470709832199
-4259.259259  4382.716049  0.00005241207064730494
-4259.259259  4506.172840  0.00005723893060603183
-4259.259259  4629.629630  0.00006256447519224014
-4259.259259  4753.086420  0.00005779889101104898
-4259.259259  4876.543210  0.00004406533536810119

-4135.802469 -5000.000000  0.00000463226177818688
-4135.802469 -4876.543210  0.00003594877180236285
-4135.802469 -4753.086420  0.00004454653463643974
-4135.802469 -4629.629630  0.00004854338705944359
-4135.802469 -4506.172840  0.00004437899537775944
-4135.802469 -4382.716049  0.00004120553542725208
-4135.802469 -4259.259259  0.00004001464488810026
-4135.802469 -4135.802469  0.00004057559813958837
-4135.802469 -4012.345679  0.00004218475714989588
-4135.802469 -3888.888889  0.00004264124100957754
-4135.802469 -3765.432099  0.00004519945642395168
-4135.802469 -3641.975309  0.00004395927508319839
-4135.802469 -3518.518519  0.00004511623046762301
-4135.802469 -3395.061728  0.00004442544243433440
-4135.802469 -3271.604938  0.00004172537180224570
-4135.802469 -3148.148148  0.00004039925573887637
-4135.802469 -3024.691358  0.00004177314249693046
-4135.802469 -2901.234568  0.00004472609702389692
-4135.802469 -2777.777778  0.00004452771654121381
-4135.802469 -2654.320988  0.00004240765060324019
-4135.802469 -2530.864198  0.00004703719670072525
-4135.802469 -2407.407407  0.00004205869636680105
-4135.802469 -2283.950617  0.00004641798980388650
-4135.802469 -2160.493827  0.00004190793513984475
-4135.802469 -2037.037037  0.00004334221851088176
-4135.802469 -1913.580247  0.00004350084020206203
-4135.802469 -1790.123457  0.00004489734513007935
-4135.802469 -1666.666667  0.00004407115884040038
-4135.802469 -1543.209877  0.00004315444680592243
-4135.802469 -1419.753086  0.00004460822632351348
-4135.802469 -1296.296296  0.00004437406421066051
-4135.802469 -1172.839506  0.00004453149429299866
-4135.802469 -1049.382716  0.00004416283887421356
-4135.802469  -925.925926  0.00004453231830653595
-4135.802469  -802.469136  0.00004451561454619690
-4135.802469  -679.012346  0.00004467257811999807
-4135.802469  -555.555556  0.00004462858352664311
-4135.802469  -432.098765  0.00004465292388018887
-4135.802469  -308.641975  0.00004466888903791944
-4135.802469  -185.185185  0.00004461323314861672
-4135.802469   -61.728395  0.00004468283514498238
-4135.802469    61.728395  0.00004468283514498372
-4135.802469   185.185185  0.00004461323314861460
-4135.802469   308.641975  0.00004466888903791242
-4135.802469   432.098765  0.00004465292388017633
-4135.802469   555.555556  0.00004462858352662857
-4135.802469   679.012346  0.00004467257811999285
-4135.802469   802.469136  0.00004451561454619426
-4135.802469   925.925926  0.00004453231830653482
-4135.802469  1049.382716  0.00004416283887420043
-4135.802469  1172.839506  0.00004453149429298779
-4135.802469  1296.296296  0.00004437406421065437
-4135.802469  1419.753086  0.00004460822632351716
-4135.802469  1543.209877  0.00004315444680591535
-4135.802469  1666.666667  0.00004407115884038988
-4135.802469  1790.123457  0.00004489734513007114
-4135.802469  1913.580247  0.00004350084020206226
-4135.802469  2037.037037  0.00004334221851088193
-4135.802469  2160.493827  0.00004190793513984048
-4135.802469  2283.950617  0.00004641798980387784
-4135.802469  2407.407407  0.00004205869636679238
-4135.802469  2530.864198  0.00004703719670073254
-4135.802469  2654.320988  0.00004240765060325556
-4135.802469  2777.777778  0.00004452771654122751
-4135.802469  2901.234568  0.00004472609702391167
-4135.802469  3024.691358  0.00004177314249694516
-4135.802469  3148.148148  0.00004039925573889430
-4135.802469  3271.604938  0.00004172537180225815
-4135.802469  3395.061728  0.00004442544243434227
-4135.802469  3518.518519  0.00004511623046762528
-4135.802469  3641.975309  0.00004395927508320688
-4135.802469  3765.432099  0.00004519945642395048
-4135.802469  3888.888889  0.00004264124100959688
-4135.802469  4012.345679  0.00004218475714989938
-4135.802469  4135.802469  0.00004057559813958744
-4135.802469  4259.259259  0.00004001464488810621
-4135.802469  4382.716049  0.00004120553542725861
-4135.802469  4506.172840  0.00004437899537775360
-4135.802469  4629.629630  0.00004854338705942275
-4135.802469  4753.086420  0.00004454653463642889
-4135.802469  4876.543210  0.00003594877180237750

-4012.345679 -5000.000000  0.00000325420913918782
-4012.345679 -4876.543210  0.00002941962247402384
-4012.345679 -4753.086420  0.00003594229538965293
-4012.345679 -4629.629630  0.00003843648799608614
-4012.345679 -4506.172840  0.00003552512335923963
-4012.345679 -4382.716049  0.00003340623592155157
-4012.345679 -4259.259259  0.00003250564817539366
-4012.345679 -4135.802469  0.00003268161576220335
-4012.345679 -4012.345679  0.00003382330526052515
-4012.345679 -3888.888889  0.00003446159963341698
-4012.345679 -3765.432099  0.00003622212986396419
-4012.345679 -3641.975309  0.00003529104397914337
-4012.345679 -3518.518519  0.00003638257464818695
-4012.345679 -3395.061728  0.00003592085824141748
-4012.345679 -3271.604938  0.00003364407539154269
-4012.345679 -3148.148148  0.00003260138334413748
-4012.345679 -3024.691358  0.00003383612557058230
-4012.345679 -2901.234568  0.00003635047948057535
-4012.345679 -2777.777778  0.00003587503196607488
-4012.345679 -2654.320988  0.00003390671505454449
-4012.345679 -2530.864198  0.00003878360287771299
-4012.345679 -2407.407407  0.00003362905450289793
-4012.345679 -2283.950617  0.00003781598816753876
-4012.345679 -2160.493827  0.00003364822335088541
-4012.345679 -2037.037037  0.00003500266457540367
-4012.345679 -1913.580247  0.00003508999461776441
-4012.345679 -1790.123457  0.00003639639979113541
-4012.345679 -1666.666667  0.00003565494149754990
-4012.345679 -1543.209877  0.00003482686952089658
-4012.345679 -1419.753086  0.00003616880044799824
-4012.345679 -1296.296296  0.00003599531249516914
-4012.345679 -1172.839506  0.00003619280580721319
-4012.345679 -1049.382716  0.00003588696336456778
-4012.345679  -925.925926  0.00003620832791271165
-4012.345679  -802.469136  0.00003619277474880225
-4012.345679  -679.012346  0.00003635330476124434
-4012.345679  -555.555556  0.00003632418809516130
-4012.345679  -432.098765  0.00003634490025526438
-4012.345679  -308.641975  0.00003637343146751607
-4012.345679  -185.185185  0.00003633794838265628
-4012.345679   -61.728395  0.00003638424953398082
-4012.345679    61.728395  0.00003638424953398079
-4012.345679   185.185185  0.00003633794838265281
-4012.345679   308.641975  0.00003637343146750746
-4012.345679   432.098765  0.00003634490025525162
-4012.345679   555.555556  0.00003632418809514742
-4012.345679   679.012346  0.00003635330476123903
-4012.345679   802.469136  0.00003619277474879802
-4012.345679   925.925926  0.00003620832791270539
-4012.345679  1049.382716  0.00003588696336455085
-4012.345679  1172.839506  0.00003619280580720193
-4012.345679  1296.296296  0.00003599531249516444
-4012.345679  1419.753086  0.00003616880044800072
-4012.345679  1543.209877  0.00003482686952088715
-4012.345679  1666.666667  0.00003565494149753630
-4012.345679  1790.123457  0.00003639639979112378
-4012.345679  1913.580247  0.00003508999461776165
-4012.345679  2037.037037  0.00003500266457540249
-4012.345679  2160.493827  0.00003364822335088042
-4012.345679  2283.950617  0.00003781598816752491
-4012.345679  2407.407407  0.00003362905450288445
-4012.345679  2530.864198  0.00003878360287771404
-4012.345679  2654.320988  0.00003390671505455206
-4012.345679  2777.777778  0.00003587503196607990
-4012.345679  2901.234568  0.00003635047948058142
-4012.345679  3024.691358  0.00003383612557058937
-4012.345679  3148.148148  0.00003260138334414689
-4012.345679  3271.604938  0.00003364407539154666
-4012.345679  3395.061728  0.00003592085824141519
-4012.345679  3518.518519  0.00003638257464817805
-4012.345679  3641.975309  0.00003529104397914155
-4012.345679  3765.432099  0.00003622212986395829
-4012.345679  3888.888889  0.00003446159963342730
-4012.345679  4012.345679  0.00003382330526052221
-4012.345679  4135.802469  0.00003268161576219731
-4012.345679  4259.259259  0.00003250564817539420
-4012.345679  4382.716049  0.00003340623592155386
-4012.345679  4506.172840  0.00003552512335923184
-4012.345679  4629.629630  0.00003843648799606559
-4012.345679  4753.086420  0.00003594229538963847
-4012.345679  4876.543210  0.00002941962247402973

-3888.888889 -5000.000000  -0.00000225648961334091
-3888.888889 -4876.543210  0.00001873126503470034
-3888.888889 -4753.086420  0.00003146140503864236
-3888.888889 -4629.629630  0.00003196007734075546
-3888.888889 -4506.172840  0.00003006038178387399
-3888.888889 -4382.716049  0.00002663892224004221
-3888.888889 -4259.259259  0.00002452282151466426
-3888.888889 -4135.802469  0.00002448126388943461
-3888.888889 -4012.345679  0.00002583825922247313
-3888.888889 -3888.888889  0.00002758554794571353
-3888.888889 -3765.432099  0.00002955377744609146
-3888.888889 -3641.975309  0.00002899705572470543
-3888.888889 -3518.518519  0.00002989589656227758
-3888.888889 -3395.061728  0.00002893921693114560
-3888.888889 -3271.604938  0.00002619200239442480
-3888.888889 -3148.148148  0.00002479952597480038
-3888.888889 -3024.691358  0.00002597457765484585
-3888.888889 -2901.234568  0.00002884162033494678
-3888.888889 -2777.777778  0.00002928362087931038
-3888.888889 -2654.320988  0.00002780871118080744
-3888.888889 -2530.864198  0.00003070774052273284
-3888.888889 -2407.407407  0.00002683352088671816
-3888.888889 -2283.950617  0.00003072587489436262
-3888.888889 -2160.493827  0.00002694364611402606
-3888.888889 -2037.037037  0.00002813033003491717
-3888.888889 -1913.580247  0.00002829461511996433
-3888.888889 -1790.123457  0.00002948523724913384
-3888.888889 -1666.666667  0.00002879370815183627
-3888.888889 -1543.209877  0.00002804007925313998
-3888.888889 -1419.753086  0.00002931807277008763
-3888.888889 -1296.296296  0.00002920988415016200
-3888.888889 -1172.839506  0.00002923195768796349
-3888.888889 -1049.382716  0.00002902007593533093
-3888.888889  -925.925926  0.00002928739225919018
-3888.888889  -802.469136  0.00002929173224090341
-3888.888889  -679.012346  0.00002944267299898161
-3888.888889  -555.555556  0.00002943495326057373
-3888.888889  -432.098765  0.00002946714127527391
-3888.888889  -308.641975  0.00002950416259383664
-3888.888889  -185.185185  0.00002950189485937880
-3888.888889   -61.728395  0.00002950927890237853
-3888.888889    61.728395  0.00002950927890237740
-3888.888889   185.185185  0.00002950189485937295
-3888.888889   308.641975  0.00002950416259382425
-3888.888889   432.098765  0.00002946714127525705
-3888.888889   555.555556  0.00002943495326055591
-3888.888889   679.012346  0.00002944267299897274
-3888.888889   802.469136  0.00002929173224089629
-3888.888889   925.925926  0.00002928739225918092
-3888.888889  1049.382716  0.00002902007593530875
-3888.888889  1172.839506  0.00002923195768794819
-3888.888889  1296.296296  0.00002920988415015331
-3888.888889  1419.753086  0.00002931807277008863
-3888.888889  1543.209877  0.00002804007925312939
-3888.888889  1666.666667  0.00002879370815182063
-3888.888889  1790.123457  0.00002948523724911944
-3888.888889  1913.580247  0.00002829461511995930
-3888.888889  2037.037037  0.00002813033003491254
-3888.888889  2160.493827  0.00002694364611401856
-3888.888889  2283.950617  0.00003072587489434280
-3888.888889  2407.407407  0.00002683352088670309
-3888.888889  2530.864198  0.00003070774052272157
-3888.888889  2654.320988  0.00002780871118080687
-3888.888889  2777.777778  0.00002928362087930685
-3888.888889  2901.234568  0.00002884162033494088
-3888.888889  3024.691358  0.00002597457765484073
-3888.888889  3148.148148  0.00002479952597479875
-3888.888889  3271.604938  0.00002619200239441822
-3888.888889  3395.061728  0.00002893921693113081
-3888.888889  3518.518519  0.00002989589656225083
-3888.888889  3641.975309  0.00002899705572468213
-3888.888889  3765.432099  0.00002955377744607842
-3888.888889  3888.888889  0.00002758554794571183
-3888.888889  4012.345679  0.00002583825922246354
-3888.888889  4135.802469  0.00002448126388942519
-3888.888889  4259.259259  0.00002452282151466170
-3888.888889  4382.716049  0.00002663892224003785
-3888.888889  4506.172840  0.00003006038178385655
-3888.888889  4629.629630  0.00003196007734072418
-3888.888889  4753.086420  0.00003146140503860989
-3888.888889  4876.543210  0.00001873126503469922

-3765.432099 -5000.000000  -0.00000253272945865440
-3765.432099 -4876.543210  0.00001558494122887963
-3765.432099 -4753.086420  0.00002355477220470951
-3765.432099 -4629.629630  0.00002215503312245501
-3765.432099 -4506.172840  0.00002177595255460133
-3765.432099 -4382.716049  0.00002041225265026149
-3765.432099 -4259.259259  0.00001909789550313063
-3765.432099 -4135.802469  0.00001843883586593061
-3765.432099 -4012.345679  0.00001894266526017542
-3765.432099 -3888.888889  0.00002084490263038474
-3765.432099 -3765.432099  0.00002144750071151165
-3765.432099 -3641.975309  0.00002135200191993821
-3765.432099 -3518.518519  0.00002210509972398091
-3765.432099 -3395.061728  0.00002176980743586439
-3765.432099 -3271.604938  0.00001965146232005333
-3765.432099 -3148.148148  0.00001878916301842225
-3765.432099 -3024.691358  0.00001977349857926203
-3765.432099 -2901.234568  0.00002197514968526002
-3765.432099 -2777.777778  0.00002173174974487567
-3765.432099 -2654.320988  0.00002023631122483418
-3765.432099 -2530.864198  0.00002417654587650117
-3765.432099 -2407.407407  0.00001977973666743898
-3765.432099 -2283.950617  0.00002335457978596930
-3765.432099 -2160.493827  0.00002008640922235404
-3765.432099 -2037.037037  0.00002112587086862584
-3765.432099 -1913.580247  0.00002119812427591369
-3765.432099 -1790.123457  0.00002228039008007823
-3765.432099 -1666.666667  0.00002173237659401076
-3765.432099 -1543.209877  0.00002108878759576487
-3765.432099 -1419.753086  0.00002211113971076219
-3765.432099 -1296.296296  0.00002225367048333286
-3765.432099 -1172.839506  0.00002239503298225191
-3765.432099 -1049.382716  0.00002204095344375776
-3765.432099  -925.925926  0.00002243082150706501
-3765.432099  -802.469136  0.00002236481798254951
-3765.432099  -679.012346  0.00002253590584158800
-3765.432099  -555.555556  0.00002253381537704944
-3765.432099  -432.098765  0.00002257151776817141
-3765.432099  -308.641975  0.00002266863891074052
-3765.432099  -185.185185  0.00002253112054667502
-3765.432099   -61.728395  0.00002274516600883496
-3765.432099    61.728395  0.00002274516600884333
-3765.432099   185.185185  0.00002253112054667825
-3765.432099   308.641975  0.00002266863891073425
-3765.432099   432.098765  0.00002257151776815927
-3765.432099   555.555556  0.00002253381537703804
-3765.432099   679.012346  0.00002253590584158620
-3765.432099   802.469136  0.00002236481798254951
-3765.432099   925.925926  0.00002243082150706306
-3765.432099  1049.382716  0.00002204095344374233
-3765.432099  1172.839506  0.00002239503298223924
-3765.432099  1296.296296  0.00002225367048332190
-3765.432099  1419.753086  0.00002211113971076815
-3765.432099  1543.209877  0.00002108878759575961
-3765.432099  1666.666667  0.00002173237659399668
-3765.432099  1790.123457  0.00002228039008006379
-3765.432099  1913.580247  0.00002119812427590873
-3765.432099  2037.037037  0.00002112587086862183
-3765.432099  2160.493827  0.00002008640922234625
-3765.432099  2283.950617  0.00002335457978594477
-3765.432099  2407.407407  0.00001977973666742121
-3765.432099  2530.864198  0.00002417654587649065
-3765.432099  2654.320988  0.00002023631122483196
-3765.432099  2777.777778  0.00002173174974486401
-3765.432099  2901.234568  0.00002197514968524468
-3765.432099  3024.691358  0.00001977349857925174
-3765.432099  3148.148148  0.00001878916301841962
-3765.432099  3271.604938  0.00001965146232004898
-3765.432099  3395.061728  0.00002176980743585222
-3765.432099  3518.518519  0.00002210509972395605
-3765.432099  3641.975309  0.00002135200191991252
-3765.432099  3765.432099  0.00002144750071148852
-3765.432099  3888.888889  0.00002084490263037373
-3765.432099  4012.345679  0.00001894266526016388
-3765.432099  4135.802469  0.00001843883586591880
-3765.432099  4259.259259  0.00001909789550312163
-3765.432099  4382.716049  0.00002041225265025023
-3765.432099  4506.172840  0.00002177595255458142
-3765.432099  4629.629630  0.00002215503312242699
-3765.432099  4753.086420  0.00002355477220467897
-3765.432099  4876.543210  0.00001558494122886873

-3641.975309 -5000.000000  -0.00000557378901037095
-3641.975309 -4876.543210  0.00000431505990984075
-3641.975309 -4753.086420  0.00001467735858442028
-3641.975309 -4629.629630  0.00001217057302933387
-3641.975309 -4506.172840  0.00001268947897857979
-3641.975309 -4382.716049  0.00001080865532611470
-3641.975309 -4259.259259  0.00000896185121398928
-3641.975309 -4135.802469  0.00000822020342254088
-3641.975309 -4012.345679  0.00000881387395256086
-3641.975309 -3888.888889  0.00001104152346485133
-3641.975309 -3765.432099  0.00001188500766032286
-3641.975309 -3641.975309  0.00001160562905833049
-3641.975309 -3518.518519  0.00001241738955917027
-3641.975309 -3395.061728  0.00001177225213778652
-3641.975309 -3271.604938  0.00000967607802870015
-3641.975309 -3148.148148  0.00000866765165185301
-3641.975309 -3024.691358  0.00000961088470410475
-3641.975309 -2901.234568  0.00001181073752113196
-3641.975309 -2777.777778  0.00001190042772043942
-3641.975309 -2654.320988  0.00001073499043511508
-3641.975309 -2530.864198  0.00001392297591461263
-3641.975309 -2407.407407  0.00000951667736539311
-3641.975309 -2283.950617  0.00001318935621183888
-3641.975309 -2160.493827  0.00000999847627437497
-3641.975309 -2037.037037  0.00001106990823134957
-3641.975309 -1913.580247  0.00001107590703034841
-3641.975309 -1790.123457  0.00001213173749983605
-3641.975309 -1666.666667  0.00001161411240637351
-3641.975309 -1543.209877  0.00001101563852218132
-3641.975309 -1419.753086  0.00001209925481891102
-3641.975309 -1296.296296  0.00001216645470958794
-3641.975309 -1172.839506  0.00001210404313597055
-3641.975309 -1049.382716  0.00001207420918408690
-3641.975309  -925.925926  0.00001224870492177213
-3641.975309  -802.469136  0.00001228628038974699
-3641.975309  -679.012346  0.00001241213224176535
-3641.975309  -555.555556  0.00001245135319817280
-3641.975309  -432.098765  0.00001251627259249549
-3641.975309  -308.641975  0.00001256508895359558
-3641.975309  -185.185185  0.00001260741778207776
-3641.975309   -61.728395  0.00001259320783381532
-3641.975309    61.728395  0.00001259320783382056
-3641.975309   185.185185  0.00001260741778207798
-3641.975309   308.641975  0.00001256508895358687
-3641.975309   432.098765  0.00001251627259248141
-3641.975309   555.555556  0.00001245135319815944
-3641.975309   679.012346  0.00001241213224175936
-3641.975309   802.469136  0.00001228628038974190
-3641.975309   925.925926  0.00001224870492176353
-3641.975309  1049.382716  0.00001207420918406573
-3641.975309  1172.839506  0.00001210404313595326
-3641.975309  1296.296296  0.00001216645470957376
-3641.975309  1419.753086  0.00001209925481890780
-3641.975309  1543.209877  0.00001101563852217114
-3641.975309  1666.666667  0.00001161411240635710
-3641.975309  1790.123457  0.00001213173749981951
-3641.975309  1913.580247  0.00001107590703033904
-3641.975309  2037.037037  0.00001106990823133990
-3641.975309  2160.493827  0.00000999847627436173
-3641.975309  2283.950617  0.00001318935621180926
-3641.975309  2407.407407  0.00000951667736536962
-3641.975309  2530.864198  0.00001392297591459611
-3641.975309  2654.320988  0.00001073499043511473
-3641.975309  2777.777778  0.00001190042772043139
-3641.975309  2901.234568  0.00001181073752111838
-3641.975309  3024.691358  0.00000961088470409410
-3641.975309  3148.148148  0.00000866765165184645
-3641.975309  3271.604938  0.00000967607802868934
-3641.975309  3395.061728  0.00001177225213776938
-3641.975309  3518.518519  0.00001241738955914420
-3641.975309  3641.975309  0.00001160562905831018
-3641.975309  3765.432099  0.00001188500766029965
-3641.975309  3888.888889  0.00001104152346484551
-3641.975309  4012.345679  0.00000881387395254995
-3641.975309  4135.802469  0.00000822020342252686
-3641.975309  4259.259259  0.00000896185121397989
-3641.975309  4382.716049  0.00001080865532610364
-3641.975309  4506.172840  0.00001268947897855875
-3641.975309  4629.629630  0.00001217057302930385
-3641.975309  4753.086420  0.00001467735858438738
-3641.975309  4876.543210  0.00000431505990983509

-3518.518519 -5000.000000  -0.00000611644098408268
-3518.518519 -4876.543210  -0.00000297915679082191
-3518.518519 -4753.086420  0.00000657538141408029
-3518.518519 -4629.629630  0.00000401824231827704
-3518.518519 -4506.172840  0.00000492473699514073
-3518.518519 -4382.716049  0.00000313684042314803
-3518.518519 -4259.259259  0.00000139642283151079
-3518.518519 -4135.802469  0.00000082200101162967
-3518.518519 -4012.345679  0.00000128626982133019
-3518.518519 -3888.888889  0.00000322735200961548
-3518.518519 -3765.432099  0.00000391613292479871
-3518.518519 -3641.975309  0.00000381715853505677
-3518.518519 -3518.518519  0.00000454504068565461
-3518.518519 -3395.061728  0.00000399373230278822
-3518.518519 -3271.604938  0.00000216631997623343
-3518.518519 -3148.148148  0.00000129206646612552
-3518.518519 -3024.691358  0.00000210272481079825
-3518.518519 -2901.234568  0.00000401567879295190
-3518.518519 -2777.777778  0.00000407700313513547
-3518.518519 -2654.320988  0.00000312937596476866
-3518.518519 -2530.864198  0.00000608368032045736
-3518.518519 -2407.407407  0.00000219799103803916
-3518.518519 -2283.950617  0.00000556478660694868
-3518.518519 -2160.493827  0.00000279262419235654
-3518.518519 -2037.037037  0.00000372033369303563
-3518.518519 -1913.580247  0.00000371156455642307
-3518.518519 -1790.123457  0.00000464468476524853
-3518.518519 -1666.666667  0.00000420446158729113
-3518.518519 -1543.209877  0.00000369516426213438
-3518.518519 -1419.753086  0.00000464558628448101
-3518.518519 -1296.296296  0.00000478788755971471
-3518.518519 -1172.839506  0.00000479769744218100
-3518.518519 -1049.382716  0.00000478245974147246
-3518.518519  -925.925926  0.00000493782715923812
-3518.518519  -802.469136  0.00000496386932886787
-3518.518519  -679.012346  0.00000510165707907306
-3518.518519  -555.555556  0.00000514753931994763
-3518.518519  -432.098765  0.00000520161727585702
-3518.518519  -308.641975  0.00000527500711230402
-3518.518519  -185.185185  0.00000532317185851263
-3518.518519   -61.728395  0.00000531435505475849
-3518.518519    61.728395  0.00000531435505476511
-3518.518519   185.185185  0.00000532317185851323
-3518.518519   308.641975  0.00000527500711229811
-3518.518519   432.098765  0.00000520161727584542
-3518.518519   555.555556  0.00000514753931993623
-3518.518519   679.012346  0.00000510165707906691
-3518.518519   802.469136  0.00000496386932886304
-3518.518519   925.925926  0.00000493782715923029
-3518.518519  1049.382716  0.00000478245974145201
-3518.518519  1172.839506  0.00000479769744216508
-3518.518519  1296.296296  0.00000478788755970138
-3518.518519  1419.753086  0.00000464558628447616
-3518.518519  1543.209877  0.00000369516426212331
-3518.518519  1666.666667  0.00000420446158727423
-3518.518519  1790.123457  0.00000464468476523186
-3518.518519  1913.580247  0.00000371156455641379
-3518.518519  2037.037037  0.00000372033369302742
-3518.518519  2160.493827  0.00000279262419234689
-3518.518519  2283.950617  0.00000556478660692322
-3518.518519  2407.407407  0.00000219799103802009
-3518.518519  2530.864198  0.00000608368032043686
-3518.518519  2654.320988  0.00000312937596476015
-3518.518519  2777.777778  0.00000407700313511690
-3518.518519  2901.234568  0.00000401567879292805
-3518.518519  3024.691358  0.00000210272481077918
-3518.518519  3148.148148  0.00000129206646611072
-3518.518519  3271.604938  0.00000216631997621414
-3518.518519  3395.061728  0.00000399373230276154
-3518.518519  3518.518519  0.00000454504068561988
-3518.518519  3641.975309  0.00000381715853502813
-3518.518519  3765.432099  0.00000391613292476694
-3518.518519  3888.888889  0.00000322735200959945
-3518.518519  4012.345679  0.00000128626982131042
-3518.518519  4135.802469  0.00000082200101160839
-3518.518519  4259.259259  0.00000139642283149473
-3518.518519  4382.716049  0.00000313684042312999
-3518.518519  4506.172840  0.00000492473699511176
-3518.518519  4629.629630  0.00000401824231823863
-3518.518519  4753.086420  0.00000657538141403987
-3518.518519  4876.543210  -0.00000297915679083460

-3395.061728 -5000.000000  -0.00000654727327405336
-3395.061728 -4876.543210  -0.00001350095984921847
-3395.061728 -4753.086420  -0.00000402143674736030
-3395.061728 -4629.629630  -0.00000585105816252366
-3395.061728 -4506.172840  -0.00000491146349683223
-3395.061728 -4382.716049  -0.00000717720137145012
-3395.061728 -4259.259259  -0.00000892112344269468
-3395.061728 -4135.802469  -0.00000898483158717410
-3395.061728 -4012.345679  -0.00000845373422946041
-3395.061728 -3888.888889  -0.00000715790935579665
-3395.061728 -3765.432099  -0.00000596354986733497
-3395.061728 -3641.975309  -0.00000634924017091879
-3395.061728 -3518.518519  -0.00000559801950938576
-3395.061728 -3395.061728  -0.00000618924807711837
-3395.061728 -3271.604938  -0.00000779469497067607
-3395.061728 -3148.148148  -0.00000866654184130396
-3395.061728 -3024.691358  -0.00000794447266608742
-3395.061728 -2901.234568  -0.00000621755662508972
-3395.061728 -2777.777778  -0.00000609747443801428
-3395.061728 -2654.320988  -0.00000683260598716681
-3395.061728 -2530.864198  -0.00000416103079162653
-3395.061728 -2407.407407  -0.00000788064235096899
-3395.061728 -2283.950617  -0.00000467714108487007
-3395.061728 -2160.493827  -0.00000712332762116473
-3395.061728 -2037.037037  -0.00000629181585714833
-3395.061728 -1913.580247  -0.00000636228187909340
-3395.061728 -1790.123457  -0.00000551299594182677
-3395.061728 -1666.666667  -0.00000587038280275884
-3395.061728 -1543.209877  -0.00000631362279917552
-3395.061728 -1419.753086  -0.00000547544940189647
-3395.061728 -1296.296296  -0.00000521482593195825
-3395.061728 -1172.839506  -0.00000528202433174011
-3395.061728 -1049.382716  -0.00000518367158925446
-3395.061728  -925.925926  -0.00000509529906051766
-3395.061728  -802.469136  -0.00000504793848835695
-3395.061728  -679.012346  -0.00000493675339677324
-3395.061728  -555.555556  -0.00000486638797107757
-3395.061728  -432.098765  -0.00000479070466107986
-3395.061728  -308.641975  -0.00000471906049610432
-3395.061728  -185.185185  -0.00000463808905120059
-3395.061728   -61.728395  -0.00000466980147846963
-3395.061728    61.728395  -0.00000466980147846364
-3395.061728   185.185185  -0.00000463808905120283
-3395.061728   308.641975  -0.00000471906049610756
-3395.061728   432.098765  -0.00000479070466108874
-3395.061728   555.555556  -0.00000486638797108800
-3395.061728   679.012346  -0.00000493675339678220
-3395.061728   802.469136  -0.00000504793848836474
-3395.061728   925.925926  -0.00000509529906052717
-3395.061728  1049.382716  -0.00000518367158927646
-3395.061728  1172.839506  -0.00000528202433175708
-3395.061728  1296.296296  -0.00000521482593197202
-3395.061728  1419.753086  -0.00000547544940190283
-3395.061728  1543.209877  -0.00000631362279918916
-3395.061728  1666.666667  -0.00000587038280277945
-3395.061728  1790.123457  -0.00000551299594184670
-3395.061728  1913.580247  -0.00000636228187910570
-3395.061728  2037.037037  -0.00000629181585715854
-3395.061728  2160.493827  -0.00000712332762117535
-3395.061728  2283.950617  -0.00000467714108489702
-3395.061728  2407.407407  -0.00000788064235098847
-3395.061728  2530.864198  -0.00000416103079164816
-3395.061728  2654.320988  -0.00000683260598717737
-3395.061728  2777.777778  -0.00000609747443803518
-3395.061728  2901.234568  -0.00000621755662511604
-3395.061728  3024.691358  -0.00000794447266610788
-3395.061728  3148.148148  -0.00000866654184132051
-3395.061728  3271.604938  -0.00000779469497069679
-3395.061728  3395.061728  -0.00000618924807714656
-3395.061728  3518.518519  -0.00000559801950942221
-3395.061728  3641.975309  -0.00000634924017094992
-3395.061728  3765.432099  -0.00000596354986736878
-3395.061728  3888.888889  -0.00000715790935581700
-3395.061728  4012.345679  -0.00000845373422948312
-3395.061728  4135.802469  -0.00000898483158719697
-3395.061728  4259.259259  -0.00000892112344271219
-3395.061728  4382.716049  -0.00000717720137147059
-3395.061728  4506.172840  -0.00000491146349686453
-3395.061728  4629.629630  -0.00000585105816256527
-3395.061728  4753.086420  -0.00000402143674740181
-3395.061728  4876.543210  -0.00001350095984923158

-3271.604938 -5000.000000  -0.00000682991352531596
-3271.604938 -4876.543210  -0.00002610950121623946
-3271.604938 -4753.086420  -0.00001719621517891650
-3271.604938 -4629.629630  -0.00001809094153900408
-3271.604938 -4506.172840  -0.00001710457005417233
-3271.604938 -4382.716049  -0.00001983885612322575
-3271.604938 -4259.259259  -0.00002150539892207618
-3271.604938 -4135.802469  -0.00002092121519904810
-3271.604938 -4012.345679  -0.00002036019047117990
-3271.604938 -3888.888889  -0.00001989512670082468
-3271.604938 -3765.432099  -0.00001838195053856321
-3271.604938 -3641.975309  -0.00001897655664760446
-3271.604938 -3518.518519  -0.00001822465236993425
-3271.604938 -3395.061728  -0.00001880008570327318
-3271.604938 -3271.604938  -0.00002011027717057612
-3271.604938 -3148.148148  -0.00002091859528110285
-3271.604938 -3024.691358  -0.00002031118491736135
-3271.604938 -2901.234568  -0.00001884544389186510
-3271.604938 -2777.777778  -0.00001875550215169150
-3271.604938 -2654.320988  -0.00001928410911505976
-3271.604938 -2530.864198  -0.00001688544191984434
-3271.604938 -2407.407407  -0.00002064778910000455
-3271.604938 -2283.950617  -0.00001767862115521373
-3271.604938 -2160.493827  -0.00001974079310294151
-3271.604938 -2037.037037  -0.00001903432378831938
-3271.604938 -1913.580247  -0.00001916382182137442
-3271.604938 -1790.123457  -0.00001841892278644972
-3271.604938 -1666.666667  -0.00001868915884718080
-3271.604938 -1543.209877  -0.00001905349854107484
-3271.604938 -1419.753086  -0.00001837377234346762
-3271.604938 -1296.296296  -0.00001798584652497298
-3271.604938 -1172.839506  -0.00001820555237106128
-3271.604938 -1049.382716  -0.00001801674800730339
-3271.604938  -925.925926  -0.00001799167461737840
-3271.604938  -802.469136  -0.00001794746245108757
-3271.604938  -679.012346  -0.00001784080861669399
-3271.604938  -555.555556  -0.00001774381399295178
-3271.604938  -432.098765  -0.00001766985761201722
-3271.604938  -308.641975  -0.00001759164296894267
-3271.604938  -185.185185  -0.00001751056124014055
-3271.604938   -61.728395  -0.00001750897868266883
-3271.604938    61.728395  -0.00001750897868266391
-3271.604938   185.185185  -0.00001751056124014603
-3271.604938   308.641975  -0.00001759164296894641
-3271.604938   432.098765  -0.00001766985761202642
-3271.604938   555.555556  -0.00001774381399296245
-3271.604938   679.012346  -0.00001784080861670524
-3271.604938   802.469136  -0.00001794746245109660
-3271.604938   925.925926  -0.00001799167461738797
-3271.604938  1049.382716  -0.00001801674800732515
-3271.604938  1172.839506  -0.00001820555237107912
-3271.604938  1296.296296  -0.00001798584652498985
-3271.604938  1419.753086  -0.00001837377234347726
-3271.604938  1543.209877  -0.00001905349854109106
-3271.604938  1666.666667  -0.00001868915884720440
-3271.604938  1790.123457  -0.00001841892278647224
-3271.604938  1913.580247  -0.00001916382182139087
-3271.604938  2037.037037  -0.00001903432378833403
-3271.604938  2160.493827  -0.00001974079310295707
-3271.604938  2283.950617  -0.00001767862115524644
-3271.604938  2407.407407  -0.00002064778910002801
-3271.604938  2530.864198  -0.00001688544191986594
-3271.604938  2654.320988  -0.00001928410911506792
-3271.604938  2777.777778  -0.00001875550215170997
-3271.604938  2901.234568  -0.00001884544389188904
-3271.604938  3024.691358  -0.00002031118491737846
-3271.604938  3148.148148  -0.00002091859528111651
-3271.604938  3271.604938  -0.00002011027717059393
-3271.604938  3395.061728  -0.00001880008570329848
-3271.604938  3518.518519  -0.00001822465236996758
-3271.604938  3641.975309  -0.00001897655664763233
-3271.604938  3765.432099  -0.00001838195053859346
-3271.604938  3888.888889  -0.00001989512670084117
-3271.604938  4012.345679  -0.00002036019047119970
-3271.604938  4135.802469  -0.00002092121519906795
-3271.604938  4259.259259  -0.00002150539892208964
-3271.604938  4382.716049  -0.00001983885612324214
-3271.604938  4506.172840  -0.00001710457005420109
-3271.604938  4629.629630  -0.00001809094153904187
-3271.604938  4753.086420  -0.00001719621517895126
-3271.604938  4876.543210  -0.00002610950121624576

-3148.148148 -5000.000000  -0.00000752910505418952
-3148.148148 -4876.543210  -0.00003687108144515990
-3148.148148 -4753.086420  -0.00002780230671741155
-3148.148148 -4629.629630  -0.00002814830221740311
-3148.148148 -4506.172840  -0.00002703704645277205
-3148.148148 -4382.716049  -0.00003025973978316191
-3148.148148 -4259.259259  -0.00003198261088902037
-3148.148148 -4135.802469  -0.00003092979863511252
-3148.148148 -4012.345679  -0.00003030338802387785
-3148.148148 -3888.888889  -0.00003038974217081134
-3148.148148 -3765.432099  -0.00002849789381489923
-3148.148148 -3641.975309  -0.00002931750738872617
-3148.148148 -3518.518519  -0.00002854979525603578
-3148.148148 -3395.061728  -0.00002918758853292311
-3148.148148 -3271.604938  -0.00003029916978382673
-3148.148148 -3148.148148  -0.00003110602984276914
-3148.148148 -3024.691358  -0.00003058116578351564
-3148.148148 -2901.234568  -0.00002928718008125166
-3148.148148 -2777.777778  -0.00002913038414004160
-3148.148148 -2654.320988  -0.00002945493674397294
-3148.148148 -2530.864198  -0.00002740595950210411
-3148.148148 -2407.407407  -0.00003093212016926944
-3148.148148 -2283.950617  -0.00002813688511428234
-3148.148148 -2160.493827  -0.00002991399779178734
-3148.148148 -2037.037037  -0.00002930701009328241
-3148.148148 -1913.580247  -0.00002948608200207014
-3148.148148 -1790.123457  -0.00002882958129901374
-3148.148148 -1666.666667  -0.00002904099637235757
-3148.148148 -1543.209877  -0.00002935341294493490
-3148.148148 -1419.753086  -0.00002878067319525888
-3148.148148 -1296.296296  -0.00002831965376318312
-3148.148148 -1172.839506  -0.00002866996805707352
-3148.148148 -1049.382716  -0.00002836925466458732
-3148.148148  -925.925926  -0.00002843616939972664
-3148.148148  -802.469136  -0.00002837925434823836
-3148.148148  -679.012346  -0.00002829743163416756
-3148.148148  -555.555556  -0.00002818261547560896
-3148.148148  -432.098765  -0.00002810527042028225
-3148.148148  -308.641975  -0.00002803683480532798
-3148.148148  -185.185185  -0.00002792174195600175
-3148.148148   -61.728395  -0.00002796104971522554
-3148.148148    61.728395  -0.00002796104971522203
-3148.148148   185.185185  -0.00002792174195601021
-3148.148148   308.641975  -0.00002803683480533272
-3148.148148   432.098765  -0.00002810527042029148
-3148.148148   555.555556  -0.00002818261547561967
-3148.148148   679.012346  -0.00002829743163418029
-3148.148148   802.469136  -0.00002837925434824787
-3148.148148   925.925926  -0.00002843616939973568
-3148.148148  1049.382716  -0.00002836925466460704
-3148.148148  1172.839506  -0.00002866996805709095
-3148.148148  1296.296296  -0.00002831965376320010
-3148.148148  1419.753086  -0.00002878067319526953
-3148.148148  1543.209877  -0.00002935341294495053
-3148.148148  1666.666667  -0.00002904099637238024
-3148.148148  1790.123457  -0.00002882958129903553
-3148.148148  1913.580247  -0.00002948608200208792
-3148.148148  2037.037037  -0.00002930701009329934
-3148.148148  2160.493827  -0.00002991399779180502
-3148.148148  2283.950617  -0.00002813688511431790
-3148.148148  2407.407407  -0.00003093212016929464
-3148.148148  2530.864198  -0.00002740595950212866
-3148.148148  2654.320988  -0.00002945493674398407
-3148.148148  2777.777778  -0.00002913038414006197
-3148.148148  2901.234568  -0.00002928718008127754
-3148.148148  3024.691358  -0.00003058116578353427
-3148.148148  3148.148148  -0.00003110602984278453
-3148.148148  3271.604938  -0.00003029916978384620
-3148.148148  3395.061728  -0.00002918758853295022
-3148.148148  3518.518519  -0.00002854979525607157
-3148.148148  3641.975309  -0.00002931750738875628
-3148.148148  3765.432099  -0.00002849789381493071
-3148.148148  3888.888889  -0.00003038974217082863
-3148.148148  4012.345679  -0.00003030338802389973
-3148.148148  4135.802469  -0.00003092979863513450
-3148.148148  4259.259259  -0.00003198261088903562
-3148.148148  4382.716049  -0.00003025973978318008
-3148.148148  4506.172840  -0.00002703704645280402
-3148.148148  4629.629630  -0.00002814830221744401
-3148.148148  4753.086420  -0.00002780230671744681
-3148.148148  4876.543210  -0.00003687108144516322

-3024.691358 -5000.000000  -0.00000843395809668115
-3024.691358 -4876.543210  -0.00004301315806740661
-3024.691358 -4753.086420  -0.00003424453424723915
-3024.691358 -4629.629630  -0.00003498479298012960
-3024.691358 -4506.172840  -0.00003338686859999465
-3024.691358 -4382.716049  -0.00003650555366542302
-3024.691358 -4259.259259  -0.00003821406297048262
-3024.691358 -4135.802469  -0.00003713516899808695
-3024.691358 -4012.345679  -0.00003662863572410027
-3024.691358 -3888.888889  -0.00003678445581271879
-3024.691358 -3765.432099  -0.00003502081761766416
-3024.691358 -3641.975309  -0.00003571752204416287
-3024.691358 -3518.518519  -0.00003501038530066834
-3024.691358 -3395.061728  -0.00003560804811957282
-3024.691358 -3271.604938  -0.00003653116009826113
-3024.691358 -3148.148148  -0.00003725033144125566
-3024.691358 -3024.691358  -0.00003682173387700045
-3024.691358 -2901.234568  -0.00003573705162966953
-3024.691358 -2777.777778  -0.00003556892117365781
-3024.691358 -2654.320988  -0.00003571781080937189
-3024.691358 -2530.864198  -0.00003389113710012941
-3024.691358 -2407.407407  -0.00003683578339693446
-3024.691358 -2283.950617  -0.00003427975816089764
-3024.691358 -2160.493827  -0.00003574980092665917
-3024.691358 -2037.037037  -0.00003526178971404517
-3024.691358 -1913.580247  -0.00003545690557504595
-3024.691358 -1790.123457  -0.00003490160014709907
-3024.691358 -1666.666667  -0.00003506252179636166
-3024.691358 -1543.209877  -0.00003531860458715897
-3024.691358 -1419.753086  -0.00003484766065126057
-3024.691358 -1296.296296  -0.00003434010938235743
-3024.691358 -1172.839506  -0.00003466183527980309
-3024.691358 -1049.382716  -0.00003433122909585055
-3024.691358  -925.925926  -0.00003443841660707880
-3024.691358  -802.469136  -0.00003438531822766055
-3024.691358  -679.012346  -0.00003430902720399955
-3024.691358  -555.555556  -0.00003418973862263573
-3024.691358  -432.098765  -0.00003411629798833501
-3024.691358  -308.641975  -0.00003403933279702735
-3024.691358  -185.185185  -0.00003390922787303661
-3024.691358   -61.728395  -0.00003398080949571119
-3024.691358    61.728395  -0.00003398080949570762
-3024.691358   185.185185  -0.00003390922787304623
-3024.691358   308.641975  -0.00003403933279703249
-3024.691358   432.098765  -0.00003411629798834362
-3024.691358   555.555556  -0.00003418973862264473
-3024.691358   679.012346  -0.00003430902720401093
-3024.691358   802.469136  -0.00003438531822766748
-3024.691358   925.925926  -0.00003443841660708462
-3024.691358  1049.382716  -0.00003433122909586610
-3024.691358  1172.839506  -0.00003466183527981684
-3024.691358  1296.296296  -0.00003434010938237257
-3024.691358  1419.753086  -0.00003484766065126998
-3024.691358  1543.209877  -0.00003531860458717123
-3024.691358  1666.666667  -0.00003506252179638064
-3024.691358  1790.123457  -0.00003490160014711811
-3024.691358  1913.580247  -0.00003545690557506105
-3024.691358  2037.037037  -0.00003526178971405962
-3024.691358  2160.493827  -0.00003574980092667351
-3024.691358  2283.950617  -0.00003427975816093098
-3024.691358  2407.407407  -0.00003683578339695745
-3024.691358  2530.864198  -0.00003389113710016087
-3024.691358  2654.320988  -0.00003571781080939254
-3024.691358  2777.777778  -0.00003556892117368899
-3024.691358  2901.234568  -0.00003573705162970613
-3024.691358  3024.691358  -0.00003682173387702843
-3024.691358  3148.148148  -0.00003725033144128019
-3024.691358  3271.604938  -0.00003653116009828891
-3024.691358  3395.061728  -0.00003560804811960891
-3024.691358  3518.518519  -0.00003501038530071381
-3024.691358  3641.975309  -0.00003571752204420333
-3024.691358  3765.432099  -0.00003502081761770450
-3024.691358  3888.888889  -0.00003678445581274520
-3024.691358  4012.345679  -0.00003662863572413091
-3024.691358  4135.802469  -0.00003713516899811876
-3024.691358  4259.259259  -0.00003821406297050764
-3024.691358  4382.716049  -0.00003650555366545233
-3024.691358  4506.172840  -0.00003338686860003712
-3024.691358  4629.629630  -0.00003498479298018013
-3024.691358  4753.086420  -0.00003424453424728293
-3024.691358  4876.543210  -0.00004301315806741614

-2901.234568 -5000.000000  -0.00001004665870107634
-2901.234568 -4876.543210  -0.00004591343342344439
-2901.234568 -4753.086420  -0.00003733915556517747
-2901.234568 -4629.629630  -0.00003957775968809706
-2901.234568 -4506.172840  -0.00003702873262968343
-2901.234568 -4382.716049  -0.00003957708462312284
-2901.234568 -4259.259259  -0.00004130907832836354
-2901.234568 -4135.802469  -0.00004066330920328074
-2901.234568 -4012.345679  -0.00004043279489033860
-2901.234568 -3888.888889  -0.00004010419314129334
-2901.234568 -3765.432099  -0.00003884227583977943
-2901.234568 -3641.975309  -0.00003920398939243904
-2901.234568 -3518.518519  -0.00003860533804818189
-2901.234568 -3395.061728  -0.00003912749697017759
-2901.234568 -3271.604938  -0.00003990289362812279
-2901.234568 -3148.148148  -0.00004050428574647350
-2901.234568 -3024.691358  -0.00004017737677488101
-2901.234568 -2901.234568  -0.00003929540384868157
-2901.234568 -2777.777778  -0.00003910611009512117
-2901.234568 -2654.320988  -0.00003907560337266443
-2901.234568 -2530.864198  -0.00003744497046190026
-2901.234568 -2407.407407  -0.00003984378325389907
-2901.234568 -2283.950617  -0.00003750697133739003
-2901.234568 -2160.493827  -0.00003867070348470976
-2901.234568 -2037.037037  -0.00003828400871998094
-2901.234568 -1913.580247  -0.00003848913658235747
-2901.234568 -1790.123457  -0.00003802349231198822
-2901.234568 -1666.666667  -0.00003812467766618520
-2901.234568 -1543.209877  -0.00003831218192305978
-2901.234568 -1419.753086  -0.00003791704316915059
-2901.234568 -1296.296296  -0.00003736343353460094
-2901.234568 -1172.839506  -0.00003757304824665691
-2901.234568 -1049.382716  -0.00003722117003140308
-2901.234568  -925.925926  -0.00003733077325922215
-2901.234568  -802.469136  -0.00003726556405415547
-2901.234568  -679.012346  -0.00003718103410039031
-2901.234568  -555.555556  -0.00003704746013049372
-2901.234568  -432.098765  -0.00003695852067029054
-2901.234568  -308.641975  -0.00003685978140637202
-2901.234568  -185.185185  -0.00003670990680383176
-2901.234568   -61.728395  -0.00003680902880337260
-2901.234568    61.728395  -0.00003680902880336892
-2901.234568   185.185185  -0.00003670990680384132
-2901.234568   308.641975  -0.00003685978140637716
-2901.234568   432.098765  -0.00003695852067029871
-2901.234568   555.555556  -0.00003704746013050118
-2901.234568   679.012346  -0.00003718103410040051
-2901.234568   802.469136  -0.00003726556405416183
-2901.234568   925.925926  -0.00003733077325922836
-2901.234568  1049.382716  -0.00003722117003141656
-2901.234568  1172.839506  -0.00003757304824666908
-2901.234568  1296.296296  -0.00003736343353461404
-2901.234568  1419.753086  -0.00003791704316915861
-2901.234568  1543.209877  -0.00003831218192306996
-2901.234568  1666.666667  -0.00003812467766620291
-2901.234568  1790.123457  -0.00003802349231200701
-2901.234568  1913.580247  -0.00003848913658237204
-2901.234568  2037.037037  -0.00003828400871999305
-2901.234568  2160.493827  -0.00003867070348472039
-2901.234568  2283.950617  -0.00003750697133742253
-2901.234568  2407.407407  -0.00003984378325392082
-2901.234568  2530.864198  -0.00003744497046193952
-2901.234568  2654.320988  -0.00003907560337269361
-2901.234568  2777.777778  -0.00003910611009516340
-2901.234568  2901.234568  -0.00003929540384873096
-2901.234568  3024.691358  -0.00004017737677491987
-2901.234568  3148.148148  -0.00004050428574650734
-2901.234568  3271.604938  -0.00003990289362815978
-2901.234568  3395.061728  -0.00003912749697022377
-2901.234568  3518.518519  -0.00003860533804823703
-2901.234568  3641.975309  -0.00003920398939248989
-2901.234568  3765.432099  -0.00003884227583982896
-2901.234568  3888.888889  -0.00004010419314133189
-2901.234568  4012.345679  -0.00004043279489037964
-2901.234568  4135.802469  -0.00004066330920332228
-2901.234568  4259.259259  -0.00004130907832840028
-2901.234568  4382.716049  -0.00003957708462316385
-2901.234568  4506.172840  -0.00003702873262973654
-2901.234568  4629.629630  -0.00003957775968815588
-2901.234568  4753.086420  -0.00003733915556523228
-2901.234568  4876.543210  -0.00004591343342346495

-2777.777778 -5000.000000  -0.00001299000468594223
-2777.777778 -4876.543210  -0.00005188179024559199
-2777.777778 -4753.086420  -0.00004301537436460248
-2777.777778 -4629.629630  -0.00004763995786981265
-2777.777778 -4506.172840  -0.00004357138165511644
-2777.777778 -4382.716049  -0.00004542036673850033
-2777.777778 -4259.259259  -0.00004729802294803463
-2777.777778 -4135.802469  -0.00004728014131347145
-2777.777778 -4012.345679  -0.00004743637085618033
-2777.777778 -3888.888889  -0.00004631531085476746
-2777.777778 -3765.432099  -0.00004579418673600254
-2777.777778 -3641.975309  -0.00004587437305065332
-2777.777778 -3518.518519  -0.00004537094809541049
-2777.777778 -3395.061728  -0.00004584514260852757
-2777.777778 -3271.604938  -0.00004648745170999136
-2777.777778 -3148.148148  -0.00004697823975872195
-2777.777778 -3024.691358  -0.00004674249866152301
-2777.777778 -2901.234568  -0.00004603882139959478
-2777.777778 -2777.777778  -0.00004584641019491762
-2777.777778 -2654.320988  -0.00004564900732620238
-2777.777778 -2530.864198  -0.00004426305426187071
-2777.777778 -2407.407407  -0.00004706943582950650
-2777.777778 -2283.950617  -0.00004485116362336798
-2777.777778 -2160.493827  -0.00004574725885991050
-2777.777778 -2037.037037  -0.00004541021750682805
-2777.777778 -1913.580247  -0.00004566804328705678
-2777.777778 -1790.123457  -0.00004525221474221073
-2777.777778 -1666.666667  -0.00004526788686749208
-2777.777778 -1543.209877  -0.00004537645046360927
-2777.777778 -1419.753086  -0.00004506300015069515
-2777.777778 -1296.296296  -0.00004441038771135104
-2777.777778 -1172.839506  -0.00004476393612546183
-2777.777778 -1049.382716  -0.00004430739514110435
-2777.777778  -925.925926  -0.00004443561932623797
-2777.777778  -802.469136  -0.00004433632741662299
-2777.777778  -679.012346  -0.00004424063227752264
-2777.777778  -555.555556  -0.00004405827718115810
-2777.777778  -432.098765  -0.00004393457422813370
-2777.777778  -308.641975  -0.00004381968763556591
-2777.777778  -185.185185  -0.00004365788023414789
-2777.777778   -61.728395  -0.00004372947869508379
-2777.777778    61.728395  -0.00004372947869508375
-2777.777778   185.185185  -0.00004365788023415867
-2777.777778   308.641975  -0.00004381968763557438
-2777.777778   432.098765  -0.00004393457422814506
-2777.777778   555.555556  -0.00004405827718116778
-2777.777778   679.012346  -0.00004424063227753580
-2777.777778   802.469136  -0.00004433632741663419
-2777.777778   925.925926  -0.00004443561932624990
-2777.777778  1049.382716  -0.00004430739514112356
-2777.777778  1172.839506  -0.00004476393612547848
-2777.777778  1296.296296  -0.00004441038771137017
-2777.777778  1419.753086  -0.00004506300015070858
-2777.777778  1543.209877  -0.00004537645046362508
-2777.777778  1666.666667  -0.00004526788686751727
-2777.777778  1790.123457  -0.00004525221474223667
-2777.777778  1913.580247  -0.00004566804328707811
-2777.777778  2037.037037  -0.00004541021750684582
-2777.777778  2160.493827  -0.00004574725885992570
-2777.777778  2283.950617  -0.00004485116362340881
-2777.777778  2407.407407  -0.00004706943582953555
-2777.777778  2530.864198  -0.00004426305426191308
-2777.777778  2654.320988  -0.00004564900732622564
-2777.777778  2777.777778  -0.00004584641019495591
-2777.777778  2901.234568  -0.00004603882139964270
-2777.777778  3024.691358  -0.00004674249866156027
-2777.777778  3148.148148  -0.00004697823975875361
-2777.777778  3271.604938  -0.00004648745171002669
-2777.777778  3395.061728  -0.00004584514260857171
-2777.777778  3518.518519  -0.00004537094809546297
-2777.777778  3641.975309  -0.00004587437305069904
-2777.777778  3765.432099  -0.00004579418673604877
-2777.777778  3888.888889  -0.00004631531085480502
-2777.777778  4012.345679  -0.00004743637085621714
-2777.777778  4135.802469  -0.00004728014131350950
-2777.777778  4259.259259  -0.00004729802294806879
-2777.777778  4382.716049  -0.00004542036673853779
-2777.777778  4506.172840  -0.00004357138165516240
-2777.777778  4629.629630  -0.00004763995786986165
-2777.777778  4753.086420  -0.00004301537436465473
-2777.777778  4876.543210  -0.00005188179024561613

-2654.320988 -5000.000000  -0.00001490260206254278
-2654.320988 -4876.543210  -0.00006012085860385295
-2654.320988 -4753.086420  -0.00005107112521632786
-2654.320988 -4629.629630  -0.00005673834350582658
-2654.320988 -4506.172840  -0.00005177538940253230
-2654.320988 -4382.716049  -0.00005345651988882715
-2654.320988 -4259.259259  -0.00005543283619785314
-2654.320988 -4135.802469  -0.00005553699717666589
-2654.320988 -4012.345679  -0.00005588397350626577
-2654.320988 -3888.888889  -0.00005458886755748157
-2654.320988 -3765.432099  -0.00005436941114405545
-2654.320988 -3641.975309  -0.00005438968582284709
-2654.320988 -3518.518519  -0.00005393711702944726
-2654.320988 -3395.061728  -0.00005441108003566211
-2654.320988 -3271.604938  -0.00005488795124185713
-2654.320988 -3148.148148  -0.00005531708652714013
-2654.320988 -3024.691358  -0.00005517767826958570
-2654.320988 -2901.234568  -0.00005465522675778711
-2654.320988 -2777.777778  -0.00005445762725301127
-2654.320988 -2654.320988  -0.00005408626721100142
-2654.320988 -2530.864198  -0.00005302819615187612
-2654.320988 -2407.407407  -0.00005648992629412411
-2654.320988 -2283.950617  -0.00005439583615733826
-2654.320988 -2160.493827  -0.00005502965414189554
-2654.320988 -2037.037037  -0.00005474171794905738
-2654.320988 -1913.580247  -0.00005506934839339493
-2654.320988 -1790.123457  -0.00005471121891234663
-2654.320988 -1666.666667  -0.00005464982468519721
-2654.320988 -1543.209877  -0.00005469029322708337
-2654.320988 -1419.753086  -0.00005448045456365629
-2654.320988 -1296.296296  -0.00005373843894380722
-2654.320988 -1172.839506  -0.00005428024392146635
-2654.320988 -1049.382716  -0.00005370591172784906
-2654.320988  -925.925926  -0.00005388492377903235
-2654.320988  -802.469136  -0.00005376123572581161
-2654.320988  -679.012346  -0.00005366400917769003
-2654.320988  -555.555556  -0.00005344267228141390
-2654.320988  -432.098765  -0.00005330434523792337
-2654.320988  -308.641975  -0.00005318562284064354
-2654.320988  -185.185185  -0.00005300267202754982
-2654.320988   -61.728395  -0.00005302669486309922
-2654.320988    61.728395  -0.00005302669486310091
-2654.320988   185.185185  -0.00005300267202756198
-2654.320988   308.641975  -0.00005318562284065483
-2654.320988   432.098765  -0.00005330434523793755
-2654.320988   555.555556  -0.00005344267228142651
-2654.320988   679.012346  -0.00005366400917770742
-2654.320988   802.469136  -0.00005376123572582753
-2654.320988   925.925926  -0.00005388492377904962
-2654.320988  1049.382716  -0.00005370591172787620
-2654.320988  1172.839506  -0.00005428024392148858
-2654.320988  1296.296296  -0.00005373843894383611
-2654.320988  1419.753086  -0.00005448045456367832
-2654.320988  1543.209877  -0.00005469029322710779
-2654.320988  1666.666667  -0.00005464982468523199
-2654.320988  1790.123457  -0.00005471121891238235
-2654.320988  1913.580247  -0.00005506934839342629
-2654.320988  2037.037037  -0.00005474171794908708
-2654.320988  2160.493827  -0.00005502965414192295
-2654.320988  2283.950617  -0.00005439583615739124
-2654.320988  2407.407407  -0.00005648992629416699
-2654.320988  2530.864198  -0.00005302819615191561
-2654.320988  2654.320988  -0.00005408626721101174
-2654.320988  2777.777778  -0.00005445762725303727
-2654.320988  2901.234568  -0.00005465522675782322
-2654.320988  3024.691358  -0.00005517767826961103
-2654.320988  3148.148148  -0.00005531708652716104
-2654.320988  3271.604938  -0.00005488795124188154
-2654.320988  3395.061728  -0.00005441108003569500
-2654.320988  3518.518519  -0.00005393711702948720
-2654.320988  3641.975309  -0.00005438968582287695
-2654.320988  3765.432099  -0.00005436941114408962
-2654.320988  3888.888889  -0.00005458886755750747
-2654.320988  4012.345679  -0.00005588397350629024
-2654.320988  4135.802469  -0.00005553699717669281
-2654.320988  4259.259259  -0.00005543283619787540
-2654.320988  4382.716049  -0.00005345651988885143
-2654.320988  4506.172840  -0.00005177538940256264
-2654.320988  4629.629630  -0.00005673834350585845
-2654.320988  4753.086420  -0.00005107112521636713
-2654.320988  4876.543210  -0.00006012085860387044

-2530.864198 -5000.000000  -0.00001085920244114143
-2530.864198 -4876.543210  -0.00006225993024056671
-2530.864198 -4753.086420  -0.00005450339824241321
-2530.864198 -4629.629630  -0.00005606093968502247
-2530.864198 -4506.172840  -0.00005315722381429964
-2530.864198 -4382.716049  -0.00005607767476972716
-2530.864198 -4259.259259  -0.00005770952585996411
-2530.864198 -4135.802469  -0.00005642287012551324
-2530.864198 -4012.345679  -0.00005623144832512537
-2530.864198 -3888.888889  -0.00005679502247498097
-2530.864198 -3765.432099  -0.00005519073874185913
-2530.864198 -3641.975309  -0.00005561721228237113
-2530.864198 -3518.518519  -0.00005509268117660338
-2530.864198 -3395.061728  -0.00005559716315598031
-2530.864198 -3271.604938  -0.00005592525952022753
-2530.864198 -3148.148148  -0.00005641092207076711
-2530.864198 -3024.691358  -0.00005629869243810906
-2530.864198 -2901.234568  -0.00005587873922223436
-2530.864198 -2777.777778  -0.00005568836623442780
-2530.864198 -2654.320988  -0.00005531220834399007
-2530.864198 -2530.864198  -0.00005429155614149776
-2530.864198 -2407.407407  -0.00005615616891790290
-2530.864198 -2283.950617  -0.00005437995735812527
-2530.864198 -2160.493827  -0.00005491122629280357
-2530.864198 -2037.037037  -0.00005476565694024880
-2530.864198 -1913.580247  -0.00005505910478378265
-2530.864198 -1790.123457  -0.00005481979978223904
-2530.864198 -1666.666667  -0.00005482571323706753
-2530.864198 -1543.209877  -0.00005493373272109201
-2530.864198 -1419.753086  -0.00005482400944701818
-2530.864198 -1296.296296  -0.00005416964677237919
-2530.864198 -1172.839506  -0.00005439398953867943
-2530.864198 -1049.382716  -0.00005395326206728155
-2530.864198  -925.925926  -0.00005421242226097272
-2530.864198  -802.469136  -0.00005416050572159028
-2530.864198  -679.012346  -0.00005412493058644172
-2530.864198  -555.555556  -0.00005400969126735073
-2530.864198  -432.098765  -0.00005396438250257851
-2530.864198  -308.641975  -0.00005387363504485516
-2530.864198  -185.185185  -0.00005364431522810113
-2530.864198   -61.728395  -0.00005376198308448654
-2530.864198    61.728395  -0.00005376198308447797
-2530.864198   185.185185  -0.00005364431522810811
-2530.864198   308.641975  -0.00005387363504485712
-2530.864198   432.098765  -0.00005396438250258318
-2530.864198   555.555556  -0.00005400969126735291
-2530.864198   679.012346  -0.00005412493058644945
-2530.864198   802.469136  -0.00005416050572159565
-2530.864198   925.925926  -0.00005421242226097876
-2530.864198  1049.382716  -0.00005395326206729366
-2530.864198  1172.839506  -0.00005439398953869014
-2530.864198  1296.296296  -0.00005416964677239439
-2530.864198  1419.753086  -0.00005482400944703035
-2530.864198  1543.209877  -0.00005493373272110343
-2530.864198  1666.666667  -0.00005482571323708629
-2530.864198  1790.123457  -0.00005481979978225897
-2530.864198  1913.580247  -0.00005505910478380268
-2530.864198  2037.037037  -0.00005476565694026702
-2530.864198  2160.493827  -0.00005491122629282153
-2530.864198  2283.950617  -0.00005437995735816144
-2530.864198  2407.407407  -0.00005615616891792780
-2530.864198  2530.864198  -0.00005429155614153687
-2530.864198  2654.320988  -0.00005531220834402536
-2530.864198  2777.777778  -0.00005568836623447142
-2530.864198  2901.234568  -0.00005587873922228226
-2530.864198  3024.691358  -0.00005629869243814697
-2530.864198  3148.148148  -0.00005641092207080074
-2530.864198  3271.604938  -0.00005592525952026446
-2530.864198  3395.061728  -0.00005559716315602441
-2530.864198  3518.518519  -0.00005509268117665495
-2530.864198  3641.975309  -0.00005561721228241911
-2530.864198  3765.432099  -0.00005519073874190958
-2530.864198  3888.888889  -0.00005679502247502392
-2530.864198  4012.345679  -0.00005623144832516846
-2530.864198  4135.802469  -0.00005642287012555621
-2530.864198  4259.259259  -0.00005770952586000213
-2530.864198  4382.716049  -0.00005607767476977110
-2530.864198  4506.172840  -0.00005315722381435559
-2530.864198  4629.629630  -0.00005606093968508241
-2530.864198  4753.086420  -0.00005450339824246964
-2530.864198  4876.543210  -0.00006225993024058626

-2407.407407 -5000.000000  -0.00001517242452660191
-2407.407407 -4876.543210  -0.00007727494968880239
-2407.407407 -4753.086420  -0.00006797150487937824
-2407.407407 -4629.629630  -0.00007168180908398050
-2407.407407 -4506.172840  -0.00006725698336716533
-2407.407407 -4382.716049  -0.00007017859428833872
-2407.407407 -4259.259259  -0.00007215531151158106
-2407.407407 -4135.802469  -0.00007103552073892240
-2407.407407 -4012.345679  -0.00007102637352809274
-2407.407407 -3888.888889  -0.00007107294045489339
-2407.407407 -3765.432099  -0.00006972556894223461
-2407.407407 -3641.975309  -0.00007065983002572778
-2407.407407 -3518.518519  -0.00006990069407009346
-2407.407407 -3395.061728  -0.00007053050322444534
-2407.407407 -3271.604938  -0.00007109727163336790
-2407.407407 -3148.148148  -0.00007159836104353031
-2407.407407 -3024.691358  -0.00007113134775622801
-2407.407407 -2901.234568  -0.00007033496041590377
-2407.407407 -2777.777778  -0.00007046475230896604
-2407.407407 -2654.320988  -0.00007077650228277719
-2407.407407 -2530.864198  -0.00006912863070976357
-2407.407407 -2407.407407  -0.00007138234172347618
-2407.407407 -2283.950617  -0.00006937189562764396
-2407.407407 -2160.493827  -0.00007066099988129612
-2407.407407 -2037.037037  -0.00007036714309824078
-2407.407407 -1913.580247  -0.00007056536086719103
-2407.407407 -1790.123457  -0.00007007759707087062
-2407.407407 -1666.666667  -0.00007019907467366934
-2407.407407 -1543.209877  -0.00007053424616598527
-2407.407407 -1419.753086  -0.00007038130510934377
-2407.407407 -1296.296296  -0.00006962497951557769
-2407.407407 -1172.839506  -0.00007027508319438786
-2407.407407 -1049.382716  -0.00006972195517250833
-2407.407407  -925.925926  -0.00007007654230134516
-2407.407407  -802.469136  -0.00007004958901347607
-2407.407407  -679.012346  -0.00007003814293395122
-2407.407407  -555.555556  -0.00006989344933865617
-2407.407407  -432.098765  -0.00006985305904773981
-2407.407407  -308.641975  -0.00006981950787194821
-2407.407407  -185.185185  -0.00006966904420253074
-2407.407407   -61.728395  -0.00006976985415373868
-2407.407407    61.728395  -0.00006976985415374664
-2407.407407   185.185185  -0.00006966904420253931
-2407.407407   308.641975  -0.00006981950787195771
-2407.407407   432.098765  -0.00006985305904775163
-2407.407407   555.555556  -0.00006989344933866250
-2407.407407   679.012346  -0.00007003814293396548
-2407.407407   802.469136  -0.00007004958901348501
-2407.407407   925.925926  -0.00007007654230135699
-2407.407407  1049.382716  -0.00006972195517252511
-2407.407407  1172.839506  -0.00007027508319440003
-2407.407407  1296.296296  -0.00006962497951558733
-2407.407407  1419.753086  -0.00007038130510934940
-2407.407407  1543.209877  -0.00007053424616599274
-2407.407407  1666.666667  -0.00007019907467367729
-2407.407407  1790.123457  -0.00007007759707087412
-2407.407407  1913.580247  -0.00007056536086720107
-2407.407407  2037.037037  -0.00007036714309826055
-2407.407407  2160.493827  -0.00007066099988131554
-2407.407407  2283.950617  -0.00006937189562766145
-2407.407407  2407.407407  -0.00007138234172346981
-2407.407407  2530.864198  -0.00006912863070981778
-2407.407407  2654.320988  -0.00007077650228281415
-2407.407407  2777.777778  -0.00007046475230900578
-2407.407407  2901.234568  -0.00007033496041594823
-2407.407407  3024.691358  -0.00007113134775626563
-2407.407407  3148.148148  -0.00007159836104357163
-2407.407407  3271.604938  -0.00007109727163341373
-2407.407407  3395.061728  -0.00007053050322449871
-2407.407407  3518.518519  -0.00006990069407015323
-2407.407407  3641.975309  -0.00007065983002578064
-2407.407407  3765.432099  -0.00006972556894228971
-2407.407407  3888.888889  -0.00007107294045494278
-2407.407407  4012.345679  -0.00007102637352813859
-2407.407407  4135.802469  -0.00007103552073897030
-2407.407407  4259.259259  -0.00007215531151162544
-2407.407407  4382.716049  -0.00007017859428839012
-2407.407407  4506.172840  -0.00006725698336722595
-2407.407407  4629.629630  -0.00007168180908404402
-2407.407407  4753.086420  -0.00006797150487944175
-2407.407407  4876.543210  -0.00007727494968882975

-2283.950617 -5000.000000  -0.00001445688876460761
-2283.950617 -4876.543210  -0.00007583174497261905
-2283.950617 -4753.086420  -0.00006715716896889018
-2283.950617 -4629.629630  -0.00007052016919571605
-2283.950617 -4506.172840  -0.00006627579123662597
-2283.950617 -4382.716049  -0.00006910345336682122
-2283.950617 -4259.259259  -0.00007096017314161218
-2283.950617 -4135.802469  -0.00006980226210697163
-2283.950617 -4012.345679  -0.00006979758570327800
-2283.950617 -3888.888889  -0.00007000479504074999
-2283.950617 -3765.432099  -0.00006861067579808116
-2283.950617 -3641.975309  -0.00006926199221527931
-2283.950617 -3518.518519  -0.00006859769989621693
-2283.950617 -3395.061728  -0.00006917432901069620
-2283.950617 -3271.604938  -0.00006962218747389760
-2283.950617 -3148.148148  -0.00007006857886659314
-2283.950617 -3024.691358  -0.00006971057454499294
-2283.950617 -2901.234568  -0.00006908806239576519
-2283.950617 -2777.777778  -0.00006917365076247792
-2283.950617 -2654.320988  -0.00006932768617335703
-2283.950617 -2530.864198  -0.00006792808730987960
-2283.950617 -2407.407407  -0.00006956149067816129
-2283.950617 -2283.950617  -0.00006785649998456823
-2283.950617 -2160.493827  -0.00006894210290383422
-2283.950617 -2037.037037  -0.00006872763142271061
-2283.950617 -1913.580247  -0.00006888837570229929
-2283.950617 -1790.123457  -0.00006847748268108353
-2283.950617 -1666.666667  -0.00006858635127788242
-2283.950617 -1543.209877  -0.00006890005264098096
-2283.950617 -1419.753086  -0.00006881549182084464
-2283.950617 -1296.296296  -0.00006809074927437476
-2283.950617 -1172.839506  -0.00006877560484757620
-2283.950617 -1049.382716  -0.00006828510044788079
-2283.950617  -925.925926  -0.00006868633089337016
-2283.950617  -802.469136  -0.00006869999215575286
-2283.950617  -679.012346  -0.00006874051664588248
-2283.950617  -555.555556  -0.00006865948724059167
-2283.950617  -432.098765  -0.00006867748080434062
-2283.950617  -308.641975  -0.00006867016691600676
-2283.950617  -185.185185  -0.00006850702557468286
-2283.950617   -61.728395  -0.00006861889453717351
-2283.950617    61.728395  -0.00006861889453717458
-2283.950617   185.185185  -0.00006850702557468804
-2283.950617   308.641975  -0.00006867016691601118
-2283.950617   432.098765  -0.00006867748080434713
-2283.950617   555.555556  -0.00006865948724059331
-2283.950617   679.012346  -0.00006874051664589175
-2283.950617   802.469136  -0.00006869999215575857
-2283.950617   925.925926  -0.00006868633089337628
-2283.950617  1049.382716  -0.00006828510044789202
-2283.950617  1172.839506  -0.00006877560484758328
-2283.950617  1296.296296  -0.00006809074927439017
-2283.950617  1419.753086  -0.00006881549182085722
-2283.950617  1543.209877  -0.00006890005264099533
-2283.950617  1666.666667  -0.00006858635127789678
-2283.950617  1790.123457  -0.00006847748268109486
-2283.950617  1913.580247  -0.00006888837570232012
-2283.950617  2037.037037  -0.00006872763142274136
-2283.950617  2160.493827  -0.00006894210290386610
-2283.950617  2283.950617  -0.00006785649998459639
-2283.950617  2407.407407  -0.00006956149067816774
-2283.950617  2530.864198  -0.00006792808730993290
-2283.950617  2654.320988  -0.00006932768617339948
-2283.950617  2777.777778  -0.00006917365076252267
-2283.950617  2901.234568  -0.00006908806239581256
-2283.950617  3024.691358  -0.00006971057454503319
-2283.950617  3148.148148  -0.00007006857886663462
-2283.950617  3271.604938  -0.00006962218747394379
-2283.950617  3395.061728  -0.00006917432901074845
-2283.950617  3518.518519  -0.00006859769989627636
-2283.950617  3641.975309  -0.00006926199221533478
-2283.950617  3765.432099  -0.00006861067579813858
-2283.950617  3888.888889  -0.00007000479504080438
-2283.950617  4012.345679  -0.00006979758570332901
-2283.950617  4135.802469  -0.00006980226210702526
-2283.950617  4259.259259  -0.00007096017314166459
-2283.950617  4382.716049  -0.00006910345336687942
-2283.950617  4506.172840  -0.00006627579123669261
-2283.950617  4629.629630  -0.00007052016919578208
-2283.950617  4753.086420  -0.00006715716896895673
-2283.950617  4876.543210  -0.00007583174497265069

-2160.493827 -5000.000000  -0.00001636183985313165
-2160.493827 -4876.543210  -0.00008695430117726075
-2160.493827 -4753.086420  -0.00007792729040078986
-2160.493827 -4629.629630  -0.00008191458896662309
-2160.493827 -4506.172840  -0.00007691665059880834
-2160.493827 -4382.716049  -0.00007985255502424742
-2160.493827 -4259.259259  -0.00008182546189386930
-2160.493827 -4135.802469  -0.00008055020370158199
-2160.493827 -4012.345679  -0.00008066021871671468
-2160.493827 -3888.888889  -0.00008094082903955537
-2160.493827 -3765.432099  -0.00007961942796552810
-2160.493827 -3641.975309  -0.00008054529200113273
-2160.493827 -3518.518519  -0.00007983927020757370
-2160.493827 -3395.061728  -0.00008045871529504476
-2160.493827 -3271.604938  -0.00008078940654795185
-2160.493827 -3148.148148  -0.00008122533973807813
-2160.493827 -3024.691358  -0.00008089133207890251
-2160.493827 -2901.234568  -0.00008035819285970452
-2160.493827 -2777.777778  -0.00008051709843226626
-2160.493827 -2654.320988  -0.00008065089406399139
-2160.493827 -2530.864198  -0.00007939082208964520
-2160.493827 -2407.407407  -0.00008210558047185701
-2160.493827 -2283.950617  -0.00008046166504938438
-2160.493827 -2160.493827  -0.00008150657275139891
-2160.493827 -2037.037037  -0.00008131455941667691
-2160.493827 -1913.580247  -0.00008156862826374687
-2160.493827 -1790.123457  -0.00008118123223021461
-2160.493827 -1666.666667  -0.00008128021053595115
-2160.493827 -1543.209877  -0.00008163547194525383
-2160.493827 -1419.753086  -0.00008171490698522808
-2160.493827 -1296.296296  -0.00008093826329930782
-2160.493827 -1172.839506  -0.00008206373184056808
-2160.493827 -1049.382716  -0.00008150628048451821
-2160.493827  -925.925926  -0.00008207285620020872
-2160.493827  -802.469136  -0.00008216002430957494
-2160.493827  -679.012346  -0.00008231462050035541
-2160.493827  -555.555556  -0.00008229550459362234
-2160.493827  -432.098765  -0.00008240180316868062
-2160.493827  -308.641975  -0.00008249089646103978
-2160.493827  -185.185185  -0.00008238087456263076
-2160.493827   -61.728395  -0.00008248187176036330
-2160.493827    61.728395  -0.00008248187176036976
-2160.493827   185.185185  -0.00008238087456264117
-2160.493827   308.641975  -0.00008249089646105124
-2160.493827   432.098765  -0.00008240180316869495
-2160.493827   555.555556  -0.00008229550459363418
-2160.493827   679.012346  -0.00008231462050037723
-2160.493827   802.469136  -0.00008216002430959229
-2160.493827   925.925926  -0.00008207285620022877
-2160.493827  1049.382716  -0.00008150628048454470
-2160.493827  1172.839506  -0.00008206373184059173
-2160.493827  1296.296296  -0.00008093826329933393
-2160.493827  1419.753086  -0.00008171490698525294
-2160.493827  1543.209877  -0.00008163547194527983
-2160.493827  1666.666667  -0.00008128021053597836
-2160.493827  1790.123457  -0.00008118123223023874
-2160.493827  1913.580247  -0.00008156862826378263
-2160.493827  2037.037037  -0.00008131455941672251
-2160.493827  2160.493827  -0.00008150657275144663
-2160.493827  2283.950617  -0.00008046166504942802
-2160.493827  2407.407407  -0.00008210558047187738
-2160.493827  2530.864198  -0.00007939082208969646
-2160.493827  2654.320988  -0.00008065089406402455
-2160.493827  2777.777778  -0.00008051709843229953
-2160.493827  2901.234568  -0.00008035819285974180
-2160.493827  3024.691358  -0.00008089133207893466
-2160.493827  3148.148148  -0.00008122533973811403
-2160.493827  3271.604938  -0.00008078940654799446
-2160.493827  3395.061728  -0.00008045871529509188
-2160.493827  3518.518519  -0.00007983927020762688
-2160.493827  3641.975309  -0.00008054529200118018
-2160.493827  3765.432099  -0.00007961942796557735
-2160.493827  3888.888889  -0.00008094082903960160
-2160.493827  4012.345679  -0.00008066021871675635
-2160.493827  4135.802469  -0.00008055020370162533
-2160.493827  4259.259259  -0.00008182546189391016
-2160.493827  4382.716049  -0.00007985255502429355
-2160.493827  4506.172840  -0.00007691665059886347
-2160.493827  4629.629630  -0.00008191458896667597
-2160.493827  4753.086420  -0.00007792729040084549
-2160.493827  4876.543210  -0.00008695430117728393

-2037.037037 -5000.000000  -0.00001663344940022535
-2037.037037 -4876.543210  -0.00009053483677501886
-2037.037037 -4753.086420  -0.00008174076706587301
-2037.037037 -4629.629630  -0.00008570213744302801
-2037.037037 -4506.172840  -0.00008055321032258198
-2037.037037 -4382.716049  -0.00008350524472015902
-2037.037037 -4259.259259  -0.00008545080633709302
-2037.037037 -4135.802469  -0.00008408163904907143
-2037.037037 -4012.345679  -0.00008422626203702419
-2037.037037 -3888.888889  -0.00008466088247462054
-2037.037037 -3765.432099  -0.00008330603875003528
-2037.037037 -3641.975309  -0.00008417132251928914
-2037.037037 -3518.518519  -0.00008350185972707478
-2037.037037 -3395.061728  -0.00008410850373892247
-2037.037037 -3271.604938  -0.00008433012593902913
-2037.037037 -3148.148148  -0.00008472756666416874
-2037.037037 -3024.691358  -0.00008445855280796166
-2037.037037 -2901.234568  -0.00008406240552427641
-2037.037037 -2777.777778  -0.00008422488847948028
-2037.037037 -2654.320988  -0.00008427513053255203
-2037.037037 -2530.864198  -0.00008317101262185660
-2037.037037 -2407.407407  -0.00008541927022932719
-2037.037037 -2283.950617  -0.00008395935990489618
-2037.037037 -2160.493827  -0.00008485049687467624
-2037.037037 -2037.037037  -0.00008477124072920344
-2037.037037 -1913.580247  -0.00008507204138438072
-2037.037037 -1790.123457  -0.00008480179008598979
-2037.037037 -1666.666667  -0.00008493837094819186
-2037.037037 -1543.209877  -0.00008534459268194526
-2037.037037 -1419.753086  -0.00008557374952006148
-2037.037037 -1296.296296  -0.00008487626438835402
-2037.037037 -1172.839506  -0.00008590383714826147
-2037.037037 -1049.382716  -0.00008548760284918914
-2037.037037  -925.925926  -0.00008624436277099100
-2037.037037  -802.469136  -0.00008652812273259902
-2037.037037  -679.012346  -0.00008688379711682684
-2037.037037  -555.555556  -0.00008706840125106443
-2037.037037  -432.098765  -0.00008736335693563094
-2037.037037  -308.641975  -0.00008759672737167458
-2037.037037  -185.185185  -0.00008757070251086479
-2037.037037   -61.728395  -0.00008775941922643149
-2037.037037    61.728395  -0.00008775941922643800
-2037.037037   185.185185  -0.00008757070251087528
-2037.037037   308.641975  -0.00008759672737168345
-2037.037037   432.098765  -0.00008736335693564313
-2037.037037   555.555556  -0.00008706840125107264
-2037.037037   679.012346  -0.00008688379711684549
-2037.037037   802.469136  -0.00008652812273261225
-2037.037037   925.925926  -0.00008624436277100693
-2037.037037  1049.382716  -0.00008548760284921170
-2037.037037  1172.839506  -0.00008590383714827976
-2037.037037  1296.296296  -0.00008487626438837588
-2037.037037  1419.753086  -0.00008557374952008483
-2037.037037  1543.209877  -0.00008534459268196830
-2037.037037  1666.666667  -0.00008493837094821676
-2037.037037  1790.123457  -0.00008480179008601147
-2037.037037  1913.580247  -0.00008507204138441314
-2037.037037  2037.037037  -0.00008477124072924607
-2037.037037  2160.493827  -0.00008485049687471996
-2037.037037  2283.950617  -0.00008395935990493761
-2037.037037  2407.407407  -0.00008541927022934630
-2037.037037  2530.864198  -0.00008317101262191117
-2037.037037  2654.320988  -0.00008427513053259084
-2037.037037  2777.777778  -0.00008422488847951922
-2037.037037  2901.234568  -0.00008406240552431931
-2037.037037  3024.691358  -0.00008445855280799916
-2037.037037  3148.148148  -0.00008472756666421091
-2037.037037  3271.604938  -0.00008433012593907663
-2037.037037  3395.061728  -0.00008410850373897524
-2037.037037  3518.518519  -0.00008350185972713333
-2037.037037  3641.975309  -0.00008417132251934160
-2037.037037  3765.432099  -0.00008330603875008964
-2037.037037  3888.888889  -0.00008466088247467132
-2037.037037  4012.345679  -0.00008422626203707086
-2037.037037  4135.802469  -0.00008408163904911922
-2037.037037  4259.259259  -0.00008545080633713845
-2037.037037  4382.716049  -0.00008350524472021026
-2037.037037  4506.172840  -0.00008055321032264270
-2037.037037  4629.629630  -0.00008570213744308816
-2037.037037  4753.086420  -0.00008174076706593494
-2037.037037  4876.543210  -0.00009053483677504601

-1913.580247 -5000.000000  -0.00001762509707096037
-1913.580247 -4876.543210  -0.00009583709450219926
-1913.580247 -4753.086420  -0.00008697698067548213
-1913.580247 -4629.629630  -0.00009136464394995999
-1913.580247 -4506.172840  -0.00008578468024073847
-1913.580247 -4382.716049  -0.00008871001967389540
-1913.580247 -4259.259259  -0.00009069565329090953
-1913.580247 -4135.802469  -0.00008931586275752864
-1913.580247 -4012.345679  -0.00008954017768826924
-1913.580247 -3888.888889  -0.00008997338102066237
-1913.580247 -3765.432099  -0.00008868841023585892
-1913.580247 -3641.975309  -0.00008958169413592884
-1913.580247 -3518.518519  -0.00008891897698830176
-1913.580247 -3395.061728  -0.00008953323208923852
-1913.580247 -3271.604938  -0.00008968567539862797
-1913.580247 -3148.148148  -0.00009005165202635677
-1913.580247 -3024.691358  -0.00008980421389386453
-1913.580247 -2901.234568  -0.00008949136401115161
-1913.580247 -2777.777778  -0.00008969312927580496
-1913.580247 -2654.320988  -0.00008974096193787246
-1913.580247 -2530.864198  -0.00008871578695861598
-1913.580247 -2407.407407  -0.00009066166234837297
-1913.580247 -2283.950617  -0.00008931601957643848
-1913.580247 -2160.493827  -0.00009014838775654868
-1913.580247 -2037.037037  -0.00009016962358961996
-1913.580247 -1913.580247  -0.00009053531195749089
-1913.580247 -1790.123457  -0.00009036877312311560
-1913.580247 -1666.666667  -0.00009057309494852684
-1913.580247 -1543.209877  -0.00009107457560406843
-1913.580247 -1419.753086  -0.00009147938729355516
-1913.580247 -1296.296296  -0.00009088807537185787
-1913.580247 -1172.839506  -0.00009207363617314902
-1913.580247 -1049.382716  -0.00009184038816111728
-1913.580247  -925.925926  -0.00009290661307420216
-1913.580247  -802.469136  -0.00009351108823404570
-1913.580247  -679.012346  -0.00009422663826044041
-1913.580247  -555.555556  -0.00009476591411669283
-1913.580247  -432.098765  -0.00009540119926390227
-1913.580247  -308.641975  -0.00009591757149378018
-1913.580247  -185.185185  -0.00009608519286231778
-1913.580247   -61.728395  -0.00009642929070026565
-1913.580247    61.728395  -0.00009642929070027216
-1913.580247   185.185185  -0.00009608519286232816
-1913.580247   308.641975  -0.00009591757149378853
-1913.580247   432.098765  -0.00009540119926391372
-1913.580247   555.555556  -0.00009476591411669840
-1913.580247   679.012346  -0.00009422663826045782
-1913.580247   802.469136  -0.00009351108823405623
-1913.580247   925.925926  -0.00009290661307421437
-1913.580247  1049.382716  -0.00009184038816113549
-1913.580247  1172.839506  -0.00009207363617316199
-1913.580247  1296.296296  -0.00009088807537187411
-1913.580247  1419.753086  -0.00009147938729357099
-1913.580247  1543.209877  -0.00009107457560408523
-1913.580247  1666.666667  -0.00009057309494854378
-1913.580247  1790.123457  -0.00009036877312312883
-1913.580247  1913.580247  -0.00009053531195751539
-1913.580247  2037.037037  -0.00009016962358965331
-1913.580247  2160.493827  -0.00009014838775658317
-1913.580247  2283.950617  -0.00008931601957646940
-1913.580247  2407.407407  -0.00009066166234837940
-1913.580247  2530.864198  -0.00008871578695867206
-1913.580247  2654.320988  -0.00008974096193791347
-1913.580247  2777.777778  -0.00008969312927584626
-1913.580247  2901.234568  -0.00008949136401119684
-1913.580247  3024.691358  -0.00008980421389390409
-1913.580247  3148.148148  -0.00009005165202639966
-1913.580247  3271.604938  -0.00008968567539867683
-1913.580247  3395.061728  -0.00008953323208929407
-1913.580247  3518.518519  -0.00008891897698836180
-1913.580247  3641.975309  -0.00008958169413598430
-1913.580247  3765.432099  -0.00008868841023591649
-1913.580247  3888.888889  -0.00008997338102071811
-1913.580247  4012.345679  -0.00008954017768832048
-1913.580247  4135.802469  -0.00008931586275757986
-1913.580247  4259.259259  -0.00009069565329095826
-1913.580247  4382.716049  -0.00008871001967395070
-1913.580247  4506.172840  -0.00008578468024080374
-1913.580247  4629.629630  -0.00009136464395002391
-1913.580247  4753.086420  -0.00008697698067554507
-1913.580247  4876.543210  -0.00009583709450222684

-1790.123457 -5000.000000  -0.00001791411709323638
-1790.123457 -4876.543210  -0.00009879512304733308
-1790.123457 -4753.086420  -0.00009011649333110676
-1790.123457 -4629.629630  -0.00009454783417846448
-1790.123457 -4506.172840  -0.00008880902352821648
-1790.123457 -4382.716049  -0.00009172566654910316
-1790.123457 -4259.259259  -0.00009369188171522596
-1790.123457 -4135.802469  -0.00009225538500817529
-1790.123457 -4012.345679  -0.00009251741428409367
-1790.123457 -3888.888889  -0.00009305172006444221
-1790.123457 -3765.432099  -0.00009176001440192012
-1790.123457 -3641.975309  -0.00009259538367987452
-1790.123457 -3518.518519  -0.00009196560088795610
-1790.123457 -3395.061728  -0.00009257014360758270
-1790.123457 -3271.604938  -0.00009263723091467206
-1790.123457 -3148.148148  -0.00009297059891373095
-1790.123457 -3024.691358  -0.00009277750356644306
-1790.123457 -2901.234568  -0.00009258231636985433
-1790.123457 -2777.777778  -0.00009279524580386802
-1790.123457 -2654.320988  -0.00009278747961101657
-1790.123457 -2530.864198  -0.00009188808510156628
-1790.123457 -2407.407407  -0.00009335799292563858
-1790.123457 -2283.950617  -0.00009217980439817211
-1790.123457 -2160.493827  -0.00009289739283393979
-1790.123457 -2037.037037  -0.00009303979570231551
-1790.123457 -1913.580247  -0.00009346985541451583
-1790.123457 -1790.123457  -0.00009343618738276346
-1790.123457 -1666.666667  -0.00009371586709417889
-1790.123457 -1543.209877  -0.00009431488189524796
-1790.123457 -1419.753086  -0.00009493064924253713
-1790.123457 -1296.296296  -0.00009449750026825286
-1790.123457 -1172.839506  -0.00009612636722710783
-1790.123457 -1049.382716  -0.00009617899573399347
-1790.123457  -925.925926  -0.00009770169953790809
-1790.123457  -802.469136  -0.00009880921627223446
-1790.123457  -679.012346  -0.00010013671896370899
-1790.123457  -555.555556  -0.00010132286035787239
-1790.123457  -432.098765  -0.00010260806736566790
-1790.123457  -308.641975  -0.00010368192727978698
-1790.123457  -185.185185  -0.00010423809338768440
-1790.123457   -61.728395  -0.00010486283253498496
-1790.123457    61.728395  -0.00010486283253499018
-1790.123457   185.185185  -0.00010423809338769122
-1790.123457   308.641975  -0.00010368192727979402
-1790.123457   432.098765  -0.00010260806736567760
-1790.123457   555.555556  -0.00010132286035787399
-1790.123457   679.012346  -0.00010013671896372413
-1790.123457   802.469136  -0.00009880921627224238
-1790.123457   925.925926  -0.00009770169953791657
-1790.123457  1049.382716  -0.00009617899573400503
-1790.123457  1172.839506  -0.00009612636722711510
-1790.123457  1296.296296  -0.00009449750026826694
-1790.123457  1419.753086  -0.00009493064924255136
-1790.123457  1543.209877  -0.00009431488189526274
-1790.123457  1666.666667  -0.00009371586709419349
-1790.123457  1790.123457  -0.00009343618738277456
-1790.123457  1913.580247  -0.00009346985541453647
-1790.123457  2037.037037  -0.00009303979570234698
-1790.123457  2160.493827  -0.00009289739283397055
-1790.123457  2283.950617  -0.00009217980439819962
-1790.123457  2407.407407  -0.00009335799292564166
-1790.123457  2530.864198  -0.00009188808510162449
-1790.123457  2654.320988  -0.00009278747961106129
-1790.123457  2777.777778  -0.00009279524580391347
-1790.123457  2901.234568  -0.00009258231636990406
-1790.123457  3024.691358  -0.00009277750356648409
-1790.123457  3148.148148  -0.00009297059891377969
-1790.123457  3271.604938  -0.00009263723091472663
-1790.123457  3395.061728  -0.00009257014360764394
-1790.123457  3518.518519  -0.00009196560088802261
-1790.123457  3641.975309  -0.00009259538367993570
-1790.123457  3765.432099  -0.00009176001440198385
-1790.123457  3888.888889  -0.00009305172006450230
-1790.123457  4012.345679  -0.00009251741428414858
-1790.123457  4135.802469  -0.00009225538500823240
-1790.123457  4259.259259  -0.00009369188171527952
-1790.123457  4382.716049  -0.00009172566654916259
-1790.123457  4506.172840  -0.00008880902352828686
-1790.123457  4629.629630  -0.00009454783417853379
-1790.123457  4753.086420  -0.00009011649333117420
-1790.123457  4876.543210  -0.00009879512304736359

-1666.666667 -5000.000000  -0.00001865014366864826
-1666.666667 -4876.543210  -0.00010411589682691789
-1666.666667 -4753.086420  -0.00009543605596529594
-1666.666667 -4629.629630  -0.00010004606394303644
-1666.666667 -4506.172840  -0.00009399379483256151
-1666.666667 -4382.716049  -0.00009695526427041136
-1666.666667 -4259.259259  -0.00009894543903091822
-1666.666667 -4135.802469  -0.00009742377768855221
-1666.666667 -4012.345679  -0.00009773999205587893
-1666.666667 -3888.888889  -0.00009837733758883975
-1666.666667 -3765.432099  -0.00009709316003281492
-1666.666667 -3641.975309  -0.00009799349933994718
-1666.666667 -3518.518519  -0.00009736977093697235
-1666.666667 -3395.061728  -0.00009798516814267782
-1666.666667 -3271.604938  -0.00009796427811687667
-1666.666667 -3148.148148  -0.00009828109166000729
-1666.666667 -3024.691358  -0.00009813482612693954
-1666.666667 -2901.234568  -0.00009804497090937849
-1666.666667 -2777.777778  -0.00009829310660843706
-1666.666667 -2654.320988  -0.00009824673994014402
-1666.666667 -2530.864198  -0.00009747522728288622
-1666.666667 -2407.407407  -0.00009909500666122418
-1666.666667 -2283.950617  -0.00009804589586422117
-1666.666667 -2160.493827  -0.00009869408745782261
-1666.666667 -2037.037037  -0.00009893468897124498
-1666.666667 -1913.580247  -0.00009946566521012526
-1666.666667 -1790.123457  -0.00009955419075562732
-1666.666667 -1666.666667  -0.00009991915909924728
-1666.666667 -1543.209877  -0.00010064990480979151
-1666.666667 -1419.753086  -0.00010153388329313840
-1666.666667 -1296.296296  -0.00010129349422420555
-1666.666667 -1172.839506  -0.00010353230755925486
-1666.666667 -1049.382716  -0.00010394748462003216
-1666.666667  -925.925926  -0.00010611504543355919
-1666.666667  -802.469136  -0.00010797548410268094
-1666.666667  -679.012346  -0.00011027781342808899
-1666.666667  -555.555556  -0.00011256353739323946
-1666.666667  -432.098765  -0.00011502439148794466
-1666.666667  -308.641975  -0.00011717142807278449
-1666.666667  -185.185185  -0.00011851171218233487
-1666.666667   -61.728395  -0.00011961510003473240
-1666.666667    61.728395  -0.00011961510003474371
-1666.666667   185.185185  -0.00011851171218234537
-1666.666667   308.641975  -0.00011717142807279551
-1666.666667   432.098765  -0.00011502439148795851
-1666.666667   555.555556  -0.00011256353739324361
-1666.666667   679.012346  -0.00011027781342810718
-1666.666667   802.469136  -0.00010797548410269182
-1666.666667   925.925926  -0.00010611504543356958
-1666.666667  1049.382716  -0.00010394748462004730
-1666.666667  1172.839506  -0.00010353230755926484
-1666.666667  1296.296296  -0.00010129349422422090
-1666.666667  1419.753086  -0.00010153388329315634
-1666.666667  1543.209877  -0.00010064990480980777
-1666.666667  1666.666667  -0.00009991915909926481
-1666.666667  1790.123457  -0.00009955419075564141
-1666.666667  1913.580247  -0.00009946566521015029
-1666.666667  2037.037037  -0.00009893468897127822
-1666.666667  2160.493827  -0.00009869408745785471
-1666.666667  2283.950617  -0.00009804589586425294
-1666.666667  2407.407407  -0.00009909500666123047
-1666.666667  2530.864198  -0.00009747522728294427
-1666.666667  2654.320988  -0.00009824673994018815
-1666.666667  2777.777778  -0.00009829310660848344
-1666.666667  2901.234568  -0.00009804497090942734
-1666.666667  3024.691358  -0.00009813482612698093
-1666.666667  3148.148148  -0.00009828109166005481
-1666.666667  3271.604938  -0.00009796427811692940
-1666.666667  3395.061728  -0.00009798516814273787
-1666.666667  3518.518519  -0.00009736977093703593
-1666.666667  3641.975309  -0.00009799349934000542
-1666.666667  3765.432099  -0.00009709316003287481
-1666.666667  3888.888889  -0.00009837733758889839
-1666.666667  4012.345679  -0.00009773999205593129
-1666.666667  4135.802469  -0.00009742377768860445
-1666.666667  4259.259259  -0.00009894543903096804
-1666.666667  4382.716049  -0.00009695526427046649
-1666.666667  4506.172840  -0.00009399379483262845
-1666.666667  4629.629630  -0.00010004606394310236
-1666.666667  4753.086420  -0.00009543605596536143
-1666.666667  4876.543210  -0.00010411589682694646

-1543.209877 -5000.000000  -0.00001939937311789838
-1543.209877 -4876.543210  -0.00010925586052013878
-1543.209877 -4753.086420  -0.00010054774207956187
-1543.209877 -4629.629630  -0.00010536156551473977
-1543.209877 -4506.172840  -0.00009899112136700540
-1543.209877 -4382.716049  -0.00010199152083159430
-1543.209877 -4259.259259  -0.00010401024238080715
-1543.209877 -4135.802469  -0.00010241576923178516
-1543.209877 -4012.345679  -0.00010278708508226589
-1543.209877 -3888.888889  -0.00010350884847423374
-1543.209877 -3765.432099  -0.00010224089125618585
-1543.209877 -3641.975309  -0.00010321030797078896
-1543.209877 -3518.518519  -0.00010259082841884624
-1543.209877 -3395.061728  -0.00010321921411740484
-1543.209877 -3271.604938  -0.00010311965446268182
-1543.209877 -3148.148148  -0.00010342415339713227
-1543.209877 -3024.691358  -0.00010332192048422340
-1543.209877 -2901.234568  -0.00010332916613914525
-1543.209877 -2777.777778  -0.00010361652453552284
-1543.209877 -2654.320988  -0.00010354167686747719
-1543.209877 -2530.864198  -0.00010289439144245715
-1543.209877 -2407.407407  -0.00010475910452605291
-1543.209877 -2283.950617  -0.00010383331738335642
-1543.209877 -2160.493827  -0.00010443850896540036
-1543.209877 -2037.037037  -0.00010477591845886936
-1543.209877 -1913.580247  -0.00010541579841658250
-1543.209877 -1790.123457  -0.00010563111200590504
-1543.209877 -1666.666667  -0.00010610119500105956
-1543.209877 -1543.209877  -0.00010699906604630219
-1543.209877 -1419.753086  -0.00010818302033943026
-1543.209877 -1296.296296  -0.00010819005382075495
-1543.209877 -1172.839506  -0.00011077514544395279
-1543.209877 -1049.382716  -0.00011169320597928802
-1543.209877  -925.925926  -0.00011468305807198773
-1543.209877  -802.469136  -0.00011760986390373816
-1543.209877  -679.012346  -0.00012133005543132936
-1543.209877  -555.555556  -0.00012535215241386505
-1543.209877  -432.098765  -0.00012975709625142118
-1543.209877  -308.641975  -0.00013375412592335468
-1543.209877  -185.185185  -0.00013650066178996290
-1543.209877   -61.728395  -0.00013843058843466486
-1543.209877    61.728395  -0.00013843058843468310
-1543.209877   185.185185  -0.00013650066178998095
-1543.209877   308.641975  -0.00013375412592337417
-1543.209877   432.098765  -0.00012975709625144406
-1543.209877   555.555556  -0.00012535215241387375
-1543.209877   679.012346  -0.00012133005543135465
-1543.209877   802.469136  -0.00011760986390375273
-1543.209877   925.925926  -0.00011468305807200226
-1543.209877  1049.382716  -0.00011169320597930725
-1543.209877  1172.839506  -0.00011077514544396648
-1543.209877  1296.296296  -0.00010819005382077397
-1543.209877  1419.753086  -0.00010818302033945033
-1543.209877  1543.209877  -0.00010699906604632177
-1543.209877  1666.666667  -0.00010610119500108008
-1543.209877  1790.123457  -0.00010563111200592177
-1543.209877  1913.580247  -0.00010541579841661241
-1543.209877  2037.037037  -0.00010477591845890748
-1543.209877  2160.493827  -0.00010443850896543861
-1543.209877  2283.950617  -0.00010383331738339187
-1543.209877  2407.407407  -0.00010475910452606538
-1543.209877  2530.864198  -0.00010289439144251293
-1543.209877  2654.320988  -0.00010354167686751777
-1543.209877  2777.777778  -0.00010361652453556322
-1543.209877  2901.234568  -0.00010332916613918956
-1543.209877  3024.691358  -0.00010332192048426128
-1543.209877  3148.148148  -0.00010342415339717801
-1543.209877  3271.604938  -0.00010311965446273341
-1543.209877  3395.061728  -0.00010321921411746260
-1543.209877  3518.518519  -0.00010259082841890790
-1543.209877  3641.975309  -0.00010321030797084492
-1543.209877  3765.432099  -0.00010224089125624418
-1543.209877  3888.888889  -0.00010350884847428905
-1543.209877  4012.345679  -0.00010278708508231435
-1543.209877  4135.802469  -0.00010241576923183231
-1543.209877  4259.259259  -0.00010401024238085129
-1543.209877  4382.716049  -0.00010199152083164571
-1543.209877  4506.172840  -0.00009899112136706672
-1543.209877  4629.629630  -0.00010536156551479987
-1543.209877  4753.086420  -0.00010054774207962287
-1543.209877  4876.543210  -0.00010925586052016485

-1419.753086 -5000.000000  -0.00001964893155329564
-1419.753086 -4876.543210  -0.00011120250977545642
-1419.753086 -4753.086420  -0.00010262444302750075
-1419.753086 -4629.629630  -0.00010753498117512839
-1419.753086 -4506.172840  -0.00010102087611052604
-1419.753086 -4382.716049  -0.00010398437906912330
-1419.753086 -4259.259259  -0.00010599000596043995
-1419.753086 -4135.802469  -0.00010438282260405312
-1419.753086 -4012.345679  -0.00010479094869427341
-1419.753086 -3888.888889  -0.00010555500569456318
-1419.753086 -3765.432099  -0.00010430281301875863
-1419.753086 -3641.975309  -0.00010519864756736112
-1419.753086 -3518.518519  -0.00010461052088703353
-1419.753086 -3395.061728  -0.00010523144119410573
-1419.753086 -3271.604938  -0.00010507691327571758
-1419.753086 -3148.148148  -0.00010535831668645944
-1419.753086 -3024.691358  -0.00010530114304999272
-1419.753086 -2901.234568  -0.00010540058527893579
-1419.753086 -2777.777778  -0.00010570678591218281
-1419.753086 -2654.320988  -0.00010560549873982013
-1419.753086 -2530.864198  -0.00010506433383823459
-1419.753086 -2407.407407  -0.00010660212710359000
-1419.753086 -2283.950617  -0.00010583752435510519
-1419.753086 -2160.493827  -0.00010639765374845991
-1419.753086 -2037.037037  -0.00010684311174578838
-1419.753086 -1913.580247  -0.00010755722391231606
-1419.753086 -1790.123457  -0.00010792191224501820
-1419.753086 -1666.666667  -0.00010852471034504763
-1419.753086 -1543.209877  -0.00010959713341372359
-1419.753086 -1419.753086  -0.00011104365672908027
-1419.753086 -1296.296296  -0.00011140268894870364
-1419.753086 -1172.839506  -0.00011393637529348881
-1419.753086 -1049.382716  -0.00011557813316809848
-1419.753086  -925.925926  -0.00011951548218451731
-1419.753086  -802.469136  -0.00012384327181148573
-1419.753086  -679.012346  -0.00012946971211342268
-1419.753086  -555.555556  -0.00013601111805995470
-1419.753086  -432.098765  -0.00014335899902222715
-1419.753086  -308.641975  -0.00015029390778505296
-1419.753086  -185.185185  -0.00015540874986615729
-1419.753086   -61.728395  -0.00015874437194471453
-1419.753086    61.728395  -0.00015874437194473903
-1419.753086   185.185185  -0.00015540874986618537
-1419.753086   308.641975  -0.00015029390778508378
-1419.753086   432.098765  -0.00014335899902226067
-1419.753086   555.555556  -0.00013601111805996882
-1419.753086   679.012346  -0.00012946971211344978
-1419.753086   802.469136  -0.00012384327181149860
-1419.753086   925.925926  -0.00011951548218452825
-1419.753086  1049.382716  -0.00011557813316811302
-1419.753086  1172.839506  -0.00011393637529349625
-1419.753086  1296.296296  -0.00011140268894872160
-1419.753086  1419.753086  -0.00011104365672909866
-1419.753086  1543.209877  -0.00010959713341374080
-1419.753086  1666.666667  -0.00010852471034506582
-1419.753086  1790.123457  -0.00010792191224503147
-1419.753086  1913.580247  -0.00010755722391234483
-1419.753086  2037.037037  -0.00010684311174582221
-1419.753086  2160.493827  -0.00010639765374849501
-1419.753086  2283.950617  -0.00010583752435513712
-1419.753086  2407.407407  -0.00010660212710359828
-1419.753086  2530.864198  -0.00010506433383829190
-1419.753086  2654.320988  -0.00010560549873986176
-1419.753086  2777.777778  -0.00010570678591222578
-1419.753086  2901.234568  -0.00010540058527898352
-1419.753086  3024.691358  -0.00010530114305003209
-1419.753086  3148.148148  -0.00010535831668650592
-1419.753086  3271.604938  -0.00010507691327577051
-1419.753086  3395.061728  -0.00010523144119416468
-1419.753086  3518.518519  -0.00010461052088709721
-1419.753086  3641.975309  -0.00010519864756741899
-1419.753086  3765.432099  -0.00010430281301881710
-1419.753086  3888.888889  -0.00010555500569461991
-1419.753086  4012.345679  -0.00010479094869432388
-1419.753086  4135.802469  -0.00010438282260410172
-1419.753086  4259.259259  -0.00010599000596048556
-1419.753086  4382.716049  -0.00010398437906917610
-1419.753086  4506.172840  -0.00010102087611058963
-1419.753086  4629.629630  -0.00010753498117519025
-1419.753086  4753.086420  -0.00010262444302756231
-1419.753086  4876.543210  -0.00011120250977548296

-1296.296296 -5000.000000  -0.00002008999927414226
-1296.296296 -4876.543210  -0.00011427851715456214
-1296.296296 -4753.086420  -0.00010574309406994970
-1296.296296 -4629.629630  -0.00011079331645757824
-1296.296296 -4506.172840  -0.00010407282684883668
-1296.296296 -4382.716049  -0.00010703419511416059
-1296.296296 -4259.259259  -0.00010904702340659697
-1296.296296 -4135.802469  -0.00010740470324748908
-1296.296296 -4012.345679  -0.00010785595301874271
-1296.296296 -3888.888889  -0.00010867077179982780
-1296.296296 -3765.432099  -0.00010744808295467209
-1296.296296 -3641.975309  -0.00010837616564798267
-1296.296296 -3518.518519  -0.00010780243323306831
-1296.296296 -3395.061728  -0.00010842926040001970
-1296.296296 -3271.604938  -0.00010821547552965325
-1296.296296 -3148.148148  -0.00010848521255499006
-1296.296296 -3024.691358  -0.00010846989783687899
-1296.296296 -2901.234568  -0.00010865594859838106
-1296.296296 -2777.777778  -0.00010899183556935672
-1296.296296 -2654.320988  -0.00010887028724439189
-1296.296296 -2530.864198  -0.00010844021779353912
-1296.296296 -2407.407407  -0.00011000000689765079
-1296.296296 -2283.950617  -0.00010936396977129333
-1296.296296 -2160.493827  -0.00010989020463664513
-1296.296296 -2037.037037  -0.00011044570503145957
-1296.296296 -1913.580247  -0.00011127160171889315
-1296.296296 -1790.123457  -0.00011178158223457824
-1296.296296 -1666.666667  -0.00011252098783142450
-1296.296296 -1543.209877  -0.00011378350547490469
-1296.296296 -1419.753086  -0.00011559926883087357
-1296.296296 -1296.296296  -0.00011629231967462068
-1296.296296 -1172.839506  -0.00012068145123380497
-1296.296296 -1049.382716  -0.00012297850886186398
-1296.296296  -925.925926  -0.00012821104074540660
-1296.296296  -802.469136  -0.00013422182648139248
-1296.296296  -679.012346  -0.00014239164503559174
-1296.296296  -555.555556  -0.00015226606105279893
-1296.296296  -432.098765  -0.00016373385868842329
-1296.296296  -308.641975  -0.00017500038266807810
-1296.296296  -185.185185  -0.00018373796683425226
-1296.296296   -61.728395  -0.00018920458583592513
-1296.296296    61.728395  -0.00018920458583596597
-1296.296296   185.185185  -0.00018373796683430110
-1296.296296   308.641975  -0.00017500038266813050
-1296.296296   432.098765  -0.00016373385868847476
-1296.296296   555.555556  -0.00015226606105282598
-1296.296296   679.012346  -0.00014239164503562679
-1296.296296   802.469136  -0.00013422182648141034
-1296.296296   925.925926  -0.00012821104074541991
-1296.296296  1049.382716  -0.00012297850886187894
-1296.296296  1172.839506  -0.00012068145123381325
-1296.296296  1296.296296  -0.00011629231967463789
-1296.296296  1419.753086  -0.00011559926883089148
-1296.296296  1543.209877  -0.00011378350547492197
-1296.296296  1666.666667  -0.00011252098783144246
-1296.296296  1790.123457  -0.00011178158223459329
-1296.296296  1913.580247  -0.00011127160171892050
-1296.296296  2037.037037  -0.00011044570503149464
-1296.296296  2160.493827  -0.00010989020463667987
-1296.296296  2283.950617  -0.00010936396977132516
-1296.296296  2407.407407  -0.00011000000689765858
-1296.296296  2530.864198  -0.00010844021779359341
-1296.296296  2654.320988  -0.00010887028724443088
-1296.296296  2777.777778  -0.00010899183556939686
-1296.296296  2901.234568  -0.00010865594859842509
-1296.296296  3024.691358  -0.00010846989783691432
-1296.296296  3148.148148  -0.00010848521255503365
-1296.296296  3271.604938  -0.00010821547552970217
-1296.296296  3395.061728  -0.00010842926040007581
-1296.296296  3518.518519  -0.00010780243323312926
-1296.296296  3641.975309  -0.00010837616564803638
-1296.296296  3765.432099  -0.00010744808295472754
-1296.296296  3888.888889  -0.00010867077179988229
-1296.296296  4012.345679  -0.00010785595301879014
-1296.296296  4135.802469  -0.00010740470324753619
-1296.296296  4259.259259  -0.00010904702340664148
-1296.296296  4382.716049  -0.00010703419511421242
-1296.296296  4506.172840  -0.00010407282684889879
-1296.296296  4629.629630  -0.00011079331645763899
-1296.296296  4753.086420  -0.00010574309407000913
-1296.296296  4876.543210  -0.00011427851715458681

-1172.839506 -5000.000000  -0.00002057889646104663
-1172.839506 -4876.543210  -0.00011763411346549478
-1172.839506 -4753.086420  -0.00010911781261960209
-1172.839506 -4629.629630  -0.00011427626176783667
-1172.839506 -4506.172840  -0.00010735976390126778
-1172.839506 -4382.716049  -0.00011033903945620904
-1172.839506 -4259.259259  -0.00011236381923425243
-1172.839506 -4135.802469  -0.00011067171395419433
-1172.839506 -4012.345679  -0.00011115773460267098
-1172.839506 -3888.888889  -0.00011204161359420913
-1172.839506 -3765.432099  -0.00011081788266713599
-1172.839506 -3641.975309  -0.00011174738103794820
-1172.839506 -3518.518519  -0.00011118663466817476
-1172.839506 -3395.061728  -0.00011182094958399795
-1172.839506 -3271.604938  -0.00011155230267868422
-1172.839506 -3148.148148  -0.00011181482438070909
-1172.839506 -3024.691358  -0.00011184030389648569
-1172.839506 -2901.234568  -0.00011210278253454794
-1172.839506 -2777.777778  -0.00011247364531563984
-1172.839506 -2654.320988  -0.00011233826637429769
-1172.839506 -2530.864198  -0.00011204760911144511
-1172.839506 -2407.407407  -0.00011352297644156979
-1172.839506 -2283.950617  -0.00011316590718433630
-1172.839506 -2160.493827  -0.00011374631191546616
-1172.839506 -2037.037037  -0.00011421638816695017
-1172.839506 -1913.580247  -0.00011508403888001451
-1172.839506 -1790.123457  -0.00011589793979078537
-1172.839506 -1666.666667  -0.00011695833211770088
-1172.839506 -1543.209877  -0.00011829263742427599
-1172.839506 -1419.753086  -0.00011991949203275025
-1172.839506 -1296.296296  -0.00012221008295025814
-1172.839506 -1172.839506  -0.00012454373926030132
-1172.839506 -1049.382716  -0.00012881938117393247
-1172.839506  -925.925926  -0.00013447778173592296
-1172.839506  -802.469136  -0.00014241070151599074
-1172.839506  -679.012346  -0.00015314832861546725
-1172.839506  -555.555556  -0.00016701387003831449
-1172.839506  -432.098765  -0.00018306139928376435
-1172.839506  -308.641975  -0.00019917345846948752
-1172.839506  -185.185185  -0.00021262118606817787
-1172.839506   -61.728395  -0.00022094052700551180
-1172.839506    61.728395  -0.00022094052700556534
-1172.839506   185.185185  -0.00021262118606826705
-1172.839506   308.641975  -0.00019917345846957806
-1172.839506   432.098765  -0.00018306139928384114
-1172.839506   555.555556  -0.00016701387003837211
-1172.839506   679.012346  -0.00015314832861551520
-1172.839506   802.469136  -0.00014241070151601540
-1172.839506   925.925926  -0.00013447778173594213
-1172.839506  1049.382716  -0.00012881938117395052
-1172.839506  1172.839506  -0.00012454373926031214
-1172.839506  1296.296296  -0.00012221008295027763
-1172.839506  1419.753086  -0.00011991949203277012
-1172.839506  1543.209877  -0.00011829263742429237
-1172.839506  1666.666667  -0.00011695833211771889
-1172.839506  1790.123457  -0.00011589793979079911
-1172.839506  1913.580247  -0.00011508403888004355
-1172.839506  2037.037037  -0.00011421638816699055
-1172.839506  2160.493827  -0.00011374631191550493
-1172.839506  2283.950617  -0.00011316590718437240
-1172.839506  2407.407407  -0.00011352297644158328
-1172.839506  2530.864198  -0.00011204760911150041
-1172.839506  2654.320988  -0.00011233826637433770
-1172.839506  2777.777778  -0.00011247364531567831
-1172.839506  2901.234568  -0.00011210278253458892
-1172.839506  3024.691358  -0.00011184030389651864
-1172.839506  3148.148148  -0.00011181482438074686
-1172.839506  3271.604938  -0.00011155230267872867
-1172.839506  3395.061728  -0.00011182094958404769
-1172.839506  3518.518519  -0.00011118663466822958
-1172.839506  3641.975309  -0.00011174738103799502
-1172.839506  3765.432099  -0.00011081788266718917
-1172.839506  3888.888889  -0.00011204161359426304
-1172.839506  4012.345679  -0.00011115773460271769
-1172.839506  4135.802469  -0.00011067171395424060
-1172.839506  4259.259259  -0.00011236381923429495
-1172.839506  4382.716049  -0.00011033903945625902
-1172.839506  4506.172840  -0.00010735976390132996
-1172.839506  4629.629630  -0.00011427626176789671
-1172.839506  4753.086420  -0.00010911781261966178
-1172.839506  4876.543210  -0.00011763411346552100

-1049.382716 -5000.000000  -0.00002097785409800809
-1049.382716 -4876.543210  -0.00012048165073269421
-1049.382716 -4753.086420  -0.00011198566214678958
-1049.382716 -4629.629630  -0.00011725726575673627
-1049.382716 -4506.172840  -0.00011016018296330552
-1049.382716 -4382.716049  -0.00011314938016757217
-1049.382716 -4259.259259  -0.00011518346381657327
-1049.382716 -4135.802469  -0.00011345267550673919
-1049.382716 -4012.345679  -0.00011397421017722315
-1049.382716 -3888.888889  -0.00011490989568495045
-1049.382716 -3765.432099  -0.00011370445360013080
-1049.382716 -3641.975309  -0.00011467408052613399
-1049.382716 -3518.518519  -0.00011412228064950953
-1049.382716 -3395.061728  -0.00011476471390548195
-1049.382716 -3271.604938  -0.00011444848654727171
-1049.382716 -3148.148148  -0.00011470420559100554
-1049.382716 -3024.691358  -0.00011476472893686962
-1049.382716 -2901.234568  -0.00011510183932613471
-1049.382716 -2777.777778  -0.00011550466276318039
-1049.382716 -2654.320988  -0.00011536097248100204
-1049.382716 -2530.864198  -0.00011515340894061394
-1049.382716 -2407.407407  -0.00011666570443723616
-1049.382716 -2283.950617  -0.00011641271402169660
-1049.382716 -2160.493827  -0.00011697061352382736
-1049.382716 -2037.037037  -0.00011756071882587924
-1049.382716 -1913.580247  -0.00011855170179768257
-1049.382716 -1790.123457  -0.00011951108401639359
-1049.382716 -1666.666667  -0.00012071610265009373
-1049.382716 -1543.209877  -0.00012226843433738041
-1049.382716 -1419.753086  -0.00012430300778311346
-1049.382716 -1296.296296  -0.00012691484431285468
-1049.382716 -1172.839506  -0.00013102225789457834
-1049.382716 -1049.382716  -0.00013602936927289966
-1049.382716  -925.925926  -0.00014315100405067548
-1049.382716  -802.469136  -0.00015299690397360178
-1049.382716  -679.012346  -0.00016667039733016646
-1049.382716  -555.555556  -0.00018457000299365776
-1049.382716  -432.098765  -0.00020588091798749543
-1049.382716  -308.641975  -0.00022789084970069163
-1049.382716  -185.185185  -0.00024663977918034161
-1049.382716   -61.728395  -0.00025807616416420798
-1049.382716    61.728395  -0.00025807616416427727
-1049.382716   185.185185  -0.00024663977918047220
-1049.382716   308.641975  -0.00022789084970081981
-1049.382716   432.098765  -0.00020588091798759826
-1049.382716   555.555556  -0.00018457000299373528
-1049.382716   679.012346  -0.00016667039733022463
-1049.382716   802.469136  -0.00015299690397362908
-1049.382716   925.925926  -0.00014315100405069457
-1049.382716  1049.382716  -0.00013602936927291910
-1049.382716  1172.839506  -0.00013102225789458921
-1049.382716  1296.296296  -0.00012691484431287227
-1049.382716  1419.753086  -0.00012430300778312970
-1049.382716  1543.209877  -0.00012226843433739556
-1049.382716  1666.666667  -0.00012071610265010944
-1049.382716  1790.123457  -0.00011951108401640496
-1049.382716  1913.580247  -0.00011855170179771140
-1049.382716  2037.037037  -0.00011756071882591450
-1049.382716  2160.493827  -0.00011697061352386134
-1049.382716  2283.950617  -0.00011641271402173040
-1049.382716  2407.407407  -0.00011666570443724579
-1049.382716  2530.864198  -0.00011515340894066715
-1049.382716  2654.320988  -0.00011536097248104065
-1049.382716  2777.777778  -0.00011550466276321947
-1049.382716  2901.234568  -0.00011510183932617510
-1049.382716  3024.691358  -0.00011476472893690159
-1049.382716  3148.148148  -0.00011470420559104277
-1049.382716  3271.604938  -0.00011444848654731557
-1049.382716  3395.061728  -0.00011476471390553059
-1049.382716  3518.518519  -0.00011412228064956168
-1049.382716  3641.975309  -0.00011467408052618016
-1049.382716  3765.432099  -0.00011370445360018138
-1049.382716  3888.888889  -0.00011490989568500194
-1049.382716  4012.345679  -0.00011397421017726770
-1049.382716  4135.802469  -0.00011345267550678466
-1049.382716  4259.259259  -0.00011518346381661510
-1049.382716  4382.716049  -0.00011314938016761979
-1049.382716  4506.172840  -0.00011016018296336531
-1049.382716  4629.629630  -0.00011725726575679219
-1049.382716  4753.086420  -0.00011198566214684757
-1049.382716  4876.543210  -0.00012048165073271804

 -925.925926 -5000.000000  -0.00002131901550247687
 -925.925926 -4876.543210  -0.00012289155894091769
 -925.925926 -4753.086420  -0.00011441871537662048
 -925.925926 -4629.629630  -0.00011978736394664318
 -925.925926 -4506.172840  -0.00011253711647847642
 -925.925926 -4382.716049  -0.00011553143201609263
 -925.925926 -4259.259259  -0.00011757224055630573
 -925.925926 -4135.802469  -0.00011581086818244440
 -925.925926 -4012.345679  -0.00011636164377612332
 -925.925926 -3888.888889  -0.00011734240478890821
 -925.925926 -3765.432099  -0.00011614178478478971
 -925.925926 -3641.975309  -0.00011710733853930710
 -925.925926 -3518.518519  -0.00011656706764804263
 -925.925926 -3395.061728  -0.00011721433037232789
 -925.925926 -3271.604938  -0.00011686083191282823
 -925.925926 -3148.148148  -0.00011710857939052710
 -925.925926 -3024.691358  -0.00011719957910008225
 -925.925926 -2901.234568  -0.00011760223274169482
 -925.925926 -2777.777778  -0.00011803503497879573
 -925.925926 -2654.320988  -0.00011788987563993930
 -925.925926 -2530.864198  -0.00011775188938339735
 -925.925926 -2407.407407  -0.00011917644946266718
 -925.925926 -2283.950617  -0.00011904110721198216
 -925.925926 -2160.493827  -0.00011959434806900780
 -925.925926 -2037.037037  -0.00012027402799002198
 -925.925926 -1913.580247  -0.00012136417508434188
 -925.925926 -1790.123457  -0.00012248669694946965
 -925.925926 -1666.666667  -0.00012385754475336259
 -925.925926 -1543.209877  -0.00012561123028405349
 -925.925926 -1419.753086  -0.00012791586917187389
 -925.925926 -1296.296296  -0.00013100983833231095
 -925.925926 -1172.839506  -0.00013489078153717824
 -925.925926 -1049.382716  -0.00014082973971402745
 -925.925926  -925.925926  -0.00014906146634480614
 -925.925926  -802.469136  -0.00016068223361961559
 -925.925926  -679.012346  -0.00017690119945932038
 -925.925926  -555.555556  -0.00019850037620376944
 -925.925926  -432.098765  -0.00022460947172594424
 -925.925926  -308.641975  -0.00025206772112081505
 -925.925926  -185.185185  -0.00027585198040833001
 -925.925926   -61.728395  -0.00029022197203695181
 -925.925926    61.728395  -0.00029022197203704364
 -925.925926   185.185185  -0.00027585198040850511
 -925.925926   308.641975  -0.00025206772112098858
 -925.925926   432.098765  -0.00022460947172607849
 -925.925926   555.555556  -0.00019850037620386220
 -925.925926   679.012346  -0.00017690119945938703
 -925.925926   802.469136  -0.00016068223361964624
 -925.925926   925.925926  -0.00014906146634482677
 -925.925926  1049.382716  -0.00014082973971404740
 -925.925926  1172.839506  -0.00013489078153718748
 -925.925926  1296.296296  -0.00013100983833232548
 -925.925926  1419.753086  -0.00012791586917188972
 -925.925926  1543.209877  -0.00012561123028406485
 -925.925926  1666.666667  -0.00012385754475337420
 -925.925926  1790.123457  -0.00012248669694947713
 -925.925926  1913.580247  -0.00012136417508436623
 -925.925926  2037.037037  -0.00012027402799005416
 -925.925926  2160.493827  -0.00011959434806903946
 -925.925926  2283.950617  -0.00011904110721201097
 -925.925926  2407.407407  -0.00011917644946267594
 -925.925926  2530.864198  -0.00011775188938344625
 -925.925926  2654.320988  -0.00011788987563997650
 -925.925926  2777.777778  -0.00011803503497883239
 -925.925926  2901.234568  -0.00011760223274173476
 -925.925926  3024.691358  -0.00011719957910011160
 -925.925926  3148.148148  -0.00011710857939056174
 -925.925926  3271.604938  -0.00011686083191287067
 -925.925926  3395.061728  -0.00011721433037237581
 -925.925926  3518.518519  -0.00011656706764809279
 -925.925926  3641.975309  -0.00011710733853934996
 -925.925926  3765.432099  -0.00011614178478483885
 -925.925926  3888.888889  -0.00011734240478895857
 -925.925926  4012.345679  -0.00011636164377616612
 -925.925926  4135.802469  -0.00011581086818248642
 -925.925926  4259.259259  -0.00011757224055634500
 -925.925926  4382.716049  -0.00011553143201613749
 -925.925926  4506.172840  -0.00011253711647853406
 -925.925926  4629.629630  -0.00011978736394669785
 -925.925926  4753.086420  -0.00011441871537667781
 -925.925926  4876.543210  -0.00012289155894094125

 -802.469136 -5000.000000  -0.00002164182341936245
 -802.469136 -4876.543210  -0.00012517967581341852
 -802.469136 -4753.086420  -0.00011671819740911216
 -802.469136 -4629.629630  -0.00012217641771555680
 -802.469136 -4506.172840  -0.00011478271137830014
 -802.469136 -4382.716049  -0.00011778687048713532
 -802.469136 -4259.259259  -0.00011983595274264902
 -802.469136 -4135.802469  -0.00011804330394734683
 -802.469136 -4012.345679  -0.00011862135445764890
 -802.469136 -3888.888889  -0.00011964431742370656
 -802.469136 -3765.432099  -0.00011845367374323099
 -802.469136 -3641.975309  -0.00011943554076339910
 -802.469136 -3518.518519  -0.00011890614576824710
 -802.469136 -3395.061728  -0.00011956046117056502
 -802.469136 -3271.604938  -0.00011916952615808442
 -802.469136 -3148.148148  -0.00011941167719327297
 -802.469136 -3024.691358  -0.00011953289032317016
 -802.469136 -2901.234568  -0.00011999757506676304
 -802.469136 -2777.777778  -0.00012045521815037903
 -802.469136 -2654.320988  -0.00012030486600699595
 -802.469136 -2530.864198  -0.00012025251324553320
 -802.469136 -2407.407407  -0.00012161739853580398
 -802.469136 -2283.950617  -0.00012157041221114196
 -802.469136 -2160.493827  -0.00012212320509472844
 -802.469136 -2037.037037  -0.00012290461227329875
 -802.469136 -1913.580247  -0.00012409729938923889
 -802.469136 -1790.123457  -0.00012535952399872770
 -802.469136 -1666.666667  -0.00012687707819961322
 -802.469136 -1543.209877  -0.00012883315851571270
 -802.469136 -1419.753086  -0.00013145607957664858
 -802.469136 -1296.296296  -0.00013489687305489614
 -802.469136 -1172.839506  -0.00013949336578733445
 -802.469136 -1049.382716  -0.00014616688189694711
 -802.469136  -925.925926  -0.00015556523058165124
 -802.469136  -802.469136  -0.00016880316943620227
 -802.469136  -679.012346  -0.00018739782741436189
 -802.469136  -555.555556  -0.00021231111122311144
 -802.469136  -432.098765  -0.00024272460732224267
 -802.469136  -308.641975  -0.00027500729099702348
 -802.469136  -185.185185  -0.00030311684630040072
 -802.469136   -61.728395  -0.00032000771771212587
 -802.469136    61.728395  -0.00032000771771224383
 -802.469136   185.185185  -0.00030311684630062401
 -802.469136   308.641975  -0.00027500729099724514
 -802.469136   432.098765  -0.00024272460732241327
 -802.469136   555.555556  -0.00021231111122322087
 -802.469136   679.012346  -0.00018739782741443849
 -802.469136   802.469136  -0.00016880316943623978
 -802.469136   925.925926  -0.00015556523058167426
 -802.469136  1049.382716  -0.00014616688189696904
 -802.469136  1172.839506  -0.00013949336578734434
 -802.469136  1296.296296  -0.00013489687305491248
 -802.469136  1419.753086  -0.00013145607957666634
 -802.469136  1543.209877  -0.00012883315851572422
 -802.469136  1666.666667  -0.00012687707819962504
 -802.469136  1790.123457  -0.00012535952399873635
 -802.469136  1913.580247  -0.00012409729938926098
 -802.469136  2037.037037  -0.00012290461227332784
 -802.469136  2160.493827  -0.00012212320509475549
 -802.469136  2283.950617  -0.00012157041221116840
 -802.469136  2407.407407  -0.00012161739853580846
 -802.469136  2530.864198  -0.00012025251324558331
 -802.469136  2654.320988  -0.00012030486600703334
 -802.469136  2777.777778  -0.00012045521815041631
 -802.469136  2901.234568  -0.00011999757506680289
 -802.469136  3024.691358  -0.00011953289032320028
 -802.469136  3148.148148  -0.00011941167719330718
 -802.469136  3271.604938  -0.00011916952615812571
 -802.469136  3395.061728  -0.00011956046117061239
 -802.469136  3518.518519  -0.00011890614576829792
 -802.469136  3641.975309  -0.00011943554076344182
 -802.469136  3765.432099  -0.00011845367374327966
 -802.469136  3888.888889  -0.00011964431742375710
 -802.469136  4012.345679  -0.00011862135445769090
 -802.469136  4135.802469  -0.00011804330394738811
 -802.469136  4259.259259  -0.00011983595274268631
 -802.469136  4382.716049  -0.00011778687048718068
 -802.469136  4506.172840  -0.00011478271137835614
 -802.469136  4629.629630  -0.00012217641771561155
 -802.469136  4753.086420  -0.00011671819740916969
 -802.469136  4876.543210  -0.00012517967581344164

 -679.012346 -5000.000000  -0.00002189333304108927
 -679.012346 -4876.543210  -0.00012696158787715053
 -679.012346 -4753.086420  -0.00011851933758904470
 -679.012346 -4629.629630  -0.00012404938568284939
 -679.012346 -4506.172840  -0.00011654186685892798
 -679.012346 -4382.716049  -0.00011954929318640886
 -679.012346 -4259.259259  -0.00012160320151150428
 -679.012346 -4135.802469  -0.00011978802624728451
 -679.012346 -4012.345679  -0.00012038879463993369
 -679.012346 -3888.888889  -0.00012144532075368948
 -679.012346 -3765.432099  -0.00012026265552368916
 -679.012346 -3641.975309  -0.00012124894941800464
 -679.012346 -3518.518519  -0.00012072974544046653
 -679.012346 -3395.061728  -0.00012138879250562425
 -679.012346 -3271.604938  -0.00012096826180663152
 -679.012346 -3148.148148  -0.00012120550565670698
 -679.012346 -3024.691358  -0.00012135265307220295
 -679.012346 -2901.234568  -0.00012187030392081803
 -679.012346 -2777.777778  -0.00012235030036533481
 -679.012346 -2654.320988  -0.00012219752314609868
 -679.012346 -2530.864198  -0.00012221067315874192
 -679.012346 -2407.407407  -0.00012348405243205692
 -679.012346 -2283.950617  -0.00012353134163831887
 -679.012346 -2160.493827  -0.00012409011469055362
 -679.012346 -2037.037037  -0.00012494951150457056
 -679.012346 -1913.580247  -0.00012622640972868510
 -679.012346 -1790.123457  -0.00012762357000277880
 -679.012346 -1666.666667  -0.00012928376044889055
 -679.012346 -1543.209877  -0.00013140902112029047
 -679.012346 -1419.753086  -0.00013427254629062597
 -679.012346 -1296.296296  -0.00013810093366853270
 -679.012346 -1172.839506  -0.00014311462992428075
 -679.012346 -1049.382716  -0.00015049023581957028
 -679.012346  -925.925926  -0.00016080592238169688
 -679.012346  -802.469136  -0.00017539669676437940
 -679.012346  -679.012346  -0.00019591275112002777
 -679.012346  -555.555556  -0.00022346842292546643
 -679.012346  -432.098765  -0.00025718113324622215
 -679.012346  -308.641975  -0.00029304950620919287
 -679.012346  -185.185185  -0.00032428149650287928
 -679.012346   -61.728395  -0.00034286600789371302
 -679.012346    61.728395  -0.00034286600789384882
 -679.012346   185.185185  -0.00032428149650313482
 -679.012346   308.641975  -0.00029304950620945010
 -679.012346   432.098765  -0.00025718113324642316
 -679.012346   555.555556  -0.00022346842292559629
 -679.012346   679.012346  -0.00019591275112011624
 -679.012346   802.469136  -0.00017539669676442483
 -679.012346   925.925926  -0.00016080592238172477
 -679.012346  1049.382716  -0.00015049023581959235
 -679.012346  1172.839506  -0.00014311462992428622
 -679.012346  1296.296296  -0.00013810093366854951
 -679.012346  1419.753086  -0.00013427254629064172
 -679.012346  1543.209877  -0.00013140902112029933
 -679.012346  1666.666667  -0.00012928376044890030
 -679.012346  1790.123457  -0.00012762357000278263
 -679.012346  1913.580247  -0.00012622640972870499
 -679.012346  2037.037037  -0.00012494951150459466
 -679.012346  2160.493827  -0.00012409011469057592
 -679.012346  2283.950617  -0.00012353134163834223
 -679.012346  2407.407407  -0.00012348405243206085
 -679.012346  2530.864198  -0.00012221067315878751
 -679.012346  2654.320988  -0.00012219752314613559
 -679.012346  2777.777778  -0.00012235030036537108
 -679.012346  2901.234568  -0.00012187030392085723
 -679.012346  3024.691358  -0.00012135265307223216
 -679.012346  3148.148148  -0.00012120550565674100
 -679.012346  3271.604938  -0.00012096826180667069
 -679.012346  3395.061728  -0.00012138879250566943
 -679.012346  3518.518519  -0.00012072974544051451
 -679.012346  3641.975309  -0.00012124894941804684
 -679.012346  3765.432099  -0.00012026265552373553
 -679.012346  3888.888889  -0.00012144532075373869
 -679.012346  4012.345679  -0.00012038879463997496
 -679.012346  4135.802469  -0.00011978802624732322
 -679.012346  4259.259259  -0.00012160320151153990
 -679.012346  4382.716049  -0.00011954929318645058
 -679.012346  4506.172840  -0.00011654186685898266
 -679.012346  4629.629630  -0.00012404938568290281
 -679.012346  4753.086420  -0.00011851933758910102
 -679.012346  4876.543210  -0.00012696158787717189

 -555.555556 -5000.000000  -0.00002211053401783816
 -555.555556 -4876.543210  -0.00012851290902653805
 -555.555556 -4753.086420  -0.00012008345179683450
 -555.555556 -4629.629630  -0.00012567453727575930
 -555.555556 -4506.172840  -0.00011806818849103389
 -555.555556 -4382.716049  -0.00012108014343581623
 -555.555556 -4259.259259  -0.00012313912485620510
 -555.555556 -4135.802469  -0.00012130402297342626
 -555.555556 -4012.345679  -0.00012192477445794044
 -555.555556 -3888.888889  -0.00012301057923014017
 -555.555556 -3765.432099  -0.00012183576732927284
 -555.555556 -3641.975309  -0.00012283655179062090
 -555.555556 -3518.518519  -0.00012232290426807899
 -555.555556 -3395.061728  -0.00012298642624223970
 -555.555556 -3271.604938  -0.00012254204205763006
 -555.555556 -3148.148148  -0.00012277688540343363
 -555.555556 -3024.691358  -0.00012294556484302075
 -555.555556 -2901.234568  -0.00012350759832003563
 -555.555556 -2777.777778  -0.00012400978803507357
 -555.555556 -2654.320988  -0.00012385639083082849
 -555.555556 -2530.864198  -0.00012390830549383161
 -555.555556 -2407.407407  -0.00012518587245774181
 -555.555556 -2283.950617  -0.00012531038894703528
 -555.555556 -2160.493827  -0.00012587031066971170
 -555.555556 -2037.037037  -0.00012680309334492401
 -555.555556 -1913.580247  -0.00012815928647637778
 -555.555556 -1790.123457  -0.00012966217234996726
 -555.555556 -1666.666667  -0.00013143227639704385
 -555.555556 -1543.209877  -0.00013370548736164377
 -555.555556 -1419.753086  -0.00013680496422369286
 -555.555556 -1296.296296  -0.00014089385564875308
 -555.555556 -1172.839506  -0.00014655611617820806
 -555.555556 -1049.382716  -0.00015442707719744056
 -555.555556  -925.925926  -0.00016552744247016538
 -555.555556  -802.469136  -0.00018118176457273120
 -555.555556  -679.012346  -0.00020317833855917623
 -555.555556  -555.555556  -0.00023262205585664124
 -555.555556  -432.098765  -0.00026858416626771481
 -555.555556  -308.641975  -0.00030674647217966846
 -555.555556  -185.185185  -0.00033977722266521443
 -555.555556   -61.728395  -0.00035911920901392810
 -555.555556    61.728395  -0.00035911920901407111
 -555.555556   185.185185  -0.00033977722266548857
 -555.555556   308.641975  -0.00030674647217993696
 -555.555556   432.098765  -0.00026858416626792623
 -555.555556   555.555556  -0.00023262205585677868
 -555.555556   679.012346  -0.00020317833855927449
 -555.555556   802.469136  -0.00018118176457277647
 -555.555556   925.925926  -0.00016552744247019666
 -555.555556  1049.382716  -0.00015442707719746636
 -555.555556  1172.839506  -0.00014655611617822147
 -555.555556  1296.296296  -0.00014089385564877276
 -555.555556  1419.753086  -0.00013680496422371200
 -555.555556  1543.209877  -0.00013370548736165670
 -555.555556  1666.666667  -0.00013143227639705605
 -555.555556  1790.123457  -0.00012966217234997496
 -555.555556  1913.580247  -0.00012815928647639686
 -555.555556  2037.037037  -0.00012680309334494374
 -555.555556  2160.493827  -0.00012587031066973070
 -555.555556  2283.950617  -0.00012531038894705737
 -555.555556  2407.407407  -0.00012518587245774379
 -555.555556  2530.864198  -0.00012390830549387544
 -555.555556  2654.320988  -0.00012385639083086270
 -555.555556  2777.777778  -0.00012400978803510853
 -555.555556  2901.234568  -0.00012350759832007341
 -555.555556  3024.691358  -0.00012294556484305014
 -555.555556  3148.148148  -0.00012277688540346759
 -555.555556  3271.604938  -0.00012254204205766796
 -555.555556  3395.061728  -0.00012298642624228415
 -555.555556  3518.518519  -0.00012232290426812683
 -555.555556  3641.975309  -0.00012283655179066194
 -555.555556  3765.432099  -0.00012183576732931488
 -555.555556  3888.888889  -0.00012301057923018343
 -555.555556  4012.345679  -0.00012192477445797672
 -555.555556  4135.802469  -0.00012130402297346150
 -555.555556  4259.259259  -0.00012313912485623543
 -555.555556  4382.716049  -0.00012108014343585709
 -555.555556  4506.172840  -0.00011806818849108663
 -555.555556  4629.629630  -0.00012567453727581140
 -555.555556  4753.086420  -0.00012008345179688831
 -555.555556  4876.543210  -0.00012851290902655797

 -432.098765 -5000.000000  -0.00002227164286954466
 -432.098765 -4876.543210  -0.00012967157725696468
 -432.098765 -4753.086420  -0.00012125636564498717
 -432.098765 -4629.629630  -0.00012689348893318270
 -432.098765 -4506.172840  -0.00011921173065368707
 -432.098765 -4382.716049  -0.00012222484360635251
 -432.098765 -4259.259259  -0.00012428710535277438
 -432.098765 -4135.802469  -0.00012243853096067709
 -432.098765 -4012.345679  -0.00012307531008787069
 -432.098765 -3888.888889  -0.00012418349517449273
 -432.098765 -3765.432099  -0.00012301447823151365
 -432.098765 -3641.975309  -0.00012402007729241861
 -432.098765 -3518.518519  -0.00012351125741802885
 -432.098765 -3395.061728  -0.00012417740056096537
 -432.098765 -3271.604938  -0.00012371481688965344
 -432.098765 -3148.148148  -0.00012394825839991599
 -432.098765 -3024.691358  -0.00012413528464650753
 -432.098765 -2901.234568  -0.00012473297764112502
 -432.098765 -2777.777778  -0.00012525386093938408
 -432.098765 -2654.320988  -0.00012509919399308154
 -432.098765 -2530.864198  -0.00012517951357691675
 -432.098765 -2407.407407  -0.00012651080435160960
 -432.098765 -2283.950617  -0.00012670390054016700
 -432.098765 -2160.493827  -0.00012726760731356500
 -432.098765 -2037.037037  -0.00012825363096019885
 -432.098765 -1913.580247  -0.00012967198422368707
 -432.098765 -1790.123457  -0.00013125911168499889
 -432.098765 -1666.666667  -0.00013311655307400323
 -432.098765 -1543.209877  -0.00013550557057504341
 -432.098765 -1419.753086  -0.00013877719355914807
 -432.098765 -1296.296296  -0.00014308140108470349
 -432.098765 -1172.839506  -0.00014895298212002267
 -432.098765 -1049.382716  -0.00015721118126324544
 -432.098765  -925.925926  -0.00016884200014159441
 -432.098765  -802.469136  -0.00018524244659953029
 -432.098765  -679.012346  -0.00020819713070706176
 -432.098765  -555.555556  -0.00023877820302576166
 -432.098765  -432.098765  -0.00027593608352857675
 -432.098765  -308.641975  -0.00031512225359315069
 -432.098765  -185.185185  -0.00034872317857059467
 -432.098765   -61.728395  -0.00036804072283420659
 -432.098765    61.728395  -0.00036804072283434862
 -432.098765   185.185185  -0.00034872317857086182
 -432.098765   308.641975  -0.00031512225359341627
 -432.098765   432.098765  -0.00027593608352878795
 -432.098765   555.555556  -0.00023877820302590155
 -432.098765   679.012346  -0.00020819713070716360
 -432.098765   802.469136  -0.00018524244659958166
 -432.098765   925.925926  -0.00016884200014162943
 -432.098765  1049.382716  -0.00015721118126327540
 -432.098765  1172.839506  -0.00014895298212003817
 -432.098765  1296.296296  -0.00014308140108472683
 -432.098765  1419.753086  -0.00013877719355917076
 -432.098765  1543.209877  -0.00013550557057505756
 -432.098765  1666.666667  -0.00013311655307401960
 -432.098765  1790.123457  -0.00013125911168500819
 -432.098765  1913.580247  -0.00012967198422370662
 -432.098765  2037.037037  -0.00012825363096022230
 -432.098765  2160.493827  -0.00012726760731358367
 -432.098765  2283.950617  -0.00012670390054019123
 -432.098765  2407.407407  -0.00012651080435161429
 -432.098765  2530.864198  -0.00012517951357695690
 -432.098765  2654.320988  -0.00012509919399311206
 -432.098765  2777.777778  -0.00012525386093941460
 -432.098765  2901.234568  -0.00012473297764115896
 -432.098765  3024.691358  -0.00012413528464653002
 -432.098765  3148.148148  -0.00012394825839994464
 -432.098765  3271.604938  -0.00012371481688968768
 -432.098765  3395.061728  -0.00012417740056100505
 -432.098765  3518.518519  -0.00012351125741807137
 -432.098765  3641.975309  -0.00012402007729245160
 -432.098765  3765.432099  -0.00012301447823155046
 -432.098765  3888.888889  -0.00012418349517453201
 -432.098765  4012.345679  -0.00012307531008790026
 -432.098765  4135.802469  -0.00012243853096070582
 -432.098765  4259.259259  -0.00012428710535280173
 -432.098765  4382.716049  -0.00012222484360638734
 -432.098765  4506.172840  -0.00011921173065373538
 -432.098765  4629.629630  -0.00012689348893322983
 -432.098765  4753.086420  -0.00012125636564503643
 -432.098765  4876.543210  -0.00012967157725698051

 -308.641975 -5000.000000  -0.00002237969736284017
 -308.641975 -4876.543210  -0.00013045678490758715
 -308.641975 -4753.086420  -0.00012205576769943652
 -308.641975 -4629.629630  -0.00012772489594039033
 -308.641975 -4506.172840  -0.00011999037668320321
 -308.641975 -4382.716049  -0.00012300224854923362
 -308.641975 -4259.259259  -0.00012506623777319830
 -308.641975 -4135.802469  -0.00012320961312140485
 -308.641975 -4012.345679  -0.00012385852278400802
 -308.641975 -3888.888889  -0.00012498215115436758
 -308.641975 -3765.432099  -0.00012381965205573585
 -308.641975 -3641.975309  -0.00012482219208807867
 -308.641975 -3518.518519  -0.00012432066201201205
 -308.641975 -3395.061728  -0.00012498852106944210
 -308.641975 -3271.604938  -0.00012450956229212668
 -308.641975 -3148.148148  -0.00012474176780641260
 -308.641975 -3024.691358  -0.00012494599143970863
 -308.641975 -2901.234568  -0.00012557252115628478
 -308.641975 -2777.777778  -0.00012610411388411003
 -308.641975 -2654.320988  -0.00012594354315784625
 -308.641975 -2530.864198  -0.00012607349647757215
 -308.641975 -2407.407407  -0.00012746983643423411
 -308.641975 -2283.950617  -0.00012771305983246613
 -308.641975 -2160.493827  -0.00012828701941190883
 -308.641975 -2037.037037  -0.00012930976247205845
 -308.641975 -1913.580247  -0.00013077245843772347
 -308.641975 -1790.123457  -0.00013242160469847440
 -308.641975 -1666.666667  -0.00013434679734240519
 -308.641975 -1543.209877  -0.00013682309885808147
 -308.641975 -1419.753086  -0.00014021387961186713
 -308.641975 -1296.296296  -0.00014468238862701529
 -308.641975 -1172.839506  -0.00015058791454899056
 -308.641975 -1049.382716  -0.00015913097005021163
 -308.641975  -925.925926  -0.00017110830257608604
 -308.641975  -802.469136  -0.00018798722849573262
 -308.641975  -679.012346  -0.00021150767873776325
 -308.641975  -555.555556  -0.00024269636478812143
 -308.641975  -432.098765  -0.00028035212187075626
 -308.641975  -308.641975  -0.00031973965777939875
 -308.641975  -185.185185  -0.00035313093721351578
 -308.641975   -61.728395  -0.00037206672097812220
 -308.641975    61.728395  -0.00037206672097826098
 -308.641975   185.185185  -0.00035313093721377295
 -308.641975   308.641975  -0.00031973965777965457
 -308.641975   432.098765  -0.00028035212187096052
 -308.641975   555.555556  -0.00024269636478826425
 -308.641975   679.012346  -0.00021150767873787021
 -308.641975   802.469136  -0.00018798722849579295
 -308.641975   925.925926  -0.00017110830257612876
 -308.641975  1049.382716  -0.00015913097005024800
 -308.641975  1172.839506  -0.00015058791454901433
 -308.641975  1296.296296  -0.00014468238862704556
 -308.641975  1419.753086  -0.00014021387961189556
 -308.641975  1543.209877  -0.00013682309885810324
 -308.641975  1666.666667  -0.00013434679734242682
 -308.641975  1790.123457  -0.00013242160469849101
 -308.641975  1913.580247  -0.00013077245843774786
 -308.641975  2037.037037  -0.00012930976247208412
 -308.641975  2160.493827  -0.00012828701941193027
 -308.641975  2283.950617  -0.00012771305983249522
 -308.641975  2407.407407  -0.00012746983643424495
 -308.641975  2530.864198  -0.00012607349647760847
 -308.641975  2654.320988  -0.00012594354315787447
 -308.641975  2777.777778  -0.00012610411388413683
 -308.641975  2901.234568  -0.00012557252115631481
 -308.641975  3024.691358  -0.00012494599143972866
 -308.641975  3148.148148  -0.00012474176780643780
 -308.641975  3271.604938  -0.00012450956229215570
 -308.641975  3395.061728  -0.00012498852106947441
 -308.641975  3518.518519  -0.00012432066201204778
 -308.641975  3641.975309  -0.00012482219208810822
 -308.641975  3765.432099  -0.00012381965205576735
 -308.641975  3888.888889  -0.00012498215115440143
 -308.641975  4012.345679  -0.00012385852278403386
 -308.641975  4135.802469  -0.00012320961312142843
 -308.641975  4259.259259  -0.00012506623777321890
 -308.641975  4382.716049  -0.00012300224854926278
 -308.641975  4506.172840  -0.00011999037668324584
 -308.641975  4629.629630  -0.00012772489594043156
 -308.641975  4753.086420  -0.00012205576769948117
 -308.641975  4876.543210  -0.00013045678490759905

 -185.185185 -5000.000000  -0.00002244886631239847
 -185.185185 -4876.543210  -0.00013095713754875520
 -185.185185 -4753.086420  -0.00012256485647578764
 -185.185185 -4629.629630  -0.00012825516805830639
 -185.185185 -4506.172840  -0.00012048694395821193
 -185.185185 -4382.716049  -0.00012349824890541187
 -185.185185 -4259.259259  -0.00012556337839757023
 -185.185185 -4135.802469  -0.00012370131413216550
 -185.185185 -4012.345679  -0.00012435831402070213
 -185.185185 -3888.888889  -0.00012549163512205926
 -185.185185 -3765.432099  -0.00012433674953927237
 -185.185185 -3641.975309  -0.00012533840659279541
 -185.185185 -3518.518519  -0.00012484530966778819
 -185.185185 -3395.061728  -0.00012551524045899270
 -185.185185 -3271.604938  -0.00012502183950938850
 -185.185185 -3148.148148  -0.00012525233690828861
 -185.185185 -3024.691358  -0.00012546983665128798
 -185.185185 -2901.234568  -0.00012611698337922149
 -185.185185 -2777.777778  -0.00012665183327028359
 -185.185185 -2654.320988  -0.00012648552937163943
 -185.185185 -2530.864198  -0.00012668584939938974
 -185.185185 -2407.407407  -0.00012810096688639495
 -185.185185 -2283.950617  -0.00012836821557516461
 -185.185185 -2160.493827  -0.00012895449415478428
 -185.185185 -2037.037037  -0.00013000450423737521
 -185.185185 -1913.580247  -0.00013149744849483427
 -185.185185 -1790.123457  -0.00013318918050180862
 -185.185185 -1666.666667  -0.00013516493448300406
 -185.185185 -1543.209877  -0.00013770324911923555
 -185.185185 -1419.753086  -0.00014118169416077003
 -185.185185 -1296.296296  -0.00014575730969359471
 -185.185185 -1172.839506  -0.00015195766980265966
 -185.185185 -1049.382716  -0.00016068304809968218
 -185.185185  -925.925926  -0.00017292625743336662
 -185.185185  -802.469136  -0.00019011512331538818
 -185.185185  -679.012346  -0.00021402245055149113
 -185.185185  -555.555556  -0.00024560246585283372
 -185.185185  -432.098765  -0.00028354718891926162
 -185.185185  -308.641975  -0.00032295166990513422
 -185.185185  -185.185185  -0.00035601185255263671
 -185.185185   -61.728395  -0.00037463363718926189
 -185.185185    61.728395  -0.00037463363718939226
 -185.185185   185.185185  -0.00035601185255288359
 -185.185185   308.641975  -0.00032295166990538326
 -185.185185   432.098765  -0.00028354718891946784
 -185.185185   555.555556  -0.00024560246585298204
 -185.185185   679.012346  -0.00021402245055160597
 -185.185185   802.469136  -0.00019011512331545573
 -185.185185   925.925926  -0.00017292625743342172
 -185.185185  1049.382716  -0.00016068304809973172
 -185.185185  1172.839506  -0.00015195766980269094
 -185.185185  1296.296296  -0.00014575730969363366
 -185.185185  1419.753086  -0.00014118169416080519
 -185.185185  1543.209877  -0.00013770324911926204
 -185.185185  1666.666667  -0.00013516493448303285
 -185.185185  1790.123457  -0.00013318918050183042
 -185.185185  1913.580247  -0.00013149744849486351
 -185.185185  2037.037037  -0.00013000450423740598
 -185.185185  2160.493827  -0.00012895449415480960
 -185.185185  2283.950617  -0.00012836821557519752
 -185.185185  2407.407407  -0.00012810096688641118
 -185.185185  2530.864198  -0.00012668584939942587
 -185.185185  2654.320988  -0.00012648552937166569
 -185.185185  2777.777778  -0.00012665183327030983
 -185.185185  2901.234568  -0.00012611698337924938
 -185.185185  3024.691358  -0.00012546983665130438
 -185.185185  3148.148148  -0.00012525233690830964
 -185.185185  3271.604938  -0.00012502183950941409
 -185.185185  3395.061728  -0.00012551524045902200
 -185.185185  3518.518519  -0.00012484530966781852
 -185.185185  3641.975309  -0.00012533840659282068
 -185.185185  3765.432099  -0.00012433674953929989
 -185.185185  3888.888889  -0.00012549163512208945
 -185.185185  4012.345679  -0.00012435831402072298
 -185.185185  4135.802469  -0.00012370131413218580
 -185.185185  4259.259259  -0.00012556337839758806
 -185.185185  4382.716049  -0.00012349824890543808
 -185.185185  4506.172840  -0.00012048694395825017
 -185.185185  4629.629630  -0.00012825516805834336
 -185.185185  4753.086420  -0.00012256485647582931
 -185.185185  4876.543210  -0.00013095713754876550

  -61.728395 -5000.000000  -0.00002252070819986152
  -61.728395 -4876.543210  -0.00013143214722424648
  -61.728395 -4753.086420  -0.00012302732902385441
  -61.728395 -4629.629630  -0.00012873608338835976
  -61.728395 -4506.172840  -0.00012094276318284436
  -61.728395 -4382.716049  -0.00012396198110761820
  -61.728395 -4259.259259  -0.00012603056099126970
  -61.728395 -4135.802469  -0.00012415971676865914
  -61.728395 -4012.345679  -0.00012481927761486707
  -61.728395 -3888.888889  -0.00012596151039315912
  -61.728395 -3765.432099  -0.00012480063746430316
  -61.728395 -3641.975309  -0.00012582179156454460
  -61.728395 -3518.518519  -0.00012531984431857953
  -61.728395 -3395.061728  -0.00012599195536538277
  -61.728395 -3271.604938  -0.00012550432066656995
  -61.728395 -3148.148148  -0.00012573298028030304
  -61.728395 -3024.691358  -0.00012593947070725994
  -61.728395 -2901.234568  -0.00012658388831242838
  -61.728395 -2777.777778  -0.00012713622204589417
  -61.728395 -2654.320988  -0.00012700124758421557
  -61.728395 -2530.864198  -0.00012715195111672321
  -61.728395 -2407.407407  -0.00012849499178910445
  -61.728395 -2283.950617  -0.00012877282841472167
  -61.728395 -2160.493827  -0.00012933888801905269
  -61.728395 -2037.037037  -0.00013041060581330292
  -61.728395 -1913.580247  -0.00013193099451739180
  -61.728395 -1790.123457  -0.00013365868340917635
  -61.728395 -1666.666667  -0.00013566099928023008
  -61.728395 -1543.209877  -0.00013822926122379208
  -61.728395 -1419.753086  -0.00014176240175517099
  -61.728395 -1296.296296  -0.00014640080783905098
  -61.728395 -1172.839506  -0.00015279333014611929
  -61.728395 -1049.382716  -0.00016160983949843521
  -61.728395  -925.925926  -0.00017400587206213867
  -61.728395  -802.469136  -0.00019145329769277658
  -61.728395  -679.012346  -0.00021569960758432689
  -61.728395  -555.555556  -0.00024764913644445828
  -61.728395  -432.098765  -0.00028598419661215394
  -61.728395  -308.641975  -0.00032577590411635393
  -61.728395  -185.185185  -0.00035909870163543445
  -61.728395   -61.728395  -0.00037737252762658457
  -61.728395    61.728395  -0.00037737252762669673
  -61.728395   185.185185  -0.00035909870163564484
  -61.728395   308.641975  -0.00032577590411657809
  -61.728395   432.098765  -0.00028598419661234704
  -61.728395   555.555556  -0.00024764913644460454
  -61.728395   679.012346  -0.00021569960758444071
  -61.728395   802.469136  -0.00019145329769284307
  -61.728395   925.925926  -0.00017400587206219164
  -61.728395  1049.382716  -0.00016160983949848259
  -61.728395  1172.839506  -0.00015279333014614781
  -61.728395  1296.296296  -0.00014640080783908605
  -61.728395  1419.753086  -0.00014176240175520002
  -61.728395  1543.209877  -0.00013822926122381276
  -61.728395  1666.666667  -0.00013566099928024992
  -61.728395  1790.123457  -0.00013365868340918998
  -61.728395  1913.580247  -0.00013193099451741524
  -61.728395  2037.037037  -0.00013041060581332165
  -61.728395  2160.493827  -0.00012933888801906708
  -61.728395  2283.950617  -0.00012877282841474376
  -61.728395  2407.407407  -0.00012849499178911274
  -61.728395  2530.864198  -0.00012715195111675143
  -61.728395  2654.320988  -0.00012700124758423774
  -61.728395  2777.777778  -0.00012713622204591678
  -61.728395  2901.234568  -0.00012658388831245348
  -61.728395  3024.691358  -0.00012593947070727244
  -61.728395  3148.148148  -0.00012573298028031838
  -61.728395  3271.604938  -0.00012550432066658971
  -61.728395  3395.061728  -0.00012599195536540635
  -61.728395  3518.518519  -0.00012531984431860484
  -61.728395  3641.975309  -0.00012582179156456373
  -61.728395  3765.432099  -0.00012480063746432490
  -61.728395  3888.888889  -0.00012596151039318392
  -61.728395  4012.345679  -0.00012481927761488223
  -61.728395  4135.802469  -0.00012415971676867186
  -61.728395  4259.259259  -0.00012603056099127886
  -61.728395  4382.716049  -0.00012396198110763767
  -61.728395  4506.172840  -0.00012094276318287704
  -61.728395  4629.629630  -0.00012873608338839087
  -61.728395  4753.086420  -0.00012302732902389035
  -61.728395  4876.543210  -0.00013143214722425109

   61.728395 -5000.000000  -0.00002252070819987435
   61.728395 -4876.543210  -0.00013143214722430142
   61.728395 -4753.086420  -0.00012302732902390881
   61.728395 -4629.629630  -0.00012873608338841727
   61.728395 -4506.172840  -0.00012094276318289838
   61.728395 -4382.716049  -0.00012396198110767247
   61.728395 -4259.259259  -0.00012603056099132131
   61.728395 -4135.802469  -0.00012415971676870891
   61.728395 -4012.345679  -0.00012481927761491510
   61.728395 -3888.888889  -0.00012596151039320682
   61.728395 -3765.432099  -0.00012480063746434837
   61.728395 -3641.975309  -0.00012582179156460607
   61.728395 -3518.518519  -0.00012531984431863260
   61.728395 -3395.061728  -0.00012599195536543698
   61.728395 -3271.604938  -0.00012550432066663476
   61.728395 -3148.148148  -0.00012573298028036552
   61.728395 -3024.691358  -0.00012593947070730778
   61.728395 -2901.234568  -0.00012658388831246302
   61.728395 -2777.777778  -0.00012713622204594337
   61.728395 -2654.320988  -0.00012700124758429368
   61.728395 -2530.864198  -0.00012715195111675907
   61.728395 -2407.407407  -0.00012849499178909290
   61.728395 -2283.950617  -0.00012877282841470842
   61.728395 -2160.493827  -0.00012933888801907288
   61.728395 -2037.037037  -0.00013041060581331311
   61.728395 -1913.580247  -0.00013193099451738665
   61.728395 -1790.123457  -0.00013365868340915553
   61.728395 -1666.666667  -0.00013566099928021135
   61.728395 -1543.209877  -0.00013822926122377923
   61.728395 -1419.753086  -0.00014176240175514424
   61.728395 -1296.296296  -0.00014640080783901620
   61.728395 -1172.839506  -0.00015279333014608091
   61.728395 -1049.382716  -0.00016160983949837504
   61.728395  -925.925926  -0.00017400587206204795
   61.728395  -802.469136  -0.00019145329769263539
   61.728395  -679.012346  -0.00021569960758411333
   61.728395  -555.555556  -0.00024764913644413189
   61.728395  -432.098765  -0.00028598419661168535
   61.728395  -308.641975  -0.00032577590411572439
   61.728395  -185.185185  -0.00035909870163466440
   61.728395   -61.728395  -0.00037737252762570078
   61.728395    61.728395  -0.00037737252762576410
   61.728395   185.185185  -0.00035909870163479700
   61.728395   308.641975  -0.00032577590411588127
   61.728395   432.098765  -0.00028598419661182614
   61.728395   555.555556  -0.00024764913644424123
   61.728395   679.012346  -0.00021569960758420557
   61.728395   802.469136  -0.00019145329769268806
   61.728395   925.925926  -0.00017400587206209129
   61.728395  1049.382716  -0.00016160983949841396
   61.728395  1172.839506  -0.00015279333014610224
   61.728395  1296.296296  -0.00014640080783904897
   61.728395  1419.753086  -0.00014176240175516825
   61.728395  1543.209877  -0.00013822926122379457
   61.728395  1666.666667  -0.00013566099928022951
   61.728395  1790.123457  -0.00013365868340916827
   61.728395  1913.580247  -0.00013193099451740486
   61.728395  2037.037037  -0.00013041060581332626
   61.728395  2160.493827  -0.00012933888801907673
   61.728395  2283.950617  -0.00012877282841472696
   61.728395  2407.407407  -0.00012849499178909084
   61.728395  2530.864198  -0.00012715195111678558
   61.728395  2654.320988  -0.00012700124758430284
   61.728395  2777.777778  -0.00012713622204595456
   61.728395  2901.234568  -0.00012658388831248023
   61.728395  3024.691358  -0.00012593947070731030
   61.728395  3148.148148  -0.00012573298028036947
   61.728395  3271.604938  -0.00012550432066664506
   61.728395  3395.061728  -0.00012599195536545110
   61.728395  3518.518519  -0.00012531984431864919
   61.728395  3641.975309  -0.00012582179156461461
   61.728395  3765.432099  -0.00012480063746436303
   61.728395  3888.888889  -0.00012596151039322295
   61.728395  4012.345679  -0.00012481927761492210
   61.728395  4135.802469  -0.00012415971676871129
   61.728395  4259.259259  -0.00012603056099132063
   61.728395  4382.716049  -0.00012396198110768252
   61.728395  4506.172840  -0.00012094276318292203
   61.728395  4629.629630  -0.00012873608338843907
   61.728395  4753.086420  -0.00012302732902393155
   61.728395  4876.543210  -0.00013143214722428990

  185.185185 -5000.000000  -0.00002244886631241554
  185.185185 -4876.543210  -0.00013095713754876029
  185.185185 -4753.086420  -0.00012256485647577569
  185.185185 -4629.629630  -0.00012825516805831374
  185.185185 -4506.172840  -0.00012048694395822204
  185.185185 -4382.716049  -0.00012349824890542564
  185.185185 -4259.259259  -0.00012556337839758340
  185.185185 -4135.802469  -0.00012370131413217151
  185.185185 -4012.345679  -0.00012435831402069945
  185.185185 -3888.888889  -0.00012549163512205164
  185.185185 -3765.432099  -0.00012433674953925500
  185.185185 -3641.975309  -0.00012533840659280802
  185.185185 -3518.518519  -0.00012484530966778377
  185.185185 -3395.061728  -0.00012551524045899571
  185.185185 -3271.604938  -0.00012502183950941617
  185.185185 -3148.148148  -0.00012525233690831436
  185.185185 -3024.691358  -0.00012546983665127830
  185.185185 -2901.234568  -0.00012611698337916893
  185.185185 -2777.777778  -0.00012665183327025865
  185.185185 -2654.320988  -0.00012648552937169177
  185.185185 -2530.864198  -0.00012668584939940739
  185.185185 -2407.407407  -0.00012810096688653253
  185.185185 -2283.950617  -0.00012836821557530629
  185.185185 -2160.493827  -0.00012895449415501424
  185.185185 -2037.037037  -0.00013000450423757484
  185.185185 -1913.580247  -0.00013149744849500416
  185.185185 -1790.123457  -0.00013318918050193363
  185.185185 -1666.666667  -0.00013516493448313609
  185.185185 -1543.209877  -0.00013770324911938236
  185.185185 -1419.753086  -0.00014118169416088984
  185.185185 -1296.296296  -0.00014575730969369803
  185.185185 -1172.839506  -0.00015195766980275564
  185.185185 -1049.382716  -0.00016068304809973506
  185.185185  -925.925926  -0.00017292625743334572
  185.185185  -802.469136  -0.00019011512331525019
  185.185185  -679.012346  -0.00021402245055117519
  185.185185  -555.555556  -0.00024560246585226441
  185.185185  -432.098765  -0.00028354718891835095
  185.185185  -308.641975  -0.00032295166990383459
  185.185185  -185.185185  -0.00035601185255097019
  185.185185   -61.728395  -0.00037463363718731222
  185.185185    61.728395  -0.00037463363718734686
  185.185185   185.185185  -0.00035601185255107638
  185.185185   308.641975  -0.00032295166990396057
  185.185185   432.098765  -0.00028354718891846614
  185.185185   555.555556  -0.00024560246585235619
  185.185185   679.012346  -0.00021402245055126027
  185.185185   802.469136  -0.00019011512331530090
  185.185185   925.925926  -0.00017292625743338502
  185.185185  1049.382716  -0.00016068304809976650
  185.185185  1172.839506  -0.00015195766980277077
  185.185185  1296.296296  -0.00014575730969372419
  185.185185  1419.753086  -0.00014118169416091079
  185.185185  1543.209877  -0.00013770324911939024
  185.185185  1666.666667  -0.00013516493448314769
  185.185185  1790.123457  -0.00013318918050194122
  185.185185  1913.580247  -0.00013149744849501180
  185.185185  2037.037037  -0.00013000450423757663
  185.185185  2160.493827  -0.00012895449415500741
  185.185185  2283.950617  -0.00012836821557531616
  185.185185  2407.407407  -0.00012810096688652402
  185.185185  2530.864198  -0.00012668584939942517
  185.185185  2654.320988  -0.00012648552937169542
  185.185185  2777.777778  -0.00012665183327026697
  185.185185  2901.234568  -0.00012611698337918029
  185.185185  3024.691358  -0.00012546983665127624
  185.185185  3148.148148  -0.00012525233690831392
  185.185185  3271.604938  -0.00012502183950941864
  185.185185  3395.061728  -0.00012551524045900417
  185.185185  3518.518519  -0.00012484530966779380
  185.185185  3641.975309  -0.00012533840659281114
  185.185185  3765.432099  -0.00012433674953926327
  185.185185  3888.888889  -0.00012549163512206335
  185.185185  4012.345679  -0.00012435831402070175
  185.185185  4135.802469  -0.00012370131413217062
  185.185185  4259.259259  -0.00012556337839757795
  185.185185  4382.716049  -0.00012349824890542802
  185.185185  4506.172840  -0.00012048694395823940
  185.185185  4629.629630  -0.00012825516805832883
  185.185185  4753.086420  -0.00012256485647579331
  185.185185  4876.543210  -0.00013095713754874484

  308.641975 -5000.000000  -0.00002237969736287795
  308.641975 -4876.543210  -0.00013045678490767237
  308.641975 -4753.086420  -0.00012205576769950790
  308.641975 -4629.629630  -0.00012772489594049517
  308.641975 -4506.172840  -0.00011999037668330845
  308.641975 -4382.716049  -0.00012300224854934041
  308.641975 -4259.259259  -0.00012506623777330090
  308.641975 -4135.802469  -0.00012320961312149744
  308.641975 -4012.345679  -0.00012385852278409278
  308.641975 -3888.888889  -0.00012498215115444572
  308.641975 -3765.432099  -0.00012381965205579697
  308.641975 -3641.975309  -0.00012482219208819460
  308.641975 -3518.518519  -0.00012432066201209648
  308.641975 -3395.061728  -0.00012498852106953472
  308.641975 -3271.604938  -0.00012450956229226066
  308.641975 -3148.148148  -0.00012474176780654341
  308.641975 -3024.691358  -0.00012494599143977761
  308.641975 -2901.234568  -0.00012557252115628586
  308.641975 -2777.777778  -0.00012610411388416193
  308.641975 -2654.320988  -0.00012594354315802702
  308.641975 -2530.864198  -0.00012607349647765026
  308.641975 -2407.407407  -0.00012746983643431830
  308.641975 -2283.950617  -0.00012771305983255973
  308.641975 -2160.493827  -0.00012828701941214248
  308.641975 -2037.037037  -0.00012930976247224539
  308.641975 -1913.580247  -0.00013077245843785127
  308.641975 -1790.123457  -0.00013242160469853622
  308.641975 -1666.666667  -0.00013434679734247585
  308.641975 -1543.209877  -0.00013682309885817192
  308.641975 -1419.753086  -0.00014021387961190700
  308.641975 -1296.296296  -0.00014468238862701960
  308.641975 -1172.839506  -0.00015058791454897587
  308.641975 -1049.382716  -0.00015913097005011085
  308.641975  -925.925926  -0.00017110830257585118
  308.641975  -802.469136  -0.00018798722849529029
  308.641975  -679.012346  -0.00021150767873700035
  308.641975  -555.555556  -0.00024269636478690634
  308.641975  -432.098765  -0.00028035212186895437
  308.641975  -308.641975  -0.00031973965777692709
  308.641975  -185.185185  -0.00035313093721041643
  308.641975   -61.728395  -0.00037206672097455745
  308.641975    61.728395  -0.00037206672097459442
  308.641975   185.185185  -0.00035313093721051091
  308.641975   308.641975  -0.00031973965777704050
  308.641975   432.098765  -0.00028035212186906192
  308.641975   555.555556  -0.00024269636478700023
  308.641975   679.012346  -0.00021150767873709202
  308.641975   802.469136  -0.00018798722849535209
  308.641975   925.925926  -0.00017110830257590007
  308.641975  1049.382716  -0.00015913097005015024
  308.641975  1172.839506  -0.00015058791454899810
  308.641975  1296.296296  -0.00014468238862705277
  308.641975  1419.753086  -0.00014021387961193270
  308.641975  1543.209877  -0.00013682309885818572
  308.641975  1666.666667  -0.00013434679734249265
  308.641975  1790.123457  -0.00013242160469854690
  308.641975  1913.580247  -0.00013077245843786430
  308.641975  2037.037037  -0.00012930976247224987
  308.641975  2160.493827  -0.00012828701941213755
  308.641975  2283.950617  -0.00012771305983257428
  308.641975  2407.407407  -0.00012746983643431367
  308.641975  2530.864198  -0.00012607349647766547
  308.641975  2654.320988  -0.00012594354315802870
  308.641975  2777.777778  -0.00012610411388416621
  308.641975  2901.234568  -0.00012557252115629380
  308.641975  3024.691358  -0.00012494599143977227
  308.641975  3148.148148  -0.00012474176780653964
  308.641975  3271.604938  -0.00012450956229226079
  308.641975  3395.061728  -0.00012498852106953992
  308.641975  3518.518519  -0.00012432066201210207
  308.641975  3641.975309  -0.00012482219208819292
  308.641975  3765.432099  -0.00012381965205580104
  308.641975  3888.888889  -0.00012498215115445190
  308.641975  4012.345679  -0.00012385852278409021
  308.641975  4135.802469  -0.00012320961312149294
  308.641975  4259.259259  -0.00012506623777329130
  308.641975  4382.716049  -0.00012300224854934014
  308.641975  4506.172840  -0.00011999037668331987
  308.641975  4629.629630  -0.00012772489594050661
  308.641975  4753.086420  -0.00012205576769952167
  308.641975  4876.543210  -0.00013045678490765324

  432.098765 -5000.000000  -0.00002227164286960192
  432.098765 -4876.543210  -0.00012967157725714393
  432.098765 -4753.086420  -0.00012125636564516007
  432.098765 -4629.629630  -0.00012689348893340818
  432.098765 -4506.172840  -0.00011921173065390745
  432.098765 -4382.716049  -0.00012222484360657158
  432.098765 -4259.259259  -0.00012428710535298526
  432.098765 -4135.802469  -0.00012243853096087382
  432.098765 -4012.345679  -0.00012307531008805741
  432.098765 -3888.888889  -0.00012418349517467374
  432.098765 -3765.432099  -0.00012301447823167007
  432.098765 -3641.975309  -0.00012402007729265627
  432.098765 -3518.518519  -0.00012351125741822075
  432.098765 -3395.061728  -0.00012417740056116773
  432.098765 -3271.604938  -0.00012371481688991314
  432.098765 -3148.148148  -0.00012394825840016845
  432.098765 -3024.691358  -0.00012413528464666994
  432.098765 -2901.234568  -0.00012473297764119623
  432.098765 -2777.777778  -0.00012525386093953052
  432.098765 -2654.320988  -0.00012509919399341041
  432.098765 -2530.864198  -0.00012517951357706624
  432.098765 -2407.407407  -0.00012651080435160098
  432.098765 -2283.950617  -0.00012670390054017732
  432.098765 -2160.493827  -0.00012726760731376639
  432.098765 -2037.037037  -0.00012825363096034093
  432.098765 -1913.580247  -0.00012967198422373771
  432.098765 -1790.123457  -0.00013125911168495696
  432.098765 -1666.666667  -0.00013311655307397371
  432.098765 -1543.209877  -0.00013550557057504095
  432.098765 -1419.753086  -0.00013877719355906822
  432.098765 -1296.296296  -0.00014308140108457534
  432.098765 -1172.839506  -0.00014895298211986034
  432.098765 -1049.382716  -0.00015721118126295987
  432.098765  -925.925926  -0.00016884200014111791
  432.098765  -802.469136  -0.00018524244659875292
  432.098765  -679.012346  -0.00020819713070583358
  432.098765  -555.555556  -0.00023877820302389217
  432.098765  -432.098765  -0.00027593608352588641
  432.098765  -308.641975  -0.00031512225358953531
  432.098765  -185.185185  -0.00034872317856611497
  432.098765   -61.728395  -0.00036804072282910043
  432.098765    61.728395  -0.00036804072282913014
  432.098765   185.185185  -0.00034872317856619086
  432.098765   308.641975  -0.00031512225358963094
  432.098765   432.098765  -0.00027593608352598524
  432.098765   555.555556  -0.00023877820302398164
  432.098765   679.012346  -0.00020819713070592544
  432.098765   802.469136  -0.00018524244659881984
  432.098765   925.925926  -0.00016884200014117209
  432.098765  1049.382716  -0.00015721118126300494
  432.098765  1172.839506  -0.00014895298211988855
  432.098765  1296.296296  -0.00014308140108461168
  432.098765  1419.753086  -0.00013877719355910036
  432.098765  1543.209877  -0.00013550557057505870
  432.098765  1666.666667  -0.00013311655307399596
  432.098765  1790.123457  -0.00013125911168497230
  432.098765  1913.580247  -0.00012967198422375524
  432.098765  2037.037037  -0.00012825363096034636
  432.098765  2160.493827  -0.00012726760731376392
  432.098765  2283.950617  -0.00012670390054019752
  432.098765  2407.407407  -0.00012651080435160036
  432.098765  2530.864198  -0.00012517951357707876
  432.098765  2654.320988  -0.00012509919399340661
  432.098765  2777.777778  -0.00012525386093953272
  432.098765  2901.234568  -0.00012473297764120224
  432.098765  3024.691358  -0.00012413528464666043
  432.098765  3148.148148  -0.00012394825840015964
  432.098765  3271.604938  -0.00012371481688990755
  432.098765  3395.061728  -0.00012417740056116730
  432.098765  3518.518519  -0.00012351125741822324
  432.098765  3641.975309  -0.00012402007729265009
  432.098765  3765.432099  -0.00012301447823166983
  432.098765  3888.888889  -0.00012418349517467436
  432.098765  4012.345679  -0.00012307531008804972
  432.098765  4135.802469  -0.00012243853096086254
  432.098765  4259.259259  -0.00012428710535297108
  432.098765  4382.716049  -0.00012222484360656523
  432.098765  4506.172840  -0.00011921173065391559
  432.098765  4629.629630  -0.00012689348893341545
  432.098765  4753.086420  -0.00012125636564516876
  432.098765  4876.543210  -0.00012967157725712230

  555.555556 -5000.000000  -0.00002211053401791375
  555.555556 -4876.543210  -0.00012851290902679522
  555.555556 -4753.086420  -0.00012008345179709061
  555.555556 -4629.629630  -0.00012567453727608226
  555.555556 -4506.172840  -0.00011806818849134877
  555.555556 -4382.716049  -0.00012108014343612936
  555.555556 -4259.259259  -0.00012313912485650534
  555.555556 -4135.802469  -0.00012130402297371015
  555.555556 -4012.345679  -0.00012192477445821415
  555.555556 -3888.888889  -0.00012301057923040540
  555.555556 -3765.432099  -0.00012183576732950614
  555.555556 -3641.975309  -0.00012283655179095942
  555.555556 -3518.518519  -0.00012232290426835414
  555.555556 -3395.061728  -0.00012298642624252940
  555.555556 -3271.604938  -0.00012254204205799284
  555.555556 -3148.148148  -0.00012277688540378813
  555.555556 -3024.691358  -0.00012294556484326112
  555.555556 -2901.234568  -0.00012350759832016020
  555.555556 -2777.777778  -0.00012400978803529477
  555.555556 -2654.320988  -0.00012385639083128440
  555.555556 -2530.864198  -0.00012390830549403927
  555.555556 -2407.407407  -0.00012518587245765768
  555.555556 -2283.950617  -0.00012531038894697958
  555.555556 -2160.493827  -0.00012587031066989802
  555.555556 -2037.037037  -0.00012680309334503541
  555.555556 -1913.580247  -0.00012815928647637033
  555.555556 -1790.123457  -0.00012966217234984032
  555.555556 -1666.666667  -0.00013143227639693481
  555.555556 -1543.209877  -0.00013370548736157123
  555.555556 -1419.753086  -0.00013680496422351974
  555.555556 -1296.296296  -0.00014089385564851529
  555.555556 -1172.839506  -0.00014655611617792204
  555.555556 -1049.382716  -0.00015442707719700064
  555.555556  -925.925926  -0.00016552744246947957
  555.555556  -802.469136  -0.00018118176457167278
  555.555556  -679.012346  -0.00020317833855754049
  555.555556  -555.555556  -0.00023262205585421642
  555.555556  -432.098765  -0.00026858416626426401
  555.555556  -308.641975  -0.00030674647217507930
  555.555556  -185.185185  -0.00033977722265956796
  555.555556   -61.728395  -0.00035911920900751667
  555.555556    61.728395  -0.00035911920900754042
  555.555556   185.185185  -0.00033977722265962981
  555.555556   308.641975  -0.00030674647217516224
  555.555556   432.098765  -0.00026858416626435606
  555.555556   555.555556  -0.00023262205585430378
  555.555556   679.012346  -0.00020317833855763493
  555.555556   802.469136  -0.00018118176457174227
  555.555556   925.925926  -0.00016552744246953633
  555.555556  1049.382716  -0.00015442707719705032
  555.555556  1172.839506  -0.00014655611617795359
  555.555556  1296.296296  -0.00014089385564855701
  555.555556  1419.753086  -0.00013680496422355289
  555.555556  1543.209877  -0.00013370548736159246
  555.555556  1666.666667  -0.00013143227639695926
  555.555556  1790.123457  -0.00012966217234986014
  555.555556  1913.580247  -0.00012815928647638654
  555.555556  2037.037037  -0.00012680309334504302
  555.555556  2160.493827  -0.00012587031066989705
  555.555556  2283.950617  -0.00012531038894700072
  555.555556  2407.407407  -0.00012518587245765968
  555.555556  2530.864198  -0.00012390830549404881
  555.555556  2654.320988  -0.00012385639083127868
  555.555556  2777.777778  -0.00012400978803529399
  555.555556  2901.234568  -0.00012350759832016080
  555.555556  3024.691358  -0.00012294556484324749
  555.555556  3148.148148  -0.00012277688540377594
  555.555556  3271.604938  -0.00012254204205798319
  555.555556  3395.061728  -0.00012298642624252457
  555.555556  3518.518519  -0.00012232290426835219
  555.555556  3641.975309  -0.00012283655179094716
  555.555556  3765.432099  -0.00012183576732950061
  555.555556  3888.888889  -0.00012301057923039989
  555.555556  4012.345679  -0.00012192477445820172
  555.555556  4135.802469  -0.00012130402297369561
  555.555556  4259.259259  -0.00012313912485648729
  555.555556  4382.716049  -0.00012108014343611653
  555.555556  4506.172840  -0.00011806818849134933
  555.555556  4629.629630  -0.00012567453727608188
  555.555556  4753.086420  -0.00012008345179709405
  555.555556  4876.543210  -0.00012851290902676969

  679.012346 -5000.000000  -0.00002189333304117972
  679.012346 -4876.543210  -0.00012696158787744988
  679.012346 -4753.086420  -0.00011851933758934000
  679.012346 -4629.629630  -0.00012404938568322398
  679.012346 -4506.172840  -0.00011654186685929311
  679.012346 -4382.716049  -0.00011954929318676988
  679.012346 -4259.259259  -0.00012160320151185258
  679.012346 -4135.802469  -0.00011978802624761156
  679.012346 -4012.345679  -0.00012038879464024767
  679.012346 -3888.888889  -0.00012144532075399127
  679.012346 -3765.432099  -0.00012026265552395721
  679.012346 -3641.975309  -0.00012124894941840101
  679.012346 -3518.518519  -0.00012072974544078756
  679.012346 -3395.061728  -0.00012138879250596170
  679.012346 -3271.604938  -0.00012096826180705837
  679.012346 -3148.148148  -0.00012120550565712438
  679.012346 -3024.691358  -0.00012135265307247946
  679.012346 -2901.234568  -0.00012187030392095304
  679.012346 -2777.777778  -0.00012235030036558507
  679.012346 -2654.320988  -0.00012219752314663424
  679.012346 -2530.864198  -0.00012221067315898982
  679.012346 -2407.407407  -0.00012348405243200303
  679.012346 -2283.950617  -0.00012353134163830046
  679.012346 -2160.493827  -0.00012409011469083082
  679.012346 -2037.037037  -0.00012494951150475745
  679.012346 -1913.580247  -0.00012622640972872968
  679.012346 -1790.123457  -0.00012762357000268377
  679.012346 -1666.666667  -0.00012928376044881915
  679.012346 -1543.209877  -0.00013140902112026523
  679.012346 -1419.753086  -0.00013427254629048540
  679.012346 -1296.296296  -0.00013810093366832342
  679.012346 -1172.839506  -0.00014311462992401392
  679.012346 -1049.382716  -0.00015049023581913229
  679.012346  -925.925926  -0.00016080592238098206
  679.012346  -802.469136  -0.00017539669676324240
  679.012346  -679.012346  -0.00019591275111823837
  679.012346  -555.555556  -0.00022346842292275744
  679.012346  -432.098765  -0.00025718113324235545
  679.012346  -308.641975  -0.00029304950620403396
  679.012346  -185.185185  -0.00032428149649652531
  679.012346   -61.728395  -0.00034286600788651197
  679.012346    61.728395  -0.00034286600788652324
  679.012346   185.185185  -0.00032428149649657817
  679.012346   308.641975  -0.00029304950620410899
  679.012346   432.098765  -0.00025718113324243872
  679.012346   555.555556  -0.00022346842292283645
  679.012346   679.012346  -0.00019591275111832541
  679.012346   802.469136  -0.00017539669676330634
  679.012346   925.925926  -0.00016080592238103524
  679.012346  1049.382716  -0.00015049023581917726
  679.012346  1172.839506  -0.00014311462992404382
  679.012346  1296.296296  -0.00013810093366836132
  679.012346  1419.753086  -0.00013427254629051841
  679.012346  1543.209877  -0.00013140902112028318
  679.012346  1666.666667  -0.00012928376044884127
  679.012346  1790.123457  -0.00012762357000269933
  679.012346  1913.580247  -0.00012622640972874614
  679.012346  2037.037037  -0.00012494951150476279
  679.012346  2160.493827  -0.00012409011469082830
  679.012346  2283.950617  -0.00012353134163832025
  679.012346  2407.407407  -0.00012348405243200704
  679.012346  2530.864198  -0.00012221067315899413
  679.012346  2654.320988  -0.00012219752314662890
  679.012346  2777.777778  -0.00012235030036558258
  679.012346  2901.234568  -0.00012187030392095027
  679.012346  3024.691358  -0.00012135265307246244
  679.012346  3148.148148  -0.00012120550565710662
  679.012346  3271.604938  -0.00012096826180704399
  679.012346  3395.061728  -0.00012138879250595298
  679.012346  3518.518519  -0.00012072974544077978
  679.012346  3641.975309  -0.00012124894941838427
  679.012346  3765.432099  -0.00012026265552394842
  679.012346  3888.888889  -0.00012144532075398582
  679.012346  4012.345679  -0.00012038879464023411
  679.012346  4135.802469  -0.00011978802624759619
  679.012346  4259.259259  -0.00012160320151183208
  679.012346  4382.716049  -0.00011954929318675851
  679.012346  4506.172840  -0.00011654186685929276
  679.012346  4629.629630  -0.00012404938568322138
  679.012346  4753.086420  -0.00011851933758934014
  679.012346  4876.543210  -0.00012696158787742459

  802.469136 -5000.000000  -0.00002164182341946288
  802.469136 -4876.543210  -0.00012517967581371031
  802.469136 -4753.086420  -0.00011671819740938676
  802.469136 -4629.629630  -0.00012217641771592448
  802.469136 -4506.172840  -0.00011478271137866019
  802.469136 -4382.716049  -0.00011778687048749555
  802.469136 -4259.259259  -0.00011983595274299228
  802.469136 -4135.802469  -0.00011804330394766582
  802.469136 -4012.345679  -0.00011862135445795041
  802.469136 -3888.888889  -0.00011964431742399335
  802.469136 -3765.432099  -0.00011845367374347567
  802.469136 -3641.975309  -0.00011943554076379182
  802.469136 -3518.518519  -0.00011890614576855349
  802.469136 -3395.061728  -0.00011956046117089196
  802.469136 -3271.604938  -0.00011916952615851530
  802.469136 -3148.148148  -0.00011941167719369321
  802.469136 -3024.691358  -0.00011953289032342858
  802.469136 -2901.234568  -0.00011999757506685625
  802.469136 -2777.777778  -0.00012045521815060516
  802.469136 -2654.320988  -0.00012030486600755113
  802.469136 -2530.864198  -0.00012025251324578658
  802.469136 -2407.407407  -0.00012161739853584489
  802.469136 -2283.950617  -0.00012157041221122351
  802.469136 -2160.493827  -0.00012212320509515567
  802.469136 -2037.037037  -0.00012290461227361613
  802.469136 -1913.580247  -0.00012409729938939973
  802.469136 -1790.123457  -0.00012535952399872984
  802.469136 -1666.666667  -0.00012687707819964458
  802.469136 -1543.209877  -0.00012883315851580220
  802.469136 -1419.753086  -0.00013145607957661319
  802.469136 -1296.296296  -0.00013489687305478625
  802.469136 -1172.839506  -0.00013949336578716824
  802.469136 -1049.382716  -0.00014616688189660024
  802.469136  -925.925926  -0.00015556523058101007
  802.469136  -802.469136  -0.00016880316943510850
  802.469136  -679.012346  -0.00018739782741257163
  802.469136  -555.555556  -0.00021231111122035280
  802.469136  -432.098765  -0.00024272460731825297
  802.469136  -308.641975  -0.00027500729099167218
  802.469136  -185.185185  -0.00030311684629379690
  802.469136   -61.728395  -0.00032000771770462780
  802.469136    61.728395  -0.00032000771770464455
  802.469136   185.185185  -0.00030311684629384563
  802.469136   308.641975  -0.00027500729099174499
  802.469136   432.098765  -0.00024272460731833542
  802.469136   555.555556  -0.00021231111122042994
  802.469136   679.012346  -0.00018739782741265836
  802.469136   802.469136  -0.00016880316943517198
  802.469136   925.925926  -0.00015556523058106225
  802.469136  1049.382716  -0.00014616688189664711
  802.469136  1172.839506  -0.00013949336578719890
  802.469136  1296.296296  -0.00013489687305482255
  802.469136  1419.753086  -0.00013145607957664243
  802.469136  1543.209877  -0.00012883315851581871
  802.469136  1666.666667  -0.00012687707819966250
  802.469136  1790.123457  -0.00012535952399874372
  802.469136  1913.580247  -0.00012409729938941407
  802.469136  2037.037037  -0.00012290461227361786
  802.469136  2160.493827  -0.00012212320509514776
  802.469136  2283.950617  -0.00012157041221123905
  802.469136  2407.407407  -0.00012161739853584460
  802.469136  2530.864198  -0.00012025251324579298
  802.469136  2654.320988  -0.00012030486600754342
  802.469136  2777.777778  -0.00012045521815059940
  802.469136  2901.234568  -0.00011999757506685326
  802.469136  3024.691358  -0.00011953289032341217
  802.469136  3148.148148  -0.00011941167719367611
  802.469136  3271.604938  -0.00011916952615850238
  802.469136  3395.061728  -0.00011956046117088399
  802.469136  3518.518519  -0.00011890614576854592
  802.469136  3641.975309  -0.00011943554076377394
  802.469136  3765.432099  -0.00011845367374346709
  802.469136  3888.888889  -0.00011964431742398535
  802.469136  4012.345679  -0.00011862135445793596
  802.469136  4135.802469  -0.00011804330394765050
  802.469136  4259.259259  -0.00011983595274297061
  802.469136  4382.716049  -0.00011778687048748082
  802.469136  4506.172840  -0.00011478271137865812
  802.469136  4629.629630  -0.00012217641771592147
  802.469136  4753.086420  -0.00011671819740938829
  802.469136  4876.543210  -0.00012517967581368385

  925.925926 -5000.000000  -0.00002131901550258796
  925.925926 -4876.543210  -0.00012289155894120072
  925.925926 -4753.086420  -0.00011441871537687686
  925.925926 -4629.629630  -0.00011978736394700344
  925.925926 -4506.172840  -0.00011253711647883252
  925.925926 -4382.716049  -0.00011553143201644927
  925.925926 -4259.259259  -0.00011757224055664651
  925.925926 -4135.802469  -0.00011581086818275823
  925.925926 -4012.345679  -0.00011636164377641611
  925.925926 -3888.888889  -0.00011734240478918064
  925.925926 -3765.432099  -0.00011614178478501544
  925.925926 -3641.975309  -0.00011710733853969946
  925.925926 -3518.518519  -0.00011656706764833735
  925.925926 -3395.061728  -0.00011721433037264743
  925.925926 -3271.604938  -0.00011686083191326828
  925.925926 -3148.148148  -0.00011710857939095647
  925.925926 -3024.691358  -0.00011719957910032550
  925.925926 -2901.234568  -0.00011760223274174542
  925.925926 -2777.777778  -0.00011803503497899590
  925.925926 -2654.320988  -0.00011788987564051848
  925.925926 -2530.864198  -0.00011775188938365287
  925.925926 -2407.407407  -0.00011917644946279357
  925.925926 -2283.950617  -0.00011904110721215155
  925.925926 -2160.493827  -0.00011959434806957735
  925.925926 -2037.037037  -0.00012027402799046367
  925.925926 -1913.580247  -0.00012136417508461141
  925.925926 -1790.123457  -0.00012248669694955687
  925.925926 -1666.666667  -0.00012385754475348571
  925.925926 -1543.209877  -0.00012561123028424998
  925.925926 -1419.753086  -0.00012791586917193805
  925.925926 -1296.296296  -0.00013100983833229889
  925.925926 -1172.839506  -0.00013489078153711999
  925.925926 -1049.382716  -0.00014082973971378215
  925.925926  -925.925926  -0.00014906146634425865
  925.925926  -802.469136  -0.00016068223361860657
  925.925926  -679.012346  -0.00017690119945760742
  925.925926  -555.555556  -0.00019850037620107929
  925.925926  -432.098765  -0.00022460947172202249
  925.925926  -308.641975  -0.00025206772111554285
  925.925926  -185.185185  -0.00027585198040182290
  925.925926   -61.728395  -0.00029022197202955863
  925.925926    61.728395  -0.00029022197202957387
  925.925926   185.185185  -0.00027585198040187386
  925.925926   308.641975  -0.00025206772111561462
  925.925926   432.098765  -0.00022460947172210465
  925.925926   555.555556  -0.00019850037620115787
  925.925926   679.012346  -0.00017690119945768922
  925.925926   802.469136  -0.00016068223361866835
  925.925926   925.925926  -0.00014906146634430942
  925.925926  1049.382716  -0.00014082973971382654
  925.925926  1172.839506  -0.00013489078153714748
  925.925926  1296.296296  -0.00013100983833233383
  925.925926  1419.753086  -0.00012791586917196475
  925.925926  1543.209877  -0.00012561123028426328
  925.925926  1666.666667  -0.00012385754475350387
  925.925926  1790.123457  -0.00012248669694956899
  925.925926  1913.580247  -0.00012136417508462251
  925.925926  2037.037037  -0.00012027402799046207
  925.925926  2160.493827  -0.00011959434806956766
  925.925926  2283.950617  -0.00011904110721216394
  925.925926  2407.407407  -0.00011917644946279082
  925.925926  2530.864198  -0.00011775188938365702
  925.925926  2654.320988  -0.00011788987564051230
  925.925926  2777.777778  -0.00011803503497899213
  925.925926  2901.234568  -0.00011760223274174346
  925.925926  3024.691358  -0.00011719957910030922
  925.925926  3148.148148  -0.00011710857939093946
  925.925926  3271.604938  -0.00011686083191325572
  925.925926  3395.061728  -0.00011721433037263957
  925.925926  3518.518519  -0.00011656706764833078
  925.925926  3641.975309  -0.00011710733853968302
  925.925926  3765.432099  -0.00011614178478500538
  925.925926  3888.888889  -0.00011734240478917253
  925.925926  4012.345679  -0.00011636164377640131
  925.925926  4135.802469  -0.00011581086818274182
  925.925926  4259.259259  -0.00011757224055662526
  925.925926  4382.716049  -0.00011553143201643536
  925.925926  4506.172840  -0.00011253711647883048
  925.925926  4629.629630  -0.00011978736394699980
  925.925926  4753.086420  -0.00011441871537687794
  925.925926  4876.543210  -0.00012289155894117546

 1049.382716 -5000.000000  -0.00002097785409813166
 1049.382716 -4876.543210  -0.00012048165073298471
 1049.382716 -4753.086420  -0.00011198566214704522
 1049.382716 -4629.629630  -0.00011725726575710895
 1049.382716 -4506.172840  -0.00011016018296367647
 1049.382716 -4382.716049  -0.00011314938016794534
 1049.382716 -4259.259259  -0.00011518346381692886
 1049.382716 -4135.802469  -0.00011345267550706479
 1049.382716 -4012.345679  -0.00011397421017752425
 1049.382716 -3888.888889  -0.00011490989568522769
 1049.382716 -3765.432099  -0.00011370445360035278
 1049.382716 -3641.975309  -0.00011467408052654322
 1049.382716 -3518.518519  -0.00011412228064980990
 1049.382716 -3395.061728  -0.00011476471390581078
 1049.382716 -3271.604938  -0.00011444848654773586
 1049.382716 -3148.148148  -0.00011470420559145931
 1049.382716 -3024.691358  -0.00011476472893711632
 1049.382716 -2901.234568  -0.00011510183932616354
 1049.382716 -2777.777778  -0.00011550466276337834
 1049.382716 -2654.320988  -0.00011536097248162591
 1049.382716 -2530.864198  -0.00011515340894088861
 1049.382716 -2407.407407  -0.00011666570443741660
 1049.382716 -2283.950617  -0.00011641271402192702
 1049.382716 -2160.493827  -0.00011697061352450935
 1049.382716 -2037.037037  -0.00011756071882641818
 1049.382716 -1913.580247  -0.00011855170179803289
 1049.382716 -1790.123457  -0.00011951108401654322
 1049.382716 -1666.666667  -0.00012071610265028596
 1049.382716 -1543.209877  -0.00012226843433766086
 1049.382716 -1419.753086  -0.00012430300778325321
 1049.382716 -1296.296296  -0.00012691484431291954
 1049.382716 -1172.839506  -0.00013102225789461623
 1049.382716 -1049.382716  -0.00013602936927275007
 1049.382716  -925.925926  -0.00014315100405022950
 1049.382716  -802.469136  -0.00015299690397270436
 1049.382716  -679.012346  -0.00016667039732858960
 1049.382716  -555.555556  -0.00018457000299114978
 1049.382716  -432.098765  -0.00020588091798383597
 1049.382716  -308.641975  -0.00022789084969579001
 1049.382716  -185.185185  -0.00024663977917431025
 1049.382716   -61.728395  -0.00025807616415735008
 1049.382716    61.728395  -0.00025807616415736081
 1049.382716   185.185185  -0.00024663977917436034
 1049.382716   308.641975  -0.00022789084969585533
 1049.382716   432.098765  -0.00020588091798390918
 1049.382716   555.555556  -0.00018457000299122500
 1049.382716   679.012346  -0.00016667039732866259
 1049.382716   802.469136  -0.00015299690397275938
 1049.382716   925.925926  -0.00014315100405027650
 1049.382716  1049.382716  -0.00013602936927278970
 1049.382716  1172.839506  -0.00013102225789463938
 1049.382716  1296.296296  -0.00012691484431295253
 1049.382716  1419.753086  -0.00012430300778327701
 1049.382716  1543.209877  -0.00012226843433767238
 1049.382716  1666.666667  -0.00012071610265030235
 1049.382716  1790.123457  -0.00011951108401655310
 1049.382716  1913.580247  -0.00011855170179804333
 1049.382716  2037.037037  -0.00011756071882641244
 1049.382716  2160.493827  -0.00011697061352449656
 1049.382716  2283.950617  -0.00011641271402193798
 1049.382716  2407.407407  -0.00011666570443741507
 1049.382716  2530.864198  -0.00011515340894089012
 1049.382716  2654.320988  -0.00011536097248161812
 1049.382716  2777.777778  -0.00011550466276337319
 1049.382716  2901.234568  -0.00011510183932616132
 1049.382716  3024.691358  -0.00011476472893709939
 1049.382716  3148.148148  -0.00011470420559144394
 1049.382716  3271.604938  -0.00011444848654772253
 1049.382716  3395.061728  -0.00011476471390580200
 1049.382716  3518.518519  -0.00011412228064980320
 1049.382716  3641.975309  -0.00011467408052652794
 1049.382716  3765.432099  -0.00011370445360034203
 1049.382716  3888.888889  -0.00011490989568521931
 1049.382716  4012.345679  -0.00011397421017750890
 1049.382716  4135.802469  -0.00011345267550704781
 1049.382716  4259.259259  -0.00011518346381690658
 1049.382716  4382.716049  -0.00011314938016792937
 1049.382716  4506.172840  -0.00011016018296367291
 1049.382716  4629.629630  -0.00011725726575710409
 1049.382716  4753.086420  -0.00011198566214704412
 1049.382716  4876.543210  -0.00012048165073295733

 1172.839506 -5000.000000  -0.00002057889646118448
 1172.839506 -4876.543210  -0.00011763411346581698
 1172.839506 -4753.086420  -0.00010911781261988514
 1172.839506 -4629.629630  -0.00011427626176825327
 1172.839506 -4506.172840  -0.00010735976390168171
 1172.839506 -4382.716049  -0.00011033903945662407
 1172.839506 -4259.259259  -0.00011236381923464755
 1172.839506 -4135.802469  -0.00011067171395455735
 1172.839506 -4012.345679  -0.00011115773460300635
 1172.839506 -3888.888889  -0.00011204161359451879
 1172.839506 -3765.432099  -0.00011081788266738495
 1172.839506 -3641.975309  -0.00011174738103840548
 1172.839506 -3518.518519  -0.00011118663466851132
 1172.839506 -3395.061728  -0.00011182094958436417
 1172.839506 -3271.604938  -0.00011155230267920053
 1172.839506 -3148.148148  -0.00011181482438121687
 1172.839506 -3024.691358  -0.00011184030389675914
 1172.839506 -2901.234568  -0.00011210278253457814
 1172.839506 -2777.777778  -0.00011247364531585913
 1172.839506 -2654.320988  -0.00011233826637499493
 1172.839506 -2530.864198  -0.00011204760911175098
 1172.839506 -2407.407407  -0.00011352297644175872
 1172.839506 -2283.950617  -0.00011316590718458302
 1172.839506 -2160.493827  -0.00011374631191621652
 1172.839506 -2037.037037  -0.00011421638816754169
 1172.839506 -1913.580247  -0.00011508403888039672
 1172.839506 -1790.123457  -0.00011589793979094867
 1172.839506 -1666.666667  -0.00011695833211791702
 1172.839506 -1543.209877  -0.00011829263742459546
 1172.839506 -1419.753086  -0.00011991949203292074
 1172.839506 -1296.296296  -0.00012221008295035707
 1172.839506 -1172.839506  -0.00012454373926037220
 1172.839506 -1049.382716  -0.00012881938117382686
 1172.839506  -925.925926  -0.00013447778173553593
 1172.839506  -802.469136  -0.00014241070151518065
 1172.839506  -679.012346  -0.00015314832861403207
 1172.839506  -555.555556  -0.00016701387003605918
 1172.839506  -432.098765  -0.00018306139928051185
 1172.839506  -308.641975  -0.00019917345846518991
 1172.839506  -185.185185  -0.00021262118606293678
 1172.839506   -61.728395  -0.00022094052699954975
 1172.839506    61.728395  -0.00022094052699956311
 1172.839506   185.185185  -0.00021262118606297768
 1172.839506   308.641975  -0.00019917345846524651
 1172.839506   432.098765  -0.00018306139928057520
 1172.839506   555.555556  -0.00016701387003611990
 1172.839506   679.012346  -0.00015314832861409511
 1172.839506   802.469136  -0.00014241070151522665
 1172.839506   925.925926  -0.00013447778173557564
 1172.839506  1049.382716  -0.00012881938117386183
 1172.839506  1172.839506  -0.00012454373926039220
 1172.839506  1296.296296  -0.00012221008295038775
 1172.839506  1419.753086  -0.00011991949203294033
 1172.839506  1543.209877  -0.00011829263742460397
 1172.839506  1666.666667  -0.00011695833211793141
 1172.839506  1790.123457  -0.00011589793979095723
 1172.839506  1913.580247  -0.00011508403888040344
 1172.839506  2037.037037  -0.00011421638816753485
 1172.839506  2160.493827  -0.00011374631191619833
 1172.839506  2283.950617  -0.00011316590718459148
 1172.839506  2407.407407  -0.00011352297644175475
 1172.839506  2530.864198  -0.00011204760911175064
 1172.839506  2654.320988  -0.00011233826637498623
 1172.839506  2777.777778  -0.00011247364531585489
 1172.839506  2901.234568  -0.00011210278253457549
 1172.839506  3024.691358  -0.00011184030389674086
 1172.839506  3148.148148  -0.00011181482438119666
 1172.839506  3271.604938  -0.00011155230267918668
 1172.839506  3395.061728  -0.00011182094958435351
 1172.839506  3518.518519  -0.00011118663466850176
 1172.839506  3641.975309  -0.00011174738103838615
 1172.839506  3765.432099  -0.00011081788266737466
 1172.839506  3888.888889  -0.00011204161359450850
 1172.839506  4012.345679  -0.00011115773460299003
 1172.839506  4135.802469  -0.00011067171395453888
 1172.839506  4259.259259  -0.00011236381923462402
 1172.839506  4382.716049  -0.00011033903945660694
 1172.839506  4506.172840  -0.00010735976390167621
 1172.839506  4629.629630  -0.00011427626176824590
 1172.839506  4753.086420  -0.00010911781261988374
 1172.839506  4876.543210  -0.00011763411346579091

 1296.296296 -5000.000000  -0.00002008999927430018
 1296.296296 -4876.543210  -0.00011427851715497679
 1296.296296 -4753.086420  -0.00010574309407033225
 1296.296296 -4629.629630  -0.00011079331645811086
 1296.296296 -4506.172840  -0.00010407282684936354
 1296.296296 -4382.716049  -0.00010703419511468670
 1296.296296 -4259.259259  -0.00010904702340710037
 1296.296296 -4135.802469  -0.00010740470324795491
 1296.296296 -4012.345679  -0.00010785595301918030
 1296.296296 -3888.888889  -0.00010867077180023799
 1296.296296 -3765.432099  -0.00010744808295501256
 1296.296296 -3641.975309  -0.00010837616564855980
 1296.296296 -3518.518519  -0.00010780243323350718
 1296.296296 -3395.061728  -0.00010842926040049288
 1296.296296 -3271.604938  -0.00010821547553029482
 1296.296296 -3148.148148  -0.00010848521255561772
 1296.296296 -3024.691358  -0.00010846989783724592
 1296.296296 -2901.234568  -0.00010865594859848130
 1296.296296 -2777.777778  -0.00010899183556967010
 1296.296296 -2654.320988  -0.00010887028724523840
 1296.296296 -2530.864198  -0.00010844021779390975
 1296.296296 -2407.407407  -0.00011000000689770046
 1296.296296 -2283.950617  -0.00010936396977141598
 1296.296296 -2160.493827  -0.00010989020463732514
 1296.296296 -2037.037037  -0.00011044570503197177
 1296.296296 -1913.580247  -0.00011127160171916686
 1296.296296 -1790.123457  -0.00011178158223461094
 1296.296296 -1666.666667  -0.00011252098783151995
 1296.296296 -1543.209877  -0.00011378350547511922
 1296.296296 -1419.753086  -0.00011559926883092746
 1296.296296 -1296.296296  -0.00011629231967460469
 1296.296296 -1172.839506  -0.00012068145123377945
 1296.296296 -1049.382716  -0.00012297850886166907
 1296.296296  -925.925926  -0.00012821104074494459
 1296.296296  -802.469136  -0.00013422182648054190
 1296.296296  -679.012346  -0.00014239164503418290
 1296.296296  -555.555556  -0.00015226606105069293
 1296.296296  -432.098765  -0.00016373385868551820
 1296.296296  -308.641975  -0.00017500038266436257
 1296.296296  -185.185185  -0.00018373796682982039
 1296.296296   -61.728395  -0.00018920458583090129
 1296.296296    61.728395  -0.00018920458583091885
 1296.296296   185.185185  -0.00018373796682985717
 1296.296296   308.641975  -0.00017500038266441150
 1296.296296   432.098765  -0.00016373385868557645
 1296.296296   555.555556  -0.00015226606105073873
 1296.296296   679.012346  -0.00014239164503424234
 1296.296296   802.469136  -0.00013422182648058681
 1296.296296   925.925926  -0.00012821104074498490
 1296.296296  1049.382716  -0.00012297850886170425
 1296.296296  1172.839506  -0.00012068145123380497
 1296.296296  1296.296296  -0.00011629231967463361
 1296.296296  1419.753086  -0.00011559926883094949
 1296.296296  1543.209877  -0.00011378350547513086
 1296.296296  1666.666667  -0.00011252098783153807
 1296.296296  1790.123457  -0.00011178158223462360
 1296.296296  1913.580247  -0.00011127160171917534
 1296.296296  2037.037037  -0.00011044570503196489
 1296.296296  2160.493827  -0.00010989020463730965
 1296.296296  2283.950617  -0.00010936396977142763
 1296.296296  2407.407407  -0.00011000000689770031
 1296.296296  2530.864198  -0.00010844021779390318
 1296.296296  2654.320988  -0.00010887028724522625
 1296.296296  2777.777778  -0.00010899183556966152
 1296.296296  2901.234568  -0.00010865594859847383
 1296.296296  3024.691358  -0.00010846989783722551
 1296.296296  3148.148148  -0.00010848521255560047
 1296.296296  3271.604938  -0.00010821547553028024
 1296.296296  3395.061728  -0.00010842926040048290
 1296.296296  3518.518519  -0.00010780243323350184
 1296.296296  3641.975309  -0.00010837616564854422
 1296.296296  3765.432099  -0.00010744808295499997
 1296.296296  3888.888889  -0.00010867077180022542
 1296.296296  4012.345679  -0.00010785595301916035
 1296.296296  4135.802469  -0.00010740470324793287
 1296.296296  4259.259259  -0.00010904702340707497
 1296.296296  4382.716049  -0.00010703419511466888
 1296.296296  4506.172840  -0.00010407282684935742
 1296.296296  4629.629630  -0.00011079331645810415
 1296.296296  4753.086420  -0.00010574309407033165
 1296.296296  4876.543210  -0.00011427851715494965

 1419.753086 -5000.000000  -0.00001964893155346969
 1419.753086 -4876.543210  -0.00011120250977593648
 1419.753086 -4753.086420  -0.00010262444302794658
 1419.753086 -4629.629630  -0.00010753498117573797
 1419.753086 -4506.172840  -0.00010102087611112655
 1419.753086 -4382.716049  -0.00010398437906972370
 1419.753086 -4259.259259  -0.00010599000596101331
 1419.753086 -4135.802469  -0.00010438282260458658
 1419.753086 -4012.345679  -0.00010479094869477556
 1419.753086 -3888.888889  -0.00010555500569503802
 1419.753086 -3765.432099  -0.00010430281301915743
 1419.753086 -3641.975309  -0.00010519864756801789
 1419.753086 -3518.518519  -0.00010461052088754008
 1419.753086 -3395.061728  -0.00010523144119465048
 1419.753086 -3271.604938  -0.00010507691327644542
 1419.753086 -3148.148148  -0.00010535831668717174
 1419.753086 -3024.691358  -0.00010530114305042124
 1419.753086 -2901.234568  -0.00010540058527907763
 1419.753086 -2777.777778  -0.00010570678591255778
 1419.753086 -2654.320988  -0.00010560549874077381
 1419.753086 -2530.864198  -0.00010506433383866332
 1419.753086 -2407.407407  -0.00010660212710363727
 1419.753086 -2283.950617  -0.00010583752435522917
 1419.753086 -2160.493827  -0.00010639765374918715
 1419.753086 -2037.037037  -0.00010684311174633683
 1419.753086 -1913.580247  -0.00010755722391261082
 1419.753086 -1790.123457  -0.00010792191224505512
 1419.753086 -1666.666667  -0.00010852471034515734
 1419.753086 -1543.209877  -0.00010959713341396578
 1419.753086 -1419.753086  -0.00011104365672915733
 1419.753086 -1296.296296  -0.00011140268894871543
 1419.753086 -1172.839506  -0.00011393637529350160
 1419.753086 -1049.382716  -0.00011557813316795931
 1419.753086  -925.925926  -0.00011951548218414321
 1419.753086  -802.469136  -0.00012384327181077934
 1419.753086  -679.012346  -0.00012946971211225364
 1419.753086  -555.555556  -0.00013601111805824705
 1419.753086  -432.098765  -0.00014335899901995016
 1419.753086  -308.641975  -0.00015029390778223295
 1419.753086  -185.185185  -0.00015540874986285969
 1419.753086   -61.728395  -0.00015874437194095915
 1419.753086    61.728395  -0.00015874437194096855
 1419.753086   185.185185  -0.00015540874986288229
 1419.753086   308.641975  -0.00015029390778226973
 1419.753086   432.098765  -0.00014335899901999746
 1419.753086   555.555556  -0.00013601111805828164
 1419.753086   679.012346  -0.00012946971211230375
 1419.753086   802.469136  -0.00012384327181081740
 1419.753086   925.925926  -0.00011951548218417855
 1419.753086  1049.382716  -0.00011557813316799403
 1419.753086  1172.839506  -0.00011393637529352274
 1419.753086  1296.296296  -0.00011140268894874413
 1419.753086  1419.753086  -0.00011104365672917731
 1419.753086  1543.209877  -0.00010959713341397496
 1419.753086  1666.666667  -0.00010852471034517497
 1419.753086  1790.123457  -0.00010792191224506764
 1419.753086  1913.580247  -0.00010755722391261828
 1419.753086  2037.037037  -0.00010684311174632876
 1419.753086  2160.493827  -0.00010639765374916981
 1419.753086  2283.950617  -0.00010583752435524147
 1419.753086  2407.407407  -0.00010660212710363750
 1419.753086  2530.864198  -0.00010506433383865454
 1419.753086  2654.320988  -0.00010560549874075684
 1419.753086  2777.777778  -0.00010570678591254652
 1419.753086  2901.234568  -0.00010540058527906943
 1419.753086  3024.691358  -0.00010530114305039929
 1419.753086  3148.148148  -0.00010535831668715350
 1419.753086  3271.604938  -0.00010507691327642894
 1419.753086  3395.061728  -0.00010523144119463952
 1419.753086  3518.518519  -0.00010461052088753253
 1419.753086  3641.975309  -0.00010519864756800270
 1419.753086  3765.432099  -0.00010430281301914424
 1419.753086  3888.888889  -0.00010555500569502174
 1419.753086  4012.345679  -0.00010479094869475443
 1419.753086  4135.802469  -0.00010438282260456462
 1419.753086  4259.259259  -0.00010599000596098739
 1419.753086  4382.716049  -0.00010398437906970140
 1419.753086  4506.172840  -0.00010102087611111854
 1419.753086  4629.629630  -0.00010753498117572931
 1419.753086  4753.086420  -0.00010262444302794349
 1419.753086  4876.543210  -0.00011120250977590756

 1543.209877 -5000.000000  -0.00001939937311808883
 1543.209877 -4876.543210  -0.00010925586052064705
 1543.209877 -4753.086420  -0.00010054774208002151
 1543.209877 -4629.629630  -0.00010536156551537359
 1543.209877 -4506.172840  -0.00009899112136762907
 1543.209877 -4382.716049  -0.00010199152083222025
 1543.209877 -4259.259259  -0.00010401024238140857
 1543.209877 -4135.802469  -0.00010241576923234437
 1543.209877 -4012.345679  -0.00010278708508279269
 1543.209877 -3888.888889  -0.00010350884847472834
 1543.209877 -3765.432099  -0.00010224089125660173
 1543.209877 -3641.975309  -0.00010321030797147384
 1543.209877 -3518.518519  -0.00010259082841937609
 1543.209877 -3395.061728  -0.00010321921411797407
 1543.209877 -3271.604938  -0.00010311965446344160
 1543.209877 -3148.148148  -0.00010342415339787819
 1543.209877 -3024.691358  -0.00010332192048467382
 1543.209877 -2901.234568  -0.00010332916613929091
 1543.209877 -2777.777778  -0.00010361652453591090
 1543.209877 -2654.320988  -0.00010354167686847220
 1543.209877 -2530.864198  -0.00010289439144293595
 1543.209877 -2407.407407  -0.00010475910452630499
 1543.209877 -2283.950617  -0.00010383331738368535
 1543.209877 -2160.493827  -0.00010443850896636662
 1543.209877 -2037.037037  -0.00010477591845964547
 1543.209877 -1913.580247  -0.00010541579841710213
 1543.209877 -1790.123457  -0.00010563111200615769
 1543.209877 -1666.666667  -0.00010610119500139259
 1543.209877 -1543.209877  -0.00010699906604678293
 1543.209877 -1419.753086  -0.00010818302033975151
 1543.209877 -1296.296296  -0.00010819005382102009
 1543.209877 -1172.839506  -0.00011077514544425660
 1543.209877 -1049.382716  -0.00011169320597946459
 1543.209877  -925.925926  -0.00011468305807197183
 1543.209877  -802.469136  -0.00011760986390345663
 1543.209877  -679.012346  -0.00012133005543069343
 1543.209877  -555.555556  -0.00012535215241285565
 1543.209877  -432.098765  -0.00012975709625005652
 1543.209877  -308.641975  -0.00013375412592168181
 1543.209877  -185.185185  -0.00013650066178801749
 1543.209877   -61.728395  -0.00013843058843237744
 1543.209877    61.728395  -0.00013843058843238492
 1543.209877   185.185185  -0.00013650066178803202
 1543.209877   308.641975  -0.00013375412592170702
 1543.209877   432.098765  -0.00012975709625009040
 1543.209877   555.555556  -0.00012535215241287777
 1543.209877   679.012346  -0.00012133005543073119
 1543.209877   802.469136  -0.00011760986390348340
 1543.209877   925.925926  -0.00011468305807199594
 1543.209877  1049.382716  -0.00011169320597948866
 1543.209877  1172.839506  -0.00011077514544426776
 1543.209877  1296.296296  -0.00010819005382104161
 1543.209877  1419.753086  -0.00010818302033976398
 1543.209877  1543.209877  -0.00010699906604678764
 1543.209877  1666.666667  -0.00010610119500140469
 1543.209877  1790.123457  -0.00010563111200616702
 1543.209877  1913.580247  -0.00010541579841710457
 1543.209877  2037.037037  -0.00010477591845963327
 1543.209877  2160.493827  -0.00010443850896634537
 1543.209877  2283.950617  -0.00010383331738369155
 1543.209877  2407.407407  -0.00010475910452630026
 1543.209877  2530.864198  -0.00010289439144292652
 1543.209877  2654.320988  -0.00010354167686845343
 1543.209877  2777.777778  -0.00010361652453589767
 1543.209877  2901.234568  -0.00010332916613927836
 1543.209877  3024.691358  -0.00010332192048464868
 1543.209877  3148.148148  -0.00010342415339785531
 1543.209877  3271.604938  -0.00010311965446342211
 1543.209877  3395.061728  -0.00010321921411795786
 1543.209877  3518.518519  -0.00010259082841936301
 1543.209877  3641.975309  -0.00010321030797145363
 1543.209877  3765.432099  -0.00010224089125658478
 1543.209877  3888.888889  -0.00010350884847470754
 1543.209877  4012.345679  -0.00010278708508276573
 1543.209877  4135.802469  -0.00010241576923231744
 1543.209877  4259.259259  -0.00010401024238137718
 1543.209877  4382.716049  -0.00010199152083219467
 1543.209877  4506.172840  -0.00009899112136761584
 1543.209877  4629.629630  -0.00010536156551536091
 1543.209877  4753.086420  -0.00010054774208001367
 1543.209877  4876.543210  -0.00010925586052061467

 1666.666667 -5000.000000  -0.00001865014366885625
 1666.666667 -4876.543210  -0.00010411589682753440
 1666.666667 -4753.086420  -0.00009543605596588457
 1666.666667 -4629.629630  -0.00010004606394381613
 1666.666667 -4506.172840  -0.00009399379483332414
 1666.666667 -4382.716049  -0.00009695526427116955
 1666.666667 -4259.259259  -0.00009894543903164467
 1666.666667 -4135.802469  -0.00009742377768923206
 1666.666667 -4012.345679  -0.00009773999205652567
 1666.666667 -3888.888889  -0.00009837733758945605
 1666.666667 -3765.432099  -0.00009709316003334426
 1666.666667 -3641.975309  -0.00009799349934077769
 1666.666667 -3518.518519  -0.00009736977093762733
 1666.666667 -3395.061728  -0.00009798516814337466
 1666.666667 -3271.604938  -0.00009796427811778524
 1666.666667 -3148.148148  -0.00009828109166089731
 1666.666667 -3024.691358  -0.00009813482612750357
 1666.666667 -2901.234568  -0.00009804497090961498
 1666.666667 -2777.777778  -0.00009829310660894848
 1666.666667 -2654.320988  -0.00009824673994132615
 1666.666667 -2530.864198  -0.00009747522728343042
 1666.666667 -2407.407407  -0.00009909500666120361
 1666.666667 -2283.950617  -0.00009804589586429665
 1666.666667 -2160.493827  -0.00009869408745859072
 1666.666667 -2037.037037  -0.00009893468897181815
 1666.666667 -1913.580247  -0.00009946566521040360
 1666.666667 -1790.123457  -0.00009955419075562110
 1666.666667 -1666.666667  -0.00009991915909933733
 1666.666667 -1543.209877  -0.00010064990481004689
 1666.666667 -1419.753086  -0.00010153388329322008
 1666.666667 -1296.296296  -0.00010129349422423823
 1666.666667 -1172.839506  -0.00010353230755933780
 1666.666667 -1049.382716  -0.00010394748462000523
 1666.666667  -925.925926  -0.00010611504543336063
 1666.666667  -802.469136  -0.00010797548410225788
 1666.666667  -679.012346  -0.00011027781342737930
 1666.666667  -555.555556  -0.00011256353739226231
 1666.666667  -432.098765  -0.00011502439148675064
 1666.666667  -308.641975  -0.00011717142807143298
 1666.666667  -185.185185  -0.00011851171218083980
 1666.666667   -61.728395  -0.00011961510003296385
 1666.666667    61.728395  -0.00011961510003296905
 1666.666667   185.185185  -0.00011851171218085130
 1666.666667   308.641975  -0.00011717142807145204
 1666.666667   432.098765  -0.00011502439148677746
 1666.666667   555.555556  -0.00011256353739228257
 1666.666667   679.012346  -0.00011027781342741274
 1666.666667   802.469136  -0.00010797548410228210
 1666.666667   925.925926  -0.00010611504543338535
 1666.666667  1049.382716  -0.00010394748462003125
 1666.666667  1172.839506  -0.00010353230755935399
 1666.666667  1296.296296  -0.00010129349422426052
 1666.666667  1419.753086  -0.00010153388329323656
 1666.666667  1543.209877  -0.00010064990481005463
 1666.666667  1666.666667  -0.00009991915909935357
 1666.666667  1790.123457  -0.00009955419075563538
 1666.666667  1913.580247  -0.00009946566521041064
 1666.666667  2037.037037  -0.00009893468897180917
 1666.666667  2160.493827  -0.00009869408745857569
 1666.666667  2283.950617  -0.00009804589586431042
 1666.666667  2407.407407  -0.00009909500666120699
 1666.666667  2530.864198  -0.00009747522728341871
 1666.666667  2654.320988  -0.00009824673994130774
 1666.666667  2777.777778  -0.00009829310660893483
 1666.666667  2901.234568  -0.00009804497090960219
 1666.666667  3024.691358  -0.00009813482612747920
 1666.666667  3148.148148  -0.00009828109166087282
 1666.666667  3271.604938  -0.00009796427811776405
 1666.666667  3395.061728  -0.00009798516814335845
 1666.666667  3518.518519  -0.00009736977093761355
 1666.666667  3641.975309  -0.00009799349934075750
 1666.666667  3765.432099  -0.00009709316003332713
 1666.666667  3888.888889  -0.00009837733758943595
 1666.666667  4012.345679  -0.00009773999205650095
 1666.666667  4135.802469  -0.00009742377768920583
 1666.666667  4259.259259  -0.00009894543903161478
 1666.666667  4382.716049  -0.00009695526427114216
 1666.666667  4506.172840  -0.00009399379483331006
 1666.666667  4629.629630  -0.00010004606394380260
 1666.666667  4753.086420  -0.00009543605596587522
 1666.666667  4876.543210  -0.00010411589682750067

 1790.123457 -5000.000000  -0.00001791411709346034
 1790.123457 -4876.543210  -0.00009879512304801667
 1790.123457 -4753.086420  -0.00009011649333176867
 1790.123457 -4629.629630  -0.00009454783417933562
 1790.123457 -4506.172840  -0.00008880902352906832
 1790.123457 -4382.716049  -0.00009172566654994688
 1790.123457 -4259.259259  -0.00009369188171603282
 1790.123457 -4135.802469  -0.00009225538500893133
 1790.123457 -4012.345679  -0.00009251741428481377
 1790.123457 -3888.888889  -0.00009305172006513020
 1790.123457 -3765.432099  -0.00009176001440251159
 1790.123457 -3641.975309  -0.00009259538368079732
 1790.123457 -3518.518519  -0.00009196560088868495
 1790.123457 -3395.061728  -0.00009257014360835729
 1790.123457 -3271.604938  -0.00009263723091567993
 1790.123457 -3148.148148  -0.00009297059891471784
 1790.123457 -3024.691358  -0.00009277750356707104
 1790.123457 -2901.234568  -0.00009258231637012434
 1790.123457 -2777.777778  -0.00009279524580444534
 1790.123457 -2654.320988  -0.00009278747961233415
 1790.123457 -2530.864198  -0.00009188808510214699
 1790.123457 -2407.407407  -0.00009335799292543425
 1790.123457 -2283.950617  -0.00009217980439808171
 1790.123457 -2160.493827  -0.00009289739283460679
 1790.123457 -2037.037037  -0.00009303979570277590
 1790.123457 -1913.580247  -0.00009346985541464866
 1790.123457 -1790.123457  -0.00009343618738258910
 1790.123457 -1666.666667  -0.00009371586709411693
 1790.123457 -1543.209877  -0.00009431488189537253
 1790.123457 -1419.753086  -0.00009493064924247704
 1790.123457 -1296.296296  -0.00009449750026815209
 1790.123457 -1172.839506  -0.00009612636722706878
 1790.123457 -1049.382716  -0.00009617899573386323
 1790.123457  -925.925926  -0.00009770169953762446
 1790.123457  -802.469136  -0.00009880921627175956
 1790.123457  -679.012346  -0.00010013671896300234
 1790.123457  -555.555556  -0.00010132286035697706
 1790.123457  -432.098765  -0.00010260806736465298
 1790.123457  -308.641975  -0.00010368192727871792
 1790.123457  -185.185185  -0.00010423809338655594
 1790.123457   -61.728395  -0.00010486283253361753
 1790.123457    61.728395  -0.00010486283253362196
 1790.123457   185.185185  -0.00010423809338656296
 1790.123457   308.641975  -0.00010368192727873294
 1790.123457   432.098765  -0.00010260806736467472
 1790.123457   555.555556  -0.00010132286035699270
 1790.123457   679.012346  -0.00010013671896303165
 1790.123457   802.469136  -0.00009880921627178257
 1790.123457   925.925926  -0.00009770169953764909
 1790.123457  1049.382716  -0.00009617899573388781
 1790.123457  1172.839506  -0.00009612636722708606
 1790.123457  1296.296296  -0.00009449750026817610
 1790.123457  1419.753086  -0.00009493064924249455
 1790.123457  1543.209877  -0.00009431488189538336
 1790.123457  1666.666667  -0.00009371586709413497
 1790.123457  1790.123457  -0.00009343618738260783
 1790.123457  1913.580247  -0.00009346985541465877
 1790.123457  2037.037037  -0.00009303979570277259
 1790.123457  2160.493827  -0.00009289739283459732
 1790.123457  2283.950617  -0.00009217980439810187
 1790.123457  2407.407407  -0.00009335799292544610
 1790.123457  2530.864198  -0.00009188808510213633
 1790.123457  2654.320988  -0.00009278747961231584
 1790.123457  2777.777778  -0.00009279524580443140
 1790.123457  2901.234568  -0.00009258231637011378
 1790.123457  3024.691358  -0.00009277750356704568
 1790.123457  3148.148148  -0.00009297059891469605
 1790.123457  3271.604938  -0.00009263723091566051
 1790.123457  3395.061728  -0.00009257014360834295
 1790.123457  3518.518519  -0.00009196560088867380
 1790.123457  3641.975309  -0.00009259538368077906
 1790.123457  3765.432099  -0.00009176001440249615
 1790.123457  3888.888889  -0.00009305172006510982
 1790.123457  4012.345679  -0.00009251741428478875
 1790.123457  4135.802469  -0.00009225538500890649
 1790.123457  4259.259259  -0.00009369188171600301
 1790.123457  4382.716049  -0.00009172566654992102
 1790.123457  4506.172840  -0.00008880902352905415
 1790.123457  4629.629630  -0.00009454783417932283
 1790.123457  4753.086420  -0.00009011649333176029
 1790.123457  4876.543210  -0.00009879512304798224

 1913.580247 -5000.000000  -0.00001762509707120261
 1913.580247 -4876.543210  -0.00009583709450284238
 1913.580247 -4753.086420  -0.00008697698067606016
 1913.580247 -4629.629630  -0.00009136464395075902
 1913.580247 -4506.172840  -0.00008578468024152479
 1913.580247 -4382.716049  -0.00008871001967468556
 1913.580247 -4259.259259  -0.00009069565329166447
 1913.580247 -4135.802469  -0.00008931586275822896
 1913.580247 -4012.345679  -0.00008954017768892695
 1913.580247 -3888.888889  -0.00008997338102127927
 1913.580247 -3765.432099  -0.00008868841023637219
 1913.580247 -3641.975309  -0.00008958169413679162
 1913.580247 -3518.518519  -0.00008891897698896354
 1913.580247 -3395.061728  -0.00008953323208995408
 1913.580247 -3271.604938  -0.00008968567539959285
 1913.580247 -3148.148148  -0.00009005165202730496
 1913.580247 -3024.691358  -0.00008980421389443310
 1913.580247 -2901.234568  -0.00008949136401132964
 1913.580247 -2777.777778  -0.00008969312927630002
 1913.580247 -2654.320988  -0.00008974096193915492
 1913.580247 -2530.864198  -0.00008871578695921258
 1913.580247 -2407.407407  -0.00009066166234853713
 1913.580247 -2283.950617  -0.00008931601957671496
 1913.580247 -2160.493827  -0.00009014838775764566
 1913.580247 -2037.037037  -0.00009016962359048633
 1913.580247 -1913.580247  -0.00009053531195803346
 1913.580247 -1790.123457  -0.00009036877312333261
 1913.580247 -1666.666667  -0.00009057309494886474
 1913.580247 -1543.209877  -0.00009107457560461402
 1913.580247 -1419.753086  -0.00009147938729392602
 1913.580247 -1296.296296  -0.00009088807537220114
 1913.580247 -1172.839506  -0.00009207363617359199
 1913.580247 -1049.382716  -0.00009184038816148902
 1913.580247  -925.925926  -0.00009290661307445142
 1913.580247  -802.469136  -0.00009351108823413866
 1913.580247  -679.012346  -0.00009422663826035390
 1913.580247  -555.555556  -0.00009476591411647696
 1913.580247  -432.098765  -0.00009540119926364335
 1913.580247  -308.641975  -0.00009591757149354033
 1913.580247  -185.185185  -0.00009608519286207417
 1913.580247   -61.728395  -0.00009642929069980480
 1913.580247    61.728395  -0.00009642929069981167
 1913.580247   185.185185  -0.00009608519286208077
 1913.580247   308.641975  -0.00009591757149355120
 1913.580247   432.098765  -0.00009540119926365849
 1913.580247   555.555556  -0.00009476591411648837
 1913.580247   679.012346  -0.00009422663826037496
 1913.580247   802.469136  -0.00009351108823415413
 1913.580247   925.925926  -0.00009290661307446565
 1913.580247  1049.382716  -0.00009184038816150358
 1913.580247  1172.839506  -0.00009207363617360038
 1913.580247  1296.296296  -0.00009088807537221742
 1913.580247  1419.753086  -0.00009147938729393611
 1913.580247  1543.209877  -0.00009107457560461913
 1913.580247  1666.666667  -0.00009057309494887789
 1913.580247  1790.123457  -0.00009036877312334372
 1913.580247  1913.580247  -0.00009053531195803814
 1913.580247  2037.037037  -0.00009016962359047599
 1913.580247  2160.493827  -0.00009014838775762820
 1913.580247  2283.950617  -0.00008931601957672826
 1913.580247  2407.407407  -0.00009066166234854030
 1913.580247  2530.864198  -0.00008871578695920386
 1913.580247  2654.320988  -0.00008974096193913802
 1913.580247  2777.777778  -0.00008969312927628931
 1913.580247  2901.234568  -0.00008949136401132029
 1913.580247  3024.691358  -0.00008980421389440990
 1913.580247  3148.148148  -0.00009005165202727928
 1913.580247  3271.604938  -0.00008968567539957056
 1913.580247  3395.061728  -0.00008953323208993581
 1913.580247  3518.518519  -0.00008891897698894976
 1913.580247  3641.975309  -0.00008958169413677147
 1913.580247  3765.432099  -0.00008868841023635613
 1913.580247  3888.888889  -0.00008997338102125980
 1913.580247  4012.345679  -0.00008954017768890354
 1913.580247  4135.802469  -0.00008931586275820464
 1913.580247  4259.259259  -0.00009069565329163520
 1913.580247  4382.716049  -0.00008871001967465966
 1913.580247  4506.172840  -0.00008578468024151229
 1913.580247  4629.629630  -0.00009136464395074737
 1913.580247  4753.086420  -0.00008697698067605419
 1913.580247  4876.543210  -0.00009583709450281092

 2037.037037 -5000.000000  -0.00001663344940044685
 2037.037037 -4876.543210  -0.00009053483677548596
 2037.037037 -4753.086420  -0.00008174076706626477
 2037.037037 -4629.629630  -0.00008570213744363173
 2037.037037 -4506.172840  -0.00008055321032318191
 2037.037037 -4382.716049  -0.00008350524472076271
 2037.037037 -4259.259259  -0.00008545080633766723
 2037.037037 -4135.802469  -0.00008408163904959415
 2037.037037 -4012.345679  -0.00008422626203750295
 2037.037037 -3888.888889  -0.00008466088247505324
 2037.037037 -3765.432099  -0.00008330603875036874
 2037.037037 -3641.975309  -0.00008417132251995629
 2037.037037 -3518.518519  -0.00008350185972755033
 2037.037037 -3395.061728  -0.00008410850373945228
 2037.037037 -3271.604938  -0.00008433012593980443
 2037.037037 -3148.148148  -0.00008472756666492934
 2037.037037 -3024.691358  -0.00008445855280835506
 2037.037037 -2901.234568  -0.00008406240552427900
 2037.037037 -2777.777778  -0.00008422488847978989
 2037.037037 -2654.320988  -0.00008427513053363169
 2037.037037 -2530.864198  -0.00008317101262234781
 2037.037037 -2407.407407  -0.00008541927022984094
 2037.037037 -2283.950617  -0.00008395935990550031
 2037.037037 -2160.493827  -0.00008485049687609738
 2037.037037 -2037.037037  -0.00008477124073038528
 2037.037037 -1913.580247  -0.00008507204138526989
 2037.037037 -1790.123457  -0.00008480179008655792
 2037.037037 -1666.666667  -0.00008493837094887930
 2037.037037 -1543.209877  -0.00008534459268284173
 2037.037037 -1419.753086  -0.00008557374952080073
 2037.037037 -1296.296296  -0.00008487626438907527
 2037.037037 -1172.839506  -0.00008590383714909487
 2037.037037 -1049.382716  -0.00008548760284996831
 2037.037037  -925.925926  -0.00008624436277167661
 2037.037037  -802.469136  -0.00008652812273316221
 2037.037037  -679.012346  -0.00008688379711725056
 2037.037037  -555.555556  -0.00008706840125140630
 2037.037037  -432.098765  -0.00008736335693597260
 2037.037037  -308.641975  -0.00008759672737207566
 2037.037037  -185.185185  -0.00008757070251129334
 2037.037037   -61.728395  -0.00008775941922666591
 2037.037037    61.728395  -0.00008775941922667273
 2037.037037   185.185185  -0.00008757070251129736
 2037.037037   308.641975  -0.00008759672737208385
 2037.037037   432.098765  -0.00008736335693598488
 2037.037037   555.555556  -0.00008706840125141477
 2037.037037   679.012346  -0.00008688379711726464
 2037.037037   802.469136  -0.00008652812273317037
 2037.037037   925.925926  -0.00008624436277168442
 2037.037037  1049.382716  -0.00008548760284997692
 2037.037037  1172.839506  -0.00008590383714909667
 2037.037037  1296.296296  -0.00008487626438908477
 2037.037037  1419.753086  -0.00008557374952080438
 2037.037037  1543.209877  -0.00008534459268283792
 2037.037037  1666.666667  -0.00008493837094888453
 2037.037037  1790.123457  -0.00008480179008656197
 2037.037037  1913.580247  -0.00008507204138526564
 2037.037037  2037.037037  -0.00008477124073036764
 2037.037037  2160.493827  -0.00008485049687607191
 2037.037037  2283.950617  -0.00008395935990550172
 2037.037037  2407.407407  -0.00008541927022983522
 2037.037037  2530.864198  -0.00008317101262234014
 2037.037037  2654.320988  -0.00008427513053361902
 2037.037037  2777.777778  -0.00008422488847978318
 2037.037037  2901.234568  -0.00008406240552427330
 2037.037037  3024.691358  -0.00008445855280833646
 2037.037037  3148.148148  -0.00008472756666490965
 2037.037037  3271.604938  -0.00008433012593978700
 2037.037037  3395.061728  -0.00008410850373943984
 2037.037037  3518.518519  -0.00008350185972754186
 2037.037037  3641.975309  -0.00008417132251994013
 2037.037037  3765.432099  -0.00008330603875035663
 2037.037037  3888.888889  -0.00008466088247503607
 2037.037037  4012.345679  -0.00008422626203748235
 2037.037037  4135.802469  -0.00008408163904957412
 2037.037037  4259.259259  -0.00008545080633764218
 2037.037037  4382.716049  -0.00008350524472074300
 2037.037037  4506.172840  -0.00008055321032317251
 2037.037037  4629.629630  -0.00008570213744362336
 2037.037037  4753.086420  -0.00008174076706626176
 2037.037037  4876.543210  -0.00009053483677545731

 2160.493827 -5000.000000  -0.00001636183985338040
 2160.493827 -4876.543210  -0.00008695430117773163
 2160.493827 -4753.086420  -0.00007792729040114003
 2160.493827 -4629.629630  -0.00008191458896720421
 2160.493827 -4506.172840  -0.00007691665059939107
 2160.493827 -4382.716049  -0.00007985255502484488
 2160.493827 -4259.259259  -0.00008182546189443898
 2160.493827 -4135.802469  -0.00008055020370209357
 2160.493827 -4012.345679  -0.00008066021871717376
 2160.493827 -3888.888889  -0.00008094082903995959
 2160.493827 -3765.432099  -0.00007961942796582089
 2160.493827 -3641.975309  -0.00008054529200178920
 2160.493827 -3518.518519  -0.00007983927020802451
 2160.493827 -3395.061728  -0.00008045871529555924
 2160.493827 -3271.604938  -0.00008078940654873642
 2160.493827 -3148.148148  -0.00008122533973885221
 2160.493827 -3024.691358  -0.00008089133207927453
 2160.493827 -2901.234568  -0.00008035819285964361
 2160.493827 -2777.777778  -0.00008051709843253698
 2160.493827 -2654.320988  -0.00008065089406510541
 2160.493827 -2530.864198  -0.00007939082209017824
 2160.493827 -2407.407407  -0.00008210558047263192
 2160.493827 -2283.950617  -0.00008046166505026111
 2160.493827 -2160.493827  -0.00008150657275317846
 2160.493827 -2037.037037  -0.00008131455941819010
 2160.493827 -1913.580247  -0.00008156862826495458
 2160.493827 -1790.123457  -0.00008118123223107270
 2160.493827 -1666.666667  -0.00008128021053694069
 2160.493827 -1543.209877  -0.00008163547194648054
 2160.493827 -1419.753086  -0.00008171490698629719
 2160.493827 -1296.296296  -0.00008093826330036947
 2160.493827 -1172.839506  -0.00008206373184177836
 2160.493827 -1049.382716  -0.00008150628048568165
 2160.493827  -925.925926  -0.00008207285620129287
 2160.493827  -802.469136  -0.00008216002431054862
 2160.493827  -679.012346  -0.00008231462050120680
 2160.493827  -555.555556  -0.00008229550459441453
 2160.493827  -432.098765  -0.00008240180316950249
 2160.493827  -308.641975  -0.00008249089646195216
 2160.493827  -185.185185  -0.00008238087456359141
 2160.493827   -61.728395  -0.00008248187176112464
 2160.493827    61.728395  -0.00008248187176113176
 2160.493827   185.185185  -0.00008238087456359313
 2160.493827   308.641975  -0.00008249089646195747
 2160.493827   432.098765  -0.00008240180316951077
 2160.493827   555.555556  -0.00008229550459441641
 2160.493827   679.012346  -0.00008231462050121422
 2160.493827   802.469136  -0.00008216002431055167
 2160.493827   925.925926  -0.00008207285620129444
 2160.493827  1049.382716  -0.00008150628048568282
 2160.493827  1172.839506  -0.00008206373184177161
 2160.493827  1296.296296  -0.00008093826330037426
 2160.493827  1419.753086  -0.00008171490698629534
 2160.493827  1543.209877  -0.00008163547194647294
 2160.493827  1666.666667  -0.00008128021053694185
 2160.493827  1790.123457  -0.00008118123223106942
 2160.493827  1913.580247  -0.00008156862826494525
 2160.493827  2037.037037  -0.00008131455941816759
 2160.493827  2160.493827  -0.00008150657275314815
 2160.493827  2283.950617  -0.00008046166505025761
 2160.493827  2407.407407  -0.00008210558047262038
 2160.493827  2530.864198  -0.00007939082209017282
 2160.493827  2654.320988  -0.00008065089406509236
 2160.493827  2777.777778  -0.00008051709843253049
 2160.493827  2901.234568  -0.00008035819285963983
 2160.493827  3024.691358  -0.00008089133207925799
 2160.493827  3148.148148  -0.00008122533973883213
 2160.493827  3271.604938  -0.00008078940654872070
 2160.493827  3395.061728  -0.00008045871529554805
 2160.493827  3518.518519  -0.00007983927020801702
 2160.493827  3641.975309  -0.00008054529200177399
 2160.493827  3765.432099  -0.00007961942796580995
 2160.493827  3888.888889  -0.00008094082903994374
 2160.493827  4012.345679  -0.00008066021871715385
 2160.493827  4135.802469  -0.00008055020370207471
 2160.493827  4259.259259  -0.00008182546189441505
 2160.493827  4382.716049  -0.00007985255502482649
 2160.493827  4506.172840  -0.00007691665059938214
 2160.493827  4629.629630  -0.00008191458896719574
 2160.493827  4753.086420  -0.00007792729040113943
 2160.493827  4876.543210  -0.00008695430117770626

 2283.950617 -5000.000000  -0.00001445688876485685
 2283.950617 -4876.543210  -0.00007583174497330158
 2283.950617 -4753.086420  -0.00006715716896954644
 2283.950617 -4629.629630  -0.00007052016919662069
 2283.950617 -4506.172840  -0.00006627579123751411
 2283.950617 -4382.716049  -0.00006910345336769513
 2283.950617 -4259.259259  -0.00007096017314243900
 2283.950617 -4135.802469  -0.00006980226210773709
 2283.950617 -4012.345679  -0.00006979758570399908
 2283.950617 -3888.888889  -0.00007000479504142879
 2283.950617 -3765.432099  -0.00006861067579864415
 2283.950617 -3641.975309  -0.00006926199221624962
 2283.950617 -3518.518519  -0.00006859769989695033
 2283.950617 -3395.061728  -0.00006917432901148623
 2283.950617 -3271.604938  -0.00006962218747497652
 2283.950617 -3148.148148  -0.00007006857886765002
 2283.950617 -3024.691358  -0.00006971057454561488
 2283.950617 -2901.234568  -0.00006908806239594885
 2283.950617 -2777.777778  -0.00006917365076304273
 2283.950617 -2654.320988  -0.00006932768617483404
 2283.950617 -2530.864198  -0.00006792808731047424
 2283.950617 -2407.407407  -0.00006956149067793565
 2283.950617 -2283.950617  -0.00006785649998447591
 2283.950617 -2160.493827  -0.00006894210290467703
 2283.950617 -2037.037037  -0.00006872763142330673
 2283.950617 -1913.580247  -0.00006888837570251974
 2283.950617 -1790.123457  -0.00006847748268094629
 2283.950617 -1666.666667  -0.00006858635127789869
 2283.950617 -1543.209877  -0.00006890005264124718
 2283.950617 -1419.753086  -0.00006881549182091972
 2283.950617 -1296.296296  -0.00006809074927444001
 2283.950617 -1172.839506  -0.00006877560484776072
 2283.950617 -1049.382716  -0.00006828510044802247
 2283.950617  -925.925926  -0.00006868633089342049
 2283.950617  -802.469136  -0.00006869999215569194
 2283.950617  -679.012346  -0.00006874051664569105
 2283.950617  -555.555556  -0.00006865948724034481
 2283.950617  -432.098765  -0.00006867748080412864
 2283.950617  -308.641975  -0.00006867016691588912
 2283.950617  -185.185185  -0.00006850702557461892
 2283.950617   -61.728395  -0.00006861889453691352
 2283.950617    61.728395  -0.00006861889453692286
 2283.950617   185.185185  -0.00006850702557462574
 2283.950617   308.641975  -0.00006867016691590053
 2283.950617   432.098765  -0.00006867748080414419
 2283.950617   555.555556  -0.00006865948724035721
 2283.950617   679.012346  -0.00006874051664571122
 2283.950617   802.469136  -0.00006869999215570831
 2283.950617   925.925926  -0.00006868633089343746
 2283.950617  1049.382716  -0.00006828510044804234
 2283.950617  1172.839506  -0.00006877560484777608
 2283.950617  1296.296296  -0.00006809074927445960
 2283.950617  1419.753086  -0.00006881549182093249
 2283.950617  1543.209877  -0.00006890005264125527
 2283.950617  1666.666667  -0.00006858635127791548
 2283.950617  1790.123457  -0.00006847748268096306
 2283.950617  1913.580247  -0.00006888837570253006
 2283.950617  2037.037037  -0.00006872763142330461
 2283.950617  2160.493827  -0.00006894210290467041
 2283.950617  2283.950617  -0.00006785649998449903
 2283.950617  2407.407407  -0.00006956149067795197
 2283.950617  2530.864198  -0.00006792808731046931
 2283.950617  2654.320988  -0.00006932768617482621
 2283.950617  2777.777778  -0.00006917365076304347
 2283.950617  2901.234568  -0.00006908806239595194
 2283.950617  3024.691358  -0.00006971057454560385
 2283.950617  3148.148148  -0.00007006857886763486
 2283.950617  3271.604938  -0.00006962218747496403
 2283.950617  3395.061728  -0.00006917432901147931
 2283.950617  3518.518519  -0.00006859769989695110
 2283.950617  3641.975309  -0.00006926199221624488
 2283.950617  3765.432099  -0.00006861067579864328
 2283.950617  3888.888889  -0.00007000479504142133
 2283.950617  4012.345679  -0.00006979758570398847
 2283.950617  4135.802469  -0.00006980226210772709
 2283.950617  4259.259259  -0.00007096017314242349
 2283.950617  4382.716049  -0.00006910345336768410
 2283.950617  4506.172840  -0.00006627579123751219
 2283.950617  4629.629630  -0.00007052016919662102
 2283.950617  4753.086420  -0.00006715716896955357
 2283.950617  4876.543210  -0.00007583174497327897

 2407.407407 -5000.000000  -0.00001517242452693886
 2407.407407 -4876.543210  -0.00007727494968994185
 2407.407407 -4753.086420  -0.00006797150488047065
 2407.407407 -4629.629630  -0.00007168180908536082
 2407.407407 -4506.172840  -0.00006725698336850115
 2407.407407 -4382.716049  -0.00007017859428966734
 2407.407407 -4259.259259  -0.00007215531151286352
 2407.407407 -4135.802469  -0.00007103552074013417
 2407.407407 -4012.345679  -0.00007102637352925982
 2407.407407 -3888.888889  -0.00007107294045601977
 2407.407407 -3765.432099  -0.00006972556894323102
 2407.407407 -3641.975309  -0.00007065983002717364
 2407.407407 -3518.518519  -0.00006990069407127686
 2407.407407 -3395.061728  -0.00007053050322569281
 2407.407407 -3271.604938  -0.00007109727163493083
 2407.407407 -3148.148148  -0.00007159836104506670
 2407.407407 -3024.691358  -0.00007113134775728721
 2407.407407 -2901.234568  -0.00007033496041649195
 2407.407407 -2777.777778  -0.00007046475230997103
 2407.407407 -2654.320988  -0.00007077650228477799
 2407.407407 -2530.864198  -0.00006912863071075563
 2407.407407 -2407.407407  -0.00007138234172328063
 2407.407407 -2283.950617  -0.00006937189562761283
 2407.407407 -2160.493827  -0.00007066099988227782
 2407.407407 -2037.037037  -0.00007036714309896638
 2407.407407 -1913.580247  -0.00007056536086749355
 2407.407407 -1790.123457  -0.00007007759707078913
 2407.407407 -1666.666667  -0.00007019907467376120
 2407.407407 -1543.209877  -0.00007053424616635188
 2407.407407 -1419.753086  -0.00007038130510950322
 2407.407407 -1296.296296  -0.00006962497951573101
 2407.407407 -1172.839506  -0.00007027508319470445
 2407.407407 -1049.382716  -0.00006972195517278237
 2407.407407  -925.925926  -0.00007007654230152591
 2407.407407  -802.469136  -0.00007004958901354187
 2407.407407  -679.012346  -0.00007003814293388141
 2407.407407  -555.555556  -0.00006989344933853261
 2407.407407  -432.098765  -0.00006985305904765916
 2407.407407  -308.641975  -0.00006981950787197610
 2407.407407  -185.185185  -0.00006966904420261817
 2407.407407   -61.728395  -0.00006976985415361892
 2407.407407    61.728395  -0.00006976985415362533
 2407.407407   185.185185  -0.00006966904420261879
 2407.407407   308.641975  -0.00006981950787198102
 2407.407407   432.098765  -0.00006985305904766828
 2407.407407   555.555556  -0.00006989344933853871
 2407.407407   679.012346  -0.00007003814293389306
 2407.407407   802.469136  -0.00007004958901354809
 2407.407407   925.925926  -0.00007007654230153442
 2407.407407  1049.382716  -0.00006972195517279239
 2407.407407  1172.839506  -0.00007027508319470828
 2407.407407  1296.296296  -0.00006962497951574851
 2407.407407  1419.753086  -0.00007038130510951540
 2407.407407  1543.209877  -0.00007053424616635901
 2407.407407  1666.666667  -0.00007019907467377901
 2407.407407  1790.123457  -0.00007007759707080737
 2407.407407  1913.580247  -0.00007056536086750332
 2407.407407  2037.037037  -0.00007036714309896551
 2407.407407  2160.493827  -0.00007066099988227216
 2407.407407  2283.950617  -0.00006937189562763970
 2407.407407  2407.407407  -0.00007138234172329594
 2407.407407  2530.864198  -0.00006912863071074839
 2407.407407  2654.320988  -0.00007077650228475701
 2407.407407  2777.777778  -0.00007046475230995586
 2407.407407  2901.234568  -0.00007033496041648016
 2407.407407  3024.691358  -0.00007113134775726405
 2407.407407  3148.148148  -0.00007159836104504102
 2407.407407  3271.604938  -0.00007109727163490579
 2407.407407  3395.061728  -0.00007053050322567225
 2407.407407  3518.518519  -0.00006990069407126265
 2407.407407  3641.975309  -0.00007065983002715104
 2407.407407  3765.432099  -0.00006972556894321304
 2407.407407  3888.888889  -0.00007107294045599478
 2407.407407  4012.345679  -0.00007102637352923201
 2407.407407  4135.802469  -0.00007103552074010773
 2407.407407  4259.259259  -0.00007215531151283117
 2407.407407  4382.716049  -0.00007017859428963975
 2407.407407  4506.172840  -0.00006725698336848581
 2407.407407  4629.629630  -0.00007168180908534929
 2407.407407  4753.086420  -0.00006797150488046264
 2407.407407  4876.543210  -0.00007727494968990806

 2530.864198 -5000.000000  -0.00001085920244121526
 2530.864198 -4876.543210  -0.00006225993024099390
 2530.864198 -4753.086420  -0.00005450339824296048
 2530.864198 -4629.629630  -0.00005606093968563164
 2530.864198 -4506.172840  -0.00005315722381482947
 2530.864198 -4382.716049  -0.00005607767477019589
 2530.864198 -4259.259259  -0.00005770952586041910
 2530.864198 -4135.802469  -0.00005642287012599633
 2530.864198 -4012.345679  -0.00005623144832564340
 2530.864198 -3888.888889  -0.00005679502247549507
 2530.864198 -3765.432099  -0.00005519073874240489
 2530.864198 -3641.975309  -0.00005561721228290050
 2530.864198 -3518.518519  -0.00005509268117711463
 2530.864198 -3395.061728  -0.00005559716315646733
 2530.864198 -3271.604938  -0.00005592525952068464
 2530.864198 -3148.148148  -0.00005641092207122260
 2530.864198 -3024.691358  -0.00005629869243859165
 2530.864198 -2901.234568  -0.00005587873922274776
 2530.864198 -2777.777778  -0.00005568836623496361
 2530.864198 -2654.320988  -0.00005531220834445262
 2530.864198 -2530.864198  -0.00005429155614178719
 2530.864198 -2407.407407  -0.00005615616891857106
 2530.864198 -2283.950617  -0.00005437995735860080
 2530.864198 -2160.493827  -0.00005491122629326814
 2530.864198 -2037.037037  -0.00005476565694069188
 2530.864198 -1913.580247  -0.00005505910478428118
 2530.864198 -1790.123457  -0.00005481979978273061
 2530.864198 -1666.666667  -0.00005482571323754201
 2530.864198 -1543.209877  -0.00005493373272154236
 2530.864198 -1419.753086  -0.00005482400944744510
 2530.864198 -1296.296296  -0.00005416964677277447
 2530.864198 -1172.839506  -0.00005439398953903677
 2530.864198 -1049.382716  -0.00005395326206761929
 2530.864198  -925.925926  -0.00005421242226130403
 2530.864198  -802.469136  -0.00005416050572191703
 2530.864198  -679.012346  -0.00005412493058676447
 2530.864198  -555.555556  -0.00005400969126765486
 2530.864198  -432.098765  -0.00005396438250286023
 2530.864198  -308.641975  -0.00005387363504510859
 2530.864198  -185.185185  -0.00005364431522834120
 2530.864198   -61.728395  -0.00005376198308473547
 2530.864198    61.728395  -0.00005376198308474815
 2530.864198   185.185185  -0.00005364431522834762
 2530.864198   308.641975  -0.00005387363504511960
 2530.864198   432.098765  -0.00005396438250287322
 2530.864198   555.555556  -0.00005400969126766737
 2530.864198   679.012346  -0.00005412493058677833
 2530.864198   802.469136  -0.00005416050572192905
 2530.864198   925.925926  -0.00005421242226131650
 2530.864198  1049.382716  -0.00005395326206763568
 2530.864198  1172.839506  -0.00005439398953904995
 2530.864198  1296.296296  -0.00005416964677279066
 2530.864198  1419.753086  -0.00005482400944745517
 2530.864198  1543.209877  -0.00005493373272155215
 2530.864198  1666.666667  -0.00005482571323755302
 2530.864198  1790.123457  -0.00005481979978273865
 2530.864198  1913.580247  -0.00005505910478429107
 2530.864198  2037.037037  -0.00005476565694070009
 2530.864198  2160.493827  -0.00005491122629327587
 2530.864198  2283.950617  -0.00005437995735861042
 2530.864198  2407.407407  -0.00005615616891857199
 2530.864198  2530.864198  -0.00005429155614179351
 2530.864198  2654.320988  -0.00005531220834446360
 2530.864198  2777.777778  -0.00005568836623497041
 2530.864198  2901.234568  -0.00005587873922275236
 2530.864198  3024.691358  -0.00005629869243859235
 2530.864198  3148.148148  -0.00005641092207122495
 2530.864198  3271.604938  -0.00005592525952068826
 2530.864198  3395.061728  -0.00005559716315647257
 2530.864198  3518.518519  -0.00005509268117712623
 2530.864198  3641.975309  -0.00005561721228291152
 2530.864198  3765.432099  -0.00005519073874241132
 2530.864198  3888.888889  -0.00005679502247549574
 2530.864198  4012.345679  -0.00005623144832564406
 2530.864198  4135.802469  -0.00005642287012599823
 2530.864198  4259.259259  -0.00005770952586041564
 2530.864198  4382.716049  -0.00005607767477019638
 2530.864198  4506.172840  -0.00005315722381483931
 2530.864198  4629.629630  -0.00005606093968564457
 2530.864198  4753.086420  -0.00005450339824297892
 2530.864198  4876.543210  -0.00006225993024098425

 2654.320988 -5000.000000  -0.00001490260206282852
 2654.320988 -4876.543210  -0.00006012085860475017
 2654.320988 -4753.086420  -0.00005107112521687072
 2654.320988 -4629.629630  -0.00005673834350638483
 2654.320988 -4506.172840  -0.00005177538940300162
 2654.320988 -4382.716049  -0.00005345651988938215
 2654.320988 -4259.259259  -0.00005543283619850338
 2654.320988 -4135.802469  -0.00005553699717735051
 2654.320988 -4012.345679  -0.00005588397350696839
 2654.320988 -3888.888889  -0.00005458886755815022
 2654.320988 -3765.432099  -0.00005436941114473934
 2654.320988 -3641.975309  -0.00005438968582334802
 2654.320988 -3518.518519  -0.00005393711703002479
 2654.320988 -3395.061728  -0.00005441108003623321
 2654.320988 -3271.604938  -0.00005488795124233173
 2654.320988 -3148.148148  -0.00005531708652765993
 2654.320988 -3024.691358  -0.00005517767827029048
 2654.320988 -2901.234568  -0.00005465522675862986
 2654.320988 -2777.777778  -0.00005445762725367536
 2654.320988 -2654.320988  -0.00005408626721122715
 2654.320988 -2530.864198  -0.00005302819615246265
 2654.320988 -2407.407407  -0.00005648992629604525
 2654.320988 -2283.950617  -0.00005439583615896026
 2654.320988 -2160.493827  -0.00005502965414320438
 2654.320988 -2037.037037  -0.00005474171795040554
 2654.320988 -1913.580247  -0.00005506934839496010
 2654.320988 -1790.123457  -0.00005471121891401724
 2654.320988 -1666.666667  -0.00005464982468679146
 2654.320988 -1543.209877  -0.00005469029322856624
 2654.320988 -1419.753086  -0.00005448045456518213
 2654.320988 -1296.296296  -0.00005373843894530405
 2654.320988 -1172.839506  -0.00005428024392289584
 2654.320988 -1049.382716  -0.00005370591172927167
 2654.320988  -925.925926  -0.00005388492378047984
 2654.320988  -802.469136  -0.00005376123572729127
 2654.320988  -679.012346  -0.00005366400917920465
 2654.320988  -555.555556  -0.00005344267228292431
 2654.320988  -432.098765  -0.00005330434523939381
 2654.320988  -308.641975  -0.00005318562284204886
 2654.320988  -185.185185  -0.00005300267202891738
 2654.320988   -61.728395  -0.00005302669486454466
 2654.320988    61.728395  -0.00005302669486455631
 2654.320988   185.185185  -0.00005300267202891581
 2654.320988   308.641975  -0.00005318562284205403
 2654.320988   432.098765  -0.00005330434523940221
 2654.320988   555.555556  -0.00005344267228292981
 2654.320988   679.012346  -0.00005366400917920806
 2654.320988   802.469136  -0.00005376123572729068
 2654.320988   925.925926  -0.00005388492378047922
 2654.320988  1049.382716  -0.00005370591172927658
 2654.320988  1172.839506  -0.00005428024392289474
 2654.320988  1296.296296  -0.00005373843894530297
 2654.320988  1419.753086  -0.00005448045456517034
 2654.320988  1543.209877  -0.00005469029322855813
 2654.320988  1666.666667  -0.00005464982468678575
 2654.320988  1790.123457  -0.00005471121891400576
 2654.320988  1913.580247  -0.00005506934839494933
 2654.320988  2037.037037  -0.00005474171795039605
 2654.320988  2160.493827  -0.00005502965414319313
 2654.320988  2283.950617  -0.00005439583615894824
 2654.320988  2407.407407  -0.00005648992629601897
 2654.320988  2530.864198  -0.00005302819615247512
 2654.320988  2654.320988  -0.00005408626721124220
 2654.320988  2777.777778  -0.00005445762725367714
 2654.320988  2901.234568  -0.00005465522675862826
 2654.320988  3024.691358  -0.00005517767827028801
 2654.320988  3148.148148  -0.00005531708652766312
 2654.320988  3271.604938  -0.00005488795124233812
 2654.320988  3395.061728  -0.00005441108003623889
 2654.320988  3518.518519  -0.00005393711703003673
 2654.320988  3641.975309  -0.00005438968582335913
 2654.320988  3765.432099  -0.00005436941114474146
 2654.320988  3888.888889  -0.00005458886755814171
 2654.320988  4012.345679  -0.00005588397350695867
 2654.320988  4135.802469  -0.00005553699717734427
 2654.320988  4259.259259  -0.00005543283619849424
 2654.320988  4382.716049  -0.00005345651988937992
 2654.320988  4506.172840  -0.00005177538940301099
 2654.320988  4629.629630  -0.00005673834350639805
 2654.320988  4753.086420  -0.00005107112521689309
 2654.320988  4876.543210  -0.00006012085860474017

 2777.777778 -5000.000000  -0.00001299000468623285
 2777.777778 -4876.543210  -0.00005188179024682777
 2777.777778 -4753.086420  -0.00004301537436562171
 2777.777778 -4629.629630  -0.00004763995787086999
 2777.777778 -4506.172840  -0.00004357138165605066
 2777.777778 -4382.716049  -0.00004542036673947837
 2777.777778 -4259.259259  -0.00004729802294908249
 2777.777778 -4135.802469  -0.00004728014131455396
 2777.777778 -4012.345679  -0.00004743637085729719
 2777.777778 -3888.888889  -0.00004631531085586847
 2777.777778 -3765.432099  -0.00004579418673712448
 2777.777778 -3641.975309  -0.00004587437305163082
 2777.777778 -3518.518519  -0.00004537094809643419
 2777.777778 -3395.061728  -0.00004584514260953135
 2777.777778 -3271.604938  -0.00004648745171090464
 2777.777778 -3148.148148  -0.00004697823975966478
 2777.777778 -3024.691358  -0.00004674249866262798
 2777.777778 -2901.234568  -0.00004603882140084830
 2777.777778 -2777.777778  -0.00004584641019603970
 2777.777778 -2654.320988  -0.00004564900732693459
 2777.777778 -2530.864198  -0.00004426305426265861
 2777.777778 -2407.407407  -0.00004706943583054497
 2777.777778 -2283.950617  -0.00004485116362414098
 2777.777778 -2160.493827  -0.00004574725886037774
 2777.777778 -2037.037037  -0.00004541021750736130
 2777.777778 -1913.580247  -0.00004566804328774409
 2777.777778 -1790.123457  -0.00004525221474300221
 2777.777778 -1666.666667  -0.00004526788686822250
 2777.777778 -1543.209877  -0.00004537645046423552
 2777.777778 -1419.753086  -0.00004506300015133710
 2777.777778 -1296.296296  -0.00004441038771195255
 2777.777778 -1172.839506  -0.00004476393612599264
 2777.777778 -1049.382716  -0.00004430739514162080
 2777.777778  -925.925926  -0.00004443561932676844
 2777.777778  -802.469136  -0.00004433632741717575
 2777.777778  -679.012346  -0.00004424063227809928
 2777.777778  -555.555556  -0.00004405827718172535
 2777.777778  -432.098765  -0.00004393457422865551
 2777.777778  -308.641975  -0.00004381968763602135
 2777.777778  -185.185185  -0.00004365788023456618
 2777.777778   -61.728395  -0.00004372947869557479
 2777.777778    61.728395  -0.00004372947869558470
 2777.777778   185.185185  -0.00004365788023456388
 2777.777778   308.641975  -0.00004381968763602714
 2777.777778   432.098765  -0.00004393457422866593
 2777.777778   555.555556  -0.00004405827718173383
 2777.777778   679.012346  -0.00004424063227810575
 2777.777778   802.469136  -0.00004433632741717903
 2777.777778   925.925926  -0.00004443561932677258
 2777.777778  1049.382716  -0.00004430739514163147
 2777.777778  1172.839506  -0.00004476393612599768
 2777.777778  1296.296296  -0.00004441038771196016
 2777.777778  1419.753086  -0.00004506300015133651
 2777.777778  1543.209877  -0.00004537645046423721
 2777.777778  1666.666667  -0.00004526788686822575
 2777.777778  1790.123457  -0.00004525221474300267
 2777.777778  1913.580247  -0.00004566804328774583
 2777.777778  2037.037037  -0.00004541021750736414
 2777.777778  2160.493827  -0.00004574725886038091
 2777.777778  2283.950617  -0.00004485116362414434
 2777.777778  2407.407407  -0.00004706943583053693
 2777.777778  2530.864198  -0.00004426305426266664
 2777.777778  2654.320988  -0.00004564900732694149
 2777.777778  2777.777778  -0.00004584641019603551
 2777.777778  2901.234568  -0.00004603882140084116
 2777.777778  3024.691358  -0.00004674249866261845
 2777.777778  3148.148148  -0.00004697823975966037
 2777.777778  3271.604938  -0.00004648745171090450
 2777.777778  3395.061728  -0.00004584514260953272
 2777.777778  3518.518519  -0.00004537094809644194
 2777.777778  3641.975309  -0.00004587437305163524
 2777.777778  3765.432099  -0.00004579418673712200
 2777.777778  3888.888889  -0.00004631531085585264
 2777.777778  4012.345679  -0.00004743637085728136
 2777.777778  4135.802469  -0.00004728014131454255
 2777.777778  4259.259259  -0.00004729802294906864
 2777.777778  4382.716049  -0.00004542036673947078
 2777.777778  4506.172840  -0.00004357138165605442
 2777.777778  4629.629630  -0.00004763995787087782
 2777.777778  4753.086420  -0.00004301537436563593
 2777.777778  4876.543210  -0.00005188179024681049

 2901.234568 -5000.000000  -0.00001004665870128623
 2901.234568 -4876.543210  -0.00004591343342464468
 2901.234568 -4753.086420  -0.00003733915556639115
 2901.234568 -4629.629630  -0.00003957775968936100
 2901.234568 -4506.172840  -0.00003702873263080482
 2901.234568 -4382.716049  -0.00003957708462421463
 2901.234568 -4259.259259  -0.00004130907832948273
 2901.234568 -4135.802469  -0.00004066330920444220
 2901.234568 -4012.345679  -0.00004043279489155498
 2901.234568 -3888.888889  -0.00004010419314251285
 2901.234568 -3765.432099  -0.00003884227584104322
 2901.234568 -3641.975309  -0.00003920398939358934
 2901.234568 -3518.518519  -0.00003860533804935638
 2901.234568 -3395.061728  -0.00003912749697131352
 2901.234568 -3271.604938  -0.00003990289362916091
 2901.234568 -3148.148148  -0.00004050428574752198
 2901.234568 -3024.691358  -0.00004017737677607168
 2901.234568 -2901.234568  -0.00003929540385002980
 2901.234568 -2777.777778  -0.00003910611009639312
 2901.234568 -2654.320988  -0.00003907560337359936
 2901.234568 -2530.864198  -0.00003744497046269623
 2901.234568 -2407.407407  -0.00003984378325453632
 2901.234568 -2283.950617  -0.00003750697133777451
 2901.234568 -2160.493827  -0.00003867070348482133
 2901.234568 -2037.037037  -0.00003828400872016010
 2901.234568 -1913.580247  -0.00003848913658266078
 2901.234568 -1790.123457  -0.00003802349231238641
 2901.234568 -1666.666667  -0.00003812467766653248
 2901.234568 -1543.209877  -0.00003831218192331447
 2901.234568 -1419.753086  -0.00003791704316940787
 2901.234568 -1296.296296  -0.00003736343353481639
 2901.234568 -1172.839506  -0.00003757304824680088
 2901.234568 -1049.382716  -0.00003722117003153321
 2901.234568  -925.925926  -0.00003733077325936122
 2901.234568  -802.469136  -0.00003726556405431403
 2901.234568  -679.012346  -0.00003718103410056893
 2901.234568  -555.555556  -0.00003704746013066254
 2901.234568  -432.098765  -0.00003695852067041656
 2901.234568  -308.641975  -0.00003685978140643452
 2901.234568  -185.185185  -0.00003670990680385993
 2901.234568   -61.728395  -0.00003680902880346662
 2901.234568    61.728395  -0.00003680902880347530
 2901.234568   185.185185  -0.00003670990680385848
 2901.234568   308.641975  -0.00003685978140644107
 2901.234568   432.098765  -0.00003695852067042712
 2901.234568   555.555556  -0.00003704746013067173
 2901.234568   679.012346  -0.00003718103410057707
 2901.234568   802.469136  -0.00003726556405431900
 2901.234568   925.925926  -0.00003733077325936805
 2901.234568  1049.382716  -0.00003722117003154622
 2901.234568  1172.839506  -0.00003757304824680960
 2901.234568  1296.296296  -0.00003736343353482826
 2901.234568  1419.753086  -0.00003791704316941305
 2901.234568  1543.209877  -0.00003831218192332217
 2901.234568  1666.666667  -0.00003812467766654177
 2901.234568  1790.123457  -0.00003802349231239358
 2901.234568  1913.580247  -0.00003848913658266956
 2901.234568  2037.037037  -0.00003828400872016934
 2901.234568  2160.493827  -0.00003867070348483210
 2901.234568  2283.950617  -0.00003750697133778529
 2901.234568  2407.407407  -0.00003984378325453913
 2901.234568  2530.864198  -0.00003744497046270059
 2901.234568  2654.320988  -0.00003907560337360154
 2901.234568  2777.777778  -0.00003910611009638618
 2901.234568  2901.234568  -0.00003929540385002011
 2901.234568  3024.691358  -0.00004017737677606064
 2901.234568  3148.148148  -0.00004050428574751631
 2901.234568  3271.604938  -0.00003990289362915926
 2901.234568  3395.061728  -0.00003912749697131359
 2901.234568  3518.518519  -0.00003860533804936252
 2901.234568  3641.975309  -0.00003920398939359235
 2901.234568  3765.432099  -0.00003884227584103926
 2901.234568  3888.888889  -0.00004010419314249593
 2901.234568  4012.345679  -0.00004043279489154027
 2901.234568  4135.802469  -0.00004066330920443114
 2901.234568  4259.259259  -0.00004130907832946868
 2901.234568  4382.716049  -0.00003957708462420600
 2901.234568  4506.172840  -0.00003702873263080778
 2901.234568  4629.629630  -0.00003957775968936865
 2901.234568  4753.086420  -0.00003733915556640044
 2901.234568  4876.543210  -0.00004591343342462425

 3024.691358 -5000.000000  -0.00000843395809683744
 3024.691358 -4876.543210  -0.00004301315806842129
 3024.691358 -4753.086420  -0.00003424453424835232
 3024.691358 -4629.629630  -0.00003498479298129242
 3024.691358 -4506.172840  -0.00003338686860101455
 3024.691358 -4382.716049  -0.00003650555366638355
 3024.691358 -4259.259259  -0.00003821406297145459
 3024.691358 -4135.802469  -0.00003713516899910835
 3024.691358 -4012.345679  -0.00003662863572518369
 3024.691358 -3888.888889  -0.00003678445581380784
 3024.691358 -3765.432099  -0.00003502081761881610
 3024.691358 -3641.975309  -0.00003571752204519461
 3024.691358 -3518.518519  -0.00003501038530172965
 3024.691358 -3395.061728  -0.00003560804812058900
 3024.691358 -3271.604938  -0.00003653116009916679
 3024.691358 -3148.148148  -0.00003725033144216860
 3024.691358 -3024.691358  -0.00003682173387805977
 3024.691358 -2901.234568  -0.00003573705163088780
 3024.691358 -2777.777778  -0.00003556892117481085
 3024.691358 -2654.320988  -0.00003571781081019102
 3024.691358 -2530.864198  -0.00003389113710087991
 3024.691358 -2407.407407  -0.00003683578339804643
 3024.691358 -2283.950617  -0.00003427975816173684
 3024.691358 -2160.493827  -0.00003574980092724708
 3024.691358 -2037.037037  -0.00003526178971468197
 3024.691358 -1913.580247  -0.00003545690557583464
 3024.691358 -1790.123457  -0.00003490160014797659
 3024.691358 -1666.666667  -0.00003506252179718720
 3024.691358 -1543.209877  -0.00003531860458789652
 3024.691358 -1419.753086  -0.00003484766065201190
 3024.691358 -1296.296296  -0.00003434010938307587
 3024.691358 -1172.839506  -0.00003466183528046169
 3024.691358 -1049.382716  -0.00003433122909650062
 3024.691358  -925.925926  -0.00003443841660774475
 3024.691358  -802.469136  -0.00003438531822835327
 3024.691358  -679.012346  -0.00003430902720472073
 3024.691358  -555.555556  -0.00003418973862335355
 3024.691358  -432.098765  -0.00003411629798901645
 3024.691358  -308.641975  -0.00003403933279765013
 3024.691358  -185.185185  -0.00003390922787362751
 3024.691358   -61.728395  -0.00003398080949636702
 3024.691358    61.728395  -0.00003398080949637553
 3024.691358   185.185185  -0.00003390922787362492
 3024.691358   308.641975  -0.00003403933279765515
 3024.691358   432.098765  -0.00003411629798902415
 3024.691358   555.555556  -0.00003418973862335972
 3024.691358   679.012346  -0.00003430902720472468
 3024.691358   802.469136  -0.00003438531822835501
 3024.691358   925.925926  -0.00003443841660774808
 3024.691358  1049.382716  -0.00003433122909650982
 3024.691358  1172.839506  -0.00003466183528046553
 3024.691358  1296.296296  -0.00003434010938308280
 3024.691358  1419.753086  -0.00003484766065201176
 3024.691358  1543.209877  -0.00003531860458790063
 3024.691358  1666.666667  -0.00003506252179719331
 3024.691358  1790.123457  -0.00003490160014797901
 3024.691358  1913.580247  -0.00003545690557583843
 3024.691358  2037.037037  -0.00003526178971468648
 3024.691358  2160.493827  -0.00003574980092725218
 3024.691358  2283.950617  -0.00003427975816174115
 3024.691358  2407.407407  -0.00003683578339804380
 3024.691358  2530.864198  -0.00003389113710088521
 3024.691358  2654.320988  -0.00003571781081019264
 3024.691358  2777.777778  -0.00003556892117480252
 3024.691358  2901.234568  -0.00003573705163087769
 3024.691358  3024.691358  -0.00003682173387805135
 3024.691358  3148.148148  -0.00003725033144216597
 3024.691358  3271.604938  -0.00003653116009916745
 3024.691358  3395.061728  -0.00003560804812058971
 3024.691358  3518.518519  -0.00003501038530173596
 3024.691358  3641.975309  -0.00003571752204519936
 3024.691358  3765.432099  -0.00003502081761881143
 3024.691358  3888.888889  -0.00003678445581379270
 3024.691358  4012.345679  -0.00003662863572517150
 3024.691358  4135.802469  -0.00003713516899909903
 3024.691358  4259.259259  -0.00003821406297144213
 3024.691358  4382.716049  -0.00003650555366637633
 3024.691358  4506.172840  -0.00003338686860101940
 3024.691358  4629.629630  -0.00003498479298130242
 3024.691358  4753.086420  -0.00003424453424836135
 3024.691358  4876.543210  -0.00004301315806840206

 3148.148148 -5000.000000  -0.00000752910505434059
 3148.148148 -4876.543210  -0.00003687108144605937
 3148.148148 -4753.086420  -0.00002780230671837606
 3148.148148 -4629.629630  -0.00002814830221840803
 3148.148148 -4506.172840  -0.00002703704645363944
 3148.148148 -4382.716049  -0.00003025973978397838
 3148.148148 -4259.259259  -0.00003198261088985620
 3148.148148 -4135.802469  -0.00003092979863600150
 3148.148148 -4012.345679  -0.00003030338802482790
 3148.148148 -3888.888889  -0.00003038974217176197
 3148.148148 -3765.432099  -0.00002849789381592000
 3148.148148 -3641.975309  -0.00002931750738960151
 3148.148148 -3518.518519  -0.00002854979525695510
 3148.148148 -3395.061728  -0.00002918758853379997
 3148.148148 -3271.604938  -0.00003029916978458164
 3148.148148 -3148.148148  -0.00003110602984353697
 3148.148148 -3024.691358  -0.00003058116578445191
 3148.148148 -2901.234568  -0.00002928718008235499
 3148.148148 -2777.777778  -0.00002913038414105789
 3148.148148 -2654.320988  -0.00002945493674461245
 3148.148148 -2530.864198  -0.00002740595950280540
 3148.148148 -2407.407407  -0.00003093212017086604
 3148.148148 -2283.950617  -0.00002813688511557335
 3148.148148 -2160.493827  -0.00002991399779280978
 3148.148148 -2037.037037  -0.00002930701009434655
 3148.148148 -1913.580247  -0.00002948608200332827
 3148.148148 -1790.123457  -0.00002882958130036944
 3148.148148 -1666.666667  -0.00002904099637365351
 3148.148148 -1543.209877  -0.00002935341294613585
 3148.148148 -1419.753086  -0.00002878067319648833
 3148.148148 -1296.296296  -0.00002831965376438591
 3148.148148 -1172.839506  -0.00002866996805822161
 3148.148148 -1049.382716  -0.00002836925466573175
 3148.148148  -925.925926  -0.00002843616940089615
 3148.148148  -802.469136  -0.00002837925434944381
 3148.148148  -679.012346  -0.00002829743163541115
 3148.148148  -555.555556  -0.00002818261547685544
 3148.148148  -432.098765  -0.00002810527042149365
 3148.148148  -308.641975  -0.00002803683480648024
 3148.148148  -185.185185  -0.00002792174195712219
 3148.148148   -61.728395  -0.00002796104971641846
 3148.148148    61.728395  -0.00002796104971642631
 3148.148148   185.185185  -0.00002792174195711730
 3148.148148   308.641975  -0.00002803683480648221
 3148.148148   432.098765  -0.00002810527042149828
 3148.148148   555.555556  -0.00002818261547685884
 3148.148148   679.012346  -0.00002829743163541225
 3148.148148   802.469136  -0.00002837925434944318
 3148.148148   925.925926  -0.00002843616940089726
 3148.148148  1049.382716  -0.00002836925466573825
 3148.148148  1172.839506  -0.00002866996805822142
 3148.148148  1296.296296  -0.00002831965376438942
 3148.148148  1419.753086  -0.00002878067319648348
 3148.148148  1543.209877  -0.00002935341294613703
 3148.148148  1666.666667  -0.00002904099637365686
 3148.148148  1790.123457  -0.00002882958130036841
 3148.148148  1913.580247  -0.00002948608200332785
 3148.148148  2037.037037  -0.00002930701009434668
 3148.148148  2160.493827  -0.00002991399779281099
 3148.148148  2283.950617  -0.00002813688511557306
 3148.148148  2407.407407  -0.00003093212017085839
 3148.148148  2530.864198  -0.00002740595950281509
 3148.148148  2654.320988  -0.00002945493674461903
 3148.148148  2777.777778  -0.00002913038414105224
 3148.148148  2901.234568  -0.00002928718008234833
 3148.148148  3024.691358  -0.00003058116578444831
 3148.148148  3148.148148  -0.00003110602984353922
 3148.148148  3271.604938  -0.00003029916978458580
 3148.148148  3395.061728  -0.00002918758853380368
 3148.148148  3518.518519  -0.00002854979525696557
 3148.148148  3641.975309  -0.00002931750738961125
 3148.148148  3765.432099  -0.00002849789381591942
 3148.148148  3888.888889  -0.00003038974217175287
 3148.148148  4012.345679  -0.00003030338802482147
 3148.148148  4135.802469  -0.00003092979863599753
 3148.148148  4259.259259  -0.00003198261088984916
 3148.148148  4382.716049  -0.00003025973978397703
 3148.148148  4506.172840  -0.00002703704645365018
 3148.148148  4629.629630  -0.00002814830221842439
 3148.148148  4753.086420  -0.00002780230671839034
 3148.148148  4876.543210  -0.00003687108144604517

 3271.604938 -5000.000000  -0.00000682991352551374
 3271.604938 -4876.543210  -0.00002610950121721816
 3271.604938 -4753.086420  -0.00001719621517985156
 3271.604938 -4629.629630  -0.00001809094153997402
 3271.604938 -4506.172840  -0.00001710457005500753
 3271.604938 -4382.716049  -0.00001983885612404290
 3271.604938 -4259.259259  -0.00002150539892293395
 3271.604938 -4135.802469  -0.00002092121519995752
 3271.604938 -4012.345679  -0.00002036019047214355
 3271.604938 -3888.888889  -0.00001989512670178240
 3271.604938 -3765.432099  -0.00001838195053958052
 3271.604938 -3641.975309  -0.00001897655664845809
 3271.604938 -3518.518519  -0.00001822465237084040
 3271.604938 -3395.061728  -0.00001880008570414410
 3271.604938 -3271.604938  -0.00002011027717132735
 3271.604938 -3148.148148  -0.00002091859528187711
 3271.604938 -3024.691358  -0.00002031118491831821
 3271.604938 -2901.234568  -0.00001884544389299305
 3271.604938 -2777.777778  -0.00001875550215270710
 3271.604938 -2654.320988  -0.00001928410911566190
 3271.604938 -2530.864198  -0.00001688544192055587
 3271.604938 -2407.407407  -0.00002064778910166903
 3271.604938 -2283.950617  -0.00001767862115655385
 3271.604938 -2160.493827  -0.00001974079310398814
 3271.604938 -2037.037037  -0.00001903432378941500
 3271.604938 -1913.580247  -0.00001916382182268012
 3271.604938 -1790.123457  -0.00001841892278786404
 3271.604938 -1666.666667  -0.00001868915884853252
 3271.604938 -1543.209877  -0.00001905349854232459
 3271.604938 -1419.753086  -0.00001837377234475037
 3271.604938 -1296.296296  -0.00001798584652622716
 3271.604938 -1172.839506  -0.00001820555237225721
 3271.604938 -1049.382716  -0.00001801674800849798
 3271.604938  -925.925926  -0.00001799167461860132
 3271.604938  -802.469136  -0.00001794746245235084
 3271.604938  -679.012346  -0.00001784080861800015
 3271.604938  -555.555556  -0.00001774381399426196
 3271.604938  -432.098765  -0.00001766985761329046
 3271.604938  -308.641975  -0.00001759164297015297
 3271.604938  -185.185185  -0.00001751056124131897
 3271.604938   -61.728395  -0.00001750897868392720
 3271.604938    61.728395  -0.00001750897868393469
 3271.604938   185.185185  -0.00001751056124131175
 3271.604938   308.641975  -0.00001759164297015445
 3271.604938   432.098765  -0.00001766985761329545
 3271.604938   555.555556  -0.00001774381399426635
 3271.604938   679.012346  -0.00001784080861800148
 3271.604938   802.469136  -0.00001794746245235111
 3271.604938   925.925926  -0.00001799167461860345
 3271.604938  1049.382716  -0.00001801674800850542
 3271.604938  1172.839506  -0.00001820555237225780
 3271.604938  1296.296296  -0.00001798584652623235
 3271.604938  1419.753086  -0.00001837377234474528
 3271.604938  1543.209877  -0.00001905349854232733
 3271.604938  1666.666667  -0.00001868915884853785
 3271.604938  1790.123457  -0.00001841892278786557
 3271.604938  1913.580247  -0.00001916382182268031
 3271.604938  2037.037037  -0.00001903432378941678
 3271.604938  2160.493827  -0.00001974079310399180
 3271.604938  2283.950617  -0.00001767862115655709
 3271.604938  2407.407407  -0.00002064778910166544
 3271.604938  2530.864198  -0.00001688544192057042
 3271.604938  2654.320988  -0.00001928410911567312
 3271.604938  2777.777778  -0.00001875550215270763
 3271.604938  2901.234568  -0.00001884544389299250
 3271.604938  3024.691358  -0.00002031118491831997
 3271.604938  3148.148148  -0.00002091859528188259
 3271.604938  3271.604938  -0.00002011027717133479
 3271.604938  3395.061728  -0.00001880008570415166
 3271.604938  3518.518519  -0.00001822465237085683
 3271.604938  3641.975309  -0.00001897655664847473
 3271.604938  3765.432099  -0.00001838195053958626
 3271.604938  3888.888889  -0.00001989512670177974
 3271.604938  4012.345679  -0.00002036019047214300
 3271.604938  4135.802469  -0.00002092121519996009
 3271.604938  4259.259259  -0.00002150539892293425
 3271.604938  4382.716049  -0.00001983885612404848
 3271.604938  4506.172840  -0.00001710457005502457
 3271.604938  4629.629630  -0.00001809094153999709
 3271.604938  4753.086420  -0.00001719621517987502
 3271.604938  4876.543210  -0.00002610950121721151

 3395.061728 -5000.000000  -0.00000654727327432354
 3395.061728 -4876.543210  -0.00001350095985041445
 3395.061728 -4753.086420  -0.00000402143674839151
 3395.061728 -4629.629630  -0.00000585105816359218
 3395.061728 -4506.172840  -0.00000491146349776202
 3395.061728 -4382.716049  -0.00000717720137240000
 3395.061728 -4259.259259  -0.00000892112344370928
 3395.061728 -4135.802469  -0.00000898483158823575
 3395.061728 -4012.345679  -0.00000845373423056900
 3395.061728 -3888.888889  -0.00000715790935689218
 3395.061728 -3765.432099  -0.00000596354986847159
 3395.061728 -3641.975309  -0.00000634924017189044
 3395.061728 -3518.518519  -0.00000559801951040791
 3395.061728 -3395.061728  -0.00000618924807811359
 3395.061728 -3271.604938  -0.00000779469497156497
 3395.061728 -3148.148148  -0.00000866654184222481
 3395.061728 -3024.691358  -0.00000794447266719174
 3395.061728 -2901.234568  -0.00000621755662636258
 3395.061728 -2777.777778  -0.00000609747443915923
 3395.061728 -2654.320988  -0.00000683260598788459
 3395.061728 -2530.864198  -0.00000416103079241309
 3395.061728 -2407.407407  -0.00000788064235238753
 3395.061728 -2283.950617  -0.00000467714108596117
 3395.061728 -2160.493827  -0.00000712332762194633
 3395.061728 -2037.037037  -0.00000629181585799464
 3395.061728 -1913.580247  -0.00000636228188013937
 3395.061728 -1790.123457  -0.00000551299594298869
 3395.061728 -1666.666667  -0.00000587038280385960
 3395.061728 -1543.209877  -0.00000631362280017202
 3395.061728 -1419.753086  -0.00000547544940292122
 3395.061728 -1296.296296  -0.00000521482593294769
 3395.061728 -1172.839506  -0.00000528202433266572
 3395.061728 -1049.382716  -0.00000518367159017844
 3395.061728  -925.925926  -0.00000509529906146897
 3395.061728  -802.469136  -0.00000504793848934786
 3395.061728  -679.012346  -0.00000493675339780526
 3395.061728  -555.555556  -0.00000486638797211147
 3395.061728  -432.098765  -0.00000479070466207359
 3395.061728  -308.641975  -0.00000471906049703264
 3395.061728  -185.185185  -0.00000463808905209626
 3395.061728   -61.728395  -0.00000466980147944954
 3395.061728    61.728395  -0.00000466980147945600
 3395.061728   185.185185  -0.00000463808905208714
 3395.061728   308.641975  -0.00000471906049703509
 3395.061728   432.098765  -0.00000479070466208153
 3395.061728   555.555556  -0.00000486638797211995
 3395.061728   679.012346  -0.00000493675339780874
 3395.061728   802.469136  -0.00000504793848935029
 3395.061728   925.925926  -0.00000509529906147340
 3395.061728  1049.382716  -0.00000518367159019041
 3395.061728  1172.839506  -0.00000528202433267156
 3395.061728  1296.296296  -0.00000521482593295806
 3395.061728  1419.753086  -0.00000547544940292097
 3395.061728  1543.209877  -0.00000631362280018092
 3395.061728  1666.666667  -0.00000587038280387162
 3395.061728  1790.123457  -0.00000551299594299779
 3395.061728  1913.580247  -0.00000636228188014563
 3395.061728  2037.037037  -0.00000629181585800303
 3395.061728  2160.493827  -0.00000712332762195809
 3395.061728  2283.950617  -0.00000467714108597507
 3395.061728  2407.407407  -0.00000788064235239518
 3395.061728  2530.864198  -0.00000416103079243323
 3395.061728  2654.320988  -0.00000683260598790052
 3395.061728  2777.777778  -0.00000609747443916745
 3395.061728  2901.234568  -0.00000621755662636901
 3395.061728  3024.691358  -0.00000794447266719839
 3395.061728  3148.148148  -0.00000866654184223250
 3395.061728  3271.604938  -0.00000779469497157569
 3395.061728  3395.061728  -0.00000618924807812700
 3395.061728  3518.518519  -0.00000559801951043164
 3395.061728  3641.975309  -0.00000634924017191343
 3395.061728  3765.432099  -0.00000596354986848610
 3395.061728  3888.888889  -0.00000715790935689468
 3395.061728  4012.345679  -0.00000845373423057308
 3395.061728  4135.802469  -0.00000898483158824380
 3395.061728  4259.259259  -0.00000892112344371638
 3395.061728  4382.716049  -0.00000717720137241285
 3395.061728  4506.172840  -0.00000491146349778683
 3395.061728  4629.629630  -0.00000585105816362350
 3395.061728  4753.086420  -0.00000402143674842553
 3395.061728  4876.543210  -0.00001350095985041503

 3518.518519 -5000.000000  -0.00000611644098441305
 3518.518519 -4876.543210  -0.00000297915679218187
 3518.518519 -4753.086420  0.00000657538141299554
 3518.518519 -4629.629630  0.00000401824231715743
 3518.518519 -4506.172840  0.00000492473699416443
 3518.518519 -4382.716049  0.00000313684042211800
 3518.518519 -4259.259259  0.00000139642283039248
 3518.518519 -4135.802469  0.00000082200101046470
 3518.518519 -4012.345679  0.00000128626982012383
 3518.518519 -3888.888889  0.00000322735200842970
 3518.518519 -3765.432099  0.00000391613292358850
 3518.518519 -3641.975309  0.00000381715853402591
 3518.518519 -3518.518519  0.00000454504068456606
 3518.518519 -3395.061728  0.00000399373230172033
 3518.518519 -3271.604938  0.00000216631997526823
 3518.518519 -3148.148148  0.00000129206646511945
 3518.518519 -3024.691358  0.00000210272480959675
 3518.518519 -2901.234568  0.00000401567879157808
 3518.518519 -2777.777778  0.00000407700313391381
 3518.518519 -2654.320988  0.00000312937596400686
 3518.518519 -2530.864198  0.00000608368031959904
 3518.518519 -2407.407407  0.00000219799103659450
 3518.518519 -2283.950617  0.00000556478660584440
 3518.518519 -2160.493827  0.00000279262419159072
 3518.518519 -2037.037037  0.00000372033369219489
 3518.518519 -1913.580247  0.00000371156455537384
 3518.518519 -1790.123457  0.00000464468476407364
 3518.518519 -1666.666667  0.00000420446158618251
 3518.518519 -1543.209877  0.00000369516426113684
 3518.518519 -1419.753086  0.00000464558628344953
 3518.518519 -1296.296296  0.00000478788755871989
 3518.518519 -1172.839506  0.00000479769744126014
 3518.518519 -1049.382716  0.00000478245974055247
 3518.518519  -925.925926  0.00000493782715828780
 3518.518519  -802.469136  0.00000496386932787556
 3518.518519  -679.012346  0.00000510165707803627
 3518.518519  -555.555556  0.00000514753931890664
 3518.518519  -432.098765  0.00000520161727485737
 3518.518519  -308.641975  0.00000527500711137396
 3518.518519  -185.185185  0.00000532317185762098
 3518.518519   -61.728395  0.00000531435505377487
 3518.518519    61.728395  0.00000531435505376957
 3518.518519   185.185185  0.00000532317185763113
 3518.518519   308.641975  0.00000527500711136986
 3518.518519   432.098765  0.00000520161727484640
 3518.518519   555.555556  0.00000514753931889522
 3518.518519   679.012346  0.00000510165707803274
 3518.518519   802.469136  0.00000496386932787362
 3518.518519   925.925926  0.00000493782715828288
 3518.518519  1049.382716  0.00000478245974053670
 3518.518519  1172.839506  0.00000479769744125048
 3518.518519  1296.296296  0.00000478788755870945
 3518.518519  1419.753086  0.00000464558628344936
 3518.518519  1543.209877  0.00000369516426112538
 3518.518519  1666.666667  0.00000420446158616743
 3518.518519  1790.123457  0.00000464468476406204
 3518.518519  1913.580247  0.00000371156455536667
 3518.518519  2037.037037  0.00000372033369218443
 3518.518519  2160.493827  0.00000279262419157564
 3518.518519  2283.950617  0.00000556478660582487
 3518.518519  2407.407407  0.00000219799103658252
 3518.518519  2530.864198  0.00000608368031957492
 3518.518519  2654.320988  0.00000312937596398787
 3518.518519  2777.777778  0.00000407700313389893
 3518.518519  2901.234568  0.00000401567879156471
 3518.518519  3024.691358  0.00000210272480958470
 3518.518519  3148.148148  0.00000129206646510792
 3518.518519  3271.604938  0.00000216631997525257
 3518.518519  3395.061728  0.00000399373230169958
 3518.518519  3518.518519  0.00000454504068453448
 3518.518519  3641.975309  0.00000381715853399602
 3518.518519  3765.432099  0.00000391613292356610
 3518.518519  3888.888889  0.00000322735200842371
 3518.518519  4012.345679  0.00000128626982011477
 3518.518519  4135.802469  0.00000082200101045020
 3518.518519  4259.259259  0.00000139642283037840
 3518.518519  4382.716049  0.00000313684042209851
 3518.518519  4506.172840  0.00000492473699413327
 3518.518519  4629.629630  0.00000401824231711925
 3518.518519  4753.086420  0.00000657538141295357
 3518.518519  4876.543210  -0.00000297915679218883

 3641.975309 -5000.000000  -0.00000557378901072316
 3641.975309 -4876.543210  0.00000431505990843970
 3641.975309 -4753.086420  0.00001467735858334428
 3641.975309 -4629.629630  0.00001217057302822724
 3641.975309 -4506.172840  0.00001268947897761990
 3641.975309 -4382.716049  0.00001080865532508685
 3641.975309 -4259.259259  0.00000896185121286057
 3641.975309 -4135.802469  0.00000822020342136330
 3641.975309 -4012.345679  0.00000881387395134249
 3641.975309 -3888.888889  0.00001104152346365914
 3641.975309 -3765.432099  0.00001188500765910348
 3641.975309 -3641.975309  0.00001160562905731090
 3641.975309 -3518.518519  0.00001241738955807964
 3641.975309 -3395.061728  0.00001177225213671508
 3641.975309 -3271.604938  0.00000967607802774228
 3641.975309 -3148.148148  0.00000866765165084836
 3641.975309 -3024.691358  0.00000961088470288243
 3641.975309 -2901.234568  0.00001181073751972405
 3641.975309 -2777.777778  0.00001190042771920730
 3641.975309 -2654.320988  0.00001073499043438946
 3641.975309 -2530.864198  0.00001392297591370244
 3641.975309 -2407.407407  0.00000951667736361813
 3641.975309 -2283.950617  0.00001318935621042745
 3641.975309 -2160.493827  0.00000999847627333562
 3641.975309 -2037.037037  0.00001106990823023289
 3641.975309 -1913.580247  0.00001107590702899460
 3641.975309 -1790.123457  0.00001213173749834607
 3641.975309 -1666.666667  0.00001161411240496011
 3641.975309 -1543.209877  0.00001101563852089008
 3641.975309 -1419.753086  0.00001209925481757268
 3641.975309 -1296.296296  0.00001216645470828377
 3641.975309 -1172.839506  0.00001210404313474270
 3641.975309 -1049.382716  0.00001207420918285877
 3641.975309  -925.925926  0.00001224870492050677
 3641.975309  -802.469136  0.00001228628038843450
 3641.975309  -679.012346  0.00001241213224040255
 3641.975309  -555.555556  0.00001245135319680204
 3641.975309  -432.098765  0.00001251627259116631
 3641.975309  -308.641975  0.00001256508895234056
 3641.975309  -185.185185  0.00001260741778086685
 3641.975309   -61.728395  0.00001259320783250332
 3641.975309    61.728395  0.00001259320783249941
 3641.975309   185.185185  0.00001260741778087770
 3641.975309   308.641975  0.00001256508895233569
 3641.975309   432.098765  0.00001251627259115428
 3641.975309   555.555556  0.00001245135319679041
 3641.975309   679.012346  0.00001241213224040137
 3641.975309   802.469136  0.00001228628038843608
 3641.975309   925.925926  0.00001224870492050491
 3641.975309  1049.382716  0.00001207420918284333
 3641.975309  1172.839506  0.00001210404313473366
 3641.975309  1296.296296  0.00001216645470827513
 3641.975309  1419.753086  0.00001209925481757472
 3641.975309  1543.209877  0.00001101563852087821
 3641.975309  1666.666667  0.00001161411240494385
 3641.975309  1790.123457  0.00001213173749833434
 3641.975309  1913.580247  0.00001107590702899002
 3641.975309  2037.037037  0.00001106990823022597
 3641.975309  2160.493827  0.00000999847627332428
 3641.975309  2283.950617  0.00001318935621041054
 3641.975309  2407.407407  0.00000951667736360776
 3641.975309  2530.864198  0.00001392297591367304
 3641.975309  2654.320988  0.00001073499043436466
 3641.975309  2777.777778  0.00001190042771918836
 3641.975309  2901.234568  0.00001181073751970685
 3641.975309  3024.691358  0.00000961088470286468
 3641.975309  3148.148148  0.00000866765165082957
 3641.975309  3271.604938  0.00000967607802771844
 3641.975309  3395.061728  0.00001177225213668615
 3641.975309  3518.518519  0.00001241738955804088
 3641.975309  3641.975309  0.00001160562905727293
 3641.975309  3765.432099  0.00001188500765907406
 3641.975309  3888.888889  0.00001104152346364881
 3641.975309  4012.345679  0.00000881387395132818
 3641.975309  4135.802469  0.00000822020342134421
 3641.975309  4259.259259  0.00000896185121284223
 3641.975309  4382.716049  0.00001080865532506270
 3641.975309  4506.172840  0.00001268947897758328
 3641.975309  4629.629630  0.00001217057302818202
 3641.975309  4753.086420  0.00001467735858329700
 3641.975309  4876.543210  0.00000431505990842992

 3765.432099 -5000.000000  -0.00000253272945900830
 3765.432099 -4876.543210  0.00001558494122733612
 3765.432099 -4753.086420  0.00002355477220342518
 3765.432099 -4629.629630  0.00002215503312113038
 3765.432099 -4506.172840  0.00002177595255343542
 3765.432099 -4382.716049  0.00002041225264904913
 3765.432099 -4259.259259  0.00001909789550183351
 3765.432099 -4135.802469  0.00001843883586458704
 3765.432099 -4012.345679  0.00001894266525878739
 3765.432099 -3888.888889  0.00002084490262900815
 3765.432099 -3765.432099  0.00002144750071010281
 3765.432099 -3641.975309  0.00002135200191871189
 3765.432099 -3518.518519  0.00002210509972269655
 3765.432099 -3395.061728  0.00002176980743460756
 3765.432099 -3271.604938  0.00001965146231890648
 3765.432099 -3148.148148  0.00001878916301723522
 3765.432099 -3024.691358  0.00001977349857786933
 3765.432099 -2901.234568  0.00002197514968367912
 3765.432099 -2777.777778  0.00002173174974344465
 3765.432099 -2654.320988  0.00002023631122388067
 3765.432099 -2530.864198  0.00002417654587550304
 3765.432099 -2407.407407  0.00001977973666602656
 3765.432099 -2283.950617  0.00002335457978490874
 3765.432099 -2160.493827  0.00002008640922165116
 3765.432099 -2037.037037  0.00002112587086784005
 3765.432099 -1913.580247  0.00002119812427491934
 3765.432099 -1790.123457  0.00002228039007894886
 3765.432099 -1666.666667  0.00002173237659294690
 3765.432099 -1543.209877  0.00002108878759481660
 3765.432099 -1419.753086  0.00002211113970978482
 3765.432099 -1296.296296  0.00002225367048239300
 3765.432099 -1172.839506  0.00002239503298138505
 3765.432099 -1049.382716  0.00002204095344289624
 3765.432099  -925.925926  0.00002243082150617347
 3765.432099  -802.469136  0.00002236481798161377
 3765.432099  -679.012346  0.00002253590584060399
 3765.432099  -555.555556  0.00002253381537605924
 3765.432099  -432.098765  0.00002257151776722530
 3765.432099  -308.641975  0.00002266863890987030
 3765.432099  -185.185185  0.00002253112054585019
 3765.432099   -61.728395  0.00002274516600791439
 3765.432099    61.728395  0.00002274516600790791
 3765.432099   185.185185  0.00002253112054586217
 3765.432099   308.641975  0.00002266863890986828
 3765.432099   432.098765  0.00002257151776721837
 3765.432099   555.555556  0.00002253381537605116
 3765.432099   679.012346  0.00002253590584060369
 3765.432099   802.469136  0.00002236481798161180
 3765.432099   925.925926  0.00002243082150616727
 3765.432099  1049.382716  0.00002204095344288080
 3765.432099  1172.839506  0.00002239503298137579
 3765.432099  1296.296296  0.00002225367048238004
 3765.432099  1419.753086  0.00002211113970978979
 3765.432099  1543.209877  0.00002108878759480746
 3765.432099  1666.666667  0.00002173237659293127
 3765.432099  1790.123457  0.00002228039007893523
 3765.432099  1913.580247  0.00002119812427491266
 3765.432099  2037.037037  0.00002112587086783228
 3765.432099  2160.493827  0.00002008640922163798
 3765.432099  2283.950617  0.00002335457978488925
 3765.432099  2407.407407  0.00001977973666600978
 3765.432099  2530.864198  0.00002417654587547835
 3765.432099  2654.320988  0.00002023631122385489
 3765.432099  2777.777778  0.00002173174974342770
 3765.432099  2901.234568  0.00002197514968366471
 3765.432099  3024.691358  0.00001977349857785166
 3765.432099  3148.148148  0.00001878916301721635
 3765.432099  3271.604938  0.00001965146231888411
 3765.432099  3395.061728  0.00002176980743458171
 3765.432099  3518.518519  0.00002210509972265644
 3765.432099  3641.975309  0.00002135200191866783
 3765.432099  3765.432099  0.00002144750071007275
 3765.432099  3888.888889  0.00002084490262899283
 3765.432099  4012.345679  0.00001894266525876874
 3765.432099  4135.802469  0.00001843883586456438
 3765.432099  4259.259259  0.00001909789550181244
 3765.432099  4382.716049  0.00002041225264902468
 3765.432099  4506.172840  0.00002177595255340029
 3765.432099  4629.629630  0.00002215503312108627
 3765.432099  4753.086420  0.00002355477220337913
 3765.432099  4876.543210  0.00001558494122732229

 3888.888889 -5000.000000  -0.00000225648961362317
 3888.888889 -4876.543210  0.00001873126503329833
 3888.888889 -4753.086420  0.00003146140503732764
 3888.888889 -4629.629630  0.00003196007733939499
 3888.888889 -4506.172840  0.00003006038178268644
 3888.888889 -4382.716049  0.00002663892223886451
 3888.888889 -4259.259259  0.00002452282151342880
 3888.888889 -4135.802469  0.00002448126388813959
 3888.888889 -4012.345679  0.00002583825922111986
 3888.888889 -3888.888889  0.00002758554794436838
 3888.888889 -3765.432099  0.00002955377744468312
 3888.888889 -3641.975309  0.00002899705572347562
 3888.888889 -3518.518519  0.00002989589656098970
 3888.888889 -3395.061728  0.00002893921692990373
 3888.888889 -3271.604938  0.00002619200239330758
 3888.888889 -3148.148148  0.00002479952597365417
 3888.888889 -3024.691358  0.00002597457765349080
 3888.888889 -2901.234568  0.00002884162033339218
 3888.888889 -2777.777778  0.00002928362087788380
 3888.888889 -2654.320988  0.00002780871117985015
 3888.888889 -2530.864198  0.00003070774052175856
 3888.888889 -2407.407407  0.00002683352088518689
 3888.888889 -2283.950617  0.00003072587489319450
 3888.888889 -2160.493827  0.00002694364611320689
 3888.888889 -2037.037037  0.00002813033003401790
 3888.888889 -1913.580247  0.00002829461511884558
 3888.888889 -1790.123457  0.00002948523724788289
 3888.888889 -1666.666667  0.00002879370815065198
 3888.888889 -1543.209877  0.00002804007925207113
 3888.888889 -1419.753086  0.00002931807276898658
 3888.888889 -1296.296296  0.00002920988414909787
 3888.888889 -1172.839506  0.00002923195768698098
 3888.888889 -1049.382716  0.00002902007593434774
 3888.888889  -925.925926  0.00002928739225817206
 3888.888889  -802.469136  0.00002929173223984111
 3888.888889  -679.012346  0.00002944267299787265
 3888.888889  -555.555556  0.00002943495325945810
 3888.888889  -432.098765  0.00002946714127419842
 3888.888889  -308.641975  0.00002950416259283179
 3888.888889  -185.185185  0.00002950189485841706
 3888.888889   -61.728395  0.00002950927890132389
 3888.888889    61.728395  0.00002950927890132104
 3888.888889   185.185185  0.00002950189485843048
 3888.888889   308.641975  0.00002950416259282980
 3888.888889   432.098765  0.00002946714127418922
 3888.888889   555.555556  0.00002943495325944814
 3888.888889   679.012346  0.00002944267299787495
 3888.888889   802.469136  0.00002929173223984381
 3888.888889   925.925926  0.00002928739225817079
 3888.888889  1049.382716  0.00002902007593433225
 3888.888889  1172.839506  0.00002923195768697217
 3888.888889  1296.296296  0.00002920988414908616
 3888.888889  1419.753086  0.00002931807276899052
 3888.888889  1543.209877  0.00002804007925206007
 3888.888889  1666.666667  0.00002879370815063631
 3888.888889  1790.123457  0.00002948523724787035
 3888.888889  1913.580247  0.00002829461511884235
 3888.888889  2037.037037  0.00002813033003401398
 3888.888889  2160.493827  0.00002694364611319788
 3888.888889  2283.950617  0.00003072587489317867
 3888.888889  2407.407407  0.00002683352088517245
 3888.888889  2530.864198  0.00003070774052173394
 3888.888889  2654.320988  0.00002780871117982114
 3888.888889  2777.777778  0.00002928362087786265
 3888.888889  2901.234568  0.00002884162033337685
 3888.888889  3024.691358  0.00002597457765347462
 3888.888889  3148.148148  0.00002479952597363683
 3888.888889  3271.604938  0.00002619200239328392
 3888.888889  3395.061728  0.00002893921692987310
 3888.888889  3518.518519  0.00002989589656094658
 3888.888889  3641.975309  0.00002899705572343073
 3888.888889  3765.432099  0.00002955377744464728
 3888.888889  3888.888889  0.00002758554794435118
 3888.888889  4012.345679  0.00002583825922110093
 3888.888889  4135.802469  0.00002448126388812129
 3888.888889  4259.259259  0.00002452282151341286
 3888.888889  4382.716049  0.00002663892223883977
 3888.888889  4506.172840  0.00003006038178264259
 3888.888889  4629.629630  0.00003196007733933661
 3888.888889  4753.086420  0.00003146140503727332
 3888.888889  4876.543210  0.00001873126503328938

 4012.345679 -5000.000000  0.00000325420913894252
 4012.345679 -4876.543210  0.00002941962247262725
 4012.345679 -4753.086420  0.00003594229538824131
 4012.345679 -4629.629630  0.00003843648799462557
 4012.345679 -4506.172840  0.00003552512335796034
 4012.345679 -4382.716049  0.00003340623592031350
 4012.345679 -4259.259259  0.00003250564817411668
 4012.345679 -4135.802469  0.00003268161576086422
 4012.345679 -4012.345679  0.00003382330525911833
 4012.345679 -3888.888889  0.00003446159963200827
 4012.345679 -3765.432099  0.00003622212986248065
 4012.345679 -3641.975309  0.00003529104397783524
 4012.345679 -3518.518519  0.00003638257464682155
 4012.345679 -3395.061728  0.00003592085824010302
 4012.345679 -3271.604938  0.00003364407539036181
 4012.345679 -3148.148148  0.00003260138334293613
 4012.345679 -3024.691358  0.00003383612556917604
 4012.345679 -2901.234568  0.00003635047947896349
 4012.345679 -2777.777778  0.00003587503196456894
 4012.345679 -2654.320988  0.00003390671505349404
 4012.345679 -2530.864198  0.00003878360287667807
 4012.345679 -2407.407407  0.00003362905450122897
 4012.345679 -2283.950617  0.00003781598816623685
 4012.345679 -2160.493827  0.00003364822334991846
 4012.345679 -2037.037037  0.00003500266457436458
 4012.345679 -1913.580247  0.00003508999461650364
 4012.345679 -1790.123457  0.00003639639978974507
 4012.345679 -1666.666667  0.00003565494149622224
 4012.345679 -1543.209877  0.00003482686951967972
 4012.345679 -1419.753086  0.00003616880044675122
 4012.345679 -1296.296296  0.00003599531249395863
 4012.345679 -1172.839506  0.00003619280580608372
 4012.345679 -1049.382716  0.00003588696336343768
 4012.345679  -925.925926  0.00003620832791154608
 4012.345679  -802.469136  0.00003619277474759206
 4012.345679  -679.012346  0.00003635330475998713
 4012.345679  -555.555556  0.00003632418809389698
 4012.345679  -432.098765  0.00003634490025403931
 4012.345679  -308.641975  0.00003637343146636142
 4012.345679  -185.185185  0.00003633794838154496
 4012.345679   -61.728395  0.00003638424953277464
 4012.345679    61.728395  0.00003638424953277203
 4012.345679   185.185185  0.00003633794838155599
 4012.345679   308.641975  0.00003637343146635649
 4012.345679   432.098765  0.00003634490025402806
 4012.345679   555.555556  0.00003632418809388464
 4012.345679   679.012346  0.00003635330475998705
 4012.345679   802.469136  0.00003619277474759166
 4012.345679   925.925926  0.00003620832791154030
 4012.345679  1049.382716  0.00003588696336341762
 4012.345679  1172.839506  0.00003619280580606910
 4012.345679  1296.296296  0.00003599531249394656
 4012.345679  1419.753086  0.00003616880044675409
 4012.345679  1543.209877  0.00003482686951966801
 4012.345679  1666.666667  0.00003565494149620533
 4012.345679  1790.123457  0.00003639639978972988
 4012.345679  1913.580247  0.00003508999461649579
 4012.345679  2037.037037  0.00003500266457435598
 4012.345679  2160.493827  0.00003364822334990427
 4012.345679  2283.950617  0.00003781598816621875
 4012.345679  2407.407407  0.00003362905450120676
 4012.345679  2530.864198  0.00003878360287665620
 4012.345679  2654.320988  0.00003390671505346427
 4012.345679  2777.777778  0.00003587503196454635
 4012.345679  2901.234568  0.00003635047947894604
 4012.345679  3024.691358  0.00003383612556915597
 4012.345679  3148.148148  0.00003260138334291588
 4012.345679  3271.604938  0.00003364407539033735
 4012.345679  3395.061728  0.00003592085824007332
 4012.345679  3518.518519  0.00003638257464677983
 4012.345679  3641.975309  0.00003529104397779075
 4012.345679  3765.432099  0.00003622212986244458
 4012.345679  3888.888889  0.00003446159963199053
 4012.345679  4012.345679  0.00003382330525909413
 4012.345679  4135.802469  0.00003268161576083903
 4012.345679  4259.259259  0.00003250564817409505
 4012.345679  4382.716049  0.00003340623592028756
 4012.345679  4506.172840  0.00003552512335791910
 4012.345679  4629.629630  0.00003843648799457016
 4012.345679  4753.086420  0.00003594229538819434
 4012.345679  4876.543210  0.00002941962247261406

 4135.802469 -5000.000000  0.00000463226177799183
 4135.802469 -4876.543210  0.00003594877180105945
 4135.802469 -4753.086420  0.00004454653463500361
 4135.802469 -4629.629630  0.00004854338705795308
 4135.802469 -4506.172840  0.00004437899537645753
 4135.802469 -4382.716049  0.00004120553542602922
 4135.802469 -4259.259259  0.00004001464488685889
 4135.802469 -4135.802469  0.00004057559813827719
 4135.802469 -4012.345679  0.00004218475714850643
 4135.802469 -3888.888889  0.00004264124100818009
 4135.802469 -3765.432099  0.00004519945642246104
 4135.802469 -3641.975309  0.00004395927508188607
 4135.802469 -3518.518519  0.00004511623046625480
 4135.802469 -3395.061728  0.00004442544243302679
 4135.802469 -3271.604938  0.00004172537180108215
 4135.802469 -3148.148148  0.00004039925573770000
 4135.802469 -3024.691358  0.00004177314249554746
 4135.802469 -2901.234568  0.00004472609702229848
 4135.802469 -2777.777778  0.00004452771653970062
 4135.802469 -2654.320988  0.00004240765060217482
 4135.802469 -2530.864198  0.00004703719669970329
 4135.802469 -2407.407407  0.00004205869636506111
 4135.802469 -2283.950617  0.00004641798980252131
 4135.802469 -2160.493827  0.00004190793513880492
 4135.802469 -2037.037037  0.00004334221850977385
 4135.802469 -1913.580247  0.00004350084020072663
 4135.802469 -1790.123457  0.00004489734512861628
 4135.802469 -1666.666667  0.00004407115883899796
 4135.802469 -1543.209877  0.00004315444680462862
 4135.802469 -1419.753086  0.00004460822632218818
 4135.802469 -1296.296296  0.00004437406420936890
 4135.802469 -1172.839506  0.00004453149429178460
 4135.802469 -1049.382716  0.00004416283887300015
 4135.802469  -925.925926  0.00004453231830528909
 4135.802469  -802.469136  0.00004451561454490233
 4135.802469  -679.012346  0.00004467257811865296
 4135.802469  -555.555556  0.00004462858352528904
 4135.802469  -432.098765  0.00004465292387887358
 4135.802469  -308.641975  0.00004466888903667480
 4135.802469  -185.185185  0.00004461323314741324
 4135.802469   -61.728395  0.00004468283514368437
 4135.802469    61.728395  0.00004468283514367956
 4135.802469   185.185185  0.00004461323314742280
 4135.802469   308.641975  0.00004466888903666827
 4135.802469   432.098765  0.00004465292387886017
 4135.802469   555.555556  0.00004462858352527434
 4135.802469   679.012346  0.00004467257811864967
 4135.802469   802.469136  0.00004451561454489796
 4135.802469   925.925926  0.00004453231830528018
 4135.802469  1049.382716  0.00004416283887297770
 4135.802469  1172.839506  0.00004453149429176783
 4135.802469  1296.296296  0.00004437406420935590
 4135.802469  1419.753086  0.00004460822632218908
 4135.802469  1543.209877  0.00004315444680461618
 4135.802469  1666.666667  0.00004407115883898110
 4135.802469  1790.123457  0.00004489734512860050
 4135.802469  1913.580247  0.00004350084020071715
 4135.802469  2037.037037  0.00004334221850976279
 4135.802469  2160.493827  0.00004190793513878626
 4135.802469  2283.950617  0.00004641798980249956
 4135.802469  2407.407407  0.00004205869636503540
 4135.802469  2530.864198  0.00004703719669968408
 4135.802469  2654.320988  0.00004240765060214584
 4135.802469  2777.777778  0.00004452771653968026
 4135.802469  2901.234568  0.00004472609702228249
 4135.802469  3024.691358  0.00004177314249552622
 4135.802469  3148.148148  0.00004039925573767728
 4135.802469  3271.604938  0.00004172537180105413
 4135.802469  3395.061728  0.00004442544243299457
 4135.802469  3518.518519  0.00004511623046621072
 4135.802469  3641.975309  0.00004395927508183839
 4135.802469  3765.432099  0.00004519945642242066
 4135.802469  3888.888889  0.00004264124100816206
 4135.802469  4012.345679  0.00004218475714848013
 4135.802469  4135.802469  0.00004057559813825016
 4135.802469  4259.259259  0.00004001464488683656
 4135.802469  4382.716049  0.00004120553542600092
 4135.802469  4506.172840  0.00004437899537640866
 4135.802469  4629.629630  0.00004854338705788525
 4135.802469  4753.086420  0.00004454653463494918
 4135.802469  4876.543210  0.00003594877180104931

 4259.259259 -5000.000000  0.00000431756913950297
 4259.259259 -4876.543210  0.00004406533536682578
 4259.259259 -4753.086420  0.00005779889100962030
 4259.259259 -4629.629630  0.00006256447519076225
 4259.259259 -4506.172840  0.00005723893060473146
 4259.259259 -4382.716049  0.00005241207064608656
 4259.259259 -4259.259259  0.00005036470709709028
 4259.259259 -4135.802469  0.00005111797309361216
 4259.259259 -4012.345679  0.00005336659544824782
 4259.259259 -3888.888889  0.00005431592527667188
 4259.259259 -3765.432099  0.00005764139615944473
 4259.259259 -3641.975309  0.00005645033697980843
 4259.259259 -3518.518519  0.00005759249339968656
 4259.259259 -3395.061728  0.00005644151555006406
 4259.259259 -3271.604938  0.00005289000166789265
 4259.259259 -3148.148148  0.00005107419000799512
 4259.259259 -3024.691358  0.00005264415528494359
 4259.259259 -2901.234568  0.00005639276030739964
 4259.259259 -2777.777778  0.00005686471737151443
 4259.259259 -2654.320988  0.00005464152331376067
 4259.259259 -2530.864198  0.00005833575668162052
 4259.259259 -2407.407407  0.00005400998841452890
 4259.259259 -2283.950617  0.00005858127991217712
 4259.259259 -2160.493827  0.00005360705919496560
 4259.259259 -2037.037037  0.00005512379881216544
 4259.259259 -1913.580247  0.00005544824136144849
 4259.259259 -1790.123457  0.00005696041577763045
 4259.259259 -1666.666667  0.00005599639355497027
 4259.259259 -1543.209877  0.00005496339631996654
 4259.259259 -1419.753086  0.00005659987693455944
 4259.259259 -1296.296296  0.00005625449554194576
 4259.259259 -1172.839506  0.00005639968097856474
 4259.259259 -1049.382716  0.00005591502085234768
 4259.259259  -925.925926  0.00005636765809528937
 4259.259259  -802.469136  0.00005633915875742995
 4259.259259  -679.012346  0.00005652607236821394
 4259.259259  -555.555556  0.00005646037176329586
 4259.259259  -432.098765  0.00005647097341252375
 4259.259259  -308.641975  0.00005648770675544911
 4259.259259  -185.185185  0.00005640350521513936
 4259.259259   -61.728395  0.00005650819870527851
 4259.259259    61.728395  0.00005650819870527423
 4259.259259   185.185185  0.00005640350521515003
 4259.259259   308.641975  0.00005648770675544252
 4259.259259   432.098765  0.00005647097341250903
 4259.259259   555.555556  0.00005646037176327892
 4259.259259   679.012346  0.00005652607236820994
 4259.259259   802.469136  0.00005633915875742525
 4259.259259   925.925926  0.00005636765809528015
 4259.259259  1049.382716  0.00005591502085232436
 4259.259259  1172.839506  0.00005639968097854904
 4259.259259  1296.296296  0.00005625449554193050
 4259.259259  1419.753086  0.00005659987693455929
 4259.259259  1543.209877  0.00005496339631995183
 4259.259259  1666.666667  0.00005599639355495226
 4259.259259  1790.123457  0.00005696041577761393
 4259.259259  1913.580247  0.00005544824136144013
 4259.259259  2037.037037  0.00005512379881215497
 4259.259259  2160.493827  0.00005360705919494649
 4259.259259  2283.950617  0.00005858127991215437
 4259.259259  2407.407407  0.00005400998841450099
 4259.259259  2530.864198  0.00005833575668160129
 4259.259259  2654.320988  0.00005464152331372973
 4259.259259  2777.777778  0.00005686471737149299
 4259.259259  2901.234568  0.00005639276030738352
 4259.259259  3024.691358  0.00005264415528492007
 4259.259259  3148.148148  0.00005107419000796748
 4259.259259  3271.604938  0.00005289000166785792
 4259.259259  3395.061728  0.00005644151555002508
 4259.259259  3518.518519  0.00005759249339963566
 4259.259259  3641.975309  0.00005645033697975405
 4259.259259  3765.432099  0.00005764139615939760
 4259.259259  3888.888889  0.00005431592527665104
 4259.259259  4012.345679  0.00005336659544821902
 4259.259259  4135.802469  0.00005111797309358463
 4259.259259  4259.259259  0.00005036470709706754
 4259.259259  4382.716049  0.00005241207064605253
 4259.259259  4506.172840  0.00005723893060466990
 4259.259259  4629.629630  0.00006256447519067723
 4259.259259  4753.086420  0.00005779889100955327
 4259.259259  4876.543210  0.00004406533536681908

 4382.716049 -5000.000000  0.00000326910655192235
 4382.716049 -4876.543210  0.00005651239540315765
 4382.716049 -4753.086420  0.00007143693190273778
 4382.716049 -4629.629630  0.00007412003438011364
 4382.716049 -4506.172840  0.00006931882455930273
 4382.716049 -4382.716049  0.00006520110368977442
 4382.716049 -4259.259259  0.00006293220249056399
 4382.716049 -4135.802469  0.00006269829900753412
 4382.716049 -4012.345679  0.00006477530704491920
 4382.716049 -3888.888889  0.00006706927579604437
 4382.716049 -3765.432099  0.00006963422011959714
 4382.716049 -3641.975309  0.00006890406426577468
 4382.716049 -3518.518519  0.00006996623880817103
 4382.716049 -3395.061728  0.00006877323663160095
 4382.716049 -3271.604938  0.00006487861573111220
 4382.716049 -3148.148148  0.00006301767571758635
 4382.716049 -3024.691358  0.00006467946808016318
 4382.716049 -2901.234568  0.00006868764314790066
 4382.716049 -2777.777778  0.00006924936952270479
 4382.716049 -2654.320988  0.00006685538208236108
 4382.716049 -2530.864198  0.00007052238464963394
 4382.716049 -2407.407407  0.00006618340972806544
 4382.716049 -2283.950617  0.00007086671468295962
 4382.716049 -2160.493827  0.00006557083951464305
 4382.716049 -2037.037037  0.00006718397707027835
 4382.716049 -1913.580247  0.00006758699743897516
 4382.716049 -1790.123457  0.00006918242885540551
 4382.716049 -1666.666667  0.00006813633383148963
 4382.716049 -1543.209877  0.00006703578739554369
 4382.716049 -1419.753086  0.00006879740126376213
 4382.716049 -1296.296296  0.00006831854970446916
 4382.716049 -1172.839506  0.00006853605863029739
 4382.716049 -1049.382716  0.00006795799831351531
 4382.716049  -925.925926  0.00006847876179391699
 4382.716049  -802.469136  0.00006844941105700227
 4382.716049  -679.012346  0.00006865592621571422
 4382.716049  -555.555556  0.00006857030628112572
 4382.716049  -432.098765  0.00006857317211373929
 4382.716049  -308.641975  0.00006858432498941862
 4382.716049  -185.185185  0.00006848448319650626
 4382.716049   -61.728395  0.00006860094599708193
 4382.716049    61.728395  0.00006860094599708029
 4382.716049   185.185185  0.00006848448319652141
 4382.716049   308.641975  0.00006858432498941318
 4382.716049   432.098765  0.00006857317211372430
 4382.716049   555.555556  0.00006857030628110637
 4382.716049   679.012346  0.00006865592621571086
 4382.716049   802.469136  0.00006844941105699752
 4382.716049   925.925926  0.00006847876179390821
 4382.716049  1049.382716  0.00006795799831349056
 4382.716049  1172.839506  0.00006853605863028210
 4382.716049  1296.296296  0.00006831854970445275
 4382.716049  1419.753086  0.00006879740126376194
 4382.716049  1543.209877  0.00006703578739552646
 4382.716049  1666.666667  0.00006813633383146798
 4382.716049  1790.123457  0.00006918242885538750
 4382.716049  1913.580247  0.00006758699743896892
 4382.716049  2037.037037  0.00006718397707027073
 4382.716049  2160.493827  0.00006557083951462595
 4382.716049  2283.950617  0.00007086671468293644
 4382.716049  2407.407407  0.00006618340972803548
 4382.716049  2530.864198  0.00007052238464960987
 4382.716049  2654.320988  0.00006685538208232479
 4382.716049  2777.777778  0.00006924936952267487
 4382.716049  2901.234568  0.00006868764314787415
 4382.716049  3024.691358  0.00006467946808012807
 4382.716049  3148.148148  0.00006301767571755080
 4382.716049  3271.604938  0.00006487861573106889
 4382.716049  3395.061728  0.00006877323663155336
 4382.716049  3518.518519  0.00006996623880810952
 4382.716049  3641.975309  0.00006890406426570875
 4382.716049  3765.432099  0.00006963422011954444
 4382.716049  3888.888889  0.00006706927579601479
 4382.716049  4012.345679  0.00006477530704488243
 4382.716049  4135.802469  0.00006269829900749761
 4382.716049  4259.259259  0.00006293220249053051
 4382.716049  4382.716049  0.00006520110368972907
 4382.716049  4506.172840  0.00006931882455923115
 4382.716049  4629.629630  0.00007412003438002070
 4382.716049  4753.086420  0.00007143693190265819
 4382.716049  4876.543210  0.00005651239540314039

 4506.172840 -5000.000000  0.00000384467634607486
 4506.172840 -4876.543210  0.00007517950213064855
 4506.172840 -4753.086420  0.00008571187249884644
 4506.172840 -4629.629630  0.00008501011982165326
 4506.172840 -4506.172840  0.00008163872452357528
 4506.172840 -4382.716049  0.00008052337876922771
 4506.172840 -4259.259259  0.00007901937874903544
 4506.172840 -4135.802469  0.00007704643097934933
 4506.172840 -4012.345679  0.00007823824660503430
 4506.172840 -3888.888889  0.00008200103383375782
 4506.172840 -3765.432099  0.00008259746973443998
 4506.172840 -3641.975309  0.00008241139279704278
 4506.172840 -3518.518519  0.00008343899078736144
 4506.172840 -3395.061728  0.00008273176708516887
 4506.172840 -3271.604938  0.00007909101373556023
 4506.172840 -3148.148148  0.00007766448230836491
 4506.172840 -3024.691358  0.00007936112067116799
 4506.172840 -2901.234568  0.00008306827452643227
 4506.172840 -2777.777778  0.00008288847179181487
 4506.172840 -2654.320988  0.00008007864226603419
 4506.172840 -2530.864198  0.00008527981598114711
 4506.172840 -2407.407407  0.00007981376441442252
 4506.172840 -2283.950617  0.00008468840809502775
 4506.172840 -2160.493827  0.00007903614000003734
 4506.172840 -2037.037037  0.00008082137690493919
 4506.172840 -1913.580247  0.00008119009246636078
 4506.172840 -1790.123457  0.00008289291975330595
 4506.172840 -1666.666667  0.00008179615740460728
 4506.172840 -1543.209877  0.00008063932412886729
 4506.172840 -1419.753086  0.00008249778290926855
 4506.172840 -1296.296296  0.00008187660496564433
 4506.172840 -1172.839506  0.00008224384630491953
 4506.172840 -1049.382716  0.00008155987230515162
 4506.172840  -925.925926  0.00008215865735007328
 4506.172840  -802.469136  0.00008212803232187297
 4506.172840  -679.012346  0.00008234633614571132
 4506.172840  -555.555556  0.00008223840231112014
 4506.172840  -432.098765  0.00008223912349976059
 4506.172840  -308.641975  0.00008224091126706072
 4506.172840  -185.185185  0.00008211598422850255
 4506.172840   -61.728395  0.00008224898542320421
 4506.172840    61.728395  0.00008224898542320722
 4506.172840   185.185185  0.00008211598422852265
 4506.172840   308.641975  0.00008224091126705892
 4506.172840   432.098765  0.00008223912349974558
 4506.172840   555.555556  0.00008223840231110038
 4506.172840   679.012346  0.00008234633614571123
 4506.172840   802.469136  0.00008212803232186924
 4506.172840   925.925926  0.00008215865735006282
 4506.172840  1049.382716  0.00008155987230512213
 4506.172840  1172.839506  0.00008224384630489856
 4506.172840  1296.296296  0.00008187660496562949
 4506.172840  1419.753086  0.00008249778290927318
 4506.172840  1543.209877  0.00008063932412885119
 4506.172840  1666.666667  0.00008179615740458451
 4506.172840  1790.123457  0.00008289291975328312
 4506.172840  1913.580247  0.00008119009246635402
 4506.172840  2037.037037  0.00008082137690493420
 4506.172840  2160.493827  0.00007903614000002295
 4506.172840  2283.950617  0.00008468840809500244
 4506.172840  2407.407407  0.00007981376441438561
 4506.172840  2530.864198  0.00008527981598111382
 4506.172840  2654.320988  0.00008007864226598939
 4506.172840  2777.777778  0.00008288847179177154
 4506.172840  2901.234568  0.00008306827452638906
 4506.172840  3024.691358  0.00007936112067111706
 4506.172840  3148.148148  0.00007766448230831847
 4506.172840  3271.604938  0.00007909101373550945
 4506.172840  3395.061728  0.00008273176708511220
 4506.172840  3518.518519  0.00008343899078728868
 4506.172840  3641.975309  0.00008241139279696418
 4506.172840  3765.432099  0.00008259746973438379
 4506.172840  3888.888889  0.00008200103383371762
 4506.172840  4012.345679  0.00007823824660498726
 4506.172840  4135.802469  0.00007704643097929881
 4506.172840  4259.259259  0.00007901937874898408
 4506.172840  4382.716049  0.00008052337876916846
 4506.172840  4506.172840  0.00008163872452350047
 4506.172840  4629.629630  0.00008501011982156413
 4506.172840  4753.086420  0.00008571187249876355
 4506.172840  4876.543210  0.00007517950213061264

 4629.629630 -5000.000000  0.00000973154595603203
 4629.629630 -4876.543210  0.00009956031669533539
 4629.629630 -4753.086420  0.00010370951042778078
 4629.629630 -4629.629630  0.00010371461930371572
 4629.629630 -4506.172840  0.00009949754685635852
 4629.629630 -4382.716049  0.00010053578851655587
 4629.629630 -4259.259259  0.00010030234773162911
 4629.629630 -4135.802469  0.00009774145361864196
 4629.629630 -4012.345679  0.00009855161386330753
 4629.629630 -3888.888889  0.00010212730872875673
 4629.629630 -3765.432099  0.00010194225129223738
 4629.629630 -3641.975309  0.00010160196145392733
 4629.629630 -3518.518519  0.00010289103949351526
 4629.629630 -3395.061728  0.00010275503250456055
 4629.629630 -3271.604938  0.00009930431667443466
 4629.629630 -3148.148148  0.00009822313145952534
 4629.629630 -3024.691358  0.00010014363565436204
 4629.629630 -2901.234568  0.00010375913881381467
 4629.629630 -2777.777778  0.00010244709820027145
 4629.629630 -2654.320988  0.00009876960148093846
 4629.629630 -2530.864198  0.00010684722034475316
 4629.629630 -2407.407407  0.00009926686633376874
 4629.629630 -2283.950617  0.00010494806929519724
 4629.629630 -2160.493827  0.00009828274878818683
 4629.629630 -2037.037037  0.00010045430464112570
 4629.629630 -1913.580247  0.00010076761073465917
 4629.629630 -1790.123457  0.00010277320241901002
 4629.629630 -1666.666667  0.00010151042630550260
 4629.629630 -1543.209877  0.00010015947017750284
 4629.629630 -1419.753086  0.00010229558585335394
 4629.629630 -1296.296296  0.00010149613730581942
 4629.629630 -1172.839506  0.00010222282592364862
 4629.629630 -1049.382716  0.00010134494087359194
 4629.629630  -925.925926  0.00010208423095872299
 4629.629630  -802.469136  0.00010203306886079095
 4629.629630  -679.012346  0.00010228670835287610
 4629.629630  -555.555556  0.00010214072016835047
 4629.629630  -432.098765  0.00010213451804004277
 4629.629630  -308.641975  0.00010212541830881839
 4629.629630  -185.185185  0.00010195045354565666
 4629.629630   -61.728395  0.00010212721704371751
 4629.629630    61.728395  0.00010212721704372335
 4629.629630   185.185185  0.00010195045354568226
 4629.629630   308.641975  0.00010212541830881854
 4629.629630   432.098765  0.00010213451804002952
 4629.629630   555.555556  0.00010214072016833025
 4629.629630   679.012346  0.00010228670835287645
 4629.629630   802.469136  0.00010203306886078882
 4629.629630   925.925926  0.00010208423095871164
 4629.629630  1049.382716  0.00010134494087355677
 4629.629630  1172.839506  0.00010222282592362260
 4629.629630  1296.296296  0.00010149613730580635
 4629.629630  1419.753086  0.00010229558585336125
 4629.629630  1543.209877  0.00010015947017748821
 4629.629630  1666.666667  0.00010151042630547856
 4629.629630  1790.123457  0.00010277320241898531
 4629.629630  1913.580247  0.00010076761073465243
 4629.629630  2037.037037  0.00010045430464112167
 4629.629630  2160.493827  0.00009828274878817349
 4629.629630  2283.950617  0.00010494806929517016
 4629.629630  2407.407407  0.00009926686633372569
 4629.629630  2530.864198  0.00010684722034471772
 4629.629630  2654.320988  0.00009876960148088723
 4629.629630  2777.777778  0.00010244709820021973
 4629.629630  2901.234568  0.00010375913881376233
 4629.629630  3024.691358  0.00010014363565430173
 4629.629630  3148.148148  0.00009822313145947288
 4629.629630  3271.604938  0.00009930431667438170
 4629.629630  3395.061728  0.00010275503250450220
 4629.629630  3518.518519  0.00010289103949343721
 4629.629630  3641.975309  0.00010160196145384004
 4629.629630  3765.432099  0.00010194225129218095
 4629.629630  3888.888889  0.00010212730872871214
 4629.629630  4012.345679  0.00009855161386325332
 4629.629630  4135.802469  0.00009774145361858222
 4629.629630  4259.259259  0.00010030234773156719
 4629.629630  4382.716049  0.00010053578851649186
 4629.629630  4506.172840  0.00009949754685628725
 4629.629630  4629.629630  0.00010371461930363466
 4629.629630  4753.086420  0.00010370951042770362
 4629.629630  4876.543210  0.00009956031669528727

 4753.086420 -5000.000000  0.00000317541997538443
 4753.086420 -4876.543210  0.00009682379434582882
 4753.086420 -4753.086420  0.00011508525286115148
 4753.086420 -4629.629630  0.00011422152952376949
 4753.086420 -4506.172840  0.00010942914533265363
 4753.086420 -4382.716049  0.00010653888402226009
 4753.086420 -4259.259259  0.00010375482738051707
 4753.086420 -4135.802469  0.00010137687838568263
 4753.086420 -4012.345679  0.00010335464899401756
 4753.086420 -3888.888889  0.00010866858877299413
 4753.086420 -3765.432099  0.00010996893323158721
 4753.086420 -3641.975309  0.00010995134314047494
 4753.086420 -3518.518519  0.00011094830331799650
 4753.086420 -3395.061728  0.00010958750591121120
 4753.086420 -3271.604938  0.00010452677684083014
 4753.086420 -3148.148148  0.00010237215113421066
 4753.086420 -3024.691358  0.00010442991343092660
 4753.086420 -2901.234568  0.00010944265524947753
 4753.086420 -2777.777778  0.00011020646005568433
 4753.086420 -2654.320988  0.00010706651042626769
 4753.086420 -2530.864198  0.00011114841720864064
 4753.086420 -2407.407407  0.00010627489276628606
 4753.086420 -2283.950617  0.00011162772343766800
 4753.086420 -2160.493827  0.00010504412819947128
 4753.086420 -2037.037037  0.00010703354481801692
 4753.086420 -1913.580247  0.00010763910159002202
 4753.086420 -1790.123457  0.00010957504084728383
 4753.086420 -1666.666667  0.00010822727126276626
 4753.086420 -1543.209877  0.00010684724755080013
 4753.086420 -1419.753086  0.00010905631199966279
 4753.086420 -1296.296296  0.00010820761051887786
 4753.086420 -1172.839506  0.00010856589266519185
 4753.086420 -1049.382716  0.00010765357281363881
 4753.086420  -925.925926  0.00010841645530776656
 4753.086420  -802.469136  0.00010836660021092415
 4753.086420  -679.012346  0.00010861178912884297
 4753.086420  -555.555556  0.00010845879558244313
 4753.086420  -432.098765  0.00010845707977550727
 4753.086420  -308.641975  0.00010845214387595048
 4753.086420  -185.185185  0.00010826498885410207
 4753.086420   -61.728395  0.00010843365487183783
 4753.086420    61.728395  0.00010843365487183987
 4753.086420   185.185185  0.00010826498885412614
 4753.086420   308.641975  0.00010845214387595261
 4753.086420   432.098765  0.00010845707977549830
 4753.086420   555.555556  0.00010845879558242302
 4753.086420   679.012346  0.00010861178912884400
 4753.086420   802.469136  0.00010836660021092049
 4753.086420   925.925926  0.00010841645530775390
 4753.086420  1049.382716  0.00010765357281360160
 4753.086420  1172.839506  0.00010856589266516401
 4753.086420  1296.296296  0.00010820761051886012
 4753.086420  1419.753086  0.00010905631199966797
 4753.086420  1543.209877  0.00010684724755078424
 4753.086420  1666.666667  0.00010822727126274265
 4753.086420  1790.123457  0.00010957504084725914
 4753.086420  1913.580247  0.00010763910159001462
 4753.086420  2037.037037  0.00010703354481800658
 4753.086420  2160.493827  0.00010504412819945135
 4753.086420  2283.950617  0.00011162772343763290
 4753.086420  2407.407407  0.00010627489276624185
 4753.086420  2530.864198  0.00011114841720859626
 4753.086420  2654.320988  0.00010706651042621736
 4753.086420  2777.777778  0.00011020646005563635
 4753.086420  2901.234568  0.00010944265524942991
 4753.086420  3024.691358  0.00010442991343087129
 4753.086420  3148.148148  0.00010237215113416114
 4753.086420  3271.604938  0.00010452677684077696
 4753.086420  3395.061728  0.00010958750591114819
 4753.086420  3518.518519  0.00011094830331790941
 4753.086420  3641.975309  0.00010995134314038140
 4753.086420  3765.432099  0.00010996893323152446
 4753.086420  3888.888889  0.00010866858877295427
 4753.086420  4012.345679  0.00010335464899397240
 4753.086420  4135.802469  0.00010137687838563411
 4753.086420  4259.259259  0.00010375482738046705
 4753.086420  4382.716049  0.00010653888402219662
 4753.086420  4506.172840  0.00010942914533256957
 4753.086420  4629.629630  0.00011422152952366991
 4753.086420  4753.086420  0.00011508525286105511
 4753.086420  4876.543210  0.00009682379434579389

 4876.543210 -5000.000000  0.00001781392658758103
 4876.543210 -4876.543210  0.00009349407360526678
 4876.543210 -4753.086420  0.00010849815150835459
 4876.543210 -4629.629630  0.00012207428099419160
 4876.543210 -4506.172840  0.00010987271647271799
 4876.543210 -4382.716049  0.00010232747763127783
 4876.543210 -4259.259259  0.00010052744539206520
 4876.543210 -4135.802469  0.00010293777651747587
 4876.543210 -4012.345679  0.00010696958066237444
 4876.543210 -3888.888889  0.00010611239416195746
 4876.543210 -3765.432099  0.00011217529254604135
 4876.543210 -3641.975309  0.00010966587295043339
 4876.543210 -3518.518519  0.00011137262556914225
 4876.543210 -3395.061728  0.00010985184135064816
 4876.543210 -3271.604938  0.00010480156319814761
 4876.543210 -3148.148148  0.00010217456659714217
 4876.543210 -3024.691358  0.00010453364408395185
 4876.543210 -2901.234568  0.00010996959509384405
 4876.543210 -2777.777778  0.00011038559994514960
 4876.543210 -2654.320988  0.00010668492384606083
 4876.543210 -2530.864198  0.00011228036303122138
 4876.543210 -2407.407407  0.00010658245887968959
 4876.543210 -2283.950617  0.00011277927772445780
 4876.543210 -2160.493827  0.00010533295191632747
 4876.543210 -2037.037037  0.00010756955142570626
 4876.543210 -1913.580247  0.00010814244925624425
 4876.543210 -1790.123457  0.00011031627276483766
 4876.543210 -1666.666667  0.00010880163721676211
 4876.543210 -1543.209877  0.00010722582717656703
 4876.543210 -1419.753086  0.00010966034308418075
 4876.543210 -1296.296296  0.00010879117100042755
 4876.543210 -1172.839506  0.00010925847793123300
 4876.543210 -1049.382716  0.00010830969384440561
 4876.543210  -925.925926  0.00010907547095567936
 4876.543210  -802.469136  0.00010900359669812006
 4876.543210  -679.012346  0.00010926688099780359
 4876.543210  -555.555556  0.00010909971695651100
 4876.543210  -432.098765  0.00010908109754184894
 4876.543210  -308.641975  0.00010906571034056640
 4876.543210  -185.185185  0.00010888024893960991
 4876.543210   -61.728395  0.00010904596332629872
 4876.543210    61.728395  0.00010904596332629663
 4876.543210   185.185185  0.00010888024893962754
 4876.543210   308.641975  0.00010906571034056858
 4876.543210   432.098765  0.00010908109754184200
 4876.543210   555.555556  0.00010909971695649486
 4876.543210   679.012346  0.00010926688099780888
 4876.543210   802.469136  0.00010900359669811850
 4876.543210   925.925926  0.00010907547095567212
 4876.543210  1049.382716  0.00010830969384438216
 4876.543210  1172.839506  0.00010925847793121524
 4876.543210  1296.296296  0.00010879117100041224
 4876.543210  1419.753086  0.00010966034308418297
 4876.543210  1543.209877  0.00010722582717655165
 4876.543210  1666.666667  0.00010880163721674622
 4876.543210  1790.123457  0.00011031627276482325
 4876.543210  1913.580247  0.00010814244925624159
 4876.543210  2037.037037  0.00010756955142569872
 4876.543210  2160.493827  0.00010533295191630949
 4876.543210  2283.950617  0.00011277927772443951
 4876.543210  2407.407407  0.00010658245887965761
 4876.543210  2530.864198  0.00011228036303120911
 4876.543210  2654.320988  0.00010668492384602995
 4876.543210  2777.777778  0.00011038559994512791
 4876.543210  2901.234568  0.00010996959509382978
 4876.543210  3024.691358  0.00010453364408392700
 4876.543210  3148.148148  0.00010217456659711879
 4876.543210  3271.604938  0.00010480156319811842
 4876.543210  3395.061728  0.00010985184135061375
 4876.543210  3518.518519  0.00011137262556909189
 4876.543210  3641.975309  0.00010966587295037666
 4876.543210  3765.432099  0.00011217529254599863
 4876.543210  3888.888889  0.00010611239416194945
 4876.543210  4012.345679  0.00010696958066235245
 4876.543210  4135.802469  0.00010293777651745925
 4876.543210  4259.259259  0.00010052744539205869
 4876.543210  4382.716049  0.00010232747763125731
 4876.543210  4506.172840  0.00010987271647266071
 4876.543210  4629.629630  0.00012207428099410113
 4876.543210  4753.086420  0.00010849815150829954
 4876.543210  4876.543210  0.00009349407360527716

