-5000.000000 -5000.000000  -0.00000637192933260817
-5000.000000 -4876.543210  -0.00002081552130390837
-5000.000000 -4753.086420  -0.00001917844550729299
-5000.000000 -4629.629630  -0.00001957749652979323
-5000.000000 -4506.172840  -0.00001876740592813722
-5000.000000 -4382.716049  -0.00001933304554683403
-5000.000000 -4259.259259  -0.00001979295489489065
-5000.000000 -4135.802469  -0.00001946436726951504
-5000.000000 -4012.345679  -0.00001943699343472605
-5000.000000 -3888.888889  -0.00001968973521951242
-5000.000000 -3765.432099  -0.00001914401813921972
-5000.000000 -3641.975309  -0.00001923724929733387
-5000.000000 -3518.518519  -0.00001893848376287392
-5000.000000 -3395.061728  -0.00001900793795336002
-5000.000000 -3271.604938  -0.00001920373486524630
-5000.000000 -3148.148148  -0.00001934214035479525
-5000.000000 -3024.691358  -0.00001919467468950998
-5000.000000 -2901.234568  -0.00001896995827584772
-5000.000000 -2777.777778  -0.00001920199421019117
-5000.000000 -2654.320988  -0.00001938969997427676
-5000.000000 -2530.864198  -0.00001798880075387482
-5000.000000 -2407.407407  -0.00001888969268546748
-5000.000000 -2283.950617  -0.00001797584097241860
-5000.000000 -2160.493827  -0.00001860494289091847
-5000.000000 -2037.037037  -0.00001840956315907832
-5000.000000 -1913.580247  -0.00001848964378452563
-5000.000000 -1790.123457  -0.00001832879658513865
-5000.000000 -1666.666667  -0.00001846254859122598
-5000.000000 -1543.209877  -0.00001857993427972565
-5000.000000 -1419.753086  -0.00001834594307038952
-5000.000000 -1296.296296  -0.00001838445071476900
-5000.000000 -1172.839506  -0.00001833200722558279
-5000.000000 -1049.382716  -0.00001841523120294075
-5000.000000  -925.925926  -0.00001837250518899143
-5000.000000  -802.469136  -0.00001841213984466008
-5000.000000  -679.012346  -0.00001842014733916563
-5000.000000  -555.555556  -0.00001844065537103558
-5000.000000  -432.098765  -0.00001841785800798012
-5000.000000  -308.641975  -0.00001838088961422781
-5000.000000  -185.185185  -0.00001837675694867402
-5000.000000   -61.728395  -0.00001841342686079795
-5000.000000    61.728395  -0.00001841342686079772
-5000.000000   185.185185  -0.00001837675694867312
-5000.000000   308.641975  -0.00001838088961422636
-5000.000000   432.098765  -0.00001841785800797773
-5000.000000   555.555556  -0.00001844065537103218
-5000.000000   679.012346  -0.00001842014733916263
-5000.000000   802.469136  -0.00001841213984465629
-5000.000000   925.925926  -0.00001837250518898811
-5000.000000  1049.382716  -0.00001841523120293729
-5000.000000  1172.839506  -0.00001833200722557742
-5000.000000  1296.296296  -0.00001838445071476411
-5000.000000  1419.753086  -0.00001834594307038369
-5000.000000  1543.209877  -0.00001857993427971840
-5000.000000  1666.666667  -0.00001846254859121800
-5000.000000  1790.123457  -0.00001832879658512941
-5000.000000  1913.580247  -0.00001848964378451766
-5000.000000  2037.037037  -0.00001840956315907022
-5000.000000  2160.493827  -0.00001860494289091009
-5000.000000  2283.950617  -0.00001797584097240999
-5000.000000  2407.407407  -0.00001888969268545340
-5000.000000  2530.864198  -0.00001798880075386666
-5000.000000  2654.320988  -0.00001938969997426390
-5000.000000  2777.777778  -0.00001920199421017559
-5000.000000  2901.234568  -0.00001896995827583218
-5000.000000  3024.691358  -0.00001919467468949385
-5000.000000  3148.148148  -0.00001934214035477927
-5000.000000  3271.604938  -0.00001920373486523028
-5000.000000  3395.061728  -0.00001900793795334276
-5000.000000  3518.518519  -0.00001893848376285558
-5000.000000  3641.975309  -0.00001923724929731424
-5000.000000  3765.432099  -0.00001914401813919905
-5000.000000  3888.888889  -0.00001968973521949092
-5000.000000  4012.345679  -0.00001943699343470397
-5000.000000  4135.802469  -0.00001946436726949308
-5000.000000  4259.259259  -0.00001979295489486744
-5000.000000  4382.716049  -0.00001933304554681105
-5000.000000  4506.172840  -0.00001876740592811486
-5000.000000  4629.629630  -0.00001957749652976807
-5000.000000  4753.086420  -0.00001917844550726706
-5000.000000  4876.543210  -0.00002081552130388091

-4876.543210 -5000.000000  -0.00001810061732002316
-4876.543210 -4876.543210  -0.00006515688503492336
-4876.543210 -4753.086420  -0.00006322303887955078
-4876.543210 -4629.629630  -0.00006449036939193078
-4876.543210 -4506.172840  -0.00006106598787352732
-4876.543210 -4382.716049  -0.00006174130651650741
-4876.543210 -4259.259259  -0.00006289843806575969
-4876.543210 -4135.802469  -0.00006242574750047483
-4876.543210 -4012.345679  -0.00006287157184449027
-4876.543210 -3888.888889  -0.00006379741760787059
-4876.543210 -3765.432099  -0.00006381141471980363
-4876.543210 -3641.975309  -0.00006301216269895090
-4876.543210 -3518.518519  -0.00006311366006869299
-4876.543210 -3395.061728  -0.00006273404433833675
-4876.543210 -3271.604938  -0.00006170211235930776
-4876.543210 -3148.148148  -0.00006196122742039646
-4876.543210 -3024.691358  -0.00006333053496591497
-4876.543210 -2901.234568  -0.00006466470192703466
-4876.543210 -2777.777778  -0.00006424039383509540
-4876.543210 -2654.320988  -0.00006124111390745047
-4876.543210 -2530.864198  -0.00006068913434603511
-4876.543210 -2407.407407  -0.00006960838252628018
-4876.543210 -2283.950617  -0.00006622175741317308
-4876.543210 -2160.493827  -0.00006449753764216103
-4876.543210 -2037.037037  -0.00006462123863277001
-4876.543210 -1913.580247  -0.00006644499670815257
-4876.543210 -1790.123457  -0.00006726795072291862
-4876.543210 -1666.666667  -0.00006696337608762441
-4876.543210 -1543.209877  -0.00006620613483749755
-4876.543210 -1419.753086  -0.00006607530945267311
-4876.543210 -1296.296296  -0.00006644617061786609
-4876.543210 -1172.839506  -0.00006535758447382908
-4876.543210 -1049.382716  -0.00006580812086708872
-4876.543210  -925.925926  -0.00006577915058537275
-4876.543210  -802.469136  -0.00006618705607937120
-4876.543210  -679.012346  -0.00006655186216748909
-4876.543210  -555.555556  -0.00006671610274634167
-4876.543210  -432.098765  -0.00006638149568150786
-4876.543210  -308.641975  -0.00006578977962866604
-4876.543210  -185.185185  -0.00006553109168681780
-4876.543210   -61.728395  -0.00006634787042641514
-4876.543210    61.728395  -0.00006634787042641657
-4876.543210   185.185185  -0.00006553109168681909
-4876.543210   308.641975  -0.00006578977962866512
-4876.543210   432.098765  -0.00006638149568150530
-4876.543210   555.555556  -0.00006671610274633526
-4876.543210   679.012346  -0.00006655186216748647
-4876.543210   802.469136  -0.00006618705607936714
-4876.543210   925.925926  -0.00006577915058536917
-4876.543210  1049.382716  -0.00006580812086708418
-4876.543210  1172.839506  -0.00006535758447382252
-4876.543210  1296.296296  -0.00006644617061786366
-4876.543210  1419.753086  -0.00006607530945267091
-4876.543210  1543.209877  -0.00006620613483749156
-4876.543210  1666.666667  -0.00006696337608761509
-4876.543210  1790.123457  -0.00006726795072290718
-4876.543210  1913.580247  -0.00006644499670814831
-4876.543210  2037.037037  -0.00006462123863276981
-4876.543210  2160.493827  -0.00006449753764216079
-4876.543210  2283.950617  -0.00006622175741316492
-4876.543210  2407.407407  -0.00006960838252625868
-4876.543210  2530.864198  -0.00006068913434603377
-4876.543210  2654.320988  -0.00006124111390745673
-4876.543210  2777.777778  -0.00006424039383509214
-4876.543210  2901.234568  -0.00006466470192702561
-4876.543210  3024.691358  -0.00006333053496590331
-4876.543210  3148.148148  -0.00006196122742038749
-4876.543210  3271.604938  -0.00006170211235930112
-4876.543210  3395.061728  -0.00006273404433833129
-4876.543210  3518.518519  -0.00006311366006868858
-4876.543210  3641.975309  -0.00006301216269894533
-4876.543210  3765.432099  -0.00006381141471979715
-4876.543210  3888.888889  -0.00006379741760786325
-4876.543210  4012.345679  -0.00006287157184447813
-4876.543210  4135.802469  -0.00006242574750046127
-4876.543210  4259.259259  -0.00006289843806574482
-4876.543210  4382.716049  -0.00006174130651649970
-4876.543210  4506.172840  -0.00006106598787352942
-4876.543210  4629.629630  -0.00006449036939193081
-4876.543210  4753.086420  -0.00006322303887955040
-4876.543210  4876.543210  -0.00006515688503489181

-4753.086420 -5000.000000  -0.00001394229718078017
-4753.086420 -4876.543210  -0.00005277023173895489
-4753.086420 -4753.086420  -0.00005121469893056729
-4753.086420 -4629.629630  -0.00005185771809641418
-4753.086420 -4506.172840  -0.00004925363623091918
-4753.086420 -4382.716049  -0.00004995407656397955
-4753.086420 -4259.259259  -0.00005088576965504370
-4753.086420 -4135.802469  -0.00005039914109443701
-4753.086420 -4012.345679  -0.00005067978561148955
-4753.086420 -3888.888889  -0.00005158866602041550
-4753.086420 -3765.432099  -0.00005143488957233960
-4753.086420 -3641.975309  -0.00005082219689724028
-4753.086420 -3518.518519  -0.00005082182832723449
-4753.086420 -3395.061728  -0.00005046828055702033
-4753.086420 -3271.604938  -0.00004973869267719182
-4753.086420 -3148.148148  -0.00004998360339225362
-4753.086420 -3024.691358  -0.00005103507688361191
-4753.086420 -2901.234568  -0.00005204976381605003
-4753.086420 -2777.777778  -0.00005179626142823501
-4753.086420 -2654.320988  -0.00004947345935931762
-4753.086420 -2530.864198  -0.00004816988510573795
-4753.086420 -2407.407407  -0.00005371328580476976
-4753.086420 -2283.950617  -0.00005075121767063414
-4753.086420 -2160.493827  -0.00004951340073954562
-4753.086420 -2037.037037  -0.00004963373976404359
-4753.086420 -1913.580247  -0.00005104884633294427
-4753.086420 -1790.123457  -0.00005168503815889800
-4753.086420 -1666.666667  -0.00005149986301405486
-4753.086420 -1543.209877  -0.00005094235378492350
-4753.086420 -1419.753086  -0.00005076336851781157
-4753.086420 -1296.296296  -0.00005101720129826677
-4753.086420 -1172.839506  -0.00005017650947649355
-4753.086420 -1049.382716  -0.00005053998605190423
-4753.086420  -925.925926  -0.00005052330575478513
-4753.086420  -802.469136  -0.00005086605589081098
-4753.086420  -679.012346  -0.00005116592927543073
-4753.086420  -555.555556  -0.00005129967817278498
-4753.086420  -432.098765  -0.00005102293002863737
-4753.086420  -308.641975  -0.00005053589133960837
-4753.086420  -185.185185  -0.00005032206056569286
-4753.086420   -61.728395  -0.00005099446874131135
-4753.086420    61.728395  -0.00005099446874131370
-4753.086420   185.185185  -0.00005032206056569537
-4753.086420   308.641975  -0.00005053589133961011
-4753.086420   432.098765  -0.00005102293002863905
-4753.086420   555.555556  -0.00005129967817278428
-4753.086420   679.012346  -0.00005116592927543394
-4753.086420   802.469136  -0.00005086605589081414
-4753.086420   925.925926  -0.00005052330575478949
-4753.086420  1049.382716  -0.00005053998605190855
-4753.086420  1172.839506  -0.00005017650947649710
-4753.086420  1296.296296  -0.00005101720129827640
-4753.086420  1419.753086  -0.00005076336851782172
-4753.086420  1543.209877  -0.00005094235378493144
-4753.086420  1666.666667  -0.00005149986301406091
-4753.086420  1790.123457  -0.00005168503815890314
-4753.086420  1913.580247  -0.00005104884633295605
-4753.086420  2037.037037  -0.00004963373976405908
-4753.086420  2160.493827  -0.00004951340073956197
-4753.086420  2283.950617  -0.00005075121767064560
-4753.086420  2407.407407  -0.00005371328580477310
-4753.086420  2530.864198  -0.00004816988510575368
-4753.086420  2654.320988  -0.00004947345935934484
-4753.086420  2777.777778  -0.00005179626142825602
-4753.086420  2901.234568  -0.00005204976381606434
-4753.086420  3024.691358  -0.00005103507688362181
-4753.086420  3148.148148  -0.00004998360339226590
-4753.086420  3271.604938  -0.00004973869267720865
-4753.086420  3395.061728  -0.00005046828055704155
-4753.086420  3518.518519  -0.00005082182832725931
-4753.086420  3641.975309  -0.00005082219689726562
-4753.086420  3765.432099  -0.00005143488957236486
-4753.086420  3888.888889  -0.00005158866602043811
-4753.086420  4012.345679  -0.00005067978561150683
-4753.086420  4135.802469  -0.00005039914109445160
-4753.086420  4259.259259  -0.00005088576965505783
-4753.086420  4382.716049  -0.00004995407656400393
-4753.086420  4506.172840  -0.00004925363623095759
-4753.086420  4629.629630  -0.00005185771809645602
-4753.086420  4753.086420  -0.00005121469893060691
-4753.086420  4876.543210  -0.00005277023173895180

-4629.629630 -5000.000000  -0.00001193591097531896
-4629.629630 -4876.543210  -0.00004531360805765793
-4629.629630 -4753.086420  -0.00004332638737614441
-4629.629630 -4629.629630  -0.00004365872114505954
-4629.629630 -4506.172840  -0.00004167656831503755
-4629.629630 -4382.716049  -0.00004259241636316441
-4629.629630 -4259.259259  -0.00004346277679460012
-4629.629630 -4135.802469  -0.00004287654696429606
-4629.629630 -4012.345679  -0.00004298361168777229
-4629.629630 -3888.888889  -0.00004380896531051248
-4629.629630 -3765.432099  -0.00004340973521368150
-4629.629630 -3641.975309  -0.00004346008312675224
-4629.629630 -3518.518519  -0.00004320200030255506
-4629.629630 -3395.061728  -0.00004301157247339453
-4629.629630 -3271.604938  -0.00004271822338528160
-4629.629630 -3148.148148  -0.00004301138037443533
-4629.629630 -3024.691358  -0.00004356774015996258
-4629.629630 -2901.234568  -0.00004403622987511598
-4629.629630 -2777.777778  -0.00004405598882727281
-4629.629630 -2654.320988  -0.00004271756277461566
-4629.629630 -2530.864198  -0.00004051188742629528
-4629.629630 -2407.407407  -0.00004366585818250450
-4629.629630 -2283.950617  -0.00004100388069326752
-4629.629630 -2160.493827  -0.00004070742067694935
-4629.629630 -2037.037037  -0.00004067383834180539
-4629.629630 -1913.580247  -0.00004160667949575804
-4629.629630 -1790.123457  -0.00004189956066820317
-4629.629630 -1666.666667  -0.00004190752454754992
-4629.629630 -1543.209877  -0.00004165591306407406
-4629.629630 -1419.753086  -0.00004133971265288829
-4629.629630 -1296.296296  -0.00004150651254620552
-4629.629630 -1172.839506  -0.00004094989278427074
-4629.629630 -1049.382716  -0.00004123232277524646
-4629.629630  -925.925926  -0.00004120689132842911
-4629.629630  -802.469136  -0.00004146288062761397
-4629.629630  -679.012346  -0.00004166358425383757
-4629.629630  -555.555556  -0.00004176420421165201
-4629.629630  -432.098765  -0.00004156953100481252
-4629.629630  -308.641975  -0.00004122411143400921
-4629.629630  -185.185185  -0.00004107326680035861
-4629.629630   -61.728395  -0.00004154991118550085
-4629.629630    61.728395  -0.00004154991118550227
-4629.629630   185.185185  -0.00004107326680036054
-4629.629630   308.641975  -0.00004122411143401077
-4629.629630   432.098765  -0.00004156953100481436
-4629.629630   555.555556  -0.00004176420421165248
-4629.629630   679.012346  -0.00004166358425384169
-4629.629630   802.469136  -0.00004146288062761853
-4629.629630   925.925926  -0.00004120689132843451
-4629.629630  1049.382716  -0.00004123232277525221
-4629.629630  1172.839506  -0.00004094989278427670
-4629.629630  1296.296296  -0.00004150651254621626
-4629.629630  1419.753086  -0.00004133971265289927
-4629.629630  1543.209877  -0.00004165591306408381
-4629.629630  1666.666667  -0.00004190752454755903
-4629.629630  1790.123457  -0.00004189956066821198
-4629.629630  1913.580247  -0.00004160667949577185
-4629.629630  2037.037037  -0.00004067383834182225
-4629.629630  2160.493827  -0.00004070742067696706
-4629.629630  2283.950617  -0.00004100388069328266
-4629.629630  2407.407407  -0.00004366585818251300
-4629.629630  2530.864198  -0.00004051188742631306
-4629.629630  2654.320988  -0.00004271756277464276
-4629.629630  2777.777778  -0.00004405598882729514
-4629.629630  2901.234568  -0.00004403622987513183
-4629.629630  3024.691358  -0.00004356774015997334
-4629.629630  3148.148148  -0.00004301138037444795
-4629.629630  3271.604938  -0.00004271822338529924
-4629.629630  3395.061728  -0.00004301157247341755
-4629.629630  3518.518519  -0.00004320200030258238
-4629.629630  3641.975309  -0.00004346008312677994
-4629.629630  3765.432099  -0.00004340973521370916
-4629.629630  3888.888889  -0.00004380896531053666
-4629.629630  4012.345679  -0.00004298361168779201
-4629.629630  4135.802469  -0.00004287654696431230
-4629.629630  4259.259259  -0.00004346277679461547
-4629.629630  4382.716049  -0.00004259241636319014
-4629.629630  4506.172840  -0.00004167656831507835
-4629.629630  4629.629630  -0.00004365872114510498
-4629.629630  4753.086420  -0.00004332638737618740
-4629.629630  4876.543210  -0.00004531360805765612

-4506.172840 -5000.000000  -0.00000877370343723196
-4506.172840 -4876.543210  -0.00003308394828149695
-4506.172840 -4753.086420  -0.00003152264364544122
-4506.172840 -4629.629630  -0.00003173353502523339
-4506.172840 -4506.172840  -0.00003028312783961982
-4506.172840 -4382.716049  -0.00003098204416024006
-4506.172840 -4259.259259  -0.00003165375607072660
-4506.172840 -4135.802469  -0.00003124603120279632
-4506.172840 -4012.345679  -0.00003131533154632794
-4506.172840 -3888.888889  -0.00003190966915212398
-4506.172840 -3765.432099  -0.00003162034103252274
-4506.172840 -3641.975309  -0.00003146142663117897
-4506.172840 -3518.518519  -0.00003132716880891770
-4506.172840 -3395.061728  -0.00003117373008717491
-4506.172840 -3271.604938  -0.00003092852244587717
-4506.172840 -3148.148148  -0.00003115126157291733
-4506.172840 -3024.691358  -0.00003164002271706320
-4506.172840 -2901.234568  -0.00003205312933166045
-4506.172840 -2777.777778  -0.00003198265461979910
-4506.172840 -2654.320988  -0.00003082602736935332
-4506.172840 -2530.864198  -0.00002935617753214126
-4506.172840 -2407.407407  -0.00003158155298708991
-4506.172840 -2283.950617  -0.00002960770512347370
-4506.172840 -2160.493827  -0.00002922510299986558
-4506.172840 -2037.037037  -0.00002924568086878406
-4506.172840 -1913.580247  -0.00002998313503919923
-4506.172840 -1790.123457  -0.00003026300717477228
-4506.172840 -1666.666667  -0.00003024522610139019
-4506.172840 -1543.209877  -0.00003001330714328260
-4506.172840 -1419.753086  -0.00002979813312361491
-4506.172840 -1296.296296  -0.00002993845802399833
-4506.172840 -1172.839506  -0.00002948433673495580
-4506.172840 -1049.382716  -0.00002970025804459622
-4506.172840  -925.925926  -0.00002968901209799914
-4506.172840  -802.469136  -0.00002989070334166531
-4506.172840  -679.012346  -0.00003005233374447510
-4506.172840  -555.555556  -0.00003013174789926938
-4506.172840  -432.098765  -0.00002997827948056420
-4506.172840  -308.641975  -0.00002970236686778526
-4506.172840  -185.185185  -0.00002957680653607899
-4506.172840   -61.728395  -0.00002996475593482045
-4506.172840    61.728395  -0.00002996475593482120
-4506.172840   185.185185  -0.00002957680653608020
-4506.172840   308.641975  -0.00002970236686778648
-4506.172840   432.098765  -0.00002997827948056523
-4506.172840   555.555556  -0.00003013174789926998
-4506.172840   679.012346  -0.00003005233374447823
-4506.172840   802.469136  -0.00002989070334166905
-4506.172840   925.925926  -0.00002968901209800415
-4506.172840  1049.382716  -0.00002970025804460163
-4506.172840  1172.839506  -0.00002948433673496115
-4506.172840  1296.296296  -0.00002993845802400676
-4506.172840  1419.753086  -0.00002979813312362385
-4506.172840  1543.209877  -0.00003001330714329057
-4506.172840  1666.666667  -0.00003024522610139791
-4506.172840  1790.123457  -0.00003026300717477989
-4506.172840  1913.580247  -0.00002998313503921105
-4506.172840  2037.037037  -0.00002924568086879869
-4506.172840  2160.493827  -0.00002922510299988121
-4506.172840  2283.950617  -0.00002960770512348730
-4506.172840  2407.407407  -0.00003158155298709656
-4506.172840  2530.864198  -0.00002935617753215683
-4506.172840  2654.320988  -0.00003082602736937810
-4506.172840  2777.777778  -0.00003198265461981824
-4506.172840  2901.234568  -0.00003205312933167336
-4506.172840  3024.691358  -0.00003164002271707283
-4506.172840  3148.148148  -0.00003115126157292865
-4506.172840  3271.604938  -0.00003092852244589309
-4506.172840  3395.061728  -0.00003117373008719572
-4506.172840  3518.518519  -0.00003132716880894186
-4506.172840  3641.975309  -0.00003146142663120397
-4506.172840  3765.432099  -0.00003162034103254707
-4506.172840  3888.888889  -0.00003190966915214543
-4506.172840  4012.345679  -0.00003131533154634532
-4506.172840  4135.802469  -0.00003124603120281086
-4506.172840  4259.259259  -0.00003165375607074037
-4506.172840  4382.716049  -0.00003098204416026309
-4506.172840  4506.172840  -0.00003028312783965669
-4506.172840  4629.629630  -0.00003173353502527392
-4506.172840  4753.086420  -0.00003152264364547990
-4506.172840  4876.543210  -0.00003308394828149516

-4382.716049 -5000.000000  -0.00000703793557236285
-4382.716049 -4876.543210  -0.00002516495868199433
-4382.716049 -4753.086420  -0.00002387904395051740
-4382.716049 -4629.629630  -0.00002416814550345677
-4382.716049 -4506.172840  -0.00002297110605102948
-4382.716049 -4382.716049  -0.00002345736717973225
-4382.716049 -4259.259259  -0.00002401354395648058
-4382.716049 -4135.802469  -0.00002378332749203852
-4382.716049 -4012.345679  -0.00002387214762790676
-4382.716049 -3888.888889  -0.00002424429304539110
-4382.716049 -3765.432099  -0.00002413678022666749
-4382.716049 -3641.975309  -0.00002376906496314774
-4382.716049 -3518.518519  -0.00002379214606218735
-4382.716049 -3395.061728  -0.00002365856779948375
-4382.716049 -3271.604938  -0.00002336213783980968
-4382.716049 -3148.148148  -0.00002352951427188161
-4382.716049 -3024.691358  -0.00002406589167434737
-4382.716049 -2901.234568  -0.00002452788612713741
-4382.716049 -2777.777778  -0.00002430716196201958
-4382.716049 -2654.320988  -0.00002309234658166416
-4382.716049 -2530.864198  -0.00002259440338387361
-4382.716049 -2407.407407  -0.00002519077065797001
-4382.716049 -2283.950617  -0.00002371373750554734
-4382.716049 -2160.493827  -0.00002307664908805998
-4382.716049 -2037.037037  -0.00002315182976191754
-4382.716049 -1913.580247  -0.00002385098887084433
-4382.716049 -1790.123457  -0.00002418278377439663
-4382.716049 -1666.666667  -0.00002409648369952640
-4382.716049 -1543.209877  -0.00002381393686832888
-4382.716049 -1419.753086  -0.00002371769270338167
-4382.716049 -1296.296296  -0.00002385953666008449
-4382.716049 -1172.839506  -0.00002342023072590431
-4382.716049 -1049.382716  -0.00002361221935131653
-4382.716049  -925.925926  -0.00002360249136773179
-4382.716049  -802.469136  -0.00002377933518073212
-4382.716049  -679.012346  -0.00002392773646317823
-4382.716049  -555.555556  -0.00002399789484739527
-4382.716049  -432.098765  -0.00002386126022960481
-4382.716049  -308.641975  -0.00002361227009700558
-4382.716049  -185.185185  -0.00002350287108324475
-4382.716049   -61.728395  -0.00002384642972149671
-4382.716049    61.728395  -0.00002384642972149668
-4382.716049   185.185185  -0.00002350287108324528
-4382.716049   308.641975  -0.00002361227009700588
-4382.716049   432.098765  -0.00002386126022960441
-4382.716049   555.555556  -0.00002399789484739349
-4382.716049   679.012346  -0.00002392773646317862
-4382.716049   802.469136  -0.00002377933518073338
-4382.716049   925.925926  -0.00002360249136773408
-4382.716049  1049.382716  -0.00002361221935131876
-4382.716049  1172.839506  -0.00002342023072590648
-4382.716049  1296.296296  -0.00002385953666008864
-4382.716049  1419.753086  -0.00002371769270338595
-4382.716049  1543.209877  -0.00002381393686833221
-4382.716049  1666.666667  -0.00002409648369952888
-4382.716049  1790.123457  -0.00002418278377439838
-4382.716049  1913.580247  -0.00002385098887084999
-4382.716049  2037.037037  -0.00002315182976192667
-4382.716049  2160.493827  -0.00002307664908806992
-4382.716049  2283.950617  -0.00002371373750555410
-4382.716049  2407.407407  -0.00002519077065796841
-4382.716049  2530.864198  -0.00002259440338388321
-4382.716049  2654.320988  -0.00002309234658168209
-4382.716049  2777.777778  -0.00002430716196203074
-4382.716049  2901.234568  -0.00002452788612714267
-4382.716049  3024.691358  -0.00002406589167435013
-4382.716049  3148.148148  -0.00002352951427188691
-4382.716049  3271.604938  -0.00002336213783981896
-4382.716049  3395.061728  -0.00002365856779949650
-4382.716049  3518.518519  -0.00002379214606220273
-4382.716049  3641.975309  -0.00002376906496316411
-4382.716049  3765.432099  -0.00002413678022668232
-4382.716049  3888.888889  -0.00002424429304540377
-4382.716049  4012.345679  -0.00002387214762791537
-4382.716049  4135.802469  -0.00002378332749204451
-4382.716049  4259.259259  -0.00002401354395648631
-4382.716049  4382.716049  -0.00002345736717974621
-4382.716049  4506.172840  -0.00002297110605105473
-4382.716049  4629.629630  -0.00002416814550348437
-4382.716049  4753.086420  -0.00002387904395054397
-4382.716049  4876.543210  -0.00002516495868198479

-4259.259259 -5000.000000  -0.00000524618744607363
-4259.259259 -4876.543210  -0.00001706208778023644
-4259.259259 -4753.086420  -0.00001585900939144543
-4259.259259 -4629.629630  -0.00001616480883263908
-4259.259259 -4506.172840  -0.00001531632422077406
-4259.259259 -4382.716049  -0.00001568336146825115
-4259.259259 -4259.259259  -0.00001613567576616350
-4259.259259 -4135.802469  -0.00001602723364964293
-4259.259259 -4012.345679  -0.00001608797315812220
-4259.259259 -3888.888889  -0.00001625084199249191
-4259.259259 -3765.432099  -0.00001620339475021063
-4259.259259 -3641.975309  -0.00001584337163473369
-4259.259259 -3518.518519  -0.00001592653851127648
-4259.259259 -3395.061728  -0.00001585061411149793
-4259.259259 -3271.604938  -0.00001563181182453326
-4259.259259 -3148.148148  -0.00001576861326519019
-4259.259259 -3024.691358  -0.00001620723669887329
-4259.259259 -2901.234568  -0.00001655254851169620
-4259.259259 -2777.777778  -0.00001628525313770001
-4259.259259 -2654.320988  -0.00001530137321701022
-4259.259259 -2530.864198  -0.00001538610801238659
-4259.259259 -2407.407407  -0.00001792780670958295
-4259.259259 -2283.950617  -0.00001692214156637888
-4259.259259 -2160.493827  -0.00001634340962454163
-4259.259259 -2037.037037  -0.00001640898085179376
-4259.259259 -1913.580247  -0.00001696011284197865
-4259.259259 -1790.123457  -0.00001723379309628879
-4259.259259 -1666.666667  -0.00001713923949765771
-4259.259259 -1543.209877  -0.00001689892065463636
-4259.259259 -1419.753086  -0.00001686599119814608
-4259.259259 -1296.296296  -0.00001697889091774272
-4259.259259 -1172.839506  -0.00001663388699946425
-4259.259259 -1049.382716  -0.00001678683772934022
-4259.259259  -925.925926  -0.00001677084783740651
-4259.259259  -802.469136  -0.00001690318798569718
-4259.259259  -679.012346  -0.00001701709412575949
-4259.259259  -555.555556  -0.00001707031181401033
-4259.259259  -432.098765  -0.00001696605589872952
-4259.259259  -308.641975  -0.00001677823194196504
-4259.259259  -185.185185  -0.00001670350430073993
-4259.259259   -61.728395  -0.00001695153871835661
-4259.259259    61.728395  -0.00001695153871835571
-4259.259259   185.185185  -0.00001670350430073986
-4259.259259   308.641975  -0.00001677823194196463
-4259.259259   432.098765  -0.00001696605589872819
-4259.259259   555.555556  -0.00001707031181400750
-4259.259259   679.012346  -0.00001701709412575795
-4259.259259   802.469136  -0.00001690318798569627
-4259.259259   925.925926  -0.00001677084783740666
-4259.259259  1049.382716  -0.00001678683772934025
-4259.259259  1172.839506  -0.00001663388699946416
-4259.259259  1296.296296  -0.00001697889091774406
-4259.259259  1419.753086  -0.00001686599119814721
-4259.259259  1543.209877  -0.00001689892065463651
-4259.259259  1666.666667  -0.00001713923949765649
-4259.259259  1790.123457  -0.00001723379309628703
-4259.259259  1913.580247  -0.00001696011284198003
-4259.259259  2037.037037  -0.00001640898085179857
-4259.259259  2160.493827  -0.00001634340962454722
-4259.259259  2283.950617  -0.00001692214156638091
-4259.259259  2407.407407  -0.00001792780670957607
-4259.259259  2530.864198  -0.00001538610801239173
-4259.259259  2654.320988  -0.00001530137321702291
-4259.259259  2777.777778  -0.00001628525313770540
-4259.259259  2901.234568  -0.00001655254851169573
-4259.259259  3024.691358  -0.00001620723669887102
-4259.259259  3148.148148  -0.00001576861326519101
-4259.259259  3271.604938  -0.00001563181182453781
-4259.259259  3395.061728  -0.00001585061411150540
-4259.259259  3518.518519  -0.00001592653851128597
-4259.259259  3641.975309  -0.00001584337163474390
-4259.259259  3765.432099  -0.00001620339475021877
-4259.259259  3888.888889  -0.00001625084199249744
-4259.259259  4012.345679  -0.00001608797315812407
-4259.259259  4135.802469  -0.00001602723364964241
-4259.259259  4259.259259  -0.00001613567576616288
-4259.259259  4382.716049  -0.00001568336146825791
-4259.259259  4506.172840  -0.00001531632422079098
-4259.259259  4629.629630  -0.00001616480883265759
-4259.259259  4753.086420  -0.00001585900939146304
-4259.259259  4876.543210  -0.00001706208778022007

-4135.802469 -5000.000000  -0.00000267933074954264
-4135.802469 -4876.543210  -0.00000674682162525558
-4135.802469 -4753.086420  -0.00000556314417391373
-4135.802469 -4629.629630  -0.00000572496011259189
-4135.802469 -4506.172840  -0.00000543591857424698
-4135.802469 -4382.716049  -0.00000575782491846439
-4135.802469 -4259.259259  -0.00000607451315320720
-4135.802469 -4135.802469  -0.00000604363316858392
-4135.802469 -4012.345679  -0.00000600645786080035
-4135.802469 -3888.888889  -0.00000597305349859641
-4135.802469 -3765.432099  -0.00000585971910005736
-4135.802469 -3641.975309  -0.00000574076524083200
-4135.802469 -3518.518519  -0.00000578117671082492
-4135.802469 -3395.061728  -0.00000580782849205313
-4135.802469 -3271.604938  -0.00000580467817914330
-4135.802469 -3148.148148  -0.00000592822441606560
-4135.802469 -3024.691358  -0.00000610172547558996
-4135.802469 -2901.234568  -0.00000615685809881367
-4135.802469 -2777.777778  -0.00000595183116700470
-4135.802469 -2654.320988  -0.00000552978637062228
-4135.802469 -2530.864198  -0.00000576598122228781
-4135.802469 -2407.407407  -0.00000728456184862303
-4135.802469 -2283.950617  -0.00000679748503610421
-4135.802469 -2160.493827  -0.00000660928704664080
-4135.802469 -2037.037037  -0.00000660994396373762
-4135.802469 -1913.580247  -0.00000685845361150745
-4135.802469 -1790.123457  -0.00000695724354554536
-4135.802469 -1666.666667  -0.00000692397502133336
-4135.802469 -1543.209877  -0.00000683177166853486
-4135.802469 -1419.753086  -0.00000680077248152665
-4135.802469 -1296.296296  -0.00000685772871516795
-4135.802469 -1172.839506  -0.00000671067929149569
-4135.802469 -1049.382716  -0.00000678055696847460
-4135.802469  -925.925926  -0.00000676823737616089
-4135.802469  -802.469136  -0.00000682296938274251
-4135.802469  -679.012346  -0.00000687665766674105
-4135.802469  -555.555556  -0.00000690090308817616
-4135.802469  -432.098765  -0.00000685115973402072
-4135.802469  -308.641975  -0.00000677282465546093
-4135.802469  -185.185185  -0.00000674135607476892
-4135.802469   -61.728395  -0.00000684878449250050
-4135.802469    61.728395  -0.00000684878449249901
-4135.802469   185.185185  -0.00000674135607476833
-4135.802469   308.641975  -0.00000677282465546025
-4135.802469   432.098765  -0.00000685115973401908
-4135.802469   555.555556  -0.00000690090308817343
-4135.802469   679.012346  -0.00000687665766673877
-4135.802469   802.469136  -0.00000682296938274116
-4135.802469   925.925926  -0.00000676823737616061
-4135.802469  1049.382716  -0.00000678055696847449
-4135.802469  1172.839506  -0.00000671067929149554
-4135.802469  1296.296296  -0.00000685772871516883
-4135.802469  1419.753086  -0.00000680077248152738
-4135.802469  1543.209877  -0.00000683177166853476
-4135.802469  1666.666667  -0.00000692397502133199
-4135.802469  1790.123457  -0.00000695724354554382
-4135.802469  1913.580247  -0.00000685845361150810
-4135.802469  2037.037037  -0.00000660994396374154
-4135.802469  2160.493827  -0.00000660928704664553
-4135.802469  2283.950617  -0.00000679748503610620
-4135.802469  2407.407407  -0.00000728456184861701
-4135.802469  2530.864198  -0.00000576598122229281
-4135.802469  2654.320988  -0.00000552978637063372
-4135.802469  2777.777778  -0.00000595183116700931
-4135.802469  2901.234568  -0.00000615685809881255
-4135.802469  3024.691358  -0.00000610172547558716
-4135.802469  3148.148148  -0.00000592822441606543
-4135.802469  3271.604938  -0.00000580467817914690
-4135.802469  3395.061728  -0.00000580782849205993
-4135.802469  3518.518519  -0.00000578117671083382
-4135.802469  3641.975309  -0.00000574076524084173
-4135.802469  3765.432099  -0.00000585971910006525
-4135.802469  3888.888889  -0.00000597305349860067
-4135.802469  4012.345679  -0.00000600645786080135
-4135.802469  4135.802469  -0.00000604363316858229
-4135.802469  4259.259259  -0.00000607451315320562
-4135.802469  4382.716049  -0.00000575782491847037
-4135.802469  4506.172840  -0.00000543591857426340
-4135.802469  4629.629630  -0.00000572496011261054
-4135.802469  4753.086420  -0.00000556314417393094
-4135.802469  4876.543210  -0.00000674682162523850

-4012.345679 -5000.000000  -0.00000047135851430143
-4012.345679 -4876.543210  0.00000193202429899665
-4012.345679 -4753.086420  0.00000310188778024452
-4012.345679 -4629.629630  0.00000309824661452667
-4012.345679 -4506.172840  0.00000290668082286230
-4012.345679 -4382.716049  0.00000260565511126227
-4012.345679 -4259.259259  0.00000239604274665765
-4012.345679 -4135.802469  0.00000237335689245247
-4012.345679 -4012.345679  0.00000249614560773546
-4012.345679 -3888.888889  0.00000268889035865390
-4012.345679 -3765.432099  0.00000278008187499777
-4012.345679 -3641.975309  0.00000279814037958858
-4012.345679 -3518.518519  0.00000277646060130449
-4012.345679 -3395.061728  0.00000267571122724373
-4012.345679 -3271.604938  0.00000248851204006116
-4012.345679 -3148.148148  0.00000238440092043433
-4012.345679 -3024.691358  0.00000242061230908777
-4012.345679 -2901.234568  0.00000259473475854912
-4012.345679 -2777.777778  0.00000275459805870567
-4012.345679 -2654.320988  0.00000273302100304670
-4012.345679 -2530.864198  0.00000241727201044727
-4012.345679 -2407.407407  0.00000231720514165728
-4012.345679 -2283.950617  0.00000234857850095165
-4012.345679 -2160.493827  0.00000224984610763833
-4012.345679 -2037.037037  0.00000227101349609725
-4012.345679 -1913.580247  0.00000230174972255160
-4012.345679 -1790.123457  0.00000232733513764821
-4012.345679 -1666.666667  0.00000230050332122845
-4012.345679 -1543.209877  0.00000227658384204904
-4012.345679 -1419.753086  0.00000231061968668733
-4012.345679 -1296.296296  0.00000228835359152546
-4012.345679 -1172.839506  0.00000230100500349595
-4012.345679 -1049.382716  0.00000228245399820753
-4012.345679  -925.925926  0.00000229575487787621
-4012.345679  -802.469136  0.00000229473021647242
-4012.345679  -679.012346  0.00000230299881802019
-4012.345679  -555.555556  0.00000229973759104694
-4012.345679  -432.098765  0.00000229551205693055
-4012.345679  -308.641975  0.00000229351132263217
-4012.345679  -185.185185  0.00000228890489042821
-4012.345679   -61.728395  0.00000229715338315526
-4012.345679    61.728395  0.00000229715338315690
-4012.345679   185.185185  0.00000228890489042904
-4012.345679   308.641975  0.00000229351132263277
-4012.345679   432.098765  0.00000229551205693184
-4012.345679   555.555556  0.00000229973759104895
-4012.345679   679.012346  0.00000230299881802222
-4012.345679   802.469136  0.00000229473021647336
-4012.345679   925.925926  0.00000229575487787596
-4012.345679  1049.382716  0.00000228245399820685
-4012.345679  1172.839506  0.00000230100500349504
-4012.345679  1296.296296  0.00000228835359152390
-4012.345679  1419.753086  0.00000231061968668596
-4012.345679  1543.209877  0.00000227658384204821
-4012.345679  1666.666667  0.00000230050332122856
-4012.345679  1790.123457  0.00000232733513764818
-4012.345679  1913.580247  0.00000230174972255031
-4012.345679  2037.037037  0.00000227101349609281
-4012.345679  2160.493827  0.00000224984610763298
-4012.345679  2283.950617  0.00000234857850094840
-4012.345679  2407.407407  0.00000231720514166092
-4012.345679  2530.864198  0.00000241727201044144
-4012.345679  2654.320988  0.00000273302100303472
-4012.345679  2777.777778  0.00000275459805870007
-4012.345679  2901.234568  0.00000259473475854949
-4012.345679  3024.691358  0.00000242061230908974
-4012.345679  3148.148148  0.00000238440092043386
-4012.345679  3271.604938  0.00000248851204005667
-4012.345679  3395.061728  0.00000267571122723551
-4012.345679  3518.518519  0.00000277646060129404
-4012.345679  3641.975309  0.00000279814037957707
-4012.345679  3765.432099  0.00000278008187498821
-4012.345679  3888.888889  0.00000268889035864864
-4012.345679  4012.345679  0.00000249614560773314
-4012.345679  4135.802469  0.00000237335689245298
-4012.345679  4259.259259  0.00000239604274665804
-4012.345679  4382.716049  0.00000260565511125460
-4012.345679  4506.172840  0.00000290668082284361
-4012.345679  4629.629630  0.00000309824661450476
-4012.345679  4753.086420  0.00000310188778022459
-4012.345679  4876.543210  0.00000193202429901263

-3888.888889 -5000.000000  0.00000137028711798418
-3888.888889 -4876.543210  0.00000892709115917109
-3888.888889 -4753.086420  0.00000979959446279535
-3888.888889 -4629.629630  0.00000987244600126419
-3888.888889 -4506.172840  0.00000939709547795084
-3888.888889 -4382.716049  0.00000923934754419417
-3888.888889 -4259.259259  0.00000914184599783432
-3888.888889 -4135.802469  0.00000899739794936389
-3888.888889 -4012.345679  0.00000913739647618135
-3888.888889 -3888.888889  0.00000945990461729047
-3888.888889 -3765.432099  0.00000945812399236443
-3888.888889 -3641.975309  0.00000964825700484466
-3888.888889 -3518.518519  0.00000952488545808297
-3888.888889 -3395.061728  0.00000941745989986096
-3888.888889 -3271.604938  0.00000924674641430808
-3888.888889 -3148.148148  0.00000918393013651167
-3888.888889 -3024.691358  0.00000920481466031954
-3888.888889 -2901.234568  0.00000935349640516074
-3888.888889 -2777.777778  0.00000960736072621420
-3888.888889 -2654.320988  0.00000959173973919608
-3888.888889 -2530.864198  0.00000874049561397762
-3888.888889 -2407.407407  0.00000903252205879058
-3888.888889 -2283.950617  0.00000869804364520081
-3888.888889 -2160.493827  0.00000875454796817004
-3888.888889 -2037.037037  0.00000872560219617355
-3888.888889 -1913.580247  0.00000882030984328782
-3888.888889 -1790.123457  0.00000881424943279072
-3888.888889 -1666.666667  0.00000882267149902808
-3888.888889 -1543.209877  0.00000882133498416236
-3888.888889 -1419.753086  0.00000878686609133425
-3888.888889 -1296.296296  0.00000876660293476182
-3888.888889 -1172.839506  0.00000874816844755533
-3888.888889 -1049.382716  0.00000877011831081320
-3888.888889  -925.925926  0.00000876704837016137
-3888.888889  -802.469136  0.00000879198374646749
-3888.888889  -679.012346  0.00000881057262170943
-3888.888889  -555.555556  0.00000881720228952453
-3888.888889  -432.098765  0.00000879918980095189
-3888.888889  -308.641975  0.00000877076083132704
-3888.888889  -185.185185  0.00000876551111293031
-3888.888889   -61.728395  0.00000879425902568119
-3888.888889    61.728395  0.00000879425902568299
-3888.888889   185.185185  0.00000876551111293093
-3888.888889   308.641975  0.00000877076083132731
-3888.888889   432.098765  0.00000879918980095284
-3888.888889   555.555556  0.00000881720228952591
-3888.888889   679.012346  0.00000881057262171123
-3888.888889   802.469136  0.00000879198374646801
-3888.888889   925.925926  0.00000876704837016064
-3888.888889  1049.382716  0.00000877011831081200
-3888.888889  1172.839506  0.00000874816844755375
-3888.888889  1296.296296  0.00000876660293476013
-3888.888889  1419.753086  0.00000878686609133276
-3888.888889  1543.209877  0.00000882133498416122
-3888.888889  1666.666667  0.00000882267149902797
-3888.888889  1790.123457  0.00000881424943279030
-3888.888889  1913.580247  0.00000882030984328653
-3888.888889  2037.037037  0.00000872560219616896
-3888.888889  2160.493827  0.00000875454796816448
-3888.888889  2283.950617  0.00000869804364519771
-3888.888889  2407.407407  0.00000903252205879410
-3888.888889  2530.864198  0.00000874049561397132
-3888.888889  2654.320988  0.00000959173973918284
-3888.888889  2777.777778  0.00000960736072620756
-3888.888889  2901.234568  0.00000935349640516033
-3888.888889  3024.691358  0.00000920481466032037
-3888.888889  3148.148148  0.00000918393013651008
-3888.888889  3271.604938  0.00000924674641430235
-3888.888889  3395.061728  0.00000941745989985133
-3888.888889  3518.518519  0.00000952488545807100
-3888.888889  3641.975309  0.00000964825700483120
-3888.888889  3765.432099  0.00000945812399235324
-3888.888889  3888.888889  0.00000945990461728362
-3888.888889  4012.345679  0.00000913739647617742
-3888.888889  4135.802469  0.00000899739794936286
-3888.888889  4259.259259  0.00000914184599783279
-3888.888889  4382.716049  0.00000923934754418419
-3888.888889  4506.172840  0.00000939709547792972
-3888.888889  4629.629630  0.00000987244600123953
-3888.888889  4753.086420  0.00000979959446277243
-3888.888889  4876.543210  0.00000892709115918491

-3765.432099 -5000.000000  0.00000364724668099702
-3765.432099 -4876.543210  0.00001793308495565759
-3765.432099 -4753.086420  0.00001865016186657569
-3765.432099 -4629.629630  0.00001882801780932609
-3765.432099 -4506.172840  0.00001789293010101506
-3765.432099 -4382.716049  0.00001782255282336559
-3765.432099 -4259.259259  0.00001787219507570673
-3765.432099 -4135.802469  0.00001767619100054977
-3765.432099 -4012.345679  0.00001781852913084304
-3765.432099 -3888.888889  0.00001831319724098039
-3765.432099 -3765.432099  0.00001820800497288248
-3765.432099 -3641.975309  0.00001836970553750421
-3765.432099 -3518.518519  0.00001819847905866333
-3765.432099 -3395.061728  0.00001811614858324561
-3765.432099 -3271.604938  0.00001773528806961541
-3765.432099 -3148.148148  0.00001770722895641219
-3765.432099 -3024.691358  0.00001789705104830312
-3765.432099 -2901.234568  0.00001827543954052592
-3765.432099 -2777.777778  0.00001846760338390328
-3765.432099 -2654.320988  0.00001802018097223307
-3765.432099 -2530.864198  0.00001708476535265233
-3765.432099 -2407.407407  0.00001808636195725243
-3765.432099 -2283.950617  0.00001727570042752145
-3765.432099 -2160.493827  0.00001717499481986155
-3765.432099 -2037.037037  0.00001712214771822820
-3765.432099 -1913.580247  0.00001745502320626031
-3765.432099 -1790.123457  0.00001755504212363845
-3765.432099 -1666.666667  0.00001754578469473377
-3765.432099 -1543.209877  0.00001745179208930630
-3765.432099 -1419.753086  0.00001732641700298033
-3765.432099 -1296.296296  0.00001747738331546103
-3765.432099 -1172.839506  0.00001732807893867280
-3765.432099 -1049.382716  0.00001727501238997873
-3765.432099  -925.925926  0.00001737561779580361
-3765.432099  -802.469136  0.00001740193082566281
-3765.432099  -679.012346  0.00001748582263515723
-3765.432099  -555.555556  0.00001750797610829256
-3765.432099  -432.098765  0.00001744802029151746
-3765.432099  -308.641975  0.00001737650856196521
-3765.432099  -185.185185  0.00001723798406037949
-3765.432099   -61.728395  0.00001751645564688968
-3765.432099    61.728395  0.00001751645564689211
-3765.432099   185.185185  0.00001723798406038073
-3765.432099   308.641975  0.00001737650856196554
-3765.432099   432.098765  0.00001744802029151802
-3765.432099   555.555556  0.00001750797610829316
-3765.432099   679.012346  0.00001748582263515891
-3765.432099   802.469136  0.00001740193082566315
-3765.432099   925.925926  0.00001737561779580269
-3765.432099  1049.382716  0.00001727501238997731
-3765.432099  1172.839506  0.00001732807893867047
-3765.432099  1296.296296  0.00001747738331545990
-3765.432099  1419.753086  0.00001732641700297908
-3765.432099  1543.209877  0.00001745179208930475
-3765.432099  1666.666667  0.00001754578469473285
-3765.432099  1790.123457  0.00001755504212363692
-3765.432099  1913.580247  0.00001745502320625883
-3765.432099  2037.037037  0.00001712214771822381
-3765.432099  2160.493827  0.00001717499481985591
-3765.432099  2283.950617  0.00001727570042751704
-3765.432099  2407.407407  0.00001808636195725300
-3765.432099  2530.864198  0.00001708476535264421
-3765.432099  2654.320988  0.00001802018097221842
-3765.432099  2777.777778  0.00001846760338389442
-3765.432099  2901.234568  0.00001827543954052338
-3765.432099  3024.691358  0.00001789705104830187
-3765.432099  3148.148148  0.00001770722895640895
-3765.432099  3271.604938  0.00001773528806960785
-3765.432099  3395.061728  0.00001811614858323327
-3765.432099  3518.518519  0.00001819847905864857
-3765.432099  3641.975309  0.00001836970553748743
-3765.432099  3765.432099  0.00001820800497286802
-3765.432099  3888.888889  0.00001831319724097092
-3765.432099  4012.345679  0.00001781852913083582
-3765.432099  4135.802469  0.00001767619100054589
-3765.432099  4259.259259  0.00001787219507570265
-3765.432099  4382.716049  0.00001782255282335273
-3765.432099  4506.172840  0.00001789293010098993
-3765.432099  4629.629630  0.00001882801780929595
-3765.432099  4753.086420  0.00001865016186654781
-3765.432099  4876.543210  0.00001793308495566871

-3641.975309 -5000.000000  0.00000546455361108191
-3641.975309 -4876.543210  0.00002359270795693258
-3641.975309 -4753.086420  0.00002439379216679327
-3641.975309 -4629.629630  0.00002502701210408942
-3641.975309 -4506.172840  0.00002356693700999794
-3641.975309 -4382.716049  0.00002334177046095171
-3641.975309 -4259.259259  0.00002345843639416708
-3641.975309 -4135.802469  0.00002332143924049688
-3641.975309 -4012.345679  0.00002366196594503297
-3641.975309 -3888.888889  0.00002411235208574926
-3641.975309 -3765.432099  0.00002434826892856145
-3641.975309 -3641.975309  0.00002412855335512516
-3641.975309 -3518.518519  0.00002412934453175517
-3641.975309 -3395.061728  0.00002388043716226391
-3641.975309 -3271.604938  0.00002333900836052655
-3641.975309 -3148.148148  0.00002327994213819125
-3641.975309 -3024.691358  0.00002373832194970974
-3641.975309 -2901.234568  0.00002435571511454144
-3641.975309 -2777.777778  0.00002445621524212357
-3641.975309 -2654.320988  0.00002353309263777839
-3641.975309 -2530.864198  0.00002293924578360754
-3641.975309 -2407.407407  0.00002569986532526224
-3641.975309 -2283.950617  0.00002466362740494679
-3641.975309 -2160.493827  0.00002405043707644522
-3641.975309 -2037.037037  0.00002411008224557501
-3641.975309 -1913.580247  0.00002470798872017604
-3641.975309 -1790.123457  0.00002498695552816973
-3641.975309 -1666.666667  0.00002487394216118746
-3641.975309 -1543.209877  0.00002462131152743725
-3641.975309 -1419.753086  0.00002461855044533581
-3641.975309 -1296.296296  0.00002471152330019142
-3641.975309 -1172.839506  0.00002437170605152265
-3641.975309 -1049.382716  0.00002452616846406884
-3641.975309  -925.925926  0.00002451529814267670
-3641.975309  -802.469136  0.00002465546004608854
-3641.975309  -679.012346  0.00002477128312870860
-3641.975309  -555.555556  0.00002482493188849225
-3641.975309  -432.098765  0.00002472349919966062
-3641.975309  -308.641975  0.00002453139244392700
-3641.975309  -185.185185  0.00002446168083279484
-3641.975309   -61.728395  0.00002470695649556080
-3641.975309    61.728395  0.00002470695649556384
-3641.975309   185.185185  0.00002446168083279679
-3641.975309   308.641975  0.00002453139244392739
-3641.975309   432.098765  0.00002472349919966134
-3641.975309   555.555556  0.00002482493188849305
-3641.975309   679.012346  0.00002477128312871113
-3641.975309   802.469136  0.00002465546004608898
-3641.975309   925.925926  0.00002451529814267536
-3641.975309  1049.382716  0.00002452616846406709
-3641.975309  1172.839506  0.00002437170605152005
-3641.975309  1296.296296  0.00002471152330018952
-3641.975309  1419.753086  0.00002461855044533366
-3641.975309  1543.209877  0.00002462131152743484
-3641.975309  1666.666667  0.00002487394216118548
-3641.975309  1790.123457  0.00002498695552816689
-3641.975309  1913.580247  0.00002470798872017237
-3641.975309  2037.037037  0.00002411008224556819
-3641.975309  2160.493827  0.00002405043707643662
-3641.975309  2283.950617  0.00002466362740493957
-3641.975309  2407.407407  0.00002569986532526045
-3641.975309  2530.864198  0.00002293924578359928
-3641.975309  2654.320988  0.00002353309263776346
-3641.975309  2777.777778  0.00002445621524211465
-3641.975309  2901.234568  0.00002435571511453891
-3641.975309  3024.691358  0.00002373832194970792
-3641.975309  3148.148148  0.00002327994213818707
-3641.975309  3271.604938  0.00002333900836051787
-3641.975309  3395.061728  0.00002388043716225062
-3641.975309  3518.518519  0.00002412934453173944
-3641.975309  3641.975309  0.00002412855335510749
-3641.975309  3765.432099  0.00002434826892854610
-3641.975309  3888.888889  0.00002411235208573862
-3641.975309  4012.345679  0.00002366196594502489
-3641.975309  4135.802469  0.00002332143924049224
-3641.975309  4259.259259  0.00002345843639416143
-3641.975309  4382.716049  0.00002334177046093769
-3641.975309  4506.172840  0.00002356693700997254
-3641.975309  4629.629630  0.00002502701210405904
-3641.975309  4753.086420  0.00002439379216676396
-3641.975309  4876.543210  0.00002359270795694130

-3518.518519 -5000.000000  0.00000713418980351377
-3518.518519 -4876.543210  0.00003136868363077618
-3518.518519 -4753.086420  0.00003183099818322077
-3518.518519 -4629.629630  0.00003238062848227538
-3518.518519 -4506.172840  0.00003068321748324340
-3518.518519 -4382.716049  0.00003069156884191088
-3518.518519 -4259.259259  0.00003092978477918081
-3518.518519 -4135.802469  0.00003061604034337594
-3518.518519 -4012.345679  0.00003091953736806622
-3518.518519 -3888.888889  0.00003159076952966773
-3518.518519 -3765.432099  0.00003157825309129934
-3518.518519 -3641.975309  0.00003156292119080022
-3518.518519 -3518.518519  0.00003144387611449424
-3518.518519 -3395.061728  0.00003119869146953238
-3518.518519 -3271.604938  0.00003066528168108007
-3518.518519 -3148.148148  0.00003066327160121939
-3518.518519 -3024.691358  0.00003110284576126117
-3518.518519 -2901.234568  0.00003169809473523007
-3518.518519 -2777.777778  0.00003188286162239882
-3518.518519 -2654.320988  0.00003096463082567763
-3518.518519 -2530.864198  0.00002979248216911601
-3518.518519 -2407.407407  0.00003286837675414252
-3518.518519 -2283.950617  0.00003145331255860554
-3518.518519 -2160.493827  0.00003099589173820257
-3518.518519 -2037.037037  0.00003099642576018595
-3518.518519 -1913.580247  0.00003167576711973630
-3518.518519 -1790.123457  0.00003192679645430024
-3518.518519 -1666.666667  0.00003184676646705943
-3518.518519 -1543.209877  0.00003161664110714855
-3518.518519 -1419.753086  0.00003153588831761331
-3518.518519 -1296.296296  0.00003165027090740953
-3518.518519 -1172.839506  0.00003129827241685622
-3518.518519 -1049.382716  0.00003145658736917312
-3518.518519  -925.925926  0.00003145656281697624
-3518.518519  -802.469136  0.00003160897537463022
-3518.518519  -679.012346  0.00003175191087192497
-3518.518519  -555.555556  0.00003181401534652938
-3518.518519  -432.098765  0.00003169060111291090
-3518.518519  -308.641975  0.00003148245146874956
-3518.518519  -185.185185  0.00003138890379828868
-3518.518519   -61.728395  0.00003168862819027453
-3518.518519    61.728395  0.00003168862819027804
-3518.518519   185.185185  0.00003138890379829067
-3518.518519   308.641975  0.00003148245146875035
-3518.518519   432.098765  0.00003169060111291148
-3518.518519   555.555556  0.00003181401534653003
-3518.518519   679.012346  0.00003175191087192749
-3518.518519   802.469136  0.00003160897537463126
-3518.518519   925.925926  0.00003145656281697568
-3518.518519  1049.382716  0.00003145658736917201
-3518.518519  1172.839506  0.00003129827241685414
-3518.518519  1296.296296  0.00003165027090740911
-3518.518519  1419.753086  0.00003153588831761256
-3518.518519  1543.209877  0.00003161664110714702
-3518.518519  1666.666667  0.00003184676646705833
-3518.518519  1790.123457  0.00003192679645429853
-3518.518519  1913.580247  0.00003167576711973427
-3518.518519  2037.037037  0.00003099642576018153
-3518.518519  2160.493827  0.00003099589173819618
-3518.518519  2283.950617  0.00003145331255860020
-3518.518519  2407.407407  0.00003286837675414185
-3518.518519  2530.864198  0.00002979248216910881
-3518.518519  2654.320988  0.00003096463082566378
-3518.518519  2777.777778  0.00003188286162239087
-3518.518519  2901.234568  0.00003169809473522852
-3518.518519  3024.691358  0.00003110284576126013
-3518.518519  3148.148148  0.00003066327160121638
-3518.518519  3271.604938  0.00003066528168107258
-3518.518519  3395.061728  0.00003119869146952028
-3518.518519  3518.518519  0.00003144387611447978
-3518.518519  3641.975309  0.00003156292119078337
-3518.518519  3765.432099  0.00003157825309128526
-3518.518519  3888.888889  0.00003159076952965911
-3518.518519  4012.345679  0.00003091953736805956
-3518.518519  4135.802469  0.00003061604034337280
-3518.518519  4259.259259  0.00003092978477917670
-3518.518519  4382.716049  0.00003069156884189819
-3518.518519  4506.172840  0.00003068321748321890
-3518.518519  4629.629630  0.00003238062848224581
-3518.518519  4753.086420  0.00003183099818319293
-3518.518519  4876.543210  0.00003136868363078599

-3395.061728 -5000.000000  0.00000877787773295917
-3395.061728 -4876.543210  0.00003801002266108705
-3395.061728 -4753.086420  0.00003843329345848406
-3395.061728 -4629.629630  0.00003911053686065464
-3395.061728 -4506.172840  0.00003703981999400447
-3395.061728 -4382.716049  0.00003708040281234844
-3395.061728 -4259.259259  0.00003741112554488726
-3395.061728 -4135.802469  0.00003704405084685412
-3395.061728 -4012.345679  0.00003740315925583482
-3395.061728 -3888.888889  0.00003818043375380284
-3395.061728 -3765.432099  0.00003828287093981563
-3395.061728 -3641.975309  0.00003808546655225498
-3395.061728 -3518.518519  0.00003799637412557284
-3395.061728 -3395.061728  0.00003768867126714772
-3395.061728 -3271.604938  0.00003704218361877671
-3395.061728 -3148.148148  0.00003704445209922226
-3395.061728 -3024.691358  0.00003763011047601738
-3395.061728 -2901.234568  0.00003837171599205246
-3395.061728 -2777.777778  0.00003854005025140117
-3395.061728 -2654.320988  0.00003732900769483914
-3395.061728 -2530.864198  0.00003613493429149824
-3395.061728 -2407.407407  0.00004034344452766589
-3395.061728 -2283.950617  0.00003858450753717909
-3395.061728 -2160.493827  0.00003796499997166240
-3395.061728 -2037.037037  0.00003797533042188954
-3395.061728 -1913.580247  0.00003884239334854275
-3395.061728 -1790.123457  0.00003917771529927831
-3395.061728 -1666.666667  0.00003907368774673661
-3395.061728 -1543.209877  0.00003876821240661166
-3395.061728 -1419.753086  0.00003867933220303507
-3395.061728 -1296.296296  0.00003884630441009405
-3395.061728 -1172.839506  0.00003836490370627498
-3395.061728 -1049.382716  0.00003858669375876188
-3395.061728  -925.925926  0.00003858294330480224
-3395.061728  -802.469136  0.00003878698854191656
-3395.061728  -679.012346  0.00003895622677550405
-3395.061728  -555.555556  0.00003903932408624989
-3395.061728  -432.098765  0.00003889486094300019
-3395.061728  -308.641975  0.00003862291980280385
-3395.061728  -185.185185  0.00003850720424165225
-3395.061728   -61.728395  0.00003888363662101630
-3395.061728    61.728395  0.00003888363662101976
-3395.061728   185.185185  0.00003850720424165424
-3395.061728   308.641975  0.00003862291980280412
-3395.061728   432.098765  0.00003889486094300096
-3395.061728   555.555556  0.00003903932408625045
-3395.061728   679.012346  0.00003895622677550715
-3395.061728   802.469136  0.00003878698854191765
-3395.061728   925.925926  0.00003858294330480199
-3395.061728  1049.382716  0.00003858669375876131
-3395.061728  1172.839506  0.00003836490370627252
-3395.061728  1296.296296  0.00003884630441009418
-3395.061728  1419.753086  0.00003867933220303488
-3395.061728  1543.209877  0.00003876821240661045
-3395.061728  1666.666667  0.00003907368774673594
-3395.061728  1790.123457  0.00003917771529927684
-3395.061728  1913.580247  0.00003884239334854150
-3395.061728  2037.037037  0.00003797533042188579
-3395.061728  2160.493827  0.00003796499997165664
-3395.061728  2283.950617  0.00003858450753717479
-3395.061728  2407.407407  0.00004034344452766598
-3395.061728  2530.864198  0.00003613493429149224
-3395.061728  2654.320988  0.00003732900769482718
-3395.061728  2777.777778  0.00003854005025139544
-3395.061728  2901.234568  0.00003837171599205304
-3395.061728  3024.691358  0.00003763011047601803
-3395.061728  3148.148148  0.00003704445209922109
-3395.061728  3271.604938  0.00003704218361877120
-3395.061728  3395.061728  0.00003768867126713784
-3395.061728  3518.518519  0.00003799637412556094
-3395.061728  3641.975309  0.00003808546655224058
-3395.061728  3765.432099  0.00003828287093980439
-3395.061728  3888.888889  0.00003818043375379693
-3395.061728  4012.345679  0.00003740315925583095
-3395.061728  4135.802469  0.00003704405084685366
-3395.061728  4259.259259  0.00003741112554488532
-3395.061728  4382.716049  0.00003708040281233797
-3395.061728  4506.172840  0.00003703981999398287
-3395.061728  4629.629630  0.00003911053686062829
-3395.061728  4753.086420  0.00003843329345845905
-3395.061728  4876.543210  0.00003801002266109829

-3271.604938 -5000.000000  0.00001062337894972975
-3271.604938 -4876.543210  0.00004449182980805662
-3271.604938 -4753.086420  0.00004496744926140793
-3271.604938 -4629.629630  0.00004591275002002522
-3271.604938 -4506.172840  0.00004337144644462418
-3271.604938 -4382.716049  0.00004333438758367412
-3271.604938 -4259.259259  0.00004375152033261741
-3271.604938 -4135.802469  0.00004342390924526130
-3271.604938 -4012.345679  0.00004388664826071953
-3271.604938 -3888.888889  0.00004472041959283801
-3271.604938 -3765.432099  0.00004488996761991746
-3271.604938 -3641.975309  0.00004458666994349211
-3271.604938 -3518.518519  0.00004453264384200183
-3271.604938 -3395.061728  0.00004415379105909861
-3271.604938 -3271.604938  0.00004331077186504039
-3271.604938 -3148.148148  0.00004332500022119951
-3271.604938 -3024.691358  0.00004413316609499836
-3271.604938 -2901.234568  0.00004513122773908237
-3271.604938 -2777.777778  0.00004522918829506524
-3271.604938 -2654.320988  0.00004354269764075378
-3271.604938 -2530.864198  0.00004228409927371990
-3271.604938 -2407.407407  0.00004717994926993578
-3271.604938 -2283.950617  0.00004501297740888074
-3271.604938 -2160.493827  0.00004405752434867608
-3271.604938 -2037.037037  0.00004412784450360345
-3271.604938 -1913.580247  0.00004525140130488473
-3271.604938 -1790.123457  0.00004573986700282698
-3271.604938 -1666.666667  0.00004558354794516017
-3271.604938 -1543.209877  0.00004515907642813978
-3271.604938 -1419.753086  0.00004507130932547793
-3271.604938 -1296.296296  0.00004528953947399283
-3271.604938 -1172.839506  0.00004467195360169802
-3271.604938 -1049.382716  0.00004493921423959152
-3271.604938  -925.925926  0.00004495279948614549
-3271.604938  -802.469136  0.00004521305892083895
-3271.604938  -679.012346  0.00004545160659463450
-3271.604938  -555.555556  0.00004555988451938751
-3271.604938  -432.098765  0.00004536293587228408
-3271.604938  -308.641975  0.00004501052772429375
-3271.604938  -185.185185  0.00004484653067418984
-3271.604938   -61.728395  0.00004536243379015534
-3271.604938    61.728395  0.00004536243379015825
-3271.604938   185.185185  0.00004484653067419201
-3271.604938   308.641975  0.00004501052772429398
-3271.604938   432.098765  0.00004536293587228499
-3271.604938   555.555556  0.00004555988451938793
-3271.604938   679.012346  0.00004545160659463830
-3271.604938   802.469136  0.00004521305892084072
-3271.604938   925.925926  0.00004495279948614599
-3271.604938  1049.382716  0.00004493921423959130
-3271.604938  1172.839506  0.00004467195360169623
-3271.604938  1296.296296  0.00004528953947399391
-3271.604938  1419.753086  0.00004507130932547858
-3271.604938  1543.209877  0.00004515907642813934
-3271.604938  1666.666667  0.00004558354794516029
-3271.604938  1790.123457  0.00004573986700282626
-3271.604938  1913.580247  0.00004525140130488528
-3271.604938  2037.037037  0.00004412784450360089
-3271.604938  2160.493827  0.00004405752434867131
-3271.604938  2283.950617  0.00004501297740887786
-3271.604938  2407.407407  0.00004717994926993838
-3271.604938  2530.864198  0.00004228409927371580
-3271.604938  2654.320988  0.00004354269764074496
-3271.604938  2777.777778  0.00004522918829506288
-3271.604938  2901.234568  0.00004513122773908643
-3271.604938  3024.691358  0.00004413316609500147
-3271.604938  3148.148148  0.00004332500022120067
-3271.604938  3271.604938  0.00004331077186503752
-3271.604938  3395.061728  0.00004415379105909175
-3271.604938  3518.518519  0.00004453264384199348
-3271.604938  3641.975309  0.00004458666994348128
-3271.604938  3765.432099  0.00004488996761991052
-3271.604938  3888.888889  0.00004472041959283591
-3271.604938  4012.345679  0.00004388664826071933
-3271.604938  4135.802469  0.00004342390924526412
-3271.604938  4259.259259  0.00004375152033261846
-3271.604938  4382.716049  0.00004333438758366739
-3271.604938  4506.172840  0.00004337144644460775
-3271.604938  4629.629630  0.00004591275002000442
-3271.604938  4753.086420  0.00004496744926138733
-3271.604938  4876.543210  0.00004449182980806983

-3148.148148 -5000.000000  0.00001228330566604747
-3148.148148 -4876.543210  0.00005158869534856662
-3148.148148 -4753.086420  0.00005195611073324720
-3148.148148 -4629.629630  0.00005297272023133938
-3148.148148 -4506.172840  0.00005008231375952940
-3148.148148 -4382.716049  0.00005012565026920731
-3148.148148 -4259.259259  0.00005063852085645790
-3148.148148 -4135.802469  0.00005022313493733700
-3148.148148 -4012.345679  0.00005073538968114211
-3148.148148 -3888.888889  0.00005171523089771728
-3148.148148 -3765.432099  0.00005187217237570546
-3148.148148 -3641.975309  0.00005153977649087383
-3148.148148 -3518.518519  0.00005145363569287573
-3148.148148 -3395.061728  0.00005101420622527997
-3148.148148 -3271.604938  0.00005010562306795236
-3148.148148 -3148.148148  0.00005014440701662249
-3148.148148 -3024.691358  0.00005105250234622219
-3148.148148 -2901.234568  0.00005215968533182358
-3148.148148 -2777.777778  0.00005229120031647699
-3148.148148 -2654.320988  0.00005038884866085057
-3148.148148 -2530.864198  0.00004868076206457421
-3148.148148 -2407.407407  0.00005373939041964376
-3148.148148 -2283.950617  0.00005118785653587225
-3148.148148 -2160.493827  0.00005014285257914779
-3148.148148 -2037.037037  0.00005023971669930410
-3148.148148 -1913.580247  0.00005150497118894148
-3148.148148 -1790.123457  0.00005205991734034379
-3148.148148 -1666.666667  0.00005190611488443350
-3148.148148 -1543.209877  0.00005144154914846736
-3148.148148 -1419.753086  0.00005132525372928346
-3148.148148 -1296.296296  0.00005155658465760258
-3148.148148 -1172.839506  0.00005085297805363099
-3148.148148 -1049.382716  0.00005118654530891309
-3148.148148  -925.925926  0.00005119297162066281
-3148.148148  -802.469136  0.00005150878157974051
-3148.148148  -679.012346  0.00005178255601197953
-3148.148148  -555.555556  0.00005191251933209121
-3148.148148  -432.098765  0.00005168921614257017
-3148.148148  -308.641975  0.00005127760877850646
-3148.148148  -185.185185  0.00005110122545398236
-3148.148148   -61.728395  0.00005167941722731918
-3148.148148    61.728395  0.00005167941722732240
-3148.148148   185.185185  0.00005110122545398434
-3148.148148   308.641975  0.00005127760877850663
-3148.148148   432.098765  0.00005168921614257102
-3148.148148   555.555556  0.00005191251933209149
-3148.148148   679.012346  0.00005178255601198489
-3148.148148   802.469136  0.00005150878157974378
-3148.148148   925.925926  0.00005119297162066457
-3148.148148  1049.382716  0.00005118654530891391
-3148.148148  1172.839506  0.00005085297805363031
-3148.148148  1296.296296  0.00005155658465760494
-3148.148148  1419.753086  0.00005132525372928620
-3148.148148  1543.209877  0.00005144154914846901
-3148.148148  1666.666667  0.00005190611488443583
-3148.148148  1790.123457  0.00005205991734034514
-3148.148148  1913.580247  0.00005150497118894416
-3148.148148  2037.037037  0.00005023971669930345
-3148.148148  2160.493827  0.00005014285257914529
-3148.148148  2283.950617  0.00005118785653587148
-3148.148148  2407.407407  0.00005373939041964848
-3148.148148  2530.864198  0.00004868076206457254
-3148.148148  2654.320988  0.00005038884866084388
-3148.148148  2777.777778  0.00005229120031647741
-3148.148148  2901.234568  0.00005215968533183050
-3148.148148  3024.691358  0.00005105250234622774
-3148.148148  3148.148148  0.00005014440701662654
-3148.148148  3271.604938  0.00005010562306795248
-3148.148148  3395.061728  0.00005101420622527652
-3148.148148  3518.518519  0.00005145363569287099
-3148.148148  3641.975309  0.00005153977649086649
-3148.148148  3765.432099  0.00005187217237570223
-3148.148148  3888.888889  0.00005171523089771909
-3148.148148  4012.345679  0.00005073538968114546
-3148.148148  4135.802469  0.00005022313493734364
-3148.148148  4259.259259  0.00005063852085646307
-3148.148148  4382.716049  0.00005012565026920426
-3148.148148  4506.172840  0.00005008231375951752
-3148.148148  4629.629630  0.00005297272023132326
-3148.148148  4753.086420  0.00005195611073323159
-3148.148148  4876.543210  0.00005158869534858321

-3024.691358 -5000.000000  0.00001376774331635150
-3024.691358 -4876.543210  0.00005945310761717984
-3024.691358 -4753.086420  0.00005950468126883457
-3024.691358 -4629.629630  0.00006034576300776117
-3024.691358 -4506.172840  0.00005725705712621008
-3024.691358 -4382.716049  0.00005756972271954859
-3024.691358 -4259.259259  0.00005819368311233133
-3024.691358 -4135.802469  0.00005755816644842048
-3024.691358 -4012.345679  0.00005803074012234034
-3024.691358 -3888.888889  0.00005927471901587955
-3024.691358 -3765.432099  0.00005918884636849815
-3024.691358 -3641.975309  0.00005905857766330309
-3024.691358 -3518.518519  0.00005882026231291393
-3024.691358 -3395.061728  0.00005837338081099545
-3024.691358 -3271.604938  0.00005752036472064812
-3024.691358 -3148.148148  0.00005761803405352406
-3024.691358 -3024.691358  0.00005847540508954435
-3024.691358 -2901.234568  0.00005952961367637395
-3024.691358 -2777.777778  0.00005980406897474326
-3024.691358 -2654.320988  0.00005797368158124937
-3024.691358 -2530.864198  0.00005536621016025026
-3024.691358 -2407.407407  0.00006013752428177189
-3024.691358 -2283.950617  0.00005716976210796054
-3024.691358 -2160.493827  0.00005636702277793648
-3024.691358 -2037.037037  0.00005641528681996590
-3024.691358 -1913.580247  0.00005771683918936874
-3024.691358 -1790.123457  0.00005822590090000533
-3024.691358 -1666.666667  0.00005813921775376986
-3024.691358 -1543.209877  0.00005773121457312274
-3024.691358 -1419.753086  0.00005752128404566219
-3024.691358 -1296.296296  0.00005775763044888331
-3024.691358 -1172.839506  0.00005705593875671964
-3024.691358 -1049.382716  0.00005741703304968247
-3024.691358  -925.925926  0.00005743009326318613
-3024.691358  -802.469136  0.00005777392514688066
-3024.691358  -679.012346  0.00005806614661314454
-3024.691358  -555.555556  0.00005821018486005341
-3024.691358  -432.098765  0.00005797854158610380
-3024.691358  -308.641975  0.00005755061292722962
-3024.691358  -185.185185  0.00005736419413063794
-3024.691358   -61.728395  0.00005797538768651569
-3024.691358    61.728395  0.00005797538768652045
-3024.691358   185.185185  0.00005736419413064121
-3024.691358   308.641975  0.00005755061292723074
-3024.691358   432.098765  0.00005797854158610537
-3024.691358   555.555556  0.00005821018486005455
-3024.691358   679.012346  0.00005806614661315086
-3024.691358   802.469136  0.00005777392514688485
-3024.691358   925.925926  0.00005743009326318904
-3024.691358  1049.382716  0.00005741703304968484
-3024.691358  1172.839506  0.00005705593875672118
-3024.691358  1296.296296  0.00005775763044888904
-3024.691358  1419.753086  0.00005752128404566745
-3024.691358  1543.209877  0.00005773121457312691
-3024.691358  1666.666667  0.00005813921775377472
-3024.691358  1790.123457  0.00005822590090000909
-3024.691358  1913.580247  0.00005771683918937466
-3024.691358  2037.037037  0.00005641528681996864
-3024.691358  2160.493827  0.00005636702277793728
-3024.691358  2283.950617  0.00005716976210796377
-3024.691358  2407.407407  0.00006013752428177912
-3024.691358  2530.864198  0.00005536621016025030
-3024.691358  2654.320988  0.00005797368158124521
-3024.691358  2777.777778  0.00005980406897474600
-3024.691358  2901.234568  0.00005952961367638360
-3024.691358  3024.691358  0.00005847540508955259
-3024.691358  3148.148148  0.00005761803405353013
-3024.691358  3271.604938  0.00005752036472064978
-3024.691358  3395.061728  0.00005837338081099343
-3024.691358  3518.518519  0.00005882026231291050
-3024.691358  3641.975309  0.00005905857766329711
-3024.691358  3765.432099  0.00005918884636849619
-3024.691358  3888.888889  0.00005927471901588472
-3024.691358  4012.345679  0.00005803074012234620
-3024.691358  4135.802469  0.00005755816644842958
-3024.691358  4259.259259  0.00005819368311233904
-3024.691358  4382.716049  0.00005756972271954838
-3024.691358  4506.172840  0.00005725705712620022
-3024.691358  4629.629630  0.00006034576300774682
-3024.691358  4753.086420  0.00005950468126882110
-3024.691358  4876.543210  0.00005945310761719979

-2901.234568 -5000.000000  0.00001515577677098431
-2901.234568 -4876.543210  0.00006650577997874072
-2901.234568 -4753.086420  0.00006631490811149245
-2901.234568 -4629.629630  0.00006703146008024350
-2901.234568 -4506.172840  0.00006373821198625455
-2901.234568 -4382.716049  0.00006426368725907711
-2901.234568 -4259.259259  0.00006498491977957839
-2901.234568 -4135.802469  0.00006416806877332140
-2901.234568 -4012.345679  0.00006461783112716184
-2901.234568 -3888.888889  0.00006608507997509720
-2901.234568 -3765.432099  0.00006583315713231389
-2901.234568 -3641.975309  0.00006581882081384375
-2901.234568 -3518.518519  0.00006546455703848570
-2901.234568 -3395.061728  0.00006500807981512552
-2901.234568 -3271.604938  0.00006418050255938403
-2901.234568 -3148.148148  0.00006432558598678559
-2901.234568 -3024.691358  0.00006516429464639058
-2901.234568 -2901.234568  0.00006619238134307639
-2901.234568 -2777.777778  0.00006658289005300681
-2901.234568 -2654.320988  0.00006477125720201718
-2901.234568 -2530.864198  0.00006150836924882557
-2901.234568 -2407.407407  0.00006662374956625221
-2901.234568 -2283.950617  0.00006325346321327476
-2901.234568 -2160.493827  0.00006265545502505099
-2901.234568 -2037.037037  0.00006264592587451751
-2901.234568 -1913.580247  0.00006401761165778480
-2901.234568 -1790.123457  0.00006449330977865242
-2901.234568 -1666.666667  0.00006446144768401011
-2901.234568 -1543.209877  0.00006409317007112676
-2901.234568 -1419.753086  0.00006380484887464817
-2901.234568 -1296.296296  0.00006407114973530542
-2901.234568 -1172.839506  0.00006335313464203368
-2901.234568 -1049.382716  0.00006375040193270025
-2901.234568  -925.925926  0.00006377228315479921
-2901.234568  -802.469136  0.00006414857045684243
-2901.234568  -679.012346  0.00006446056517931810
-2901.234568  -555.555556  0.00006462335438092971
-2901.234568  -432.098765  0.00006438787018067767
-2901.234568  -308.641975  0.00006394160239629888
-2901.234568  -185.185185  0.00006374419567516493
-2901.234568   -61.728395  0.00006439643151030313
-2901.234568    61.728395  0.00006439643151030908
-2901.234568   185.185185  0.00006374419567516821
-2901.234568   308.641975  0.00006394160239629954
-2901.234568   432.098765  0.00006438787018067916
-2901.234568   555.555556  0.00006462335438093087
-2901.234568   679.012346  0.00006446056517932439
-2901.234568   802.469136  0.00006414857045684760
-2901.234568   925.925926  0.00006377228315480329
-2901.234568  1049.382716  0.00006375040193270324
-2901.234568  1172.839506  0.00006335313464203564
-2901.234568  1296.296296  0.00006407114973531175
-2901.234568  1419.753086  0.00006380484887465407
-2901.234568  1543.209877  0.00006409317007113153
-2901.234568  1666.666667  0.00006446144768401614
-2901.234568  1790.123457  0.00006449330977865644
-2901.234568  1913.580247  0.00006401761165779098
-2901.234568  2037.037037  0.00006264592587452105
-2901.234568  2160.493827  0.00006265545502505243
-2901.234568  2283.950617  0.00006325346321327809
-2901.234568  2407.407407  0.00006662374956625862
-2901.234568  2530.864198  0.00006150836924882525
-2901.234568  2654.320988  0.00006477125720201262
-2901.234568  2777.777778  0.00006658289005300933
-2901.234568  2901.234568  0.00006619238134308625
-2901.234568  3024.691358  0.00006516429464639852
-2901.234568  3148.148148  0.00006432558598679165
-2901.234568  3271.604938  0.00006418050255938533
-2901.234568  3395.061728  0.00006500807981512296
-2901.234568  3518.518519  0.00006546455703848176
-2901.234568  3641.975309  0.00006581882081383654
-2901.234568  3765.432099  0.00006583315713231091
-2901.234568  3888.888889  0.00006608507997510235
-2901.234568  4012.345679  0.00006461783112716799
-2901.234568  4135.802469  0.00006416806877333067
-2901.234568  4259.259259  0.00006498491977958618
-2901.234568  4382.716049  0.00006426368725907611
-2901.234568  4506.172840  0.00006373821198624337
-2901.234568  4629.629630  0.00006703146008022659
-2901.234568  4753.086420  0.00006631490811147777
-2901.234568  4876.543210  0.00006650577997876178

-2777.777778 -5000.000000  0.00001690155417536293
-2777.777778 -4876.543210  0.00007136854811792935
-2777.777778 -4753.086420  0.00007132148258489948
-2777.777778 -4629.629630  0.00007247250656119706
-2777.777778 -4506.172840  0.00006867258849281826
-2777.777778 -4382.716049  0.00006900052530803815
-2777.777778 -4259.259259  0.00006978765839336595
-2777.777778 -4135.802469  0.00006909669666113606
-2777.777778 -4012.345679  0.00006969689757419076
-2777.777778 -3888.888889  0.00007110840586086630
-2777.777778 -3765.432099  0.00007109762274450330
-2777.777778 -3641.975309  0.00007079699335730976
-2777.777778 -3518.518519  0.00007057400253751857
-2777.777778 -3395.061728  0.00007004251773080707
-2777.777778 -3271.604938  0.00006895547761917559
-2777.777778 -3148.148148  0.00006907976923147041
-2777.777778 -3024.691358  0.00007021170312883846
-2777.777778 -2901.234568  0.00007156755543570592
-2777.777778 -2777.777778  0.00007180645725978327
-2777.777778 -2654.320988  0.00006939930021675383
-2777.777778 -2530.864198  0.00006662533950425969
-2777.777778 -2407.407407  0.00007309642831171846
-2777.777778 -2283.950617  0.00006948926071383627
-2777.777778 -2160.493827  0.00006837313063231713
-2777.777778 -2037.037037  0.00006845957358212311
-2777.777778 -1913.580247  0.00007012879263405205
-2777.777778 -1790.123457  0.00007081571147227486
-2777.777778 -1666.666667  0.00007069327642115766
-2777.777778 -1543.209877  0.00007016186618047004
-2777.777778 -1419.753086  0.00006994863365507385
-2777.777778 -1296.296296  0.00007028952695687834
-2777.777778 -1172.839506  0.00006940208400089630
-2777.777778 -1049.382716  0.00006987122040172283
-2777.777778  -925.925926  0.00006991331468018541
-2777.777778  -802.469136  0.00007036233111841638
-2777.777778  -679.012346  0.00007074905611394961
-2777.777778  -555.555556  0.00007094795475294035
-2777.777778  -432.098765  0.00007067296858197346
-2777.777778  -308.641975  0.00007014357326777205
-2777.777778  -185.185185  0.00006990951212258011
-2777.777778   -61.728395  0.00007069667068728817
-2777.777778    61.728395  0.00007069667068729455
-2777.777778   185.185185  0.00006990951212258383
-2777.777778   308.641975  0.00007014357326777298
-2777.777778   432.098765  0.00007067296858197427
-2777.777778   555.555556  0.00007094795475294017
-2777.777778   679.012346  0.00007074905611395483
-2777.777778   802.469136  0.00007036233111842013
-2777.777778   925.925926  0.00006991331468018787
-2777.777778  1049.382716  0.00006987122040172380
-2777.777778  1172.839506  0.00006940208400089578
-2777.777778  1296.296296  0.00007028952695688239
-2777.777778  1419.753086  0.00006994863365507728
-2777.777778  1543.209877  0.00007016186618047193
-2777.777778  1666.666667  0.00007069327642116068
-2777.777778  1790.123457  0.00007081571147227494
-2777.777778  1913.580247  0.00007012879263405509
-2777.777778  2037.037037  0.00006845957358212256
-2777.777778  2160.493827  0.00006837313063231442
-2777.777778  2283.950617  0.00006948926071383511
-2777.777778  2407.407407  0.00007309642831172091
-2777.777778  2530.864198  0.00006662533950425810
-2777.777778  2654.320988  0.00006939930021674720
-2777.777778  2777.777778  0.00007180645725978408
-2777.777778  2901.234568  0.00007156755543571332
-2777.777778  3024.691358  0.00007021170312884411
-2777.777778  3148.148148  0.00006907976923147345
-2777.777778  3271.604938  0.00006895547761917405
-2777.777778  3395.061728  0.00007004251773080094
-2777.777778  3518.518519  0.00007057400253751079
-2777.777778  3641.975309  0.00007079699335729889
-2777.777778  3765.432099  0.00007109762274449715
-2777.777778  3888.888889  0.00007110840586086722
-2777.777778  4012.345679  0.00006969689757419337
-2777.777778  4135.802469  0.00006909669666114233
-2777.777778  4259.259259  0.00006978765839337011
-2777.777778  4382.716049  0.00006900052530803300
-2777.777778  4506.172840  0.00006867258849280269
-2777.777778  4629.629630  0.00007247250656117553
-2777.777778  4753.086420  0.00007132148258487959
-2777.777778  4876.543210  0.00007136854811794597

-2654.320988 -5000.000000  0.00001849115901870633
-2654.320988 -4876.543210  0.00007350412094239722
-2654.320988 -4753.086420  0.00007370442402314881
-2654.320988 -4629.629630  0.00007553717181823670
-2654.320988 -4506.172840  0.00007119714776542307
-2654.320988 -4382.716049  0.00007115061324044888
-2654.320988 -4259.259259  0.00007197986246659456
-2654.320988 -4135.802469  0.00007156605514300754
-2654.320988 -4012.345679  0.00007236331393831404
-2654.320988 -3888.888889  0.00007354330910990992
-2654.320988 -3765.432099  0.00007394097145179726
-2654.320988 -3641.975309  0.00007319300372511889
-2654.320988 -3518.518519  0.00007323884791799919
-2654.320988 -3395.061728  0.00007262078833124595
-2654.320988 -3271.604938  0.00007118239475132680
-2654.320988 -3148.148148  0.00007125355841678420
-2654.320988 -3024.691358  0.00007277745648261528
-2654.320988 -2901.234568  0.00007455240157335256
-2654.320988 -2777.777778  0.00007449768870560935
-2654.320988 -2654.320988  0.00007132943281953377
-2654.320988 -2530.864198  0.00006986972187368208
-2654.320988 -2407.407407  0.00007865350818364325
-2654.320988 -2283.950617  0.00007502459061245287
-2654.320988 -2160.493827  0.00007310894423671476
-2654.320988 -2037.037037  0.00007333367816978717
-2654.320988 -1913.580247  0.00007537586060432222
-2654.320988 -1790.123457  0.00007635504104532673
-2654.320988 -1666.666667  0.00007607099448416903
-2654.320988 -1543.209877  0.00007530137432092052
-2654.320988 -1419.753086  0.00007525608730862376
-2654.320988 -1296.296296  0.00007569221336066139
-2654.320988 -1172.839506  0.00007459984733818797
-2654.320988 -1049.382716  0.00007515587093214297
-2654.320988  -925.925926  0.00007521482336547258
-2654.320988  -802.469136  0.00007574246430991573
-2654.320988  -679.012346  0.00007622362652870533
-2654.320988  -555.555556  0.00007646529796636258
-2654.320988  -432.098765  0.00007614503262064759
-2654.320988  -308.641975  0.00007552766390321803
-2654.320988  -185.185185  0.00007526512207055858
-2654.320988   -61.728395  0.00007619270396602163
-2654.320988    61.728395  0.00007619270396602626
-2654.320988   185.185185  0.00007526512207056064
-2654.320988   308.641975  0.00007552766390321768
-2654.320988   432.098765  0.00007614503262064727
-2654.320988   555.555556  0.00007646529796636041
-2654.320988   679.012346  0.00007622362652870947
-2654.320988   802.469136  0.00007574246430991655
-2654.320988   925.925926  0.00007521482336547225
-2654.320988  1049.382716  0.00007515587093214037
-2654.320988  1172.839506  0.00007459984733818248
-2654.320988  1296.296296  0.00007569221336066100
-2654.320988  1419.753086  0.00007525608730862261
-2654.320988  1543.209877  0.00007530137432091854
-2654.320988  1666.666667  0.00007607099448416750
-2654.320988  1790.123457  0.00007635504104532179
-2654.320988  1913.580247  0.00007537586060432109
-2654.320988  2037.037037  0.00007333367816978160
-2654.320988  2160.493827  0.00007310894423670653
-2654.320988  2283.950617  0.00007502459061244525
-2654.320988  2407.407407  0.00007865350818363973
-2654.320988  2530.864198  0.00006986972187367918
-2654.320988  2654.320988  0.00007132943281952563
-2654.320988  2777.777778  0.00007449768870560771
-2654.320988  2901.234568  0.00007455240157335753
-2654.320988  3024.691358  0.00007277745648261791
-2654.320988  3148.148148  0.00007125355841678370
-2654.320988  3271.604938  0.00007118239475132233
-2654.320988  3395.061728  0.00007262078833123637
-2654.320988  3518.518519  0.00007323884791798812
-2654.320988  3641.975309  0.00007319300372510428
-2654.320988  3765.432099  0.00007394097145178754
-2654.320988  3888.888889  0.00007354330910990614
-2654.320988  4012.345679  0.00007236331393831149
-2654.320988  4135.802469  0.00007156605514300938
-2654.320988  4259.259259  0.00007197986246659361
-2654.320988  4382.716049  0.00007115061324043914
-2654.320988  4506.172840  0.00007119714776540354
-2654.320988  4629.629630  0.00007553717181821182
-2654.320988  4753.086420  0.00007370442402312389
-2654.320988  4876.543210  0.00007350412094240520

-2530.864198 -5000.000000  0.00001836702689160093
-2530.864198 -4876.543210  0.00007824046137990428
-2530.864198 -4753.086420  0.00007705288435137167
-2530.864198 -4629.629630  0.00007793375301372979
-2530.864198 -4506.172840  0.00007423893153686428
-2530.864198 -4382.716049  0.00007517797223696643
-2530.864198 -4259.259259  0.00007616842684507508
-2530.864198 -4135.802469  0.00007508983826982062
-2530.864198 -4012.345679  0.00007541893927856506
-2530.864198 -3888.888889  0.00007703228900102842
-2530.864198 -3765.432099  0.00007666960626335379
-2530.864198 -3641.975309  0.00007663257371206734
-2530.864198 -3518.518519  0.00007636520878951516
-2530.864198 -3395.061728  0.00007596948821308667
-2530.864198 -3271.604938  0.00007512920242594626
-2530.864198 -3148.148148  0.00007530454375323400
-2530.864198 -3024.691358  0.00007614017464627677
-2530.864198 -2901.234568  0.00007708045012094449
-2530.864198 -2777.777778  0.00007737313352456172
-2530.864198 -2654.320988  0.00007565715443143938
-2530.864198 -2530.864198  0.00007360760456832025
-2530.864198 -2407.407407  0.00008222116874296549
-2530.864198 -2283.950617  0.00007904417332756790
-2530.864198 -2160.493827  0.00007839315918364357
-2530.864198 -2037.037037  0.00007831120995858589
-2530.864198 -1913.580247  0.00007986037644412136
-2530.864198 -1790.123457  0.00008036883933000677
-2530.864198 -1666.666667  0.00008030154703064234
-2530.864198 -1543.209877  0.00007992621876673905
-2530.864198 -1419.753086  0.00007977847356977368
-2530.864198 -1296.296296  0.00008017110604972179
-2530.864198 -1172.839506  0.00007942613424042038
-2530.864198 -1049.382716  0.00007990706887956016
-2530.864198  -925.925926  0.00007996703783728093
-2530.864198  -802.469136  0.00008039515327595109
-2530.864198  -679.012346  0.00008076303610738882
-2530.864198  -555.555556  0.00008098170903049976
-2530.864198  -432.098765  0.00008079524168539090
-2530.864198  -308.641975  0.00008039557708242557
-2530.864198  -185.185185  0.00008024109728007188
-2530.864198   -61.728395  0.00008088032358096526
-2530.864198    61.728395  0.00008088032358096958
-2530.864198   185.185185  0.00008024109728007323
-2530.864198   308.641975  0.00008039557708242489
-2530.864198   432.098765  0.00008079524168539135
-2530.864198   555.555556  0.00008098170903049953
-2530.864198   679.012346  0.00008076303610739375
-2530.864198   802.469136  0.00008039515327595395
-2530.864198   925.925926  0.00007996703783728287
-2530.864198  1049.382716  0.00007990706887956093
-2530.864198  1172.839506  0.00007942613424041869
-2530.864198  1296.296296  0.00008017110604972544
-2530.864198  1419.753086  0.00007977847356977864
-2530.864198  1543.209877  0.00007992621876674188
-2530.864198  1666.666667  0.00008030154703064565
-2530.864198  1790.123457  0.00008036883933000760
-2530.864198  1913.580247  0.00007986037644412417
-2530.864198  2037.037037  0.00007831120995858629
-2530.864198  2160.493827  0.00007839315918364213
-2530.864198  2283.950617  0.00007904417332756705
-2530.864198  2407.407407  0.00008222116874296811
-2530.864198  2530.864198  0.00007360760456832204
-2530.864198  2654.320988  0.00007565715443143487
-2530.864198  2777.777778  0.00007737313352456218
-2530.864198  2901.234568  0.00007708045012095092
-2530.864198  3024.691358  0.00007614017464628178
-2530.864198  3148.148148  0.00007530454375323755
-2530.864198  3271.604938  0.00007512920242594601
-2530.864198  3395.061728  0.00007596948821308146
-2530.864198  3518.518519  0.00007636520878950822
-2530.864198  3641.975309  0.00007663257371205633
-2530.864198  3765.432099  0.00007666960626334807
-2530.864198  3888.888889  0.00007703228900103056
-2530.864198  4012.345679  0.00007541893927856667
-2530.864198  4135.802469  0.00007508983826982543
-2530.864198  4259.259259  0.00007616842684507810
-2530.864198  4382.716049  0.00007517797223696214
-2530.864198  4506.172840  0.00007423893153685073
-2530.864198  4629.629630  0.00007793375301371010
-2530.864198  4753.086420  0.00007705288435135389
-2530.864198  4876.543210  0.00007824046137991688

-2407.407407 -5000.000000  0.00002042085686289467
-2407.407407 -4876.543210  0.00009325514518007830
-2407.407407 -4753.086420  0.00008899952707889953
-2407.407407 -4629.629630  0.00008888073553532788
-2407.407407 -4506.172840  0.00008573756229188528
-2407.407407 -4382.716049  0.00008843399475126255
-2407.407407 -4259.259259  0.00008989986561463356
-2407.407407 -4135.802469  0.00008770280481960970
-2407.407407 -4012.345679  0.00008730953516845502
-2407.407407 -3888.888889  0.00008951486433424850
-2407.407407 -3765.432099  0.00008803865861418419
-2407.407407 -3641.975309  0.00008896941614221470
-2407.407407 -3518.518519  0.00008850115573066740
-2407.407407 -3395.061728  0.00008855411915935145
-2407.407407 -3271.604938  0.00008840843699813959
-2407.407407 -3148.148148  0.00008863079656907997
-2407.407407 -3024.691358  0.00008857111324323939
-2407.407407 -2901.234568  0.00008859493792650077
-2407.407407 -2777.777778  0.00008894333403916904
-2407.407407 -2654.320988  0.00008900082019446006
-2407.407407 -2530.864198  0.00008729388645161482
-2407.407407 -2407.407407  0.00008576432132244538
-2407.407407 -2283.950617  0.00008492282572541336
-2407.407407 -2160.493827  0.00008527343114826272
-2407.407407 -2037.037037  0.00008532454867638311
-2407.407407 -1913.580247  0.00008552937072088537
-2407.407407 -1790.123457  0.00008558409623820011
-2407.407407 -1666.666667  0.00008577024340808256
-2407.407407 -1543.209877  0.00008594615697787968
-2407.407407 -1419.753086  0.00008592722524592054
-2407.407407 -1296.296296  0.00008596982952174657
-2407.407407 -1172.839506  0.00008627170271879303
-2407.407407 -1049.382716  0.00008639980423746121
-2407.407407  -925.925926  0.00008660337874268950
-2407.407407  -802.469136  0.00008680065453300125
-2407.407407  -679.012346  0.00008698216277785993
-2407.407407  -555.555556  0.00008711692274641941
-2407.407407  -432.098765  0.00008719897269445759
-2407.407407  -308.641975  0.00008723038730973165
-2407.407407  -185.185185  0.00008725030075136424
-2407.407407   -61.728395  0.00008738743709652755
-2407.407407    61.728395  0.00008738743709653051
-2407.407407   185.185185  0.00008725030075136319
-2407.407407   308.641975  0.00008723038730973215
-2407.407407   432.098765  0.00008719897269446146
-2407.407407   555.555556  0.00008711692274642107
-2407.407407   679.012346  0.00008698216277786772
-2407.407407   802.469136  0.00008680065453300606
-2407.407407   925.925926  0.00008660337874269447
-2407.407407  1049.382716  0.00008639980423746782
-2407.407407  1172.839506  0.00008627170271879503
-2407.407407  1296.296296  0.00008596982952175545
-2407.407407  1419.753086  0.00008592722524593340
-2407.407407  1543.209877  0.00008594615697788788
-2407.407407  1666.666667  0.00008577024340809049
-2407.407407  1790.123457  0.00008558409623820641
-2407.407407  1913.580247  0.00008552937072089680
-2407.407407  2037.037037  0.00008532454867639254
-2407.407407  2160.493827  0.00008527343114827010
-2407.407407  2283.950617  0.00008492282572542313
-2407.407407  2407.407407  0.00008576432132245596
-2407.407407  2530.864198  0.00008729388645162150
-2407.407407  2654.320988  0.00008900082019446021
-2407.407407  2777.777778  0.00008894333403917441
-2407.407407  2901.234568  0.00008859493792651364
-2407.407407  3024.691358  0.00008857111324325150
-2407.407407  3148.148148  0.00008863079656909216
-2407.407407  3271.604938  0.00008840843699814809
-2407.407407  3395.061728  0.00008855411915935532
-2407.407407  3518.518519  0.00008850115573066782
-2407.407407  3641.975309  0.00008896941614220865
-2407.407407  3765.432099  0.00008803865861418619
-2407.407407  3888.888889  0.00008951486433426070
-2407.407407  4012.345679  0.00008730953516846358
-2407.407407  4135.802469  0.00008770280481962281
-2407.407407  4259.259259  0.00008989986561464642
-2407.407407  4382.716049  0.00008843399475126698
-2407.407407  4506.172840  0.00008573756229187804
-2407.407407  4629.629630  0.00008888073553531315
-2407.407407  4753.086420  0.00008899952707888994
-2407.407407  4876.543210  0.00009325514518010908

-2283.950617 -5000.000000  0.00002074004336451179
-2283.950617 -4876.543210  0.00009379527887764701
-2283.950617 -4753.086420  0.00008910093431232222
-2283.950617 -4629.629630  0.00008893403961008259
-2283.950617 -4506.172840  0.00008589313540632675
-2283.950617 -4382.716049  0.00008876858867183723
-2283.950617 -4259.259259  0.00009029981678891086
-2283.950617 -4135.802469  0.00008801406853776657
-2283.950617 -4012.345679  0.00008751411828538850
-2283.950617 -3888.888889  0.00008971082148793465
-2283.950617 -3765.432099  0.00008816452630451018
-2283.950617 -3641.975309  0.00008909251012930553
-2283.950617 -3518.518519  0.00008868597730467203
-2283.950617 -3395.061728  0.00008880406764418813
-2283.950617 -3271.604938  0.00008872351309998460
-2283.950617 -3148.148148  0.00008896022816304732
-2283.950617 -3024.691358  0.00008882377605545811
-2283.950617 -2901.234568  0.00008868042257474574
-2283.950617 -2777.777778  0.00008897777388970134
-2283.950617 -2654.320988  0.00008926712308106793
-2283.950617 -2530.864198  0.00008854055354006108
-2283.950617 -2407.407407  0.00008963591536267806
-2283.950617 -2283.950617  0.00008910701313772596
-2283.950617 -2160.493827  0.00008973310838121343
-2283.950617 -2037.037037  0.00008964727943132926
-2283.950617 -1913.580247  0.00008981997294238345
-2283.950617 -1790.123457  0.00008977042779306786
-2283.950617 -1666.666667  0.00008998169006802980
-2283.950617 -1543.209877  0.00009024761374597779
-2283.950617 -1419.753086  0.00009028890627881701
-2283.950617 -1296.296296  0.00009042504224363116
-2283.950617 -1172.839506  0.00009062843857072446
-2283.950617 -1049.382716  0.00009081476380891391
-2283.950617  -925.925926  0.00009102698117501266
-2283.950617  -802.469136  0.00009123361892307659
-2283.950617  -679.012346  0.00009141806823435331
-2283.950617  -555.555556  0.00009159818139981838
-2283.950617  -432.098765  0.00009176444064443336
-2283.950617  -308.641975  0.00009190090670549211
-2283.950617  -185.185185  0.00009199002913208831
-2283.950617   -61.728395  0.00009204309978522994
-2283.950617    61.728395  0.00009204309978523312
-2283.950617   185.185185  0.00009199002913208629
-2283.950617   308.641975  0.00009190090670549267
-2283.950617   432.098765  0.00009176444064443716
-2283.950617   555.555556  0.00009159818139981861
-2283.950617   679.012346  0.00009141806823436092
-2283.950617   802.469136  0.00009123361892307924
-2283.950617   925.925926  0.00009102698117501440
-2283.950617  1049.382716  0.00009081476380891826
-2283.950617  1172.839506  0.00009062843857072313
-2283.950617  1296.296296  0.00009042504224363954
-2283.950617  1419.753086  0.00009028890627882779
-2283.950617  1543.209877  0.00009024761374598439
-2283.950617  1666.666667  0.00008998169006803736
-2283.950617  1790.123457  0.00008977042779307283
-2283.950617  1913.580247  0.00008981997294239177
-2283.950617  2037.037037  0.00008964727943133457
-2283.950617  2160.493827  0.00008973310838121611
-2283.950617  2283.950617  0.00008910701313773200
-2283.950617  2407.407407  0.00008963591536268701
-2283.950617  2530.864198  0.00008854055354006704
-2283.950617  2654.320988  0.00008926712308106506
-2283.950617  2777.777778  0.00008897777388970382
-2283.950617  2901.234568  0.00008868042257475578
-2283.950617  3024.691358  0.00008882377605546613
-2283.950617  3148.148148  0.00008896022816305384
-2283.950617  3271.604938  0.00008872351309998874
-2283.950617  3395.061728  0.00008880406764418715
-2283.950617  3518.518519  0.00008868597730466830
-2283.950617  3641.975309  0.00008909251012929564
-2283.950617  3765.432099  0.00008816452630450890
-2283.950617  3888.888889  0.00008971082148794181
-2283.950617  4012.345679  0.00008751411828539235
-2283.950617  4135.802469  0.00008801406853777504
-2283.950617  4259.259259  0.00009029981678891695
-2283.950617  4382.716049  0.00008876858867183619
-2283.950617  4506.172840  0.00008589313540631477
-2283.950617  4629.629630  0.00008893403961006328
-2283.950617  4753.086420  0.00008910093431230703
-2283.950617  4876.543210  0.00009379527887766725

-2160.493827 -5000.000000  0.00002236028942066014
-2160.493827 -4876.543210  0.00009683999752593573
-2160.493827 -4753.086420  0.00009226293261303602
-2160.493827 -4629.629630  0.00009271214798723770
-2160.493827 -4506.172840  0.00008914590708027877
-2160.493827 -4382.716049  0.00009173771038415700
-2160.493827 -4259.259259  0.00009333494518388812
-2160.493827 -4135.802469  0.00009126758465793588
-2160.493827 -4012.345679  0.00009093191322423949
-2160.493827 -3888.888889  0.00009293867620607132
-2160.493827 -3765.432099  0.00009176421081478900
-2160.493827 -3641.975309  0.00009229330753595360
-2160.493827 -3518.518519  0.00009212706438253269
-2160.493827 -3395.061728  0.00009217872840964011
-2160.493827 -3271.604938  0.00009178871397370672
-2160.493827 -3148.148148  0.00009196986697352143
-2160.493827 -3024.691358  0.00009217848636680737
-2160.493827 -2901.234568  0.00009244038818205044
-2160.493827 -2777.777778  0.00009245946612726998
-2160.493827 -2654.320988  0.00009206181216066416
-2160.493827 -2530.864198  0.00009237156917577840
-2160.493827 -2407.407407  0.00009434437871323807
-2160.493827 -2283.950617  0.00009405381072358806
-2160.493827 -2160.493827  0.00009379709681981933
-2160.493827 -2037.037037  0.00009392688545703598
-2160.493827 -1913.580247  0.00009440059014876254
-2160.493827 -1790.123457  0.00009468333649770480
-2160.493827 -1666.666667  0.00009474640330346642
-2160.493827 -1543.209877  0.00009480244072560379
-2160.493827 -1419.753086  0.00009508388137597928
-2160.493827 -1296.296296  0.00009531957092697692
-2160.493827 -1172.839506  0.00009534396728097045
-2160.493827 -1049.382716  0.00009562777431328662
-2160.493827  -925.925926  0.00009592543185515490
-2160.493827  -802.469136  0.00009625124217362514
-2160.493827  -679.012346  0.00009656986424407429
-2160.493827  -555.555556  0.00009683326575085394
-2160.493827  -432.098765  0.00009701178013525931
-2160.493827  -308.641975  0.00009711593408470114
-2160.493827  -185.185185  0.00009720068517424742
-2160.493827   -61.728395  0.00009737243992828694
-2160.493827    61.728395  0.00009737243992828938
-2160.493827   185.185185  0.00009720068517424330
-2160.493827   308.641975  0.00009711593408470087
-2160.493827   432.098765  0.00009701178013526365
-2160.493827   555.555556  0.00009683326575085333
-2160.493827   679.012346  0.00009656986424408041
-2160.493827   802.469136  0.00009625124217362615
-2160.493827   925.925926  0.00009592543185515567
-2160.493827  1049.382716  0.00009562777431328880
-2160.493827  1172.839506  0.00009534396728096805
-2160.493827  1296.296296  0.00009531957092698234
-2160.493827  1419.753086  0.00009508388137598634
-2160.493827  1543.209877  0.00009480244072560773
-2160.493827  1666.666667  0.00009474640330347143
-2160.493827  1790.123457  0.00009468333649770629
-2160.493827  1913.580247  0.00009440059014876851
-2160.493827  2037.037037  0.00009392688545703787
-2160.493827  2160.493827  0.00009379709681981846
-2160.493827  2283.950617  0.00009405381072359106
-2160.493827  2407.407407  0.00009434437871324511
-2160.493827  2530.864198  0.00009237156917578535
-2160.493827  2654.320988  0.00009206181216066312
-2160.493827  2777.777778  0.00009245946612727349
-2160.493827  2901.234568  0.00009244038818206017
-2160.493827  3024.691358  0.00009217848636681446
-2160.493827  3148.148148  0.00009196986697352836
-2160.493827  3271.604938  0.00009178871397371141
-2160.493827  3395.061728  0.00009217872840963942
-2160.493827  3518.518519  0.00009212706438252981
-2160.493827  3641.975309  0.00009229330753594519
-2160.493827  3765.432099  0.00009176421081478663
-2160.493827  3888.888889  0.00009293867620607748
-2160.493827  4012.345679  0.00009093191322424315
-2160.493827  4135.802469  0.00009126758465794320
-2160.493827  4259.259259  0.00009333494518389175
-2160.493827  4382.716049  0.00009173771038415472
-2160.493827  4506.172840  0.00008914590708026722
-2160.493827  4629.629630  0.00009271214798721950
-2160.493827  4753.086420  0.00009226293261301972
-2160.493827  4876.543210  0.00009683999752595130

-2037.037037 -5000.000000  0.00002320522478956100
-2037.037037 -4876.543210  0.00010133653133072556
-2037.037037 -4753.086420  0.00009648422264690389
-2037.037037 -4629.629630  0.00009680570376726375
-2037.037037 -4506.172840  0.00009316060032530745
-2037.037037 -4382.716049  0.00009595108903561179
-2037.037037 -4259.259259  0.00009762196541129169
-2037.037037 -4135.802469  0.00009540182261857478
-2037.037037 -4012.345679  0.00009501583727017608
-2037.037037 -3888.888889  0.00009717621709548584
-2037.037037 -3765.432099  0.00009585131424863033
-2037.037037 -3641.975309  0.00009649462008889511
-2037.037037 -3518.518519  0.00009625632351626603
-2037.037037 -3395.061728  0.00009632201913584736
-2037.037037 -3271.604938  0.00009598863323465658
-2037.037037 -3148.148148  0.00009620723154217239
-2037.037037 -3024.691358  0.00009636491909284800
-2037.037037 -2901.234568  0.00009655775754601609
-2037.037037 -2777.777778  0.00009665940659594071
-2037.037037 -2654.320988  0.00009638350413839695
-2037.037037 -2530.864198  0.00009639575207689078
-2037.037037 -2407.407407  0.00009856277390222541
-2037.037037 -2283.950617  0.00009811152487565990
-2037.037037 -2160.493827  0.00009807810205132936
-2037.037037 -2037.037037  0.00009817834853829166
-2037.037037 -1913.580247  0.00009867695638415358
-2037.037037 -1790.123457  0.00009893783013570064
-2037.037037 -1666.666667  0.00009908604033337465
-2037.037037 -1543.209877  0.00009923981531671337
-2037.037037 -1419.753086  0.00009953403583314540
-2037.037037 -1296.296296  0.00009984036376357534
-2037.037037 -1172.839506  0.00010016233962448914
-2037.037037 -1049.382716  0.00010053108066316425
-2037.037037  -925.925926  0.00010093826591382633
-2037.037037  -802.469136  0.00010137028794055469
-2037.037037  -679.012346  0.00010180496617773872
-2037.037037  -555.555556  0.00010217633940054339
-2037.037037  -432.098765  0.00010245587184981319
-2037.037037  -308.641975  0.00010264456874831049
-2037.037037  -185.185185  0.00010278688277926684
-2037.037037   -61.728395  0.00010298049073678070
-2037.037037    61.728395  0.00010298049073678169
-2037.037037   185.185185  0.00010278688277926190
-2037.037037   308.641975  0.00010264456874830956
-2037.037037   432.098765  0.00010245587184981781
-2037.037037   555.555556  0.00010217633940054270
-2037.037037   679.012346  0.00010180496617774411
-2037.037037   802.469136  0.00010137028794055493
-2037.037037   925.925926  0.00010093826591382898
-2037.037037  1049.382716  0.00010053108066316789
-2037.037037  1172.839506  0.00010016233962448642
-2037.037037  1296.296296  0.00009984036376358111
-2037.037037  1419.753086  0.00009953403583315369
-2037.037037  1543.209877  0.00009923981531671792
-2037.037037  1666.666667  0.00009908604033337986
-2037.037037  1790.123457  0.00009893783013570343
-2037.037037  1913.580247  0.00009867695638416155
-2037.037037  2037.037037  0.00009817834853829475
-2037.037037  2160.493827  0.00009807810205133036
-2037.037037  2283.950617  0.00009811152487566501
-2037.037037  2407.407407  0.00009856277390223264
-2037.037037  2530.864198  0.00009639575207689807
-2037.037037  2654.320988  0.00009638350413839688
-2037.037037  2777.777778  0.00009665940659594381
-2037.037037  2901.234568  0.00009655775754602582
-2037.037037  3024.691358  0.00009636491909285637
-2037.037037  3148.148148  0.00009620723154218009
-2037.037037  3271.604938  0.00009598863323466200
-2037.037037  3395.061728  0.00009632201913584820
-2037.037037  3518.518519  0.00009625632351626348
-2037.037037  3641.975309  0.00009649462008888515
-2037.037037  3765.432099  0.00009585131424862852
-2037.037037  3888.888889  0.00009717621709549324
-2037.037037  4012.345679  0.00009501583727018099
-2037.037037  4135.802469  0.00009540182261858229
-2037.037037  4259.259259  0.00009762196541129659
-2037.037037  4382.716049  0.00009595108903560950
-2037.037037  4506.172840  0.00009316060032529626
-2037.037037  4629.629630  0.00009680570376724564
-2037.037037  4753.086420  0.00009648422264688776
-2037.037037  4876.543210  0.00010133653133074232

-1913.580247 -5000.000000  0.00002425817575452603
-1913.580247 -4876.543210  0.00010754073507654323
-1913.580247 -4753.086420  0.00010222355272414725
-1913.580247 -4629.629630  0.00010232538665098931
-1913.580247 -4506.172840  0.00009861559026502322
-1913.580247 -4382.716049  0.00010173644412119405
-1913.580247 -4259.259259  0.00010351418729030197
-1913.580247 -4135.802469  0.00010104707253000821
-1913.580247 -4012.345679  0.00010056995264306551
-1913.580247 -3888.888889  0.00010295680512152631
-1913.580247 -3765.432099  0.00010138431800771957
-1913.580247 -3641.975309  0.00010224350031805678
-1913.580247 -3518.518519  0.00010189142208115610
-1913.580247 -3395.061728  0.00010199565966092872
-1913.580247 -3271.604938  0.00010177002767300454
-1913.580247 -3148.148148  0.00010203297006342713
-1913.580247 -3024.691358  0.00010207679556934970
-1913.580247 -2901.234568  0.00010215387403013559
-1913.580247 -2777.777778  0.00010236841772854282
-1913.580247 -2654.320988  0.00010232643104622952
-1913.580247 -2530.864198  0.00010179942083333211
-1913.580247 -2407.407407  0.00010266660188684718
-1913.580247 -2283.950617  0.00010214574385355372
-1913.580247 -2160.493827  0.00010241078752907305
-1913.580247 -2037.037037  0.00010252326529074847
-1913.580247 -1913.580247  0.00010294143143020156
-1913.580247 -1790.123457  0.00010316559178191917
-1913.580247 -1666.666667  0.00010344125357040975
-1913.580247 -1543.209877  0.00010375158702723978
-1913.580247 -1419.753086  0.00010405845452160445
-1913.580247 -1296.296296  0.00010441363738413792
-1913.580247 -1172.839506  0.00010499521912458007
-1913.580247 -1049.382716  0.00010546502013306777
-1913.580247  -925.925926  0.00010602969846153867
-1913.580247  -802.469136  0.00010660795858429281
-1913.580247  -679.012346  0.00010719448710370480
-1913.580247  -555.555556  0.00010772388437142096
-1913.580247  -432.098765  0.00010817080075752397
-1913.580247  -308.641975  0.00010850992608457068
-1913.580247  -185.185185  0.00010874858526397979
-1913.580247   -61.728395  0.00010896564275936335
-1913.580247    61.728395  0.00010896564275936320
-1913.580247   185.185185  0.00010874858526397422
-1913.580247   308.641975  0.00010850992608456936
-1913.580247   432.098765  0.00010817080075752666
-1913.580247   555.555556  0.00010772388437141936
-1913.580247   679.012346  0.00010719448710371106
-1913.580247   802.469136  0.00010660795858429493
-1913.580247   925.925926  0.00010602969846154176
-1913.580247  1049.382716  0.00010546502013307347
-1913.580247  1172.839506  0.00010499521912457955
-1913.580247  1296.296296  0.00010441363738414566
-1913.580247  1419.753086  0.00010405845452161491
-1913.580247  1543.209877  0.00010375158702724607
-1913.580247  1666.666667  0.00010344125357041620
-1913.580247  1790.123457  0.00010316559178192271
-1913.580247  1913.580247  0.00010294143143021087
-1913.580247  2037.037037  0.00010252326529075464
-1913.580247  2160.493827  0.00010241078752907841
-1913.580247  2283.950617  0.00010214574385356054
-1913.580247  2407.407407  0.00010266660188685626
-1913.580247  2530.864198  0.00010179942083334074
-1913.580247  2654.320988  0.00010232643104623057
-1913.580247  2777.777778  0.00010236841772854803
-1913.580247  2901.234568  0.00010215387403014804
-1913.580247  3024.691358  0.00010207679556936041
-1913.580247  3148.148148  0.00010203297006343919
-1913.580247  3271.604938  0.00010177002767301375
-1913.580247  3395.061728  0.00010199565966093220
-1913.580247  3518.518519  0.00010189142208115624
-1913.580247  3641.975309  0.00010224350031804988
-1913.580247  3765.432099  0.00010138431800772019
-1913.580247  3888.888889  0.00010295680512153545
-1913.580247  4012.345679  0.00010056995264307196
-1913.580247  4135.802469  0.00010104707253001823
-1913.580247  4259.259259  0.00010351418729031019
-1913.580247  4382.716049  0.00010173644412119451
-1913.580247  4506.172840  0.00009861559026501357
-1913.580247  4629.629630  0.00010232538665097237
-1913.580247  4753.086420  0.00010222355272413401
-1913.580247  4876.543210  0.00010754073507656470

-1790.123457 -5000.000000  0.00002502387140544746
-1790.123457 -4876.543210  0.00011225541642484724
-1790.123457 -4753.086420  0.00010658268540918652
-1790.123457 -4629.629630  0.00010647444445790224
-1790.123457 -4506.172840  0.00010274042170455350
-1790.123457 -4382.716049  0.00010612861849365707
-1790.123457 -4259.259259  0.00010798531066332027
-1790.123457 -4135.802469  0.00010531594365164825
-1790.123457 -4012.345679  0.00010475926974461371
-1790.123457 -3888.888889  0.00010733694719885269
-1790.123457 -3765.432099  0.00010555055504200748
-1790.123457 -3641.975309  0.00010659650601684334
-1790.123457 -3518.518519  0.00010613869491865655
-1790.123457 -3395.061728  0.00010627341585542937
-1790.123457 -3271.604938  0.00010615162039242613
-1790.123457 -3148.148148  0.00010646011253692083
-1790.123457 -3024.691358  0.00010640040757284545
-1790.123457 -2901.234568  0.00010635573369846443
-1790.123457 -2777.777778  0.00010668858530564150
-1790.123457 -2654.320988  0.00010687543201254159
-1790.123457 -2530.864198  0.00010589635519364280
-1790.123457 -2407.407407  0.00010638418970732822
-1790.123457 -2283.950617  0.00010573353600581066
-1790.123457 -2160.493827  0.00010633492203786326
-1790.123457 -2037.037037  0.00010642152695818267
-1790.123457 -1913.580247  0.00010681114406165442
-1790.123457 -1790.123457  0.00010699632675995963
-1790.123457 -1666.666667  0.00010740620446410965
-1790.123457 -1543.209877  0.00010788347427004367
-1790.123457 -1419.753086  0.00010820775728462437
-1790.123457 -1296.296296  0.00010867393996225534
-1790.123457 -1172.839506  0.00010927333258757437
-1790.123457 -1049.382716  0.00010992887563072256
-1790.123457  -925.925926  0.00011067868736558124
-1790.123457  -802.469136  0.00011148179687851150
-1790.123457  -679.012346  0.00011228978117702501
-1790.123457  -555.555556  0.00011307005576876146
-1790.123457  -432.098765  0.00011376533476171724
-1790.123457  -308.641975  0.00011432501247173457
-1790.123457  -185.185185  0.00011472207209662923
-1790.123457   -61.728395  0.00011499958549360862
-1790.123457    61.728395  0.00011499958549361160
-1790.123457   185.185185  0.00011472207209662479
-1790.123457   308.641975  0.00011432501247173241
-1790.123457   432.098765  0.00011376533476171912
-1790.123457   555.555556  0.00011307005576875868
-1790.123457   679.012346  0.00011228978117703268
-1790.123457   802.469136  0.00011148179687851412
-1790.123457   925.925926  0.00011067868736558521
-1790.123457  1049.382716  0.00010992887563072964
-1790.123457  1172.839506  0.00010927333258757411
-1790.123457  1296.296296  0.00010867393996226612
-1790.123457  1419.753086  0.00010820775728463718
-1790.123457  1543.209877  0.00010788347427005278
-1790.123457  1666.666667  0.00010740620446411999
-1790.123457  1790.123457  0.00010699632675996611
-1790.123457  1913.580247  0.00010681114406166224
-1790.123457  2037.037037  0.00010642152695818789
-1790.123457  2160.493827  0.00010633492203786577
-1790.123457  2283.950617  0.00010573353600581601
-1790.123457  2407.407407  0.00010638418970733615
-1790.123457  2530.864198  0.00010589635519364972
-1790.123457  2654.320988  0.00010687543201254149
-1790.123457  2777.777778  0.00010668858530564623
-1790.123457  2901.234568  0.00010635573369847584
-1790.123457  3024.691358  0.00010640040757285554
-1790.123457  3148.148148  0.00010646011253693437
-1790.123457  3271.604938  0.00010615162039243729
-1790.123457  3395.061728  0.00010627341585543442
-1790.123457  3518.518519  0.00010613869491865801
-1790.123457  3641.975309  0.00010659650601683673
-1790.123457  3765.432099  0.00010555055504200978
-1790.123457  3888.888889  0.00010733694719886497
-1790.123457  4012.345679  0.00010475926974462235
-1790.123457  4135.802469  0.00010531594365166079
-1790.123457  4259.259259  0.00010798531066333030
-1790.123457  4382.716049  0.00010612861849365940
-1790.123457  4506.172840  0.00010274042170454292
-1790.123457  4629.629630  0.00010647444445788372
-1790.123457  4753.086420  0.00010658268540917221
-1790.123457  4876.543210  0.00011225541642486936

-1666.666667 -5000.000000  0.00002597539219850462
-1666.666667 -4876.543210  0.00011560009635996090
-1666.666667 -4753.086420  0.00010982350234723546
-1666.666667 -4629.629630  0.00010983985670789915
-1666.666667 -4506.172840  0.00010589710247330005
-1666.666667 -4382.716049  0.00010929933072809575
-1666.666667 -4259.259259  0.00011121449664825737
-1666.666667 -4135.802469  0.00010853309420889345
-1666.666667 -4012.345679  0.00010800344758298741
-1666.666667 -3888.888889  0.00011060461745351193
-1666.666667 -3765.432099  0.00010885498659138644
-1666.666667 -3641.975309  0.00010984371612561658
-1666.666667 -3518.518519  0.00010941993501048049
-1666.666667 -3395.061728  0.00010954200014012732
-1666.666667 -3271.604938  0.00010935605814045179
-1666.666667 -3148.148148  0.00010966931811887644
-1666.666667 -3024.691358  0.00010969274321095139
-1666.666667 -2901.234568  0.00010974482666803829
-1666.666667 -2777.777778  0.00011004242236029984
-1666.666667 -2654.320988  0.00011008369197034759
-1666.666667 -2530.864198  0.00010923601031060259
-1666.666667 -2407.407407  0.00010996513769370562
-1666.666667 -2283.950617  0.00010931279670907857
-1666.666667 -2160.493827  0.00010976660228563897
-1666.666667 -2037.037037  0.00010993227772354675
-1666.666667 -1913.580247  0.00011045281433050191
-1666.666667 -1790.123457  0.00011076898853099188
-1666.666667 -1666.666667  0.00011122308769397054
-1666.666667 -1543.209877  0.00011174669024378841
-1666.666667 -1419.753086  0.00011222116773625172
-1666.666667 -1296.296296  0.00011285438205593237
-1666.666667 -1172.839506  0.00011341931929127841
-1666.666667 -1049.382716  0.00011433256593110226
-1666.666667  -925.925926  0.00011535728348107345
-1666.666667  -802.469136  0.00011650861147347029
-1666.666667  -679.012346  0.00011769269107677858
-1666.666667  -555.555556  0.00011886441219055073
-1666.666667  -432.098765  0.00011991770388257492
-1666.666667  -308.641975  0.00012077765566849060
-1666.666667  -185.185185  0.00012140785361483329
-1666.666667   -61.728395  0.00012185700041272616
-1666.666667    61.728395  0.00012185700041272913
-1666.666667   185.185185  0.00012140785361482906
-1666.666667   308.641975  0.00012077765566848841
-1666.666667   432.098765  0.00011991770388257534
-1666.666667   555.555556  0.00011886441219054728
-1666.666667   679.012346  0.00011769269107678710
-1666.666667   802.469136  0.00011650861147347240
-1666.666667   925.925926  0.00011535728348107644
-1666.666667  1049.382716  0.00011433256593110699
-1666.666667  1172.839506  0.00011341931929127707
-1666.666667  1296.296296  0.00011285438205594229
-1666.666667  1419.753086  0.00011222116773626385
-1666.666667  1543.209877  0.00011174669024379727
-1666.666667  1666.666667  0.00011122308769398031
-1666.666667  1790.123457  0.00011076898853099939
-1666.666667  1913.580247  0.00011045281433051131
-1666.666667  2037.037037  0.00010993227772355207
-1666.666667  2160.493827  0.00010976660228564046
-1666.666667  2283.950617  0.00010931279670908351
-1666.666667  2407.407407  0.00010996513769371405
-1666.666667  2530.864198  0.00010923601031061001
-1666.666667  2654.320988  0.00011008369197034957
-1666.666667  2777.777778  0.00011004242236030499
-1666.666667  2901.234568  0.00010974482666805099
-1666.666667  3024.691358  0.00010969274321096245
-1666.666667  3148.148148  0.00010966931811888960
-1666.666667  3271.604938  0.00010935605814046431
-1666.666667  3395.061728  0.00010954200014013498
-1666.666667  3518.518519  0.00010941993501048286
-1666.666667  3641.975309  0.00010984371612561136
-1666.666667  3765.432099  0.00010885498659138957
-1666.666667  3888.888889  0.00011060461745352472
-1666.666667  4012.345679  0.00010800344758299625
-1666.666667  4135.802469  0.00010853309420890676
-1666.666667  4259.259259  0.00011121449664826919
-1666.666667  4382.716049  0.00010929933072809741
-1666.666667  4506.172840  0.00010589710247329005
-1666.666667  4629.629630  0.00010983985670788123
-1666.666667  4753.086420  0.00010982350234722258
-1666.666667  4876.543210  0.00011560009635998400

-1543.209877 -5000.000000  0.00002684562582645853
-1543.209877 -4876.543210  0.00011817932678515268
-1543.209877 -4753.086420  0.00011233503785140906
-1543.209877 -4629.629630  0.00011252909810269962
-1543.209877 -4506.172840  0.00010837473555052663
-1543.209877 -4382.716049  0.00011174662992430271
-1543.209877 -4259.259259  0.00011371232390794963
-1543.209877 -4135.802469  0.00011105636654772350
-1543.209877 -4012.345679  0.00011056529266035042
-1543.209877 -3888.888889  0.00011314803382785796
-1543.209877 -3765.432099  0.00011148175487243996
-1543.209877 -3641.975309  0.00011236270644695346
-1543.209877 -3518.518519  0.00011200739548139531
-1543.209877 -3395.061728  0.00011211493427345935
-1543.209877 -3271.604938  0.00011184059594783158
-1543.209877 -3148.148148  0.00011215007440506855
-1543.209877 -3024.691358  0.00011228326954513648
-1543.209877 -2901.234568  0.00011245745076874695
-1543.209877 -2777.777778  0.00011268525011191330
-1543.209877 -2654.320988  0.00011253523680472162
-1543.209877 -2530.864198  0.00011202593693308336
-1543.209877 -2407.407407  0.00011329269637715262
-1543.209877 -2283.950617  0.00011270441208866678
-1543.209877 -2160.493827  0.00011294705959622069
-1543.209877 -2037.037037  0.00011320221954457582
-1543.209877 -1913.580247  0.00011387826921258659
-1543.209877 -1790.123457  0.00011435368296578783
-1543.209877 -1666.666667  0.00011484902894351376
-1543.209877 -1543.209877  0.00011541552097134144
-1543.209877 -1419.753086  0.00011609652248248417
-1543.209877 -1296.296296  0.00011695180013772402
-1543.209877 -1172.839506  0.00011784700376299093
-1543.209877 -1049.382716  0.00011908558632777666
-1543.209877  -925.925926  0.00012051206923009281
-1543.209877  -802.469136  0.00012215466728249990
-1543.209877  -679.012346  0.00012392151936088083
-1543.209877  -555.555556  0.00012570271702000928
-1543.209877  -432.098765  0.00012734258780612418
-1543.209877  -308.641975  0.00012871266450126986
-1543.209877  -185.185185  0.00012973854490664336
-1543.209877   -61.728395  0.00013045068999255295
-1543.209877    61.728395  0.00013045068999255812
-1543.209877   185.185185  0.00012973854490664033
-1543.209877   308.641975  0.00012871266450126869
-1543.209877   432.098765  0.00012734258780612538
-1543.209877   555.555556  0.00012570271702000671
-1543.209877   679.012346  0.00012392151936088905
-1543.209877   802.469136  0.00012215466728250087
-1543.209877   925.925926  0.00012051206923009475
-1543.209877  1049.382716  0.00011908558632777960
-1543.209877  1172.839506  0.00011784700376298791
-1543.209877  1296.296296  0.00011695180013773355
-1543.209877  1419.753086  0.00011609652248249707
-1543.209877  1543.209877  0.00011541552097135086
-1543.209877  1666.666667  0.00011484902894352371
-1543.209877  1790.123457  0.00011435368296579618
-1543.209877  1913.580247  0.00011387826921259481
-1543.209877  2037.037037  0.00011320221954457899
-1543.209877  2160.493827  0.00011294705959621989
-1543.209877  2283.950617  0.00011270441208866966
-1543.209877  2407.407407  0.00011329269637716000
-1543.209877  2530.864198  0.00011202593693308938
-1543.209877  2654.320988  0.00011253523680472239
-1543.209877  2777.777778  0.00011268525011191882
-1543.209877  2901.234568  0.00011245745076875877
-1543.209877  3024.691358  0.00011228326954514709
-1543.209877  3148.148148  0.00011215007440508159
-1543.209877  3271.604938  0.00011184059594784313
-1543.209877  3395.061728  0.00011211493427346541
-1543.209877  3518.518519  0.00011200739548139844
-1543.209877  3641.975309  0.00011236270644694750
-1543.209877  3765.432099  0.00011148175487244274
-1543.209877  3888.888889  0.00011314803382786944
-1543.209877  4012.345679  0.00011056529266035924
-1543.209877  4135.802469  0.00011105636654773689
-1543.209877  4259.259259  0.00011371232390796013
-1543.209877  4382.716049  0.00011174662992430408
-1543.209877  4506.172840  0.00010837473555051653
-1543.209877  4629.629630  0.00011252909810268139
-1543.209877  4753.086420  0.00011233503785139453
-1543.209877  4876.543210  0.00011817932678517313

-1419.753086 -5000.000000  0.00002735697782128715
-1419.753086 -4876.543210  0.00012101315669873946
-1419.753086 -4753.086420  0.00011486147937351145
-1419.753086 -4629.629630  0.00011493352028067838
-1419.753086 -4506.172840  0.00011078164147622229
-1419.753086 -4382.716049  0.00011434537193857531
-1419.753086 -4259.259259  0.00011637228181612689
-1419.753086 -4135.802469  0.00011358306619706115
-1419.753086 -4012.345679  0.00011302436446788671
-1419.753086 -3888.888889  0.00011571064874457180
-1419.753086 -3765.432099  0.00011391331876620410
-1419.753086 -3641.975309  0.00011488700103608826
-1419.753086 -3518.518519  0.00011449671204767860
-1419.753086 -3395.061728  0.00011463880370017707
-1419.753086 -3271.604938  0.00011443282860397119
-1419.753086 -3148.148148  0.00011477059021133609
-1419.753086 -3024.691358  0.00011483847684444051
-1419.753086 -2901.234568  0.00011492225682349918
-1419.753086 -2777.777778  0.00011519878691321042
-1419.753086 -2654.320988  0.00011522188997362098
-1419.753086 -2530.864198  0.00011472461677256518
-1419.753086 -2407.407407  0.00011620680393950196
-1419.753086 -2283.950617  0.00011565653526779336
-1419.753086 -2160.493827  0.00011613894947580452
-1419.753086 -2037.037037  0.00011639687961876459
-1419.753086 -1913.580247  0.00011708133986278453
-1419.753086 -1790.123457  0.00011756073774132172
-1419.753086 -1666.666667  0.00011819336440829939
-1419.753086 -1543.209877  0.00011895707029884050
-1419.753086 -1419.753086  0.00011982392824805188
-1419.753086 -1296.296296  0.00012087406774129034
-1419.753086 -1172.839506  0.00012271381919526790
-1419.753086 -1049.382716  0.00012429338567849352
-1419.753086  -925.925926  0.00012631266141105622
-1419.753086  -802.469136  0.00012861121100187067
-1419.753086  -679.012346  0.00013122036108046325
-1419.753086  -555.555556  0.00013392873294644226
-1419.753086  -432.098765  0.00013656001819775749
-1419.753086  -308.641975  0.00013884776794866437
-1419.753086  -185.185185  0.00014055370972674308
-1419.753086   -61.728395  0.00014159762252839093
-1419.753086    61.728395  0.00014159762252839698
-1419.753086   185.185185  0.00014055370972674072
-1419.753086   308.641975  0.00013884776794866535
-1419.753086   432.098765  0.00013656001819776134
-1419.753086   555.555556  0.00013392873294643982
-1419.753086   679.012346  0.00013122036108047111
-1419.753086   802.469136  0.00012861121100187192
-1419.753086   925.925926  0.00012631266141105804
-1419.753086  1049.382716  0.00012429338567849713
-1419.753086  1172.839506  0.00012271381919526681
-1419.753086  1296.296296  0.00012087406774130076
-1419.753086  1419.753086  0.00011982392824806550
-1419.753086  1543.209877  0.00011895707029885023
-1419.753086  1666.666667  0.00011819336440830854
-1419.753086  1790.123457  0.00011756073774132907
-1419.753086  1913.580247  0.00011708133986279282
-1419.753086  2037.037037  0.00011639687961876894
-1419.753086  2160.493827  0.00011613894947580622
-1419.753086  2283.950617  0.00011565653526779678
-1419.753086  2407.407407  0.00011620680393950906
-1419.753086  2530.864198  0.00011472461677257280
-1419.753086  2654.320988  0.00011522188997362064
-1419.753086  2777.777778  0.00011519878691321543
-1419.753086  2901.234568  0.00011492225682351109
-1419.753086  3024.691358  0.00011483847684445070
-1419.753086  3148.148148  0.00011477059021134857
-1419.753086  3271.604938  0.00011443282860398250
-1419.753086  3395.061728  0.00011463880370018312
-1419.753086  3518.518519  0.00011449671204768126
-1419.753086  3641.975309  0.00011488700103608227
-1419.753086  3765.432099  0.00011391331876620619
-1419.753086  3888.888889  0.00011571064874458365
-1419.753086  4012.345679  0.00011302436446789516
-1419.753086  4135.802469  0.00011358306619707346
-1419.753086  4259.259259  0.00011637228181613693
-1419.753086  4382.716049  0.00011434537193857588
-1419.753086  4506.172840  0.00011078164147621254
-1419.753086  4629.629630  0.00011493352028066029
-1419.753086  4753.086420  0.00011486147937349756
-1419.753086  4876.543210  0.00012101315669876014

-1296.296296 -5000.000000  0.00002806414727809137
-1296.296296 -4876.543210  0.00012416154488124629
-1296.296296 -4753.086420  0.00011776268766294640
-1296.296296 -4629.629630  0.00011780788669382622
-1296.296296 -4506.172840  0.00011357729992439458
-1296.296296 -4382.716049  0.00011727312393036631
-1296.296296 -4259.259259  0.00011936247807210076
-1296.296296 -4135.802469  0.00011647989172761390
-1296.296296 -4012.345679  0.00011588876901285790
-1296.296296 -3888.888889  0.00011865049944387196
-1296.296296 -3765.432099  0.00011678014959568907
-1296.296296 -3641.975309  0.00011782416644602736
-1296.296296 -3518.518519  0.00011741261753941123
-1296.296296 -3395.061728  0.00011757500976491912
-1296.296296 -3271.604938  0.00011739661410937027
-1296.296296 -3148.148148  0.00011775366463657928
-1296.296296 -3024.691358  0.00011780024937519083
-1296.296296 -2901.234568  0.00011786284443801243
-1296.296296 -2777.777778  0.00011816492153441569
-1296.296296 -2654.320988  0.00011825916067268733
-1296.296296 -2530.864198  0.00011771755200243173
-1296.296296 -2407.407407  0.00011888941664502037
-1296.296296 -2283.950617  0.00011840635262599233
-1296.296296 -2160.493827  0.00011898192448602176
-1296.296296 -2037.037037  0.00011929204005000786
-1296.296296 -1913.580247  0.00012001042513833813
-1296.296296 -1790.123457  0.00012057288332890968
-1296.296296 -1666.666667  0.00012134088953588342
-1296.296296 -1543.209877  0.00012229390242524780
-1296.296296 -1419.753086  0.00012332898439496327
-1296.296296 -1296.296296  0.00012469172677684686
-1296.296296 -1172.839506  0.00012562423046405224
-1296.296296 -1049.382716  0.00012783819078148573
-1296.296296  -925.925926  0.00013048491275795314
-1296.296296  -802.469136  0.00013375864528765994
-1296.296296  -679.012346  0.00013750711039100513
-1296.296296  -555.555556  0.00014165546506895242
-1296.296296  -432.098765  0.00014580664247562750
-1296.296296  -308.641975  0.00014950454036155597
-1296.296296  -185.185185  0.00015229538387308861
-1296.296296   -61.728395  0.00015391244565050860
-1296.296296    61.728395  0.00015391244565051584
-1296.296296   185.185185  0.00015229538387308823
-1296.296296   308.641975  0.00014950454036155694
-1296.296296   432.098765  0.00014580664247563276
-1296.296296   555.555556  0.00014165546506895166
-1296.296296   679.012346  0.00013750711039101546
-1296.296296   802.469136  0.00013375864528766343
-1296.296296   925.925926  0.00013048491275795618
-1296.296296  1049.382716  0.00012783819078148928
-1296.296296  1172.839506  0.00012562423046404866
-1296.296296  1296.296296  0.00012469172677685451
-1296.296296  1419.753086  0.00012332898439497569
-1296.296296  1543.209877  0.00012229390242525645
-1296.296296  1666.666667  0.00012134088953589151
-1296.296296  1790.123457  0.00012057288332891461
-1296.296296  1913.580247  0.00012001042513834663
-1296.296296  2037.037037  0.00011929204005001210
-1296.296296  2160.493827  0.00011898192448602311
-1296.296296  2283.950617  0.00011840635262599736
-1296.296296  2407.407407  0.00011888941664502764
-1296.296296  2530.864198  0.00011771755200243971
-1296.296296  2654.320988  0.00011825916067268594
-1296.296296  2777.777778  0.00011816492153441703
-1296.296296  2901.234568  0.00011786284443802388
-1296.296296  3024.691358  0.00011780024937520144
-1296.296296  3148.148148  0.00011775366463659391
-1296.296296  3271.604938  0.00011739661410938245
-1296.296296  3395.061728  0.00011757500976492419
-1296.296296  3518.518519  0.00011741261753941261
-1296.296296  3641.975309  0.00011782416644602080
-1296.296296  3765.432099  0.00011678014959569274
-1296.296296  3888.888889  0.00011865049944388424
-1296.296296  4012.345679  0.00011588876901286609
-1296.296296  4135.802469  0.00011647989172762632
-1296.296296  4259.259259  0.00011936247807211240
-1296.296296  4382.716049  0.00011727312393036823
-1296.296296  4506.172840  0.00011357729992438596
-1296.296296  4629.629630  0.00011780788669380852
-1296.296296  4753.086420  0.00011776268766293239
-1296.296296  4876.543210  0.00012416154488126881

-1172.839506 -5000.000000  0.00002870115745986406
-1172.839506 -4876.543210  0.00012558703491455638
-1172.839506 -4753.086420  0.00011916504815398190
-1172.839506 -4629.629630  0.00011929515942995439
-1172.839506 -4506.172840  0.00011496115613107165
-1172.839506 -4382.716049  0.00011863092559689911
-1172.839506 -4259.259259  0.00012074401469998772
-1172.839506 -4135.802469  0.00011788287947149572
-1172.839506 -4012.345679  0.00011731071598861757
-1172.839506 -3888.888889  0.00012006050494170642
-1172.839506 -3765.432099  0.00011824371630189699
-1172.839506 -3641.975309  0.00011918892710164477
-1172.839506 -3518.518519  0.00011884194674773934
-1172.839506 -3395.061728  0.00011899616578728349
-1172.839506 -3271.604938  0.00011875217763685864
-1172.839506 -3148.148148  0.00011910583657973544
-1172.839506 -3024.691358  0.00011923841275159992
-1172.839506 -2901.234568  0.00011939149950791865
-1172.839506 -2777.777778  0.00011963457694203905
-1172.839506 -2654.320988  0.00011959402430582804
-1172.839506 -2530.864198  0.00011941005434986000
-1172.839506 -2407.407407  0.00012162251562595436
-1172.839506 -2283.950617  0.00012101491008135652
-1172.839506 -2160.493827  0.00012140074808152610
-1172.839506 -2037.037037  0.00012198705145911897
-1172.839506 -1913.580247  0.00012293792719968532
-1172.839506 -1790.123457  0.00012347317536798408
-1172.839506 -1666.666667  0.00012415000347790967
-1172.839506 -1543.209877  0.00012536789141582173
-1172.839506 -1419.753086  0.00012727943175106236
-1172.839506 -1296.296296  0.00012767373304547580
-1172.839506 -1172.839506  0.00013185779839664733
-1172.839506 -1049.382716  0.00013354675962499006
-1172.839506  -925.925926  0.00013801020414252999
-1172.839506  -802.469136  0.00014244705515722647
-1172.839506  -679.012346  0.00014809379025454929
-1172.839506  -555.555556  0.00015422506625950994
-1172.839506  -432.098765  0.00016096605044235430
-1172.839506  -308.641975  0.00016723417808676879
-1172.839506  -185.185185  0.00017170640379891630
-1172.839506   -61.728395  0.00017425702823781485
-1172.839506    61.728395  0.00017425702823781566
-1172.839506   185.185185  0.00017170640379891413
-1172.839506   308.641975  0.00016723417808677183
-1172.839506   432.098765  0.00016096605044236062
-1172.839506   555.555556  0.00015422506625951425
-1172.839506   679.012346  0.00014809379025455539
-1172.839506   802.469136  0.00014244705515722658
-1172.839506   925.925926  0.00013801020414253159
-1172.839506  1049.382716  0.00013354675962499565
-1172.839506  1172.839506  0.00013185779839664235
-1172.839506  1296.296296  0.00012767373304548894
-1172.839506  1419.753086  0.00012727943175108050
-1172.839506  1543.209877  0.00012536789141583295
-1172.839506  1666.666667  0.00012415000347792103
-1172.839506  1790.123457  0.00012347317536799199
-1172.839506  1913.580247  0.00012293792719969825
-1172.839506  2037.037037  0.00012198705145912763
-1172.839506  2160.493827  0.00012140074808152916
-1172.839506  2283.950617  0.00012101491008136123
-1172.839506  2407.407407  0.00012162251562596080
-1172.839506  2530.864198  0.00011941005434987220
-1172.839506  2654.320988  0.00011959402430583312
-1172.839506  2777.777778  0.00011963457694204619
-1172.839506  2901.234568  0.00011939149950793117
-1172.839506  3024.691358  0.00011923841275161082
-1172.839506  3148.148148  0.00011910583657974964
-1172.839506  3271.604938  0.00011875217763687224
-1172.839506  3395.061728  0.00011899616578729037
-1172.839506  3518.518519  0.00011884194674774258
-1172.839506  3641.975309  0.00011918892710163842
-1172.839506  3765.432099  0.00011824371630189669
-1172.839506  3888.888889  0.00012006050494172041
-1172.839506  4012.345679  0.00011731071598862862
-1172.839506  4135.802469  0.00011788287947150912
-1172.839506  4259.259259  0.00012074401469999836
-1172.839506  4382.716049  0.00011863092559690131
-1172.839506  4506.172840  0.00011496115613106363
-1172.839506  4629.629630  0.00011929515942993978
-1172.839506  4753.086420  0.00011916504815396977
-1172.839506  4876.543210  0.00012558703491457804

-1049.382716 -5000.000000  0.00002931206711223570
-1049.382716 -4876.543210  0.00012837257708394223
-1049.382716 -4753.086420  0.00012177582252024808
-1049.382716 -4629.629630  0.00012188583250807668
-1049.382716 -4506.172840  0.00011746962948458406
-1049.382716 -4382.716049  0.00012123839782429508
-1049.382716 -4259.259259  0.00012340092057111493
-1049.382716 -4135.802469  0.00012046574667656391
-1049.382716 -4012.345679  0.00011987544525459322
-1049.382716 -3888.888889  0.00012269457271727547
-1049.382716 -3765.432099  0.00012082062504864106
-1049.382716 -3641.975309  0.00012182768650920373
-1049.382716 -3518.518519  0.00012145666891581510
-1049.382716 -3395.061728  0.00012162231521381532
-1049.382716 -3271.604938  0.00012139653281715781
-1049.382716 -3148.148148  0.00012176887361978996
-1049.382716 -3024.691358  0.00012189372898963371
-1049.382716 -2901.234568  0.00012204430615147120
-1049.382716 -2777.777778  0.00012231953969537915
-1049.382716 -2654.320988  0.00012232180203572302
-1049.382716 -2530.864198  0.00012202367834134096
-1049.382716 -2407.407407  0.00012389349532498470
-1049.382716 -2283.950617  0.00012331273659725518
-1049.382716 -2160.493827  0.00012377791592993348
-1049.382716 -2037.037037  0.00012441820960955701
-1049.382716 -1913.580247  0.00012542771526366324
-1049.382716 -1790.123457  0.00012607794483508023
-1049.382716 -1666.666667  0.00012691764896789642
-1049.382716 -1543.209877  0.00012834111212518855
-1049.382716 -1419.753086  0.00013045162318716500
-1049.382716 -1296.296296  0.00013130863369703423
-1049.382716 -1172.839506  0.00013485781105636766
-1049.382716 -1049.382716  0.00013747899115589820
-1049.382716  -925.925926  0.00014297964601144716
-1049.382716  -802.469136  0.00014911713973158580
-1049.382716  -679.012346  0.00015708391382831280
-1049.382716  -555.555556  0.00016635078387492708
-1049.382716  -432.098765  0.00017669988138071835
-1049.382716  -308.641975  0.00018652007054971014
-1049.382716  -185.185185  0.00019381236385077611
-1049.382716   -61.728395  0.00019789515558140417
-1049.382716    61.728395  0.00019789515558140487
-1049.382716   185.185185  0.00019381236385077264
-1049.382716   308.641975  0.00018652007054970946
-1049.382716   432.098765  0.00017669988138071846
-1049.382716   555.555556  0.00016635078387492832
-1049.382716   679.012346  0.00015708391382832017
-1049.382716   802.469136  0.00014911713973158507
-1049.382716   925.925926  0.00014297964601144949
-1049.382716  1049.382716  0.00013747899115590397
-1049.382716  1172.839506  0.00013485781105636402
-1049.382716  1296.296296  0.00013130863369704705
-1049.382716  1419.753086  0.00013045162318718240
-1049.382716  1543.209877  0.00012834111212520116
-1049.382716  1666.666667  0.00012691764896790851
-1049.382716  1790.123457  0.00012607794483508904
-1049.382716  1913.580247  0.00012542771526367625
-1049.382716  2037.037037  0.00012441820960956302
-1049.382716  2160.493827  0.00012377791592993613
-1049.382716  2283.950617  0.00012331273659725879
-1049.382716  2407.407407  0.00012389349532499020
-1049.382716  2530.864198  0.00012202367834135208
-1049.382716  2654.320988  0.00012232180203572724
-1049.382716  2777.777778  0.00012231953969538730
-1049.382716  2901.234568  0.00012204430615148463
-1049.382716  3024.691358  0.00012189372898964519
-1049.382716  3148.148148  0.00012176887361980476
-1049.382716  3271.604938  0.00012139653281716887
-1049.382716  3395.061728  0.00012162231521382170
-1049.382716  3518.518519  0.00012145666891581770
-1049.382716  3641.975309  0.00012182768650919821
-1049.382716  3765.432099  0.00012082062504864251
-1049.382716  3888.888889  0.00012269457271729011
-1049.382716  4012.345679  0.00011987544525460318
-1049.382716  4135.802469  0.00012046574667657650
-1049.382716  4259.259259  0.00012340092057112477
-1049.382716  4382.716049  0.00012123839782429698
-1049.382716  4506.172840  0.00011746962948457704
-1049.382716  4629.629630  0.00012188583250806120
-1049.382716  4753.086420  0.00012177582252023629
-1049.382716  4876.543210  0.00012837257708396351

 -925.925926 -5000.000000  0.00002975798943477971
 -925.925926 -4876.543210  0.00013042344050683113
 -925.925926 -4753.086420  0.00012371240761277209
 -925.925926 -4629.629630  0.00012380440896962795
 -925.925926 -4506.172840  0.00011932469374363576
 -925.925926 -4382.716049  0.00012316118826838617
 -925.925926 -4259.259259  0.00012535876105823493
 -925.925926 -4135.802469  0.00012237245465984754
 -925.925926 -4012.345679  0.00012177026511645926
 -925.925926 -3888.888889  0.00012464235580119355
 -925.925926 -3765.432099  0.00012272879720855973
 -925.925926 -3641.975309  0.00012375070004795781
 -925.925926 -3518.518519  0.00012337177798461344
 -925.925926 -3395.061728  0.00012354317603916807
 -925.925926 -3271.604938  0.00012332386856425871
 -925.925926 -3148.148148  0.00012371168791854156
 -925.925926 -3024.691358  0.00012384433704094617
 -925.925926 -2901.234568  0.00012400103627855516
 -925.925926 -2777.777778  0.00012429777231132104
 -925.925926 -2654.320988  0.00012431796370318679
 -925.925926 -2530.864198  0.00012400437298616847
 -925.925926 -2407.407407  0.00012601924384043680
 -925.925926 -2283.950617  0.00012541377330720741
 -925.925926 -2160.493827  0.00012594299874814846
 -925.925926 -2037.037037  0.00012665242608830246
 -925.925926 -1913.580247  0.00012776095634998345
 -925.925926 -1790.123457  0.00012849951030524133
 -925.925926 -1666.666667  0.00012947652300756963
 -925.925926 -1543.209877  0.00013111111576010780
 -925.925926 -1419.753086  0.00013356124269795050
 -925.925926 -1296.296296  0.00013472264803025911
 -925.925926 -1172.839506  0.00013971963040983955
 -925.925926 -1049.382716  0.00014311136514877490
 -925.925926  -925.925926  0.00015006306719210174
 -925.925926  -802.469136  0.00015818841037162503
 -925.925926  -679.012346  0.00016919333447486010
 -925.925926  -555.555556  0.00018254313374094604
 -925.925926  -432.098765  0.00019786880558614954
 -925.925926  -308.641975  0.00021277127987463852
 -925.925926  -185.185185  0.00022414268951283426
 -925.925926   -61.728395  0.00023048079946847574
 -925.925926    61.728395  0.00023048079946847623
 -925.925926   185.185185  0.00022414268951283055
 -925.925926   308.641975  0.00021277127987463619
 -925.925926   432.098765  0.00019786880558614732
 -925.925926   555.555556  0.00018254313374094461
 -925.925926   679.012346  0.00016919333447486530
 -925.925926   802.469136  0.00015818841037162413
 -925.925926   925.925926  0.00015006306719210320
 -925.925926  1049.382716  0.00014311136514877769
 -925.925926  1172.839506  0.00013971963040983369
 -925.925926  1296.296296  0.00013472264803027052
 -925.925926  1419.753086  0.00013356124269796622
 -925.925926  1543.209877  0.00013111111576012102
 -925.925926  1666.666667  0.00012947652300758332
 -925.925926  1790.123457  0.00012849951030524976
 -925.925926  1913.580247  0.00012776095634999430
 -925.925926  2037.037037  0.00012665242608830715
 -925.925926  2160.493827  0.00012594299874814897
 -925.925926  2283.950617  0.00012541377330721145
 -925.925926  2407.407407  0.00012601924384044320
 -925.925926  2530.864198  0.00012400437298617982
 -925.925926  2654.320988  0.00012431796370319180
 -925.925926  2777.777778  0.00012429777231132833
 -925.925926  2901.234568  0.00012400103627856733
 -925.925926  3024.691358  0.00012384433704095638
 -925.925926  3148.148148  0.00012371168791855497
 -925.925926  3271.604938  0.00012332386856427104
 -925.925926  3395.061728  0.00012354317603917387
 -925.925926  3518.518519  0.00012337177798461520
 -925.925926  3641.975309  0.00012375070004795195
 -925.925926  3765.432099  0.00012272879720856160
 -925.925926  3888.888889  0.00012464235580120789
 -925.925926  4012.345679  0.00012177026511646736
 -925.925926  4135.802469  0.00012237245465985855
 -925.925926  4259.259259  0.00012535876105824467
 -925.925926  4382.716049  0.00012316118826838902
 -925.925926  4506.172840  0.00011932469374362939
 -925.925926  4629.629630  0.00012380440896961277
 -925.925926  4753.086420  0.00012371240761275968
 -925.925926  4876.543210  0.00013042344050685282

 -802.469136 -5000.000000  0.00003021199471261357
 -802.469136 -4876.543210  0.00013269352718085531
 -802.469136 -4753.086420  0.00012585996535265798
 -802.469136 -4629.629630  0.00012591563653043599
 -802.469136 -4506.172840  0.00012137490528036121
 -802.469136 -4382.716049  0.00012529325314248512
 -802.469136 -4259.259259  0.00012752708647162974
 -802.469136 -4135.802469  0.00012447668576107528
 -802.469136 -4012.345679  0.00012386015041951649
 -802.469136 -3888.888889  0.00012679964260437732
 -802.469136 -3765.432099  0.00012483019510225999
 -802.469136 -3641.975309  0.00012590180859304900
 -802.469136 -3518.518519  0.00012549645794835315
 -802.469136 -3395.061728  0.00012567479788815793
 -802.469136 -3271.604938  0.00012547377230351481
 -802.469136 -3148.148148  0.00012587996810103200
 -802.469136 -3024.691358  0.00012600652639422493
 -802.469136 -2901.234568  0.00012616073067664110
 -802.469136 -2777.777778  0.00012649617277198542
 -802.469136 -2654.320988  0.00012655597676188056
 -802.469136 -2530.864198  0.00012609927000045785
 -802.469136 -2407.407407  0.00012787507542160102
 -802.469136 -2283.950617  0.00012724367028670700
 -802.469136 -2160.493827  0.00012786546488857399
 -802.469136 -2037.037037  0.00012863161539766684
 -802.469136 -1913.580247  0.00012981166835310238
 -802.469136 -1790.123457  0.00013065006670424811
 -802.469136 -1666.666667  0.00013178768383216401
 -802.469136 -1543.209877  0.00013363568407799765
 -802.469136 -1419.753086  0.00013634360871152089
 -802.469136 -1296.296296  0.00013793151773047976
 -802.469136 -1172.839506  0.00014336508220244738
 -802.469136 -1049.382716  0.00014771482177198788
 -802.469136  -925.925926  0.00015604808199253705
 -802.469136  -802.469136  0.00016630684021301032
 -802.469136  -679.012346  0.00018055646881908938
 -802.469136  -555.555556  0.00019850551669401385
 -802.469136  -432.098765  0.00021956370726184779
 -802.469136  -308.641975  0.00024048640002605998
 -802.469136  -185.185185  0.00025685786449628335
 -802.469136   -61.728395  0.00026600936329618675
 -802.469136    61.728395  0.00026600936329618724
 -802.469136   185.185185  0.00025685786449627896
 -802.469136   308.641975  0.00024048640002605787
 -802.469136   432.098765  0.00021956370726184589
 -802.469136   555.555556  0.00019850551669401261
 -802.469136   679.012346  0.00018055646881909610
 -802.469136   802.469136  0.00016630684021300959
 -802.469136   925.925926  0.00015604808199253892
 -802.469136  1049.382716  0.00014771482177199143
 -802.469136  1172.839506  0.00014336508220244112
 -802.469136  1296.296296  0.00013793151773049050
 -802.469136  1419.753086  0.00013634360871153756
 -802.469136  1543.209877  0.00013363568407800976
 -802.469136  1666.666667  0.00013178768383217626
 -802.469136  1790.123457  0.00013065006670425687
 -802.469136  1913.580247  0.00012981166835311238
 -802.469136  2037.037037  0.00012863161539767258
 -802.469136  2160.493827  0.00012786546488857583
 -802.469136  2283.950617  0.00012724367028671109
 -802.469136  2407.407407  0.00012787507542160828
 -802.469136  2530.864198  0.00012609927000046682
 -802.469136  2654.320988  0.00012655597676188411
 -802.469136  2777.777778  0.00012649617277199143
 -802.469136  2901.234568  0.00012616073067665273
 -802.469136  3024.691358  0.00012600652639423431
 -802.469136  3148.148148  0.00012587996810104626
 -802.469136  3271.604938  0.00012547377230352763
 -802.469136  3395.061728  0.00012567479788816460
 -802.469136  3518.518519  0.00012549645794835494
 -802.469136  3641.975309  0.00012590180859304271
 -802.469136  3765.432099  0.00012483019510226042
 -802.469136  3888.888889  0.00012679964260439074
 -802.469136  4012.345679  0.00012386015041952446
 -802.469136  4135.802469  0.00012447668576108593
 -802.469136  4259.259259  0.00012752708647163928
 -802.469136  4382.716049  0.00012529325314248775
 -802.469136  4506.172840  0.00012137490528035417
 -802.469136  4629.629630  0.00012591563653042067
 -802.469136  4753.086420  0.00012585996535264393
 -802.469136  4876.543210  0.00013269352718087629

 -679.012346 -5000.000000  0.00003058010206315907
 -679.012346 -4876.543210  0.00013464742376361093
 -679.012346 -4753.086420  0.00012769429986391815
 -679.012346 -4629.629630  0.00012769941448517589
 -679.012346 -4506.172840  0.00012312051890898872
 -679.012346 -4382.716049  0.00012712265439208592
 -679.012346 -4259.259259  0.00012938808172664314
 -679.012346 -4135.802469  0.00012627317757472236
 -679.012346 -4012.345679  0.00012563763040416830
 -679.012346 -3888.888889  0.00012864249634845395
 -679.012346 -3765.432099  0.00012661180289528175
 -679.012346 -3641.975309  0.00012773618266385974
 -679.012346 -3518.518519  0.00012730269264717885
 -679.012346 -3395.061728  0.00012749017680857769
 -679.012346 -3271.604938  0.00012731452271728960
 -679.012346 -3148.148148  0.00012773866177904361
 -679.012346 -3024.691358  0.00012785009840226631
 -679.012346 -2901.234568  0.00012799004604887641
 -679.012346 -2777.777778  0.00012836612414093943
 -679.012346 -2654.320988  0.00012848285286524031
 -679.012346 -2530.864198  0.00012788836935362643
 -679.012346 -2407.407407  0.00012947288802524454
 -679.012346 -2283.950617  0.00012880838695583486
 -679.012346 -2160.493827  0.00012953659239204357
 -679.012346 -2037.037037  0.00013036386784028974
 -679.012346 -1913.580247  0.00013160839913329775
 -679.012346 -1790.123457  0.00013251932433956285
 -679.012346 -1666.666667  0.00013379969711930544
 -679.012346 -1543.209877  0.00013586522393669898
 -679.012346 -1419.753086  0.00013885698407878474
 -679.012346 -1296.296296  0.00014076225673557776
 -679.012346 -1172.839506  0.00014687345046738353
 -679.012346 -1049.382716  0.00015205807645178501
 -679.012346  -925.925926  0.00016178587402596243
 -679.012346  -802.469136  0.00017409077559226284
 -679.012346  -679.012346  0.00019150878729991123
 -679.012346  -555.555556  0.00021398560289328023
 -679.012346  -432.098765  0.00024083301849121472
 -679.012346  -308.641975  0.00026798297017599558
 -679.012346  -185.185185  0.00028962226942664111
 -679.012346   -61.728395  0.00030178542821210439
 -679.012346    61.728395  0.00030178542821210504
 -679.012346   185.185185  0.00028962226942663385
 -679.012346   308.641975  0.00026798297017599374
 -679.012346   432.098765  0.00024083301849121515
 -679.012346   555.555556  0.00021398560289328180
 -679.012346   679.012346  0.00019150878729991600
 -679.012346   802.469136  0.00017409077559226097
 -679.012346   925.925926  0.00016178587402596389
 -679.012346  1049.382716  0.00015205807645178818
 -679.012346  1172.839506  0.00014687345046737686
 -679.012346  1296.296296  0.00014076225673558852
 -679.012346  1419.753086  0.00013885698407879688
 -679.012346  1543.209877  0.00013586522393670562
 -679.012346  1666.666667  0.00013379969711931283
 -679.012346  1790.123457  0.00013251932433956638
 -679.012346  1913.580247  0.00013160839913330824
 -679.012346  2037.037037  0.00013036386784029451
 -679.012346  2160.493827  0.00012953659239204563
 -679.012346  2283.950617  0.00012880838695583939
 -679.012346  2407.407407  0.00012947288802525164
 -679.012346  2530.864198  0.00012788836935363689
 -679.012346  2654.320988  0.00012848285286524514
 -679.012346  2777.777778  0.00012836612414094504
 -679.012346  2901.234568  0.00012799004604888823
 -679.012346  3024.691358  0.00012785009840227628
 -679.012346  3148.148148  0.00012773866177905613
 -679.012346  3271.604938  0.00012731452271730199
 -679.012346  3395.061728  0.00012749017680858306
 -679.012346  3518.518519  0.00012730269264717988
 -679.012346  3641.975309  0.00012773618266385278
 -679.012346  3765.432099  0.00012661180289528064
 -679.012346  3888.888889  0.00012864249634846791
 -679.012346  4012.345679  0.00012563763040417841
 -679.012346  4135.802469  0.00012627317757473447
 -679.012346  4259.259259  0.00012938808172665303
 -679.012346  4382.716049  0.00012712265439208720
 -679.012346  4506.172840  0.00012312051890898054
 -679.012346  4629.629630  0.00012769941448515887
 -679.012346  4753.086420  0.00012769429986390451
 -679.012346  4876.543210  0.00013464742376363367

 -555.555556 -5000.000000  0.00003089772626861532
 -555.555556 -4876.543210  0.00013610687769623138
 -555.555556 -4753.086420  0.00012906475672118200
 -555.555556 -4629.629630  0.00012905750172980367
 -555.555556 -4506.172840  0.00012443527128798348
 -555.555556 -4382.716049  0.00012848863172599991
 -555.555556 -4259.259259  0.00013077974784520325
 -555.555556 -4135.802469  0.00012762660604833458
 -555.555556 -4012.345679  0.00012698194936938949
 -555.555556 -3888.888889  0.00013002425513515542
 -555.555556 -3765.432099  0.00012796387718206424
 -555.555556 -3641.975309  0.00012911504400834982
 -555.555556 -3518.518519  0.00012867112856219134
 -555.555556 -3395.061728  0.00012886472713962853
 -555.555556 -3271.604938  0.00012869836852320561
 -555.555556 -3148.148148  0.00012913402934650029
 -555.555556 -3024.691358  0.00012924557295736935
 -555.555556 -2901.234568  0.00012938752609270446
 -555.555556 -2777.777778  0.00012978316281166615
 -555.555556 -2654.320988  0.00012992341335198935
 -555.555556 -2530.864198  0.00012928569109386872
 -555.555556 -2407.407407  0.00013077723957712948
 -555.555556 -2283.950617  0.00013012218017051806
 -555.555556 -2160.493827  0.00013090819472545240
 -555.555556 -2037.037037  0.00013178755800412207
 -555.555556 -1913.580247  0.00013309612121551023
 -555.555556 -1790.123457  0.00013409414079354077
 -555.555556 -1666.666667  0.00013550111811929560
 -555.555556 -1543.209877  0.00013774396254009728
 -555.555556 -1419.753086  0.00014096812977996184
 -555.555556 -1296.296296  0.00014323349725149759
 -555.555556 -1172.839506  0.00014961733002418425
 -555.555556 -1049.382716  0.00015561725400263431
 -555.555556  -925.925926  0.00016651678959392119
 -555.555556  -802.469136  0.00018062245274848044
 -555.555556  -679.012346  0.00020078320035253716
 -555.555556  -555.555556  0.00022722174150527374
 -555.555556  -432.098765  0.00025915658104442527
 -555.555556  -308.641975  0.00029185826130301480
 -555.555556  -185.185185  0.00031830419320097973
 -555.555556   -61.728395  0.00033326842709734909
 -555.555556    61.728395  0.00033326842709735733
 -555.555556   185.185185  0.00031830419320098526
 -555.555556   308.641975  0.00029185826130302125
 -555.555556   432.098765  0.00025915658104442988
 -555.555556   555.555556  0.00022722174150527726
 -555.555556   679.012346  0.00020078320035255096
 -555.555556   802.469136  0.00018062245274848540
 -555.555556   925.925926  0.00016651678959392617
 -555.555556  1049.382716  0.00015561725400263938
 -555.555556  1172.839506  0.00014961733002417945
 -555.555556  1296.296296  0.00014323349725150344
 -555.555556  1419.753086  0.00014096812977997111
 -555.555556  1543.209877  0.00013774396254009991
 -555.555556  1666.666667  0.00013550111811929917
 -555.555556  1790.123457  0.00013409414079354083
 -555.555556  1913.580247  0.00013309612121551999
 -555.555556  2037.037037  0.00013178755800412770
 -555.555556  2160.493827  0.00013090819472545568
 -555.555556  2283.950617  0.00013012218017052321
 -555.555556  2407.407407  0.00013077723957713539
 -555.555556  2530.864198  0.00012928569109388013
 -555.555556  2654.320988  0.00012992341335199404
 -555.555556  2777.777778  0.00012978316281167242
 -555.555556  2901.234568  0.00012938752609271715
 -555.555556  3024.691358  0.00012924557295737981
 -555.555556  3148.148148  0.00012913402934651332
 -555.555556  3271.604938  0.00012869836852321607
 -555.555556  3395.061728  0.00012886472713963292
 -555.555556  3518.518519  0.00012867112856219126
 -555.555556  3641.975309  0.00012911504400834215
 -555.555556  3765.432099  0.00012796387718206199
 -555.555556  3888.888889  0.00013002425513517006
 -555.555556  4012.345679  0.00012698194936939820
 -555.555556  4135.802469  0.00012762660604834558
 -555.555556  4259.259259  0.00013077974784521287
 -555.555556  4382.716049  0.00012848863172600108
 -555.555556  4506.172840  0.00012443527128797578
 -555.555556  4629.629630  0.00012905750172978746
 -555.555556  4753.086420  0.00012906475672116934
 -555.555556  4876.543210  0.00013610687769625551

 -432.098765 -5000.000000  0.00003111619679949213
 -432.098765 -4876.543210  0.00013674548550744143
 -432.098765 -4753.086420  0.00012965751660751394
 -432.098765 -4629.629630  0.00012968565508527041
 -432.098765 -4506.172840  0.00012502189183935812
 -432.098765 -4382.716049  0.00012908133733047417
 -432.098765 -4259.259259  0.00013138846503605737
 -432.098765 -4135.802469  0.00012823458231191474
 -432.098765 -4012.345679  0.00012759195274405182
 -432.098765 -3888.888889  0.00013063103287818298
 -432.098765 -3765.432099  0.00012858452284400906
 -432.098765 -3641.975309  0.00012971224840231495
 -432.098765 -3518.518519  0.00012928868930612599
 -432.098765 -3395.061728  0.00012948474123450208
 -432.098765 -3271.604938  0.00012930430122206577
 -432.098765 -3148.148148  0.00012974212821216207
 -432.098765 -3024.691358  0.00012987650503615947
 -432.098765 -2901.234568  0.00013004009240829339
 -432.098765 -2777.777778  0.00013042140284880971
 -432.098765 -2654.320988  0.00013053932055626986
 -432.098765 -2530.864198  0.00013004565447415959
 -432.098765 -2407.407407  0.00013179591938585112
 -432.098765 -2283.950617  0.00013119215017068814
 -432.098765 -2160.493827  0.00013197056039097847
 -432.098765 -2037.037037  0.00013289970976075903
 -432.098765 -1913.580247  0.00013428415257303320
 -432.098765 -1790.123457  0.00013536717485200609
 -432.098765 -1666.666667  0.00013686163259483944
 -432.098765 -1543.209877  0.00013923550357757670
 -432.098765 -1419.753086  0.00014269020822513205
 -432.098765 -1296.296296  0.00014524730197491346
 -432.098765 -1172.839506  0.00015216451709107578
 -432.098765 -1049.382716  0.00015880652960832288
 -432.098765  -925.925926  0.00017069399738983270
 -432.098765  -802.469136  0.00018624750317156066
 -432.098765  -679.012346  0.00020861235119640261
 -432.098765  -555.555556  0.00023818243925804796
 -432.098765  -432.098765  0.00027414819718690373
 -432.098765  -308.641975  0.00031128150590071157
 -432.098765  -185.185185  0.00034160752697638203
 -432.098765   -61.728395  0.00035887122645229363
 -432.098765    61.728395  0.00035887122645230377
 -432.098765   185.185185  0.00034160752697638637
 -432.098765   308.641975  0.00031128150590072149
 -432.098765   432.098765  0.00027414819718691452
 -432.098765   555.555556  0.00023818243925805233
 -432.098765   679.012346  0.00020861235119641388
 -432.098765   802.469136  0.00018624750317156386
 -432.098765   925.925926  0.00017069399738983530
 -432.098765  1049.382716  0.00015880652960832526
 -432.098765  1172.839506  0.00015216451709106703
 -432.098765  1296.296296  0.00014524730197491517
 -432.098765  1419.753086  0.00014269020822513598
 -432.098765  1543.209877  0.00013923550357757653
 -432.098765  1666.666667  0.00013686163259483982
 -432.098765  1790.123457  0.00013536717485200314
 -432.098765  1913.580247  0.00013428415257304066
 -432.098765  2037.037037  0.00013289970976076255
 -432.098765  2160.493827  0.00013197056039097825
 -432.098765  2283.950617  0.00013119215017068838
 -432.098765  2407.407407  0.00013179591938585335
 -432.098765  2530.864198  0.00013004565447416743
 -432.098765  2654.320988  0.00013053932055627314
 -432.098765  2777.777778  0.00013042140284881242
 -432.098765  2901.234568  0.00013004009240830499
 -432.098765  3024.691358  0.00012987650503616812
 -432.098765  3148.148148  0.00012974212821217524
 -432.098765  3271.604938  0.00012930430122207556
 -432.098765  3395.061728  0.00012948474123450368
 -432.098765  3518.518519  0.00012928868930612501
 -432.098765  3641.975309  0.00012971224840230665
 -432.098765  3765.432099  0.00012858452284400805
 -432.098765  3888.888889  0.00013063103287819840
 -432.098765  4012.345679  0.00012759195274406041
 -432.098765  4135.802469  0.00012823458231192597
 -432.098765  4259.259259  0.00013138846503606637
 -432.098765  4382.716049  0.00012908133733047645
 -432.098765  4506.172840  0.00012502189183935007
 -432.098765  4629.629630  0.00012968565508525339
 -432.098765  4753.086420  0.00012965751660749992
 -432.098765  4876.543210  0.00013674548550746609

 -308.641975 -5000.000000  0.00003125889181826213
 -308.641975 -4876.543210  0.00013683252603432760
 -308.641975 -4753.086420  0.00012972473612254837
 -308.641975 -4629.629630  0.00012981505438617580
 -308.641975 -4506.172840  0.00012511490854161703
 -308.641975 -4382.716049  0.00012915376006586906
 -308.641975 -4259.259259  0.00013147028208951718
 -308.641975 -4135.802469  0.00012833802127482265
 -308.641975 -4012.345679  0.00012770342464358679
 -308.641975 -3888.888889  0.00013071424568028136
 -308.641975 -3765.432099  0.00012870690322966020
 -308.641975 -3641.975309  0.00012978418619970244
 -308.641975 -3518.518519  0.00012939831179766502
 -308.641975 -3395.061728  0.00012959496444381883
 -308.641975 -3271.604938  0.00012938761861500743
 -308.641975 -3148.148148  0.00012982131026648515
 -308.641975 -3024.691358  0.00012998930595565600
 -308.641975 -2901.234568  0.00013018366044351473
 -308.641975 -2777.777778  0.00013053005281752955
 -308.641975 -2654.320988  0.00013060105604674460
 -308.641975 -2530.864198  0.00013035840955124956
 -308.641975 -2407.407407  0.00013252851969208413
 -308.641975 -2283.950617  0.00013200314551361586
 -308.641975 -2160.493827  0.00013273530852793568
 -308.641975 -2037.037037  0.00013370684473626074
 -308.641975 -1913.580247  0.00013516243534697072
 -308.641975 -1790.123457  0.00013632095407900590
 -308.641975 -1666.666667  0.00013787108198088415
 -308.641975 -1543.209877  0.00014033482123587340
 -308.641975 -1419.753086  0.00014398853711679717
 -308.641975 -1296.296296  0.00014676853628334827
 -308.641975 -1172.839506  0.00015419881382425137
 -308.641975 -1049.382716  0.00016131344647849508
 -308.641975  -925.925926  0.00017394874321436342
 -308.641975  -802.469136  0.00019056383624229333
 -308.641975  -679.012346  0.00021453428004988918
 -308.641975  -555.555556  0.00024635244479539672
 -308.641975  -432.098765  0.00028520499795807723
 -308.641975  -308.641975  0.00032551599372673395
 -308.641975  -185.185185  0.00035863410740879858
 -308.641975   -61.728395  0.00037756032163455708
 -308.641975    61.728395  0.00037756032163457172
 -308.641975   185.185185  0.00035863410740881078
 -308.641975   308.641975  0.00032551599372675064
 -308.641975   432.098765  0.00028520499795809052
 -308.641975   555.555556  0.00024635244479540664
 -308.641975   679.012346  0.00021453428004990232
 -308.641975   802.469136  0.00019056383624229377
 -308.641975   925.925926  0.00017394874321436339
 -308.641975  1049.382716  0.00016131344647849624
 -308.641975  1172.839506  0.00015419881382424091
 -308.641975  1296.296296  0.00014676853628334846
 -308.641975  1419.753086  0.00014398853711680034
 -308.641975  1543.209877  0.00014033482123587207
 -308.641975  1666.666667  0.00013787108198088345
 -308.641975  1790.123457  0.00013632095407900273
 -308.641975  1913.580247  0.00013516243534697554
 -308.641975  2037.037037  0.00013370684473626253
 -308.641975  2160.493827  0.00013273530852793306
 -308.641975  2283.950617  0.00013200314551361350
 -308.641975  2407.407407  0.00013252851969208508
 -308.641975  2530.864198  0.00013035840955125572
 -308.641975  2654.320988  0.00013060105604674433
 -308.641975  2777.777778  0.00013053005281753104
 -308.641975  2901.234568  0.00013018366044352482
 -308.641975  3024.691358  0.00012998930595566435
 -308.641975  3148.148148  0.00012982131026649665
 -308.641975  3271.604938  0.00012938761861501524
 -308.641975  3395.061728  0.00012959496444381845
 -308.641975  3518.518519  0.00012939831179766199
 -308.641975  3641.975309  0.00012978418619969293
 -308.641975  3765.432099  0.00012870690322965833
 -308.641975  3888.888889  0.00013071424568029166
 -308.641975  4012.345679  0.00012770342464359230
 -308.641975  4135.802469  0.00012833802127483086
 -308.641975  4259.259259  0.00013147028208952366
 -308.641975  4382.716049  0.00012915376006586814
 -308.641975  4506.172840  0.00012511490854160749
 -308.641975  4629.629630  0.00012981505438615764
 -308.641975  4753.086420  0.00012972473612253202
 -308.641975  4876.543210  0.00013683252603434749

 -185.185185 -5000.000000  0.00003136946089112069
 -185.185185 -4876.543210  0.00013703487147697713
 -185.185185 -4753.086420  0.00012989912334020553
 -185.185185 -4629.629630  0.00013001926750653005
 -185.185185 -4506.172840  0.00012529826393721345
 -185.185185 -4382.716049  0.00012933548901871418
 -185.185185 -4259.259259  0.00013166072343129810
 -185.185185 -4135.802469  0.00012853389968247775
 -185.185185 -4012.345679  0.00012790093160976160
 -185.185185 -3888.888889  0.00013090109713026225
 -185.185185 -3765.432099  0.00012890931591654823
 -185.185185 -3641.975309  0.00012996751936698907
 -185.185185 -3518.518519  0.00012959961768774835
 -185.185185 -3395.061728  0.00012979849686656756
 -185.185185 -3271.604938  0.00012957983655357327
 -185.185185 -3148.148148  0.00013001218454283464
 -185.185185 -3024.691358  0.00013019447624882004
 -185.185185 -2901.234568  0.00013040199875311492
 -185.185185 -2777.777778  0.00013073193247569215
 -185.185185 -2654.320988  0.00013078690685368116
 -185.185185 -2530.864198  0.00013067447979208768
 -185.185185 -2407.407407  0.00013300751332202552
 -185.185185 -2283.950617  0.00013253378484298287
 -185.185185 -2160.493827  0.00013325172364148755
 -185.185185 -2037.037037  0.00013424990122487944
 -185.185185 -1913.580247  0.00013574250925413995
 -185.185185 -1790.123457  0.00013694960448420695
 -185.185185 -1666.666667  0.00013854554958764024
 -185.185185 -1543.209877  0.00014108072621051156
 -185.185185 -1419.753086  0.00014485645121402777
 -185.185185 -1296.296296  0.00014779035770844321
 -185.185185 -1172.839506  0.00015528627632733146
 -185.185185 -1049.382716  0.00016272948183622854
 -185.185185  -925.925926  0.00017582818064581170
 -185.185185  -802.469136  0.00019312840200687241
 -185.185185  -679.012346  0.00021810952823785504
 -185.185185  -555.555556  0.00025136742095973442
 -185.185185  -432.098765  0.00029206706642363110
 -185.185185  -308.641975  0.00033440819332747329
 -185.185185  -185.185185  0.00036929522536663709
 -185.185185   -61.728395  0.00038922546946123669
 -185.185185    61.728395  0.00038922546946125165
 -185.185185   185.185185  0.00036929522536665086
 -185.185185   308.641975  0.00033440819332749243
 -185.185185   432.098765  0.00029206706642364455
 -185.185185   555.555556  0.00025136742095974445
 -185.185185   679.012346  0.00021810952823786645
 -185.185185   802.469136  0.00019312840200687070
 -185.185185   925.925926  0.00017582818064581146
 -185.185185  1049.382716  0.00016272948183622789
 -185.185185  1172.839506  0.00015528627632731918
 -185.185185  1296.296296  0.00014779035770844256
 -185.185185  1419.753086  0.00014485645121403105
 -185.185185  1543.209877  0.00014108072621050910
 -185.185185  1666.666667  0.00013854554958763943
 -185.185185  1790.123457  0.00013694960448420217
 -185.185185  1913.580247  0.00013574250925414607
 -185.185185  2037.037037  0.00013424990122488210
 -185.185185  2160.493827  0.00013325172364148579
 -185.185185  2283.950617  0.00013253378484298105
 -185.185185  2407.407407  0.00013300751332202484
 -185.185185  2530.864198  0.00013067447979209308
 -185.185185  2654.320988  0.00013078690685367606
 -185.185185  2777.777778  0.00013073193247569142
 -185.185185  2901.234568  0.00013040199875312370
 -185.185185  3024.691358  0.00013019447624882652
 -185.185185  3148.148148  0.00013001218454284364
 -185.185185  3271.604938  0.00012957983655357885
 -185.185185  3395.061728  0.00012979849686656678
 -185.185185  3518.518519  0.00012959961768774483
 -185.185185  3641.975309  0.00012996751936697619
 -185.185185  3765.432099  0.00012890931591654398
 -185.185185  3888.888889  0.00013090109713027163
 -185.185185  4012.345679  0.00012790093160976445
 -185.185185  4135.802469  0.00012853389968248461
 -185.185185  4259.259259  0.00013166072343130222
 -185.185185  4382.716049  0.00012933548901871165
 -185.185185  4506.172840  0.00012529826393720155
 -185.185185  4629.629630  0.00013001926750650861
 -185.185185  4753.086420  0.00012989912334018688
 -185.185185  4876.543210  0.00013703487147699372

  -61.728395 -5000.000000  0.00003147427367637944
  -61.728395 -4876.543210  0.00013823486030665354
  -61.728395 -4753.086420  0.00013104556973988094
  -61.728395 -4629.629630  0.00013107534078647424
  -61.728395 -4506.172840  0.00012636106296223654
  -61.728395 -4382.716049  0.00013046995749777378
  -61.728395 -4259.259259  0.00013280688122808789
  -61.728395 -4135.802469  0.00012961980662028514
  -61.728395 -4012.345679  0.00012896951169686825
  -61.728395 -3888.888889  0.00013203995693819920
  -61.728395 -3765.432099  0.00012997191467592983
  -61.728395 -3641.975309  0.00013111410790331968
  -61.728395 -3518.518519  0.00013068914856549633
  -61.728395 -3395.061728  0.00013089189579707067
  -61.728395 -3271.604938  0.00013071540433429366
  -61.728395 -3148.148148  0.00013116342441245364
  -61.728395 -3024.691358  0.00013130400364554052
  -61.728395 -2901.234568  0.00013147475308562231
  -61.728395 -2777.777778  0.00013186900951678618
  -61.728395 -2654.320988  0.00013200690163042570
  -61.728395 -2530.864198  0.00013154285850664290
  -61.728395 -2407.407407  0.00013336212921928508
  -61.728395 -2283.950617  0.00013279618283542087
  -61.728395 -2160.493827  0.00013362389542008647
  -61.728395 -2037.037037  0.00013462196328186481
  -61.728395 -1913.580247  0.00013610040952334769
  -61.728395 -1790.123457  0.00013730375950827029
  -61.728395 -1666.666667  0.00013896415952582988
  -61.728395 -1543.209877  0.00014157879612938817
  -61.728395 -1419.753086  0.00014537624361261162
  -61.728395 -1296.296296  0.00014836858317203837
  -61.728395 -1172.839506  0.00015590192406476254
  -61.728395 -1049.382716  0.00016350130413636199
  -61.728395  -925.925926  0.00017683256622841613
  -61.728395  -802.469136  0.00019448181043622311
  -61.728395  -679.012346  0.00021997721276055060
  -61.728395  -555.555556  0.00025398107323267380
  -61.728395  -432.098765  0.00029564885657919828
  -61.728395  -308.641975  0.00033904928821947808
  -61.728395  -185.185185  0.00037481205719091528
  -61.728395   -61.728395  0.00039507782859670798
  -61.728395    61.728395  0.00039507782859670430
  -61.728395   185.185185  0.00037481205719092005
  -61.728395   308.641975  0.00033904928821949342
  -61.728395   432.098765  0.00029564885657921221
  -61.728395   555.555556  0.00025398107323267700
  -61.728395   679.012346  0.00021997721276055825
  -61.728395   802.469136  0.00019448181043622012
  -61.728395   925.925926  0.00017683256622841483
  -61.728395  1049.382716  0.00016350130413636245
  -61.728395  1172.839506  0.00015590192406475094
  -61.728395  1296.296296  0.00014836858317204046
  -61.728395  1419.753086  0.00014537624361261642
  -61.728395  1543.209877  0.00014157879612938532
  -61.728395  1666.666667  0.00013896415952582681
  -61.728395  1790.123457  0.00013730375950826585
  -61.728395  1913.580247  0.00013610040952335625
  -61.728395  2037.037037  0.00013462196328186765
  -61.728395  2160.493827  0.00013362389542008536
  -61.728395  2283.950617  0.00013279618283542166
  -61.728395  2407.407407  0.00013336212921928733
  -61.728395  2530.864198  0.00013154285850664789
  -61.728395  2654.320988  0.00013200690163042277
  -61.728395  2777.777778  0.00013186900951678570
  -61.728395  2901.234568  0.00013147475308562906
  -61.728395  3024.691358  0.00013130400364554410
  -61.728395  3148.148148  0.00013116342441246273
  -61.728395  3271.604938  0.00013071540433430115
  -61.728395  3395.061728  0.00013089189579707037
  -61.728395  3518.518519  0.00013068914856549169
  -61.728395  3641.975309  0.00013111410790330610
  -61.728395  3765.432099  0.00012997191467592430
  -61.728395  3888.888889  0.00013203995693820912
  -61.728395  4012.345679  0.00012896951169687190
  -61.728395  4135.802469  0.00012961980662029148
  -61.728395  4259.259259  0.00013280688122809276
  -61.728395  4382.716049  0.00013046995749777061
  -61.728395  4506.172840  0.00012636106296222332
  -61.728395  4629.629630  0.00013107534078645239
  -61.728395  4753.086420  0.00013104556973986099
  -61.728395  4876.543210  0.00013823486030667059

   61.728395 -5000.000000  0.00003147427367637943
   61.728395 -4876.543210  0.00013823486030665794
   61.728395 -4753.086420  0.00013104556973988276
   61.728395 -4629.629630  0.00013107534078647586
   61.728395 -4506.172840  0.00012636106296223950
   61.728395 -4382.716049  0.00013046995749777670
   61.728395 -4259.259259  0.00013280688122809057
   61.728395 -4135.802469  0.00012961980662028639
   61.728395 -4012.345679  0.00012896951169687044
   61.728395 -3888.888889  0.00013203995693820375
   61.728395 -3765.432099  0.00012997191467593020
   61.728395 -3641.975309  0.00013111410790332114
   61.728395 -3518.518519  0.00013068914856549736
   61.728395 -3395.061728  0.00013089189579707170
   61.728395 -3271.604938  0.00013071540433429483
   61.728395 -3148.148148  0.00013116342441245646
   61.728395 -3024.691358  0.00013130400364554307
   61.728395 -2901.234568  0.00013147475308562592
   61.728395 -2777.777778  0.00013186900951678879
   61.728395 -2654.320988  0.00013200690163042700
   61.728395 -2530.864198  0.00013154285850664461
   61.728395 -2407.407407  0.00013336212921929424
   61.728395 -2283.950617  0.00013279618283542691
   61.728395 -2160.493827  0.00013362389542009140
   61.728395 -2037.037037  0.00013462196328187153
   61.728395 -1913.580247  0.00013610040952335650
   61.728395 -1790.123457  0.00013730375950827812
   61.728395 -1666.666667  0.00013896415952583644
   61.728395 -1543.209877  0.00014157879612939467
   61.728395 -1419.753086  0.00014537624361262211
   61.728395 -1296.296296  0.00014836858317204642
   61.728395 -1172.839506  0.00015590192406476539
   61.728395 -1049.382716  0.00016350130413636562
   61.728395  -925.925926  0.00017683256622842282
   61.728395  -802.469136  0.00019448181043622869
   61.728395  -679.012346  0.00021997721276055256
   61.728395  -555.555556  0.00025398107323267223
   61.728395  -432.098765  0.00029564885657920402
   61.728395  -308.641975  0.00033904928821948453
   61.728395  -185.185185  0.00037481205719092157
   61.728395   -61.728395  0.00039507782859671237
   61.728395    61.728395  0.00039507782859671622
   61.728395   185.185185  0.00037481205719092580
   61.728395   308.641975  0.00033904928821949478
   61.728395   432.098765  0.00029564885657921335
   61.728395   555.555556  0.00025398107323267504
   61.728395   679.012346  0.00021997721276056405
   61.728395   802.469136  0.00019448181043622736
   61.728395   925.925926  0.00017683256622842540
   61.728395  1049.382716  0.00016350130413636955
   61.728395  1172.839506  0.00015590192406475590
   61.728395  1296.296296  0.00014836858317205081
   61.728395  1419.753086  0.00014537624361262686
   61.728395  1543.209877  0.00014157879612939541
   61.728395  1666.666667  0.00013896415952583839
   61.728395  1790.123457  0.00013730375950827357
   61.728395  1913.580247  0.00013610040952336173
   61.728395  2037.037037  0.00013462196328187023
   61.728395  2160.493827  0.00013362389542008652
   61.728395  2283.950617  0.00013279618283542220
   61.728395  2407.407407  0.00013336212921929123
   61.728395  2530.864198  0.00013154285850665306
   61.728395  2654.320988  0.00013200690163042952
   61.728395  2777.777778  0.00013186900951679123
   61.728395  2901.234568  0.00013147475308563457
   61.728395  3024.691358  0.00013130400364555052
   61.728395  3148.148148  0.00013116342441246815
   61.728395  3271.604938  0.00013071540433430556
   61.728395  3395.061728  0.00013089189579707509
   61.728395  3518.518519  0.00013068914856549700
   61.728395  3641.975309  0.00013111410790331228
   61.728395  3765.432099  0.00012997191467592871
   61.728395  3888.888889  0.00013203995693821693
   61.728395  4012.345679  0.00012896951169687776
   61.728395  4135.802469  0.00012961980662029612
   61.728395  4259.259259  0.00013280688122809927
   61.728395  4382.716049  0.00013046995749777649
   61.728395  4506.172840  0.00012636106296222999
   61.728395  4629.629630  0.00013107534078645819
   61.728395  4753.086420  0.00013104556973986698
   61.728395  4876.543210  0.00013823486030667832

  185.185185 -5000.000000  0.00003136946089111932
  185.185185 -4876.543210  0.00013703487147698234
  185.185185 -4753.086420  0.00012989912334020906
  185.185185 -4629.629630  0.00013001926750653146
  185.185185 -4506.172840  0.00012529826393721576
  185.185185 -4382.716049  0.00012933548901871694
  185.185185 -4259.259259  0.00013166072343129948
  185.185185 -4135.802469  0.00012853389968247778
  185.185185 -4012.345679  0.00012790093160976195
  185.185185 -3888.888889  0.00013090109713026517
  185.185185 -3765.432099  0.00012890931591654802
  185.185185 -3641.975309  0.00012996751936698967
  185.185185 -3518.518519  0.00012959961768774724
  185.185185 -3395.061728  0.00012979849686656594
  185.185185 -3271.604938  0.00012957983655357205
  185.185185 -3148.148148  0.00013001218454283451
  185.185185 -3024.691358  0.00013019447624882080
  185.185185 -2901.234568  0.00013040199875311625
  185.185185 -2777.777778  0.00013073193247569112
  185.185185 -2654.320988  0.00013078690685367861
  185.185185 -2530.864198  0.00013067447979208709
  185.185185 -2407.407407  0.00013300751332203040
  185.185185 -2283.950617  0.00013253378484298457
  185.185185 -2160.493827  0.00013325172364148983
  185.185185 -2037.037037  0.00013424990122488362
  185.185185 -1913.580247  0.00013574250925414531
  185.185185 -1790.123457  0.00013694960448420865
  185.185185 -1666.666667  0.00013854554958764119
  185.185185 -1543.209877  0.00014108072621051438
  185.185185 -1419.753086  0.00014485645121403557
  185.185185 -1296.296296  0.00014779035770844963
  185.185185 -1172.839506  0.00015528627632732409
  185.185185 -1049.382716  0.00016272948183622019
  185.185185  -925.925926  0.00017582818064580739
  185.185185  -802.469136  0.00019312840200686726
  185.185185  -679.012346  0.00021810952823784696
  185.185185  -555.555556  0.00025136742095972905
  185.185185  -432.098765  0.00029206706642361928
  185.185185  -308.641975  0.00033440819332746619
  185.185185  -185.185185  0.00036929522536663422
  185.185185   -61.728395  0.00038922546946122428
  185.185185    61.728395  0.00038922546946123539
  185.185185   185.185185  0.00036929522536664305
  185.185185   308.641975  0.00033440819332748056
  185.185185   432.098765  0.00029206706642363343
  185.185185   555.555556  0.00025136742095973415
  185.185185   679.012346  0.00021810952823785775
  185.185185   802.469136  0.00019312840200686645
  185.185185   925.925926  0.00017582818064580680
  185.185185  1049.382716  0.00016272948183622350
  185.185185  1172.839506  0.00015528627632731252
  185.185185  1296.296296  0.00014779035770844950
  185.185185  1419.753086  0.00014485645121404026
  185.185185  1543.209877  0.00014108072621051612
  185.185185  1666.666667  0.00013854554958764369
  185.185185  1790.123457  0.00013694960448420464
  185.185185  1913.580247  0.00013574250925414648
  185.185185  2037.037037  0.00013424990122488050
  185.185185  2160.493827  0.00013325172364148205
  185.185185  2283.950617  0.00013253378484297891
  185.185185  2407.407407  0.00013300751332202495
  185.185185  2530.864198  0.00013067447979209489
  185.185185  2654.320988  0.00013078690685367880
  185.185185  2777.777778  0.00013073193247569145
  185.185185  2901.234568  0.00013040199875312270
  185.185185  3024.691358  0.00013019447624882587
  185.185185  3148.148148  0.00013001218454284494
  185.185185  3271.604938  0.00012957983655358029
  185.185185  3395.061728  0.00012979849686656743
  185.185185  3518.518519  0.00012959961768774537
  185.185185  3641.975309  0.00012996751936697793
  185.185185  3765.432099  0.00012890931591654292
  185.185185  3888.888889  0.00013090109713027404
  185.185185  4012.345679  0.00012790093160976523
  185.185185  4135.802469  0.00012853389968248469
  185.185185  4259.259259  0.00013166072343130417
  185.185185  4382.716049  0.00012933548901871377
  185.185185  4506.172840  0.00012529826393720386
  185.185185  4629.629630  0.00013001926750651045
  185.185185  4753.086420  0.00012989912334019035
  185.185185  4876.543210  0.00013703487147699868

  308.641975 -5000.000000  0.00003125889181825959
  308.641975 -4876.543210  0.00013683252603432713
  308.641975 -4753.086420  0.00012972473612254764
  308.641975 -4629.629630  0.00012981505438617515
  308.641975 -4506.172840  0.00012511490854161641
  308.641975 -4382.716049  0.00012915376006586849
  308.641975 -4259.259259  0.00013147028208951536
  308.641975 -4135.802469  0.00012833802127481994
  308.641975 -4012.345679  0.00012770342464358449
  308.641975 -3888.888889  0.00013071424568027916
  308.641975 -3765.432099  0.00012870690322965697
  308.641975 -3641.975309  0.00012978418619969903
  308.641975 -3518.518519  0.00012939831179765852
  308.641975 -3395.061728  0.00012959496444381151
  308.641975 -3271.604938  0.00012938761861500236
  308.641975 -3148.148148  0.00012982131026648093
  308.641975 -3024.691358  0.00012998930595565440
  308.641975 -2901.234568  0.00013018366044351229
  308.641975 -2777.777778  0.00013053005281752524
  308.641975 -2654.320988  0.00013060105604674035
  308.641975 -2530.864198  0.00013035840955124338
  308.641975 -2407.407407  0.00013252851969208321
  308.641975 -2283.950617  0.00013200314551361234
  308.641975 -2160.493827  0.00013273530852793411
  308.641975 -2037.037037  0.00013370684473626147
  308.641975 -1913.580247  0.00013516243534697004
  308.641975 -1790.123457  0.00013632095407900102
  308.641975 -1666.666667  0.00013787108198087857
  308.641975 -1543.209877  0.00014033482123586793
  308.641975 -1419.753086  0.00014398853711679617
  308.641975 -1296.296296  0.00014676853628334933
  308.641975 -1172.839506  0.00015419881382424373
  308.641975 -1049.382716  0.00016131344647848890
  308.641975  -925.925926  0.00017394874321435740
  308.641975  -802.469136  0.00019056383624228745
  308.641975  -679.012346  0.00021453428004988297
  308.641975  -555.555556  0.00024635244479539038
  308.641975  -432.098765  0.00028520499795806422
  308.641975  -308.641975  0.00032551599372672202
  308.641975  -185.185185  0.00035863410740878964
  308.641975   -61.728395  0.00037756032163454613
  308.641975    61.728395  0.00037756032163455459
  308.641975   185.185185  0.00035863410740880021
  308.641975   308.641975  0.00032551599372673915
  308.641975   432.098765  0.00028520499795807832
  308.641975   555.555556  0.00024635244479539651
  308.641975   679.012346  0.00021453428004989173
  308.641975   802.469136  0.00019056383624228401
  308.641975   925.925926  0.00017394874321435681
  308.641975  1049.382716  0.00016131344647848827
  308.641975  1172.839506  0.00015419881382423159
  308.641975  1296.296296  0.00014676853628334773
  308.641975  1419.753086  0.00014398853711679947
  308.641975  1543.209877  0.00014033482123586852
  308.641975  1666.666667  0.00013787108198087976
  308.641975  1790.123457  0.00013632095407899755
  308.641975  1913.580247  0.00013516243534697080
  308.641975  2037.037037  0.00013370684473625603
  308.641975  2160.493827  0.00013273530852792655
  308.641975  2283.950617  0.00013200314551360676
  308.641975  2407.407407  0.00013252851969207974
  308.641975  2530.864198  0.00013035840955125100
  308.641975  2654.320988  0.00013060105604673953
  308.641975  2777.777778  0.00013053005281752443
  308.641975  2901.234568  0.00013018366044351709
  308.641975  3024.691358  0.00012998930595565822
  308.641975  3148.148148  0.00012982131026648993
  308.641975  3271.604938  0.00012938761861500968
  308.641975  3395.061728  0.00012959496444381284
  308.641975  3518.518519  0.00012939831179765562
  308.641975  3641.975309  0.00012978418619968629
  308.641975  3765.432099  0.00012870690322965123
  308.641975  3888.888889  0.00013071424568028911
  308.641975  4012.345679  0.00012770342464358777
  308.641975  4135.802469  0.00012833802127482555
  308.641975  4259.259259  0.00013147028208951978
  308.641975  4382.716049  0.00012915376006586508
  308.641975  4506.172840  0.00012511490854160399
  308.641975  4629.629630  0.00012981505438615338
  308.641975  4753.086420  0.00012972473612252725
  308.641975  4876.543210  0.00013683252603434405

  432.098765 -5000.000000  0.00003111619679949087
  432.098765 -4876.543210  0.00013674548550743834
  432.098765 -4753.086420  0.00012965751660751153
  432.098765 -4629.629630  0.00012968565508526800
  432.098765 -4506.172840  0.00012502189183935574
  432.098765 -4382.716049  0.00012908133733047209
  432.098765 -4259.259259  0.00013138846503605458
  432.098765 -4135.802469  0.00012823458231191065
  432.098765 -4012.345679  0.00012759195274404686
  432.098765 -3888.888889  0.00013063103287818081
  432.098765 -3765.432099  0.00012858452284400404
  432.098765 -3641.975309  0.00012971224840231191
  432.098765 -3518.518519  0.00012928868930612040
  432.098765 -3395.061728  0.00012948474123449422
  432.098765 -3271.604938  0.00012930430122205935
  432.098765 -3148.148148  0.00012974212821215822
  432.098765 -3024.691358  0.00012987650503615543
  432.098765 -2901.234568  0.00013004009240829046
  432.098765 -2777.777778  0.00013042140284880526
  432.098765 -2654.320988  0.00013053932055626609
  432.098765 -2530.864198  0.00013004565447415433
  432.098765 -2407.407407  0.00013179591938584939
  432.098765 -2283.950617  0.00013119215017068394
  432.098765 -2160.493827  0.00013197056039097502
  432.098765 -2037.037037  0.00013289970976075707
  432.098765 -1913.580247  0.00013428415257302987
  432.098765 -1790.123457  0.00013536717485199790
  432.098765 -1666.666667  0.00013686163259482933
  432.098765 -1543.209877  0.00013923550357756813
  432.098765 -1419.753086  0.00014269020822512785
  432.098765 -1296.296296  0.00014524730197491012
  432.098765 -1172.839506  0.00015216451709107034
  432.098765 -1049.382716  0.00015880652960832041
  432.098765  -925.925926  0.00017069399738982999
  432.098765  -802.469136  0.00018624750317155784
  432.098765  -679.012346  0.00020861235119640087
  432.098765  -555.555556  0.00023818243925803953
  432.098765  -432.098765  0.00027414819718689490
  432.098765  -308.641975  0.00031128150590069862
  432.098765  -185.185185  0.00034160752697636593
  432.098765   -61.728395  0.00035887122645228517
  432.098765    61.728395  0.00035887122645229314
  432.098765   185.185185  0.00034160752697637601
  432.098765   308.641975  0.00031128150590071369
  432.098765   432.098765  0.00027414819718690720
  432.098765   555.555556  0.00023818243925804601
  432.098765   679.012346  0.00020861235119640819
  432.098765   802.469136  0.00018624750317155459
  432.098765   925.925926  0.00017069399738982717
  432.098765  1049.382716  0.00015880652960831887
  432.098765  1172.839506  0.00015216451709105882
  432.098765  1296.296296  0.00014524730197490991
  432.098765  1419.753086  0.00014269020822513161
  432.098765  1543.209877  0.00013923550357757006
  432.098765  1666.666667  0.00013686163259483210
  432.098765  1790.123457  0.00013536717485199479
  432.098765  1913.580247  0.00013428415257303207
  432.098765  2037.037037  0.00013289970976075241
  432.098765  2160.493827  0.00013197056039096781
  432.098765  2283.950617  0.00013119215017067860
  432.098765  2407.407407  0.00013179591938584380
  432.098765  2530.864198  0.00013004565447416003
  432.098765  2654.320988  0.00013053932055626558
  432.098765  2777.777778  0.00013042140284880434
  432.098765  2901.234568  0.00013004009240829545
  432.098765  3024.691358  0.00012987650503616031
  432.098765  3148.148148  0.00012974212821216782
  432.098765  3271.604938  0.00012930430122206618
  432.098765  3395.061728  0.00012948474123449481
  432.098765  3518.518519  0.00012928868930611550
  432.098765  3641.975309  0.00012971224840229578
  432.098765  3765.432099  0.00012858452284399922
  432.098765  3888.888889  0.00013063103287819217
  432.098765  4012.345679  0.00012759195274405233
  432.098765  4135.802469  0.00012823458231191645
  432.098765  4259.259259  0.00013138846503605873
  432.098765  4382.716049  0.00012908133733046881
  432.098765  4506.172840  0.00012502189183934384
  432.098765  4629.629630  0.00012968565508524542
  432.098765  4753.086420  0.00012965751660749136
  432.098765  4876.543210  0.00013674548550745856

  555.555556 -5000.000000  0.00003089772626861273
  555.555556 -4876.543210  0.00013610687769622358
  555.555556 -4753.086420  0.00012906475672117638
  555.555556 -4629.629630  0.00012905750172979865
  555.555556 -4506.172840  0.00012443527128797835
  555.555556 -4382.716049  0.00012848863172599390
  555.555556 -4259.259259  0.00013077974784519446
  555.555556 -4135.802469  0.00012762660604832566
  555.555556 -4012.345679  0.00012698194936938093
  555.555556 -3888.888889  0.00013002425513514840
  555.555556 -3765.432099  0.00012796387718205627
  555.555556 -3641.975309  0.00012911504400834112
  555.555556 -3518.518519  0.00012867112856218023
  555.555556 -3395.061728  0.00012886472713961552
  555.555556 -3271.604938  0.00012869836852319398
  555.555556 -3148.148148  0.00012913402934649148
  555.555556 -3024.691358  0.00012924557295736173
  555.555556 -2901.234568  0.00012938752609269731
  555.555556 -2777.777778  0.00012978316281165957
  555.555556 -2654.320988  0.00012992341335198282
  555.555556 -2530.864198  0.00012928569109386251
  555.555556 -2407.407407  0.00013077723957712295
  555.555556 -2283.950617  0.00013012218017051003
  555.555556 -2160.493827  0.00013090819472544595
  555.555556 -2037.037037  0.00013178755800411583
  555.555556 -1913.580247  0.00013309612121550308
  555.555556 -1790.123457  0.00013409414079353194
  555.555556 -1666.666667  0.00013550111811928522
  555.555556 -1543.209877  0.00013774396254008557
  555.555556 -1419.753086  0.00014096812977995363
  555.555556 -1296.296296  0.00014323349725148986
  555.555556 -1172.839506  0.00014961733002417268
  555.555556 -1049.382716  0.00015561725400262613
  555.555556  -925.925926  0.00016651678959391189
  555.555556  -802.469136  0.00018062245274847049
  555.555556  -679.012346  0.00020078320035252242
  555.555556  -555.555556  0.00022722174150526282
  555.555556  -432.098765  0.00025915658104441340
  555.555556  -308.641975  0.00029185826130299686
  555.555556  -185.185185  0.00031830419320096135
  555.555556   -61.728395  0.00033326842709733797
  555.555556    61.728395  0.00033326842709734361
  555.555556   185.185185  0.00031830419320097149
  555.555556   308.641975  0.00029185826130300813
  555.555556   432.098765  0.00025915658104442272
  555.555556   555.555556  0.00022722174150526699
  555.555556   679.012346  0.00020078320035253042
  555.555556   802.469136  0.00018062245274846653
  555.555556   925.925926  0.00016651678959390766
  555.555556  1049.382716  0.00015561725400262271
  555.555556  1172.839506  0.00014961733002416132
  555.555556  1296.296296  0.00014323349725149138
  555.555556  1419.753086  0.00014096812977995959
  555.555556  1543.209877  0.00013774396254008693
  555.555556  1666.666667  0.00013550111811928649
  555.555556  1790.123457  0.00013409414079352749
  555.555556  1913.580247  0.00013309612121550581
  555.555556  2037.037037  0.00013178755800411225
  555.555556  2160.493827  0.00013090819472543876
  555.555556  2283.950617  0.00013012218017050532
  555.555556  2407.407407  0.00013077723957712130
  555.555556  2530.864198  0.00012928569109386644
  555.555556  2654.320988  0.00012992341335198092
  555.555556  2777.777778  0.00012978316281165935
  555.555556  2901.234568  0.00012938752609270435
  555.555556  3024.691358  0.00012924557295736680
  555.555556  3148.148148  0.00012913402934650050
  555.555556  3271.604938  0.00012869836852320209
  555.555556  3395.061728  0.00012886472713961706
  555.555556  3518.518519  0.00012867112856217486
  555.555556  3641.975309  0.00012911504400832646
  555.555556  3765.432099  0.00012796387718205061
  555.555556  3888.888889  0.00013002425513515748
  555.555556  4012.345679  0.00012698194936938543
  555.555556  4135.802469  0.00012762660604833263
  555.555556  4259.259259  0.00013077974784519994
  555.555556  4382.716049  0.00012848863172599029
  555.555556  4506.172840  0.00012443527128796369
  555.555556  4629.629630  0.00012905750172977480
  555.555556  4753.086420  0.00012906475672115649
  555.555556  4876.543210  0.00013610687769624469

  679.012346 -5000.000000  0.00003058010206315619
  679.012346 -4876.543210  0.00013464742376361057
  679.012346 -4753.086420  0.00012769429986391937
  679.012346 -4629.629630  0.00012769941448517784
  679.012346 -4506.172840  0.00012312051890899000
  679.012346 -4382.716049  0.00012712265439208511
  679.012346 -4259.259259  0.00012938808172664395
  679.012346 -4135.802469  0.00012627317757472252
  679.012346 -4012.345679  0.00012563763040416922
  679.012346 -3888.888889  0.00012864249634845598
  679.012346 -3765.432099  0.00012661180289528270
  679.012346 -3641.975309  0.00012773618266386148
  679.012346 -3518.518519  0.00012730269264717790
  679.012346 -3395.061728  0.00012749017680857561
  679.012346 -3271.604938  0.00012731452271728873
  679.012346 -3148.148148  0.00012773866177904350
  679.012346 -3024.691358  0.00012785009840226663
  679.012346 -2901.234568  0.00012799004604887644
  679.012346 -2777.777778  0.00012836612414093921
  679.012346 -2654.320988  0.00012848285286524278
  679.012346 -2530.864198  0.00012788836935362943
  679.012346 -2407.407407  0.00012947288802524814
  679.012346 -2283.950617  0.00012880838695583698
  679.012346 -2160.493827  0.00012953659239204517
  679.012346 -2037.037037  0.00013036386784029224
  679.012346 -1913.580247  0.00013160839913330084
  679.012346 -1790.123457  0.00013251932433956686
  679.012346 -1666.666667  0.00013379969711930682
  679.012346 -1543.209877  0.00013586522393670031
  679.012346 -1419.753086  0.00013885698407878805
  679.012346 -1296.296296  0.00014076225673558028
  679.012346 -1172.839506  0.00014687345046738247
  679.012346 -1049.382716  0.00015205807645178517
  679.012346  -925.925926  0.00016178587402596134
  679.012346  -802.469136  0.00017409077559225880
  679.012346  -679.012346  0.00019150878729990643
  679.012346  -555.555556  0.00021398560289327012
  679.012346  -432.098765  0.00024083301849120331
  679.012346  -308.641975  0.00026798297017598246
  679.012346  -185.185185  0.00028962226942662626
  679.012346   -61.728395  0.00030178542821209393
  679.012346    61.728395  0.00030178542821210455
  679.012346   185.185185  0.00028962226942663417
  679.012346   308.641975  0.00026798297017599168
  679.012346   432.098765  0.00024083301849121139
  679.012346   555.555556  0.00021398560289327543
  679.012346   679.012346  0.00019150878729991627
  679.012346   802.469136  0.00017409077559226086
  679.012346   925.925926  0.00016178587402596414
  679.012346  1049.382716  0.00015205807645178769
  679.012346  1172.839506  0.00014687345046737618
  679.012346  1296.296296  0.00014076225673558684
  679.012346  1419.753086  0.00013885698407879450
  679.012346  1543.209877  0.00013586522393670351
  679.012346  1666.666667  0.00013379969711930912
  679.012346  1790.123457  0.00013251932433956407
  679.012346  1913.580247  0.00013160839913330271
  679.012346  2037.037037  0.00013036386784028622
  679.012346  2160.493827  0.00012953659239203666
  679.012346  2283.950617  0.00012880838695583050
  679.012346  2407.407407  0.00012947288802524437
  679.012346  2530.864198  0.00012788836935363152
  679.012346  2654.320988  0.00012848285286523958
  679.012346  2777.777778  0.00012836612414093889
  679.012346  2901.234568  0.00012799004604888283
  679.012346  3024.691358  0.00012785009840227070
  679.012346  3148.148148  0.00012773866177905177
  679.012346  3271.604938  0.00012731452271729480
  679.012346  3395.061728  0.00012749017680857422
  679.012346  3518.518519  0.00012730269264717216
  679.012346  3641.975309  0.00012773618266384654
  679.012346  3765.432099  0.00012661180289527701
  679.012346  3888.888889  0.00012864249634846400
  679.012346  4012.345679  0.00012563763040417223
  679.012346  4135.802469  0.00012627317757472835
  679.012346  4259.259259  0.00012938808172664751
  679.012346  4382.716049  0.00012712265439208034
  679.012346  4506.172840  0.00012312051890897463
  679.012346  4629.629630  0.00012769941448515285
  679.012346  4753.086420  0.00012769429986389912
  679.012346  4876.543210  0.00013464742376362982

  802.469136 -5000.000000  0.00003021199471261107
  802.469136 -4876.543210  0.00013269352718085198
  802.469136 -4753.086420  0.00012585996535265730
  802.469136 -4629.629630  0.00012591563653043588
  802.469136 -4506.172840  0.00012137490528036103
  802.469136 -4382.716049  0.00012529325314248517
  802.469136 -4259.259259  0.00012752708647162893
  802.469136 -4135.802469  0.00012447668576107419
  802.469136 -4012.345679  0.00012386015041951568
  802.469136 -3888.888889  0.00012679964260437694
  802.469136 -3765.432099  0.00012483019510226012
  802.469136 -3641.975309  0.00012590180859304992
  802.469136 -3518.518519  0.00012549645794835161
  802.469136 -3395.061728  0.00012567479788815560
  802.469136 -3271.604938  0.00012547377230351345
  802.469136 -3148.148148  0.00012587996810103236
  802.469136 -3024.691358  0.00012600652639422190
  802.469136 -2901.234568  0.00012616073067663733
  802.469136 -2777.777778  0.00012649617277198176
  802.469136 -2654.320988  0.00012655597676187894
  802.469136 -2530.864198  0.00012609927000045736
  802.469136 -2407.407407  0.00012787507542159909
  802.469136 -2283.950617  0.00012724367028670361
  802.469136 -2160.493827  0.00012786546488857212
  802.469136 -2037.037037  0.00012863161539766564
  802.469136 -1913.580247  0.00012981166835310105
  802.469136 -1790.123457  0.00013065006670424969
  802.469136 -1666.666667  0.00013178768383216414
  802.469136 -1543.209877  0.00013363568407799708
  802.469136 -1419.753086  0.00013634360871152002
  802.469136 -1296.296296  0.00013793151773047955
  802.469136 -1172.839506  0.00014336508220243882
  802.469136 -1049.382716  0.00014771482177198004
  802.469136  -925.925926  0.00015604808199252867
  802.469136  -802.469136  0.00016630684021299989
  802.469136  -679.012346  0.00018055646881907550
  802.469136  -555.555556  0.00019850551669400019
  802.469136  -432.098765  0.00021956370726183253
  802.469136  -308.641975  0.00024048640002604418
  802.469136  -185.185185  0.00025685786449626720
  802.469136   -61.728395  0.00026600936329616826
  802.469136    61.728395  0.00026600936329617607
  802.469136   185.185185  0.00025685786449627105
  802.469136   308.641975  0.00024048640002604879
  802.469136   432.098765  0.00021956370726183678
  802.469136   555.555556  0.00019850551669400304
  802.469136   679.012346  0.00018055646881908442
  802.469136   802.469136  0.00016630684021300013
  802.469136   925.925926  0.00015604808199252808
  802.469136  1049.382716  0.00014771482177198115
  802.469136  1172.839506  0.00014336508220243101
  802.469136  1296.296296  0.00013793151773048369
  802.469136  1419.753086  0.00013634360871152829
  802.469136  1543.209877  0.00013363568407799865
  802.469136  1666.666667  0.00013178768383216539
  802.469136  1790.123457  0.00013065006670424649
  802.469136  1913.580247  0.00012981166835310248
  802.469136  2037.037037  0.00012863161539766055
  802.469136  2160.493827  0.00012786546488856323
  802.469136  2283.950617  0.00012724367028669800
  802.469136  2407.407407  0.00012787507542159738
  802.469136  2530.864198  0.00012609927000045834
  802.469136  2654.320988  0.00012655597676187614
  802.469136  2777.777778  0.00012649617277198241
  802.469136  2901.234568  0.00012616073067664405
  802.469136  3024.691358  0.00012600652639422615
  802.469136  3148.148148  0.00012587996810103737
  802.469136  3271.604938  0.00012547377230351682
  802.469136  3395.061728  0.00012567479788815064
  802.469136  3518.518519  0.00012549645794834239
  802.469136  3641.975309  0.00012590180859303344
  802.469136  3765.432099  0.00012483019510225088
  802.469136  3888.888889  0.00012679964260438171
  802.469136  4012.345679  0.00012386015041951535
  802.469136  4135.802469  0.00012447668576107636
  802.469136  4259.259259  0.00012752708647162901
  802.469136  4382.716049  0.00012529325314247785
  802.469136  4506.172840  0.00012137490528034349
  802.469136  4629.629630  0.00012591563653041062
  802.469136  4753.086420  0.00012585996535263694
  802.469136  4876.543210  0.00013269352718087087

  925.925926 -5000.000000  0.00002975798943477792
  925.925926 -4876.543210  0.00013042344050682756
  925.925926 -4753.086420  0.00012371240761277136
  925.925926 -4629.629630  0.00012380440896962779
  925.925926 -4506.172840  0.00011932469374363562
  925.925926 -4382.716049  0.00012316118826838620
  925.925926 -4259.259259  0.00012535876105823507
  925.925926 -4135.802469  0.00012237245465984782
  925.925926 -4012.345679  0.00012177026511645941
  925.925926 -3888.888889  0.00012464235580119428
  925.925926 -3765.432099  0.00012272879720856057
  925.925926 -3641.975309  0.00012375070004795783
  925.925926 -3518.518519  0.00012337177798461111
  925.925926 -3395.061728  0.00012354317603916615
  925.925926 -3271.604938  0.00012332386856425776
  925.925926 -3148.148148  0.00012371168791854031
  925.925926 -3024.691358  0.00012384433704094421
  925.925926 -2901.234568  0.00012400103627855104
  925.925926 -2777.777778  0.00012429777231131651
  925.925926 -2654.320988  0.00012431796370318424
  925.925926 -2530.864198  0.00012400437298616728
  925.925926 -2407.407407  0.00012601924384043434
  925.925926 -2283.950617  0.00012541377330720343
  925.925926 -2160.493827  0.00012594299874814518
  925.925926 -2037.037037  0.00012665242608830062
  925.925926 -1913.580247  0.00012776095634998191
  925.925926 -1790.123457  0.00012849951030524052
  925.925926 -1666.666667  0.00012947652300756752
  925.925926 -1543.209877  0.00013111111576010533
  925.925926 -1419.753086  0.00013356124269794787
  925.925926 -1296.296296  0.00013472264803025718
  925.925926 -1172.839506  0.00013971963040983171
  925.925926 -1049.382716  0.00014311136514876696
  925.925926  -925.925926  0.00015006306719209309
  925.925926  -802.469136  0.00015818841037161448
  925.925926  -679.012346  0.00016919333447484882
  925.925926  -555.555556  0.00018254313374093704
  925.925926  -432.098765  0.00019786880558613659
  925.925926  -308.641975  0.00021277127987462556
  925.925926  -185.185185  0.00022414268951282112
  925.925926   -61.728395  0.00023048079946845829
  925.925926    61.728395  0.00023048079946846674
  925.925926   185.185185  0.00022414268951282320
  925.925926   308.641975  0.00021277127987462662
  925.925926   432.098765  0.00019786880558613816
  925.925926   555.555556  0.00018254313374093626
  925.925926   679.012346  0.00016919333447485351
  925.925926   802.469136  0.00015818841037161191
  925.925926   925.925926  0.00015006306719209041
  925.925926  1049.382716  0.00014311136514876847
  925.925926  1172.839506  0.00013971963040982339
  925.925926  1296.296296  0.00013472264803026071
  925.925926  1419.753086  0.00013356124269795459
  925.925926  1543.209877  0.00013111111576010864
  925.925926  1666.666667  0.00012947652300757039
  925.925926  1790.123457  0.00012849951030523678
  925.925926  1913.580247  0.00012776095634998118
  925.925926  2037.037037  0.00012665242608829263
  925.925926  2160.493827  0.00012594299874813333
  925.925926  2283.950617  0.00012541377330719557
  925.925926  2407.407407  0.00012601924384042913
  925.925926  2530.864198  0.00012400437298616662
  925.925926  2654.320988  0.00012431796370317844
  925.925926  2777.777778  0.00012429777231131480
  925.925926  2901.234568  0.00012400103627855516
  925.925926  3024.691358  0.00012384433704094365
  925.925926  3148.148148  0.00012371168791854302
  925.925926  3271.604938  0.00012332386856425700
  925.925926  3395.061728  0.00012354317603915891
  925.925926  3518.518519  0.00012337177798460019
  925.925926  3641.975309  0.00012375070004793924
  925.925926  3765.432099  0.00012272879720854929
  925.925926  3888.888889  0.00012464235580119718
  925.925926  4012.345679  0.00012177026511645743
  925.925926  4135.802469  0.00012237245465984809
  925.925926  4259.259259  0.00012535876105823298
  925.925926  4382.716049  0.00012316118826837525
  925.925926  4506.172840  0.00011932469374361530
  925.925926  4629.629630  0.00012380440896959995
  925.925926  4753.086420  0.00012371240761274886
  925.925926  4876.543210  0.00013042344050684439

 1049.382716 -5000.000000  0.00002931206711223408
 1049.382716 -4876.543210  0.00012837257708393475
 1049.382716 -4753.086420  0.00012177582252024581
 1049.382716 -4629.629630  0.00012188583250807470
 1049.382716 -4506.172840  0.00011746962948457942
 1049.382716 -4382.716049  0.00012123839782429086
 1049.382716 -4259.259259  0.00012340092057111184
 1049.382716 -4135.802469  0.00012046574667656298
 1049.382716 -4012.345679  0.00011987544525459194
 1049.382716 -3888.888889  0.00012269457271727336
 1049.382716 -3765.432099  0.00012082062504863962
 1049.382716 -3641.975309  0.00012182768650919970
 1049.382716 -3518.518519  0.00012145666891581137
 1049.382716 -3395.061728  0.00012162231521381068
 1049.382716 -3271.604938  0.00012139653281715239
 1049.382716 -3148.148148  0.00012176887361978511
 1049.382716 -3024.691358  0.00012189372898962827
 1049.382716 -2901.234568  0.00012204430615146641
 1049.382716 -2777.777778  0.00012231953969537353
 1049.382716 -2654.320988  0.00012232180203571643
 1049.382716 -2530.864198  0.00012202367834133443
 1049.382716 -2407.407407  0.00012389349532497800
 1049.382716 -2283.950617  0.00012331273659724624
 1049.382716 -2160.493827  0.00012377791592992814
 1049.382716 -2037.037037  0.00012441820960955310
 1049.382716 -1913.580247  0.00012542771526365874
 1049.382716 -1790.123457  0.00012607794483507595
 1049.382716 -1666.666667  0.00012691764896788956
 1049.382716 -1543.209877  0.00012834111212518202
 1049.382716 -1419.753086  0.00013045162318716034
 1049.382716 -1296.296296  0.00013130863369702978
 1049.382716 -1172.839506  0.00013485781105636074
 1049.382716 -1049.382716  0.00013747899115589335
 1049.382716  -925.925926  0.00014297964601144098
 1049.382716  -802.469136  0.00014911713973157697
 1049.382716  -679.012346  0.00015708391382830334
 1049.382716  -555.555556  0.00016635078387491995
 1049.382716  -432.098765  0.00017669988138070672
 1049.382716  -308.641975  0.00018652007054969802
 1049.382716  -185.185185  0.00019381236385076264
 1049.382716   -61.728395  0.00019789515558138755
 1049.382716    61.728395  0.00019789515558139696
 1049.382716   185.185185  0.00019381236385076258
 1049.382716   308.641975  0.00018652007054969800
 1049.382716   432.098765  0.00017669988138070748
 1049.382716   555.555556  0.00016635078387491781
 1049.382716   679.012346  0.00015708391382830919
 1049.382716   802.469136  0.00014911713973157285
 1049.382716   925.925926  0.00014297964601143700
 1049.382716  1049.382716  0.00013747899115589422
 1049.382716  1172.839506  0.00013485781105635237
 1049.382716  1296.296296  0.00013130863369703127
 1049.382716  1419.753086  0.00013045162318716503
 1049.382716  1543.209877  0.00012834111212518386
 1049.382716  1666.666667  0.00012691764896789179
 1049.382716  1790.123457  0.00012607794483507213
 1049.382716  1913.580247  0.00012542771526365611
 1049.382716  2037.037037  0.00012441820960954139
 1049.382716  2160.493827  0.00012377791592991329
 1049.382716  2283.950617  0.00012331273659723735
 1049.382716  2407.407407  0.00012389349532497112
 1049.382716  2530.864198  0.00012202367834133440
 1049.382716  2654.320988  0.00012232180203570892
 1049.382716  2777.777778  0.00012231953969536969
 1049.382716  2901.234568  0.00012204430615146850
 1049.382716  3024.691358  0.00012189372898962862
 1049.382716  3148.148148  0.00012176887361978763
 1049.382716  3271.604938  0.00012139653281715079
 1049.382716  3395.061728  0.00012162231521380258
 1049.382716  3518.518519  0.00012145666891579925
 1049.382716  3641.975309  0.00012182768650917925
 1049.382716  3765.432099  0.00012082062504862631
 1049.382716  3888.888889  0.00012269457271727398
 1049.382716  4012.345679  0.00011987544525458831
 1049.382716  4135.802469  0.00012046574667656225
 1049.382716  4259.259259  0.00012340092057110837
 1049.382716  4382.716049  0.00012123839782427956
 1049.382716  4506.172840  0.00011746962948456012
 1049.382716  4629.629630  0.00012188583250804503
 1049.382716  4753.086420  0.00012177582252022052
 1049.382716  4876.543210  0.00012837257708394885

 1172.839506 -5000.000000  0.00002870115745985870
 1172.839506 -4876.543210  0.00012558703491454608
 1172.839506 -4753.086420  0.00011916504815397373
 1172.839506 -4629.629630  0.00011929515942994584
 1172.839506 -4506.172840  0.00011496115613106191
 1172.839506 -4382.716049  0.00011863092559688930
 1172.839506 -4259.259259  0.00012074401469998073
 1172.839506 -4135.802469  0.00011788287947149054
 1172.839506 -4012.345679  0.00011731071598861298
 1172.839506 -3888.888889  0.00012006050494169968
 1172.839506 -3765.432099  0.00011824371630188937
 1172.839506 -3641.975309  0.00011918892710163531
 1172.839506 -3518.518519  0.00011884194674772935
 1172.839506 -3395.061728  0.00011899616578727389
 1172.839506 -3271.604938  0.00011875217763684786
 1172.839506 -3148.148148  0.00011910583657972514
 1172.839506 -3024.691358  0.00011923841275158851
 1172.839506 -2901.234568  0.00011939149950790766
 1172.839506 -2777.777778  0.00011963457694202875
 1172.839506 -2654.320988  0.00011959402430581809
 1172.839506 -2530.864198  0.00011941005434984813
 1172.839506 -2407.407407  0.00012162251562594568
 1172.839506 -2283.950617  0.00012101491008134568
 1172.839506 -2160.493827  0.00012140074808151691
 1172.839506 -2037.037037  0.00012198705145911195
 1172.839506 -1913.580247  0.00012293792719967681
 1172.839506 -1790.123457  0.00012347317536797288
 1172.839506 -1666.666667  0.00012415000347789731
 1172.839506 -1543.209877  0.00012536789141580804
 1172.839506 -1419.753086  0.00012727943175105155
 1172.839506 -1296.296296  0.00012767373304546452
 1172.839506 -1172.839506  0.00013185779839662985
 1172.839506 -1049.382716  0.00013354675962497703
 1172.839506  -925.925926  0.00013801020414251587
 1172.839506  -802.469136  0.00014244705515721224
 1172.839506  -679.012346  0.00014809379025453059
 1172.839506  -555.555556  0.00015422506625950081
 1172.839506  -432.098765  0.00016096605044234251
 1172.839506  -308.641975  0.00016723417808675351
 1172.839506  -185.185185  0.00017170640379889847
 1172.839506   -61.728395  0.00017425702823779606
 1172.839506    61.728395  0.00017425702823780281
 1172.839506   185.185185  0.00017170640379889890
 1172.839506   308.641975  0.00016723417808675424
 1172.839506   432.098765  0.00016096605044234259
 1172.839506   555.555556  0.00015422506625949775
 1172.839506   679.012346  0.00014809379025453495
 1172.839506   802.469136  0.00014244705515720625
 1172.839506   925.925926  0.00013801020414251096
 1172.839506  1049.382716  0.00013354675962497472
 1172.839506  1172.839506  0.00013185779839661841
 1172.839506  1296.296296  0.00012767373304546471
 1172.839506  1419.753086  0.00012727943175105442
 1172.839506  1543.209877  0.00012536789141580736
 1172.839506  1666.666667  0.00012415000347789525
 1172.839506  1790.123457  0.00012347317536796570
 1172.839506  1913.580247  0.00012293792719967340
 1172.839506  2037.037037  0.00012198705145910114
 1172.839506  2160.493827  0.00012140074808150306
 1172.839506  2283.950617  0.00012101491008133400
 1172.839506  2407.407407  0.00012162251562593628
 1172.839506  2530.864198  0.00011941005434984859
 1172.839506  2654.320988  0.00011959402430580885
 1172.839506  2777.777778  0.00011963457694202395
 1172.839506  2901.234568  0.00011939149950791024
 1172.839506  3024.691358  0.00011923841275158868
 1172.839506  3148.148148  0.00011910583657972695
 1172.839506  3271.604938  0.00011875217763684754
 1172.839506  3395.061728  0.00011899616578726592
 1172.839506  3518.518519  0.00011884194674771778
 1172.839506  3641.975309  0.00011918892710161340
 1172.839506  3765.432099  0.00011824371630187446
 1172.839506  3888.888889  0.00012006050494169756
 1172.839506  4012.345679  0.00011731071598860694
 1172.839506  4135.802469  0.00011788287947148668
 1172.839506  4259.259259  0.00012074401469997580
 1172.839506  4382.716049  0.00011863092559687613
 1172.839506  4506.172840  0.00011496115613103919
 1172.839506  4629.629630  0.00011929515942991526
 1172.839506  4753.086420  0.00011916504815394653
 1172.839506  4876.543210  0.00012558703491455684

 1296.296296 -5000.000000  0.00002806414727808999
 1296.296296 -4876.543210  0.00012416154488124388
 1296.296296 -4753.086420  0.00011776268766294691
 1296.296296 -4629.629630  0.00011780788669382650
 1296.296296 -4506.172840  0.00011357729992439416
 1296.296296 -4382.716049  0.00011727312393036360
 1296.296296 -4259.259259  0.00011936247807209912
 1296.296296 -4135.802469  0.00011647989172761175
 1296.296296 -4012.345679  0.00011588876901285554
 1296.296296 -3888.888889  0.00011865049944386681
 1296.296296 -3765.432099  0.00011678014959568948
 1296.296296 -3641.975309  0.00011782416644602993
 1296.296296 -3518.518519  0.00011741261753941627
 1296.296296 -3395.061728  0.00011757500976492507
 1296.296296 -3271.604938  0.00011739661410937534
 1296.296296 -3148.148148  0.00011775366463658195
 1296.296296 -3024.691358  0.00011780024937518987
 1296.296296 -2901.234568  0.00011786284443801016
 1296.296296 -2777.777778  0.00011816492153441203
 1296.296296 -2654.320988  0.00011825916067268438
 1296.296296 -2530.864198  0.00011771755200242975
 1296.296296 -2407.407407  0.00011888941664501782
 1296.296296 -2283.950617  0.00011840635262598876
 1296.296296 -2160.493827  0.00011898192448601845
 1296.296296 -2037.037037  0.00011929204005000407
 1296.296296 -1913.580247  0.00012001042513833458
 1296.296296 -1790.123457  0.00012057288332890565
 1296.296296 -1666.666667  0.00012134088953587949
 1296.296296 -1543.209877  0.00012229390242524398
 1296.296296 -1419.753086  0.00012332898439495969
 1296.296296 -1296.296296  0.00012469172677684166
 1296.296296 -1172.839506  0.00012562423046404730
 1296.296296 -1049.382716  0.00012783819078148156
 1296.296296  -925.925926  0.00013048491275795461
 1296.296296  -802.469136  0.00013375864528765940
 1296.296296  -679.012346  0.00013750711039100069
 1296.296296  -555.555556  0.00014165546506894288
 1296.296296  -432.098765  0.00014580664247561717
 1296.296296  -308.641975  0.00014950454036154548
 1296.296296  -185.185185  0.00015229538387308083
 1296.296296   -61.728395  0.00015391244565049806
 1296.296296    61.728395  0.00015391244565050673
 1296.296296   185.185185  0.00015229538387307817
 1296.296296   308.641975  0.00014950454036154372
 1296.296296   432.098765  0.00014580664247561845
 1296.296296   555.555556  0.00014165546506893646
 1296.296296   679.012346  0.00013750711039099898
 1296.296296   802.469136  0.00013375864528764788
 1296.296296   925.925926  0.00013048491275794097
 1296.296296  1049.382716  0.00012783819078147519
 1296.296296  1172.839506  0.00012562423046403416
 1296.296296  1296.296296  0.00012469172677683849
 1296.296296  1419.753086  0.00012332898439495864
 1296.296296  1543.209877  0.00012229390242523972
 1296.296296  1666.666667  0.00012134088953587352
 1296.296296  1790.123457  0.00012057288332889604
 1296.296296  1913.580247  0.00012001042513833199
 1296.296296  2037.037037  0.00011929204004999725
 1296.296296  2160.493827  0.00011898192448600913
 1296.296296  2283.950617  0.00011840635262598110
 1296.296296  2407.407407  0.00011888941664501206
 1296.296296  2530.864198  0.00011771755200242496
 1296.296296  2654.320988  0.00011825916067267095
 1296.296296  2777.777778  0.00011816492153440339
 1296.296296  2901.234568  0.00011786284443800954
 1296.296296  3024.691358  0.00011780024937518714
 1296.296296  3148.148148  0.00011775366463657972
 1296.296296  3271.604938  0.00011739661410936824
 1296.296296  3395.061728  0.00011757500976491049
 1296.296296  3518.518519  0.00011741261753939650
 1296.296296  3641.975309  0.00011782416644600244
 1296.296296  3765.432099  0.00011678014959567640
 1296.296296  3888.888889  0.00011865049944386757
 1296.296296  4012.345679  0.00011588876901285216
 1296.296296  4135.802469  0.00011647989172761351
 1296.296296  4259.259259  0.00011936247807209814
 1296.296296  4382.716049  0.00011727312393035591
 1296.296296  4506.172840  0.00011357729992437338
 1296.296296  4629.629630  0.00011780788669379729
 1296.296296  4753.086420  0.00011776268766292269
 1296.296296  4876.543210  0.00012416154488126047

 1419.753086 -5000.000000  0.00002735697782128383
 1419.753086 -4876.543210  0.00012101315669873382
 1419.753086 -4753.086420  0.00011486147937350883
 1419.753086 -4629.629630  0.00011493352028067552
 1419.753086 -4506.172840  0.00011078164147621956
 1419.753086 -4382.716049  0.00011434537193857100
 1419.753086 -4259.259259  0.00011637228181612311
 1419.753086 -4135.802469  0.00011358306619705757
 1419.753086 -4012.345679  0.00011302436446788187
 1419.753086 -3888.888889  0.00011571064874456670
 1419.753086 -3765.432099  0.00011391331876620292
 1419.753086 -3641.975309  0.00011488700103609211
 1419.753086 -3518.518519  0.00011449671204768410
 1419.753086 -3395.061728  0.00011463880370018318
 1419.753086 -3271.604938  0.00011443282860397533
 1419.753086 -3148.148148  0.00011477059021133700
 1419.753086 -3024.691358  0.00011483847684443797
 1419.753086 -2901.234568  0.00011492225682349512
 1419.753086 -2777.777778  0.00011519878691320774
 1419.753086 -2654.320988  0.00011522188997361869
 1419.753086 -2530.864198  0.00011472461677256130
 1419.753086 -2407.407407  0.00011620680393949754
 1419.753086 -2283.950617  0.00011565653526778788
 1419.753086 -2160.493827  0.00011613894947579915
 1419.753086 -2037.037037  0.00011639687961875867
 1419.753086 -1913.580247  0.00011708133986277919
 1419.753086 -1790.123457  0.00011756073774131790
 1419.753086 -1666.666667  0.00011819336440829633
 1419.753086 -1543.209877  0.00011895707029883744
 1419.753086 -1419.753086  0.00011982392824804651
 1419.753086 -1296.296296  0.00012087406774128553
 1419.753086 -1172.839506  0.00012271381919526080
 1419.753086 -1049.382716  0.00012429338567848441
 1419.753086  -925.925926  0.00012631266141105047
 1419.753086  -802.469136  0.00012861121100186335
 1419.753086  -679.012346  0.00013122036108045339
 1419.753086  -555.555556  0.00013392873294642668
 1419.753086  -432.098765  0.00013656001819774115
 1419.753086  -308.641975  0.00013884776794864887
 1419.753086  -185.185185  0.00014055370972672779
 1419.753086   -61.728395  0.00014159762252837594
 1419.753086    61.728395  0.00014159762252838172
 1419.753086   185.185185  0.00014055370972672492
 1419.753086   308.641975  0.00013884776794864648
 1419.753086   432.098765  0.00013656001819773965
 1419.753086   555.555556  0.00013392873294641947
 1419.753086   679.012346  0.00013122036108045038
 1419.753086   802.469136  0.00012861121100185186
 1419.753086   925.925926  0.00012631266141103925
 1419.753086  1049.382716  0.00012429338567847783
 1419.753086  1172.839506  0.00012271381919524640
 1419.753086  1296.296296  0.00012087406774128045
 1419.753086  1419.753086  0.00011982392824804582
 1419.753086  1543.209877  0.00011895707029883016
 1419.753086  1666.666667  0.00011819336440828888
 1419.753086  1790.123457  0.00011756073774130842
 1419.753086  1913.580247  0.00011708133986277520
 1419.753086  2037.037037  0.00011639687961875238
 1419.753086  2160.493827  0.00011613894947578980
 1419.753086  2283.950617  0.00011565653526777924
 1419.753086  2407.407407  0.00011620680393949037
 1419.753086  2530.864198  0.00011472461677255518
 1419.753086  2654.320988  0.00011522188997360212
 1419.753086  2777.777778  0.00011519878691319687
 1419.753086  2901.234568  0.00011492225682349373
 1419.753086  3024.691358  0.00011483847684443341
 1419.753086  3148.148148  0.00011477059021133338
 1419.753086  3271.604938  0.00011443282860396619
 1419.753086  3395.061728  0.00011463880370016741
 1419.753086  3518.518519  0.00011449671204766372
 1419.753086  3641.975309  0.00011488700103606290
 1419.753086  3765.432099  0.00011391331876618859
 1419.753086  3888.888889  0.00011571064874456580
 1419.753086  4012.345679  0.00011302436446787906
 1419.753086  4135.802469  0.00011358306619705829
 1419.753086  4259.259259  0.00011637228181612139
 1419.753086  4382.716049  0.00011434537193856007
 1419.753086  4506.172840  0.00011078164147619751
 1419.753086  4629.629630  0.00011493352028064507
 1419.753086  4753.086420  0.00011486147937348306
 1419.753086  4876.543210  0.00012101315669874682

 1543.209877 -5000.000000  0.00002684562582645419
 1543.209877 -4876.543210  0.00011817932678514120
 1543.209877 -4753.086420  0.00011233503785140116
 1543.209877 -4629.629630  0.00011252909810269201
 1543.209877 -4506.172840  0.00010837473555051880
 1543.209877 -4382.716049  0.00011174662992429370
 1543.209877 -4259.259259  0.00011371232390794097
 1543.209877 -4135.802469  0.00011105636654771549
 1543.209877 -4012.345679  0.00011056529266034145
 1543.209877 -3888.888889  0.00011314803382784875
 1543.209877 -3765.432099  0.00011148175487243417
 1543.209877 -3641.975309  0.00011236270644695107
 1543.209877 -3518.518519  0.00011200739548139558
 1543.209877 -3395.061728  0.00011211493427345949
 1543.209877 -3271.604938  0.00011184059594783038
 1543.209877 -3148.148148  0.00011215007440506439
 1543.209877 -3024.691358  0.00011228326954513070
 1543.209877 -2901.234568  0.00011245745076873974
 1543.209877 -2777.777778  0.00011268525011190797
 1543.209877 -2654.320988  0.00011253523680471685
 1543.209877 -2530.864198  0.00011202593693307492
 1543.209877 -2407.407407  0.00011329269637714428
 1543.209877 -2283.950617  0.00011270441208865738
 1543.209877 -2160.493827  0.00011294705959621052
 1543.209877 -2037.037037  0.00011320221954456557
 1543.209877 -1913.580247  0.00011387826921257736
 1543.209877 -1790.123457  0.00011435368296578110
 1543.209877 -1666.666667  0.00011484902894350697
 1543.209877 -1543.209877  0.00011541552097133347
 1543.209877 -1419.753086  0.00011609652248247286
 1543.209877 -1296.296296  0.00011695180013771227
 1543.209877 -1172.839506  0.00011784700376298044
 1543.209877 -1049.382716  0.00011908558632776423
 1543.209877  -925.925926  0.00012051206923008395
 1543.209877  -802.469136  0.00012215466728249038
 1543.209877  -679.012346  0.00012392151936086801
 1543.209877  -555.555556  0.00012570271701999215
 1543.209877  -432.098765  0.00012734258780610394
 1543.209877  -308.641975  0.00012871266450125164
 1543.209877  -185.185185  0.00012973854490662645
 1543.209877   -61.728395  0.00013045068999253574
 1543.209877    61.728395  0.00013045068999253907
 1543.209877   185.185185  0.00012973854490662198
 1543.209877   308.641975  0.00012871266450124836
 1543.209877   432.098765  0.00012734258780610429
 1543.209877   555.555556  0.00012570271701998581
 1543.209877   679.012346  0.00012392151936086682
 1543.209877   802.469136  0.00012215466728247989
 1543.209877   925.925926  0.00012051206923007340
 1543.209877  1049.382716  0.00011908558632775783
 1543.209877  1172.839506  0.00011784700376296498
 1543.209877  1296.296296  0.00011695180013770684
 1543.209877  1419.753086  0.00011609652248246844
 1543.209877  1543.209877  0.00011541552097132441
 1543.209877  1666.666667  0.00011484902894349862
 1543.209877  1790.123457  0.00011435368296577020
 1543.209877  1913.580247  0.00011387826921257225
 1543.209877  2037.037037  0.00011320221954455752
 1543.209877  2160.493827  0.00011294705959619795
 1543.209877  2283.950617  0.00011270441208864646
 1543.209877  2407.407407  0.00011329269637713646
 1543.209877  2530.864198  0.00011202593693306814
 1543.209877  2654.320988  0.00011253523680469835
 1543.209877  2777.777778  0.00011268525011189538
 1543.209877  2901.234568  0.00011245745076873615
 1543.209877  3024.691358  0.00011228326954512564
 1543.209877  3148.148148  0.00011215007440506006
 1543.209877  3271.604938  0.00011184059594782085
 1543.209877  3395.061728  0.00011211493427344228
 1543.209877  3518.518519  0.00011200739548137225
 1543.209877  3641.975309  0.00011236270644692068
 1543.209877  3765.432099  0.00011148175487241880
 1543.209877  3888.888889  0.00011314803382784639
 1543.209877  4012.345679  0.00011056529266033741
 1543.209877  4135.802469  0.00011105636654771522
 1543.209877  4259.259259  0.00011371232390793790
 1543.209877  4382.716049  0.00011174662992428299
 1543.209877  4506.172840  0.00010837473555049622
 1543.209877  4629.629630  0.00011252909810266032
 1543.209877  4753.086420  0.00011233503785137407
 1543.209877  4876.543210  0.00011817932678515512

 1666.666667 -5000.000000  0.00002597539219850095
 1666.666667 -4876.543210  0.00011560009635994824
 1666.666667 -4753.086420  0.00010982350234722607
 1666.666667 -4629.629630  0.00010983985670788979
 1666.666667 -4506.172840  0.00010589710247329041
 1666.666667 -4382.716049  0.00010929933072808587
 1666.666667 -4259.259259  0.00011121449664824770
 1666.666667 -4135.802469  0.00010853309420888478
 1666.666667 -4012.345679  0.00010800344758297859
 1666.666667 -3888.888889  0.00011060461745350239
 1666.666667 -3765.432099  0.00010885498659137976
 1666.666667 -3641.975309  0.00010984371612561233
 1666.666667 -3518.518519  0.00010941993501047706
 1666.666667 -3395.061728  0.00010954200014012548
 1666.666667 -3271.604938  0.00010935605814044859
 1666.666667 -3148.148148  0.00010966931811887157
 1666.666667 -3024.691358  0.00010969274321094475
 1666.666667 -2901.234568  0.00010974482666803119
 1666.666667 -2777.777778  0.00011004242236029313
 1666.666667 -2654.320988  0.00011008369197034285
 1666.666667 -2530.864198  0.00010923601031059356
 1666.666667 -2407.407407  0.00010996513769369745
 1666.666667 -2283.950617  0.00010931279670906986
 1666.666667 -2160.493827  0.00010976660228562906
 1666.666667 -2037.037037  0.00010993227772353559
 1666.666667 -1913.580247  0.00011045281433049135
 1666.666667 -1790.123457  0.00011076898853098369
 1666.666667 -1666.666667  0.00011122308769396254
 1666.666667 -1543.209877  0.00011174669024377926
 1666.666667 -1419.753086  0.00011222116773623920
 1666.666667 -1296.296296  0.00011285438205591978
 1666.666667 -1172.839506  0.00011341931929126912
 1666.666667 -1049.382716  0.00011433256593109153
 1666.666667  -925.925926  0.00011535728348106534
 1666.666667  -802.469136  0.00011650861147346101
 1666.666667  -679.012346  0.00011769269107676794
 1666.666667  -555.555556  0.00011886441219053403
 1666.666667  -432.098765  0.00011991770388255723
 1666.666667  -308.641975  0.00012077765566847314
 1666.666667  -185.185185  0.00012140785361481608
 1666.666667   -61.728395  0.00012185700041270792
 1666.666667    61.728395  0.00012185700041271277
 1666.666667   185.185185  0.00012140785361481177
 1666.666667   308.641975  0.00012077765566846997
 1666.666667   432.098765  0.00011991770388255734
 1666.666667   555.555556  0.00011886441219052792
 1666.666667   679.012346  0.00011769269107676710
 1666.666667   802.469136  0.00011650861147345353
 1666.666667   925.925926  0.00011535728348105662
 1666.666667  1049.382716  0.00011433256593108616
 1666.666667  1172.839506  0.00011341931929125447
 1666.666667  1296.296296  0.00011285438205591464
 1666.666667  1419.753086  0.00011222116773623419
 1666.666667  1543.209877  0.00011174669024377042
 1666.666667  1666.666667  0.00011122308769395408
 1666.666667  1790.123457  0.00011076898853097299
 1666.666667  1913.580247  0.00011045281433048770
 1666.666667  2037.037037  0.00010993227772352811
 1666.666667  2160.493827  0.00010976660228561710
 1666.666667  2283.950617  0.00010931279670905955
 1666.666667  2407.407407  0.00010996513769368967
 1666.666667  2530.864198  0.00010923601031058647
 1666.666667  2654.320988  0.00011008369197032454
 1666.666667  2777.777778  0.00011004242236027993
 1666.666667  2901.234568  0.00010974482666802647
 1666.666667  3024.691358  0.00010969274321093922
 1666.666667  3148.148148  0.00010966931811886615
 1666.666667  3271.604938  0.00010935605814043878
 1666.666667  3395.061728  0.00010954200014010749
 1666.666667  3518.518519  0.00010941993501045452
 1666.666667  3641.975309  0.00010984371612558200
 1666.666667  3765.432099  0.00010885498659136446
 1666.666667  3888.888889  0.00011060461745349896
 1666.666667  4012.345679  0.00010800344758297329
 1666.666667  4135.802469  0.00010853309420888395
 1666.666667  4259.259259  0.00011121449664824512
 1666.666667  4382.716049  0.00010929933072807433
 1666.666667  4506.172840  0.00010589710247326705
 1666.666667  4629.629630  0.00010983985670785783
 1666.666667  4753.086420  0.00010982350234719864
 1666.666667  4876.543210  0.00011560009635996282

 1790.123457 -5000.000000  0.00002502387140544243
 1790.123457 -4876.543210  0.00011225541642482971
 1790.123457 -4753.086420  0.00010658268540917321
 1790.123457 -4629.629630  0.00010647444445788931
 1790.123457 -4506.172840  0.00010274042170454067
 1790.123457 -4382.716049  0.00010612861849364290
 1790.123457 -4259.259259  0.00010798531066330695
 1790.123457 -4135.802469  0.00010531594365163585
 1790.123457 -4012.345679  0.00010475926974460108
 1790.123457 -3888.888889  0.00010733694719883829
 1790.123457 -3765.432099  0.00010555055504199742
 1790.123457 -3641.975309  0.00010659650601683677
 1790.123457 -3518.518519  0.00010613869491865167
 1790.123457 -3395.061728  0.00010627341585542402
 1790.123457 -3271.604938  0.00010615162039241979
 1790.123457 -3148.148148  0.00010646011253691235
 1790.123457 -3024.691358  0.00010640040757283435
 1790.123457 -2901.234568  0.00010635573369845217
 1790.123457 -2777.777778  0.00010668858530563014
 1790.123457 -2654.320988  0.00010687543201253068
 1790.123457 -2530.864198  0.00010589635519362986
 1790.123457 -2407.407407  0.00010638418970731471
 1790.123457 -2283.950617  0.00010573353600579730
 1790.123457 -2160.493827  0.00010633492203784876
 1790.123457 -2037.037037  0.00010642152695816709
 1790.123457 -1913.580247  0.00010681114406163745
 1790.123457 -1790.123457  0.00010699632675994576
 1790.123457 -1666.666667  0.00010740620446409696
 1790.123457 -1543.209877  0.00010788347427003007
 1790.123457 -1419.753086  0.00010820775728460837
 1790.123457 -1296.296296  0.00010867393996223822
 1790.123457 -1172.839506  0.00010927333258755875
 1790.123457 -1049.382716  0.00010992887563070703
 1790.123457  -925.925926  0.00011067868736556545
 1790.123457  -802.469136  0.00011148179687849543
 1790.123457  -679.012346  0.00011228978117700658
 1790.123457  -555.555556  0.00011307005576873997
 1790.123457  -432.098765  0.00011376533476169633
 1790.123457  -308.641975  0.00011432501247171266
 1790.123457  -185.185185  0.00011472207209660662
 1790.123457   -61.728395  0.00011499958549358555
 1790.123457    61.728395  0.00011499958549359066
 1790.123457   185.185185  0.00011472207209660134
 1790.123457   308.641975  0.00011432501247170818
 1790.123457   432.098765  0.00011376533476169473
 1790.123457   555.555556  0.00011307005576873303
 1790.123457   679.012346  0.00011228978117700699
 1790.123457   802.469136  0.00011148179687848911
 1790.123457   925.925926  0.00011067868736555774
 1790.123457  1049.382716  0.00010992887563070142
 1790.123457  1172.839506  0.00010927333258754525
 1790.123457  1296.296296  0.00010867393996223364
 1790.123457  1419.753086  0.00010820775728460452
 1790.123457  1543.209877  0.00010788347427002181
 1790.123457  1666.666667  0.00010740620446408888
 1790.123457  1790.123457  0.00010699632675993509
 1790.123457  1913.580247  0.00010681114406163285
 1790.123457  2037.037037  0.00010642152695815807
 1790.123457  2160.493827  0.00010633492203783717
 1790.123457  2283.950617  0.00010573353600578643
 1790.123457  2407.407407  0.00010638418970730506
 1790.123457  2530.864198  0.00010589635519362183
 1790.123457  2654.320988  0.00010687543201251213
 1790.123457  2777.777778  0.00010668858530561643
 1790.123457  2901.234568  0.00010635573369844666
 1790.123457  3024.691358  0.00010640040757282745
 1790.123457  3148.148148  0.00010646011253690623
 1790.123457  3271.604938  0.00010615162039240984
 1790.123457  3395.061728  0.00010627341585540562
 1790.123457  3518.518519  0.00010613869491862726
 1790.123457  3641.975309  0.00010659650601680537
 1790.123457  3765.432099  0.00010555055504198101
 1790.123457  3888.888889  0.00010733694719883504
 1790.123457  4012.345679  0.00010475926974459551
 1790.123457  4135.802469  0.00010531594365163397
 1790.123457  4259.259259  0.00010798531066330329
 1790.123457  4382.716049  0.00010612861849363185
 1790.123457  4506.172840  0.00010274042170451616
 1790.123457  4629.629630  0.00010647444445785616
 1790.123457  4753.086420  0.00010658268540914508
 1790.123457  4876.543210  0.00011225541642484480

 1913.580247 -5000.000000  0.00002425817575452349
 1913.580247 -4876.543210  0.00010754073507653365
 1913.580247 -4753.086420  0.00010222355272414179
 1913.580247 -4629.629630  0.00010232538665098339
 1913.580247 -4506.172840  0.00009861559026501772
 1913.580247 -4382.716049  0.00010173644412118813
 1913.580247 -4259.259259  0.00010351418729029689
 1913.580247 -4135.802469  0.00010104707253000296
 1913.580247 -4012.345679  0.00010056995264305908
 1913.580247 -3888.888889  0.00010295680512151848
 1913.580247 -3765.432099  0.00010138431800771561
 1913.580247 -3641.975309  0.00010224350031805674
 1913.580247 -3518.518519  0.00010189142208115680
 1913.580247 -3395.061728  0.00010199565966092890
 1913.580247 -3271.604938  0.00010177002767300353
 1913.580247 -3148.148148  0.00010203297006342605
 1913.580247 -3024.691358  0.00010207679556934849
 1913.580247 -2901.234568  0.00010215387403013375
 1913.580247 -2777.777778  0.00010236841772854088
 1913.580247 -2654.320988  0.00010232643104622779
 1913.580247 -2530.864198  0.00010179942083332964
 1913.580247 -2407.407407  0.00010266660188684063
 1913.580247 -2283.950617  0.00010214574385354798
 1913.580247 -2160.493827  0.00010241078752906640
 1913.580247 -2037.037037  0.00010252326529074081
 1913.580247 -1913.580247  0.00010294143143019287
 1913.580247 -1790.123457  0.00010316559178191050
 1913.580247 -1666.666667  0.00010344125357040214
 1913.580247 -1543.209877  0.00010375158702723076
 1913.580247 -1419.753086  0.00010405845452159359
 1913.580247 -1296.296296  0.00010441363738412708
 1913.580247 -1172.839506  0.00010499521912457270
 1913.580247 -1049.382716  0.00010546502013306134
 1913.580247  -925.925926  0.00010602969846152936
 1913.580247  -802.469136  0.00010660795858428133
 1913.580247  -679.012346  0.00010719448710369258
 1913.580247  -555.555556  0.00010772388437140740
 1913.580247  -432.098765  0.00010817080075750916
 1913.580247  -308.641975  0.00010850992608455593
 1913.580247  -185.185185  0.00010874858526396076
 1913.580247   -61.728395  0.00010896564275934293
 1913.580247    61.728395  0.00010896564275934557
 1913.580247   185.185185  0.00010874858526395608
 1913.580247   308.641975  0.00010850992608454961
 1913.580247   432.098765  0.00010817080075750700
 1913.580247   555.555556  0.00010772388437139950
 1913.580247   679.012346  0.00010719448710369231
 1913.580247   802.469136  0.00010660795858427632
 1913.580247   925.925926  0.00010602969846152111
 1913.580247  1049.382716  0.00010546502013305211
 1913.580247  1172.839506  0.00010499521912455725
 1913.580247  1296.296296  0.00010441363738412186
 1913.580247  1419.753086  0.00010405845452158974
 1913.580247  1543.209877  0.00010375158702722267
 1913.580247  1666.666667  0.00010344125357039302
 1913.580247  1790.123457  0.00010316559178189804
 1913.580247  1913.580247  0.00010294143143018612
 1913.580247  2037.037037  0.00010252326529073097
 1913.580247  2160.493827  0.00010241078752905410
 1913.580247  2283.950617  0.00010214574385353612
 1913.580247  2407.407407  0.00010266660188683124
 1913.580247  2530.864198  0.00010179942083331932
 1913.580247  2654.320988  0.00010232643104620883
 1913.580247  2777.777778  0.00010236841772852565
 1913.580247  2901.234568  0.00010215387403012618
 1913.580247  3024.691358  0.00010207679556933990
 1913.580247  3148.148148  0.00010203297006341749
 1913.580247  3271.604938  0.00010177002767299208
 1913.580247  3395.061728  0.00010199565966090956
 1913.580247  3518.518519  0.00010189142208113227
 1913.580247  3641.975309  0.00010224350031802516
 1913.580247  3765.432099  0.00010138431800769651
 1913.580247  3888.888889  0.00010295680512151157
 1913.580247  4012.345679  0.00010056995264305009
 1913.580247  4135.802469  0.00010104707252999778
 1913.580247  4259.259259  0.00010351418729028934
 1913.580247  4382.716049  0.00010173644412117253
 1913.580247  4506.172840  0.00009861559026498980
 1913.580247  4629.629630  0.00010232538665094679
 1913.580247  4753.086420  0.00010222355272411036
 1913.580247  4876.543210  0.00010754073507654529

 2037.037037 -5000.000000  0.00002320522478955797
 2037.037037 -4876.543210  0.00010133653133071652
 2037.037037 -4753.086420  0.00009648422264689843
 2037.037037 -4629.629630  0.00009680570376725905
 2037.037037 -4506.172840  0.00009316060032530278
 2037.037037 -4382.716049  0.00009595108903560570
 2037.037037 -4259.259259  0.00009762196541128501
 2037.037037 -4135.802469  0.00009540182261856847
 2037.037037 -4012.345679  0.00009501583727016974
 2037.037037 -3888.888889  0.00009717621709547848
 2037.037037 -3765.432099  0.00009585131424862549
 2037.037037 -3641.975309  0.00009649462008889256
 2037.037037 -3518.518519  0.00009625632351626401
 2037.037037 -3395.061728  0.00009632201913584524
 2037.037037 -3271.604938  0.00009598863323465420
 2037.037037 -3148.148148  0.00009620723154216854
 2037.037037 -3024.691358  0.00009636491909284574
 2037.037037 -2901.234568  0.00009655775754601286
 2037.037037 -2777.777778  0.00009665940659593685
 2037.037037 -2654.320988  0.00009638350413839299
 2037.037037 -2530.864198  0.00009639575207688723
 2037.037037 -2407.407407  0.00009856277390221881
 2037.037037 -2283.950617  0.00009811152487565371
 2037.037037 -2160.493827  0.00009807810205132277
 2037.037037 -2037.037037  0.00009817834853828362
 2037.037037 -1913.580247  0.00009867695638414433
 2037.037037 -1790.123457  0.00009893783013569095
 2037.037037 -1666.666667  0.00009908604033336483
 2037.037037 -1543.209877  0.00009923981531670285
 2037.037037 -1419.753086  0.00009953403583313485
 2037.037037 -1296.296296  0.00009984036376356341
 2037.037037 -1172.839506  0.00010016233962447754
 2037.037037 -1049.382716  0.00010053108066315110
 2037.037037  -925.925926  0.00010093826591381281
 2037.037037  -802.469136  0.00010137028794053910
 2037.037037  -679.012346  0.00010180496617772190
 2037.037037  -555.555556  0.00010217633940052643
 2037.037037  -432.098765  0.00010245587184979559
 2037.037037  -308.641975  0.00010264456874829031
 2037.037037  -185.185185  0.00010278688277924364
 2037.037037   -61.728395  0.00010298049073675639
 2037.037037    61.728395  0.00010298049073675790
 2037.037037   185.185185  0.00010278688277923804
 2037.037037   308.641975  0.00010264456874828436
 2037.037037   432.098765  0.00010245587184979172
 2037.037037   555.555556  0.00010217633940051936
 2037.037037   679.012346  0.00010180496617772140
 2037.037037   802.469136  0.00010137028794053189
 2037.037037   925.925926  0.00010093826591380380
 2037.037037  1049.382716  0.00010053108066314262
 2037.037037  1172.839506  0.00010016233962446137
 2037.037037  1296.296296  0.00009984036376355576
 2037.037037  1419.753086  0.00009953403583312808
 2037.037037  1543.209877  0.00009923981531669329
 2037.037037  1666.666667  0.00009908604033335420
 2037.037037  1790.123457  0.00009893783013567723
 2037.037037  1913.580247  0.00009867695638413476
 2037.037037  2037.037037  0.00009817834853827036
 2037.037037  2160.493827  0.00009807810205130669
 2037.037037  2283.950617  0.00009811152487563908
 2037.037037  2407.407407  0.00009856277390220481
 2037.037037  2530.864198  0.00009639575207687390
 2037.037037  2654.320988  0.00009638350413837136
 2037.037037  2777.777778  0.00009665940659591885
 2037.037037  2901.234568  0.00009655775754600296
 2037.037037  3024.691358  0.00009636491909283401
 2037.037037  3148.148148  0.00009620723154215633
 2037.037037  3271.604938  0.00009598863323463843
 2037.037037  3395.061728  0.00009632201913582380
 2037.037037  3518.518519  0.00009625632351623806
 2037.037037  3641.975309  0.00009649462008885880
 2037.037037  3765.432099  0.00009585131424860290
 2037.037037  3888.888889  0.00009717621709546702
 2037.037037  4012.345679  0.00009501583727015680
 2037.037037  4135.802469  0.00009540182261856001
 2037.037037  4259.259259  0.00009762196541127488
 2037.037037  4382.716049  0.00009595108903558575
 2037.037037  4506.172840  0.00009316060032527104
 2037.037037  4629.629630  0.00009680570376721935
 2037.037037  4753.086420  0.00009648422264686361
 2037.037037  4876.543210  0.00010133653133072340

 2160.493827 -5000.000000  0.00002236028942065683
 2160.493827 -4876.543210  0.00009683999752592609
 2160.493827 -4753.086420  0.00009226293261302933
 2160.493827 -4629.629630  0.00009271214798723191
 2160.493827 -4506.172840  0.00008914590708027378
 2160.493827 -4382.716049  0.00009173771038415095
 2160.493827 -4259.259259  0.00009333494518388003
 2160.493827 -4135.802469  0.00009126758465792742
 2160.493827 -4012.345679  0.00009093191322423034
 2160.493827 -3888.888889  0.00009293867620606197
 2160.493827 -3765.432099  0.00009176421081478223
 2160.493827 -3641.975309  0.00009229330753595051
 2160.493827 -3518.518519  0.00009212706438252943
 2160.493827 -3395.061728  0.00009217872840963621
 2160.493827 -3271.604938  0.00009178871397370233
 2160.493827 -3148.148148  0.00009196986697351666
 2160.493827 -3024.691358  0.00009217848636680291
 2160.493827 -2901.234568  0.00009244038818204730
 2160.493827 -2777.777778  0.00009245946612726603
 2160.493827 -2654.320988  0.00009206181216065872
 2160.493827 -2530.864198  0.00009237156917577205
 2160.493827 -2407.407407  0.00009434437871322829
 2160.493827 -2283.950617  0.00009405381072357818
 2160.493827 -2160.493827  0.00009379709681980960
 2160.493827 -2037.037037  0.00009392688545702559
 2160.493827 -1913.580247  0.00009440059014875145
 2160.493827 -1790.123457  0.00009468333649769272
 2160.493827 -1666.666667  0.00009474640330345498
 2160.493827 -1543.209877  0.00009480244072559120
 2160.493827 -1419.753086  0.00009508388137596606
 2160.493827 -1296.296296  0.00009531957092696291
 2160.493827 -1172.839506  0.00009534396728095768
 2160.493827 -1049.382716  0.00009562777431327269
 2160.493827  -925.925926  0.00009592543185514030
 2160.493827  -802.469136  0.00009625124217360881
 2160.493827  -679.012346  0.00009656986424405743
 2160.493827  -555.555556  0.00009683326575083586
 2160.493827  -432.098765  0.00009701178013523978
 2160.493827  -308.641975  0.00009711593408468000
 2160.493827  -185.185185  0.00009720068517422291
 2160.493827   -61.728395  0.00009737243992826151
 2160.493827    61.728395  0.00009737243992826420
 2160.493827   185.185185  0.00009720068517421800
 2160.493827   308.641975  0.00009711593408467493
 2160.493827   432.098765  0.00009701178013523735
 2160.493827   555.555556  0.00009683326575082816
 2160.493827   679.012346  0.00009656986424405565
 2160.493827   802.469136  0.00009625124217360139
 2160.493827   925.925926  0.00009592543185513000
 2160.493827  1049.382716  0.00009562777431326318
 2160.493827  1172.839506  0.00009534396728094142
 2160.493827  1296.296296  0.00009531957092695444
 2160.493827  1419.753086  0.00009508388137595858
 2160.493827  1543.209877  0.00009480244072557973
 2160.493827  1666.666667  0.00009474640330344276
 2160.493827  1790.123457  0.00009468333649767670
 2160.493827  1913.580247  0.00009440059014874058
 2160.493827  2037.037037  0.00009392688545700998
 2160.493827  2160.493827  0.00009379709681979110
 2160.493827  2283.950617  0.00009405381072356189
 2160.493827  2407.407407  0.00009434437871321413
 2160.493827  2530.864198  0.00009237156917575929
 2160.493827  2654.320988  0.00009206181216063593
 2160.493827  2777.777778  0.00009245946612724786
 2160.493827  2901.234568  0.00009244038818203590
 2160.493827  3024.691358  0.00009217848636678997
 2160.493827  3148.148148  0.00009196986697350221
 2160.493827  3271.604938  0.00009178871397368509
 2160.493827  3395.061728  0.00009217872840961225
 2160.493827  3518.518519  0.00009212706438250198
 2160.493827  3641.975309  0.00009229330753591651
 2160.493827  3765.432099  0.00009176421081475797
 2160.493827  3888.888889  0.00009293867620604808
 2160.493827  4012.345679  0.00009093191322421622
 2160.493827  4135.802469  0.00009126758465791798
 2160.493827  4259.259259  0.00009333494518386676
 2160.493827  4382.716049  0.00009173771038412924
 2160.493827  4506.172840  0.00008914590708024009
 2160.493827  4629.629630  0.00009271214798719085
 2160.493827  4753.086420  0.00009226293261299308
 2160.493827  4876.543210  0.00009683999752593048

 2283.950617 -5000.000000  0.00002074004336450826
 2283.950617 -4876.543210  0.00009379527887763329
 2283.950617 -4753.086420  0.00008910093431231237
 2283.950617 -4629.629630  0.00008893403961007290
 2283.950617 -4506.172840  0.00008589313540631714
 2283.950617 -4382.716049  0.00008876858867182666
 2283.950617 -4259.259259  0.00009029981678889963
 2283.950617 -4135.802469  0.00008801406853775575
 2283.950617 -4012.345679  0.00008751411828537614
 2283.950617 -3888.888889  0.00008971082148792217
 2283.950617 -3765.432099  0.00008816452630450084
 2283.950617 -3641.975309  0.00008909251012929880
 2283.950617 -3518.518519  0.00008868597730466616
 2283.950617 -3395.061728  0.00008880406764418170
 2283.950617 -3271.604938  0.00008872351309997609
 2283.950617 -3148.148148  0.00008896022816303884
 2283.950617 -3024.691358  0.00008882377605545166
 2283.950617 -2901.234568  0.00008868042257473941
 2283.950617 -2777.777778  0.00008897777388969552
 2283.950617 -2654.320988  0.00008926712308105999
 2283.950617 -2530.864198  0.00008854055354005168
 2283.950617 -2407.407407  0.00008963591536266376
 2283.950617 -2283.950617  0.00008910701313771205
 2283.950617 -2160.493827  0.00008973310838119860
 2283.950617 -2037.037037  0.00008964727943131372
 2283.950617 -1913.580247  0.00008981997294236752
 2283.950617 -1790.123457  0.00008977042779305287
 2283.950617 -1666.666667  0.00008998169006801528
 2283.950617 -1543.209877  0.00009024761374596280
 2283.950617 -1419.753086  0.00009028890627880084
 2283.950617 -1296.296296  0.00009042504224361503
 2283.950617 -1172.839506  0.00009062843857071178
 2283.950617 -1049.382716  0.00009081476380890080
 2283.950617  -925.925926  0.00009102698117499843
 2283.950617  -802.469136  0.00009123361892306196
 2283.950617  -679.012346  0.00009141806823433776
 2283.950617  -555.555556  0.00009159818139980155
 2283.950617  -432.098765  0.00009176444064441328
 2283.950617  -308.641975  0.00009190090670547154
 2283.950617  -185.185185  0.00009199002913206584
 2283.950617   -61.728395  0.00009204309978520613
 2283.950617    61.728395  0.00009204309978521293
 2283.950617   185.185185  0.00009199002913206441
 2283.950617   308.641975  0.00009190090670547032
 2283.950617   432.098765  0.00009176444064441382
 2283.950617   555.555556  0.00009159818139979701
 2283.950617   679.012346  0.00009141806823433729
 2283.950617   802.469136  0.00009123361892305544
 2283.950617   925.925926  0.00009102698117498993
 2283.950617  1049.382716  0.00009081476380889367
 2283.950617  1172.839506  0.00009062843857069696
 2283.950617  1296.296296  0.00009042504224360881
 2283.950617  1419.753086  0.00009028890627879601
 2283.950617  1543.209877  0.00009024761374595298
 2283.950617  1666.666667  0.00008998169006800558
 2283.950617  1790.123457  0.00008977042779304020
 2283.950617  1913.580247  0.00008981997294235921
 2283.950617  2037.037037  0.00008964727943130209
 2283.950617  2160.493827  0.00008973310838118341
 2283.950617  2283.950617  0.00008910701313769799
 2283.950617  2407.407407  0.00008963591536265212
 2283.950617  2530.864198  0.00008854055354003795
 2283.950617  2654.320988  0.00008926712308103669
 2283.950617  2777.777778  0.00008897777388967635
 2283.950617  2901.234568  0.00008868042257472902
 2283.950617  3024.691358  0.00008882377605543958
 2283.950617  3148.148148  0.00008896022816302565
 2283.950617  3271.604938  0.00008872351309995918
 2283.950617  3395.061728  0.00008880406764415686
 2283.950617  3518.518519  0.00008868597730463791
 2283.950617  3641.975309  0.00008909251012926551
 2283.950617  3765.432099  0.00008816452630447757
 2283.950617  3888.888889  0.00008971082148790936
 2283.950617  4012.345679  0.00008751411828536162
 2283.950617  4135.802469  0.00008801406853774619
 2283.950617  4259.259259  0.00009029981678888880
 2283.950617  4382.716049  0.00008876858867180775
 2283.950617  4506.172840  0.00008589313540628444
 2283.950617  4629.629630  0.00008893403961003168
 2283.950617  4753.086420  0.00008910093431227712
 2283.950617  4876.543210  0.00009379527887764219

 2407.407407 -5000.000000  0.00002042085686288892
 2407.407407 -4876.543210  0.00009325514518005717
 2407.407407 -4753.086420  0.00008899952707888295
 2407.407407 -4629.629630  0.00008888073553531129
 2407.407407 -4506.172840  0.00008573756229186878
 2407.407407 -4382.716049  0.00008843399475124555
 2407.407407 -4259.259259  0.00008989986561461520
 2407.407407 -4135.802469  0.00008770280481959249
 2407.407407 -4012.345679  0.00008730953516843684
 2407.407407 -3888.888889  0.00008951486433422912
 2407.407407 -3765.432099  0.00008803865861416823
 2407.407407 -3641.975309  0.00008896941614220266
 2407.407407 -3518.518519  0.00008850115573065541
 2407.407407 -3395.061728  0.00008855411915933804
 2407.407407 -3271.604938  0.00008840843699812460
 2407.407407 -3148.148148  0.00008863079656906446
 2407.407407 -3024.691358  0.00008857111324322491
 2407.407407 -2901.234568  0.00008859493792648660
 2407.407407 -2777.777778  0.00008894333403915496
 2407.407407 -2654.320988  0.00008900082019444453
 2407.407407 -2530.864198  0.00008729388645159715
 2407.407407 -2407.407407  0.00008576432132242646
 2407.407407 -2283.950617  0.00008492282572539603
 2407.407407 -2160.493827  0.00008527343114824468
 2407.407407 -2037.037037  0.00008532454867636413
 2407.407407 -1913.580247  0.00008552937072086578
 2407.407407 -1790.123457  0.00008558409623817997
 2407.407407 -1666.666667  0.00008577024340806215
 2407.407407 -1543.209877  0.00008594615697785932
 2407.407407 -1419.753086  0.00008592722524589960
 2407.407407 -1296.296296  0.00008596982952172417
 2407.407407 -1172.839506  0.00008627170271877470
 2407.407407 -1049.382716  0.00008639980423744168
 2407.407407  -925.925926  0.00008660337874266941
 2407.407407  -802.469136  0.00008680065453298118
 2407.407407  -679.012346  0.00008698216277783787
 2407.407407  -555.555556  0.00008711692274639711
 2407.407407  -432.098765  0.00008719897269443272
 2407.407407  -308.641975  0.00008723038730970556
 2407.407407  -185.185185  0.00008725030075133709
 2407.407407   -61.728395  0.00008738743709650002
 2407.407407    61.728395  0.00008738743709650630
 2407.407407   185.185185  0.00008725030075133728
 2407.407407   308.641975  0.00008723038730970430
 2407.407407   432.098765  0.00008719897269443231
 2407.407407   555.555556  0.00008711692274639329
 2407.407407   679.012346  0.00008698216277783886
 2407.407407   802.469136  0.00008680065453297618
 2407.407407   925.925926  0.00008660337874266342
 2407.407407  1049.382716  0.00008639980423743755
 2407.407407  1172.839506  0.00008627170271876400
 2407.407407  1296.296296  0.00008596982952171990
 2407.407407  1419.753086  0.00008592722524589663
 2407.407407  1543.209877  0.00008594615697785273
 2407.407407  1666.666667  0.00008577024340805512
 2407.407407  1790.123457  0.00008558409623817093
 2407.407407  1913.580247  0.00008552937072086017
 2407.407407  2037.037037  0.00008532454867635618
 2407.407407  2160.493827  0.00008527343114823392
 2407.407407  2283.950617  0.00008492282572538591
 2407.407407  2407.407407  0.00008576432132241884
 2407.407407  2530.864198  0.00008729388645158724
 2407.407407  2654.320988  0.00008900082019442621
 2407.407407  2777.777778  0.00008894333403914044
 2407.407407  2901.234568  0.00008859493792648062
 2407.407407  3024.691358  0.00008857111324321944
 2407.407407  3148.148148  0.00008863079656905835
 2407.407407  3271.604938  0.00008840843699811308
 2407.407407  3395.061728  0.00008855411915931960
 2407.407407  3518.518519  0.00008850115573063263
 2407.407407  3641.975309  0.00008896941614217483
 2407.407407  3765.432099  0.00008803865861415037
 2407.407407  3888.888889  0.00008951486433422335
 2407.407407  4012.345679  0.00008730953516842874
 2407.407407  4135.802469  0.00008770280481958995
 2407.407407  4259.259259  0.00008989986561461302
 2407.407407  4382.716049  0.00008843399475123322
 2407.407407  4506.172840  0.00008573756229184326
 2407.407407  4629.629630  0.00008888073553527641
 2407.407407  4753.086420  0.00008899952707885361
 2407.407407  4876.543210  0.00009325514518007716

 2530.864198 -5000.000000  0.00001836702689159693
 2530.864198 -4876.543210  0.00007824046137988883
 2530.864198 -4753.086420  0.00007705288435135847
 2530.864198 -4629.629630  0.00007793375301371672
 2530.864198 -4506.172840  0.00007423893153685144
 2530.864198 -4382.716049  0.00007517797223695317
 2530.864198 -4259.259259  0.00007616842684506241
 2530.864198 -4135.802469  0.00007508983826980886
 2530.864198 -4012.345679  0.00007541893927855380
 2530.864198 -3888.888889  0.00007703228900101834
 2530.864198 -3765.432099  0.00007666960626334592
 2530.864198 -3641.975309  0.00007663257371205851
 2530.864198 -3518.518519  0.00007636520878950712
 2530.864198 -3395.061728  0.00007596948821307843
 2530.864198 -3271.604938  0.00007512920242593823
 2530.864198 -3148.148148  0.00007530454375322572
 2530.864198 -3024.691358  0.00007614017464626875
 2530.864198 -2901.234568  0.00007708045012093590
 2530.864198 -2777.777778  0.00007737313352455353
 2530.864198 -2654.320988  0.00007565715443143251
 2530.864198 -2530.864198  0.00007360760456831391
 2530.864198 -2407.407407  0.00008222116874295467
 2530.864198 -2283.950617  0.00007904417332755689
 2530.864198 -2160.493827  0.00007839315918363273
 2530.864198 -2037.037037  0.00007831120995857479
 2530.864198 -1913.580247  0.00007986037644410794
 2530.864198 -1790.123457  0.00008036883932999415
 2530.864198 -1666.666667  0.00008030154703062982
 2530.864198 -1543.209877  0.00007992621876672657
 2530.864198 -1419.753086  0.00007977847356976048
 2530.864198 -1296.296296  0.00008017110604970763
 2530.864198 -1172.839506  0.00007942613424040408
 2530.864198 -1049.382716  0.00007990706887954324
 2530.864198  -925.925926  0.00007996703783726400
 2530.864198  -802.469136  0.00008039515327593310
 2530.864198  -679.012346  0.00008076303610736949
 2530.864198  -555.555556  0.00008098170903048209
 2530.864198  -432.098765  0.00008079524168537292
 2530.864198  -308.641975  0.00008039557708240688
 2530.864198  -185.185185  0.00008024109728005156
 2530.864198   -61.728395  0.00008088032358094333
 2530.864198    61.728395  0.00008088032358094604
 2530.864198   185.185185  0.00008024109728004926
 2530.864198   308.641975  0.00008039557708240249
 2530.864198   432.098765  0.00008079524168536856
 2530.864198   555.555556  0.00008098170903047596
 2530.864198   679.012346  0.00008076303610737048
 2530.864198   802.469136  0.00008039515327593057
 2530.864198   925.925926  0.00007996703783725952
 2530.864198  1049.382716  0.00007990706887953606
 2530.864198  1172.839506  0.00007942613424039322
 2530.864198  1296.296296  0.00008017110604970473
 2530.864198  1419.753086  0.00007977847356975613
 2530.864198  1543.209877  0.00007992621876671809
 2530.864198  1666.666667  0.00008030154703062139
 2530.864198  1790.123457  0.00008036883932998342
 2530.864198  1913.580247  0.00007986037644410012
 2530.864198  2037.037037  0.00007831120995856186
 2530.864198  2160.493827  0.00007839315918361583
 2530.864198  2283.950617  0.00007904417332754040
 2530.864198  2407.407407  0.00008222116874294161
 2530.864198  2530.864198  0.00007360760456829445
 2530.864198  2654.320988  0.00007565715443140466
 2530.864198  2777.777778  0.00007737313352453197
 2530.864198  2901.234568  0.00007708045012092121
 2530.864198  3024.691358  0.00007614017464625175
 2530.864198  3148.148148  0.00007530454375320758
 2530.864198  3271.604938  0.00007512920242591527
 2530.864198  3395.061728  0.00007596948821305067
 2530.864198  3518.518519  0.00007636520878947668
 2530.864198  3641.975309  0.00007663257371202414
 2530.864198  3765.432099  0.00007666960626331705
 2530.864198  3888.888889  0.00007703228900099946
 2530.864198  4012.345679  0.00007541893927853679
 2530.864198  4135.802469  0.00007508983826979601
 2530.864198  4259.259259  0.00007616842684504807
 2530.864198  4382.716049  0.00007517797223693113
 2530.864198  4506.172840  0.00007423893153681781
 2530.864198  4629.629630  0.00007793375301367592
 2530.864198  4753.086420  0.00007705288435132136
 2530.864198  4876.543210  0.00007824046137988919

 2654.320988 -5000.000000  0.00001849115901870125
 2654.320988 -4876.543210  0.00007350412094238449
 2654.320988 -4753.086420  0.00007370442402313918
 2654.320988 -4629.629630  0.00007553717181822786
 2654.320988 -4506.172840  0.00007119714776541422
 2654.320988 -4382.716049  0.00007115061324043889
 2654.320988 -4259.259259  0.00007197986246658401
 2654.320988 -4135.802469  0.00007156605514299717
 2654.320988 -4012.345679  0.00007236331393830343
 2654.320988 -3888.888889  0.00007354330910990039
 2654.320988 -3765.432099  0.00007394097145178790
 2654.320988 -3641.975309  0.00007319300372510982
 2654.320988 -3518.518519  0.00007323884791799071
 2654.320988 -3395.061728  0.00007262078833123783
 2654.320988 -3271.604938  0.00007118239475131884
 2654.320988 -3148.148148  0.00007125355841677531
 2654.320988 -3024.691358  0.00007277745648260741
 2654.320988 -2901.234568  0.00007455240157334467
 2654.320988 -2777.777778  0.00007449768870560126
 2654.320988 -2654.320988  0.00007132943281952571
 2654.320988 -2530.864198  0.00006986972187367503
 2654.320988 -2407.407407  0.00007865350818363182
 2654.320988 -2283.950617  0.00007502459061244264
 2654.320988 -2160.493827  0.00007310894423670347
 2654.320988 -2037.037037  0.00007333367816977533
 2654.320988 -1913.580247  0.00007537586060431072
 2654.320988 -1790.123457  0.00007635504104531374
 2654.320988 -1666.666667  0.00007607099448415584
 2654.320988 -1543.209877  0.00007530137432090712
 2654.320988 -1419.753086  0.00007525608730860894
 2654.320988 -1296.296296  0.00007569221336064754
 2654.320988 -1172.839506  0.00007459984733817397
 2654.320988 -1049.382716  0.00007515587093212844
 2654.320988  -925.925926  0.00007521482336545825
 2654.320988  -802.469136  0.00007574246430990034
 2654.320988  -679.012346  0.00007622362652868938
 2654.320988  -555.555556  0.00007646529796634734
 2654.320988  -432.098765  0.00007614503262063359
 2654.320988  -308.641975  0.00007552766390320398
 2654.320988  -185.185185  0.00007526512207054218
 2654.320988   -61.728395  0.00007619270396600389
 2654.320988    61.728395  0.00007619270396600580
 2654.320988   185.185185  0.00007526512207054045
 2654.320988   308.641975  0.00007552766390319841
 2654.320988   432.098765  0.00007614503262062789
 2654.320988   555.555556  0.00007646529796634139
 2654.320988   679.012346  0.00007622362652868843
 2654.320988   802.469136  0.00007574246430989532
 2654.320988   925.925926  0.00007521482336545047
 2654.320988  1049.382716  0.00007515587093211758
 2654.320988  1172.839506  0.00007459984733815873
 2654.320988  1296.296296  0.00007569221336064120
 2654.320988  1419.753086  0.00007525608730860139
 2654.320988  1543.209877  0.00007530137432089599
 2654.320988  1666.666667  0.00007607099448414356
 2654.320988  1790.123457  0.00007635504104529844
 2654.320988  1913.580247  0.00007537586060429700
 2654.320988  2037.037037  0.00007333367816975603
 2654.320988  2160.493827  0.00007310894423668101
 2654.320988  2283.950617  0.00007502459061242028
 2654.320988  2407.407407  0.00007865350818361419
 2654.320988  2530.864198  0.00006986972187365199
 2654.320988  2654.320988  0.00007132943281949514
 2654.320988  2777.777778  0.00007449768870557727
 2654.320988  2901.234568  0.00007455240157332790
 2654.320988  3024.691358  0.00007277745648258812
 2654.320988  3148.148148  0.00007125355841675343
 2654.320988  3271.604938  0.00007118239475129107
 2654.320988  3395.061728  0.00007262078833120474
 2654.320988  3518.518519  0.00007323884791795588
 2654.320988  3641.975309  0.00007319300372507141
 2654.320988  3765.432099  0.00007394097145175564
 2654.320988  3888.888889  0.00007354330910987542
 2654.320988  4012.345679  0.00007236331393828156
 2654.320988  4135.802469  0.00007156605514297963
 2654.320988  4259.259259  0.00007197986246656378
 2654.320988  4382.716049  0.00007115061324040947
 2654.320988  4506.172840  0.00007119714776537359
 2654.320988  4629.629630  0.00007553717181818044
 2654.320988  4753.086420  0.00007370442402309356
 2654.320988  4876.543210  0.00007350412094237973

 2777.777778 -5000.000000  0.00001690155417535718
 2777.777778 -4876.543210  0.00007136854811791453
 2777.777778 -4753.086420  0.00007132148258488806
 2777.777778 -4629.629630  0.00007247250656118585
 2777.777778 -4506.172840  0.00006867258849280726
 2777.777778 -4382.716049  0.00006900052530802654
 2777.777778 -4259.259259  0.00006978765839335325
 2777.777778 -4135.802469  0.00006909669666112354
 2777.777778 -4012.345679  0.00006969689757417914
 2777.777778 -3888.888889  0.00007110840586085557
 2777.777778 -3765.432099  0.00007109762274449281
 2777.777778 -3641.975309  0.00007079699335729916
 2777.777778 -3518.518519  0.00007057400253750877
 2777.777778 -3395.061728  0.00007004251773079741
 2777.777778 -3271.604938  0.00006895547761916577
 2777.777778 -3148.148148  0.00006907976923146021
 2777.777778 -3024.691358  0.00007021170312882896
 2777.777778 -2901.234568  0.00007156755543569620
 2777.777778 -2777.777778  0.00007180645725977377
 2777.777778 -2654.320988  0.00006939930021674460
 2777.777778 -2530.864198  0.00006662533950425004
 2777.777778 -2407.407407  0.00007309642831170353
 2777.777778 -2283.950617  0.00006948926071382200
 2777.777778 -2160.493827  0.00006837313063230214
 2777.777778 -2037.037037  0.00006845957358210758
 2777.777778 -1913.580247  0.00007012879263403624
 2777.777778 -1790.123457  0.00007081571147225842
 2777.777778 -1666.666667  0.00007069327642114041
 2777.777778 -1543.209877  0.00007016186618045243
 2777.777778 -1419.753086  0.00006994863365505538
 2777.777778 -1296.296296  0.00007028952695686067
 2777.777778 -1172.839506  0.00006940208400087876
 2777.777778 -1049.382716  0.00006987122040170377
 2777.777778  -925.925926  0.00006991331468016550
 2777.777778  -802.469136  0.00007036233111839583
 2777.777778  -679.012346  0.00007074905611392869
 2777.777778  -555.555556  0.00007094795475292060
 2777.777778  -432.098765  0.00007067296858195557
 2777.777778  -308.641975  0.00007014357326775352
 2777.777778  -185.185185  0.00006990951212255949
 2777.777778   -61.728395  0.00007069667068726669
 2777.777778    61.728395  0.00007069667068726854
 2777.777778   185.185185  0.00006990951212255856
 2777.777778   308.641975  0.00007014357326774904
 2777.777778   432.098765  0.00007067296858195123
 2777.777778   555.555556  0.00007094795475291552
 2777.777778   679.012346  0.00007074905611392908
 2777.777778   802.469136  0.00007036233111839426
 2777.777778   925.925926  0.00006991331468016132
 2777.777778  1049.382716  0.00006987122040169655
 2777.777778  1172.839506  0.00006940208400086820
 2777.777778  1296.296296  0.00007028952695685797
 2777.777778  1419.753086  0.00006994863365505138
 2777.777778  1543.209877  0.00007016186618044525
 2777.777778  1666.666667  0.00007069327642113305
 2777.777778  1790.123457  0.00007081571147224678
 2777.777778  1913.580247  0.00007012879263402599
 2777.777778  2037.037037  0.00006845957358209324
 2777.777778  2160.493827  0.00006837313063228449
 2777.777778  2283.950617  0.00006948926071380521
 2777.777778  2407.407407  0.00007309642831169023
 2777.777778  2530.864198  0.00006662533950422902
 2777.777778  2654.320988  0.00006939930021671686
 2777.777778  2777.777778  0.00007180645725975301
 2777.777778  2901.234568  0.00007156755543568280
 2777.777778  3024.691358  0.00007021170312881344
 2777.777778  3148.148148  0.00006907976923144320
 2777.777778  3271.604938  0.00006895547761914299
 2777.777778  3395.061728  0.00007004251773076893
 2777.777778  3518.518519  0.00007057400253747796
 2777.777778  3641.975309  0.00007079699335726526
 2777.777778  3765.432099  0.00007109762274446494
 2777.777778  3888.888889  0.00007110840586083603
 2777.777778  4012.345679  0.00006969689757416307
 2777.777778  4135.802469  0.00006909669666111265
 2777.777778  4259.259259  0.00006978765839334009
 2777.777778  4382.716049  0.00006900052530800373
 2777.777778  4506.172840  0.00006867258849277209
 2777.777778  4629.629630  0.00007247250656114356
 2777.777778  4753.086420  0.00007132148258484924
 2777.777778  4876.543210  0.00007136854811791969

 2901.234568 -5000.000000  0.00001515577677097864
 2901.234568 -4876.543210  0.00006650577997872466
 2901.234568 -4753.086420  0.00006631490811147914
 2901.234568 -4629.629630  0.00006703146008023052
 2901.234568 -4506.172840  0.00006373821198624220
 2901.234568 -4382.716049  0.00006426368725906345
 2901.234568 -4259.259259  0.00006498491977956451
 2901.234568 -4135.802469  0.00006416806877330813
 2901.234568 -4012.345679  0.00006461783112714991
 2901.234568 -3888.888889  0.00006608507997508638
 2901.234568 -3765.432099  0.00006583315713230294
 2901.234568 -3641.975309  0.00006581882081383290
 2901.234568 -3518.518519  0.00006546455703847555
 2901.234568 -3395.061728  0.00006500807981511510
 2901.234568 -3271.604938  0.00006418050255937348
 2901.234568 -3148.148148  0.00006432558598677490
 2901.234568 -3024.691358  0.00006516429464637993
 2901.234568 -2901.234568  0.00006619238134306617
 2901.234568 -2777.777778  0.00006658289005299709
 2901.234568 -2654.320988  0.00006477125720200761
 2901.234568 -2530.864198  0.00006150836924881519
 2901.234568 -2407.407407  0.00006662374956623527
 2901.234568 -2283.950617  0.00006325346321325912
 2901.234568 -2160.493827  0.00006265545502503531
 2901.234568 -2037.037037  0.00006264592587450190
 2901.234568 -1913.580247  0.00006401761165776718
 2901.234568 -1790.123457  0.00006449330977863445
 2901.234568 -1666.666667  0.00006446144768399185
 2901.234568 -1543.209877  0.00006409317007110822
 2901.234568 -1419.753086  0.00006380484887462908
 2901.234568 -1296.296296  0.00006407114973528647
 2901.234568 -1172.839506  0.00006335313464201466
 2901.234568 -1049.382716  0.00006375040193267951
 2901.234568  -925.925926  0.00006377228315477742
 2901.234568  -802.469136  0.00006414857045682052
 2901.234568  -679.012346  0.00006446056517929546
 2901.234568  -555.555556  0.00006462335438090955
 2901.234568  -432.098765  0.00006438787018065828
 2901.234568  -308.641975  0.00006394160239627886
 2901.234568  -185.185185  0.00006374419567514399
 2901.234568   -61.728395  0.00006439643151028093
 2901.234568    61.728395  0.00006439643151028318
 2901.234568   185.185185  0.00006374419567514309
 2901.234568   308.641975  0.00006394160239627557
 2901.234568   432.098765  0.00006438787018065489
 2901.234568   555.555556  0.00006462335438090560
 2901.234568   679.012346  0.00006446056517929700
 2901.234568   802.469136  0.00006414857045682040
 2901.234568   925.925926  0.00006377228315477545
 2901.234568  1049.382716  0.00006375040193267458
 2901.234568  1172.839506  0.00006335313464200623
 2901.234568  1296.296296  0.00006407114973528541
 2901.234568  1419.753086  0.00006380484887462699
 2901.234568  1543.209877  0.00006409317007110338
 2901.234568  1666.666667  0.00006446144768398724
 2901.234568  1790.123457  0.00006449330977862728
 2901.234568  1913.580247  0.00006401761165776097
 2901.234568  2037.037037  0.00006264592587449055
 2901.234568  2160.493827  0.00006265545502502168
 2901.234568  2283.950617  0.00006325346321324632
 2901.234568  2407.407407  0.00006662374956622678
 2901.234568  2530.864198  0.00006150836924879618
 2901.234568  2654.320988  0.00006477125720198262
 2901.234568  2777.777778  0.00006658289005297904
 2901.234568  2901.234568  0.00006619238134305600
 2901.234568  3024.691358  0.00006516429464636822
 2901.234568  3148.148148  0.00006432558598676183
 2901.234568  3271.604938  0.00006418050255935505
 2901.234568  3395.061728  0.00006500807981509141
 2901.234568  3518.518519  0.00006546455703844947
 2901.234568  3641.975309  0.00006581882081380404
 2901.234568  3765.432099  0.00006583315713227989
 2901.234568  3888.888889  0.00006608507997507196
 2901.234568  4012.345679  0.00006461783112713869
 2901.234568  4135.802469  0.00006416806877330218
 2901.234568  4259.259259  0.00006498491977955712
 2901.234568  4382.716049  0.00006426368725904722
 2901.234568  4506.172840  0.00006373821198621316
 2901.234568  4629.629630  0.00006703146008019508
 2901.234568  4753.086420  0.00006631490811144757
 2901.234568  4876.543210  0.00006650577997873582

 3024.691358 -5000.000000  0.00001376774331634517
 3024.691358 -4876.543210  0.00005945310761716011
 3024.691358 -4753.086420  0.00005950468126881680
 3024.691358 -4629.629630  0.00006034576300774393
 3024.691358 -4506.172840  0.00005725705712619356
 3024.691358 -4382.716049  0.00005756972271953072
 3024.691358 -4259.259259  0.00005819368311231380
 3024.691358 -4135.802469  0.00005755816644840345
 3024.691358 -4012.345679  0.00005803074012232404
 3024.691358 -3888.888889  0.00005927471901586448
 3024.691358 -3765.432099  0.00005918884636848314
 3024.691358 -3641.975309  0.00005905857766328804
 3024.691358 -3518.518519  0.00005882026231289900
 3024.691358 -3395.061728  0.00005837338081098057
 3024.691358 -3271.604938  0.00005752036472063347
 3024.691358 -3148.148148  0.00005761803405350922
 3024.691358 -3024.691358  0.00005847540508952896
 3024.691358 -2901.234568  0.00005952961367635862
 3024.691358 -2777.777778  0.00005980406897472783
 3024.691358 -2654.320988  0.00005797368158123527
 3024.691358 -2530.864198  0.00005536621016023540
 3024.691358 -2407.407407  0.00006013752428175256
 3024.691358 -2283.950617  0.00005716976210794249
 3024.691358 -2160.493827  0.00005636702277791847
 3024.691358 -2037.037037  0.00005641528681994765
 3024.691358 -1913.580247  0.00005771683918934859
 3024.691358 -1790.123457  0.00005822590089998486
 3024.691358 -1666.666667  0.00005813921775374885
 3024.691358 -1543.209877  0.00005773121457310182
 3024.691358 -1419.753086  0.00005752128404564156
 3024.691358 -1296.296296  0.00005775763044886215
 3024.691358 -1172.839506  0.00005705593875669789
 3024.691358 -1049.382716  0.00005741703304965952
 3024.691358  -925.925926  0.00005743009326316254
 3024.691358  -802.469136  0.00005777392514685659
 3024.691358  -679.012346  0.00005806614661312027
 3024.691358  -555.555556  0.00005821018486002972
 3024.691358  -432.098765  0.00005797854158608064
 3024.691358  -308.641975  0.00005755061292720706
 3024.691358  -185.185185  0.00005736419413061364
 3024.691358   -61.728395  0.00005797538768649058
 3024.691358    61.728395  0.00005797538768649295
 3024.691358   185.185185  0.00005736419413061341
 3024.691358   308.641975  0.00005755061292720409
 3024.691358   432.098765  0.00005797854158607815
 3024.691358   555.555556  0.00005821018486002637
 3024.691358   679.012346  0.00005806614661312124
 3024.691358   802.469136  0.00005777392514685506
 3024.691358   925.925926  0.00005743009326315949
 3024.691358  1049.382716  0.00005741703304965441
 3024.691358  1172.839506  0.00005705593875668980
 3024.691358  1296.296296  0.00005775763044885945
 3024.691358  1419.753086  0.00005752128404563844
 3024.691358  1543.209877  0.00005773121457309671
 3024.691358  1666.666667  0.00005813921775374391
 3024.691358  1790.123457  0.00005822590089997800
 3024.691358  1913.580247  0.00005771683918934336
 3024.691358  2037.037037  0.00005641528681993657
 3024.691358  2160.493827  0.00005636702277790502
 3024.691358  2283.950617  0.00005716976210793056
 3024.691358  2407.407407  0.00006013752428174585
 3024.691358  2530.864198  0.00005536621016021846
 3024.691358  2654.320988  0.00005797368158121199
 3024.691358  2777.777778  0.00005980406897471204
 3024.691358  2901.234568  0.00005952961367634992
 3024.691358  3024.691358  0.00005847540508951886
 3024.691358  3148.148148  0.00005761803405349680
 3024.691358  3271.604938  0.00005752036472061636
 3024.691358  3395.061728  0.00005837338081095888
 3024.691358  3518.518519  0.00005882026231287528
 3024.691358  3641.975309  0.00005905857766326162
 3024.691358  3765.432099  0.00005918884636846240
 3024.691358  3888.888889  0.00005927471901585171
 3024.691358  4012.345679  0.00005803074012231404
 3024.691358  4135.802469  0.00005755816644839799
 3024.691358  4259.259259  0.00005819368311230751
 3024.691358  4382.716049  0.00005756972271951582
 3024.691358  4506.172840  0.00005725705712616711
 3024.691358  4629.629630  0.00006034576300771200
 3024.691358  4753.086420  0.00005950468126878802
 3024.691358  4876.543210  0.00005945310761717072

 3148.148148 -5000.000000  0.00001228330566604159
 3148.148148 -4876.543210  0.00005158869534854672
 3148.148148 -4753.086420  0.00005195611073322869
 3148.148148 -4629.629630  0.00005297272023132093
 3148.148148 -4506.172840  0.00005008231375951177
 3148.148148 -4382.716049  0.00005012565026918911
 3148.148148 -4259.259259  0.00005063852085643998
 3148.148148 -4135.802469  0.00005022313493731974
 3148.148148 -4012.345679  0.00005073538968112563
 3148.148148 -3888.888889  0.00005171523089770145
 3148.148148 -3765.432099  0.00005187217237569047
 3148.148148 -3641.975309  0.00005153977649085815
 3148.148148 -3518.518519  0.00005145363569286013
 3148.148148 -3395.061728  0.00005101420622526468
 3148.148148 -3271.604938  0.00005010562306793712
 3148.148148 -3148.148148  0.00005014440701660673
 3148.148148 -3024.691358  0.00005105250234620564
 3148.148148 -2901.234568  0.00005215968533180690
 3148.148148 -2777.777778  0.00005229120031646059
 3148.148148 -2654.320988  0.00005038884866083463
 3148.148148 -2530.864198  0.00004868076206455857
 3148.148148 -2407.407407  0.00005373939041962491
 3148.148148 -2283.950617  0.00005118785653585521
 3148.148148 -2160.493827  0.00005014285257913045
 3148.148148 -2037.037037  0.00005023971669928657
 3148.148148 -1913.580247  0.00005150497118892237
 3148.148148 -1790.123457  0.00005205991734032431
 3148.148148 -1666.666667  0.00005190611488441381
 3148.148148 -1543.209877  0.00005144154914844778
 3148.148148 -1419.753086  0.00005132525372926365
 3148.148148 -1296.296296  0.00005155658465758240
 3148.148148 -1172.839506  0.00005085297805360946
 3148.148148 -1049.382716  0.00005118654530889165
 3148.148148  -925.925926  0.00005119297162064122
 3148.148148  -802.469136  0.00005150878157971843
 3148.148148  -679.012346  0.00005178255601195664
 3148.148148  -555.555556  0.00005191251933206812
 3148.148148  -432.098765  0.00005168921614254756
 3148.148148  -308.641975  0.00005127760877848374
 3148.148148  -185.185185  0.00005110122545395885
 3148.148148   -61.728395  0.00005167941722729394
 3148.148148    61.728395  0.00005167941722729655
 3148.148148   185.185185  0.00005110122545395849
 3148.148148   308.641975  0.00005127760877848137
 3148.148148   432.098765  0.00005168921614254552
 3148.148148   555.555556  0.00005191251933206489
 3148.148148   679.012346  0.00005178255601195662
 3148.148148   802.469136  0.00005150878157971590
 3148.148148   925.925926  0.00005119297162063602
 3148.148148  1049.382716  0.00005118654530888462
 3148.148148  1172.839506  0.00005085297805360053
 3148.148148  1296.296296  0.00005155658465757699
 3148.148148  1419.753086  0.00005132525372925754
 3148.148148  1543.209877  0.00005144154914843983
 3148.148148  1666.666667  0.00005190611488440670
 3148.148148  1790.123457  0.00005205991734031584
 3148.148148  1913.580247  0.00005150497118891447
 3148.148148  2037.037037  0.00005023971669927345
 3148.148148  2160.493827  0.00005014285257911483
 3148.148148  2283.950617  0.00005118785653584049
 3148.148148  2407.407407  0.00005373939041961653
 3148.148148  2530.864198  0.00004868076206454195
 3148.148148  2654.320988  0.00005038884866081104
 3148.148148  2777.777778  0.00005229120031644399
 3148.148148  2901.234568  0.00005215968533179701
 3148.148148  3024.691358  0.00005105250234619489
 3148.148148  3148.148148  0.00005014440701659356
 3148.148148  3271.604938  0.00005010562306791940
 3148.148148  3395.061728  0.00005101420622524253
 3148.148148  3518.518519  0.00005145363569283623
 3148.148148  3641.975309  0.00005153977649083145
 3148.148148  3765.432099  0.00005187217237566854
 3148.148148  3888.888889  0.00005171523089768649
 3148.148148  4012.345679  0.00005073538968111377
 3148.148148  4135.802469  0.00005022313493731234
 3148.148148  4259.259259  0.00005063852085643107
 3148.148148  4382.716049  0.00005012565026917194
 3148.148148  4506.172840  0.00005008231375948417
 3148.148148  4629.629630  0.00005297272023128832
 3148.148148  4753.086420  0.00005195611073319712
 3148.148148  4876.543210  0.00005158869534855237

 3271.604938 -5000.000000  0.00001062337894972357
 3271.604938 -4876.543210  0.00004449182980803532
 3271.604938 -4753.086420  0.00004496744926138782
 3271.604938 -4629.629630  0.00004591275002000508
 3271.604938 -4506.172840  0.00004337144644460496
 3271.604938 -4382.716049  0.00004333438758365433
 3271.604938 -4259.259259  0.00004375152033259766
 3271.604938 -4135.802469  0.00004342390924524228
 3271.604938 -4012.345679  0.00004388664826070094
 3271.604938 -3888.888889  0.00004472041959282003
 3271.604938 -3765.432099  0.00004488996761990018
 3271.604938 -3641.975309  0.00004458666994347393
 3271.604938 -3518.518519  0.00004453264384198388
 3271.604938 -3395.061728  0.00004415379105908078
 3271.604938 -3271.604938  0.00004331077186502269
 3271.604938 -3148.148148  0.00004332500022118146
 3271.604938 -3024.691358  0.00004413316609498023
 3271.604938 -2901.234568  0.00004513122773906387
 3271.604938 -2777.777778  0.00004522918829504660
 3271.604938 -2654.320988  0.00004354269764073611
 3271.604938 -2530.864198  0.00004228409927370275
 3271.604938 -2407.407407  0.00004717994926991629
 3271.604938 -2283.950617  0.00004501297740886278
 3271.604938 -2160.493827  0.00004405752434865808
 3271.604938 -2037.037037  0.00004412784450358485
 3271.604938 -1913.580247  0.00004525140130486493
 3271.604938 -1790.123457  0.00004573986700280648
 3271.604938 -1666.666667  0.00004558354794513956
 3271.604938 -1543.209877  0.00004515907642811954
 3271.604938 -1419.753086  0.00004507130932545731
 3271.604938 -1296.296296  0.00004528953947397177
 3271.604938 -1172.839506  0.00004467195360167593
 3271.604938 -1049.382716  0.00004493921423956974
 3271.604938  -925.925926  0.00004495279948612373
 3271.604938  -802.469136  0.00004521305892081646
 3271.604938  -679.012346  0.00004545160659461090
 3271.604938  -555.555556  0.00004555988451936352
 3271.604938  -432.098765  0.00004536293587226015
 3271.604938  -308.641975  0.00004501052772427005
 3271.604938  -185.185185  0.00004484653067416531
 3271.604938   -61.728395  0.00004536243379012915
 3271.604938    61.728395  0.00004536243379013129
 3271.604938   185.185185  0.00004484653067416502
 3271.604938   308.641975  0.00004501052772426726
 3271.604938   432.098765  0.00004536293587225800
 3271.604938   555.555556  0.00004555988451935986
 3271.604938   679.012346  0.00004545160659460913
 3271.604938   802.469136  0.00004521305892081180
 3271.604938   925.925926  0.00004495279948611707
 3271.604938  1049.382716  0.00004493921423956146
 3271.604938  1172.839506  0.00004467195360166566
 3271.604938  1296.296296  0.00004528953947396408
 3271.604938  1419.753086  0.00004507130932544881
 3271.604938  1543.209877  0.00004515907642810939
 3271.604938  1666.666667  0.00004558354794513000
 3271.604938  1790.123457  0.00004573986700279552
 3271.604938  1913.580247  0.00004525140130485442
 3271.604938  2037.037037  0.00004412784450356998
 3271.604938  2160.493827  0.00004405752434864001
 3271.604938  2283.950617  0.00004501297740884590
 3271.604938  2407.407407  0.00004717994926990560
 3271.604938  2530.864198  0.00004228409927368454
 3271.604938  2654.320988  0.00004354269764071047
 3271.604938  2777.777778  0.00004522918829502785
 3271.604938  2901.234568  0.00004513122773905167
 3271.604938  3024.691358  0.00004413316609496709
 3271.604938  3148.148148  0.00004332500022116617
 3271.604938  3271.604938  0.00004331077186500285
 3271.604938  3395.061728  0.00004415379105905615
 3271.604938  3518.518519  0.00004453264384195719
 3271.604938  3641.975309  0.00004458666994344468
 3271.604938  3765.432099  0.00004488996761987521
 3271.604938  3888.888889  0.00004472041959280171
 3271.604938  4012.345679  0.00004388664826068590
 3271.604938  4135.802469  0.00004342390924523106
 3271.604938  4259.259259  0.00004375152033258526
 3271.604938  4382.716049  0.00004333438758363359
 3271.604938  4506.172840  0.00004337144644457314
 3271.604938  4629.629630  0.00004591275001996788
 3271.604938  4753.086420  0.00004496744926135222
 3271.604938  4876.543210  0.00004449182980803800

 3395.061728 -5000.000000  0.00000877787773295254
 3395.061728 -4876.543210  0.00003801002266106416
 3395.061728 -4753.086420  0.00003843329345846248
 3395.061728 -4629.629630  0.00003911053686063313
 3395.061728 -4506.172840  0.00003703981999398353
 3395.061728 -4382.716049  0.00003708040281232683
 3395.061728 -4259.259259  0.00003741112554486595
 3395.061728 -4135.802469  0.00003704405084683348
 3395.061728 -4012.345679  0.00003740315925581462
 3395.061728 -3888.888889  0.00003818043375378277
 3395.061728 -3765.432099  0.00003828287093979604
 3395.061728 -3641.975309  0.00003808546655223476
 3395.061728 -3518.518519  0.00003799637412555302
 3395.061728 -3395.061728  0.00003768867126712812
 3395.061728 -3271.604938  0.00003704218361875702
 3395.061728 -3148.148148  0.00003704445209920232
 3395.061728 -3024.691358  0.00003763011047599685
 3395.061728 -2901.234568  0.00003837171599203158
 3395.061728 -2777.777778  0.00003854005025138008
 3395.061728 -2654.320988  0.00003732900769481899
 3395.061728 -2530.864198  0.00003613493429147911
 3395.061728 -2407.407407  0.00004034344452764381
 3395.061728 -2283.950617  0.00003858450753715867
 3395.061728 -2160.493827  0.00003796499997164200
 3395.061728 -2037.037037  0.00003797533042186858
 3395.061728 -1913.580247  0.00003884239334852077
 3395.061728 -1790.123457  0.00003917771529925602
 3395.061728 -1666.666667  0.00003907368774671427
 3395.061728 -1543.209877  0.00003876821240658936
 3395.061728 -1419.753086  0.00003867933220301227
 3395.061728 -1296.296296  0.00003884630441007092
 3395.061728 -1172.839506  0.00003836490370625076
 3395.061728 -1049.382716  0.00003858669375873769
 3395.061728  -925.925926  0.00003858294330477767
 3395.061728  -802.469136  0.00003878698854189116
 3395.061728  -679.012346  0.00003895622677547822
 3395.061728  -555.555556  0.00003903932408622388
 3395.061728  -432.098765  0.00003889486094297394
 3395.061728  -308.641975  0.00003862291980277768
 3395.061728  -185.185185  0.00003850720424162559
 3395.061728   -61.728395  0.00003888363662098831
 3395.061728    61.728395  0.00003888363662099042
 3395.061728   185.185185  0.00003850720424162480
 3395.061728   308.641975  0.00003862291980277480
 3395.061728   432.098765  0.00003889486094297097
 3395.061728   555.555556  0.00003903932408622016
 3395.061728   679.012346  0.00003895622677547566
 3395.061728   802.469136  0.00003878698854188596
 3395.061728   925.925926  0.00003858294330477007
 3395.061728  1049.382716  0.00003858669375872894
 3395.061728  1172.839506  0.00003836490370624004
 3395.061728  1296.296296  0.00003884630441006114
 3395.061728  1419.753086  0.00003867933220300236
 3395.061728  1543.209877  0.00003876821240657735
 3395.061728  1666.666667  0.00003907368774670285
 3395.061728  1790.123457  0.00003917771529924318
 3395.061728  1913.580247  0.00003884239334850819
 3395.061728  2037.037037  0.00003797533042185200
 3395.061728  2160.493827  0.00003796499997162294
 3395.061728  2283.950617  0.00003858450753714037
 3395.061728  2407.407407  0.00004034344452763113
 3395.061728  2530.864198  0.00003613493429145934
 3395.061728  2654.320988  0.00003732900769479110
 3395.061728  2777.777778  0.00003854005025135881
 3395.061728  2901.234568  0.00003837171599201696
 3395.061728  3024.691358  0.00003763011047598213
 3395.061728  3148.148148  0.00003704445209918532
 3395.061728  3271.604938  0.00003704218361873542
 3395.061728  3395.061728  0.00003768867126710127
 3395.061728  3518.518519  0.00003799637412552354
 3395.061728  3641.975309  0.00003808546655220288
 3395.061728  3765.432099  0.00003828287093976732
 3395.061728  3888.888889  0.00003818043375376078
 3395.061728  4012.345679  0.00003740315925579569
 3395.061728  4135.802469  0.00003704405084681907
 3395.061728  4259.259259  0.00003741112554485050
 3395.061728  4382.716049  0.00003708040281230242
 3395.061728  4506.172840  0.00003703981999394684
 3395.061728  4629.629630  0.00003911053686059054
 3395.061728  4753.086420  0.00003843329345842254
 3395.061728  4876.543210  0.00003801002266106509

 3518.518519 -5000.000000  0.00000713418980350718
 3518.518519 -4876.543210  0.00003136868363075287
 3518.518519 -4753.086420  0.00003183099818319895
 3518.518519 -4629.629630  0.00003238062848225347
 3518.518519 -4506.172840  0.00003068321748322205
 3518.518519 -4382.716049  0.00003069156884188920
 3518.518519 -4259.259259  0.00003092978477915911
 3518.518519 -4135.802469  0.00003061604034335481
 3518.518519 -4012.345679  0.00003091953736804546
 3518.518519 -3888.888889  0.00003159076952964698
 3518.518519 -3765.432099  0.00003157825309127881
 3518.518519 -3641.975309  0.00003156292119077893
 3518.518519 -3518.518519  0.00003144387611447335
 3518.518519 -3395.061728  0.00003119869146951161
 3518.518519 -3271.604938  0.00003066528168105947
 3518.518519 -3148.148148  0.00003066327160119848
 3518.518519 -3024.691358  0.00003110284576123951
 3518.518519 -2901.234568  0.00003169809473520799
 3518.518519 -2777.777778  0.00003188286162237670
 3518.518519 -2654.320988  0.00003096463082565635
 3518.518519 -2530.864198  0.00002979248216909571
 3518.518519 -2407.407407  0.00003286837675411890
 3518.518519 -2283.950617  0.00003145331255858336
 3518.518519 -2160.493827  0.00003099589173818066
 3518.518519 -2037.037037  0.00003099642576016387
 3518.518519 -1913.580247  0.00003167576711971292
 3518.518519 -1790.123457  0.00003192679645427697
 3518.518519 -1666.666667  0.00003184676646703612
 3518.518519 -1543.209877  0.00003161664110712518
 3518.518519 -1419.753086  0.00003153588831758955
 3518.518519 -1296.296296  0.00003165027090738551
 3518.518519 -1172.839506  0.00003129827241683077
 3518.518519 -1049.382716  0.00003145658736914722
 3518.518519  -925.925926  0.00003145656281694978
 3518.518519  -802.469136  0.00003160897537460342
 3518.518519  -679.012346  0.00003175191087189768
 3518.518519  -555.555556  0.00003181401534650213
 3518.518519  -432.098765  0.00003169060111288336
 3518.518519  -308.641975  0.00003148245146872205
 3518.518519  -185.185185  0.00003138890379826081
 3518.518519   -61.728395  0.00003168862819024563
 3518.518519    61.728395  0.00003168862819024684
 3518.518519   185.185185  0.00003138890379825943
 3518.518519   308.641975  0.00003148245146871898
 3518.518519   432.098765  0.00003169060111287994
 3518.518519   555.555556  0.00003181401534649806
 3518.518519   679.012346  0.00003175191087189462
 3518.518519   802.469136  0.00003160897537459781
 3518.518519   925.925926  0.00003145656281694208
 3518.518519  1049.382716  0.00003145658736913820
 3518.518519  1172.839506  0.00003129827241681990
 3518.518519  1296.296296  0.00003165027090737501
 3518.518519  1419.753086  0.00003153588831757829
 3518.518519  1543.209877  0.00003161664110711259
 3518.518519  1666.666667  0.00003184676646702376
 3518.518519  1790.123457  0.00003192679645426312
 3518.518519  1913.580247  0.00003167576711969880
 3518.518519  2037.037037  0.00003099642576014603
 3518.518519  2160.493827  0.00003099589173816057
 3518.518519  2283.950617  0.00003145331255856407
 3518.518519  2407.407407  0.00003286837675410488
 3518.518519  2530.864198  0.00002979248216907536
 3518.518519  2654.320988  0.00003096463082562748
 3518.518519  2777.777778  0.00003188286162235409
 3518.518519  2901.234568  0.00003169809473519210
 3518.518519  3024.691358  0.00003110284576122417
 3518.518519  3148.148148  0.00003066327160118059
 3518.518519  3271.604938  0.00003066528168103680
 3518.518519  3395.061728  0.00003119869146948349
 3518.518519  3518.518519  0.00003144387611444215
 3518.518519  3641.975309  0.00003156292119074544
 3518.518519  3765.432099  0.00003157825309124839
 3518.518519  3888.888889  0.00003159076952962263
 3518.518519  4012.345679  0.00003091953736802442
 3518.518519  4135.802469  0.00003061604034333832
 3518.518519  4259.259259  0.00003092978477914165
 3518.518519  4382.716049  0.00003069156884186233
 3518.518519  4506.172840  0.00003068321748318252
 3518.518519  4629.629630  0.00003238062848220795
 3518.518519  4753.086420  0.00003183099818315586
 3518.518519  4876.543210  0.00003136868363075222

 3641.975309 -5000.000000  0.00000546455361107507
 3641.975309 -4876.543210  0.00002359270795690788
 3641.975309 -4753.086420  0.00002439379216676962
 3641.975309 -4629.629630  0.00002502701210406572
 3641.975309 -4506.172840  0.00002356693700997548
 3641.975309 -4382.716049  0.00002334177046092890
 3641.975309 -4259.259259  0.00002345843639414379
 3641.975309 -4135.802469  0.00002332143924047402
 3641.975309 -4012.345679  0.00002366196594501020
 3641.975309 -3888.888889  0.00002411235208572629
 3641.975309 -3765.432099  0.00002434826892853846
 3641.975309 -3641.975309  0.00002412855335510190
 3641.975309 -3518.518519  0.00002412934453173199
 3641.975309 -3395.061728  0.00002388043716224077
 3641.975309 -3271.604938  0.00002333900836050376
 3641.975309 -3148.148148  0.00002327994213816812
 3641.975309 -3024.691358  0.00002373832194968634
 3641.975309 -2901.234568  0.00002435571511451729
 3641.975309 -2777.777778  0.00002445621524209937
 3641.975309 -2654.320988  0.00002353309263775488
 3641.975309 -2530.864198  0.00002293924578358504
 3641.975309 -2407.407407  0.00002569986532523663
 3641.975309 -2283.950617  0.00002466362740492296
 3641.975309 -2160.493827  0.00002405043707642164
 3641.975309 -2037.037037  0.00002411008224555116
 3641.975309 -1913.580247  0.00002470798872015090
 3641.975309 -1790.123457  0.00002498695552814445
 3641.975309 -1666.666667  0.00002487394216116212
 3641.975309 -1543.209877  0.00002462131152741213
 3641.975309 -1419.753086  0.00002461855044531055
 3641.975309 -1296.296296  0.00002471152330016583
 3641.975309 -1172.839506  0.00002437170605149555
 3641.975309 -1049.382716  0.00002452616846404134
 3641.975309  -925.925926  0.00002451529814264870
 3641.975309  -802.469136  0.00002465546004606027
 3641.975309  -679.012346  0.00002477128312867984
 3641.975309  -555.555556  0.00002482493188846344
 3641.975309  -432.098765  0.00002472349919963171
 3641.975309  -308.641975  0.00002453139244389821
 3641.975309  -185.185185  0.00002446168083276575
 3641.975309   -61.728395  0.00002470695649553017
 3641.975309    61.728395  0.00002470695649553101
 3641.975309   185.185185  0.00002446168083276395
 3641.975309   308.641975  0.00002453139244389452
 3641.975309   432.098765  0.00002472349919962812
 3641.975309   555.555556  0.00002482493188845908
 3641.975309   679.012346  0.00002477128312867648
 3641.975309   802.469136  0.00002465546004605417
 3641.975309   925.925926  0.00002451529814264035
 3641.975309  1049.382716  0.00002452616846403150
 3641.975309  1172.839506  0.00002437170605148407
 3641.975309  1296.296296  0.00002471152330015398
 3641.975309  1419.753086  0.00002461855044529768
 3641.975309  1543.209877  0.00002462131152739890
 3641.975309  1666.666667  0.00002487394216114907
 3641.975309  1790.123457  0.00002498695552812994
 3641.975309  1913.580247  0.00002470798872013564
 3641.975309  2037.037037  0.00002411008224553191
 3641.975309  2160.493827  0.00002405043707640000
 3641.975309  2283.950617  0.00002466362740490220
 3641.975309  2407.407407  0.00002569986532522200
 3641.975309  2530.864198  0.00002293924578356453
 3641.975309  2654.320988  0.00002353309263772617
 3641.975309  2777.777778  0.00002445621524207686
 3641.975309  2901.234568  0.00002435571511450142
 3641.975309  3024.691358  0.00002373832194967100
 3641.975309  3148.148148  0.00002327994213815007
 3641.975309  3271.604938  0.00002333900836048073
 3641.975309  3395.061728  0.00002388043716221251
 3641.975309  3518.518519  0.00002412934453170055
 3641.975309  3641.975309  0.00002412855335506828
 3641.975309  3765.432099  0.00002434826892850789
 3641.975309  3888.888889  0.00002411235208570100
 3641.975309  4012.345679  0.00002366196594498854
 3641.975309  4135.802469  0.00002332143924045657
 3641.975309  4259.259259  0.00002345843639412525
 3641.975309  4382.716049  0.00002334177046090090
 3641.975309  4506.172840  0.00002356693700993483
 3641.975309  4629.629630  0.00002502701210401932
 3641.975309  4753.086420  0.00002439379216672513
 3641.975309  4876.543210  0.00002359270795690594

 3765.432099 -5000.000000  0.00000364724668098999
 3765.432099 -4876.543210  0.00001793308495563255
 3765.432099 -4753.086420  0.00001865016186655147
 3765.432099 -4629.629630  0.00001882801780930174
 3765.432099 -4506.172840  0.00001789293010099199
 3765.432099 -4382.716049  0.00001782255282334211
 3765.432099 -4259.259259  0.00001787219507568299
 3765.432099 -4135.802469  0.00001767619100052612
 3765.432099 -4012.345679  0.00001781852913081925
 3765.432099 -3888.888889  0.00001831319724095617
 3765.432099 -3765.432099  0.00001820800497285869
 3765.432099 -3641.975309  0.00001836970553748056
 3765.432099 -3518.518519  0.00001819847905863997
 3765.432099 -3395.061728  0.00001811614858322211
 3765.432099 -3271.604938  0.00001773528806959219
 3765.432099 -3148.148148  0.00001770722895638883
 3765.432099 -3024.691358  0.00001789705104827901
 3765.432099 -2901.234568  0.00001827543954050110
 3765.432099 -2777.777778  0.00001846760338387841
 3765.432099 -2654.320988  0.00001802018097220898
 3765.432099 -2530.864198  0.00001708476535262913
 3765.432099 -2407.407407  0.00001808636195722672
 3765.432099 -2283.950617  0.00001727570042749697
 3765.432099 -2160.493827  0.00001717499481983708
 3765.432099 -2037.037037  0.00001712214771820340
 3765.432099 -1913.580247  0.00001745502320623476
 3765.432099 -1790.123457  0.00001755504212361239
 3765.432099 -1666.666667  0.00001754578469470769
 3765.432099 -1543.209877  0.00001745179208928022
 3765.432099 -1419.753086  0.00001732641700295403
 3765.432099 -1296.296296  0.00001747738331543428
 3765.432099 -1172.839506  0.00001732807893864622
 3765.432099 -1049.382716  0.00001727501238995176
 3765.432099  -925.925926  0.00001737561779577532
 3765.432099  -802.469136  0.00001740193082563407
 3765.432099  -679.012346  0.00001748582263512819
 3765.432099  -555.555556  0.00001750797610826396
 3765.432099  -432.098765  0.00001744802029148882
 3765.432099  -308.641975  0.00001737650856193668
 3765.432099  -185.185185  0.00001723798406035089
 3765.432099   -61.728395  0.00001751645564685975
 3765.432099    61.728395  0.00001751645564685956
 3765.432099   185.185185  0.00001723798406034866
 3765.432099   308.641975  0.00001737650856193267
 3765.432099   432.098765  0.00001744802029148484
 3765.432099   555.555556  0.00001750797610825968
 3765.432099   679.012346  0.00001748582263512524
 3765.432099   802.469136  0.00001740193082562907
 3765.432099   925.925926  0.00001737561779576864
 3765.432099  1049.382716  0.00001727501238994350
 3765.432099  1172.839506  0.00001732807893863647
 3765.432099  1296.296296  0.00001747738331542440
 3765.432099  1419.753086  0.00001732641700294391
 3765.432099  1543.209877  0.00001745179208926931
 3765.432099  1666.666667  0.00001754578469469700
 3765.432099  1790.123457  0.00001755504212360054
 3765.432099  1913.580247  0.00001745502320622227
 3765.432099  2037.037037  0.00001712214771818743
 3765.432099  2160.493827  0.00001717499481981908
 3765.432099  2283.950617  0.00001727570042747986
 3765.432099  2407.407407  0.00001808636195721477
 3765.432099  2530.864198  0.00001708476535260962
 3765.432099  2654.320988  0.00001802018097218191
 3765.432099  2777.777778  0.00001846760338385700
 3765.432099  2901.234568  0.00001827543954048639
 3765.432099  3024.691358  0.00001789705104826562
 3765.432099  3148.148148  0.00001770722895637296
 3765.432099  3271.604938  0.00001773528806957152
 3765.432099  3395.061728  0.00001811614858319578
 3765.432099  3518.518519  0.00001819847905861066
 3765.432099  3641.975309  0.00001836970553744908
 3765.432099  3765.432099  0.00001820800497283046
 3765.432099  3888.888889  0.00001831319724093397
 3765.432099  4012.345679  0.00001781852913080015
 3765.432099  4135.802469  0.00001767619100051065
 3765.432099  4259.259259  0.00001787219507566716
 3765.432099  4382.716049  0.00001782255282331688
 3765.432099  4506.172840  0.00001789293010095339
 3765.432099  4629.629630  0.00001882801780925745
 3765.432099  4753.086420  0.00001865016186651013
 3765.432099  4876.543210  0.00001793308495563462

 3888.888889 -5000.000000  0.00000137028711797753
 3888.888889 -4876.543210  0.00000892709115914505
 3888.888889 -4753.086420  0.00000979959446276972
 3888.888889 -4629.629630  0.00000987244600123846
 3888.888889 -4506.172840  0.00000939709547792625
 3888.888889 -4382.716049  0.00000923934754416920
 3888.888889 -4259.259259  0.00000914184599780920
 3888.888889 -4135.802469  0.00000899739794933914
 3888.888889 -4012.345679  0.00000913739647615643
 3888.888889 -3888.888889  0.00000945990461726480
 3888.888889 -3765.432099  0.00000945812399233907
 3888.888889 -3641.975309  0.00000964825700481978
 3888.888889 -3518.518519  0.00000952488545805803
 3888.888889 -3395.061728  0.00000941745989983614
 3888.888889 -3271.604938  0.00000924674641428378
 3888.888889 -3148.148148  0.00000918393013648722
 3888.888889 -3024.691358  0.00000920481466029423
 3888.888889 -2901.234568  0.00000935349640513455
 3888.888889 -2777.777778  0.00000960736072618787
 3888.888889 -2654.320988  0.00000959173973917089
 3888.888889 -2530.864198  0.00000874049561395329
 3888.888889 -2407.407407  0.00000903252205876295
 3888.888889 -2283.950617  0.00000869804364517445
 3888.888889 -2160.493827  0.00000875454796814384
 3888.888889 -2037.037037  0.00000872560219614696
 3888.888889 -1913.580247  0.00000882030984326034
 3888.888889 -1790.123457  0.00000881424943276276
 3888.888889 -1666.666667  0.00000882267149900005
 3888.888889 -1543.209877  0.00000882133498413438
 3888.888889 -1419.753086  0.00000878686609130590
 3888.888889 -1296.296296  0.00000876660293473331
 3888.888889 -1172.839506  0.00000874816844752804
 3888.888889 -1049.382716  0.00000877011831078535
 3888.888889  -925.925926  0.00000876704837013298
 3888.888889  -802.469136  0.00000879198374643872
 3888.888889  -679.012346  0.00000881057262168042
 3888.888889  -555.555556  0.00000881720228949554
 3888.888889  -432.098765  0.00000879918980092291
 3888.888889  -308.641975  0.00000877076083129815
 3888.888889  -185.185185  0.00000876551111290110
 3888.888889   -61.728395  0.00000879425902565104
 3888.888889    61.728395  0.00000879425902565006
 3888.888889   185.185185  0.00000876551111289800
 3888.888889   308.641975  0.00000877076083129401
 3888.888889   432.098765  0.00000879918980091924
 3888.888889   555.555556  0.00000881720228949203
 3888.888889   679.012346  0.00000881057262167729
 3888.888889   802.469136  0.00000879198374643375
 3888.888889   925.925926  0.00000876704837012618
 3888.888889  1049.382716  0.00000877011831077746
 3888.888889  1172.839506  0.00000874816844751921
 3888.888889  1296.296296  0.00000876660293472448
 3888.888889  1419.753086  0.00000878686609129698
 3888.888889  1543.209877  0.00000882133498412525
 3888.888889  1666.666667  0.00000882267149899159
 3888.888889  1790.123457  0.00000881424943275370
 3888.888889  1913.580247  0.00000882030984324974
 3888.888889  2037.037037  0.00000872560219613248
 3888.888889  2160.493827  0.00000875454796812748
 3888.888889  2283.950617  0.00000869804364515988
 3888.888889  2407.407407  0.00000903252205875514
 3888.888889  2530.864198  0.00000874049561393628
 3888.888889  2654.320988  0.00000959173973914577
 3888.888889  2777.777778  0.00000960736072616969
 3888.888889  2901.234568  0.00000935349640512297
 3888.888889  3024.691358  0.00000920481466028370
 3888.888889  3148.148148  0.00000918393013647380
 3888.888889  3271.604938  0.00000924674641426569
 3888.888889  3395.061728  0.00000941745989981361
 3888.888889  3518.518519  0.00000952488545803267
 3888.888889  3641.975309  0.00000964825700479259
 3888.888889  3765.432099  0.00000945812399231467
 3888.888889  3888.888889  0.00000945990461724538
 3888.888889  4012.345679  0.00000913739647614045
 3888.888889  4135.802469  0.00000899739794932654
 3888.888889  4259.259259  0.00000914184599779608
 3888.888889  4382.716049  0.00000923934754414713
 3888.888889  4506.172840  0.00000939709547789191
 3888.888889  4629.629630  0.00000987244600119969
 3888.888889  4753.086420  0.00000979959446273324
 3888.888889  4876.543210  0.00000892709115914928

 4012.345679 -5000.000000  -0.00000047135851430814
 4012.345679 -4876.543210  0.00000193202429897072
 4012.345679 -4753.086420  0.00000310188778021868
 4012.345679 -4629.629630  0.00000309824661450053
 4012.345679 -4506.172840  0.00000290668082283745
 4012.345679 -4382.716049  0.00000260565511123722
 4012.345679 -4259.259259  0.00000239604274663237
 4012.345679 -4135.802469  0.00000237335689242747
 4012.345679 -4012.345679  0.00000249614560771021
 4012.345679 -3888.888889  0.00000268889035862795
 4012.345679 -3765.432099  0.00000278008187497178
 4012.345679 -3641.975309  0.00000279814037956291
 4012.345679 -3518.518519  0.00000277646060127876
 4012.345679 -3395.061728  0.00000267571122721805
 4012.345679 -3271.604938  0.00000248851204003592
 4012.345679 -3148.148148  0.00000238440092040907
 4012.345679 -3024.691358  0.00000242061230906192
 4012.345679 -2901.234568  0.00000259473475852249
 4012.345679 -2777.777778  0.00000275459805867870
 4012.345679 -2654.320988  0.00000273302100302061
 4012.345679 -2530.864198  0.00000241727201042240
 4012.345679 -2407.407407  0.00000231720514162923
 4012.345679 -2283.950617  0.00000234857850092493
 4012.345679 -2160.493827  0.00000224984610761192
 4012.345679 -2037.037037  0.00000227101349607058
 4012.345679 -1913.580247  0.00000230174972252407
 4012.345679 -1790.123457  0.00000232733513762023
 4012.345679 -1666.666667  0.00000230050332120046
 4012.345679 -1543.209877  0.00000227658384202108
 4012.345679 -1419.753086  0.00000231061968665913
 4012.345679 -1296.296296  0.00000228835359149703
 4012.345679 -1172.839506  0.00000230100500346858
 4012.345679 -1049.382716  0.00000228245399817985
 4012.345679  -925.925926  0.00000229575487784828
 4012.345679  -802.469136  0.00000229473021644402
 4012.345679  -679.012346  0.00000230299881799140
 4012.345679  -555.555556  0.00000229973759101798
 4012.345679  -432.098765  0.00000229551205690163
 4012.345679  -308.641975  0.00000229351132260352
 4012.345679  -185.185185  0.00000228890489039945
 4012.345679   -61.728395  0.00000229715338312547
 4012.345679    61.728395  0.00000229715338312435
 4012.345679   185.185185  0.00000228890489039666
 4012.345679   308.641975  0.00000229351132259989
 4012.345679   432.098765  0.00000229551205689850
 4012.345679   555.555556  0.00000229973759101523
 4012.345679   679.012346  0.00000230299881798843
 4012.345679   802.469136  0.00000229473021643947
 4012.345679   925.925926  0.00000229575487784199
 4012.345679  1049.382716  0.00000228245399817259
 4012.345679  1172.839506  0.00000230100500346081
 4012.345679  1296.296296  0.00000228835359148914
 4012.345679  1419.753086  0.00000231061968665110
 4012.345679  1543.209877  0.00000227658384201314
 4012.345679  1666.666667  0.00000230050332119309
 4012.345679  1790.123457  0.00000232733513761249
 4012.345679  1913.580247  0.00000230174972251466
 4012.345679  2037.037037  0.00000227101349605762
 4012.345679  2160.493827  0.00000224984610759748
 4012.345679  2283.950617  0.00000234857850091205
 4012.345679  2407.407407  0.00000231720514162336
 4012.345679  2530.864198  0.00000241727201040726
 4012.345679  2654.320988  0.00000273302100299869
 4012.345679  2777.777778  0.00000275459805866310
 4012.345679  2901.234568  0.00000259473475851297
 4012.345679  3024.691358  0.00000242061230905401
 4012.345679  3148.148148  0.00000238440092039865
 4012.345679  3271.604938  0.00000248851204002108
 4012.345679  3395.061728  0.00000267571122719894
 4012.345679  3518.518519  0.00000277646060125700
 4012.345679  3641.975309  0.00000279814037953987
 4012.345679  3765.432099  0.00000278008187495093
 4012.345679  3888.888889  0.00000268889035861164
 4012.345679  4012.345679  0.00000249614560769720
 4012.345679  4135.802469  0.00000237335689241766
 4012.345679  4259.259259  0.00000239604274662242
 4012.345679  4382.716049  0.00000260565511121882
 4012.345679  4506.172840  0.00000290668082280710
 4012.345679  4629.629630  0.00000309824661446617
 4012.345679  4753.086420  0.00000310188778018667
 4012.345679  4876.543210  0.00000193202429897783

 4135.802469 -5000.000000  -0.00000267933074954940
 4135.802469 -4876.543210  -0.00000674682162528317
 4135.802469 -4753.086420  -0.00000556314417394163
 4135.802469 -4629.629630  -0.00000572496011262013
 4135.802469 -4506.172840  -0.00000543591857427393
 4135.802469 -4382.716049  -0.00000575782491849139
 4135.802469 -4259.259259  -0.00000607451315323435
 4135.802469 -4135.802469  -0.00000604363316861063
 4135.802469 -4012.345679  -0.00000600645786082743
 4135.802469 -3888.888889  -0.00000597305349862440
 4135.802469 -3765.432099  -0.00000585971910008526
 4135.802469 -3641.975309  -0.00000574076524085958
 4135.802469 -3518.518519  -0.00000578117671085253
 4135.802469 -3395.061728  -0.00000580782849208069
 4135.802469 -3271.604938  -0.00000580467817917039
 4135.802469 -3148.148148  -0.00000592822441609278
 4135.802469 -3024.691358  -0.00000610172547561747
 4135.802469 -2901.234568  -0.00000615685809884195
 4135.802469 -2777.777778  -0.00000595183116703324
 4135.802469 -2654.320988  -0.00000552978637065004
 4135.802469 -2530.864198  -0.00000576598122231410
 4135.802469 -2407.407407  -0.00000728456184865236
 4135.802469 -2283.950617  -0.00000679748503613220
 4135.802469 -2160.493827  -0.00000660928704666853
 4135.802469 -2037.037037  -0.00000660994396376562
 4135.802469 -1913.580247  -0.00000685845361153622
 4135.802469 -1790.123457  -0.00000695724354557445
 4135.802469 -1666.666667  -0.00000692397502136235
 4135.802469 -1543.209877  -0.00000683177166856379
 4135.802469 -1419.753086  -0.00000680077248155584
 4135.802469 -1296.296296  -0.00000685772871519729
 4135.802469 -1172.839506  -0.00000671067929152374
 4135.802469 -1049.382716  -0.00000678055696850303
 4135.802469  -925.925926  -0.00000676823737618960
 4135.802469  -802.469136  -0.00000682296938277160
 4135.802469  -679.012346  -0.00000687665766677055
 4135.802469  -555.555556  -0.00000690090308820565
 4135.802469  -432.098765  -0.00000685115973405015
 4135.802469  -308.641975  -0.00000677282465549001
 4135.802469  -185.185185  -0.00000674135607479807
 4135.802469   -61.728395  -0.00000684878449253057
 4135.802469    61.728395  -0.00000684878449253207
 4135.802469   185.185185  -0.00000674135607480112
 4135.802469   308.641975  -0.00000677282465549317
 4135.802469   432.098765  -0.00000685115973405245
 4135.802469   555.555556  -0.00000690090308820726
 4135.802469   679.012346  -0.00000687665766677304
 4135.802469   802.469136  -0.00000682296938277552
 4135.802469   925.925926  -0.00000676823737619505
 4135.802469  1049.382716  -0.00000678055696850909
 4135.802469  1172.839506  -0.00000671067929153003
 4135.802469  1296.296296  -0.00000685772871520384
 4135.802469  1419.753086  -0.00000680077248156269
 4135.802469  1543.209877  -0.00000683177166857020
 4135.802469  1666.666667  -0.00000692397502136769
 4135.802469  1790.123457  -0.00000695724354557957
 4135.802469  1913.580247  -0.00000685845361154361
 4135.802469  2037.037037  -0.00000660994396377660
 4135.802469  2160.493827  -0.00000660928704668082
 4135.802469  2283.950617  -0.00000679748503614226
 4135.802469  2407.407407  -0.00000728456184865450
 4135.802469  2530.864198  -0.00000576598122232725
 4135.802469  2654.320988  -0.00000552978637067007
 4135.802469  2777.777778  -0.00000595183116704651
 4135.802469  2901.234568  -0.00000615685809884927
 4135.802469  3024.691358  -0.00000610172547562313
 4135.802469  3148.148148  -0.00000592822441610104
 4135.802469  3271.604938  -0.00000580467817918288
 4135.802469  3395.061728  -0.00000580782849209681
 4135.802469  3518.518519  -0.00000578117671087109
 4135.802469  3641.975309  -0.00000574076524087913
 4135.802469  3765.432099  -0.00000585971910010295
 4135.802469  3888.888889  -0.00000597305349863811
 4135.802469  4012.345679  -0.00000600645786083763
 4135.802469  4135.802469  -0.00000604363316861805
 4135.802469  4259.259259  -0.00000607451315324175
 4135.802469  4382.716049  -0.00000575782491850667
 4135.802469  4506.172840  -0.00000543591857430027
 4135.802469  4629.629630  -0.00000572496011264949
 4135.802469  4753.086420  -0.00000556314417396921
 4135.802469  4876.543210  -0.00000674682162527405

 4259.259259 -5000.000000  -0.00000524618744608030
 4259.259259 -4876.543210  -0.00001706208778026616
 4259.259259 -4753.086420  -0.00001585900939147604
 4259.259259 -4629.629630  -0.00001616480883267002
 4259.259259 -4506.172840  -0.00001531632422080369
 4259.259259 -4382.716049  -0.00001568336146828072
 4259.259259 -4259.259259  -0.00001613567576619291
 4259.259259 -4135.802469  -0.00001602723364967177
 4259.259259 -4012.345679  -0.00001608797315815143
 4259.259259 -3888.888889  -0.00001625084199252217
 4259.259259 -3765.432099  -0.00001620339475024044
 4259.259259 -3641.975309  -0.00001584337163476325
 4259.259259 -3518.518519  -0.00001592653851130603
 4259.259259 -3395.061728  -0.00001585061411152735
 4259.259259 -3271.604938  -0.00001563181182456224
 4259.259259 -3148.148148  -0.00001576861326521920
 4259.259259 -3024.691358  -0.00001620723669890267
 4259.259259 -2901.234568  -0.00001655254851172634
 4259.259259 -2777.777778  -0.00001628525313773042
 4259.259259 -2654.320988  -0.00001530137321703964
 4259.259259 -2530.864198  -0.00001538610801241437
 4259.259259 -2407.407407  -0.00001792780670961395
 4259.259259 -2283.950617  -0.00001692214156640851
 4259.259259 -2160.493827  -0.00001634340962457095
 4259.259259 -2037.037037  -0.00001640898085182342
 4259.259259 -1913.580247  -0.00001696011284200910
 4259.259259 -1790.123457  -0.00001723379309631942
 4259.259259 -1666.666667  -0.00001713923949768830
 4259.259259 -1543.209877  -0.00001689892065466684
 4259.259259 -1419.753086  -0.00001686599119817675
 4259.259259 -1296.296296  -0.00001697889091777343
 4259.259259 -1172.839506  -0.00001663388699949357
 4259.259259 -1049.382716  -0.00001678683772936980
 4259.259259  -925.925926  -0.00001677084783743644
 4259.259259  -802.469136  -0.00001690318798572751
 4259.259259  -679.012346  -0.00001701709412579006
 4259.259259  -555.555556  -0.00001707031181404109
 4259.259259  -432.098765  -0.00001696605589876012
 4259.259259  -308.641975  -0.00001677823194199514
 4259.259259  -185.185185  -0.00001670350430077007
 4259.259259   -61.728395  -0.00001695153871838776
 4259.259259    61.728395  -0.00001695153871838958
 4259.259259   185.185185  -0.00001670350430077345
 4259.259259   308.641975  -0.00001677823194199817
 4259.259259   432.098765  -0.00001696605589876192
 4259.259259   555.555556  -0.00001707031181404173
 4259.259259   679.012346  -0.00001701709412579275
 4259.259259   802.469136  -0.00001690318798573155
 4259.259259   925.925926  -0.00001677084783744204
 4259.259259  1049.382716  -0.00001678683772937572
 4259.259259  1172.839506  -0.00001663388699949912
 4259.259259  1296.296296  -0.00001697889091778004
 4259.259259  1419.753086  -0.00001686599119818368
 4259.259259  1543.209877  -0.00001689892065467289
 4259.259259  1666.666667  -0.00001713923949769296
 4259.259259  1790.123457  -0.00001723379309632340
 4259.259259  1913.580247  -0.00001696011284201624
 4259.259259  2037.037037  -0.00001640898085183436
 4259.259259  2160.493827  -0.00001634340962458328
 4259.259259  2283.950617  -0.00001692214156641765
 4259.259259  2407.407407  -0.00001792780670961426
 4259.259259  2530.864198  -0.00001538610801242694
 4259.259259  2654.320988  -0.00001530137321705993
 4259.259259  2777.777778  -0.00001628525313774329
 4259.259259  2901.234568  -0.00001655254851173323
 4259.259259  3024.691358  -0.00001620723669890784
 4259.259259  3148.148148  -0.00001576861326522743
 4259.259259  3271.604938  -0.00001563181182457462
 4259.259259  3395.061728  -0.00001585061411154305
 4259.259259  3518.518519  -0.00001592653851132414
 4259.259259  3641.975309  -0.00001584337163478236
 4259.259259  3765.432099  -0.00001620339475025740
 4259.259259  3888.888889  -0.00001625084199253627
 4259.259259  4012.345679  -0.00001608797315816155
 4259.259259  4135.802469  -0.00001602723364967927
 4259.259259  4259.259259  -0.00001613567576620042
 4259.259259  4382.716049  -0.00001568336146829574
 4259.259259  4506.172840  -0.00001531632422082944
 4259.259259  4629.629630  -0.00001616480883269797
 4259.259259  4753.086420  -0.00001585900939150277
 4259.259259  4876.543210  -0.00001706208778025745

 4382.716049 -5000.000000  -0.00000703793557236950
 4382.716049 -4876.543210  -0.00002516495868202568
 4382.716049 -4753.086420  -0.00002387904395055005
 4382.716049 -4629.629630  -0.00002416814550348981
 4382.716049 -4506.172840  -0.00002297110605106113
 4382.716049 -4382.716049  -0.00002345736717976379
 4382.716049 -4259.259259  -0.00002401354395651144
 4382.716049 -4135.802469  -0.00002378332749206886
 4382.716049 -4012.345679  -0.00002387214762793763
 4382.716049 -3888.888889  -0.00002424429304542292
 4382.716049 -3765.432099  -0.00002413678022669859
 4382.716049 -3641.975309  -0.00002376906496317826
 4382.716049 -3518.518519  -0.00002379214606221773
 4382.716049 -3395.061728  -0.00002365856779951396
 4382.716049 -3271.604938  -0.00002336213783983913
 4382.716049 -3148.148148  -0.00002352951427191133
 4382.716049 -3024.691358  -0.00002406589167437789
 4382.716049 -2901.234568  -0.00002452788612716899
 4382.716049 -2777.777778  -0.00002430716196205150
 4382.716049 -2654.320988  -0.00002309234658169498
 4382.716049 -2530.864198  -0.00002259440338390271
 4382.716049 -2407.407407  -0.00002519077065800242
 4382.716049 -2283.950617  -0.00002371373750557844
 4382.716049 -2160.493827  -0.00002307664908809069
 4382.716049 -2037.037037  -0.00002315182976194856
 4382.716049 -1913.580247  -0.00002385098887087605
 4382.716049 -1790.123457  -0.00002418278377442814
 4382.716049 -1666.666667  -0.00002409648369955783
 4382.716049 -1543.209877  -0.00002381393686836019
 4382.716049 -1419.753086  -0.00002371769270341336
 4382.716049 -1296.296296  -0.00002385953666011576
 4382.716049 -1172.839506  -0.00002342023072593538
 4382.716049 -1049.382716  -0.00002361221935134782
 4382.716049  -925.925926  -0.00002360249136776331
 4382.716049  -802.469136  -0.00002377933518076397
 4382.716049  -679.012346  -0.00002392773646321042
 4382.716049  -555.555556  -0.00002399789484742684
 4382.716049  -432.098765  -0.00002386126022963596
 4382.716049  -308.641975  -0.00002361227009703639
 4382.716049  -185.185185  -0.00002350287108327561
 4382.716049   -61.728395  -0.00002384642972152855
 4382.716049    61.728395  -0.00002384642972153107
 4382.716049   185.185185  -0.00002350287108327977
 4382.716049   308.641975  -0.00002361227009704005
 4382.716049   432.098765  -0.00002386126022963879
 4382.716049   555.555556  -0.00002399789484742822
 4382.716049   679.012346  -0.00002392773646321411
 4382.716049   802.469136  -0.00002377933518076927
 4382.716049   925.925926  -0.00002360249136777028
 4382.716049  1049.382716  -0.00002361221935135498
 4382.716049  1172.839506  -0.00002342023072594215
 4382.716049  1296.296296  -0.00002385953666012500
 4382.716049  1419.753086  -0.00002371769270342286
 4382.716049  1543.209877  -0.00002381393686836882
 4382.716049  1666.666667  -0.00002409648369956537
 4382.716049  1790.123457  -0.00002418278377443493
 4382.716049  1913.580247  -0.00002385098887088672
 4382.716049  2037.037037  -0.00002315182976196321
 4382.716049  2160.493827  -0.00002307664908810666
 4382.716049  2283.950617  -0.00002371373750559148
 4382.716049  2407.407407  -0.00002519077065800714
 4382.716049  2530.864198  -0.00002259440338391870
 4382.716049  2654.320988  -0.00002309234658171934
 4382.716049  2777.777778  -0.00002430716196206912
 4382.716049  2901.234568  -0.00002452788612718066
 4382.716049  3024.691358  -0.00002406589167438753
 4382.716049  3148.148148  -0.00002352951427192377
 4382.716049  3271.604938  -0.00002336213783985611
 4382.716049  3395.061728  -0.00002365856779953448
 4382.716049  3518.518519  -0.00002379214606224133
 4382.716049  3641.975309  -0.00002376906496320297
 4382.716049  3765.432099  -0.00002413678022672123
 4382.716049  3888.888889  -0.00002424429304544294
 4382.716049  4012.345679  -0.00002387214762795354
 4382.716049  4135.802469  -0.00002378332749208196
 4382.716049  4259.259259  -0.00002401354395652449
 4382.716049  4382.716049  -0.00002345736717978462
 4382.716049  4506.172840  -0.00002297110605109359
 4382.716049  4629.629630  -0.00002416814550352491
 4382.716049  4753.086420  -0.00002387904395058401
 4382.716049  4876.543210  -0.00002516495868202279

 4506.172840 -5000.000000  -0.00000877370343723919
 4506.172840 -4876.543210  -0.00003308394828152932
 4506.172840 -4753.086420  -0.00003152264364547543
 4506.172840 -4629.629630  -0.00003173353502526846
 4506.172840 -4506.172840  -0.00003028312783965327
 4506.172840 -4382.716049  -0.00003098204416027299
 4506.172840 -4259.259259  -0.00003165375607075925
 4506.172840 -4135.802469  -0.00003124603120282867
 4506.172840 -4012.345679  -0.00003131533154636058
 4506.172840 -3888.888889  -0.00003190966915215720
 4506.172840 -3765.432099  -0.00003162034103255551
 4506.172840 -3641.975309  -0.00003146142663121081
 4506.172840 -3518.518519  -0.00003132716880894949
 4506.172840 -3395.061728  -0.00003117373008720654
 4506.172840 -3271.604938  -0.00003092852244590778
 4506.172840 -3148.148148  -0.00003115126157294833
 4506.172840 -3024.691358  -0.00003164002271709591
 4506.172840 -2901.234568  -0.00003205312933169420
 4506.172840 -2777.777778  -0.00003198265461983332
 4506.172840 -2654.320988  -0.00003082602736938620
 4506.172840 -2530.864198  -0.00002935617753217220
 4506.172840 -2407.407407  -0.00003158155298712429
 4506.172840 -2283.950617  -0.00002960770512350662
 4506.172840 -2160.493827  -0.00002922510299989791
 4506.172840 -2037.037037  -0.00002924568086881649
 4506.172840 -1913.580247  -0.00002998313503923267
 4506.172840 -1790.123457  -0.00003026300717480556
 4506.172840 -1666.666667  -0.00003024522610142334
 4506.172840 -1543.209877  -0.00003001330714331565
 4506.172840 -1419.753086  -0.00002979813312364847
 4506.172840 -1296.296296  -0.00002993845802403142
 4506.172840 -1172.839506  -0.00002948433673498925
 4506.172840 -1049.382716  -0.00002970025804462959
 4506.172840  -925.925926  -0.00002968901209803253
 4506.172840  -802.469136  -0.00002989070334169879
 4506.172840  -679.012346  -0.00003005233374450885
 4506.172840  -555.555556  -0.00003013174789930311
 4506.172840  -432.098765  -0.00002997827948059743
 4506.172840  -308.641975  -0.00002970236686781784
 4506.172840  -185.185185  -0.00002957680653611172
 4506.172840   -61.728395  -0.00002996475593485452
 4506.172840    61.728395  -0.00002996475593485692
 4506.172840   185.185185  -0.00002957680653611566
 4506.172840   308.641975  -0.00002970236686782223
 4506.172840   432.098765  -0.00002997827948060138
 4506.172840   555.555556  -0.00003013174789930618
 4506.172840   679.012346  -0.00003005233374451481
 4506.172840   802.469136  -0.00002989070334170608
 4506.172840   925.925926  -0.00002968901209804137
 4506.172840  1049.382716  -0.00002970025804463909
 4506.172840  1172.839506  -0.00002948433673499804
 4506.172840  1296.296296  -0.00002993845802404473
 4506.172840  1419.753086  -0.00002979813312366199
 4506.172840  1543.209877  -0.00003001330714332874
 4506.172840  1666.666667  -0.00003024522610143612
 4506.172840  1790.123457  -0.00003026300717481794
 4506.172840  1913.580247  -0.00002998313503924912
 4506.172840  2037.037037  -0.00002924568086883601
 4506.172840  2160.493827  -0.00002922510299991872
 4506.172840  2283.950617  -0.00002960770512352592
 4506.172840  2407.407407  -0.00003158155298713619
 4506.172840  2530.864198  -0.00002935617753219318
 4506.172840  2654.320988  -0.00003082602736941601
 4506.172840  2777.777778  -0.00003198265461985781
 4506.172840  2901.234568  -0.00003205312933171284
 4506.172840  3024.691358  -0.00003164002271711146
 4506.172840  3148.148148  -0.00003115126157296655
 4506.172840  3271.604938  -0.00003092852244593115
 4506.172840  3395.061728  -0.00003117373008723469
 4506.172840  3518.518519  -0.00003132716880898120
 4506.172840  3641.975309  -0.00003146142663124350
 4506.172840  3765.432099  -0.00003162034103258690
 4506.172840  3888.888889  -0.00003190966915218555
 4506.172840  4012.345679  -0.00003131533154638492
 4506.172840  4135.802469  -0.00003124603120284983
 4506.172840  4259.259259  -0.00003165375607078008
 4506.172840  4382.716049  -0.00003098204416030279
 4506.172840  4506.172840  -0.00003028312783969665
 4506.172840  4629.629630  -0.00003173353502531573
 4506.172840  4753.086420  -0.00003152264364552077
 4506.172840  4876.543210  -0.00003308394828153441

 4629.629630 -5000.000000  -0.00001193591097532696
 4629.629630 -4876.543210  -0.00004531360805769189
 4629.629630 -4753.086420  -0.00004332638737618061
 4629.629630 -4629.629630  -0.00004365872114509690
 4629.629630 -4506.172840  -0.00004167656831507310
 4629.629630 -4382.716049  -0.00004259241636319977
 4629.629630 -4259.259259  -0.00004346277679463468
 4629.629630 -4135.802469  -0.00004287654696433016
 4629.629630 -4012.345679  -0.00004298361168780648
 4629.629630 -3888.888889  -0.00004380896531054715
 4629.629630 -3765.432099  -0.00004340973521371628
 4629.629630 -3641.975309  -0.00004346008312678587
 4629.629630 -3518.518519  -0.00004320200030258854
 4629.629630 -3395.061728  -0.00004301157247342770
 4629.629630 -3271.604938  -0.00004271822338531390
 4629.629630 -3148.148148  -0.00004301138037446790
 4629.629630 -3024.691358  -0.00004356774015999679
 4629.629630 -2901.234568  -0.00004403622987515150
 4629.629630 -2777.777778  -0.00004405598882730902
 4629.629630 -2654.320988  -0.00004271756277465045
 4629.629630 -2530.864198  -0.00004051188742632805
 4629.629630 -2407.407407  -0.00004366585818254074
 4629.629630 -2283.950617  -0.00004100388069330158
 4629.629630 -2160.493827  -0.00004070742067698340
 4629.629630 -2037.037037  -0.00004067383834183928
 4629.629630 -1913.580247  -0.00004160667949579323
 4629.629630 -1790.123457  -0.00004189956066823836
 4629.629630 -1666.666667  -0.00004190752454758456
 4629.629630 -1543.209877  -0.00004165591306410867
 4629.629630 -1419.753086  -0.00004133971265292329
 4629.629630 -1296.296296  -0.00004150651254624085
 4629.629630 -1172.839506  -0.00004094989278430639
 4629.629630 -1049.382716  -0.00004123232277528161
 4629.629630  -925.925926  -0.00004120689132846411
 4629.629630  -802.469136  -0.00004146288062764958
 4629.629630  -679.012346  -0.00004166358425387376
 4629.629630  -555.555556  -0.00004176420421168828
 4629.629630  -432.098765  -0.00004156953100484813
 4629.629630  -308.641975  -0.00004122411143404368
 4629.629630  -185.185185  -0.00004107326680039314
 4629.629630   -61.728395  -0.00004154991118553679
 4629.629630    61.728395  -0.00004154991118553966
 4629.629630   185.185185  -0.00004107326680039758
 4629.629630   308.641975  -0.00004122411143404864
 4629.629630   432.098765  -0.00004156953100485258
 4629.629630   555.555556  -0.00004176420421169147
 4629.629630   679.012346  -0.00004166358425388001
 4629.629630   802.469136  -0.00004146288062765729
 4629.629630   925.925926  -0.00004120689132847378
 4629.629630  1049.382716  -0.00004123232277529138
 4629.629630  1172.839506  -0.00004094989278431535
 4629.629630  1296.296296  -0.00004150651254625563
 4629.629630  1419.753086  -0.00004133971265293855
 4629.629630  1543.209877  -0.00004165591306412324
 4629.629630  1666.666667  -0.00004190752454759900
 4629.629630  1790.123457  -0.00004189956066825178
 4629.629630  1913.580247  -0.00004160667949581171
 4629.629630  2037.037037  -0.00004067383834186068
 4629.629630  2160.493827  -0.00004070742067700568
 4629.629630  2283.950617  -0.00004100388069332252
 4629.629630  2407.407407  -0.00004366585818255415
 4629.629630  2530.864198  -0.00004051188742635080
 4629.629630  2654.320988  -0.00004271756277468272
 4629.629630  2777.777778  -0.00004405598882733657
 4629.629630  2901.234568  -0.00004403622987517315
 4629.629630  3024.691358  -0.00004356774016001340
 4629.629630  3148.148148  -0.00004301138037448753
 4629.629630  3271.604938  -0.00004271822338533885
 4629.629630  3395.061728  -0.00004301157247345803
 4629.629630  3518.518519  -0.00004320200030262317
 4629.629630  3641.975309  -0.00004346008312682101
 4629.629630  3765.432099  -0.00004340973521375085
 4629.629630  3888.888889  -0.00004380896531057885
 4629.629630  4012.345679  -0.00004298361168783395
 4629.629630  4135.802469  -0.00004287654696435441
 4629.629630  4259.259259  -0.00004346277679465766
 4629.629630  4382.716049  -0.00004259241636323194
 4629.629630  4506.172840  -0.00004167656831512027
 4629.629630  4629.629630  -0.00004365872114514889
 4629.629630  4753.086420  -0.00004332638737623014
 4629.629630  4876.543210  -0.00004531360805769730

 4753.086420 -5000.000000  -0.00001394229718078808
 4753.086420 -4876.543210  -0.00005277023173898963
 4753.086420 -4753.086420  -0.00005121469893060437
 4753.086420 -4629.629630  -0.00005185771809645285
 4753.086420 -4506.172840  -0.00004925363623095615
 4753.086420 -4382.716049  -0.00004995407656401603
 4753.086420 -4259.259259  -0.00005088576965507925
 4753.086420 -4135.802469  -0.00005039914109447160
 4753.086420 -4012.345679  -0.00005067978561152413
 4753.086420 -3888.888889  -0.00005158866602045087
 4753.086420 -3765.432099  -0.00005143488957237465
 4753.086420 -3641.975309  -0.00005082219689727442
 4753.086420 -3518.518519  -0.00005082182832726826
 4753.086420 -3395.061728  -0.00005046828055705399
 4753.086420 -3271.604938  -0.00004973869267722500
 4753.086420 -3148.148148  -0.00004998360339228687
 4753.086420 -3024.691358  -0.00005103507688364679
 4753.086420 -2901.234568  -0.00005204976381608617
 4753.086420 -2777.777778  -0.00005179626142827163
 4753.086420 -2654.320988  -0.00004947345935935315
 4753.086420 -2530.864198  -0.00004816988510577107
 4753.086420 -2407.407407  -0.00005371328580480614
 4753.086420 -2283.950617  -0.00005075121767066829
 4753.086420 -2160.493827  -0.00004951340073957977
 4753.086420 -2037.037037  -0.00004963373976407809
 4753.086420 -1913.580247  -0.00005104884633297970
 4753.086420 -1790.123457  -0.00005168503815893357
 4753.086420 -1666.666667  -0.00005149986301408944
 4753.086420 -1543.209877  -0.00005094235378495800
 4753.086420 -1419.753086  -0.00005076336851784648
 4753.086420 -1296.296296  -0.00005101720129830206
 4753.086420 -1172.839506  -0.00005017650947652973
 4753.086420 -1049.382716  -0.00005053998605193985
 4753.086420  -925.925926  -0.00005052330575482089
 4753.086420  -802.469136  -0.00005086605589084714
 4753.086420  -679.012346  -0.00005116592927546733
 4753.086420  -555.555556  -0.00005129967817282128
 4753.086420  -432.098765  -0.00005102293002867324
 4753.086420  -308.641975  -0.00005053589133964301
 4753.086420  -185.185185  -0.00005032206056572712
 4753.086420   -61.728395  -0.00005099446874134796
 4753.086420    61.728395  -0.00005099446874135142
 4753.086420   185.185185  -0.00005032206056573225
 4753.086420   308.641975  -0.00005053589133964750
 4753.086420   432.098765  -0.00005102293002867668
 4753.086420   555.555556  -0.00005129967817282280
 4753.086420   679.012346  -0.00005116592927547324
 4753.086420   802.469136  -0.00005086605589085433
 4753.086420   925.925926  -0.00005052330575482961
 4753.086420  1049.382716  -0.00005053998605194818
 4753.086420  1172.839506  -0.00005017650947653626
 4753.086420  1296.296296  -0.00005101720129831588
 4753.086420  1419.753086  -0.00005076336851786144
 4753.086420  1543.209877  -0.00005094235378497106
 4753.086420  1666.666667  -0.00005149986301410156
 4753.086420  1790.123457  -0.00005168503815894348
 4753.086420  1913.580247  -0.00005104884633299575
 4753.086420  2037.037037  -0.00004963373976409736
 4753.086420  2160.493827  -0.00004951340073959934
 4753.086420  2283.950617  -0.00005075121767068478
 4753.086420  2407.407407  -0.00005371328580481480
 4753.086420  2530.864198  -0.00004816988510579149
 4753.086420  2654.320988  -0.00004947345935938560
 4753.086420  2777.777778  -0.00005179626142829802
 4753.086420  2901.234568  -0.00005204976381610593
 4753.086420  3024.691358  -0.00005103507688366233
 4753.086420  3148.148148  -0.00004998360339230594
 4753.086420  3271.604938  -0.00004973869267724923
 4753.086420  3395.061728  -0.00005046828055708297
 4753.086420  3518.518519  -0.00005082182832730091
 4753.086420  3641.975309  -0.00005082219689730783
 4753.086420  3765.432099  -0.00005143488957240765
 4753.086420  3888.888889  -0.00005158866602048135
 4753.086420  4012.345679  -0.00005067978561154982
 4753.086420  4135.802469  -0.00005039914109449471
 4753.086420  4259.259259  -0.00005088576965510103
 4753.086420  4382.716049  -0.00004995407656404697
 4753.086420  4506.172840  -0.00004925363623100068
 4753.086420  4629.629630  -0.00005185771809650101
 4753.086420  4753.086420  -0.00005121469893065106
 4753.086420  4876.543210  -0.00005277023173899440

 4876.543210 -5000.000000  -0.00001810061732003003
 4876.543210 -4876.543210  -0.00006515688503495786
 4876.543210 -4753.086420  -0.00006322303887958736
 4876.543210 -4629.629630  -0.00006449036939196896
 4876.543210 -4506.172840  -0.00006106598787356420
 4876.543210 -4382.716049  -0.00006174130651654330
 4876.543210 -4259.259259  -0.00006289843806579418
 4876.543210 -4135.802469  -0.00006242574750050805
 4876.543210 -4012.345679  -0.00006287157184452382
 4876.543210 -3888.888889  -0.00006379741760790499
 4876.543210 -3765.432099  -0.00006381141471983754
 4876.543210 -3641.975309  -0.00006301216269898398
 4876.543210 -3518.518519  -0.00006311366006872601
 4876.543210 -3395.061728  -0.00006273404433836985
 4876.543210 -3271.604938  -0.00006170211235933978
 4876.543210 -3148.148148  -0.00006196122742042891
 4876.543210 -3024.691358  -0.00006333053496594907
 4876.543210 -2901.234568  -0.00006466470192706995
 4876.543210 -2777.777778  -0.00006424039383513114
 4876.543210 -2654.320988  -0.00006124111390748509
 4876.543210 -2530.864198  -0.00006068913434606716
 4876.543210 -2407.407407  -0.00006960838252631428
 4876.543210 -2283.950617  -0.00006622175741320567
 4876.543210 -2160.493827  -0.00006449753764219378
 4876.543210 -2037.037037  -0.00006462123863280357
 4876.543210 -1913.580247  -0.00006644499670818668
 4876.543210 -1790.123457  -0.00006726795072295215
 4876.543210 -1666.666667  -0.00006696337608765710
 4876.543210 -1543.209877  -0.00006620613483752982
 4876.543210 -1419.753086  -0.00006607530945270565
 4876.543210 -1296.296296  -0.00006644617061789822
 4876.543210 -1172.839506  -0.00006535758447386269
 4876.543210 -1049.382716  -0.00006580812086712194
 4876.543210  -925.925926  -0.00006577915058540719
 4876.543210  -802.469136  -0.00006618705607940609
 4876.543210  -679.012346  -0.00006655186216752331
 4876.543210  -555.555556  -0.00006671610274637454
 4876.543210  -432.098765  -0.00006638149568154087
 4876.543210  -308.641975  -0.00006578977962869825
 4876.543210  -185.185185  -0.00006553109168684982
 4876.543210   -61.728395  -0.00006634787042644935
 4876.543210    61.728395  -0.00006634787042645301
 4876.543210   185.185185  -0.00006553109168685436
 4876.543210   308.641975  -0.00006578977962870001
 4876.543210   432.098765  -0.00006638149568154059
 4876.543210   555.555556  -0.00006671610274637078
 4876.543210   679.012346  -0.00006655186216752418
 4876.543210   802.469136  -0.00006618705607940526
 4876.543210   925.925926  -0.00006577915058540795
 4876.543210  1049.382716  -0.00006580812086712133
 4876.543210  1172.839506  -0.00006535758447385937
 4876.543210  1296.296296  -0.00006644617061790154
 4876.543210  1419.753086  -0.00006607530945270888
 4876.543210  1543.209877  -0.00006620613483752909
 4876.543210  1666.666667  -0.00006696337608765322
 4876.543210  1790.123457  -0.00006726795072294525
 4876.543210  1913.580247  -0.00006644499670818569
 4876.543210  2037.037037  -0.00006462123863280564
 4876.543210  2160.493827  -0.00006449753764219605
 4876.543210  2283.950617  -0.00006622175741320150
 4876.543210  2407.407407  -0.00006960838252629855
 4876.543210  2530.864198  -0.00006068913434607066
 4876.543210  2654.320988  -0.00006124111390749633
 4876.543210  2777.777778  -0.00006424039383513305
 4876.543210  2901.234568  -0.00006466470192706583
 4876.543210  3024.691358  -0.00006333053496594239
 4876.543210  3148.148148  -0.00006196122742042690
 4876.543210  3271.604938  -0.00006170211235934089
 4876.543210  3395.061728  -0.00006273404433837202
 4876.543210  3518.518519  -0.00006311366006872997
 4876.543210  3641.975309  -0.00006301216269898753
 4876.543210  3765.432099  -0.00006381141471983953
 4876.543210  3888.888889  -0.00006379741760790609
 4876.543210  4012.345679  -0.00006287157184451997
 4876.543210  4135.802469  -0.00006242574750050264
 4876.543210  4259.259259  -0.00006289843806578697
 4876.543210  4382.716049  -0.00006174130651654259
 4876.543210  4506.172840  -0.00006106598787357221
 4876.543210  4629.629630  -0.00006449036939197568
 4876.543210  4753.086420  -0.00006322303887959417
 4876.543210  4876.543210  -0.00006515688503493362

