-5000.000000 -5000.000000  0.00001130377704719555
-5000.000000 -4876.543210  0.00000555427941268673
-5000.000000 -4753.086420  -0.00000242423253881747
-5000.000000 -4629.629630  -0.00000447282457085338
-5000.000000 -4506.172840  -0.00000168642544453864
-5000.000000 -4382.716049  0.00000186820636752112
-5000.000000 -4259.259259  0.00000317790848487917
-5000.000000 -4135.802469  0.00000205193294044884
-5000.000000 -4012.345679  0.00000063415701925789
-5000.000000 -3888.888889  0.00000065868661475672
-5000.000000 -3765.432099  -0.00000155114789731970
-5000.000000 -3641.975309  -0.00000052544087244449
-5000.000000 -3518.518519  -0.00000057700020238550
-5000.000000 -3395.061728  0.00000044679335470186
-5000.000000 -3271.604938  0.00000202286238927631
-5000.000000 -3148.148148  0.00000264024532193832
-5000.000000 -3024.691358  0.00000159649241453527
-5000.000000 -2901.234568  -0.00000029884042128547
-5000.000000 -2777.777778  -0.00000111360001807636
-5000.000000 -2654.320988  0.00000072465345085830
-5000.000000 -2530.864198  0.00000385343367235816
-5000.000000 -2407.407407  -0.00000146320111077016
-5000.000000 -2283.950617  0.00000040305372054597
-5000.000000 -2160.493827  0.00000194546688371580
-5000.000000 -2037.037037  0.00000163584013508848
-5000.000000 -1913.580247  0.00000050589868681648
-5000.000000 -1790.123457  -0.00000011758023401395
-5000.000000 -1666.666667  0.00000017190305655087
-5000.000000 -1543.209877  0.00000069478302406986
-5000.000000 -1419.753086  0.00000056918312324867
-5000.000000 -1296.296296  0.00000064421188828487
-5000.000000 -1172.839506  0.00000105939735314394
-5000.000000 -1049.382716  0.00000098558986519789
-5000.000000  -925.925926  0.00000085679703224465
-5000.000000  -802.469136  0.00000061248360405673
-5000.000000  -679.012346  0.00000038100710770503
-5000.000000  -555.555556  0.00000032499599223187
-5000.000000  -432.098765  0.00000052185631071810
-5000.000000  -308.641975  0.00000087940693974375
-5000.000000  -185.185185  0.00000108664333624249
-5000.000000   -61.728395  0.00000059962983174992
-5000.000000    61.728395  0.00000060108385014112
-5000.000000   185.185185  0.00000108419736145611
-5000.000000   308.641975  0.00000088716362084627
-5000.000000   432.098765  0.00000054811152960121
-5000.000000   555.555556  0.00000036672270637495
-5000.000000   679.012346  0.00000042793131754618
-5000.000000   802.469136  0.00000065532391433454
-5000.000000   925.925926  0.00000089423927667042
-5000.000000  1049.382716  0.00000102456826382012
-5000.000000  1172.839506  0.00000110325367176569
-5000.000000  1296.296296  0.00000070780019721073
-5000.000000  1419.753086  0.00000064159986603314
-5000.000000  1543.209877  0.00000076738098723799
-5000.000000  1666.666667  0.00000026977233794017
-5000.000000  1790.123457  -0.00000000346777579639
-5000.000000  1913.580247  0.00000060071446197963
-5000.000000  2037.037037  0.00000169146264987275
-5000.000000  2160.493827  0.00000199343273373153
-5000.000000  2283.950617  0.00000051484386306791
-5000.000000  2407.407407  -0.00000127584246069880
-5000.000000  2530.864198  0.00000383775673894251
-5000.000000  2654.320988  0.00000083632136062155
-5000.000000  2777.777778  -0.00000092862567780925
-5000.000000  2901.234568  -0.00000014411068766109
-5000.000000  3024.691358  0.00000167957513435848
-5000.000000  3148.148148  0.00000268528687712050
-5000.000000  3271.604938  0.00000209456701534860
-5000.000000  3395.061728  0.00000058231643919126
-5000.000000  3518.518519  -0.00000039940458690701
-5000.000000  3641.975309  -0.00000034844553603582
-5000.000000  3765.432099  -0.00000133600069872652
-5000.000000  3888.888889  0.00000079131194585643
-5000.000000  4012.345679  0.00000076367382798206
-5000.000000  4135.802469  0.00000212727647951362
-5000.000000  4259.259259  0.00000321269629343244
-5000.000000  4382.716049  0.00000195476140006860
-5000.000000  4506.172840  -0.00000146320825490039
-5000.000000  4629.629630  -0.00000414078763068545
-5000.000000  4753.086420  -0.00000216746010985501
-5000.000000  4876.543210  0.00000549474218496295

-4876.543210 -5000.000000  0.00000492307457061507
-4876.543210 -4876.543210  0.00010695891505912025
-4876.543210 -4753.086420  0.00014298658424478816
-4876.543210 -4629.629630  0.00014716620724142054
-4876.543210 -4506.172840  0.00013944418935829905
-4876.543210 -4382.716049  0.00013029918936149004
-4876.543210 -4259.259259  0.00012439584385674668
-4876.543210 -4135.802469  0.00012314624279399520
-4876.543210 -4012.345679  0.00012617915609340778
-4876.543210 -3888.888889  0.00013171701139305956
-4876.543210 -3765.432099  0.00013586062291817173
-4876.543210 -3641.975309  0.00013920245899104081
-4876.543210 -3518.518519  0.00013816415631767747
-4876.543210 -3395.061728  0.00013500171938532674
-4876.543210 -3271.604938  0.00013090779264450164
-4876.543210 -3148.148148  0.00012704412607903966
-4876.543210 -3024.691358  0.00012528337043270612
-4876.543210 -2901.234568  0.00012763174226579238
-4876.543210 -2777.777778  0.00013433255884170544
-4876.543210 -2654.320988  0.00014065064284355004
-4876.543210 -2530.864198  0.00013233759692070468
-4876.543210 -2407.407407  0.00012596363318145972
-4876.543210 -2283.950617  0.00013178542557038827
-4876.543210 -2160.493827  0.00013408276628515400
-4876.543210 -2037.037037  0.00013310382825751192
-4876.543210 -1913.580247  0.00013101215162299832
-4876.543210 -1790.123457  0.00012972855802425849
-4876.543210 -1666.666667  0.00012983847237227718
-4876.543210 -1543.209877  0.00013056465206551083
-4876.543210 -1419.753086  0.00013080532366692316
-4876.543210 -1296.296296  0.00013123772703892326
-4876.543210 -1172.839506  0.00013183267978962197
-4876.543210 -1049.382716  0.00013166942312778197
-4876.543210  -925.925926  0.00013120969620956157
-4876.543210  -802.469136  0.00013050733665996700
-4876.543210  -679.012346  0.00012988425166236562
-4876.543210  -555.555556  0.00012969459516775795
-4876.543210  -432.098765  0.00013011045880336589
-4876.543210  -308.641975  0.00013092907648053716
-4876.543210  -185.185185  0.00013140154270196544
-4876.543210   -61.728395  0.00013008304456822687
-4876.543210    61.728395  0.00013002106241278110
-4876.543210   185.185185  0.00013120046989307106
-4876.543210   308.641975  0.00013062542367894568
-4876.543210   432.098765  0.00012972415835925624
-4876.543210   555.555556  0.00012921805067258891
-4876.543210   679.012346  0.00012929223501019962
-4876.543210   802.469136  0.00012977615422958251
-4876.543210   925.925926  0.00013033404577867180
-4876.543210  1049.382716  0.00013066536313067670
-4876.543210  1172.839506  0.00013071513252955032
-4876.543210  1296.296296  0.00013002559221694053
-4876.543210  1419.753086  0.00012949834557520842
-4876.543210  1543.209877  0.00012915298119086071
-4876.543210  1666.666667  0.00012834084996035265
-4876.543210  1790.123457  0.00012812074385380159
-4876.543210  1913.580247  0.00012923906237072768
-4876.543210  2037.037037  0.00013113311070853188
-4876.543210  2160.493827  0.00013195752964370897
-4876.543210  2283.950617  0.00012963385712579670
-4876.543210  2407.407407  0.00012392322158406003
-4876.543210  2530.864198  0.00012992794934495400
-4876.543210  2654.320988  0.00013780075648760857
-4876.543210  2777.777778  0.00013160999333628351
-4876.543210  2901.234568  0.00012504962795763244
-4876.543210  3024.691358  0.00012267117694518298
-4876.543210  3148.148148  0.00012424152285066820
-4876.543210  3271.604938  0.00012783302281172337
-4876.543210  3395.061728  0.00013164590837595026
-4876.543210  3518.518519  0.00013456297652134880
-4876.543210  3641.975309  0.00013543657187311493
-4876.543210  3765.432099  0.00013209520205294362
-4876.543210  3888.888889  0.00012799130839355994
-4876.543210  4012.345679  0.00012253365746928838
-4876.543210  4135.802469  0.00011949117194062264
-4876.543210  4259.259259  0.00012056784162242377
-4876.543210  4382.716049  0.00012611211771124310
-4876.543210  4506.172840  0.00013476601909843470
-4876.543210  4629.629630  0.00014205395076905843
-4876.543210  4753.086420  0.00013791123428657143
-4876.543210  4876.543210  0.00010315235036330943

-4753.086420 -5000.000000  -0.00000350487562039493
-4753.086420 -4876.543210  0.00013985098633435090
-4753.086420 -4753.086420  0.00019577313307686574
-4753.086420 -4629.629630  0.00020323863226060195
-4753.086420 -4506.172840  0.00019026757853641212
-4753.086420 -4382.716049  0.00017470760476436597
-4753.086420 -4259.259259  0.00016557004798244267
-4753.086420 -4135.802469  0.00016491777013208128
-4753.086420 -4012.345679  0.00017030463354059285
-4753.086420 -3888.888889  0.00017776663116042963
-4753.086420 -3765.432099  0.00018536467156531579
-4753.086420 -3641.975309  0.00018891433750788006
-4753.086420 -3518.518519  0.00018756890389545438
-4753.086420 -3395.061728  0.00018236092123544666
-4753.086420 -3271.604938  0.00017538556175972569
-4753.086420 -3148.148148  0.00016961481194637827
-4753.086420 -3024.691358  0.00016822042505002722
-4753.086420 -2901.234568  0.00017314302415699219
-4753.086420 -2777.777778  0.00018290735576529288
-4753.086420 -2654.320988  0.00018968369388949481
-4753.086420 -2530.864198  0.00017559539469039781
-4753.086420 -2407.407407  0.00017196890804875030
-4753.086420 -2283.950617  0.00017803166955588151
-4753.086420 -2160.493827  0.00017966718196231685
-4753.086420 -2037.037037  0.00017864108373024371
-4753.086420 -1913.580247  0.00017689038177879786
-4753.086420 -1790.123457  0.00017574960953380524
-4753.086420 -1666.666667  0.00017562338516441579
-4753.086420 -1543.209877  0.00017610537000662912
-4753.086420 -1419.753086  0.00017654362717371141
-4753.086420 -1296.296296  0.00017705238035350374
-4753.086420 -1172.839506  0.00017746104443785527
-4753.086420 -1049.382716  0.00017731085849574175
-4753.086420  -925.925926  0.00017681489924752049
-4753.086420  -802.469136  0.00017610251686760517
-4753.086420  -679.012346  0.00017548438095521193
-4753.086420  -555.555556  0.00017528278813086858
-4753.086420  -432.098765  0.00017565683458586193
-4753.086420  -308.641975  0.00017642245358462234
-4753.086420  -185.185185  0.00017686731792004688
-4753.086420   -61.728395  0.00017556060732175992
-4753.086420    61.728395  0.00017547522110093815
-4753.086420   185.185185  0.00017659700658997766
-4753.086420   308.641975  0.00017600348594377888
-4753.086420   432.098765  0.00017510846772830841
-4753.086420   555.555556  0.00017459755534308345
-4753.086420   679.012346  0.00017463768322573323
-4753.086420   802.469136  0.00017507089617490782
-4753.086420   925.925926  0.00017559237179153251
-4753.086420  1049.382716  0.00017591268603840940
-4753.086420  1172.839506  0.00017590432191816398
-4753.086420  1296.296296  0.00017534871990803762
-4753.086420  1419.753086  0.00017470292055617084
-4753.086420  1543.209877  0.00017412231481742834
-4753.086420  1666.666667  0.00017349981366061786
-4753.086420  1790.123457  0.00017346108153482823
-4753.086420  1913.580247  0.00017439549154507733
-4753.086420  2037.037037  0.00017591454844585787
-4753.086420  2160.493827  0.00017673777945257678
-4753.086420  2283.950617  0.00017500609287089054
-4753.086420  2407.407407  0.00016902260454393697
-4753.086420  2530.864198  0.00017233622868200409
-4753.086420  2654.320988  0.00018570712650758361
-4753.086420  2777.777778  0.00017903470660413391
-4753.086420  2901.234568  0.00016948869481920245
-4753.086420  3024.691358  0.00016459136999041465
-4753.086420  3148.148148  0.00016576188030431208
-4753.086420  3271.604938  0.00017113734074088220
-4753.086420  3395.061728  0.00017767071160377737
-4753.086420  3518.518519  0.00018250545813622594
-4753.086420  3641.975309  0.00018362699122263264
-4753.086420  3765.432099  0.00018004124709244512
-4753.086420  3888.888889  0.00017257138786550938
-4753.086420  4012.345679  0.00016522086423654680
-4753.086420  4135.802469  0.00015986892333876021
-4753.086420  4259.259259  0.00016032183665756560
-4753.086420  4382.716049  0.00016892362046150159
-4753.086420  4506.172840  0.00018369043391111838
-4753.086420  4629.629630  0.00019596865484584373
-4753.086420  4753.086420  0.00018861663324882776
-4753.086420  4876.543210  0.00013471012238976520

-4629.629630 -5000.000000  -0.00000587296711741916
-4629.629630 -4876.543210  0.00013976432931334107
-4629.629630 -4753.086420  0.00019766468671121020
-4629.629630 -4629.629630  0.00020552078471453871
-4629.629630 -4506.172840  0.00019182350490341951
-4629.629630 -4382.716049  0.00017539008811380411
-4629.629630 -4259.259259  0.00016590467095243050
-4629.629630 -4135.802469  0.00016547120151255072
-4629.629630 -4012.345679  0.00017117873429045374
-4629.629630 -3888.888889  0.00017867910430278763
-4629.629630 -3765.432099  0.00018677698040467819
-4629.629630 -3641.975309  0.00019009997299707887
-4629.629630 -3518.518519  0.00018875735878640123
-4629.629630 -3395.061728  0.00018328604745807461
-4629.629630 -3271.604938  0.00017591518569922473
-4629.629630 -3148.148148  0.00016998152843589461
-4629.629630 -3024.691358  0.00016882919185984562
-4629.629630 -2901.234568  0.00017421081308149821
-4629.629630 -2777.777778  0.00018419011640901211
-4629.629630 -2654.320988  0.00019054588625350876
-4629.629630 -2530.864198  0.00017567734666043208
-4629.629630 -2407.407407  0.00017327715024399409
-4629.629630 -2283.950617  0.00017889713262131163
-4629.629630 -2160.493827  0.00018016611753383612
-4629.629630 -2037.037037  0.00017921255067206415
-4629.629630 -1913.580247  0.00017772876078060715
-4629.629630 -1790.123457  0.00017673453627926764
-4629.629630 -1666.666667  0.00017653809372256623
-4629.629630 -1543.209877  0.00017689443809772442
-4629.629630 -1419.753086  0.00017736111496109873
-4629.629630 -1296.296296  0.00017785135441307110
-4629.629630 -1172.839506  0.00017816102647587803
-4629.629630 -1049.382716  0.00017802864645290203
-4629.629630  -925.925926  0.00017756378169435469
-4629.629630  -802.469136  0.00017691002618154287
-4629.629630  -679.012346  0.00017634743486690370
-4629.629630  -555.555556  0.00017615961395786838
-4629.629630  -432.098765  0.00017648736599892094
-4629.629630  -308.641975  0.00017716888975185109
-4629.629630  -185.185185  0.00017756653487420389
-4629.629630   -61.728395  0.00017638011139592410
-4629.629630    61.728395  0.00017629206842441952
-4629.629630   185.185185  0.00017728945518167584
-4629.629630   308.641975  0.00017673649922781413
-4629.629630   432.098765  0.00017591743469189914
-4629.629630   555.555556  0.00017544525581740837
-4629.629630   679.012346  0.00017546593379091121
-4629.629630   802.469136  0.00017583958670664326
-4629.629630   925.925926  0.00017629860266697587
-4629.629630  1049.382716  0.00017658271601878061
-4629.629630  1172.839506  0.00017655103672568914
-4629.629630  1296.296296  0.00017608567008724828
-4629.629630  1419.753086  0.00017545240811713659
-4629.629630  1543.209877  0.00017483931280208055
-4629.629630  1666.666667  0.00017433258876916404
-4629.629630  1790.123457  0.00017435582584863113
-4629.629630  1913.580247  0.00017514287380899552
-4629.629630  2037.037037  0.00017639831909151070
-4629.629630  2160.493827  0.00017714556354400085
-4629.629630  2283.950617  0.00017576250515405340
-4629.629630  2407.407407  0.00017020482078157110
-4629.629630  2530.864198  0.00017233068507146787
-4629.629630  2654.320988  0.00018643458669460796
-4629.629630  2777.777778  0.00018016746533120747
-4629.629630  2901.234568  0.00017041790842277794
-4629.629630  3024.691358  0.00016507811991349903
-4629.629630  3148.148148  0.00016600962576499167
-4629.629630  3271.604938  0.00017153210157585733
-4629.629630  3395.061728  0.00017843532230598581
-4629.629630  3518.518519  0.00018351423410562867
-4629.629630  3641.975309  0.00018462714824924112
-4629.629630  3765.432099  0.00018125819595047788
-4629.629630  3888.888889  0.00017330762156669776
-4629.629630  4012.345679  0.00016592267867222859
-4629.629630  4135.802469  0.00016026115820666240
-4629.629630  4259.259259  0.00016049709981284888
-4629.629630  4382.716049  0.00016942144264753796
-4629.629630  4506.172840  0.00018501200067576597
-4629.629630  4629.629630  0.00019797276244898509
-4629.629630  4753.086420  0.00019024251536693158
-4629.629630  4876.543210  0.00013447279442323955

-4506.172840 -5000.000000  -0.00000331467509382683
-4506.172840 -4876.543210  0.00012743789346862932
-4506.172840 -4753.086420  0.00017829038828505805
-4506.172840 -4629.629630  0.00018491625348830053
-4506.172840 -4506.172840  0.00017293192402900482
-4506.172840 -4382.716049  0.00015863381991943005
-4506.172840 -4259.259259  0.00015023488708179093
-4506.172840 -4135.802469  0.00014960068480112794
-4506.172840 -4012.345679  0.00015448501978270271
-4506.172840 -3888.888889  0.00016126512681391986
-4506.172840 -3765.432099  0.00016817639603077398
-4506.172840 -3641.975309  0.00017134587951009401
-4506.172840 -3518.518519  0.00017011141696411929
-4506.172840 -3395.061728  0.00016532708806540130
-4506.172840 -3271.604938  0.00015892339127304155
-4506.172840 -3148.148148  0.00015366181636031505
-4506.172840 -3024.691358  0.00015244472648985970
-4506.172840 -2901.234568  0.00015699000158788561
-4506.172840 -2777.777778  0.00016587044301740085
-4506.172840 -2654.320988  0.00017191793955045583
-4506.172840 -2530.864198  0.00015899239463940565
-4506.172840 -2407.407407  0.00015591936675498933
-4506.172840 -2283.950617  0.00016130461451708153
-4506.172840 -2160.493827  0.00016271153658440135
-4506.172840 -2037.037037  0.00016180025030149272
-4506.172840 -1913.580247  0.00016027146241431644
-4506.172840 -1790.123457  0.00015926956905089839
-4506.172840 -1666.666667  0.00015914152415606161
-4506.172840 -1543.209877  0.00015955147638024622
-4506.172840 -1419.753086  0.00015995117442241236
-4506.172840 -1296.296296  0.00016040614082702987
-4506.172840 -1172.839506  0.00016075593479396118
-4506.172840 -1049.382716  0.00016062484522268703
-4506.172840  -925.925926  0.00016018458369045901
-4506.172840  -802.469136  0.00015955398668178599
-4506.172840  -679.012346  0.00015900771747738796
-4506.172840  -555.555556  0.00015882924402689787
-4506.172840  -432.098765  0.00015915829482091595
-4506.172840  -308.641975  0.00015983279276241244
-4506.172840  -185.185185  0.00016022526703748244
-4506.172840   -61.728395  0.00015907374298545110
-4506.172840    61.728395  0.00015899120445706086
-4506.172840   185.185185  0.00015996424397393853
-4506.172840   308.641975  0.00015942717925197152
-4506.172840   432.098765  0.00015862617781623123
-4506.172840   555.555556  0.00015816373408164783
-4506.172840   679.012346  0.00015818586781156502
-4506.172840   802.469136  0.00015855386902394053
-4506.172840   925.925926  0.00015900058934519422
-4506.172840  1049.382716  0.00015927127981170476
-4506.172840  1172.839506  0.00015924897511895221
-4506.172840  1296.296296  0.00015875623774796622
-4506.172840  1419.753086  0.00015816824702489588
-4506.172840  1543.209877  0.00015763088913809073
-4506.172840  1666.666667  0.00015708410661768713
-4506.172840  1790.123457  0.00015705253735002551
-4506.172840  1913.580247  0.00015785695684238779
-4506.172840  2037.037037  0.00015916511097492579
-4506.172840  2160.493827  0.00015988193923977928
-4506.172840  2283.950617  0.00015837918846738419
-4506.172840  2407.407407  0.00015306441703997087
-4506.172840  2530.864198  0.00015584504870850402
-4506.172840  2654.320988  0.00016807836607060531
-4506.172840  2777.777778  0.00016212590311479852
-4506.172840  2901.234568  0.00015345419576169749
-4506.172840  3024.691358  0.00014893520722163175
-4506.172840  3148.148148  0.00014993952585747256
-4506.172840  3271.604938  0.00015482209504016605
-4506.172840  3395.061728  0.00016080047499697259
-4506.172840  3518.518519  0.00016522563665241307
-4506.172840  3641.975309  0.00016624528746192130
-4506.172840  3765.432099  0.00016304029061303631
-4506.172840  3888.888889  0.00015624977947822617
-4506.172840  4012.345679  0.00014957815551985536
-4506.172840  4135.802469  0.00014472596204107919
-4506.172840  4259.259259  0.00014516618747332369
-4506.172840  4382.716049  0.00015304913670980330
-4506.172840  4506.172840  0.00016658408742842434
-4506.172840  4629.629630  0.00017789773140407182
-4506.172840  4753.086420  0.00017136940081027751
-4506.172840  4876.543210  0.00012244307951027469

-4382.716049 -5000.000000  0.00000007849847988944
-4382.716049 -4876.543210  0.00011377430743814936
-4382.716049 -4753.086420  0.00015636371789595150
-4382.716049 -4629.629630  0.00016154720543014452
-4382.716049 -4506.172840  0.00015163343951890839
-4382.716049 -4382.716049  0.00013989926513539467
-4382.716049 -4259.259259  0.00013277570345321057
-4382.716049 -4135.802469  0.00013185997166372868
-4382.716049 -4012.345679  0.00013575352190522635
-4382.716049 -3888.888889  0.00014172609930385193
-4382.716049 -3765.432099  0.00014720581912642025
-4382.716049 -3641.975309  0.00015027659392785115
-4382.716049 -3518.518519  0.00014915645816867458
-4382.716049 -3395.061728  0.00014520003030492413
-4382.716049 -3271.604938  0.00013996945289107448
-4382.716049 -3148.148148  0.00013548576636386139
-4382.716049 -3024.691358  0.00013411911105978356
-4382.716049 -2901.234568  0.00013761252822431553
-4382.716049 -2777.777778  0.00014523936001283185
-4382.716049 -2654.320988  0.00015109424848324255
-4382.716049 -2530.864198  0.00014051773358034146
-4382.716049 -2407.407407  0.00013632571184328968
-4382.716049 -2283.950617  0.00014161313289853141
-4382.716049 -2160.493827  0.00014329228568130494
-4382.716049 -2037.037037  0.00014240236630876465
-4382.716049 -1913.580247  0.00014073616972061381
-4382.716049 -1790.123457  0.00013967748617535748
-4382.716049 -1666.666667  0.00013964718660553656
-4382.716049 -1543.209877  0.00014015799683194302
-4382.716049 -1419.753086  0.00014047796063681325
-4382.716049 -1296.296296  0.00014090259169600422
-4382.716049 -1172.839506  0.00014132944709968720
-4382.716049 -1049.382716  0.00014119397882049860
-4382.716049  -925.925926  0.00014076948334331034
-4382.716049  -802.469136  0.00014014378162867575
-4382.716049  -679.012346  0.00013959607007862863
-4382.716049  -555.555556  0.00013942272745137328
-4382.716049  -432.098765  0.00013976859674598999
-4382.716049  -308.641975  0.00014046374205715901
-4382.716049  -185.185185  0.00014086568039990005
-4382.716049   -61.728395  0.00013970708850433104
-4382.716049    61.728395  0.00013963082737189936
-4382.716049   185.185185  0.00014062247020383404
-4382.716049   308.641975  0.00014008878029280050
-4382.716049   432.098765  0.00013928095810317322
-4382.716049   555.555556  0.00013881527755540179
-4382.716049   679.012346  0.00013884481017767273
-4382.716049   802.469136  0.00013922591807243839
-4382.716049   925.925926  0.00013967951569780873
-4382.716049  1049.382716  0.00013994710046381058
-4382.716049  1172.839506  0.00013994155214351110
-4382.716049  1296.296296  0.00013938756217661078
-4382.716049  1419.753086  0.00013884191329344630
-4382.716049  1543.209877  0.00013839430837754715
-4382.716049  1666.666667  0.00013776380299543073
-4382.716049  1790.123457  0.00013765096461632514
-4382.716049  1913.580247  0.00013852169785864688
-4382.716049  2037.037037  0.00013997310271493679
-4382.716049  2160.493827  0.00014068136575525156
-4382.716049  2283.950617  0.00013893168430901428
-4382.716049  2407.407407  0.00013373022362532120
-4382.716049  2530.864198  0.00013759633872142957
-4382.716049  2654.320988  0.00014757000464618277
-4382.716049  2777.777778  0.00014182300856635047
-4382.716049  2901.234568  0.00013438019846157299
-4382.716049  3024.691358  0.00013089137842739050
-4382.716049  3148.148148  0.00013205193080507454
-4382.716049  3271.604938  0.00013619445682284915
-4382.716049  3395.061728  0.00014105143574850244
-4382.716049  3518.518519  0.00014468890255338828
-4382.716049  3641.975309  0.00014561114408781872
-4382.716049  3765.432099  0.00014251944118413620
-4382.716049  3888.888889  0.00013712710165122597
-4382.716049  4012.345679  0.00013125494636751758
-4382.716049  4135.802469  0.00012737572356117568
-4382.716049  4259.259259  0.00012810006400628258
-4382.716049  4382.716049  0.00013476130721040927
-4382.716049  4506.172840  0.00014582935188031210
-4382.716049  4629.629630  0.00015515353066575163
-4382.716049  4753.086420  0.00015003450918143267
-4382.716049  4876.543210  0.00010912520930706826

-4259.259259 -5000.000000  0.00000128156092652250
-4259.259259 -4876.543210  0.00010365053889204363
-4259.259259 -4753.086420  0.00014131904592184892
-4259.259259 -4629.629630  0.00014572429508261271
-4259.259259 -4506.172840  0.00013696979983900321
-4259.259259 -4382.716049  0.00012665081130369874
-4259.259259 -4259.259259  0.00012027446791700291
-4259.259259 -4135.802469  0.00011927465755604759
-4259.259259 -4012.345679  0.00012262159207358320
-4259.259259 -3888.888889  0.00012802609426635608
-4259.259259 -3765.432099  0.00013273859727307367
-4259.259259 -3641.975309  0.00013565148735358086
-4259.259259 -3518.518519  0.00013461300478341372
-4259.259259 -3395.061728  0.00013113475388511623
-4259.259259 -3271.604938  0.00012656927633238703
-4259.259259 -3148.148148  0.00012256021733159859
-4259.259259 -3024.691358  0.00012117697089266033
-4259.259259 -2901.234568  0.00012411562203041722
-4259.259259 -2777.777778  0.00013096618589658325
-4259.259259 -2654.320988  0.00013654614384221063
-4259.259259 -2530.864198  0.00012730027641069436
-4259.259259 -2407.407407  0.00012279447425544158
-4259.259259 -2283.950617  0.00012787895519092286
-4259.259259 -2160.493827  0.00012962096597603055
-4259.259259 -2037.037037  0.00012876991932251000
-4259.259259 -1913.580247  0.00012710097785878819
-4259.259259 -1790.123457  0.00012605409484263758
-4259.259259 -1666.666667  0.00012606765292378784
-4259.259259 -1543.209877  0.00012660670095648334
-4259.259259 -1419.753086  0.00012688578886198870
-4259.259259 -1296.296296  0.00012728640054104163
-4259.259259 -1172.839506  0.00012773343527188306
-4259.259259 -1049.382716  0.00012760128508313993
-4259.259259  -925.925926  0.00012719717378201673
-4259.259259  -802.469136  0.00012659347978073715
-4259.259259  -679.012346  0.00012606247147075762
-4259.259259  -555.555556  0.00012589654967813134
-4259.259259  -432.098765  0.00012623812849998643
-4259.259259  -308.641975  0.00012691915452211594
-4259.259259  -185.185185  0.00012731026441768179
-4259.259259   -61.728395  0.00012617958092703220
-4259.259259    61.728395  0.00012610683021885559
-4259.259259   185.185185  0.00012707729522697973
-4259.259259   308.641975  0.00012656127954034324
-4259.259259   432.098765  0.00012577461681831598
-4259.259259   555.555556  0.00012532027520783973
-4259.259259   679.012346  0.00012534931382357772
-4259.259259   802.469136  0.00012572058196237549
-4259.259259   925.925926  0.00012615916105203202
-4259.259259  1049.382716  0.00012641354933438278
-4259.259259  1172.839506  0.00012641158928269251
-4259.259259  1296.296296  0.00012584558616668184
-4259.259259  1419.753086  0.00012533053757231990
-4259.259259  1543.209877  0.00012492970632316228
-4259.259259  1666.666667  0.00012427969718718416
-4259.259259  1790.123457  0.00012413179010836256
-4259.259259  1913.580247  0.00012499727007256721
-4259.259259  2037.037037  0.00012645684263983589
-4259.259259  2160.493827  0.00012713413514302822
-4259.259259  2283.950617  0.00012533328355286268
-4259.259259  2407.407407  0.00012034060500933396
-4259.259259  2530.864198  0.00012451246480847328
-4259.259259  2654.320988  0.00013320056954818524
-4259.259259  2777.777778  0.00012773254522084967
-4259.259259  2901.234568  0.00012105382772580112
-4259.259259  3024.691358  0.00011811147465247971
-4259.259259  3148.148148  0.00011929489730468268
-4259.259259  3271.604938  0.00012298369108103250
-4259.259259  3395.061728  0.00012720256421166115
-4259.259259  3518.518519  0.00013038336485111167
-4259.259259  3641.975309  0.00013123420652745563
-4259.259259  3765.432099  0.00012830717118378788
-4259.259259  3888.888889  0.00012366808001712057
-4259.259259  4012.345679  0.00011835954190963271
-4259.259259  4135.802469  0.00011502019867511621
-4259.259259  4259.259259  0.00011583303061110415
-4259.259259  4382.716049  0.00012177546801813372
-4259.259259  4506.172840  0.00013147678782948080
-4259.259259  4629.629630  0.00013968279535136544
-4259.259259  4753.086420  0.00013532779111362635
-4259.259259  4876.543210  0.00009921382283086655

-4135.802469 -5000.000000  0.00000010254625830747
-4135.802469 -4876.543210  0.00009858064849845865
-4135.802469 -4753.086420  0.00013540027308446754
-4135.802469 -4629.629630  0.00013979516083874598
-4135.802469 -4506.172840  0.00013110443668343829
-4135.802469 -4382.716049  0.00012083530536827452
-4135.802469 -4259.259259  0.00011456707654814841
-4135.802469 -4135.802469  0.00011369651921041201
-4135.802469 -4012.345679  0.00011702454545188499
-4135.802469 -3888.888889  0.00012218422360557918
-4135.802469 -3765.432099  0.00012691012071713861
-4135.802469 -3641.975309  0.00012961710080145394
-4135.802469 -3518.518519  0.00012861833554026085
-4135.802469 -3395.061728  0.00012519316565061663
-4135.802469 -3271.604938  0.00012067872952972507
-4135.802469 -3148.148148  0.00011677291867740474
-4135.802469 -3024.691358  0.00011552300147980525
-4135.802469 -2901.234568  0.00011850033024084099
-4135.802469 -2777.777778  0.00012516113146133988
-4135.802469 -2654.320988  0.00013039337936591070
-4135.802469 -2530.864198  0.00012124975267752624
-4135.802469 -2407.407407  0.00011733738460659480
-4135.802469 -2283.950617  0.00012210889722057293
-4135.802469 -2160.493827  0.00012367535339086842
-4135.802469 -2037.037037  0.00012288103047112170
-4135.802469 -1913.580247  0.00012136069273902122
-4135.802469 -1790.123457  0.00012040191502910143
-4135.802469 -1666.666667  0.00012039640182590890
-4135.802469 -1543.209877  0.00012088030181753672
-4135.802469 -1419.753086  0.00012116351790952709
-4135.802469 -1296.296296  0.00012154801269914264
-4135.802469 -1172.839506  0.00012195002096339910
-4135.802469 -1049.382716  0.00012183005367527289
-4135.802469  -925.925926  0.00012145094389147926
-4135.802469  -802.469136  0.00012088754297546302
-4135.802469  -679.012346  0.00012039296554163004
-4135.802469  -555.555556  0.00012023700425026204
-4135.802469  -432.098765  0.00012055104759418079
-4135.802469  -308.641975  0.00012117950067715802
-4135.802469  -185.185185  0.00012153770898407476
-4135.802469   -61.728395  0.00012047638514282653
-4135.802469    61.728395  0.00012040348794491285
-4135.802469   185.185185  0.00012130484653700850
-4135.802469   308.641975  0.00012082077416666963
-4135.802469   432.098765  0.00012008503222246630
-4135.802469   555.555556  0.00011965686724281492
-4135.802469   679.012346  0.00011967550774333455
-4135.802469   802.469136  0.00012001073930113282
-4135.802469   925.925926  0.00012040955789602299
-4135.802469  1049.382716  0.00012063890150866922
-4135.802469  1172.839506  0.00012062445997566352
-4135.802469  1296.296296  0.00012010193833048001
-4135.802469  1419.753086  0.00011960245813458837
-4135.802469  1543.209877  0.00011919776391119205
-4135.802469  1666.666667  0.00011860105159298538
-4135.802469  1790.123457  0.00011847121384348296
-4135.802469  1913.580247  0.00011925074195860903
-4135.802469  2037.037037  0.00012056566243785782
-4135.802469  2160.493827  0.00012118750822502268
-4135.802469  2283.950617  0.00011955732461849403
-4135.802469  2407.407407  0.00011487170985112767
-4135.802469  2530.864198  0.00011846978145189060
-4135.802469  2654.320988  0.00012704685003396264
-4135.802469  2777.777778  0.00012192021873327470
-4135.802469  2901.234568  0.00011543376806191027
-4135.802469  3024.691358  0.00011245953769357116
-4135.802469  3148.148148  0.00011351435077602552
-4135.802469  3271.604938  0.00011709957842999308
-4135.802469  3395.061728  0.00012126404443446537
-4135.802469  3518.518519  0.00012439007009846327
-4135.802469  3641.975309  0.00012520265931923117
-4135.802469  3765.432099  0.00012247902048120166
-4135.802469  3888.888889  0.00011783425071421614
-4135.802469  4012.345679  0.00011277082982693385
-4135.802469  4135.802469  0.00010945579315481726
-4135.802469  4259.259259  0.00011014431300773957
-4135.802469  4382.716049  0.00011597608400051562
-4135.802469  4506.172840  0.00012561793185238059
-4135.802469  4629.629630  0.00013375264565541526
-4135.802469  4753.086420  0.00012941403361191640
-4135.802469  4876.543210  0.00009416820224071618

-4012.345679 -5000.000000  -0.00000130898612117376
-4012.345679 -4876.543210  0.00009823063798832279
-4012.345679 -4753.086420  0.00013620155725585560
-4012.345679 -4629.629630  0.00014087150752341331
-4012.345679 -4506.172840  0.00013178304488684699
-4012.345679 -4382.716049  0.00012100848915982205
-4012.345679 -4259.259259  0.00011453788056035132
-4012.345679 -4135.802469  0.00011379994961989979
-4012.345679 -4012.345679  0.00011731610031505857
-4012.345679 -3888.888889  0.00012248740642179035
-4012.345679 -3765.432099  0.00012751462109224492
-4012.345679 -3641.975309  0.00013011500518101836
-4012.345679 -3518.518519  0.00012911805405349327
-4012.345679 -3395.061728  0.00012555757370694430
-4012.345679 -3271.604938  0.00012083622036923838
-4012.345679 -3148.148148  0.00011683665651056243
-4012.345679 -3024.691358  0.00011570150569938059
-4012.345679 -2901.234568  0.00011892032920048285
-4012.345679 -2777.777778  0.00012572362431512439
-4012.345679 -2654.320988  0.00013078384446325682
-4012.345679 -2530.864198  0.00012122344100784945
-4012.345679 -2407.407407  0.00011790124293648651
-4012.345679 -2283.950617  0.00012250588861213873
-4012.345679 -2160.493827  0.00012391436739055773
-4012.345679 -2037.037037  0.00012315277403881299
-4012.345679 -1913.580247  0.00012175252542316839
-4012.345679 -1790.123457  0.00012086106601663176
-4012.345679 -1666.666667  0.00012082703150870206
-4012.345679 -1543.209877  0.00012125987051731364
-4012.345679 -1419.753086  0.00012156392440297745
-4012.345679 -1296.296296  0.00012194696518511841
-4012.345679 -1172.839506  0.00012230786145273032
-4012.345679 -1049.382716  0.00012219805407290735
-4012.345679  -925.925926  0.00012183226272616866
-4012.345679  -802.469136  0.00012129281697303076
-4012.345679  -679.012346  0.00012082091612978667
-4012.345679  -555.555556  0.00012067037773463048
-4012.345679  -432.098765  0.00012096450471681687
-4012.345679  -308.641975  0.00012155607126885579
-4012.345679  -185.185185  0.00012189042742174164
-4012.345679   -61.728395  0.00012087172232321912
-4012.345679    61.728395  0.00012079573465678957
-4012.345679   185.185185  0.00012164862661724851
-4012.345679   308.641975  0.00012118209110508027
-4012.345679   432.098765  0.00012047659520657710
-4012.345679   555.555556  0.00012006184835303493
-4012.345679   679.012346  0.00012006900876117954
-4012.345679   802.469136  0.00012037587244020569
-4012.345679   925.925926  0.00012074504476542873
-4012.345679  1049.382716  0.00012095509461855019
-4012.345679  1172.839506  0.00012092469109453554
-4012.345679  1296.296296  0.00012043623850848894
-4012.345679  1419.753086  0.00011993270946454599
-4012.345679  1543.209877  0.00011950253428546793
-4012.345679  1666.666667  0.00011894961192952649
-4012.345679  1790.123457  0.00011884137488051141
-4012.345679  1913.580247  0.00011954942929951376
-4012.345679  2037.037037  0.00012074162503808756
-4012.345679  2160.493827  0.00012132555551278648
-4012.345679  2283.950617  0.00011984348744107842
-4012.345679  2407.407407  0.00011531872043863534
-4012.345679  2530.864198  0.00011834059470944282
-4012.345679  2654.320988  0.00012730053139235482
-4012.345679  2777.777778  0.00012234059136210419
-4012.345679  2901.234568  0.00011572092978874095
-4012.345679  3024.691358  0.00011251389355024132
-4012.345679  3148.148148  0.00011345228698522214
-4012.345679  3271.604938  0.00011711796942073383
-4012.345679  3395.061728  0.00012147078447512736
-4012.345679  3518.518519  0.00012471782113599900
-4012.345679  3641.975309  0.00012552300661321030
-4012.345679  3765.432099  0.00012290140586322266
-4012.345679  3888.888889  0.00011796799693061532
-4012.345679  4012.345679  0.00011289696828468569
-4012.345679  4135.802469  0.00010940106401887147
-4012.345679  4259.259259  0.00010995630796384444
-4012.345679  4382.716049  0.00011597079722303920
-4012.345679  4506.172840  0.00012608223027533213
-4012.345679  4629.629630  0.00013458416964486796
-4012.345679  4753.086420  0.00012998103913803273
-4012.345679  4876.543210  0.00009367185564757618

-3888.888889 -5000.000000  -0.00000121147140934027
-3888.888889 -4876.543210  0.00010078539231910695
-3888.888889 -4753.086420  0.00013966012700819511
-3888.888889 -4629.629630  0.00014443477539975597
-3888.888889 -4506.172840  0.00013513420388062348
-3888.888889 -4382.716049  0.00012410933355140233
-3888.888889 -4259.259259  0.00011748329267711656
-3888.888889 -4135.802469  0.00011672049051972250
-3888.888889 -4012.345679  0.00012031861255248993
-3888.888889 -3888.888889  0.00012562353705624737
-3888.888889 -3765.432099  0.00013076717309749589
-3888.888889 -3641.975309  0.00013344518557743481
-3888.888889 -3518.518519  0.00013242761218199868
-3888.888889 -3395.061728  0.00012878930099473522
-3888.888889 -3271.604938  0.00012396452150541021
-3888.888889 -3148.148148  0.00011987334368097494
-3888.888889 -3024.691358  0.00011870794128860254
-3888.888889 -2901.234568  0.00012200101849138063
-3888.888889 -2777.777778  0.00012897635971666067
-3888.888889 -2654.320988  0.00013418150279706316
-3888.888889 -2530.864198  0.00012440253538414023
-3888.888889 -2407.407407  0.00012096586643779867
-3888.888889 -2283.950617  0.00012570680495205085
-3888.888889 -2160.493827  0.00012716858833895564
-3888.888889 -2037.037037  0.00012639061921636337
-3888.888889 -1913.580247  0.00012495118229402901
-3888.888889 -1790.123457  0.00012403735550789506
-3888.888889 -1666.666667  0.00012400983973936445
-3888.888889 -1543.209877  0.00012446270711956311
-3888.888889 -1419.753086  0.00012477806791859306
-3888.888889 -1296.296296  0.00012517565601977482
-3888.888889 -1172.839506  0.00012555266574448259
-3888.888889 -1049.382716  0.00012544305352392199
-3888.888889  -925.925926  0.00012506986760351470
-3888.888889  -802.469136  0.00012451680556295277
-3888.888889  -679.012346  0.00012403258917082023
-3888.888889  -555.555556  0.00012387894781408688
-3888.888889  -432.098765  0.00012418260876244464
-3888.888889  -308.641975  0.00012479129426748700
-3888.888889  -185.185185  0.00012513372549673071
-3888.888889   -61.728395  0.00012408363330248154
-3888.888889    61.728395  0.00012400303112610880
-3888.888889   185.185185  0.00012487742862461932
-3888.888889   308.641975  0.00012439460953998216
-3888.888889   432.098765  0.00012366470383011512
-3888.888889   555.555556  0.00012323282454329191
-3888.888889   679.012346  0.00012323439705712885
-3888.888889   802.469136  0.00012354385663660558
-3888.888889   925.925926  0.00012391671431111916
-3888.888889  1049.382716  0.00012412499107057392
-3888.888889  1172.839506  0.00012408602038050461
-3888.888889  1296.296296  0.00012357382627642172
-3888.888889  1419.753086  0.00012304844644507116
-3888.888889  1543.209877  0.00012259942306253871
-3888.888889  1666.666667  0.00012201942801326381
-3888.888889  1790.123457  0.00012189661061669410
-3888.888889  1913.580247  0.00012261692002527038
-3888.888889  2037.037037  0.00012383700672179002
-3888.888889  2160.493827  0.00012442770311614775
-3888.888889  2283.950617  0.00012288808324145578
-3888.888889  2407.407407  0.00011823010154954193
-3888.888889  2530.864198  0.00012135062158323951
-3888.888889  2654.320988  0.00013050034773139040
-3888.888889  2777.777778  0.00012539974373987995
-3888.888889  2901.234568  0.00011861585032446145
-3888.888889  3024.691358  0.00011533421341500671
-3888.888889  3148.148148  0.00011629301304259682
-3888.888889  3271.604938  0.00012003446350506302
-3888.888889  3395.061728  0.00012447348481097565
-3888.888889  3518.518519  0.00012778364540208328
-3888.888889  3641.975309  0.00012860037615420179
-3888.888889  3765.432099  0.00012590093923799857
-3888.888889  3888.888889  0.00012085436226346142
-3888.888889  4012.345679  0.00011565557504912831
-3888.888889  4135.802469  0.00011207843962363949
-3888.888889  4259.259259  0.00011264948866055558
-3888.888889  4382.716049  0.00011879883765540669
-3888.888889  4506.172840  0.00012913156642590143
-3888.888889  4629.629630  0.00013781956993529223
-3888.888889  4753.086420  0.00013311387843889839
-3888.888889  4876.543210  0.00009597744695378790

-3765.432099 -5000.000000  -0.00000327887809121198
-3765.432099 -4876.543210  0.00010216771593756628
-3765.432099 -4753.086420  0.00014350118190683571
-3765.432099 -4629.629630  0.00014882039560074742
-3765.432099 -4506.172840  0.00013881004069326425
-3765.432099 -4382.716049  0.00012688227128478471
-3765.432099 -4259.259259  0.00011987909295984209
-3765.432099 -4135.802469  0.00011933546236587265
-3765.432099 -4012.345679  0.00012330310531304966
-3765.432099 -3888.888889  0.00012873505339518296
-3765.432099 -3765.432099  0.00013443089913168650
-3765.432099 -3641.975309  0.00013698494982751491
-3765.432099 -3518.518519  0.00013596378822001182
-3765.432099 -3395.061728  0.00013205753831350257
-3765.432099 -3271.604938  0.00012683184219119180
-3765.432099 -3148.148148  0.00012253807370300241
-3765.432099 -3024.691358  0.00012155247856957914
-3765.432099 -2901.234568  0.00012528889827128175
-3765.432099 -2777.777778  0.00013258507772216714
-3765.432099 -2654.320988  0.00013756255672896158
-3765.432099 -2530.864198  0.00012696014523502089
-3765.432099 -2407.407407  0.00012451835735688890
-3765.432099 -2283.950617  0.00012901256671809684
-3765.432099 -2160.493827  0.00013020532344073417
-3765.432099 -2037.037037  0.00012947546094655286
-3765.432099 -1913.580247  0.00012823335099310489
-3765.432099 -1790.123457  0.00012742757133771799
-3765.432099 -1666.666667  0.00012734577141345108
-3765.432099 -1543.209877  0.00012770973601702952
-3765.432099 -1419.753086  0.00012806464700875980
-3765.432099 -1296.296296  0.00012846254302442412
-3765.432099 -1172.839506  0.00012877194091868261
-3765.432099 -1049.382716  0.00012867742498561788
-3765.432099  -925.925926  0.00012832435587690859
-3765.432099  -802.469136  0.00012781222793366108
-3765.432099  -679.012346  0.00012736706212714780
-3765.432099  -555.555556  0.00012722279454436549
-3765.432099  -432.098765  0.00012749566449906033
-3765.432099  -308.641975  0.00012805160226821900
-3765.432099  -185.185185  0.00012836661645402618
-3765.432099   -61.728395  0.00012738018097129114
-3765.432099    61.728395  0.00012729482253706116
-3765.432099   185.185185  0.00012809675890573853
-3765.432099   308.641975  0.00012763129610743267
-3765.432099   432.098765  0.00012694327676286536
-3765.432099   555.555556  0.00012653162352275110
-3765.432099   679.012346  0.00012651425544770031
-3765.432099   802.469136  0.00012677596512869108
-3765.432099   925.925926  0.00012709925654810913
-3765.432099  1049.382716  0.00012727814368135518
-3765.432099  1172.839506  0.00012721490983902230
-3765.432099  1296.296296  0.00012675891254993073
-3765.432099  1419.753086  0.00012622430414466489
-3765.432099  1543.209877  0.00012572832178792568
-3765.432099  1666.666667  0.00012522525512523170
-3765.432099  1790.123457  0.00012514555389661275
-3765.432099  1913.580247  0.00012575177184243083
-3765.432099  2037.037037  0.00012677131346416445
-3765.432099  2160.493827  0.00012730598364015235
-3765.432099  2283.950617  0.00012601834009630080
-3765.432099  2407.407407  0.00012159484873175012
-3765.432099  2530.864198  0.00012374640196594251
-3765.432099  2654.320988  0.00013366721365270002
-3765.432099  2777.777778  0.00012878368393082779
-3765.432099  2901.234568  0.00012169204425541623
-3765.432099  3024.691358  0.00011798055212545398
-3765.432099  3148.148148  0.00011875742777476163
-3765.432099  3271.604938  0.00012268097348818225
-3765.432099  3395.061728  0.00012749187554303096
-3765.432099  3518.518519  0.00013104768877580003
-3765.432099  3641.975309  0.00013185950377412350
-3765.432099  3765.432099  0.00012927620347387813
-3765.432099  3888.888889  0.00012369687459450450
-3765.432099  4012.345679  0.00011837723222215048
-3765.432099  4135.802469  0.00011444215846251229
-3765.432099  4259.259259  0.00011479396889691127
-3765.432099  4382.716049  0.00012129161838490032
-3765.432099  4506.172840  0.00013247394816418137
-3765.432099  4629.629630  0.00014182697424782993
-3765.432099  4753.086420  0.00013659521711882782
-3765.432099  4876.543210  0.00009713707272190458

-3641.975309 -5000.000000  -0.00000203642603545030
-3641.975309 -4876.543210  0.00010297812178070205
-3641.975309 -4753.086420  0.00014353060060474213
-3641.975309 -4629.629630  0.00014862175367797166
-3641.975309 -4506.172840  0.00013887335037831457
-3641.975309 -4382.716049  0.00012730804038762136
-3641.975309 -4259.259259  0.00012046402059508241
-3641.975309 -4135.802469  0.00011984451473673539
-3641.975309 -4012.345679  0.00012370206577106896
-3641.975309 -3888.888889  0.00012915764099072076
-3641.975309 -3765.432099  0.00013465454987027125
-3641.975309 -3641.975309  0.00013724761797402648
-3641.975309 -3518.518519  0.00013625674540185319
-3641.975309 -3395.061728  0.00013243449304184532
-3641.975309 -3271.604938  0.00012732505235467720
-3641.975309 -3148.148148  0.00012311639874127117
-3641.975309 -3024.691358  0.00012213111858684619
-3641.975309 -2901.234568  0.00012577576160792100
-3641.975309 -2777.777778  0.00013294871850227081
-3641.975309 -2654.320988  0.00013790662390184022
-3641.975309 -2530.864198  0.00012758928462860744
-3641.975309 -2407.407407  0.00012492499686597228
-3641.975309 -2283.950617  0.00012938153399716100
-3641.975309 -2160.493827  0.00013062390679977734
-3641.975309 -2037.037037  0.00012990723657007938
-3641.975309 -1913.580247  0.00012865130329924409
-3641.975309 -1790.123457  0.00012784408927002353
-3641.975309 -1666.666667  0.00012778531826794620
-3641.975309 -1543.209877  0.00012816999040706379
-3641.975309 -1419.753086  0.00012851191257024356
-3641.975309 -1296.296296  0.00012890722446400613
-3641.975309 -1172.839506  0.00012922916872110601
-3641.975309 -1049.382716  0.00012914172948013197
-3641.975309  -925.925926  0.00012879730837366779
-3641.975309  -802.469136  0.00012828657853054533
-3641.975309  -679.012346  0.00012784130682122789
-3641.975309  -555.555556  0.00012769971130514659
-3641.975309  -432.098765  0.00012797478433567279
-3641.975309  -308.641975  0.00012852558132272563
-3641.975309  -185.185185  0.00012883147515301515
-3641.975309   -61.728395  0.00012786937626792157
-3641.975309    61.728395  0.00012778023045926522
-3641.975309   185.185185  0.00012855019783811764
-3641.975309   308.641975  0.00012808693994034568
-3641.975309   432.098765  0.00012739757594845043
-3641.975309   555.555556  0.00012697715971464764
-3641.975309   679.012346  0.00012695016100641298
-3641.975309   802.469136  0.00012720465126026120
-3641.975309   925.925926  0.00012751919384376155
-3641.975309  1049.382716  0.00012768243882578872
-3641.975309  1172.839506  0.00012760542225500931
-3641.975309  1296.296296  0.00012713073585125047
-3641.975309  1419.753086  0.00012659243594092713
-3641.975309  1543.209877  0.00012610295672371664
-3641.975309  1666.666667  0.00012557354909819850
-3641.975309  1790.123457  0.00012546488692516443
-3641.975309  1913.580247  0.00012606542878266209
-3641.975309  2037.037037  0.00012709106249490193
-3641.975309  2160.493827  0.00012760603243503165
-3641.975309  2283.950617  0.00012626514960177587
-3641.975309  2407.407407  0.00012187728446994058
-3641.975309  2530.864198  0.00012423460472799538
-3641.975309  2654.320988  0.00013386123455271046
-3641.975309  2777.777778  0.00012899750464992417
-3641.975309  2901.234568  0.00012202803423538932
-3641.975309  3024.691358  0.00011840375387377673
-3641.975309  3148.148148  0.00011917356795319164
-3641.975309  3271.604938  0.00012300483294056129
-3641.975309  3395.061728  0.00012769265141789835
-3641.975309  3518.518519  0.00013115798189943558
-3641.975309  3641.975309  0.00013193456442963747
-3641.975309  3765.432099  0.00012931345858409451
-3641.975309  3888.888889  0.00012392682250272514
-3641.975309  4012.345679  0.00011858850410399135
-3641.975309  4135.802469  0.00011475982856886643
-3641.975309  4259.259259  0.00011517908695119459
-3641.975309  4382.716049  0.00012151163233603282
-3641.975309  4506.172840  0.00013232867725150103
-3641.975309  4629.629630  0.00014141479233414049
-3641.975309  4753.086420  0.00013640410624778042
-3641.975309  4876.543210  0.00009774520685591299

-3518.518519 -5000.000000  -0.00000179565464340714
-3518.518519 -4876.543210  0.00009950990539640288
-3518.518519 -4753.086420  0.00013867903663391276
-3518.518519 -4629.629630  0.00014364773358723604
-3518.518519 -4506.172840  0.00013429265899049238
-3518.518519 -4382.716049  0.00012317340686400984
-3518.518519 -4259.259259  0.00011660017590228781
-3518.518519 -4135.802469  0.00011602685317971022
-3518.518519 -4012.345679  0.00011976950817400981
-3518.518519 -3888.888889  0.00012505029710748152
-3518.518519 -3765.432099  0.00013036677760594719
-3518.518519 -3641.975309  0.00013289656279859256
-3518.518519 -3518.518519  0.00013194594824530829
-3518.518519 -3395.061728  0.00012827482460124292
-3518.518519 -3271.604938  0.00012336842687093069
-3518.518519 -3148.148148  0.00011932088600733968
-3518.518519 -3024.691358  0.00011836912614354180
-3518.518519 -2901.234568  0.00012188498563234981
-3518.518519 -2777.777778  0.00012882556189392329
-3518.518519 -2654.320988  0.00013364178007133938
-3518.518519 -2530.864198  0.00012364518549413318
-3518.518519 -2407.407407  0.00012115971919934099
-3518.518519 -2283.950617  0.00012548412060288993
-3518.518519 -2160.493827  0.00012667408530739248
-3518.518519 -2037.037037  0.00012599091834883180
-3518.518519 -1913.580247  0.00012479871598009817
-3518.518519 -1790.123457  0.00012403313601525454
-3518.518519 -1666.666667  0.00012397832641117585
-3518.518519 -1543.209877  0.00012435201208656351
-3518.518519 -1419.753086  0.00012469873997833457
-3518.518519 -1296.296296  0.00012509128233538546
-3518.518519 -1172.839506  0.00012540961805204077
-3518.518519 -1049.382716  0.00012533085696384699
-3518.518519  -925.925926  0.00012500473899272621
-3518.518519  -802.469136  0.00012452305655204183
-3518.518519  -679.012346  0.00012410326956944137
-3518.518519  -555.555556  0.00012397140763232550
-3518.518519  -432.098765  0.00012423964714360300
-3518.518519  -308.641975  0.00012477856348773258
-3518.518519  -185.185185  0.00012508405820705002
-3518.518519   -61.728395  0.00012413896118838207
-3518.518519    61.728395  0.00012404788465217062
-3518.518519   185.185185  0.00012479672522454151
-3518.518519   308.641975  0.00012432980855335050
-3518.518519   432.098765  0.00012364833611835650
-3518.518519   555.555556  0.00012323075442672909
-3518.518519   679.012346  0.00012318996854545635
-3518.518519   802.469136  0.00012341490492517618
-3518.518519   925.925926  0.00012369642351542790
-3518.518519  1049.382716  0.00012383757917132818
-3518.518519  1172.839506  0.00012374823235166625
-3518.518519  1296.296296  0.00012327383587646781
-3518.518519  1419.753086  0.00012273492804188636
-3518.518519  1543.209877  0.00012223733091241951
-3518.518519  1666.666667  0.00012171600410695203
-3518.518519  1790.123457  0.00012160048421321353
-3518.518519  1913.580247  0.00012215621395244468
-3518.518519  2037.037037  0.00012311485325013446
-3518.518519  2160.493827  0.00012359357221282833
-3518.518519  2283.950617  0.00012230332601100629
-3518.518519  2407.407407  0.00011804611166803342
-3518.518519  2530.864198  0.00012022398348361874
-3518.518519  2654.320988  0.00012952723929353721
-3518.518519  2777.777778  0.00012480423627276278
-3518.518519  2901.234568  0.00011806574670724019
-3518.518519  3024.691358  0.00011456847082157298
-3518.518519  3148.148148  0.00011530330015625765
-3518.518519  3271.604938  0.00011897270250261168
-3518.518519  3395.061728  0.00012345722839539374
-3518.518519  3518.518519  0.00012677113916311522
-3518.518519  3641.975309  0.00012750715653604686
-3518.518519  3765.432099  0.00012495075344820617
-3518.518519  3888.888889  0.00011974351280394901
-3518.518519  4012.345679  0.00011458218123330111
-3518.518519  4135.802469  0.00011086909157437841
-3518.518519  4259.259259  0.00011124259876242674
-3518.518519  4382.716049  0.00011730662335302711
-3518.518519  4506.172840  0.00012768192339670129
-3518.518519  4629.629630  0.00013637909466491916
-3518.518519  4753.086420  0.00013149329922750497
-3518.518519  4876.543210  0.00009422072238144465

-3395.061728 -5000.000000  -0.00000041593799018610
-3395.061728 -4876.543210  0.00009400329028321842
-3395.061728 -4753.086420  0.00012997856375045148
-3395.061728 -4629.629630  0.00013446741094792734
-3395.061728 -4506.172840  0.00012599676844451900
-3395.061728 -4382.716049  0.00011595197797288879
-3395.061728 -4259.259259  0.00010995828645559231
-3395.061728 -4135.802469  0.00010935484892594190
-3395.061728 -4012.345679  0.00011276123434363152
-3395.061728 -3888.888889  0.00011773643430512271
-3395.061728 -3765.432099  0.00012253037464879079
-3395.061728 -3641.975309  0.00012498105253306021
-3395.061728 -3518.518519  0.00012411236494355154
-3395.061728 -3395.061728  0.00012077270714253421
-3395.061728 -3271.604938  0.00011631861452207334
-3395.061728 -3148.148148  0.00011260894999470321
-3395.061728 -3024.691358  0.00011167974794415236
-3395.061728 -2901.234568  0.00011485091751946032
-3395.061728 -2777.777778  0.00012126480527248535
-3395.061728 -2654.320988  0.00012585661713880269
-3395.061728 -2530.864198  0.00011675669976199475
-3395.061728 -2407.407407  0.00011414941151600514
-3395.061728 -2283.950617  0.00011827035533354295
-3395.061728 -2160.493827  0.00011947267423600130
-3395.061728 -2037.037037  0.00011883492450175713
-3395.061728 -1913.580247  0.00011767852265301166
-3395.061728 -1790.123457  0.00011694565839616644
-3395.061728 -1666.666667  0.00011692278806265383
-3395.061728 -1543.209877  0.00011730970855022636
-3395.061728 -1419.753086  0.00011763421176470352
-3395.061728 -1296.296296  0.00011801231956217504
-3395.061728 -1172.839506  0.00011834083193836033
-3395.061728 -1049.382716  0.00011827340167484097
-3395.061728  -925.925926  0.00011797288007427858
-3395.061728  -802.469136  0.00011752018444488897
-3395.061728  -679.012346  0.00011712408725514953
-3395.061728  -555.555556  0.00011700316274844294
-3395.061728  -432.098765  0.00011726537187886799
-3395.061728  -308.641975  0.00011778528556821739
-3395.061728  -185.185185  0.00011807894628411979
-3395.061728   -61.728395  0.00011717636793934967
-3395.061728    61.728395  0.00011708451192943583
-3395.061728   185.185185  0.00011778928538137354
-3395.061728   308.641975  0.00011733251386263252
-3395.061728   432.098765  0.00011666835736857217
-3395.061728   555.555556  0.00011625519623341978
-3395.061728   679.012346  0.00011620199269700342
-3395.061728   802.469136  0.00011640193112963532
-3395.061728   925.925926  0.00011665333691514662
-3395.061728  1049.382716  0.00011676787399207282
-3395.061728  1172.839506  0.00011666602105299031
-3395.061728  1296.296296  0.00011618097600248616
-3395.061728  1419.753086  0.00011565523364347085
-3395.061728  1543.209877  0.00011517836561877300
-3395.061728  1666.666667  0.00011464388746173144
-3395.061728  1790.123457  0.00011449677810453482
-3395.061728  1913.580247  0.00011501930023838829
-3395.061728  2037.037037  0.00011594130788128014
-3395.061728  2160.493827  0.00011637504115334767
-3395.061728  2283.950617  0.00011507440825984339
-3395.061728  2407.407407  0.00011101875468170004
-3395.061728  2530.864198  0.00011331055784466328
-3395.061728  2654.320988  0.00012173758585514851
-3395.061728  2777.777778  0.00011723783664447061
-3395.061728  2901.234568  0.00011101646747036177
-3395.061728  3024.691358  0.00010785660643134800
-3395.061728  3148.148148  0.00010856956818642037
-3395.061728  3271.604938  0.00011190970132063842
-3395.061728  3395.061728  0.00011595386735666553
-3395.061728  3518.518519  0.00011894555141223531
-3395.061728  3641.975309  0.00011960360450355092
-3395.061728  3765.432099  0.00011713042358656299
-3395.061728  3888.888889  0.00011243471987725027
-3395.061728  4012.345679  0.00010757968272873670
-3395.061728  4135.802469  0.00010419843828030636
-3395.061728  4259.259259  0.00010460267677443958
-3395.061728  4382.716049  0.00011010418508164505
-3395.061728  4506.172840  0.00011943631930723708
-3395.061728  4629.629630  0.00012727541748005716
-3395.061728  4753.086420  0.00012286215232313821
-3395.061728  4876.543210  0.00008872282410631445

-3271.604938 -5000.000000  0.00000156706589527827
-3271.604938 -4876.543210  0.00008765546566394508
-3271.604938 -4753.086420  0.00011957505433166584
-3271.604938 -4629.629630  0.00012341328941317355
-3271.604938 -4506.172840  0.00011607145575228957
-3271.604938 -4382.716049  0.00010741208000197613
-3271.604938 -4259.259259  0.00010214801166394174
-3271.604938 -4135.802469  0.00010147317068778603
-3271.604938 -4012.345679  0.00010443496162968855
-3271.604938 -3888.888889  0.00010904835437063738
-3271.604938 -3765.432099  0.00011315163139420103
-3271.604938 -3641.975309  0.00011552555892423073
-3271.604938 -3518.518519  0.00011476018165913425
-3271.604938 -3395.061728  0.00011184208004685965
-3271.604938 -3271.604938  0.00010796372645449719
-3271.604938 -3148.148148  0.00010467534632005038
-3271.604938 -3024.691358  0.00010375584152507168
-3271.604938 -2901.234568  0.00010647119384654265
-3271.604938 -2777.777778  0.00011222034848799894
-3271.604938 -2654.320988  0.00011656857768989950
-3271.604938 -2530.864198  0.00010866832441924139
-3271.604938 -2407.407407  0.00010573210107246489
-3271.604938 -2283.950617  0.00010964192589470736
-3271.604938 -2160.493827  0.00011091070637007847
-3271.604938 -2037.037037  0.00011032026687341895
-3271.604938 -1913.580247  0.00010917059431188328
-3271.604938 -1790.123457  0.00010845814424542626
-3271.604938 -1666.666667  0.00010848609441559018
-3271.604938 -1543.209877  0.00010890654568259186
-3271.604938 -1419.753086  0.00010919467037071005
-3271.604938 -1296.296296  0.00010955480802197241
-3271.604938 -1172.839506  0.00010990586886499310
-3271.604938 -1049.382716  0.00010985107327645647
-3271.604938  -925.925926  0.00010957804165139777
-3271.604938  -802.469136  0.00010914975978437300
-3271.604938  -679.012346  0.00010877213552410045
-3271.604938  -555.555556  0.00010866152792059454
-3271.604938  -432.098765  0.00010892035828119136
-3271.604938  -308.641975  0.00010942080313546652
-3271.604938  -185.185185  0.00010969656910904471
-3271.604938   -61.728395  0.00010884274970630116
-3271.604938    61.728395  0.00010875041035193780
-3271.604938   185.185185  0.00010940558076720264
-3271.604938   308.641975  0.00010896581358205111
-3271.604938   432.098765  0.00010832031170845871
-3271.604938   555.555556  0.00010790980876238647
-3271.604938   679.012346  0.00010784567855316660
-3271.604938   802.469136  0.00010802669540449244
-3271.604938   925.925926  0.00010825344530701166
-3271.604938  1049.382716  0.00010834038790252210
-3271.604938  1172.839506  0.00010822556929977171
-3271.604938  1296.296296  0.00010771863591715447
-3271.604938  1419.753086  0.00010721034904489169
-3271.604938  1543.209877  0.00010676892178113180
-3271.604938  1666.666667  0.00010620227108608549
-3271.604938  1790.123457  0.00010600599693876194
-3271.604938  1913.580247  0.00010650837167857228
-3271.604938  2037.037037  0.00010742329852654789
-3271.604938  2160.493827  0.00010781123928617551
-3271.604938  2283.950617  0.00010644811122384728
-3271.604938  2407.407407  0.00010260215312892891
-3271.604938  2530.864198  0.00010520928321448564
-3271.604938  2654.320988  0.00011246858982377563
-3271.604938  2777.777778  0.00010821176138850023
-3271.604938  2901.234568  0.00010264155812820268
-3271.604938  3024.691358  0.00009992704583713759
-3271.604938  3148.148148  0.00010063146588283816
-3271.604938  3271.604938  0.00010356312402827104
-3271.604938  3395.061728  0.00010704929807758048
-3271.604938  3518.518519  0.00010963316434542041
-3271.604938  3641.975309  0.00011019374294987609
-3271.604938  3765.432099  0.00010780299368450936
-3271.604938  3888.888889  0.00010378180403153508
-3271.604938  4012.345679  0.00009928874068502724
-3271.604938  4135.802469  0.00009634501041337744
-3271.604938  4259.259259  0.00009682106428306604
-3271.604938  4382.716049  0.00010161709701731679
-3271.604938  4506.172840  0.00010960846600191337
-3271.604938  4629.629630  0.00011635602993817882
-3271.604938  4753.086420  0.00011258140714311670
-3271.604938  4876.543210  0.00008240715349671364

-3148.148148 -5000.000000  0.00000262732418158933
-3148.148148 -4876.543210  0.00008165644185521033
-3148.148148 -4753.086420  0.00011054300292472675
-3148.148148 -4629.629630  0.00011399846950420551
-3148.148148 -4506.172840  0.00010752168251956204
-3148.148148 -4382.716049  0.00009988267878772597
-3148.148148 -4259.259259  0.00009518727763461435
-3148.148148 -4135.802469  0.00009452243705190174
-3148.148148 -4012.345679  0.00009718237939258754
-3148.148148 -3888.888889  0.00010147548660536035
-3148.148148 -3765.432099  0.00010511196500776032
-3148.148148 -3641.975309  0.00010740383260961275
-3148.148148 -3518.518519  0.00010672289318636466
-3148.148148 -3395.061728  0.00010413395222818740
-3148.148148 -3271.604938  0.00010069859734073123
-3148.148148 -3148.148148  0.00009773763977766623
-3148.148148 -3024.691358  0.00009683802704764469
-3148.148148 -2901.234568  0.00009922049151724891
-3148.148148 -2777.777778  0.00010446793500992500
-3148.148148 -2654.320988  0.00010861454940090232
-3148.148148 -2530.864198  0.00010159567320809779
-3148.148148 -2407.407407  0.00009853598573197836
-3148.148148 -2283.950617  0.00010228692422833578
-3148.148148 -2160.493827  0.00010358758224932945
-3148.148148 -2037.037037  0.00010303870043645787
-3148.148148 -1913.580247  0.00010191350160305095
-3148.148148 -1790.123457  0.00010122900504313872
-3148.148148 -1666.666667  0.00010129471123247760
-3148.148148 -1543.209877  0.00010173865692172757
-3148.148148 -1419.753086  0.00010201084062178635
-3148.148148 -1296.296296  0.00010236401848127757
-3148.148148 -1172.839506  0.00010273287508716013
-3148.148148 -1049.382716  0.00010269150709863633
-3148.148148  -925.925926  0.00010244315659931423
-3148.148148  -802.469136  0.00010204027132829057
-3148.148148  -679.012346  0.00010168293929001546
-3148.148148  -555.555556  0.00010158281733224604
-3148.148148  -432.098765  0.00010183881574858848
-3148.148148  -308.641975  0.00010232453890563101
-3148.148148  -185.185185  0.00010258748189466677
-3148.148148   -61.728395  0.00010175998320800745
-3148.148148    61.728395  0.00010166637300815151
-3148.148148   185.185185  0.00010229259617465087
-3148.148148   308.641975  0.00010186319398454755
-3148.148148   432.098765  0.00010123010995130531
-3148.148148   555.555556  0.00010082017167327431
-3148.148148   679.012346  0.00010074326471843372
-3148.148148   802.469136  0.00010090173107412478
-3148.148148   925.925926  0.00010110099216177235
-3148.148148  1049.382716  0.00010116139641659636
-3148.148148  1172.839506  0.00010103129143231169
-3148.148148  1296.296296  0.00010050552500522938
-3148.148148  1419.753086  0.00010000247067757768
-3148.148148  1543.209877  0.00009957503196221346
-3148.148148  1666.666667  0.00009898455231844762
-3148.148148  1790.123457  0.00009875031728184880
-3148.148148  1913.580247  0.00009922344353514468
-3148.148148  2037.037037  0.00010011212343973892
-3148.148148  2160.493827  0.00010045822502784642
-3148.148148  2283.950617  0.00009906524745524584
-3148.148148  2407.407407  0.00009537763191464919
-3148.148148  2530.864198  0.00009810025692565589
-3148.148148  2654.320988  0.00010449726155768057
-3148.148148  2777.777778  0.00010044160508886970
-3148.148148  2901.234568  0.00009536444119935116
-3148.148148  3024.691358  0.00009297585866812309
-3148.148148  3148.148148  0.00009366076364665792
-3148.148148  3271.604938  0.00009627297763443851
-3148.148148  3395.061728  0.00009932755115642412
-3148.148148  3518.518519  0.00010159129314244657
-3148.148148  3641.975309  0.00010207151600853839
-3148.148148  3765.432099  0.00009976716048732350
-3148.148148  3888.888889  0.00009620402011806428
-3148.148148  4012.345679  0.00009203205164632208
-3148.148148  4135.802469  0.00008938747617948398
-3148.148148  4259.259259  0.00008985601432604659
-3148.148148  4382.716049  0.00009410054292376802
-3148.148148  4506.172840  0.00010110158120219002
-3148.148148  4629.629630  0.00010701060637952855
-3148.148148  4753.086420  0.00010361619869393475
-3148.148148  4876.543210  0.00007642301586912405

-3024.691358 -5000.000000  0.00000204353061642359
-3024.691358 -4876.543210  0.00007791352633328925
-3024.691358 -4753.086420  0.00010616907813542508
-3024.691358 -4629.629630  0.00010976244308963936
-3024.691358 -4506.172840  0.00010352032260501529
-3024.691358 -4382.716049  0.00009607738244784766
-3024.691358 -4259.259259  0.00009156332634881854
-3024.691358 -4135.802469  0.00009104352320240214
-3024.691358 -4012.345679  0.00009371318785850020
-3024.691358 -3888.888889  0.00009784511550630691
-3024.691358 -3765.432099  0.00010149096965040403
-3024.691358 -3641.975309  0.00010370536582775298
-3024.691358 -3518.518519  0.00010306598830231466
-3024.691358 -3395.061728  0.00010057380153578737
-3024.691358 -3271.604938  0.00009725215549298453
-3024.691358 -3148.148148  0.00009439311836949070
-3024.691358 -3024.691358  0.00009354661874194532
-3024.691358 -2901.234568  0.00009589608903965312
-3024.691358 -2777.777778  0.00010102061033751943
-3024.691358 -2654.320988  0.00010504355847031140
-3024.691358 -2530.864198  0.00009816775146824462
-3024.691358 -2407.407407  0.00009541324879440872
-3024.691358 -2283.950617  0.00009908037499988146
-3024.691358 -2160.493827  0.00010032575443058991
-3024.691358 -2037.037037  0.00009980960418364897
-3024.691358 -1913.580247  0.00009875508403237452
-3024.691358 -1790.123457  0.00009811851468781331
-3024.691358 -1666.666667  0.00009819076590886692
-3024.691358 -1543.209877  0.00009862981446100951
-3024.691358 -1419.753086  0.00009892447192360083
-3024.691358 -1296.296296  0.00009928928234579207
-3024.691358 -1172.839506  0.00009965891990835609
-3024.691358 -1049.382716  0.00009963337259453315
-3024.691358  -925.925926  0.00009940531752785355
-3024.691358  -802.469136  0.00009903086674382566
-3024.691358  -679.012346  0.00009869872019135436
-3024.691358  -555.555556  0.00009860992624620371
-3024.691358  -432.098765  0.00009886190386475824
-3024.691358  -308.641975  0.00009933672637808076
-3024.691358  -185.185185  0.00009959366692626834
-3024.691358   -61.728395  0.00009876600553310489
-3024.691358    61.728395  0.00009866906779610655
-3024.691358   185.185185  0.00009928851287808773
-3024.691358   308.641975  0.00009885851609603053
-3024.691358   432.098765  0.00009822990599926232
-3024.691358   555.555556  0.00009781754229141939
-3024.691358   679.012346  0.00009772274557222680
-3024.691358   802.469136  0.00009784939228311009
-3024.691358   925.925926  0.00009801367485663983
-3024.691358  1049.382716  0.00009804752706980777
-3024.691358  1172.839506  0.00009789571460113513
-3024.691358  1296.296296  0.00009736346889304833
-3024.691358  1419.753086  0.00009684353857009401
-3024.691358  1543.209877  0.00009638866611442624
-3024.691358  1666.666667  0.00009579794455036528
-3024.691358  1790.123457  0.00009555196599593242
-3024.691358  1913.580247  0.00009597207057473834
-3024.691358  2037.037037  0.00009678510241293435
-3024.691358  2160.493827  0.00009709367272122583
-3024.691358  2283.950617  0.00009575192996194687
-3024.691358  2407.407407  0.00009214683710119916
-3024.691358  2530.864198  0.00009456740382953550
-3024.691358  2654.320988  0.00010080942962674679
-3024.691358  2777.777778  0.00009687589428874447
-3024.691358  2901.234568  0.00009192338216063763
-3024.691358  3024.691358  0.00008956848245744007
-3024.691358  3148.148148  0.00009019820583830198
-3024.691358  3271.604938  0.00009270408280813688
-3024.691358  3395.061728  0.00009563994394664383
-3024.691358  3518.518519  0.00009780338196472528
-3024.691358  3641.975309  0.00009824089558830082
-3024.691358  3765.432099  0.00009601461262575429
-3024.691358  3888.888889  0.00009244760815649679
-3024.691358  4012.345679  0.00008843994575245987
-3024.691358  4135.802469  0.00008579096905561938
-3024.691358  4259.259259  0.00008611836447321935
-3024.691358  4382.716049  0.00009018052236015903
-3024.691358  4506.172840  0.00009698089585825976
-3024.691358  4629.629630  0.00010265435739241029
-3024.691358  4753.086420  0.00009913555282359245
-3024.691358  4876.543210  0.00007260925325878492

-2901.234568 -5000.000000  0.00000060583890920930
-2901.234568 -4876.543210  0.00007844197384031090
-2901.234568 -4753.086420  0.00010844907124360495
-2901.234568 -4629.629630  0.00011256406284617763
-2901.234568 -4506.172840  0.00010594291988459278
-2901.234568 -4382.716049  0.00009794804220886000
-2901.234568 -4259.259259  0.00009323202378369760
-2901.234568 -4135.802469  0.00009291779458708004
-2901.234568 -4012.345679  0.00009587513890607139
-2901.234568 -3888.888889  0.00010009359002994347
-2901.234568 -3765.432099  0.00010415170134057908
-2901.234568 -3641.975309  0.00010632923167620439
-2901.234568 -3518.518519  0.00010569677775432302
-2901.234568 -3395.061728  0.00010305975030011882
-2901.234568 -3271.604938  0.00009951121673386518
-2901.234568 -3148.148148  0.00009652570127348438
-2901.234568 -3024.691358  0.00009577016195916965
-2901.234568 -2901.234568  0.00009838874294610154
-2901.234568 -2777.777778  0.00010376130206525849
-2901.234568 -2654.320988  0.00010773571365232220
-2901.234568 -2530.864198  0.00010033394664467567
-2901.234568 -2407.407407  0.00009814696490497902
-2901.234568 -2283.950617  0.00010177841655835021
-2901.234568 -2160.493827  0.00010291022783294054
-2901.234568 -2037.037037  0.00010242074299957373
-2901.234568 -1913.580247  0.00010146741254466002
-2901.234568 -1790.123457  0.00010089190527933342
-2901.234568 -1666.666667  0.00010094976331876787
-2901.234568 -1543.209877  0.00010136459993167506
-2901.234568 -1419.753086  0.00010170684025998402
-2901.234568 -1296.296296  0.00010209700490870077
-2901.234568 -1172.839506  0.00010245320544986718
-2901.234568 -1049.382716  0.00010244905484298094
-2901.234568  -925.925926  0.00010223978873867121
-2901.234568  -802.469136  0.00010189265618569292
-2901.234568  -679.012346  0.00010158635840819941
-2901.234568  -555.555556  0.00010150995961001549
-2901.234568  -432.098765  0.00010175769393914269
-2901.234568  -308.641975  0.00010221966861249663
-2901.234568  -185.185185  0.00010246846320087766
-2901.234568   -61.728395  0.00010164162507417329
-2901.234568    61.728395  0.00010153838517048424
-2901.234568   185.185185  0.00010214430584038785
-2901.234568   308.641975  0.00010171011466604805
-2901.234568   432.098765  0.00010108212885342097
-2901.234568   555.555556  0.00010066179203629357
-2901.234568   679.012346  0.00010054234894423519
-2901.234568   802.469136  0.00010063086254161344
-2901.234568   925.925926  0.00010075557363767516
-2901.234568  1049.382716  0.00010075860296769232
-2901.234568  1172.839506  0.00010057399574517216
-2901.234568  1296.296296  0.00010004319418710290
-2901.234568  1419.753086  0.00009948751572931177
-2901.234568  1543.209877  0.00009897545688926143
-2901.234568  1666.666667  0.00009839731730806322
-2901.234568  1790.123457  0.00009815402413191781
-2901.234568  1913.580247  0.00009850296393180661
-2901.234568  2037.037037  0.00009920560691364160
-2901.234568  2160.493827  0.00009947692341887600
-2901.234568  2283.950617  0.00009823659271557406
-2901.234568  2407.407407  0.00009466200407994207
-2901.234568  2530.864198  0.00009652298460728796
-2901.234568  2654.320988  0.00010324780291558117
-2901.234568  2777.777778  0.00009935851810816656
-2901.234568  2901.234568  0.00009416818735079652
-2901.234568  3024.691358  0.00009155071420257820
-2901.234568  3148.148148  0.00009208325432999116
-2901.234568  3271.604938  0.00009469699951821329
-2901.234568  3395.061728  0.00009783633997975645
-2901.234568  3518.518519  0.00010012640496041054
-2901.234568  3641.975309  0.00010054898164249773
-2901.234568  3765.432099  0.00009835616428769687
-2901.234568  3888.888889  0.00009439196174188119
-2901.234568  4012.345679  0.00009030477005488502
-2901.234568  4135.802469  0.00008737832623063455
-2901.234568  4259.259259  0.00008750079349512898
-2901.234568  4382.716049  0.00009174409028808934
-2901.234568  4506.172840  0.00009905831870427956
-2901.234568  4629.629630  0.00010508129238449657
-2901.234568  4753.086420  0.00010106316385623120
-2901.234568  4876.543210  0.00007290615132400005

-2777.777778 -5000.000000  0.00000023422811494826
-2777.777778 -4876.543210  0.00008342181053085490
-2777.777778 -4753.086420  0.00011579824154526834
-2777.777778 -4629.629630  0.00012032168670072854
-2777.777778 -4506.172840  0.00011318847612113316
-2777.777778 -4382.716049  0.00010456795132867749
-2777.777778 -4259.259259  0.00009955542698074065
-2777.777778 -4135.802469  0.00009934326752670730
-2777.777778 -4012.345679  0.00010261007878472372
-2777.777778 -3888.888889  0.00010712801443839073
-2777.777778 -3765.432099  0.00011158819745339054
-2777.777778 -3641.975309  0.00011380529991713296
-2777.777778 -3518.518519  0.00011318136488399903
-2777.777778 -3395.061728  0.00011032151702213220
-2777.777778 -3271.604938  0.00010644070202427403
-2777.777778 -3148.148148  0.00010326284075030137
-2777.777778 -3024.691358  0.00010261057583264361
-2777.777778 -2901.234568  0.00010557887935485151
-2777.777778 -2777.777778  0.00011129252160331514
-2777.777778 -2654.320988  0.00011524740089213277
-2777.777778 -2530.864198  0.00010723573446112991
-2777.777778 -2407.407407  0.00010543109704193907
-2777.777778 -2283.950617  0.00010900613436927021
-2777.777778 -2160.493827  0.00011005287616603961
-2777.777778 -2037.037037  0.00010959291051190906
-2777.777778 -1913.580247  0.00010872614547542629
-2777.777778 -1790.123457  0.00010820561991393103
-2777.777778 -1666.666667  0.00010825943044167268
-2777.777778 -1543.209877  0.00010865977456614296
-2777.777778 -1419.753086  0.00010903910999262135
-2777.777778 -1296.296296  0.00010945343009693571
-2777.777778 -1172.839506  0.00010979965091182738
-2777.777778 -1049.382716  0.00010982490909683072
-2777.777778  -925.925926  0.00010964049324728491
-2777.777778  -802.469136  0.00010931735172554314
-2777.777778  -679.012346  0.00010903376883925617
-2777.777778  -555.555556  0.00010897267110380209
-2777.777778  -432.098765  0.00010921995155965545
-2777.777778  -308.641975  0.00010966381214469665
-2777.777778  -185.185185  0.00010989512412146010
-2777.777778   -61.728395  0.00010910880655932305
-2777.777778    61.728395  0.00010899675385485634
-2777.777778   185.185185  0.00010954502397873214
-2777.777778   308.641975  0.00010911134991524867
-2777.777778   432.098765  0.00010848454234904046
-2777.777778   555.555556  0.00010804785764468042
-2777.777778   679.012346  0.00010789652920252196
-2777.777778   802.469136  0.00010794591878948106
-2777.777778   925.925926  0.00010803028784475876
-2777.777778  1049.382716  0.00010799218876050299
-2777.777778  1172.839506  0.00010776247613740908
-2777.777778  1296.296296  0.00010722501140651102
-2777.777778  1419.753086  0.00010663040343783118
-2777.777778  1543.209877  0.00010606738449074889
-2777.777778  1666.666667  0.00010548738577733761
-2777.777778  1790.123457  0.00010523193264478685
-2777.777778  1913.580247  0.00010551201655488134
-2777.777778  2037.037037  0.00010611552493639537
-2777.777778  2160.493827  0.00010634272891040570
-2777.777778  2283.950617  0.00010516982888852137
-2777.777778  2407.407407  0.00010164055804403043
-2777.777778  2530.864198  0.00010311792680232404
-2777.777778  2654.320988  0.00011039997139013213
-2777.777778  2777.777778  0.00010652279648093003
-2777.777778  2901.234568  0.00010100081773468949
-2777.777778  3024.691358  0.00009803851007737213
-2777.777778  3148.148148  0.00009845727821350349
-2777.777778  3271.604938  0.00010123777702816723
-2777.777778  3395.061728  0.00010467768187842002
-2777.777778  3518.518519  0.00010716490877412769
-2777.777778  3641.975309  0.00010756628444822223
-2777.777778  3765.432099  0.00010532920273600657
-2777.777778  3888.888889  0.00010097287423259435
-2777.777778  4012.345679  0.00009659698600221155
-2777.777778  4135.802469  0.00009336762669481676
-2777.777778  4259.259259  0.00009338025991005247
-2777.777778  4382.716049  0.00009789142475846817
-2777.777778  4506.172840  0.00010578636884275745
-2777.777778  4629.629630  0.00011228261365900689
-2777.777778  4753.086420  0.00010786945241795887
-2777.777778  4876.543210  0.00007748338028628626

-2654.320988 -5000.000000  0.00000250850001918082
-2654.320988 -4876.543210  0.00008792083215893784
-2654.320988 -4753.086420  0.00011997505842135494
-2654.320988 -4629.629630  0.00012420049725394409
-2654.320988 -4506.172840  0.00011728626893928660
-2654.320988 -4382.716049  0.00010904464211423084
-2654.320988 -4259.259259  0.00010417761006060159
-2654.320988 -4135.802469  0.00010384669676740894
-2654.320988 -4012.345679  0.00010704599276455782
-2654.320988 -3888.888889  0.00011177842072805839
-2654.320988 -3765.432099  0.00011603523085673650
-2654.320988 -3641.975309  0.00011834282933056215
-2654.320988 -3518.518519  0.00011776875888772187
-2654.320988 -3395.061728  0.00011494014420598360
-2654.320988 -3271.604938  0.00011110027884847531
-2654.320988 -3148.148148  0.00010798241798826935
-2654.320988 -3024.691358  0.00010738490154744636
-2654.320988 -2901.234568  0.00011035810067350027
-2654.320988 -2777.777778  0.00011600318755308356
-2654.320988 -2654.320988  0.00011988272856309350
-2654.320988 -2530.864198  0.00011204310075909956
-2654.320988 -2407.407407  0.00011012358458314109
-2654.320988 -2283.950617  0.00011353904692057966
-2654.320988 -2160.493827  0.00011458157444167250
-2654.320988 -2037.037037  0.00011416845292233044
-2654.320988 -1913.580247  0.00011335427787501304
-2654.320988 -1790.123457  0.00011287672249116296
-2654.320988 -1666.666667  0.00011295968977120436
-2654.320988 -1543.209877  0.00011337384884210606
-2654.320988 -1419.753086  0.00011375455546250994
-2654.320988 -1296.296296  0.00011417715671542361
-2654.320988 -1172.839506  0.00011453885132581150
-2654.320988 -1049.382716  0.00011459908837715028
-2654.320988  -925.925926  0.00011445697486990300
-2654.320988  -802.469136  0.00011417324263263631
-2654.320988  -679.012346  0.00011392469163897388
-2654.320988  -555.555556  0.00011388971263051864
-2654.320988  -432.098765  0.00011414574015807896
-2654.320988  -308.641975  0.00011457863604119982
-2654.320988  -185.185185  0.00011480400324599593
-2654.320988   -61.728395  0.00011410043018128988
-2654.320988    61.728395  0.00011398042451906515
-2654.320988   185.185185  0.00011443075348945325
-2654.320988   308.641975  0.00011398761205963163
-2654.320988   432.098765  0.00011335633261592248
-2654.320988   555.555556  0.00011289570718858426
-2654.320988   679.012346  0.00011270347575440463
-2654.320988   802.469136  0.00011270345097904524
-2654.320988   925.925926  0.00011273427939914290
-2654.320988  1049.382716  0.00011263983904416321
-2654.320988  1172.839506  0.00011236127349800952
-2654.320988  1296.296296  0.00011179439610938755
-2654.320988  1419.753086  0.00011117799246765703
-2654.320988  1543.209877  0.00011060042107297466
-2654.320988  1666.666667  0.00010999324977178304
-2654.320988  1790.123457  0.00010969569993162854
-2654.320988  1913.580247  0.00010992073723575040
-2654.320988  2037.037037  0.00011046016056881661
-2654.320988  2160.493827  0.00011062868899380489
-2654.320988  2283.950617  0.00010944704682003016
-2654.320988  2407.407407  0.00010606404676231751
-2654.320988  2530.864198  0.00010763797857417959
-2654.320988  2654.320988  0.00011472634552782152
-2654.320988  2777.777778  0.00011091718601060387
-2654.320988  2901.234568  0.00010545991852808745
-2654.320988  3024.691358  0.00010248659329558292
-2654.320988  3148.148148  0.00010284018966316932
-2654.320988  3271.604938  0.00010554652824596758
-2654.320988  3395.061728  0.00010892979775966989
-2654.320988  3518.518519  0.00011137169656132491
-2654.320988  3641.975309  0.00011171418889537892
-2654.320988  3765.432099  0.00010938644967245232
-2654.320988  3888.888889  0.00010522286271922857
-2654.320988  4012.345679  0.00010064298109543438
-2654.320988  4135.802469  0.00009747602897828893
-2654.320988  4259.259259  0.00009759362240944344
-2654.320988  4382.716049  0.00010194972267825167
-2654.320988  4506.172840  0.00010946137635809416
-2654.320988  4629.629630  0.00011573024199575668
-2654.320988  4753.086420  0.00011160490345386331
-2654.320988  4876.543210  0.00008158396990636281

-2530.864198 -5000.000000  0.00000610990852409419
-2530.864198 -4876.543210  0.00007728377630538954
-2530.864198 -4753.086420  0.00010221834013319582
-2530.864198 -4629.629630  0.00010524699618517676
-2530.864198 -4506.172840  0.00010028869990571766
-2530.864198 -4382.716049  0.00009446228103412150
-2530.864198 -4259.259259  0.00009083874918432361
-2530.864198 -4135.802469  0.00009033158997611088
-2530.864198 -4012.345679  0.00009272505171784838
-2530.864198 -3888.888889  0.00009684042264071232
-2530.864198 -3765.432099  0.00009984029868442992
-2530.864198 -3641.975309  0.00010210643661525574
-2530.864198 -3518.518519  0.00010162213071363955
-2530.864198 -3395.061728  0.00009952850233516343
-2530.864198 -3271.604938  0.00009675742635634095
-2530.864198 -3148.148148  0.00009436963288667630
-2530.864198 -3024.691358  0.00009368365621864807
-2530.864198 -2901.234568  0.00009577600744420283
-2530.864198 -2777.777778  0.00010035257073775525
-2530.864198 -2654.320988  0.00010399122330569699
-2530.864198 -2530.864198  0.00009775567900241387
-2530.864198 -2407.407407  0.00009577252245152694
-2530.864198 -2283.950617  0.00009887824410143240
-2530.864198 -2160.493827  0.00009985414756851890
-2530.864198 -2037.037037  0.00009952367381703136
-2530.864198 -1913.580247  0.00009883028420503214
-2530.864198 -1790.123457  0.00009843546453289298
-2530.864198 -1666.666667  0.00009854376150538888
-2530.864198 -1543.209877  0.00009895485160739417
-2530.864198 -1419.753086  0.00009934264239318018
-2530.864198 -1296.296296  0.00009976140618931543
-2530.864198 -1172.839506  0.00010016941079896629
-2530.864198 -1049.382716  0.00010025694411328710
-2530.864198  -925.925926  0.00010018783537505019
-2530.864198  -802.469136  0.00010002850650577735
-2530.864198  -679.012346  0.00009989189711478218
-2530.864198  -555.555556  0.00009991469424864550
-2530.864198  -432.098765  0.00010019184558812886
-2530.864198  -308.641975  0.00010066835609252463
-2530.864198  -185.185185  0.00010098836809144307
-2530.864198   -61.728395  0.00010030152482403716
-2530.864198    61.728395  0.00010018272142174471
-2530.864198   185.185185  0.00010061726423192360
-2530.864198   308.641975  0.00010007977861158653
-2530.864198   432.098765  0.00009940522326393244
-2530.864198   555.555556  0.00009892382088787070
-2530.864198   679.012346  0.00009867413696011000
-2530.864198   802.469136  0.00009856273717663749
-2530.864198   925.925926  0.00009847042355358471
-2530.864198  1049.382716  0.00009830504918748272
-2530.864198  1172.839506  0.00009800091167490431
-2530.864198  1296.296296  0.00009739246821311440
-2530.864198  1419.753086  0.00009678135021012696
-2530.864198  1543.209877  0.00009619713468166318
-2530.864198  1666.666667  0.00009559928214435190
-2530.864198  1790.123457  0.00009528281119239201
-2530.864198  1913.580247  0.00009542709322155666
-2530.864198  2037.037037  0.00009584556827212830
-2530.864198  2160.493827  0.00009593638199076333
-2530.864198  2283.950617  0.00009483394371128671
-2530.864198  2407.407407  0.00009176140565441710
-2530.864198  2530.864198  0.00009338568517382808
-2530.864198  2654.320988  0.00009892803441119038
-2530.864198  2777.777778  0.00009536262344570196
-2530.864198  2901.234568  0.00009094926468301358
-2530.864198  3024.691358  0.00008883587012607109
-2530.864198  3148.148148  0.00008928052595410199
-2530.864198  3271.604938  0.00009128482842888744
-2530.864198  3395.061728  0.00009363848112831984
-2530.864198  3518.518519  0.00009537515350724686
-2530.864198  3641.975309  0.00009563960078560102
-2530.864198  3765.432099  0.00009336603644780792
-2530.864198  3888.888889  0.00009042856977442513
-2530.864198  4012.345679  0.00008646459471278794
-2530.864198  4135.802469  0.00008408990853823103
-2530.864198  4259.259259  0.00008438644216179332
-2530.864198  4382.716049  0.00008754892365704498
-2530.864198  4506.172840  0.00009273595095928026
-2530.864198  4629.629630  0.00009712547373707625
-2530.864198  4753.086420  0.00009417468443621651
-2530.864198  4876.543210  0.00007108431849598113

-2407.407407 -5000.000000  0.00000124636988890789
-2407.407407 -4876.543210  0.00006886567261410092
-2407.407407 -4753.086420  0.00009556049652410934
-2407.407407 -4629.629630  0.00009967730624914378
-2407.407407 -4506.172840  0.00009425978938452600
-2407.407407 -4382.716049  0.00008755538583275274
-2407.407407 -4259.259259  0.00008372518890514083
-2407.407407 -4135.802469  0.00008375721818304607
-2407.407407 -4012.345679  0.00008658306413865571
-2407.407407 -3888.888889  0.00009039790451535452
-2407.407407 -3765.432099  0.00009418389246766484
-2407.407407 -3641.975309  0.00009608724999181421
-2407.407407 -3518.518519  0.00009572556004611382
-2407.407407 -3395.061728  0.00009350457166565174
-2407.407407 -3271.604938  0.00009041993192654448
-2407.407407 -3148.148148  0.00008790860757328178
-2407.407407 -3024.691358  0.00008746384312404921
-2407.407407 -2901.234568  0.00008995414252513103
-2407.407407 -2777.777778  0.00009464627435439181
-2407.407407 -2654.320988  0.00009793230057383852
-2407.407407 -2530.864198  0.00009176062883126160
-2407.407407 -2407.407407  0.00009038202735401196
-2407.407407 -2283.950617  0.00009332344614312714
-2407.407407 -2160.493827  0.00009419368302646121
-2407.407407 -2037.037037  0.00009391410292525245
-2407.407407 -1913.580247  0.00009334446486532221
-2407.407407 -1790.123457  0.00009304165520478338
-2407.407407 -1666.666667  0.00009317243978043408
-2407.407407 -1543.209877  0.00009358023497283657
-2407.407407 -1419.753086  0.00009400589769008106
-2407.407407 -1296.296296  0.00009446253427023439
-2407.407407 -1172.839506  0.00009482692771288181
-2407.407407 -1049.382716  0.00009495476011861931
-2407.407407  -925.925926  0.00009489504853322671
-2407.407407  -802.469136  0.00009471359669920369
-2407.407407  -679.012346  0.00009454828577488167
-2407.407407  -555.555556  0.00009453843310697240
-2407.407407  -432.098765  0.00009475081487479570
-2407.407407  -308.641975  0.00009510235260618557
-2407.407407  -185.185185  0.00009527946356507510
-2407.407407   -61.728395  0.00009465407501076024
-2407.407407    61.728395  0.00009453010628526580
-2407.407407   185.185185  0.00009488969243970263
-2407.407407   308.641975  0.00009448696581564997
-2407.407407   432.098765  0.00009393185869727817
-2407.407407   555.555556  0.00009351011565609857
-2407.407407   679.012346  0.00009328699058079853
-2407.407407   802.469136  0.00009319676911637411
-2407.407407   925.925926  0.00009311811651256212
-2407.407407  1049.382716  0.00009293525088156950
-2407.407407  1172.839506  0.00009258494186510165
-2407.407407  1296.296296  0.00009201198099231495
-2407.407407  1419.753086  0.00009136047810114919
-2407.407407  1543.209877  0.00009073711340210046
-2407.407407  1666.666667  0.00009013588451918701
-2407.407407  1790.123457  0.00008978930775600923
-2407.407407  1913.580247  0.00008983673662742248
-2407.407407  2037.037037  0.00009012773952858873
-2407.407407  2160.493827  0.00009016053654140567
-2407.407407  2283.950617  0.00008915549537831539
-2407.407407  2407.407407  0.00008626368646348959
-2407.407407  2530.864198  0.00008729995799120193
-2407.407407  2654.320988  0.00009274587622512823
-2407.407407  2777.777778  0.00008952677115614042
-2407.407407  2901.234568  0.00008501381126957480
-2407.407407  3024.691358  0.00008252124618793281
-2407.407407  3148.148148  0.00008272979257241049
-2407.407407  3271.604938  0.00008484529896637044
-2407.407407  3395.061728  0.00008749268958075618
-2407.407407  3518.518519  0.00008934518702144944
-2407.407407  3641.975309  0.00008948881395856980
-2407.407407  3765.432099  0.00008757288865226626
-2407.407407  3888.888889  0.00008388760160469669
-2407.407407  4012.345679  0.00008022698652389289
-2407.407407  4135.802469  0.00007744556618522193
-2407.407407  4259.259259  0.00007722440125594303
-2407.407407  4382.716049  0.00008057918576513444
-2407.407407  4506.172840  0.00008660047006598053
-2407.407407  4629.629630  0.00009142601129041710
-2407.407407  4753.086420  0.00008744525129613626
-2407.407407  4876.543210  0.00006273592210595046

-2283.950617 -5000.000000  0.00000347849838212482
-2283.950617 -4876.543210  0.00007268485308068198
-2283.950617 -4753.086420  0.00009876499488862253
-2283.950617 -4629.629630  0.00010251060894731863
-2283.950617 -4506.172840  0.00009734781473236728
-2283.950617 -4382.716049  0.00009108480624712514
-2283.950617 -4259.259259  0.00008744103505833740
-2283.950617 -4135.802469  0.00008735793617385270
-2283.950617 -4012.345679  0.00009009119676242374
-2283.950617 -3888.888889  0.00009408456771559420
-2283.950617 -3765.432099  0.00009762521805167097
-2283.950617 -3641.975309  0.00009958172148190382
-2283.950617 -3518.518519  0.00009926678010227739
-2283.950617 -3395.061728  0.00009708868302857602
-2283.950617 -3271.604938  0.00009407008112925739
-2283.950617 -3148.148148  0.00009165453605306045
-2283.950617 -3024.691358  0.00009129596469069001
-2283.950617 -2901.234568  0.00009379247817188039
-2283.950617 -2777.777778  0.00009836461539784071
-2283.950617 -2654.320988  0.00010147797110907944
-2283.950617 -2530.864198  0.00009541021848860947
-2283.950617 -2407.407407  0.00009409855940392046
-2283.950617 -2283.950617  0.00009693018514677422
-2283.950617 -2160.493827  0.00009778241939922271
-2283.950617 -2037.037037  0.00009754802757856752
-2283.950617 -1913.580247  0.00009704446694034919
-2283.950617 -1790.123457  0.00009679697571163121
-2283.950617 -1666.666667  0.00009696270350385205
-2283.950617 -1543.209877  0.00009739588300524540
-2283.950617 -1419.753086  0.00009785404295282790
-2283.950617 -1296.296296  0.00009834526238395477
-2283.950617 -1172.839506  0.00009874102385190833
-2283.950617 -1049.382716  0.00009891732506550185
-2283.950617  -925.925926  0.00009890671820271599
-2283.950617  -802.469136  0.00009876950089761698
-2283.950617  -679.012346  0.00009863817724790675
-2283.950617  -555.555556  0.00009864516443936242
-2283.950617  -432.098765  0.00009885138125165731
-2283.950617  -308.641975  0.00009917571844556454
-2283.950617  -185.185185  0.00009932539103154208
-2283.950617   -61.728395  0.00009872717241970000
-2283.950617    61.728395  0.00009859405237862498
-2283.950617   185.185185  0.00009891308321434173
-2283.950617   308.641975  0.00009851974834969353
-2283.950617   432.098765  0.00009797266392580080
-2283.950617   555.555556  0.00009753933229568794
-2283.950617   679.012346  0.00009728409902402071
-2283.950617   802.469136  0.00009714666517599081
-2283.950617   925.925926  0.00009701115489534600
-2283.950617  1049.382716  0.00009676573827156855
-2283.950617  1172.839506  0.00009635280949619882
-2283.950617  1296.296296  0.00009573149193287544
-2283.950617  1419.753086  0.00009503037497877477
-2283.950617  1543.209877  0.00009436218792004895
-2283.950617  1666.666667  0.00009371831217499122
-2283.950617  1790.123457  0.00009332185689283288
-2283.950617  1913.580247  0.00009330710361433884
-2283.950617  2037.037037  0.00009352982939377015
-2283.950617  2160.493827  0.00009350850838221258
-2283.950617  2283.950617  0.00009249639187227114
-2283.950617  2407.407407  0.00008968446680413173
-2283.950617  2530.864198  0.00009066063255782402
-2283.950617  2654.320988  0.00009598007109151404
-2283.950617  2777.777778  0.00009292207439300254
-2283.950617  2901.234568  0.00008852363140266734
-2283.950617  3024.691358  0.00008601991784652940
-2283.950617  3148.148148  0.00008613400931362286
-2283.950617  3271.604938  0.00008814114493977060
-2283.950617  3395.061728  0.00009070754169776675
-2283.950617  3518.518519  0.00009250375929396594
-2283.950617  3641.975309  0.00009259261567127904
-2283.950617  3765.432099  0.00009062267855845296
-2283.950617  3888.888889  0.00008717157355963347
-2283.950617  4012.345679  0.00008334349867224375
-2283.950617  4135.802469  0.00008065003995627693
-2283.950617  4259.259259  0.00008053150550324105
-2283.950617  4382.716049  0.00008369319188519880
-2283.950617  4506.172840  0.00008927268022556756
-2283.950617  4629.629630  0.00009383816189167845
-2283.950617  4753.086420  0.00009021779380909493
-2283.950617  4876.543210  0.00006616008339769099

-2160.493827 -5000.000000  0.00000536248085243569
-2160.493827 -4876.543210  0.00007277937418057955
-2160.493827 -4753.086420  0.00009720276042253543
-2160.493827 -4629.629630  0.00010053192913244874
-2160.493827 -4506.172840  0.00009588283396572389
-2160.493827 -4382.716049  0.00009032060522727313
-2160.493827 -4259.259259  0.00008701921248694049
-2160.493827 -4135.802469  0.00008684827726209235
-2160.493827 -4012.345679  0.00008938703576737425
-2160.493827 -3888.888889  0.00009336545173163564
-2160.493827 -3765.432099  0.00009653247928202073
-2160.493827 -3641.975309  0.00009853205942598014
-2160.493827 -3518.518519  0.00009824406223885128
-2160.493827 -3395.061728  0.00009623271685112258
-2160.493827 -3271.604938  0.00009346952844179187
-2160.493827 -3148.148148  0.00009124865279680388
-2160.493827 -3024.691358  0.00009090654735355578
-2160.493827 -2901.234568  0.00009323102765033382
-2160.493827 -2777.777778  0.00009755972918068185
-2160.493827 -2654.320988  0.00010056797465269993
-2160.493827 -2530.864198  0.00009474604665327513
-2160.493827 -2407.407407  0.00009346211596672072
-2160.493827 -2283.950617  0.00009618260006527929
-2160.493827 -2160.493827  0.00009702760633074542
-2160.493827 -2037.037037  0.00009684438040503853
-2160.493827 -1913.580247  0.00009640810724817859
-2160.493827 -1790.123457  0.00009621745618874234
-2160.493827 -1666.666667  0.00009642305312059686
-2160.493827 -1543.209877  0.00009688887984590915
-2160.493827 -1419.753086  0.00009738660056443283
-2160.493827 -1296.296296  0.00009792281550907150
-2160.493827 -1172.839506  0.00009838364729983711
-2160.493827 -1049.382716  0.00009863979252410461
-2160.493827  -925.925926  0.00009873116046587324
-2160.493827  -802.469136  0.00009871456992795317
-2160.493827  -679.012346  0.00009870751714507904
-2160.493827  -555.555556  0.00009882841562317220
-2160.493827  -432.098765  0.00009913139004368176
-2160.493827  -308.641975  0.00009953562423300763
-2160.493827  -185.185185  0.00009974926319700209
-2160.493827   -61.728395  0.00009918786922055332
-2160.493827    61.728395  0.00009904910279238195
-2160.493827   185.185185  0.00009932016105785694
-2160.493827   308.641975  0.00009884880278681830
-2160.493827   432.098765  0.00009820661817077381
-2160.493827   555.555556  0.00009766151130931630
-2160.493827   679.012346  0.00009727837087196279
-2160.493827   802.469136  0.00009700401604124969
-2160.493827   925.925926  0.00009673641773708351
-2160.493827  1049.382716  0.00009637819512234812
-2160.493827  1172.839506  0.00009587438738976734
-2160.493827  1296.296296  0.00009517945538039071
-2160.493827  1419.753086  0.00009442183352972660
-2160.493827  1543.209877  0.00009370021840263827
-2160.493827  1666.666667  0.00009301729277831122
-2160.493827  1790.123457  0.00009257571224894094
-2160.493827  1913.580247  0.00009249437728062097
-2160.493827  2037.037037  0.00009263783480411569
-2160.493827  2160.493827  0.00009255880933551633
-2160.493827  2283.950617  0.00009155386362678132
-2160.493827  2407.407407  0.00008883218884616022
-2160.493827  2530.864198  0.00008976843535857715
-2160.493827  2654.320988  0.00009483803888285447
-2160.493827  2777.777778  0.00009187883587689606
-2160.493827  2901.234568  0.00008771637471377855
-2160.493827  3024.691358  0.00008537744049815463
-2160.493827  3148.148148  0.00008546879398885256
-2160.493827  3271.604938  0.00008727596302561175
-2160.493827  3395.061728  0.00008958208645995398
-2160.493827  3518.518519  0.00009120681059019071
-2160.493827  3641.975309  0.00009126523810056621
-2160.493827  3765.432099  0.00008925423763504619
-2160.493827  3888.888889  0.00008616524518831862
-2160.493827  4012.345679  0.00008236026975680509
-2160.493827  4135.802469  0.00007985712783449957
-2160.493827  4259.259259  0.00007981931474054800
-2160.493827  4382.716049  0.00008264234063695983
-2160.493827  4506.172840  0.00008753505315901661
-2160.493827  4629.629630  0.00009159594665837695
-2160.493827  4753.086420  0.00008838445805887845
-2160.493827  4876.543210  0.00006598724932503564

-2037.037037 -5000.000000  0.00000533777109995994
-2037.037037 -4876.543210  0.00006939183146467193
-2037.037037 -4753.086420  0.00009269631932826681
-2037.037037 -4629.629630  0.00009597600323992373
-2037.037037 -4506.172840  0.00009166280767213745
-2037.037037 -4382.716049  0.00008646574063445506
-2037.037037 -4259.259259  0.00008340458909231459
-2037.037037 -4135.802469  0.00008330738219097706
-2037.037037 -4012.345679  0.00008577162228455196
-2037.037037 -3888.888889  0.00008958928377011681
-2037.037037 -3765.432099  0.00009263557972692986
-2037.037037 -3641.975309  0.00009457250291948260
-2037.037037 -3518.518519  0.00009432977606566252
-2037.037037 -3395.061728  0.00009245207645011748
-2037.037037 -3271.604938  0.00008985902104166228
-2037.037037 -3148.148148  0.00008777568051249987
-2037.037037 -3024.691358  0.00008747103539763590
-2037.037037 -2901.234568  0.00008969790115059835
-2037.037037 -2777.777778  0.00009383432209546175
-2037.037037 -2654.320988  0.00009672643427517682
-2037.037037 -2530.864198  0.00009123279719620435
-2037.037037 -2407.407407  0.00009006031894568970
-2037.037037 -2283.950617  0.00009267061494280302
-2037.037037 -2160.493827  0.00009350849539366743
-2037.037037 -2037.037037  0.00009337775180786890
-2037.037037 -1913.580247  0.00009301211028603703
-2037.037037 -1790.123457  0.00009288347570287317
-2037.037037 -1666.666667  0.00009313516600117062
-2037.037037 -1543.209877  0.00009364013659682607
-2037.037037 -1419.753086  0.00009418419489484351
-2037.037037 -1296.296296  0.00009477420491632905
-2037.037037 -1172.839506  0.00009530470458377169
-2037.037037 -1049.382716  0.00009565380182923490
-2037.037037  -925.925926  0.00009586012335047246
-2037.037037  -802.469136  0.00009597646041034896
-2037.037037  -679.012346  0.00009611111298010206
-2037.037037  -555.555556  0.00009637082548365479
-2037.037037  -432.098765  0.00009679827360758998
-2037.037037  -308.641975  0.00009730410217678746
-2037.037037  -185.185185  0.00009759351409572287
-2037.037037   -61.728395  0.00009708741035542960
-2037.037037    61.728395  0.00009694311346665771
-2037.037037   185.185185  0.00009714648130894697
-2037.037037   308.641975  0.00009658677926294627
-2037.037037   432.098765  0.00009583034925378364
-2037.037037   555.555556  0.00009514822249537662
-2037.037037   679.012346  0.00009461408810651348
-2037.037037   802.469136  0.00009418650992413384
-2037.037037   925.925926  0.00009377539151380818
-2037.037037  1049.382716  0.00009329268937741796
-2037.037037  1172.839506  0.00009268737435803458
-2037.037037  1296.296296  0.00009191526673301019
-2037.037037  1419.753086  0.00009109669255202480
-2037.037037  1543.209877  0.00009032169278104441
-2037.037037  1666.666667  0.00008959319801176110
-2037.037037  1790.123457  0.00008909892308966984
-2037.037037  1913.580247  0.00008894824287377853
-2037.037037  2037.037037  0.00008901344854441405
-2037.037037  2160.493827  0.00008887538445912314
-2037.037037  2283.950617  0.00008787346555666907
-2037.037037  2407.407407  0.00008526007530912320
-2037.037037  2530.864198  0.00008607816754267423
-2037.037037  2654.320988  0.00009081082257732378
-2037.037037  2777.777778  0.00008796555056330492
-2037.037037  2901.234568  0.00008399418151141928
-2037.037037  3024.691358  0.00008175044742913725
-2037.037037  3148.148148  0.00008180040412880773
-2037.037037  3271.604938  0.00008346526701382661
-2037.037037  3395.061728  0.00008559666084276330
-2037.037037  3518.518519  0.00008708428347144515
-2037.037037  3641.975309  0.00008709598357300056
-2037.037037  3765.432099  0.00008514964478244290
-2037.037037  3888.888889  0.00008218229618880122
-2037.037037  4012.345679  0.00007854381998614796
-2037.037037  4135.802469  0.00007611879210888865
-2037.037037  4259.259259  0.00007600932032433079
-2037.037037  4382.716049  0.00007859472133421984
-2037.037037  4506.172840  0.00008312620368185674
-2037.037037  4629.629630  0.00008685655646480023
-2037.037037  4753.086420  0.00008370484385315120
-2037.037037  4876.543210  0.00006245610541342109

-1913.580247 -5000.000000  0.00000443609982308855
-1913.580247 -4876.543210  0.00006472699193427641
-1913.580247 -4753.086420  0.00008726165009468726
-1913.580247 -4629.629630  0.00009065975933867846
-1913.580247 -4506.172840  0.00008656540676893316
-1913.580247 -4382.716049  0.00008154368704868082
-1913.580247 -4259.259259  0.00007865380598905597
-1913.580247 -4135.802469  0.00007869868223158793
-1913.580247 -4012.345679  0.00008115104702582210
-1913.580247 -3888.888889  0.00008475604210207260
-1913.580247 -3765.432099  0.00008781031563930613
-1913.580247 -3641.975309  0.00008963264271407108
-1913.580247 -3518.518519  0.00008944363501127482
-1913.580247 -3395.061728  0.00008766903723129788
-1913.580247 -3271.604938  0.00008518450902180905
-1913.580247 -3148.148148  0.00008320024427883702
-1913.580247 -3024.691358  0.00008294919594459950
-1913.580247 -2901.234568  0.00008513071872787624
-1913.580247 -2777.777778  0.00008910962974692602
-1913.580247 -2654.320988  0.00009187068709494703
-1913.580247 -2530.864198  0.00008672848632808142
-1913.580247 -2407.407407  0.00008571317979014037
-1913.580247 -2283.950617  0.00008821435399978832
-1913.580247 -2160.493827  0.00008904331092513974
-1913.580247 -2037.037037  0.00008896452378338218
-1913.580247 -1913.580247  0.00008867143486656957
-1913.580247 -1790.123457  0.00008860892460161884
-1913.580247 -1666.666667  0.00008891234096063123
-1913.580247 -1543.209877  0.00008946308922153753
-1913.580247 -1419.753086  0.00009006078207906739
-1913.580247 -1296.296296  0.00009071195010604261
-1913.580247 -1172.839506  0.00009131327009837967
-1913.580247 -1049.382716  0.00009175785135070569
-1913.580247  -925.925926  0.00009207525573904351
-1913.580247  -802.469136  0.00009231302174410804
-1913.580247  -679.012346  0.00009257384472159935
-1913.580247  -555.555556  0.00009295533800868801
-1913.580247  -432.098765  0.00009348844178902653
-1913.580247  -308.641975  0.00009407447971628747
-1913.580247  -185.185185  0.00009442086329622767
-1913.580247   -61.728395  0.00009397544402727871
-1913.580247    61.728395  0.00009382402980082485
-1913.580247   185.185185  0.00009395154794589700
-1913.580247   308.641975  0.00009332174104220368
-1913.580247   432.098765  0.00009247314129650333
-1913.580247   555.555556  0.00009167397495082919
-1913.580247   679.012346  0.00009100697722413366
-1913.580247   802.469136  0.00009044249081681051
-1913.580247   925.925926  0.00008989984797809542
-1913.580247  1049.382716  0.00008929703613634532
-1913.580247  1172.839506  0.00008858864709219522
-1913.580247  1296.296296  0.00008773783504145034
-1913.580247  1419.753086  0.00008685270994525981
-1913.580247  1543.209877  0.00008602049321309057
-1913.580247  1666.666667  0.00008523876481270087
-1913.580247  1790.123457  0.00008468466764777626
-1913.580247  1913.580247  0.00008446214365247307
-1913.580247  2037.037037  0.00008445040974510183
-1913.580247  2160.493827  0.00008425367364094971
-1913.580247  2283.950617  0.00008325208952424286
-1913.580247  2407.407407  0.00008075395357924761
-1913.580247  2530.864198  0.00008141336662590261
-1913.580247  2654.320988  0.00008578119224098548
-1913.580247  2777.777778  0.00008306608084689680
-1913.580247  2901.234568  0.00007925426984634045
-1913.580247  3024.691358  0.00007705607139000066
-1913.580247  3148.148148  0.00007704943498993803
-1913.580247  3271.604938  0.00007860994581238320
-1913.580247  3395.061728  0.00008062725864992934
-1913.580247  3518.518519  0.00008200796757312224
-1913.580247  3641.975309  0.00008196491126144890
-1913.580247  3765.432099  0.00008013488339786235
-1913.580247  3888.888889  0.00007716631713794882
-1913.580247  4012.345679  0.00007374551411285333
-1913.580247  4135.802469  0.00007133959451811231
-1913.580247  4259.259259  0.00007109384786440266
-1913.580247  4382.716049  0.00007350897502759148
-1913.580247  4506.172840  0.00007786277956028437
-1913.580247  4629.629630  0.00008137630826487194
-1913.580247  4753.086420  0.00007812444102807425
-1913.580247  4876.543210  0.00005769092991698400

-1790.123457 -5000.000000  0.00000398907276545414
-1790.123457 -4876.543210  0.00006073655376995566
-1790.123457 -4753.086420  0.00008228250232305127
-1790.123457 -4629.629630  0.00008568166644864892
-1790.123457 -4506.172840  0.00008185345312588742
-1790.123457 -4382.716049  0.00007709891714763879
-1790.123457 -4259.259259  0.00007440588872756233
-1790.123457 -4135.802469  0.00007454223985570368
-1790.123457 -4012.345679  0.00007693728940263942
-1790.123457 -3888.888889  0.00008035134697216643
-1790.123457 -3765.432099  0.00008333339550253698
-1790.123457 -3641.975309  0.00008506201619524680
-1790.123457 -3518.518519  0.00008491654856361165
-1790.123457 -3395.061728  0.00008325593901710438
-1790.123457 -3271.604938  0.00008090840158489502
-1790.123457 -3148.148148  0.00007904064142936249
-1790.123457 -3024.691358  0.00007883210240716590
-1790.123457 -2901.234568  0.00008093702236082812
-1790.123457 -2777.777778  0.00008473429614083088
-1790.123457 -2654.320988  0.00008736514635822200
-1790.123457 -2530.864198  0.00008255860186773430
-1790.123457 -2407.407407  0.00008167751184479531
-1790.123457 -2283.950617  0.00008406929616175344
-1790.123457 -2160.493827  0.00008488884912317861
-1790.123457 -2037.037037  0.00008486135665958132
-1790.123457 -1913.580247  0.00008464087909881042
-1790.123457 -1790.123457  0.00008464633795701005
-1790.123457 -1666.666667  0.00008500581912523482
-1790.123457 -1543.209877  0.00008560919245172295
-1790.123457 -1419.753086  0.00008626904771982684
-1790.123457 -1296.296296  0.00008698994702160215
-1790.123457 -1172.839506  0.00008767136837032527
-1790.123457 -1049.382716  0.00008821503620173252
-1790.123457  -925.925926  0.00008864264705786548
-1790.123457  -802.469136  0.00008899505445098571
-1790.123457  -679.012346  0.00008936650672962291
-1790.123457  -555.555556  0.00008984494950385322
-1790.123457  -432.098765  0.00009045299155684732
-1790.123457  -308.641975  0.00009108953424268580
-1790.123457  -185.185185  0.00009147206437044399
-1790.123457   -61.728395  0.00009107961057454486
-1790.123457    61.728395  0.00009091913332533313
-1790.123457   185.185185  0.00009097570565072412
-1790.123457   308.641975  0.00009029481420190686
-1790.123457   432.098765  0.00008938283037929690
-1790.123457   555.555556  0.00008849702473345234
-1790.123457   679.012346  0.00008772199999536791
-1790.123457   802.469136  0.00008703628156684228
-1790.123457   925.925926  0.00008636906547091887
-1790.123457  1049.382716  0.00008564712376240084
-1790.123457  1172.839506  0.00008483186739843913
-1790.123457  1296.296296  0.00008389337555899691
-1790.123457  1419.753086  0.00008293244032866209
-1790.123457  1543.209877  0.00008203293772385056
-1790.123457  1666.666667  0.00008119196480999305
-1790.123457  1790.123457  0.00008057487219267670
-1790.123457  1913.580247  0.00008027829009618920
-1790.123457  2037.037037  0.00008018832675516423
-1790.123457  2160.493827  0.00007993393911932751
-1790.123457  2283.950617  0.00007893547587134438
-1790.123457  2407.407407  0.00007654839275776743
-1790.123457  2530.864198  0.00007707066135029500
-1790.123457  2654.320988  0.00008109073132794651
-1790.123457  2777.777778  0.00007850397413517383
-1790.123457  2901.234568  0.00007487423699645262
-1790.123457  3024.691358  0.00007275161898298613
-1790.123457  3148.148148  0.00007269907154653897
-1790.123457  3271.604938  0.00007413804657955536
-1790.123457  3395.061728  0.00007601319200156416
-1790.123457  3518.518519  0.00007727609487186871
-1790.123457  3641.975309  0.00007718807202852242
-1790.123457  3765.432099  0.00007545361826725610
-1790.123457  3888.888889  0.00007256068261185580
-1790.123457  4012.345679  0.00006933645619555625
-1790.123457  4135.802469  0.00006699307635267753
-1790.123457  4259.259259  0.00006665945165092003
-1790.123457  4382.716049  0.00006887948504735752
-1790.123457  4506.172840  0.00007296710144809460
-1790.123457  4629.629630  0.00007621807967159016
-1790.123457  4753.086420  0.00007297868881564519
-1790.123457  4876.543210  0.00005357112902805602

-1666.666667 -5000.000000  0.00000439920453725352
-1666.666667 -4876.543210  0.00005800129825259390
-1666.666667 -4753.086420  0.00007816298839842796
-1666.666667 -4629.629630  0.00008135812878197707
-1666.666667 -4506.172840  0.00007789345664340783
-1666.666667 -4382.716049  0.00007358382415856858
-1666.666667 -4259.259259  0.00007114192809368016
-1666.666667 -4135.802469  0.00007128253761197536
-1666.666667 -4012.345679  0.00007354122023228600
-1666.666667 -3888.888889  0.00007680756593957936
-1666.666667 -3765.432099  0.00007957290944744288
-1666.666667 -3641.975309  0.00008125042333025136
-1666.666667 -3518.518519  0.00008113242873584405
-1666.666667 -3395.061728  0.00007960934380532182
-1666.666667 -3271.604938  0.00007745477584481855
-1666.666667 -3148.148148  0.00007573788193706762
-1666.666667 -3024.691358  0.00007555205168376321
-1666.666667 -2901.234568  0.00007752290431836090
-1666.666667 -2777.777778  0.00008109560018931792
-1666.666667 -2654.320988  0.00008360146661377262
-1666.666667 -2530.864198  0.00007910393810166376
-1666.666667 -2407.407407  0.00007830767663815852
-1666.666667 -2283.950617  0.00008058772366125996
-1666.666667 -2160.493827  0.00008139834892130062
-1666.666667 -2037.037037  0.00008142204155049420
-1666.666667 -1913.580247  0.00008127352694818953
-1666.666667 -1790.123457  0.00008134730403347443
-1666.666667 -1666.666667  0.00008176582923839613
-1666.666667 -1543.209877  0.00008242834724179931
-1666.666667 -1419.753086  0.00008316036844377996
-1666.666667 -1296.296296  0.00008396379318075733
-1666.666667 -1172.839506  0.00008474468551583466
-1666.666667 -1049.382716  0.00008540339970172160
-1666.666667  -925.925926  0.00008595808815934531
-1666.666667  -802.469136  0.00008644117592650014
-1666.666667  -679.012346  0.00008693274156309145
-1666.666667  -555.555556  0.00008750789252051321
-1666.666667  -432.098765  0.00008818294546689156
-1666.666667  -308.641975  0.00008886041156819702
-1666.666667  -185.185185  0.00008927278672522205
-1666.666667   -61.728395  0.00008892514676642789
-1666.666667    61.728395  0.00008875415001348156
-1666.666667   185.185185  0.00008874584658934919
-1666.666667   308.641975  0.00008801792991611044
-1666.666667   432.098765  0.00008705021890765019
-1666.666667   555.555556  0.00008608429492968792
-1666.666667   679.012346  0.00008520063493386588
-1666.666667   802.469136  0.00008438384867718141
-1666.666667   925.925926  0.00008357602002676112
-1666.666667  1049.382716  0.00008271815234998053
-1666.666667  1172.839506  0.00008177971798992576
-1666.666667  1296.296296  0.00008073498343933411
-1666.666667  1419.753086  0.00007968428094366626
-1666.666667  1543.209877  0.00007870471043581548
-1666.666667  1666.666667  0.00007779955427347051
-1666.666667  1790.123457  0.00007711858441862759
-1666.666667  1913.580247  0.00007674676222345704
-1666.666667  2037.037037  0.00007657678417475422
-1666.666667  2160.493827  0.00007626547359697521
-1666.666667  2283.950617  0.00007527401831385697
-1666.666667  2407.407407  0.00007299205426862172
-1666.666667  2530.864198  0.00007342273705780347
-1666.666667  2654.320988  0.00007712541318765735
-1666.666667  2777.777778  0.00007466019567501545
-1666.666667  2901.234568  0.00007125235166502509
-1666.666667  3024.691358  0.00006926040312877165
-1666.666667  3148.148148  0.00006918096082010764
-1666.666667  3271.604938  0.00007046453779604245
-1666.666667  3395.061728  0.00007214234250069237
-1666.666667  3518.518519  0.00007326405141279138
-1666.666667  3641.975309  0.00007314656125676264
-1666.666667  3765.432099  0.00007146534277801505
-1666.666667  3888.888889  0.00006878635935036575
-1666.666667  4012.345679  0.00006571648919566982
-1666.666667  4135.802469  0.00006351092829986366
-1666.666667  4259.259259  0.00006317259034499611
-1666.666667  4382.716049  0.00006514473138412590
-1666.666667  4506.172840  0.00006879469727087405
-1666.666667  4629.629630  0.00007168879384363199
-1666.666667  4753.086420  0.00006865827986442363
-1666.666667  4876.543210  0.00005065648271242378

-1543.209877 -5000.000000  0.00000497438811092270
-1543.209877 -4876.543210  0.00005571063387674120
-1543.209877 -4753.086420  0.00007445844800663422
-1543.209877 -4629.629630  0.00007739692490796619
-1543.209877 -4506.172840  0.00007428724878622453
-1543.209877 -4382.716049  0.00007043208538307898
-1543.209877 -4259.259259  0.00006823383048543087
-1543.209877 -4135.802469  0.00006835171520544686
-1543.209877 -4012.345679  0.00007045776803157704
-1543.209877 -3888.888889  0.00007359163365055701
-1543.209877 -3765.432099  0.00007611424854039490
-1543.209877 -3641.975309  0.00007774396358624284
-1543.209877 -3518.518519  0.00007764795075754384
-1543.209877 -3395.061728  0.00007625515895856819
-1543.209877 -3271.604938  0.00007428853823544360
-1543.209877 -3148.148148  0.00007271999929940252
-1543.209877 -3024.691358  0.00007255541509347511
-1543.209877 -2901.234568  0.00007438985183484296
-1543.209877 -2777.777778  0.00007773302953285183
-1543.209877 -2654.320988  0.00008010501198268505
-1543.209877 -2530.864198  0.00007590212623469634
-1543.209877 -2407.407407  0.00007517266410988355
-1543.209877 -2283.950617  0.00007733646471305575
-1543.209877 -2160.493827  0.00007813763464144003
-1543.209877 -2037.037037  0.00007821271852630519
-1543.209877 -1913.580247  0.00007813603637557403
-1543.209877 -1790.123457  0.00007827814778016114
-1543.209877 -1666.666667  0.00007875735740596673
-1543.209877 -1543.209877  0.00007948426177152470
-1543.209877 -1419.753086  0.00008029933731130707
-1543.209877 -1296.296296  0.00008120356972468330
-1543.209877 -1172.839506  0.00008211020989139414
-1543.209877 -1049.382716  0.00008291889859344867
-1543.209877  -925.925926  0.00008364305339778391
-1543.209877  -802.469136  0.00008430479359927058
-1543.209877  -679.012346  0.00008496706565816050
-1543.209877  -555.555556  0.00008568825655688873
-1543.209877  -432.098765  0.00008647401895523887
-1543.209877  -308.641975  0.00008722630814387246
-1543.209877  -185.185185  0.00008768963079622250
-1543.209877   -61.728395  0.00008739450551875053
-1543.209877    61.728395  0.00008721222023313753
-1543.209877   185.185185  0.00008712993190779664
-1543.209877   308.641975  0.00008633165933771890
-1543.209877   432.098765  0.00008527200868643024
-1543.209877   555.555556  0.00008418040812808348
-1543.209877   679.012346  0.00008313764947491288
-1543.209877   802.469136  0.00008213880883094735
-1543.209877   925.925926  0.00008114254627198165
-1543.209877  1049.382716  0.00008010678455180814
-1543.209877  1172.839506  0.00007901076683470521
-1543.209877  1296.296296  0.00007783398858220103
-1543.209877  1419.753086  0.00007667568584096977
-1543.209877  1543.209877  0.00007560568038862373
-1543.209877  1666.666667  0.00007463130457611547
-1543.209877  1790.123457  0.00007388510115184615
-1543.209877  1913.580247  0.00007343870501862682
-1543.209877  2037.037037  0.00007318973404753155
-1543.209877  2160.493827  0.00007282168894864077
-1543.209877  2283.950617  0.00007183686219867538
-1543.209877  2407.407407  0.00006966225602552212
-1543.209877  2530.864198  0.00007001991157797720
-1543.209877  2654.320988  0.00007341966777935739
-1543.209877  2777.777778  0.00007108427663211491
-1543.209877  2901.234568  0.00006790283689216428
-1543.209877  3024.691358  0.00006604373361238447
-1543.209877  3148.148148  0.00006593870454594938
-1543.209877  3271.604938  0.00006706905227693981
-1543.209877  3395.061728  0.00006855400207823536
-1543.209877  3518.518519  0.00006954120549668659
-1543.209877  3641.975309  0.00006939938966556780
-1543.209877  3765.432099  0.00006776789645247409
-1543.209877  3888.888889  0.00006532764946570994
-1543.209877  4012.345679  0.00006239729940878792
-1543.209877  4135.802469  0.00006034495003142188
-1543.209877  4259.259259  0.00006002758393293015
-1543.209877  4382.716049  0.00006175880890728129
-1543.209877  4506.172840  0.00006496173105745579
-1543.209877  4629.629630  0.00006750695467912432
-1543.209877  4753.086420  0.00006473570891364134
-1543.209877  4876.543210  0.00004816810117035531

-1419.753086 -5000.000000  0.00000482579999116448
-1419.753086 -4876.543210  0.00005273953265622785
-1419.753086 -4753.086420  0.00007048458549666775
-1419.753086 -4629.629630  0.00007330769184178592
-1419.753086 -4506.172840  0.00007041671257259400
-1419.753086 -4382.716049  0.00006681846679491184
-1419.753086 -4259.259259  0.00006478213786681431
-1419.753086 -4135.802469  0.00006492825478042194
-1419.753086 -4012.345679  0.00006694324889803562
-1419.753086 -3888.888889  0.00006991958604261455
-1419.753086 -3765.432099  0.00007232147394259756
-1419.753086 -3641.975309  0.00007385679381874932
-1419.753086 -3518.518519  0.00007379026799110176
-1419.753086 -3395.061728  0.00007248472582463102
-1419.753086 -3271.604938  0.00007062853852654659
-1419.753086 -3148.148148  0.00006916163192371856
-1419.753086 -3024.691358  0.00006903842305127619
-1419.753086 -2901.234568  0.00007079980809374472
-1419.753086 -2777.777778  0.00007395420167872082
-1419.753086 -2654.320988  0.00007616762752308633
-1419.753086 -2530.864198  0.00007226286043176094
-1419.753086 -2407.407407  0.00007162950677713928
-1419.753086 -2283.950617  0.00007367093026239251
-1419.753086 -2160.493827  0.00007445953042514901
-1419.753086 -2037.037037  0.00007458546049927389
-1419.753086 -1913.580247  0.00007458076905534575
-1419.753086 -1790.123457  0.00007479088934763097
-1419.753086 -1666.666667  0.00007533064128083162
-1419.753086 -1543.209877  0.00007612474599660614
-1419.753086 -1419.753086  0.00007703285307986297
-1419.753086 -1296.296296  0.00007805908038482767
-1419.753086 -1172.839506  0.00007912080193758119
-1419.753086 -1049.382716  0.00008013098201463010
-1419.753086  -925.925926  0.00008109140389852812
-1419.753086  -802.469136  0.00008201318549838301
-1419.753086  -679.012346  0.00008294398687752261
-1419.753086  -555.555556  0.00008392204553213529
-1419.753086  -432.098765  0.00008493091646095045
-1419.753086  -308.641975  0.00008585491702595922
-1419.753086  -185.185185  0.00008643527660417482
-1419.753086   -61.728395  0.00008622699103043371
-1419.753086    61.728395  0.00008603273033840357
-1419.753086   185.185185  0.00008584032794442081
-1419.753086   308.641975  0.00008490314107916019
-1419.753086   432.098765  0.00008365225270197132
-1419.753086   555.555556  0.00008232083129833063
-1419.753086   679.012346  0.00008100736286347026
-1419.753086   802.469136  0.00007972877714098826
-1419.753086   925.925926  0.00007846346811644033
-1419.753086  1049.382716  0.00007718420876591445
-1419.753086  1172.839506  0.00007588096005958654
-1419.753086  1296.296296  0.00007454309162687553
-1419.753086  1419.753086  0.00007325854835208672
-1419.753086  1543.209877  0.00007209260894835513
-1419.753086  1666.666667  0.00007104491316895104
-1419.753086  1790.123457  0.00007023185037657229
-1419.753086  1913.580247  0.00006971361696719516
-1419.753086  2037.037037  0.00006939017121271996
-1419.753086  2160.493827  0.00006896608552241163
-1419.753086  2283.950617  0.00006798429612313616
-1419.753086  2407.407407  0.00006592875015839144
-1419.753086  2530.864198  0.00006619032162964284
-1419.753086  2654.320988  0.00006927893859366747
-1419.753086  2777.777778  0.00006709887742330834
-1419.753086  2901.234568  0.00006410614367957174
-1419.753086  3024.691358  0.00006231906570831010
-1419.753086  3148.148148  0.00006216897217703587
-1419.753086  3271.604938  0.00006319161012355846
-1419.753086  3395.061728  0.00006455930351644312
-1419.753086  3518.518519  0.00006545385232729397
-1419.753086  3641.975309  0.00006528017211485916
-1419.753086  3765.432099  0.00006374435280221430
-1419.753086  3888.888889  0.00006142586869526153
-1419.753086  4012.345679  0.00005865962573076741
-1419.753086  4135.802469  0.00005670179953403925
-1419.753086  4259.259259  0.00005635685194405480
-1419.753086  4382.716049  0.00005792610942123387
-1419.753086  4506.172840  0.00006087232621863593
-1419.753086  4629.629630  0.00006320023231658146
-1419.753086  4753.086420  0.00006055306612069834
-1419.753086  4876.543210  0.00004502509192339240

-1296.296296 -5000.000000  0.00000482924105932836
-1296.296296 -4876.543210  0.00004982285862204640
-1296.296296 -4753.086420  0.00006640488008864127
-1296.296296 -4629.629630  0.00006904945405692725
-1296.296296 -4506.172840  0.00006640160901901402
-1296.296296 -4382.716049  0.00006310506871065061
-1296.296296 -4259.259259  0.00006124291729869098
-1296.296296 -4135.802469  0.00006139111440667640
-1296.296296 -4012.345679  0.00006328485997853539
-1296.296296 -3888.888889  0.00006609780898039946
-1296.296296 -3765.432099  0.00006833413594053647
-1296.296296 -3641.975309  0.00006977860713040027
-1296.296296 -3518.518519  0.00006973268107341077
-1296.296296 -3395.061728  0.00006852187378765236
-1296.296296 -3271.604938  0.00006679463644697986
-1296.296296 -3148.148148  0.00006543887501313979
-1296.296296 -3024.691358  0.00006534588348355538
-1296.296296 -2901.234568  0.00006700844951970613
-1296.296296 -2777.777778  0.00006995313245610015
-1296.296296 -2654.320988  0.00007200671368984133
-1296.296296 -2530.864198  0.00006839681945078944
-1296.296296 -2407.407407  0.00006785302783997234
-1296.296296 -2283.950617  0.00006976544480651883
-1296.296296 -2160.493827  0.00007053654644308038
-1296.296296 -2037.037037  0.00007071022282543911
-1296.296296 -1913.580247  0.00007077476167251354
-1296.296296 -1790.123457  0.00007104947762890902
-1296.296296 -1666.666667  0.00007164638868682410
-1296.296296 -1543.209877  0.00007250693974731156
-1296.296296 -1419.753086  0.00007351377332089446
-1296.296296 -1296.296296  0.00007467754736753764
-1296.296296 -1172.839506  0.00007592669321602795
-1296.296296 -1049.382716  0.00007719078422388371
-1296.296296  -925.925926  0.00007846681202050889
-1296.296296  -802.469136  0.00007975868822878228
-1296.296296  -679.012346  0.00008109821393063916
-1296.296296  -555.555556  0.00008249867203341798
-1296.296296  -432.098765  0.00008391115637829600
-1296.296296  -308.641975  0.00008518363759081641
-1296.296296  -185.185185  0.00008602276567350492
-1296.296296   -61.728395  0.00008595840934057750
-1296.296296    61.728395  0.00008575000590123047
-1296.296296   185.185185  0.00008538595715815986
-1296.296296   308.641975  0.00008416410129162288
-1296.296296   432.098765  0.00008254232561198945
-1296.296296   555.555556  0.00008078913307589922
-1296.296296   679.012346  0.00007903939975172554
-1296.296296   802.469136  0.00007734205712422573
-1296.296296   925.925926  0.00007569969923837648
-1296.296296  1049.382716  0.00007410011468239625
-1296.296296  1172.839506  0.00007253974340995284
-1296.296296  1296.296296  0.00007101128109348512
-1296.296296  1419.753086  0.00006958675184539549
-1296.296296  1543.209877  0.00006831974580638827
-1296.296296  1666.666667  0.00006720159506864303
-1296.296296  1790.123457  0.00006632702758007123
-1296.296296  1913.580247  0.00006574073169968327
-1296.296296  2037.037037  0.00006534509281688361
-1296.296296  2160.493827  0.00006486910203469456
-1296.296296  2283.950617  0.00006389843691690896
-1296.296296  2407.407407  0.00006196671429917097
-1296.296296  2530.864198  0.00006213871973658876
-1296.296296  2654.320988  0.00006492072978132735
-1296.296296  2777.777778  0.00006289776630179762
-1296.296296  2901.234568  0.00006011421532858159
-1296.296296  3024.691358  0.00005842430688479541
-1296.296296  3148.148148  0.00005824023422511536
-1296.296296  3271.604938  0.00005914632161509544
-1296.296296  3395.061728  0.00006037924065077428
-1296.296296  3518.518519  0.00006117427511857372
-1296.296296  3641.975309  0.00006097763439548694
-1296.296296  3765.432099  0.00005953427750316254
-1296.296296  3888.888889  0.00005738095969840435
-1296.296296  4012.345679  0.00005478457375848928
-1296.296296  4135.802469  0.00005295053218256817
-1296.296296  4259.259259  0.00005260343293219870
-1296.296296  4382.716049  0.00005399916755946330
-1296.296296  4506.172840  0.00005664578327315193
-1296.296296  4629.629630  0.00005873309894300867
-1296.296296  4753.086420  0.00005627107504204358
-1296.296296  4876.543210  0.00004193693752690867

-1172.839506 -5000.000000  0.00000504886384785477
-1172.839506 -4876.543210  0.00004672239800762258
-1172.839506 -4753.086420  0.00006183175526368952
-1172.839506 -4629.629630  0.00006420966563420037
-1172.839506 -4506.172840  0.00006186944240444602
-1172.839506 -4382.716049  0.00005896805788374257
-1172.839506 -4259.259259  0.00005731609288538414
-1172.839506 -4135.802469  0.00005743455992966242
-1172.839506 -4012.345679  0.00005915860016995511
-1172.839506 -3888.888889  0.00006178805404188090
-1172.839506 -3765.432099  0.00006378490563552333
-1172.839506 -3641.975309  0.00006514610779229739
-1172.839506 -3518.518519  0.00006510931039298024
-1172.839506 -3395.061728  0.00006401652627315435
-1172.839506 -3271.604938  0.00006246204197526480
-1172.839506 -3148.148148  0.00006124077544865668
-1172.839506 -3024.691358  0.00006115791470057799
-1172.839506 -2901.234568  0.00006267128981322635
-1172.839506 -2777.777778  0.00006536647832683857
-1172.839506 -2654.320988  0.00006726464398882427
-1172.839506 -2530.864198  0.00006396310886894282
-1172.839506 -2407.407407  0.00006345187034178855
-1172.839506 -2283.950617  0.00006522308572299692
-1172.839506 -2160.493827  0.00006597367830623801
-1172.839506 -2037.037037  0.00006618974336296581
-1172.839506 -1913.580247  0.00006631500578828209
-1172.839506 -1790.123457  0.00006664517428894361
-1172.839506 -1666.666667  0.00006729115397658110
-1172.839506 -1543.209877  0.00006821111736613135
-1172.839506 -1419.753086  0.00006931143377948157
-1172.839506 -1296.296296  0.00007061645715432563
-1172.839506 -1172.839506  0.00007207570564464455
-1172.839506 -1049.382716  0.00007363337866784811
-1172.839506  -925.925926  0.00007529374943757745
-1172.839506  -802.469136  0.00007705722601653207
-1172.839506  -679.012346  0.00007893574710987931
-1172.839506  -555.555556  0.00008090826918991868
-1172.839506  -432.098765  0.00008287964970927948
-1172.839506  -308.641975  0.00008464292640265487
-1172.839506  -185.185185  0.00008584499267706994
-1172.839506   -61.728395  0.00008595566909068428
-1172.839506    61.728395  0.00008572961665002636
-1172.839506   185.185185  0.00008515586534799895
-1172.839506   308.641975  0.00008353979787604963
-1172.839506   432.098765  0.00008140163780897900
-1172.839506   555.555556  0.00007907042543130299
-1172.839506   679.012346  0.00007673574755212867
-1172.839506   802.469136  0.00007449192619398585
-1172.839506   925.925926  0.00007237466615561336
-1172.839506  1049.382716  0.00007039016144870035
-1172.839506  1172.839506  0.00006853666060858317
-1172.839506  1296.296296  0.00006679932213497013
-1172.839506  1419.753086  0.00006523320420885275
-1172.839506  1543.209877  0.00006387074381522214
-1172.839506  1666.666667  0.00006269228188321753
-1172.839506  1790.123457  0.00006176713357825240
-1172.839506  1913.580247  0.00006112195650209025
-1172.839506  2037.037037  0.00006066127980888111
-1172.839506  2160.493827  0.00006014019423715809
-1172.839506  2283.950617  0.00005918920305779489
-1172.839506  2407.407407  0.00005739123393792394
-1172.839506  2530.864198  0.00005752156449463353
-1172.839506  2654.320988  0.00005999389436558405
-1172.839506  2777.777778  0.00005812293624902077
-1172.839506  2901.234568  0.00005558614174932522
-1172.839506  3024.691358  0.00005404305705229282
-1172.839506  3148.148148  0.00005384578133939178
-1172.839506  3271.604938  0.00005461315814996467
-1172.839506  3395.061728  0.00005566869969137438
-1172.839506  3518.518519  0.00005634224409709383
-1172.839506  3641.975309  0.00005613534563273937
-1172.839506  3765.432099  0.00005477659807210301
-1172.839506  3888.888889  0.00005286004483867938
-1172.839506  4012.345679  0.00005045337587846286
-1172.839506  4135.802469  0.00004878987482284081
-1172.839506  4259.259259  0.00004847133890583740
-1172.839506  4382.716049  0.00004965931053733769
-1172.839506  4506.172840  0.00005191702380609921
-1172.839506  4629.629630  0.00005370206591255174
-1172.839506  4753.086420  0.00005150975353138427
-1172.839506  4876.543210  0.00003866722410392022

-1049.382716 -5000.000000  0.00000481251536223956
-1049.382716 -4876.543210  0.00004293708153453598
-1049.382716 -4753.086420  0.00005672818436015295
-1049.382716 -4629.629630  0.00005891158143204356
-1049.382716 -4506.172840  0.00005681386763723680
-1049.382716 -4382.716049  0.00005420791837664745
-1049.382716 -4259.259259  0.00005272634138533517
-1049.382716 -4135.802469  0.00005284293715320713
-1049.382716 -4012.345679  0.00005442216794616572
-1049.382716 -3888.888889  0.00005683663542769985
-1049.382716 -3765.432099  0.00005865256688092039
-1049.382716 -3641.975309  0.00005990077495482611
-1049.382716 -3518.518519  0.00005987288283897137
-1049.382716 -3395.061728  0.00005888005939099895
-1049.382716 -3271.604938  0.00005746589711516297
-1049.382716 -3148.148148  0.00005635739301716758
-1049.382716 -3024.691358  0.00005628827508665096
-1049.382716 -2901.234568  0.00005767289567753241
-1049.382716 -2777.777778  0.00006013069178622056
-1049.382716 -2654.320988  0.00006186121222768461
-1049.382716 -2530.864198  0.00005886971170938754
-1049.382716 -2407.407407  0.00005843108937451431
-1049.382716 -2283.950617  0.00006005434014461696
-1049.382716 -2160.493827  0.00006076796927125465
-1049.382716 -2037.037037  0.00006101415526067261
-1049.382716 -1913.580247  0.00006119291571622345
-1049.382716 -1790.123457  0.00006157234530306656
-1049.382716 -1666.666667  0.00006225883579864942
-1049.382716 -1543.209877  0.00006322727822897059
-1049.382716 -1419.753086  0.00006441124709062536
-1049.382716 -1296.296296  0.00006585316665863222
-1049.382716 -1172.839506  0.00006752901955642566
-1049.382716 -1049.382716  0.00006942031661021283
-1049.382716  -925.925926  0.00007154687336978981
-1049.382716  -802.469136  0.00007392299674665113
-1049.382716  -679.012346  0.00007656109902357110
-1049.382716  -555.555556  0.00007941522688875733
-1049.382716  -432.098765  0.00008233091014988908
-1049.382716  -308.641975  0.00008500133012804093
-1049.382716  -185.185185  0.00008692980773149185
-1049.382716   -61.728395  0.00008739861120941929
-1049.382716    61.728395  0.00008714645466343231
-1049.382716   185.185185  0.00008616504595734843
-1049.382716   308.641975  0.00008378318056606382
-1049.382716   432.098765  0.00008071025158983289
-1049.382716   555.555556  0.00007741799437446106
-1049.382716   679.012346  0.00007419377609584635
-1049.382716   802.469136  0.00007118887942828525
-1049.382716   925.925926  0.00006846178029654212
-1049.382716  1049.382716  0.00006601641971168277
-1049.382716  1172.839506  0.00006383546969067206
-1049.382716  1296.296296  0.00006188621247645417
-1049.382716  1419.753086  0.00006018717022264919
-1049.382716  1543.209877  0.00005874351463811273
-1049.382716  1666.666667  0.00005751616158231400
-1049.382716  1790.123457  0.00005654878423067386
-1049.382716  1913.580247  0.00005585287496713472
-1049.382716  2037.037037  0.00005533762927504612
-1049.382716  2160.493827  0.00005478465162636555
-1049.382716  2283.950617  0.00005386748336917410
-1049.382716  2407.407407  0.00005221595261350707
-1049.382716  2530.864198  0.00005227430733593960
-1049.382716  2654.320988  0.00005442541780796219
-1049.382716  2777.777778  0.00005272170629759085
-1049.382716  2901.234568  0.00005042280132113709
-1049.382716  3024.691358  0.00004900691162786761
-1049.382716  3148.148148  0.00004879262553142512
-1049.382716  3271.604938  0.00004944345622469160
-1049.382716  3395.061728  0.00005035513307809465
-1049.382716  3518.518519  0.00005092563892135702
-1049.382716  3641.975309  0.00005070799330868856
-1049.382716  3765.432099  0.00004946450409692534
-1049.382716  3888.888889  0.00004772922598178027
-1049.382716  4012.345679  0.00004554286326416227
-1049.382716  4135.802469  0.00004402699213582493
-1049.382716  4259.259259  0.00004371142017243079
-1049.382716  4382.716049  0.00004473061867642118
-1049.382716  4506.172840  0.00004669568360664030
-1049.382716  4629.629630  0.00004824182509471380
-1049.382716  4753.086420  0.00004625138554818114
-1049.382716  4876.543210  0.00003475238634038272

 -925.925926 -5000.000000  0.00000442729979483466
 -925.925926 -4876.543210  0.00003858991770072186
 -925.925926 -4753.086420  0.00005096817537081024
 -925.925926 -4629.629630  0.00005295363550931265
 -925.925926 -4506.172840  0.00005110309970601398
 -925.925926 -4382.716049  0.00004879236595752636
 -925.925926 -4259.259259  0.00004748248119600793
 -925.925926 -4135.802469  0.00004759848882534119
 -925.925926 -4012.345679  0.00004902067126477123
 -925.925926 -3888.888889  0.00005118828750000321
 -925.925926 -3765.432099  0.00005281580564175999
 -925.925926 -3641.975309  0.00005393847264378045
 -925.925926 -3518.518519  0.00005391352503466018
 -925.925926 -3395.061728  0.00005302576695258272
 -925.925926 -3271.604938  0.00005176084108987062
 -925.925926 -3148.148148  0.00005076734386171446
 -925.925926 -3024.691358  0.00005070216330631597
 -925.925926 -2901.234568  0.00005193938577805604
 -925.925926 -2777.777778  0.00005414277143368781
 -925.925926 -2654.320988  0.00005570179851155443
 -925.925926 -2530.864198  0.00005303127640383257
 -925.925926 -2407.407407  0.00005265067507662291
 -925.925926 -2283.950617  0.00005411455301607754
 -925.925926 -2160.493827  0.00005477716792576153
 -925.925926 -2037.037037  0.00005503810470133318
 -925.925926 -1913.580247  0.00005525543516833715
 -925.925926 -1790.123457  0.00005566965077169145
 -925.925926 -1666.666667  0.00005638041520626202
 -925.925926 -1543.209877  0.00005737613698852349
 -925.925926 -1419.753086  0.00005861636196930696
 -925.925926 -1296.296296  0.00006016698578763497
 -925.925926 -1172.839506  0.00006203847364144448
 -925.925926 -1049.382716  0.00006425883932877198
 -925.925926  -925.925926  0.00006687822014039882
 -925.925926  -802.469136  0.00006994056340806792
 -925.925926  -679.012346  0.00007347060096386206
 -925.925926  -555.555556  0.00007739879637822941
 -925.925926  -432.098765  0.00008149719664292435
 -925.925926  -308.641975  0.00008532618829886465
 -925.925926  -185.185185  0.00008819215800890441
 -925.925926   -61.728395  0.00008911605757552220
 -925.925926    61.728395  0.00008882673854799368
 -925.925926   185.185185  0.00008732181803654199
 -925.925926   308.641975  0.00008395296668549840
 -925.925926   432.098765  0.00007969157361796019
 -925.925926   555.555556  0.00007520323837145371
 -925.925926   679.012346  0.00007090367196532179
 -925.925926   802.469136  0.00006701336960031448
 -925.925926   925.925926  0.00006361105499038042
 -925.925926  1049.382716  0.00006068589632666105
 -925.925926  1172.839506  0.00005818849387368697
 -925.925926  1296.296296  0.00005605338985762166
 -925.925926  1419.753086  0.00005425305879428518
 -925.925926  1543.209877  0.00005275759943412088
 -925.925926  1666.666667  0.00005150462553756511
 -925.925926  1790.123457  0.00005051284135599520
 -925.925926  1913.580247  0.00004978134001688146
 -925.925926  2037.037037  0.00004922682577131211
 -925.925926  2160.493827  0.00004865876010389052
 -925.925926  2283.950617  0.00004779243170500564
 -925.925926  2407.407407  0.00004629995030547541
 -925.925926  2530.864198  0.00004629699793449805
 -925.925926  2654.320988  0.00004812108379750064
 -925.925926  2777.777778  0.00004658865839878417
 -925.925926  2901.234568  0.00004454435925788638
 -925.925926  3024.691358  0.00004327469062091321
 -925.925926  3148.148148  0.00004305402419798847
 -925.925926  3271.604938  0.00004358688696689890
 -925.925926  3395.061728  0.00004434653604293497
 -925.925926  3518.518519  0.00004480982061492735
 -925.925926  3641.975309  0.00004458833094747894
 -925.925926  3765.432099  0.00004347236651734770
 -925.925926  3888.888889  0.00004192624026868300
 -925.925926  4012.345679  0.00003999136788076991
 -925.925926  4135.802469  0.00003863534033486549
 -925.925926  4259.259259  0.00003832195621481622
 -925.925926  4382.716049  0.00003917166034900534
 -925.925926  4506.172840  0.00004084484913760092
 -925.925926  4629.629630  0.00004214804256510446
 -925.925926  4753.086420  0.00004036292289820019
 -925.925926  4876.543210  0.00003029824006890486

 -802.469136 -5000.000000  0.00000380466413755916
 -802.469136 -4876.543210  0.00003366779770975218
 -802.469136 -4753.086420  0.00004462096530562817
 -802.469136 -4629.629630  0.00004642921796485141
 -802.469136 -4506.172840  0.00004480880676776103
 -802.469136 -4382.716049  0.00004276225427631866
 -802.469136 -4259.259259  0.00004161277156285155
 -802.469136 -4135.802469  0.00004173802082658696
 -802.469136 -4012.345679  0.00004300322359797842
 -802.469136 -3888.888889  0.00004489361453082319
 -802.469136 -3765.432099  0.00004634624078217169
 -802.469136 -3641.975309  0.00004732561106239251
 -802.469136 -3518.518519  0.00004729967949636555
 -802.469136 -3395.061728  0.00004651435582696361
 -802.469136 -3271.604938  0.00004539383239621831
 -802.469136 -3148.148148  0.00004450970287994591
 -802.469136 -3024.691358  0.00004444316996470853
 -802.469136 -2901.234568  0.00004552710821004056
 -802.469136 -2777.777778  0.00004746798209594105
 -802.469136 -2654.320988  0.00004884761925563138
 -802.469136 -2530.864198  0.00004650483889357885
 -802.469136 -2407.407407  0.00004618312603618420
 -802.469136 -2283.950617  0.00004747684487633253
 -802.469136 -2160.493827  0.00004807096751242897
 -802.469136 -2037.037037  0.00004832710595639646
 -802.469136 -1913.580247  0.00004856416506575667
 -802.469136 -1790.123457  0.00004899459543487404
 -802.469136 -1666.666667  0.00004970780774372879
 -802.469136 -1543.209877  0.00005070074856422012
 -802.469136 -1419.753086  0.00005195563762399791
 -802.469136 -1296.296296  0.00005356486652782468
 -802.469136 -1172.839506  0.00005557592778759864
 -802.469136 -1049.382716  0.00005807735349437856
 -802.469136  -925.925926  0.00006115900880287073
 -802.469136  -802.469136  0.00006491531109109197
 -802.469136  -679.012346  0.00006940810390405980
 -802.469136  -555.555556  0.00007455786427884112
 -802.469136  -432.098765  0.00008005532287950821
 -802.469136  -308.641975  0.00008529349694200236
 -802.469136  -185.185185  0.00008932013602890528
 -802.469136   -61.728395  0.00009081058059411825
 -802.469136    61.728395  0.00009046773459903412
 -802.469136   185.185185  0.00008830085283100516
 -802.469136   308.641975  0.00008370873606663396
 -802.469136   432.098765  0.00007800720137071497
 -802.469136   555.555556  0.00007211342530141388
 -802.469136   679.012346  0.00006660188407989300
 -802.469136   802.469136  0.00006176699747682301
 -802.469136   925.925926  0.00005769247641577773
 -802.469136  1049.382716  0.00005432737429351465
 -802.469136  1172.839506  0.00005156884201713904
 -802.469136  1296.296296  0.00004930908605740476
 -802.469136  1419.753086  0.00004746084115834417
 -802.469136  1543.209877  0.00004595675113876013
 -802.469136  1666.666667  0.00004470989053411069
 -802.469136  1790.123457  0.00004371682455493510
 -802.469136  1913.580247  0.00004296880300564586
 -802.469136  2037.037037  0.00004239416476391521
 -802.469136  2160.493827  0.00004183195282065692
 -802.469136  2283.950617  0.00004103673988060242
 -802.469136  2407.407407  0.00003971466452347239
 -802.469136  2530.864198  0.00003964488800357810
 -802.469136  2654.320988  0.00004114193852581952
 -802.469136  2777.777778  0.00003978811728036692
 -802.469136  2901.234568  0.00003800614222251739
 -802.469136  3024.691358  0.00003688956607365727
 -802.469136  3148.148148  0.00003666899017578176
 -802.469136  3271.604938  0.00003708991916301828
 -802.469136  3395.061728  0.00003770225645015278
 -802.469136  3518.518519  0.00003806144053815964
 -802.469136  3641.975309  0.00003784122213673504
 -802.469136  3765.432099  0.00003686970546004384
 -802.469136  3888.888889  0.00003550022902560804
 -802.469136  4012.345679  0.00003384653665325205
 -802.469136  4135.802469  0.00003265052785333673
 -802.469136  4259.259259  0.00003233009724699986
 -802.469136  4382.716049  0.00003302154347482089
 -802.469136  4506.172840  0.00003443316547075803
 -802.469136  4629.629630  0.00003551004610135771
 -802.469136  4753.086420  0.00003391002317023641
 -802.469136  4876.543210  0.00002529084778783475

 -679.012346 -5000.000000  0.00000316211958239734
 -679.012346 -4876.543210  0.00002873895901285020
 -679.012346 -4753.086420  0.00003825647573606183
 -679.012346 -4629.629630  0.00003987257780970353
 -679.012346 -4506.172840  0.00003846944358398670
 -679.012346 -4382.716049  0.00003667662542857261
 -679.012346 -4259.259259  0.00003567823787784714
 -679.012346 -4135.802469  0.00003580423019455688
 -679.012346 -4012.345679  0.00003690574335180699
 -679.012346 -3888.888889  0.00003851455143342109
 -679.012346 -3765.432099  0.00003978658745266242
 -679.012346 -3641.975309  0.00004061717147262947
 -679.012346 -3518.518519  0.00004058521787034117
 -679.012346 -3395.061728  0.00003989659851122430
 -679.012346 -3271.604938  0.00003891479591805726
 -679.012346 -3148.148148  0.00003813527201351707
 -679.012346 -3024.691358  0.00003806361995311715
 -679.012346 -2901.234568  0.00003899046805782460
 -679.012346 -2777.777778  0.00004066313584635637
 -679.012346 -2654.320988  0.00004185404216715473
 -679.012346 -2530.864198  0.00003982586543004189
 -679.012346 -2407.407407  0.00003956968059580329
 -679.012346 -2283.950617  0.00004068530410153752
 -679.012346 -2160.493827  0.00004118860527690444
 -679.012346 -2037.037037  0.00004141622940813897
 -679.012346 -1913.580247  0.00004165229251729065
 -679.012346 -1790.123457  0.00004207933684674912
 -679.012346 -1666.666667  0.00004277090061073793
 -679.012346 -1543.209877  0.00004372570201377736
 -679.012346 -1419.753086  0.00004494343753611534
 -679.012346 -1296.296296  0.00004654219448612724
 -679.012346 -1172.839506  0.00004860290158865452
 -679.012346 -1049.382716  0.00005129472715980845
 -679.012346  -925.925926  0.00005474935935137372
 -679.012346  -802.469136  0.00005913744095644685
 -679.012346  -679.012346  0.00006460119495359493
 -679.012346  -555.555556  0.00007108718535461168
 -679.012346  -432.098765  0.00007821405098813699
 -679.012346  -308.641975  0.00008517521221914102
 -679.012346  -185.185185  0.00009067655060427249
 -679.012346   -61.728395  0.00009290906148307090
 -679.012346    61.728395  0.00009248944600764316
 -679.012346   185.185185  0.00008944822786006543
 -679.012346   308.641975  0.00008330315463642867
 -679.012346   432.098765  0.00007584950258012854
 -679.012346   555.555556  0.00006833239004260163
 -679.012346   679.012346  0.00006151053920372286
 -679.012346   802.469136  0.00005573840360607325
 -679.012346   925.925926  0.00005106666150307514
 -679.012346  1049.382716  0.00004736107502099804
 -679.012346  1172.839506  0.00004443971513483210
 -679.012346  1296.296296  0.00004214929888922562
 -679.012346  1419.753086  0.00004032508547909534
 -679.012346  1543.209877  0.00003886575076830742
 -679.012346  1666.666667  0.00003766073278779707
 -679.012346  1790.123457  0.00003669065038431213
 -679.012346  1913.580247  0.00003594642666930772
 -679.012346  2037.037037  0.00003537364195374210
 -679.012346  2160.493827  0.00003484211616877384
 -679.012346  2283.950617  0.00003414072077235998
 -679.012346  2407.407407  0.00003299742014175548
 -679.012346  2530.864198  0.00003285591029131297
 -679.012346  2654.320988  0.00003403752870430800
 -679.012346  2777.777778  0.00003287196831523044
 -679.012346  2901.234568  0.00003135838280146361
 -679.012346  3024.691358  0.00003039883349479426
 -679.012346  3148.148148  0.00003018224758003307
 -679.012346  3271.604938  0.00003049633165586323
 -679.012346  3395.061728  0.00003096744065791749
 -679.012346  3518.518519  0.00003122840214408335
 -679.012346  3641.975309  0.00003101429594203644
 -679.012346  3765.432099  0.00003019268479085881
 -679.012346  3888.888889  0.00002900547843927747
 -679.012346  4012.345679  0.00002763687852481506
 -679.012346  4135.802469  0.00002660736478485225
 -679.012346  4259.259259  0.00002628821398957109
 -679.012346  4382.716049  0.00002683035276324016
 -679.012346  4506.172840  0.00002799027606135865
 -679.012346  4629.629630  0.00002885303130365880
 -679.012346  4753.086420  0.00002745226816296761
 -679.012346  4876.543210  0.00002028735400992722

 -555.555556 -5000.000000  0.00000271134797573944
 -555.555556 -4876.543210  0.00002429684163535948
 -555.555556 -4753.086420  0.00003234842525432577
 -555.555556 -4629.629630  0.00003372101347334925
 -555.555556 -4506.172840  0.00003253222183926384
 -555.555556 -4382.716049  0.00003100902102317305
 -555.555556 -4259.259259  0.00003015789429300290
 -555.555556 -4135.802469  0.00003025849824045875
 -555.555556 -4012.345679  0.00003118082676238611
 -555.555556 -3888.888889  0.00003252587829653514
 -555.555556 -3765.432099  0.00003358982631172927
 -555.555556 -3641.975309  0.00003427798121224160
 -555.555556 -3518.518519  0.00003423391401101113
 -555.555556 -3395.061728  0.00003363578361877317
 -555.555556 -3271.604938  0.00003278982721924067
 -555.555556 -3148.148148  0.00003211306024078824
 -555.555556 -3024.691358  0.00003203299177545719
 -555.555556 -2901.234568  0.00003279765719026936
 -555.555556 -2777.777778  0.00003419596793084978
 -555.555556 -2654.320988  0.00003518837851735816
 -555.555556 -2530.864198  0.00003344787073272922
 -555.555556 -2407.407407  0.00003325815317407756
 -555.555556 -2283.950617  0.00003418944851368163
 -555.555556 -2160.493827  0.00003457938572048352
 -555.555556 -2037.037037  0.00003475383993829217
 -555.555556 -1913.580247  0.00003496659577653103
 -555.555556 -1790.123457  0.00003536822796361589
 -555.555556 -1666.666667  0.00003601056719894713
 -555.555556 -1543.209877  0.00003688675120351594
 -555.555556 -1419.753086  0.00003800686096912462
 -555.555556 -1296.296296  0.00003950914220622109
 -555.555556 -1172.839506  0.00004149834366340056
 -555.555556 -1049.382716  0.00004423770157019236
 -555.555556  -925.925926  0.00004789399499199910
 -555.555556  -802.469136  0.00005273094622430352
 -555.555556  -679.012346  0.00005901217292127537
 -555.555556  -555.555556  0.00006675499813825440
 -555.555556  -432.098765  0.00007553557502672892
 -555.555556  -308.641975  0.00008434532618181248
 -555.555556  -185.185185  0.00009149869764221678
 -555.555556   -61.728395  0.00009459222754272169
 -555.555556    61.728395  0.00009406849698657025
 -555.555556   185.185185  0.00008999245270607596
 -555.555556   308.641975  0.00008210185908613611
 -555.555556   432.098765  0.00007277592863353076
 -555.555556   555.555556  0.00006362806935329812
 -555.555556   679.012346  0.00005559507568085615
 -555.555556   802.469136  0.00004905634840415593
 -555.555556   925.925926  0.00004398314357586773
 -555.555556  1049.382716  0.00004011785041559898
 -555.555556  1172.839506  0.00003718329820214473
 -555.555556  1296.296296  0.00003498587626522659
 -555.555556  1419.753086  0.00003327353879272412
 -555.555556  1543.209877  0.00003192034279269007
 -555.555556  1666.666667  0.00003079700641006823
 -555.555556  1790.123457  0.00002987690433697739
 -555.555556  1913.580247  0.00002915918934710231
 -555.555556  2037.037037  0.00002861214459401827
 -555.555556  2160.493827  0.00002813676667344988
 -555.555556  2283.950617  0.00002755057944946320
 -555.555556  2407.407407  0.00002659167864459208
 -555.555556  2530.864198  0.00002638222037470712
 -555.555556  2654.320988  0.00002726975140868671
 -555.555556  2777.777778  0.00002630276133955107
 -555.555556  2901.234568  0.00002506415110789042
 -555.555556  3024.691358  0.00002426615698278253
 -555.555556  3148.148148  0.00002405630925631757
 -555.555556  3271.604938  0.00002426561571857351
 -555.555556  3395.061728  0.00002459896991304310
 -555.555556  3518.518519  0.00002476778417251191
 -555.555556  3641.975309  0.00002456484743538763
 -555.555556  3765.432099  0.00002388714189925465
 -555.555556  3888.888889  0.00002290842978665686
 -555.555556  4012.345679  0.00002180689878522224
 -555.555556  4135.802469  0.00002095848201941740
 -555.555556  4259.259259  0.00002066566374414666
 -555.555556  4382.716049  0.00002106180366762440
 -555.555556  4506.172840  0.00002195406540783555
 -555.555556  4629.629630  0.00002260494908258396
 -555.555556  4753.086420  0.00002145242803312887
 -555.555556  4876.543210  0.00001576868968140915

 -432.098765 -5000.000000  0.00000248548210098033
 -432.098765 -4876.543210  0.00002040107561039411
 -432.098765 -4753.086420  0.00002694981307868842
 -432.098765 -4629.629630  0.00002802331590057728
 -432.098765 -4506.172840  0.00002705000358041109
 -432.098765 -4382.716049  0.00002581866207979701
 -432.098765 -4259.259259  0.00002511353752161462
 -432.098765 -4135.802469  0.00002516095525042317
 -432.098765 -4012.345679  0.00002588746424926192
 -432.098765 -3888.888889  0.00002698950691284249
 -432.098765 -3765.432099  0.00002781461417713369
 -432.098765 -3641.975309  0.00002836844340279517
 -432.098765 -3518.518519  0.00002830689487870716
 -432.098765 -3395.061728  0.00002779396800484690
 -432.098765 -3271.604938  0.00002708226408990244
 -432.098765 -3148.148148  0.00002650755764672922
 -432.098765 -3024.691358  0.00002641623744349501
 -432.098765 -2901.234568  0.00002701319098872194
 -432.098765 -2777.777778  0.00002813013245022527
 -432.098765 -2654.320988  0.00002891437400794935
 -432.098765 -2530.864198  0.00002743804064069997
 -432.098765 -2407.407407  0.00002730098188978066
 -432.098765 -2283.950617  0.00002804078147586311
 -432.098765 -2160.493827  0.00002830201715524046
 -432.098765 -2037.037037  0.00002840281068618638
 -432.098765 -1913.580247  0.00002856830947073880
 -432.098765 -1790.123457  0.00002891676479458041
 -432.098765 -1666.666667  0.00002947541239291306
 -432.098765 -1543.209877  0.00003022615534232561
 -432.098765 -1419.753086  0.00003118104927865556
 -432.098765 -1296.296296  0.00003248758994084426
 -432.098765 -1172.839506  0.00003425945544366364
 -432.098765 -1049.382716  0.00003684259706394353
 -432.098765  -925.925926  0.00004042226132318508
 -432.098765  -802.469136  0.00004534452363341739
 -432.098765  -679.012346  0.00005200107442686411
 -432.098765  -555.555556  0.00006050715761942050
 -432.098765  -432.098765  0.00007044315466260899
 -432.098765  -308.641975  0.00008065981418401355
 -432.098765  -185.185185  0.00008914712721619292
 -432.098765   -61.728395  0.00009296684801407306
 -432.098765    61.728395  0.00009231429676176812
 -432.098765   185.185185  0.00008730303205779102
 -432.098765   308.641975  0.00007797508376924260
 -432.098765   432.098765  0.00006722724314559049
 -432.098765   555.555556  0.00005696469034319491
 -432.098765   679.012346  0.00004823268080839930
 -432.098765   802.469136  0.00004138407058225051
 -432.098765   925.925926  0.00003628268052684556
 -432.098765  1049.382716  0.00003254249947330748
 -432.098765  1172.839506  0.00002980272629138895
 -432.098765  1296.296296  0.00002784482334070947
 -432.098765  1419.753086  0.00002634379756902593
 -432.098765  1543.209877  0.00002516377147953278
 -432.098765  1666.666667  0.00002416811002060171
 -432.098765  1790.123457  0.00002333199474487175
 -432.098765  1913.580247  0.00002266879667669392
 -432.098765  2037.037037  0.00002217218465856164
 -432.098765  2160.493827  0.00002177396917652704
 -432.098765  2283.950617  0.00002131768166460285
 -432.098765  2407.407407  0.00002054788928815030
 -432.098765  2530.864198  0.00002028522017813200
 -432.098765  2654.320988  0.00002090157404456132
 -432.098765  2777.777778  0.00002014236167912662
 -432.098765  2901.234568  0.00001918524051389794
 -432.098765  3024.691358  0.00001855392850560790
 -432.098765  3148.148148  0.00001835346605597073
 -432.098765  3271.604938  0.00001845867716341462
 -432.098765  3395.061728  0.00001865582980622721
 -432.098765  3518.518519  0.00001873749555711440
 -432.098765  3641.975309  0.00001855060842917245
 -432.098765  3765.432099  0.00001800846506302859
 -432.098765  3888.888889  0.00001726741960131936
 -432.098765  4012.345679  0.00001641208177603889
 -432.098765  4135.802469  0.00001576012141160838
 -432.098765  4259.259259  0.00001551989584004214
 -432.098765  4382.716049  0.00001577067388224991
 -432.098765  4506.172840  0.00001637315797651245
 -432.098765  4629.629630  0.00001681030445413038
 -432.098765  4753.086420  0.00001595844196224640
 -432.098765  4876.543210  0.00001178868803384057

 -308.641975 -5000.000000  0.00000230555978937575
 -308.641975 -4876.543210  0.00001661559951966958
 -308.641975 -4753.086420  0.00002164077380479052
 -308.641975 -4629.629630  0.00002239446423899212
 -308.641975 -4506.172840  0.00002163311777631651
 -308.641975 -4382.716049  0.00002069649775609679
 -308.641975 -4259.259259  0.00002013411182729195
 -308.641975 -4135.802469  0.00002011781677165228
 -308.641975 -4012.345679  0.00002064060022571590
 -308.641975 -3888.888889  0.00002150153930163563
 -308.641975 -3765.432099  0.00002207693610683680
 -308.641975 -3641.975309  0.00002249472134869061
 -308.641975 -3518.518519  0.00002241306925690742
 -308.641975 -3395.061728  0.00002198203052921419
 -308.641975 -3271.604938  0.00002140162534603367
 -308.641975 -3148.148148  0.00002092680357002892
 -308.641975 -3024.691358  0.00002082200294082218
 -308.641975 -2901.234568  0.00002124725200751428
 -308.641975 -2777.777778  0.00002207581779900520
 -308.641975 -2654.320988  0.00002264339823211531
 -308.641975 -2530.864198  0.00002142885925750749
 -308.641975 -2407.407407  0.00002131348748877264
 -308.641975 -2283.950617  0.00002185144247420829
 -308.641975 -2160.493827  0.00002198276156161803
 -308.641975 -2037.037037  0.00002199921217641133
 -308.641975 -1913.580247  0.00002209285010150657
 -308.641975 -1790.123457  0.00002235193911475548
 -308.641975 -1666.666667  0.00002278224863535956
 -308.641975 -1543.209877  0.00002335372937927886
 -308.641975 -1419.753086  0.00002407256702363239
 -308.641975 -1296.296296  0.00002507861388009094
 -308.641975 -1172.839506  0.00002647556943118814
 -308.641975 -1049.382716  0.00002864131306417976
 -308.641975  -925.925926  0.00003175246242534252
 -308.641975  -802.469136  0.00003618442037037029
 -308.641975  -679.012346  0.00004240075056098173
 -308.641975  -555.555556  0.00005059778499600544
 -308.641975  -432.098765  0.00006041489904042890
 -308.641975  -308.641975  0.00007071045395241325
 -308.641975  -185.185185  0.00007940340690827231
 -308.641975   -61.728395  0.00008338058852541646
 -308.641975    61.728395  0.00008258748342958585
 -308.641975   185.185185  0.00007719656600799411
 -308.641975   308.641975  0.00006756102982772686
 -308.641975   432.098765  0.00005672966570177744
 -308.641975   555.555556  0.00004663961253527745
 -308.641975   679.012346  0.00003829153184782308
 -308.641975   802.469136  0.00003195492391482962
 -308.641975   925.925926  0.00002740358552791233
 -308.641975  1049.382716  0.00002418120937429479
 -308.641975  1172.839506  0.00002189712503524442
 -308.641975  1296.296296  0.00002033483273878375
 -308.641975  1419.753086  0.00001914806689256203
 -308.641975  1543.209877  0.00001820991820936376
 -308.641975  1666.666667  0.00001739540150768843
 -308.641975  1790.123457  0.00001668818860520571
 -308.641975  1913.580247  0.00001611540076253168
 -308.641975  2037.037037  0.00001569317386060086
 -308.641975  2160.493827  0.00001538299631163408
 -308.641975  2283.950617  0.00001505881970370173
 -308.641975  2407.407407  0.00001448494217888312
 -308.641975  2530.864198  0.00001419406321630937
 -308.641975  2654.320988  0.00001455062443396671
 -308.641975  2777.777778  0.00001400614838388836
 -308.641975  2901.234568  0.00001333600751168336
 -308.641975  3024.691358  0.00001287574133701423
 -308.641975  3148.148148  0.00001268768793509545
 -308.641975  3271.604938  0.00001269083818543175
 -308.641975  3395.061728  0.00001275391278779630
 -308.641975  3518.518519  0.00001275166204544872
 -308.641975  3641.975309  0.00001258438841559294
 -308.641975  3765.432099  0.00001217831839330315
 -308.641975  3888.888889  0.00001168514977643132
 -308.641975  4012.345679  0.00001107372197280532
 -308.641975  4135.802469  0.00001062509698077723
 -308.641975  4259.259259  0.00001044689645316965
 -308.641975  4382.716049  0.00001055501238181360
 -308.641975  4506.172840  0.00001086467339129866
 -308.641975  4629.629630  0.00001109086664193541
 -308.641975  4753.086420  0.00001055811534193010
 -308.641975  4876.543210  0.00000791961186877156

 -185.185185 -5000.000000  0.00000188615185915629
 -185.185185 -4876.543210  0.00001224391014151482
 -185.185185 -4753.086420  0.00001574880330298693
 -185.185185 -4629.629630  0.00001621657411715573
 -185.185185 -4506.172840  0.00001565609999840389
 -185.185185 -4382.716049  0.00001498612290461054
 -185.185185 -4259.259259  0.00001455964520075006
 -185.185185 -4135.802469  0.00001449599148339076
 -185.185185 -4012.345679  0.00001482053636609395
 -185.185185 -3888.888889  0.00001541209822571355
 -185.185185 -3765.432099  0.00001575799890959551
 -185.185185 -3641.975309  0.00001602337762716588
 -185.185185 -3518.518519  0.00001592253428897732
 -185.185185 -3395.061728  0.00001557352745608117
 -185.185185 -3271.604938  0.00001512041688235602
 -185.185185 -3148.148148  0.00001474124882741030
 -185.185185 -3024.691358  0.00001462074925557973
 -185.185185 -2901.234568  0.00001487184056699835
 -185.185185 -2777.777778  0.00001540598186074347
 -185.185185 -2654.320988  0.00001575233273005423
 -185.185185 -2530.864198  0.00001482574058962416
 -185.185185 -2407.407407  0.00001469234357363615
 -185.185185 -2283.950617  0.00001501495218643397
 -185.185185 -2160.493827  0.00001503239774847660
 -185.185185 -2037.037037  0.00001496847681599338
 -185.185185 -1913.580247  0.00001496840181719802
 -185.185185 -1790.123457  0.00001509399624101747
 -185.185185 -1666.666667  0.00001534030275678428
 -185.185185 -1543.209877  0.00001567360426489256
 -185.185185 -1419.753086  0.00001609085787841735
 -185.185185 -1296.296296  0.00001670054183569739
 -185.185185 -1172.839506  0.00001757508192337769
 -185.185185 -1049.382716  0.00001903162216064074
 -185.185185  -925.925926  0.00002120051385968259
 -185.185185  -802.469136  0.00002438921646891553
 -185.185185  -679.012346  0.00002900399409333312
 -185.185185  -555.555556  0.00003524643448851698
 -185.185185  -432.098765  0.00004286370083802269
 -185.185185  -308.641975  0.00005095251631414698
 -185.185185  -185.185185  0.00005781688142207461
 -185.185185   -61.728395  0.00006087952412740522
 -185.185185    61.728395  0.00005996064767961079
 -185.185185   185.185185  0.00005529038760537699
 -185.185185   308.641975  0.00004740097654663968
 -185.185185   432.098765  0.00003878093077324281
 -185.185185   555.555556  0.00003094482351820463
 -185.185185   679.012346  0.00002462084067438797
 -185.185185   802.469136  0.00001994929234880892
 -185.185185   925.925926  0.00001669208027458185
 -185.185185  1049.382716  0.00001445312108050261
 -185.185185  1172.839506  0.00001290972541826884
 -185.185185  1296.296296  0.00001188603785522412
 -185.185185  1419.753086  0.00001110600826327817
 -185.185185  1543.209877  0.00001047303976198064
 -185.185185  1666.666667  0.00000989856093635668
 -185.185185  1790.123457  0.00000937652932976298
 -185.185185  1913.580247  0.00000893812681748776
 -185.185185  2037.037037  0.00000861124052215872
 -185.185185  2160.493827  0.00000838472927095894
 -185.185185  2283.950617  0.00000817747559465060
 -185.185185  2407.407407  0.00000781222326840679
 -185.185185  2530.864198  0.00000752764156178245
 -185.185185  2654.320988  0.00000760765102290211
 -185.185185  2777.777778  0.00000728275967058935
 -185.185185  2901.234568  0.00000690516570366240
 -185.185185  3024.691358  0.00000661897764920044
 -185.185185  3148.148148  0.00000644643687716325
 -185.185185  3271.604938  0.00000635213894095854
 -185.185185  3395.061728  0.00000628525374395726
 -185.185185  3518.518519  0.00000619974453195691
 -185.185185  3641.975309  0.00000605258571159250
 -185.185185  3765.432099  0.00000579821435978869
 -185.185185  3888.888889  0.00000553388760435963
 -185.185185  4012.345679  0.00000519360344413742
 -185.185185  4135.802469  0.00000494292714328323
 -185.185185  4259.259259  0.00000481097279716272
 -185.185185  4382.716049  0.00000478312600351738
 -185.185185  4506.172840  0.00000482723788837309
 -185.185185  4629.629630  0.00000485329048668598
 -185.185185  4753.086420  0.00000460653347772556
 -185.185185  4876.543210  0.00000349409227519507

  -61.728395 -5000.000000  0.00000108016388289901
  -61.728395 -4876.543210  0.00000686144320606510
  -61.728395 -4753.086420  0.00000884135576171196
  -61.728395 -4629.629630  0.00000908609851336469
  -61.728395 -4506.172840  0.00000871935522174078
  -61.728395 -4382.716049  0.00000827956445940034
  -61.728395 -4259.259259  0.00000798475672436703
  -61.728395 -4135.802469  0.00000790496065271844
  -61.728395 -4012.345679  0.00000804217833014638
  -61.728395 -3888.888889  0.00000831792970248690
  -61.728395 -3765.432099  0.00000846836608521987
  -61.728395 -3641.975309  0.00000856046786928486
  -61.728395 -3518.518519  0.00000844295983441185
  -61.728395 -3395.061728  0.00000818234949119792
  -61.728395 -3271.604938  0.00000785880497849279
  -61.728395 -3148.148148  0.00000757341201515072
  -61.728395 -3024.691358  0.00000743277398193248
  -61.728395 -2901.234568  0.00000750373227911681
  -61.728395 -2777.777778  0.00000773820695982135
  -61.728395 -2654.320988  0.00000786815763903326
  -61.728395 -2530.864198  0.00000727066467834926
  -61.728395 -2407.407407  0.00000709425813603957
  -61.728395 -2283.950617  0.00000718905203705346
  -61.728395 -2160.493827  0.00000712199781560262
  -61.728395 -2037.037037  0.00000699903876108912
  -61.728395 -1913.580247  0.00000689336245716402
  -61.728395 -1790.123457  0.00000683959787032058
  -61.728395 -1666.666667  0.00000683915356940406
  -61.728395 -1543.209877  0.00000687669707603809
  -61.728395 -1419.753086  0.00000694777534596745
  -61.728395 -1296.296296  0.00000709757638131745
  -61.728395 -1172.839506  0.00000734544020790007
  -61.728395 -1049.382716  0.00000783175828210052
  -61.728395  -925.925926  0.00000859291257624685
  -61.728395  -802.469136  0.00000974654267942779
  -61.728395  -679.012346  0.00001146271722925816
  -61.728395  -555.555556  0.00001382177721750645
  -61.728395  -432.098765  0.00001670332051019843
  -61.728395  -308.641975  0.00001970632758219726
  -61.728395  -185.185185  0.00002210042846626011
  -61.728395   -61.728395  0.00002280831091657092
  -61.728395    61.728395  0.00002182133638316045
  -61.728395   185.185185  0.00001940373766067153
  -61.728395   308.641975  0.00001594613493700506
  -61.728395   432.098765  0.00001242026180312082
  -61.728395   555.555556  0.00000935308818918197
  -61.728395   679.012346  0.00000695170206469245
  -61.728395   802.469136  0.00000521278345364120
  -61.728395   925.925926  0.00000401667076465251
  -61.728395  1049.382716  0.00000320601943614288
  -61.728395  1172.839506  0.00000264905289648432
  -61.728395  1296.296296  0.00000225898924353696
  -61.728395  1419.753086  0.00000194567601658574
  -61.728395  1543.209877  0.00000166410757397593
  -61.728395  1666.666667  0.00000138590160424012
  -61.728395  1790.123457  0.00000111063641732712
  -61.728395  1913.580247  0.00000085440727777802
  -61.728395  2037.037037  0.00000063758829400035
  -61.728395  2160.493827  0.00000047179986364045
  -61.728395  2283.950617  0.00000034608167505366
  -61.728395  2407.407407  0.00000021227126487304
  -61.728395  2530.864198  -0.00000001994546312471
  -61.728395  2654.320988  -0.00000028014679014292
  -61.728395  2777.777778  -0.00000038061442633143
  -61.728395  2901.234568  -0.00000045446607844935
  -61.728395  3024.691358  -0.00000056248973801568
  -61.728395  3148.148148  -0.00000071760836079036
  -61.728395  3271.604938  -0.00000090506113901952
  -61.728395  3395.061728  -0.00000109830136644498
  -61.728395  3518.518519  -0.00000127061089607788
  -61.728395  3641.975309  -0.00000140243119073658
  -61.728395  3765.432099  -0.00000148006610368171
  -61.728395  3888.888889  -0.00000154660424709916
  -61.728395  4012.345679  -0.00000157147231224466
  -61.728395  4135.802469  -0.00000163286202324953
  -61.728395  4259.259259  -0.00000174612331327222
  -61.728395  4382.716049  -0.00000190465642826827
  -61.728395  4506.172840  -0.00000209074796414238
  -61.728395  4629.629630  -0.00000225635083728234
  -61.728395  4753.086420  -0.00000227380818847504
  -61.728395  4876.543210  -0.00000185652122020438

   61.728395 -5000.000000  0.00000044956096725669
   61.728395 -4876.543210  0.00000185652122008983
   61.728395 -4753.086420  0.00000227380818837976
   61.728395 -4629.629630  0.00000225635083719620
   61.728395 -4506.172840  0.00000209074796404614
   61.728395 -4382.716049  0.00000190465642815703
   61.728395 -4259.259259  0.00000174612331315461
   61.728395 -4135.802469  0.00000163286202313546
   61.728395 -4012.345679  0.00000157147231213399
   61.728395 -3888.888889  0.00000154660424698412
   61.728395 -3765.432099  0.00000148006610357556
   61.728395 -3641.975309  0.00000140243119062874
   61.728395 -3518.518519  0.00000127061089596957
   61.728395 -3395.061728  0.00000109830136633574
   61.728395 -3271.604938  0.00000090506113890844
   61.728395 -3148.148148  0.00000071760836067729
   61.728395 -3024.691358  0.00000056248973790197
   61.728395 -2901.234568  0.00000045446607833780
   61.728395 -2777.777778  0.00000038061442622494
   61.728395 -2654.320988  0.00000028014679004158
   61.728395 -2530.864198  0.00000001994546302090
   61.728395 -2407.407407  -0.00000021227126497621
   61.728395 -2283.950617  -0.00000034608167514936
   61.728395 -2160.493827  -0.00000047179986373241
   61.728395 -2037.037037  -0.00000063758829409062
   61.728395 -1913.580247  -0.00000085440727786633
   61.728395 -1790.123457  -0.00000111063641741181
   61.728395 -1666.666667  -0.00000138590160431934
   61.728395 -1543.209877  -0.00000166410757404863
   61.728395 -1419.753086  -0.00000194567601665158
   61.728395 -1296.296296  -0.00000225898924359435
   61.728395 -1172.839506  -0.00000264905289653018
   61.728395 -1049.382716  -0.00000320601943617165
   61.728395  -925.925926  -0.00000401667076465663
   61.728395  -802.469136  -0.00000521278345360918
   61.728395  -679.012346  -0.00000695170206460728
   61.728395  -555.555556  -0.00000935308818902243
   61.728395  -432.098765  -0.00001242026180286575
   61.728395  -308.641975  -0.00001594613493664087
   61.728395  -185.185185  -0.00001940373766020336
   61.728395   -61.728395  -0.00002182133638262686
   61.728395    61.728395  -0.00002280831091601932
   61.728395   185.185185  -0.00002210042846575678
   61.728395   308.641975  -0.00001970632758179590
   61.728395   432.098765  -0.00001670332050991141
   61.728395   555.555556  -0.00001382177721732212
   61.728395   679.012346  -0.00001146271722915411
   61.728395   802.469136  -0.00000974654267938063
   61.728395   925.925926  -0.00000859291257623767
   61.728395  1049.382716  -0.00000783175828211665
   61.728395  1172.839506  -0.00000734544020793286
   61.728395  1296.296296  -0.00000709757638136040
   61.728395  1419.753086  -0.00000694777534601868
   61.728395  1543.209877  -0.00000687669707609565
   61.728395  1666.666667  -0.00000683915356946830
   61.728395  1790.123457  -0.00000683959787039102
   61.728395  1913.580247  -0.00000689336245723876
   61.728395  2037.037037  -0.00000699903876116588
   61.728395  2160.493827  -0.00000712199781568047
   61.728395  2283.950617  -0.00000718905203713423
   61.728395  2407.407407  -0.00000709425813612785
   61.728395  2530.864198  -0.00000727066467843865
   61.728395  2654.320988  -0.00000786815763911878
   61.728395  2777.777778  -0.00000773820695991204
   61.728395  2901.234568  -0.00000750373227921379
   61.728395  3024.691358  -0.00000743277398203316
   61.728395  3148.148148  -0.00000757341201525170
   61.728395  3271.604938  -0.00000785880497859168
   61.728395  3395.061728  -0.00000818234949129396
   61.728395  3518.518519  -0.00000844295983450571
   61.728395  3641.975309  -0.00000856046786937757
   61.728395  3765.432099  -0.00000846836608531018
   61.728395  3888.888889  -0.00000831792970258577
   61.728395  4012.345679  -0.00000804217833024106
   61.728395  4135.802469  -0.00000790496065281644
   61.728395  4259.259259  -0.00000798475672446830
   61.728395  4382.716049  -0.00000827956445949494
   61.728395  4506.172840  -0.00000871935522181993
   61.728395  4629.629630  -0.00000908609851343325
   61.728395  4753.086420  -0.00000884135576178979
   61.728395  4876.543210  -0.00000686144320616557

  185.185185 -5000.000000  -0.00000034504747216053
  185.185185 -4876.543210  -0.00000349409227530711
  185.185185 -4753.086420  -0.00000460653347782055
  185.185185 -4629.629630  -0.00000485329048677187
  185.185185 -4506.172840  -0.00000482723788846744
  185.185185 -4382.716049  -0.00000478312600362511
  185.185185 -4259.259259  -0.00000481097279727629
  185.185185 -4135.802469  -0.00000494292714339375
  185.185185 -4012.345679  -0.00000519360344424502
  185.185185 -3888.888889  -0.00000553388760447159
  185.185185 -3765.432099  -0.00000579821435989354
  185.185185 -3641.975309  -0.00000605258571169942
  185.185185 -3518.518519  -0.00000619974453206402
  185.185185 -3395.061728  -0.00000628525374406473
  185.185185 -3271.604938  -0.00000635213894106722
  185.185185 -3148.148148  -0.00000644643687727325
  185.185185 -3024.691358  -0.00000661897764931036
  185.185185 -2901.234568  -0.00000690516570376972
  185.185185 -2777.777778  -0.00000728275967069185
  185.185185 -2654.320988  -0.00000760765102300031
  185.185185 -2530.864198  -0.00000752764156188341
  185.185185 -2407.407407  -0.00000781222326850193
  185.185185 -2283.950617  -0.00000817747559473796
  185.185185 -2160.493827  -0.00000838472927104271
  185.185185 -2037.037037  -0.00000861124052224055
  185.185185 -1913.580247  -0.00000893812681756731
  185.185185 -1790.123457  -0.00000937652932983883
  185.185185 -1666.666667  -0.00000989856093642716
  185.185185 -1543.209877  -0.00001047303976204441
  185.185185 -1419.753086  -0.00001110600826333440
  185.185185 -1296.296296  -0.00001188603785527181
  185.185185 -1172.839506  -0.00001290972541830478
  185.185185 -1049.382716  -0.00001445312108052120
  185.185185  -925.925926  -0.00001669208027457606
  185.185185  -802.469136  -0.00001994929234876855
  185.185185  -679.012346  -0.00002462084067429756
  185.185185  -555.555556  -0.00003094482351804468
  185.185185  -432.098765  -0.00003878093077299415
  185.185185  -308.641975  -0.00004740097654628998
  185.185185  -185.185185  -0.00005529038760492987
  185.185185   -61.728395  -0.00005996064767909640
  185.185185    61.728395  -0.00006087952412685827
  185.185185   185.185185  -0.00005781688142156559
  185.185185   308.641975  -0.00005095251631373220
  185.185185   432.098765  -0.00004286370083771676
  185.185185   555.555556  -0.00003524643448831051
  185.185185   679.012346  -0.00002900399409320554
  185.185185   802.469136  -0.00002438921646884440
  185.185185   925.925926  -0.00002120051385964927
  185.185185  1049.382716  -0.00001903162216063222
  185.185185  1172.839506  -0.00001757508192338542
  185.185185  1296.296296  -0.00001670054183571623
  185.185185  1419.753086  -0.00001609085787844508
  185.185185  1543.209877  -0.00001567360426492641
  185.185185  1666.666667  -0.00001534030275682460
  185.185185  1790.123457  -0.00001509399624106418
  185.185185  1913.580247  -0.00001496840181724957
  185.185185  2037.037037  -0.00001496847681604742
  185.185185  2160.493827  -0.00001503239774853174
  185.185185  2283.950617  -0.00001501495218649155
  185.185185  2407.407407  -0.00001469234357370129
  185.185185  2530.864198  -0.00001482574058969020
  185.185185  2654.320988  -0.00001575233273011612
  185.185185  2777.777778  -0.00001540598186081160
  185.185185  2901.234568  -0.00001487184056707336
  185.185185  3024.691358  -0.00001462074925565842
  185.185185  3148.148148  -0.00001474124882748914
  185.185185  3271.604938  -0.00001512041688243270
  185.185185  3395.061728  -0.00001557352745615484
  185.185185  3518.518519  -0.00001592253428904829
  185.185185  3641.975309  -0.00001602337762723532
  185.185185  3765.432099  -0.00001575799890966347
  185.185185  3888.888889  -0.00001541209822579054
  185.185185  4012.345679  -0.00001482053636616770
  185.185185  4135.802469  -0.00001449599148346772
  185.185185  4259.259259  -0.00001455964520082998
  185.185185  4382.716049  -0.00001498612290468402
  185.185185  4506.172840  -0.00001565609999846240
  185.185185  4629.629630  -0.00001621657411720328
  185.185185  4753.086420  -0.00001574880330304218
  185.185185  4876.543210  -0.00001224391014159332

  308.641975 -5000.000000  -0.00000078570649990593
  308.641975 -4876.543210  -0.00000791961186889344
  308.641975 -4753.086420  -0.00001055811534203486
  308.641975 -4629.629630  -0.00001109086664202989
  308.641975 -4506.172840  -0.00001086467339140095
  308.641975 -4382.716049  -0.00001055501238192914
  308.641975 -4259.259259  -0.00001044689645329098
  308.641975 -4135.802469  -0.00001062509698089537
  308.641975 -4012.345679  -0.00001107372197292061
  308.641975 -3888.888889  -0.00001168514977655164
  308.641975 -3765.432099  -0.00001217831839341723
  308.641975 -3641.975309  -0.00001258438841571004
  308.641975 -3518.518519  -0.00001275166204556617
  308.641975 -3395.061728  -0.00001275391278791409
  308.641975 -3271.604938  -0.00001269083818555078
  308.641975 -3148.148148  -0.00001268768793521561
  308.641975 -3024.691358  -0.00001287574133713380
  308.641975 -2901.234568  -0.00001333600751179966
  308.641975 -2777.777778  -0.00001400614838399934
  308.641975 -2654.320988  -0.00001455062443407321
  308.641975 -2530.864198  -0.00001419406321641792
  308.641975 -2407.407407  -0.00001448494217898422
  308.641975 -2283.950617  -0.00001505881970379486
  308.641975 -2160.493827  -0.00001538299631172300
  308.641975 -2037.037037  -0.00001569317386068747
  308.641975 -1913.580247  -0.00001611540076261609
  308.641975 -1790.123457  -0.00001668818860528686
  308.641975 -1666.666667  -0.00001739540150776459
  308.641975 -1543.209877  -0.00001820991820943323
  308.641975 -1419.753086  -0.00001914806689262367
  308.641975 -1296.296296  -0.00002033483273883731
  308.641975 -1172.839506  -0.00002189712503528731
  308.641975 -1049.382716  -0.00002418120937432101
  308.641975  -925.925926  -0.00002740358552791573
  308.641975  -802.469136  -0.00003195492391480179
  308.641975  -679.012346  -0.00003829153184775136
  308.641975  -555.555556  -0.00004663961253514619
  308.641975  -432.098765  -0.00005672966570157165
  308.641975  -308.641975  -0.00006756102982743741
  308.641975  -185.185185  -0.00007719656600762453
  308.641975   -61.728395  -0.00008258748342915887
  308.641975    61.728395  -0.00008338058852495649
  308.641975   185.185185  -0.00007940340690784094
  308.641975   308.641975  -0.00007071045395205844
  308.641975   432.098765  -0.00006041489904016363
  308.641975   555.555556  -0.00005059778499582314
  308.641975   679.012346  -0.00004240075056086665
  308.641975   802.469136  -0.00003618442037030493
  308.641975   925.925926  -0.00003175246242531143
  308.641975  1049.382716  -0.00002864131306417139
  308.641975  1172.839506  -0.00002647556943119495
  308.641975  1296.296296  -0.00002507861388010882
  308.641975  1419.753086  -0.00002407256702365954
  308.641975  1543.209877  -0.00002335372937931173
  308.641975  1666.666667  -0.00002278224863539833
  308.641975  1790.123457  -0.00002235193911480012
  308.641975  1913.580247  -0.00002209285010155572
  308.641975  2037.037037  -0.00002199921217646278
  308.641975  2160.493827  -0.00002198276156167047
  308.641975  2283.950617  -0.00002185144247426305
  308.641975  2407.407407  -0.00002131348748883482
  308.641975  2530.864198  -0.00002142885925757041
  308.641975  2654.320988  -0.00002264339823217621
  308.641975  2777.777778  -0.00002207581779907318
  308.641975  2901.234568  -0.00002124725200758909
  308.641975  3024.691358  -0.00002082200294090016
  308.641975  3148.148148  -0.00002092680357010633
  308.641975  3271.604938  -0.00002140162534610813
  308.641975  3395.061728  -0.00002198203052928502
  308.641975  3518.518519  -0.00002241306925697528
  308.641975  3641.975309  -0.00002249472134875728
  308.641975  3765.432099  -0.00002207693610690266
  308.641975  3888.888889  -0.00002150153930171224
  308.641975  4012.345679  -0.00002064060022578966
  308.641975  4135.802469  -0.00002011781677172985
  308.641975  4259.259259  -0.00002013411182737282
  308.641975  4382.716049  -0.00002069649775617069
  308.641975  4506.172840  -0.00002163311777637391
  308.641975  4629.629630  -0.00002239446423903696
  308.641975  4753.086420  -0.00002164077380484277
  308.641975  4876.543210  -0.00001661559951974696

  432.098765 -5000.000000  -0.00000099866380497910
  432.098765 -4876.543210  -0.00001178868803397034
  432.098765 -4753.086420  -0.00001595844196235766
  432.098765 -4629.629630  -0.00001681030445423007
  432.098765 -4506.172840  -0.00001637315797661981
  432.098765 -4382.716049  -0.00001577067388237084
  432.098765 -4259.259259  -0.00001551989584016883
  432.098765 -4135.802469  -0.00001576012141173139
  432.098765 -4012.345679  -0.00001641208177615878
  432.098765 -3888.888889  -0.00001726741960144480
  432.098765 -3765.432099  -0.00001800846506314788
  432.098765 -3641.975309  -0.00001855060842929535
  432.098765 -3518.518519  -0.00001873749555723815
  432.098765 -3395.061728  -0.00001865582980635139
  432.098765 -3271.604938  -0.00001845867716354005
  432.098765 -3148.148148  -0.00001835346605609730
  432.098765 -3024.691358  -0.00001855392850573381
  432.098765 -2901.234568  -0.00001918524051402022
  432.098765 -2777.777778  -0.00002014236167924281
  432.098765 -2654.320988  -0.00002090157404467226
  432.098765 -2530.864198  -0.00002028522017824567
  432.098765 -2407.407407  -0.00002054788928825737
  432.098765 -2283.950617  -0.00002131768166470154
  432.098765 -2160.493827  -0.00002177396917662051
  432.098765 -2037.037037  -0.00002217218465865223
  432.098765 -1913.580247  -0.00002266879667678249
  432.098765 -1790.123457  -0.00002333199474495769
  432.098765 -1666.666667  -0.00002416811002068319
  432.098765 -1543.209877  -0.00002516377147960757
  432.098765 -1419.753086  -0.00002634379756909260
  432.098765 -1296.296296  -0.00002784482334076876
  432.098765 -1172.839506  -0.00002980272629143830
  432.098765 -1049.382716  -0.00003254249947334107
  432.098765  -925.925926  -0.00003628268052685852
  432.098765  -802.469136  -0.00004138407058223631
  432.098765  -679.012346  -0.00004823268080834848
  432.098765  -555.555556  -0.00005696469034309609
  432.098765  -432.098765  -0.00006722724314543332
  432.098765  -308.641975  -0.00007797508376902123
  432.098765  -185.185185  -0.00008730303205750859
  432.098765   -61.728395  -0.00009231429676144095
  432.098765    61.728395  -0.00009296684801371784
  432.098765   185.185185  -0.00008914712721585792
  432.098765   308.641975  -0.00008065981418373514
  432.098765   432.098765  -0.00007044315466239777
  432.098765   555.555556  -0.00006050715761927278
  432.098765   679.012346  -0.00005200107442676921
  432.098765   802.469136  -0.00004534452363336316
  432.098765   925.925926  -0.00004042226132316013
  432.098765  1049.382716  -0.00003684259706393880
  432.098765  1172.839506  -0.00003425945544367295
  432.098765  1296.296296  -0.00003248758994086376
  432.098765  1419.753086  -0.00003118104927868445
  432.098765  1543.209877  -0.00003022615534235997
  432.098765  1666.666667  -0.00002947541239295288
  432.098765  1790.123457  -0.00002891676479462558
  432.098765  1913.580247  -0.00002856830947078787
  432.098765  2037.037037  -0.00002840281068623724
  432.098765  2160.493827  -0.00002830201715529197
  432.098765  2283.950617  -0.00002804078147591686
  432.098765  2407.407407  -0.00002730098188984179
  432.098765  2530.864198  -0.00002743804064076214
  432.098765  2654.320988  -0.00002891437400801170
  432.098765  2777.777778  -0.00002813013245029491
  432.098765  2901.234568  -0.00002701319098879809
  432.098765  3024.691358  -0.00002641623744357383
  432.098765  3148.148148  -0.00002650755764680667
  432.098765  3271.604938  -0.00002708226408997598
  432.098765  3395.061728  -0.00002779396800491596
  432.098765  3518.518519  -0.00002830689487877302
  432.098765  3641.975309  -0.00002836844340286043
  432.098765  3765.432099  -0.00002781461417719869
  432.098765  3888.888889  -0.00002698950691291977
  432.098765  4012.345679  -0.00002588746424933674
  432.098765  4135.802469  -0.00002516095525050252
  432.098765  4259.259259  -0.00002511353752169765
  432.098765  4382.716049  -0.00002581866207987223
  432.098765  4506.172840  -0.00002705000358046796
  432.098765  4629.629630  -0.00002802331590062011
  432.098765  4753.086420  -0.00002694981307873932
  432.098765  4876.543210  -0.00002040107561047339

  555.555556 -5000.000000  -0.00000125748052093705
  555.555556 -4876.543210  -0.00001576868968153826
  555.555556 -4753.086420  -0.00002145242803323763
  555.555556 -4629.629630  -0.00002260494908268021
  555.555556 -4506.172840  -0.00002195406540793935
  555.555556 -4382.716049  -0.00002106180366774190
  555.555556 -4259.259259  -0.00002066566374426980
  555.555556 -4135.802469  -0.00002095848201953647
  555.555556 -4012.345679  -0.00002180689878533777
  555.555556 -3888.888889  -0.00002290842978677786
  555.555556 -3765.432099  -0.00002388714189936953
  555.555556 -3641.975309  -0.00002456484743550614
  555.555556 -3518.518519  -0.00002476778417263162
  555.555556 -3395.061728  -0.00002459896991316320
  555.555556 -3271.604938  -0.00002426561571869475
  555.555556 -3148.148148  -0.00002405630925643998
  555.555556 -3024.691358  -0.00002426615698290431
  555.555556 -2901.234568  -0.00002506415110800827
  555.555556 -2777.777778  -0.00002630276133966214
  555.555556 -2654.320988  -0.00002726975140879205
  555.555556 -2530.864198  -0.00002638222037481748
  555.555556 -2407.407407  -0.00002659167864469773
  555.555556 -2283.950617  -0.00002755057944955997
  555.555556 -2160.493827  -0.00002813676667354039
  555.555556 -2037.037037  -0.00002861214459410540
  555.555556 -1913.580247  -0.00002915918934718759
  555.555556 -1790.123457  -0.00002987690433706052
  555.555556 -1666.666667  -0.00003079700641014722
  555.555556 -1543.209877  -0.00003192034279276232
  555.555556 -1419.753086  -0.00003327353879278807
  555.555556 -1296.296296  -0.00003498587626528380
  555.555556 -1172.839506  -0.00003718329820219159
  555.555556 -1049.382716  -0.00004011785041563096
  555.555556  -925.925926  -0.00004398314357588140
  555.555556  -802.469136  -0.00004905634840414660
  555.555556  -679.012346  -0.00005559507568081725
  555.555556  -555.555556  -0.00006362806935322232
  555.555556  -432.098765  -0.00007277592863341137
  555.555556  -308.641975  -0.00008210185908596985
  555.555556  -185.185185  -0.00008999245270586531
  555.555556   -61.728395  -0.00009406849698632622
  555.555556    61.728395  -0.00009459222754245598
  555.555556   185.185185  -0.00009149869764196392
  555.555556   308.641975  -0.00008434532618159816
  555.555556   432.098765  -0.00007553557502656194
  555.555556   555.555556  -0.00006675499813813355
  555.555556   679.012346  -0.00005901217292119431
  555.555556   802.469136  -0.00005273094622425406
  555.555556   925.925926  -0.00004789399499197352
  555.555556  1049.382716  -0.00004423770157018424
  555.555556  1172.839506  -0.00004149834366340535
  555.555556  1296.296296  -0.00003950914220623562
  555.555556  1419.753086  -0.00003800686096914877
  555.555556  1543.209877  -0.00003688675120354523
  555.555556  1666.666667  -0.00003601056719898144
  555.555556  1790.123457  -0.00003536822796365511
  555.555556  1913.580247  -0.00003496659577657376
  555.555556  2037.037037  -0.00003475383993833630
  555.555556  2160.493827  -0.00003457938572052797
  555.555556  2283.950617  -0.00003418944851372805
  555.555556  2407.407407  -0.00003325815317413096
  555.555556  2530.864198  -0.00003344787073278336
  555.555556  2654.320988  -0.00003518837851741420
  555.555556  2777.777778  -0.00003419596793091337
  555.555556  2901.234568  -0.00003279765719033917
  555.555556  3024.691358  -0.00003203299177552899
  555.555556  3148.148148  -0.00003211306024085783
  555.555556  3271.604938  -0.00003278982721930546
  555.555556  3395.061728  -0.00003363578361883279
  555.555556  3518.518519  -0.00003423391401106726
  555.555556  3641.975309  -0.00003427798121229755
  555.555556  3765.432099  -0.00003358982631178556
  555.555556  3888.888889  -0.00003252587829660490
  555.555556  4012.345679  -0.00003118082676245381
  555.555556  4135.802469  -0.00003025849824053144
  555.555556  4259.259259  -0.00003015789429307937
  555.555556  4382.716049  -0.00003100902102324108
  555.555556  4506.172840  -0.00003253222183931235
  555.555556  4629.629630  -0.00003372101347338291
  555.555556  4753.086420  -0.00003234842525436851
  555.555556  4876.543210  -0.00002429684163543443

  679.012346 -5000.000000  -0.00000173755501365313
  679.012346 -4876.543210  -0.00002028735401004646
  679.012346 -4753.086420  -0.00002745226816306461
  679.012346 -4629.629630  -0.00002885303130374279
  679.012346 -4506.172840  -0.00002799027606144986
  679.012346 -4382.716049  -0.00002683035276334478
  679.012346 -4259.259259  -0.00002628821398968118
  679.012346 -4135.802469  -0.00002660736478495819
  679.012346 -4012.345679  -0.00002763687852491707
  679.012346 -3888.888889  -0.00002900547843938420
  679.012346 -3765.432099  -0.00003019268479095986
  679.012346 -3641.975309  -0.00003101429594214085
  679.012346 -3518.518519  -0.00003122840214418871
  679.012346 -3395.061728  -0.00003096744065802305
  679.012346 -3271.604938  -0.00003049633165596984
  679.012346 -3148.148148  -0.00003018224758014079
  679.012346 -3024.691358  -0.00003039883349490114
  679.012346 -2901.234568  -0.00003135838280156607
  679.012346 -2777.777778  -0.00003287196831532556
  679.012346 -2654.320988  -0.00003403752870439781
  679.012346 -2530.864198  -0.00003285591029141096
  679.012346 -2407.407407  -0.00003299742014185045
  679.012346 -2283.950617  -0.00003414072077244555
  679.012346 -2160.493827  -0.00003484211616885235
  679.012346 -2037.037037  -0.00003537364195381692
  679.012346 -1913.580247  -0.00003594642666938087
  679.012346 -1790.123457  -0.00003669065038438336
  679.012346 -1666.666667  -0.00003766073278786422
  679.012346 -1543.209877  -0.00003886575076836768
  679.012346 -1419.753086  -0.00004032508547914724
  679.012346 -1296.296296  -0.00004214929888927128
  679.012346 -1172.839506  -0.00004443971513486630
  679.012346 -1049.382716  -0.00004736107502101841
  679.012346  -925.925926  -0.00005106666150307924
  679.012346  -802.469136  -0.00005573840360605803
  679.012346  -679.012346  -0.00006151053920368441
  679.012346  -555.555556  -0.00006833239004253556
  679.012346  -432.098765  -0.00007584950258003106
  679.012346  -308.641975  -0.00008330315463629772
  679.012346  -185.185185  -0.00008944822785990286
  679.012346   -61.728395  -0.00009248944600745609
  679.012346    61.728395  -0.00009290906148286776
  679.012346   185.185185  -0.00009067655060407642
  679.012346   308.641975  -0.00008517521221896935
  679.012346   432.098765  -0.00007821405098799732
  679.012346   555.555556  -0.00007108718535450482
  679.012346   679.012346  -0.00006460119495351732
  679.012346   802.469136  -0.00005913744095639319
  679.012346   925.925926  -0.00005474935935133877
  679.012346  1049.382716  -0.00005129472715978786
  679.012346  1172.839506  -0.00004860290158864548
  679.012346  1296.296296  -0.00004654219448612844
  679.012346  1419.753086  -0.00004494343753612642
  679.012346  1543.209877  -0.00004372570201379310
  679.012346  1666.666667  -0.00004277090061075811
  679.012346  1790.123457  -0.00004207933684677379
  679.012346  1913.580247  -0.00004165229251731868
  679.012346  2037.037037  -0.00004141622940816836
  679.012346  2160.493827  -0.00004118860527693408
  679.012346  2283.950617  -0.00004068530410156872
  679.012346  2407.407407  -0.00003956968059584058
  679.012346  2530.864198  -0.00003982586543007810
  679.012346  2654.320988  -0.00004185404216719421
  679.012346  2777.777778  -0.00004066313584640426
  679.012346  2901.234568  -0.00003899046805787850
  679.012346  3024.691358  -0.00003806361995317222
  679.012346  3148.148148  -0.00003813527201356897
  679.012346  3271.604938  -0.00003891479591810359
  679.012346  3395.061728  -0.00003989659851126493
  679.012346  3518.518519  -0.00004058521787037803
  679.012346  3641.975309  -0.00004061717147266622
  679.012346  3765.432099  -0.00003978658745270024
  679.012346  3888.888889  -0.00003851455143347323
  679.012346  4012.345679  -0.00003690574335185761
  679.012346  4135.802469  -0.00003580423019461255
  679.012346  4259.259259  -0.00003567823787790641
  679.012346  4382.716049  -0.00003667662542862316
  679.012346  4506.172840  -0.00003846944358401751
  679.012346  4629.629630  -0.00003987257780971950
  679.012346  4753.086420  -0.00003825647573608776
  679.012346  4876.543210  -0.00002873895901291211

  802.469136 -5000.000000  -0.00000240853010651880
  802.469136 -4876.543210  -0.00002529084778793780
  802.469136 -4753.086420  -0.00003391002317031525
  802.469136 -4629.629630  -0.00003551004610142327
  802.469136 -4506.172840  -0.00003443316547083023
  802.469136 -4382.716049  -0.00003302154347490589
  802.469136 -4259.259259  -0.00003233009724709027
  802.469136 -4135.802469  -0.00003265052785342313
  802.469136 -4012.345679  -0.00003384653665333406
  802.469136 -3888.888889  -0.00003550022902569361
  802.469136 -3765.432099  -0.00003686970546012463
  802.469136 -3641.975309  -0.00003784122213681872
  802.469136 -3518.518519  -0.00003806144053824373
  802.469136 -3395.061728  -0.00003770225645023676
  802.469136 -3271.604938  -0.00003708991916310333
  802.469136 -3148.148148  -0.00003666899017586773
  802.469136 -3024.691358  -0.00003688956607374177
  802.469136 -2901.234568  -0.00003800614222259668
  802.469136 -2777.777778  -0.00003978811728043857
  802.469136 -2654.320988  -0.00004114193852588691
  802.469136 -2530.864198  -0.00003964488800365696
  802.469136 -2407.407407  -0.00003971466452354905
  802.469136 -2283.950617  -0.00004103673988066903
  802.469136 -2160.493827  -0.00004183195282071584
  802.469136 -2037.037037  -0.00004239416476397039
  802.469136 -1913.580247  -0.00004296880300569954
  802.469136 -1790.123457  -0.00004371682455498707
  802.469136 -1666.666667  -0.00004470989053415850
  802.469136 -1543.209877  -0.00004595675113880083
  802.469136 -1419.753086  -0.00004746084115837637
  802.469136 -1296.296296  -0.00004930908605743115
  802.469136 -1172.839506  -0.00005156884201715366
  802.469136 -1049.382716  -0.00005432737429351666
  802.469136  -925.925926  -0.00005769247641576514
  802.469136  -802.469136  -0.00006176699747679417
  802.469136  -679.012346  -0.00006660188407984618
  802.469136  -555.555556  -0.00007211342530134674
  802.469136  -432.098765  -0.00007800720137062542
  802.469136  -308.641975  -0.00008370873606652051
  802.469136  -185.185185  -0.00008830085283086884
  802.469136   -61.728395  -0.00009046773459888002
  802.469136    61.728395  -0.00009081058059395223
  802.469136   185.185185  -0.00008932013602874188
  802.469136   308.641975  -0.00008529349694185363
  802.469136   432.098765  -0.00008005532287938080
  802.469136   555.555556  -0.00007455786427873690
  802.469136   679.012346  -0.00006940810390397696
  802.469136   802.469136  -0.00006491531109102699
  802.469136   925.925926  -0.00006115900880281990
  802.469136  1049.382716  -0.00005807735349433910
  802.469136  1172.839506  -0.00005557592778756894
  802.469136  1296.296296  -0.00005356486652780541
  802.469136  1419.753086  -0.00005195563762398863
  802.469136  1543.209877  -0.00005070074856421482
  802.469136  1666.666667  -0.00004970780774372728
  802.469136  1790.123457  -0.00004899459543487674
  802.469136  1913.580247  -0.00004856416506576279
  802.469136  2037.037037  -0.00004832710595640411
  802.469136  2160.493827  -0.00004807096751243693
  802.469136  2283.950617  -0.00004747684487634174
  802.469136  2407.407407  -0.00004618312603619843
  802.469136  2530.864198  -0.00004650483889358893
  802.469136  2654.320988  -0.00004884761925564610
  802.469136  2777.777778  -0.00004746798209596555
  802.469136  2901.234568  -0.00004552710821007113
  802.469136  3024.691358  -0.00004444316996473940
  802.469136  3148.148148  -0.00004450970287997260
  802.469136  3271.604938  -0.00004539383239623876
  802.469136  3395.061728  -0.00004651435582697803
  802.469136  3518.518519  -0.00004729967949637575
  802.469136  3641.975309  -0.00004732561106240237
  802.469136  3765.432099  -0.00004634624078218338
  802.469136  3888.888889  -0.00004489361453084997
  802.469136  4012.345679  -0.00004300322359800435
  802.469136  4135.802469  -0.00004173802082661784
  802.469136  4259.259259  -0.00004161277156288564
  802.469136  4382.716049  -0.00004276225427634403
  802.469136  4506.172840  -0.00004480880676776701
  802.469136  4629.629630  -0.00004642921796484284
  802.469136  4753.086420  -0.00004462096530563027
  802.469136  4876.543210  -0.00003366779770979420

  925.925926 -5000.000000  -0.00000306458374308858
  925.925926 -4876.543210  -0.00003029824006899008
  925.925926 -4753.086420  -0.00004036292289825865
  925.925926 -4629.629630  -0.00004214804256514938
  925.925926 -4506.172840  -0.00004084484913765201
  925.925926 -4382.716049  -0.00003917166034906869
  925.925926 -4259.259259  -0.00003832195621488486
  925.925926 -4135.802469  -0.00003863534033493016
  925.925926 -4012.345679  -0.00003999136788082961
  925.925926 -3888.888889  -0.00004192624026874493
  925.925926 -3765.432099  -0.00004347236651740583
  925.925926 -3641.975309  -0.00004458833094753955
  925.925926 -3518.518519  -0.00004480982061498797
  925.925926 -3395.061728  -0.00004434653604299530
  925.925926 -3271.604938  -0.00004358688696696020
  925.925926 -3148.148148  -0.00004305402419805045
  925.925926 -3024.691358  -0.00004327469062097302
  925.925926 -2901.234568  -0.00004454435925794009
  925.925926 -2777.777778  -0.00004658865839882982
  925.925926 -2654.320988  -0.00004812108379754302
  925.925926 -2530.864198  -0.00004629699793455484
  925.925926 -2407.407407  -0.00004629995030553001
  925.925926 -2283.950617  -0.00004779243170504944
  925.925926 -2160.493827  -0.00004865876010392586
  925.925926 -2037.037037  -0.00004922682577134356
  925.925926 -1913.580247  -0.00004978134001691180
  925.925926 -1790.123457  -0.00005051284135602427
  925.925926 -1666.666667  -0.00005150462553759019
  925.925926 -1543.209877  -0.00005275759943413847
  925.925926 -1419.753086  -0.00005425305879429368
  925.925926 -1296.296296  -0.00005605338985762504
  925.925926 -1172.839506  -0.00005818849387368014
  925.925926 -1049.382716  -0.00006068589632664292
  925.925926  -925.925926  -0.00006361105499034921
  925.925926  -802.469136  -0.00006701336960026966
  925.925926  -679.012346  -0.00007090367196526298
  925.925926  -555.555556  -0.00007520323837137997
  925.925926  -432.098765  -0.00007969157361787045
  925.925926  -308.641975  -0.00008395296668539127
  925.925926  -185.185185  -0.00008732181803641745
  925.925926   -61.728395  -0.00008882673854785585
  925.925926    61.728395  -0.00008911605757537544
  925.925926   185.185185  -0.00008819215800875687
  925.925926   308.641975  -0.00008532618829872559
  925.925926   432.098765  -0.00008149719664279952
  925.925926   555.555556  -0.00007739879637812114
  925.925926   679.012346  -0.00007347060096376944
  925.925926   802.469136  -0.00006994056340798850
  925.925926   925.925926  -0.00006687822014032988
  925.925926  1049.382716  -0.00006425883932871171
  925.925926  1172.839506  -0.00006203847364139205
  925.925926  1296.296296  -0.00006016698578759108
  925.925926  1419.753086  -0.00005861636196927282
  925.925926  1543.209877  -0.00005737613698849239
  925.925926  1666.666667  -0.00005638041520623434
  925.925926  1790.123457  -0.00005566965077166802
  925.925926  1913.580247  -0.00005525543516831716
  925.925926  2037.037037  -0.00005503810470131474
  925.925926  2160.493827  -0.00005477716792574331
  925.925926  2283.950617  -0.00005411455301606049
  925.925926  2407.407407  -0.00005265067507661037
  925.925926  2530.864198  -0.00005303127640381317
  925.925926  2654.320988  -0.00005570179851154090
  925.925926  2777.777778  -0.00005414277143368531
  925.925926  2901.234568  -0.00005193938577805994
  925.925926  3024.691358  -0.00005070216330631957
  925.925926  3148.148148  -0.00005076734386171320
  925.925926  3271.604938  -0.00005176084108986248
  925.925926  3395.061728  -0.00005302576695256799
  925.925926  3518.518519  -0.00005391352503464063
  925.925926  3641.975309  -0.00005393847264376030
  925.925926  3765.432099  -0.00005281580564174228
  925.925926  3888.888889  -0.00005118828750000123
  925.925926  4012.345679  -0.00004902067126476930
  925.925926  4135.802469  -0.00004759848882534425
  925.925926  4259.259259  -0.00004748248119601392
  925.925926  4382.716049  -0.00004879236595752352
  925.925926  4506.172840  -0.00005110309970599190
  925.925926  4629.629630  -0.00005295363550927622
  925.925926  4753.086420  -0.00005096817537078525
  925.925926  4876.543210  -0.00003858991770074130

 1049.382716 -5000.000000  -0.00000349260308716794
 1049.382716 -4876.543210  -0.00003475238634045251
 1049.382716 -4753.086420  -0.00004625138554822120
 1049.382716 -4629.629630  -0.00004824182509473982
 1049.382716 -4506.172840  -0.00004669568360667235
 1049.382716 -4382.716049  -0.00004473061867646521
 1049.382716 -4259.259259  -0.00004371142017247990
 1049.382716 -4135.802469  -0.00004402699213586973
 1049.382716 -4012.345679  -0.00004554286326420137
 1049.382716 -3888.888889  -0.00004772922598182054
 1049.382716 -3765.432099  -0.00004946450409696219
 1049.382716 -3641.975309  -0.00005070799330872772
 1049.382716 -3518.518519  -0.00005092563892139632
 1049.382716 -3395.061728  -0.00005035513307813363
 1049.382716 -3271.604938  -0.00004944345622473135
 1049.382716 -3148.148148  -0.00004879262553146526
 1049.382716 -3024.691358  -0.00004900691162790513
 1049.382716 -2901.234568  -0.00005042280132116784
 1049.382716 -2777.777778  -0.00005272170629761282
 1049.382716 -2654.320988  -0.00005442541780798087
 1049.382716 -2530.864198  -0.00005227430733597525
 1049.382716 -2407.407407  -0.00005221595261354046
 1049.382716 -2283.950617  -0.00005386748336919572
 1049.382716 -2160.493827  -0.00005478465162637789
 1049.382716 -2037.037037  -0.00005533762927505416
 1049.382716 -1913.580247  -0.00005585287496714209
 1049.382716 -1790.123457  -0.00005654878423068087
 1049.382716 -1666.666667  -0.00005751616158231748
 1049.382716 -1543.209877  -0.00005874351463810814
 1049.382716 -1419.753086  -0.00006018717022263456
 1049.382716 -1296.296296  -0.00006188621247643522
 1049.382716 -1172.839506  -0.00006383546969064619
 1049.382716 -1049.382716  -0.00006601641971164678
 1049.382716  -925.925926  -0.00006846178029649469
 1049.382716  -802.469136  -0.00007118887942822626
 1049.382716  -679.012346  -0.00007419377609577623
 1049.382716  -555.555556  -0.00007741799437438000
 1049.382716  -432.098765  -0.00008071025158974018
 1049.382716  -308.641975  -0.00008378318056595788
 1049.382716  -185.185185  -0.00008616504595722861
 1049.382716   -61.728395  -0.00008714645466330209
 1049.382716    61.728395  -0.00008739861120928152
 1049.382716   185.185185  -0.00008692980773135074
 1049.382716   308.641975  -0.00008500133012790431
 1049.382716   432.098765  -0.00008233091014976224
 1049.382716   555.555556  -0.00007941522688864247
 1049.382716   679.012346  -0.00007656109902346755
 1049.382716   802.469136  -0.00007392299674655712
 1049.382716   925.925926  -0.00007154687336970362
 1049.382716  1049.382716  -0.00006942031661013352
 1049.382716  1172.839506  -0.00006752901955635218
 1049.382716  1296.296296  -0.00006585316665856354
 1049.382716  1419.753086  -0.00006441124709056570
 1049.382716  1543.209877  -0.00006322727822891304
 1049.382716  1666.666667  -0.00006225883579859514
 1049.382716  1790.123457  -0.00006157234530301696
 1049.382716  1913.580247  -0.00006119291571617726
 1049.382716  2037.037037  -0.00006101415526062735
 1049.382716  2160.493827  -0.00006076796927120905
 1049.382716  2283.950617  -0.00006005434014457270
 1049.382716  2407.407407  -0.00005843108937447516
 1049.382716  2530.864198  -0.00005886971170934008
 1049.382716  2654.320988  -0.00006186121222764443
 1049.382716  2777.777778  -0.00006013069178619198
 1049.382716  2901.234568  -0.00005767289567751044
 1049.382716  3024.691358  -0.00005628827508662882
 1049.382716  3148.148148  -0.00005635739301714016
 1049.382716  3271.604938  -0.00005746589711512799
 1049.382716  3395.061728  -0.00005888005939095643
 1049.382716  3518.518519  -0.00005987288283892336
 1049.382716  3641.975309  -0.00005990077495477748
 1049.382716  3765.432099  -0.00005865256688087475
 1049.382716  3888.888889  -0.00005683663542767046
 1049.382716  4012.345679  -0.00005442216794613756
 1049.382716  4135.802469  -0.00005284293715318441
 1049.382716  4259.259259  -0.00005272634138531524
 1049.382716  4382.716049  -0.00005420791837661835
 1049.382716  4506.172840  -0.00005681386763718790
 1049.382716  4629.629630  -0.00005891158143197999
 1049.382716  4753.086420  -0.00005672818436010173
 1049.382716  4876.543210  -0.00004293708153453449

 1172.839506 -5000.000000  -0.00000377824206034410
 1172.839506 -4876.543210  -0.00003866722410397853
 1172.839506 -4753.086420  -0.00005150975353141052
 1172.839506 -4629.629630  -0.00005370206591256345
 1172.839506 -4506.172840  -0.00005191702380611670
 1172.839506 -4382.716049  -0.00004965931053736683
 1172.839506 -4259.259259  -0.00004847133890587127
 1172.839506 -4135.802469  -0.00004878987482287001
 1172.839506 -4012.345679  -0.00005045337587848586
 1172.839506 -3888.888889  -0.00005286004483870293
 1172.839506 -3765.432099  -0.00005477659807212323
 1172.839506 -3641.975309  -0.00005613534563276192
 1172.839506 -3518.518519  -0.00005634224409711663
 1172.839506 -3395.061728  -0.00005566869969139689
 1172.839506 -3271.604938  -0.00005461315814998793
 1172.839506 -3148.148148  -0.00005384578133941530
 1172.839506 -3024.691358  -0.00005404305705231335
 1172.839506 -2901.234568  -0.00005558614174933814
 1172.839506 -2777.777778  -0.00005812293624902397
 1172.839506 -2654.320988  -0.00005999389436558341
 1172.839506 -2530.864198  -0.00005752156449465182
 1172.839506 -2407.407407  -0.00005739123393794040
 1172.839506 -2283.950617  -0.00005918920305779927
 1172.839506 -2160.493827  -0.00006014019423715254
 1172.839506 -2037.037037  -0.00006066127980887105
 1172.839506 -1913.580247  -0.00006112195650207970
 1172.839506 -1790.123457  -0.00006176713357824179
 1172.839506 -1666.666667  -0.00006269228188320370
 1172.839506 -1543.209877  -0.00006387074381520023
 1172.839506 -1419.753086  -0.00006523320420882044
 1172.839506 -1296.296296  -0.00006679932213493400
 1172.839506 -1172.839506  -0.00006853666060854067
 1172.839506 -1049.382716  -0.00007039016144864849
 1172.839506  -925.925926  -0.00007237466615555145
 1172.839506  -802.469136  -0.00007449192619391425
 1172.839506  -679.012346  -0.00007673574755204813
 1172.839506  -555.555556  -0.00007907042543121412
 1172.839506  -432.098765  -0.00008140163780888111
 1172.839506  -308.641975  -0.00008353979787594109
 1172.839506  -185.185185  -0.00008515586534787893
 1172.839506   -61.728395  -0.00008572961664989885
 1172.839506    61.728395  -0.00008595566909054961
 1172.839506   185.185185  -0.00008584499267693043
 1172.839506   308.641975  -0.00008464292640251685
 1172.839506   432.098765  -0.00008287964970914777
 1172.839506   555.555556  -0.00008090826918979536
 1172.839506   679.012346  -0.00007893574710976423
 1172.839506   802.469136  -0.00007705722601642380
 1172.839506   925.925926  -0.00007529374943747479
 1172.839506  1049.382716  -0.00007363337866775062
 1172.839506  1172.839506  -0.00007207570564455160
 1172.839506  1296.296296  -0.00007061645715423777
 1172.839506  1419.753086  -0.00006931143377940221
 1172.839506  1543.209877  -0.00006821111736605293
 1172.839506  1666.666667  -0.00006729115397650558
 1172.839506  1790.123457  -0.00006664517428887283
 1172.839506  1913.580247  -0.00006631500578821450
 1172.839506  2037.037037  -0.00006618974336289831
 1172.839506  2160.493827  -0.00006597367830616936
 1172.839506  2283.950617  -0.00006522308572292971
 1172.839506  2407.407407  -0.00006345187034172732
 1172.839506  2530.864198  -0.00006396310886887207
 1172.839506  2654.320988  -0.00006726464398876231
 1172.839506  2777.777778  -0.00006536647832678855
 1172.839506  2901.234568  -0.00006267128981318297
 1172.839506  3024.691358  -0.00006115791470053428
 1172.839506  3148.148148  -0.00006124077544860733
 1172.839506  3271.604938  -0.00006246204197520720
 1172.839506  3395.061728  -0.00006401652627308852
 1172.839506  3518.518519  -0.00006510931039290854
 1172.839506  3641.975309  -0.00006514610779222537
 1172.839506  3765.432099  -0.00006378490563545514
 1172.839506  3888.888889  -0.00006178805404183004
 1172.839506  4012.345679  -0.00005915860016990656
 1172.839506  4135.802469  -0.00005743455992961994
 1172.839506  4259.259259  -0.00005731609288534437
 1172.839506  4382.716049  -0.00005896805788369301
 1172.839506  4506.172840  -0.00006186944240437580
 1172.839506  4629.629630  -0.00006420966563411474
 1172.839506  4753.086420  -0.00006183175526361667
 1172.839506  4876.543210  -0.00004672239800760396

 1296.296296 -5000.000000  -0.00000363105565640774
 1296.296296 -4876.543210  -0.00004193693752696781
 1296.296296 -4753.086420  -0.00005627107504206613
 1296.296296 -4629.629630  -0.00005873309894301473
 1296.296296 -4506.172840  -0.00005664578327316419
 1296.296296 -4382.716049  -0.00005399916755948861
 1296.296296 -4259.259259  -0.00005260343293222947
 1296.296296 -4135.802469  -0.00005295053218259407
 1296.296296 -4012.345679  -0.00005478457375850817
 1296.296296 -3888.888889  -0.00005738095969842333
 1296.296296 -3765.432099  -0.00005953427750317824
 1296.296296 -3641.975309  -0.00006097763439550353
 1296.296296 -3518.518519  -0.00006117427511859046
 1296.296296 -3395.061728  -0.00006037924065079109
 1296.296296 -3271.604938  -0.00005914632161511366
 1296.296296 -3148.148148  -0.00005824023422513431
 1296.296296 -3024.691358  -0.00005842430688481101
 1296.296296 -2901.234568  -0.00006011421532858831
 1296.296296 -2777.777778  -0.00006289776630179251
 1296.296296 -2654.320988  -0.00006492072978131721
 1296.296296 -2530.864198  -0.00006213871973659986
 1296.296296 -2407.407407  -0.00006196671429917947
 1296.296296 -2283.950617  -0.00006389843691690538
 1296.296296 -2160.493827  -0.00006486910203468253
 1296.296296 -2037.037037  -0.00006534509281686732
 1296.296296 -1913.580247  -0.00006574073169966558
 1296.296296 -1790.123457  -0.00006632702758005238
 1296.296296 -1666.666667  -0.00006720159506862047
 1296.296296 -1543.209877  -0.00006831974580635838
 1296.296296 -1419.753086  -0.00006958675184535643
 1296.296296 -1296.296296  -0.00007101128109344218
 1296.296296 -1172.839506  -0.00007253974340990502
 1296.296296 -1049.382716  -0.00007410011468234139
 1296.296296  -925.925926  -0.00007569969923831101
 1296.296296  -802.469136  -0.00007734205712415131
 1296.296296  -679.012346  -0.00007903939975164437
 1296.296296  -555.555556  -0.00008078913307581166
 1296.296296  -432.098765  -0.00008254232561189384
 1296.296296  -308.641975  -0.00008416410129151688
 1296.296296  -185.185185  -0.00008538595715804391
 1296.296296   -61.728395  -0.00008575000590111287
 1296.296296    61.728395  -0.00008595840934045061
 1296.296296   185.185185  -0.00008602276567337394
 1296.296296   308.641975  -0.00008518363759068422
 1296.296296   432.098765  -0.00008391115637816597
 1296.296296   555.555556  -0.00008249867203329289
 1296.296296   679.012346  -0.00008109821393052041
 1296.296296   802.469136  -0.00007975868822866918
 1296.296296   925.925926  -0.00007846681202039937
 1296.296296  1049.382716  -0.00007719078422377599
 1296.296296  1172.839506  -0.00007592669321592506
 1296.296296  1296.296296  -0.00007467754736744303
 1296.296296  1419.753086  -0.00007351377332080844
 1296.296296  1543.209877  -0.00007250693974722558
 1296.296296  1666.666667  -0.00007164638868673956
 1296.296296  1790.123457  -0.00007104947762882782
 1296.296296  1913.580247  -0.00007077476167243509
 1296.296296  2037.037037  -0.00007071022282536102
 1296.296296  2160.493827  -0.00007053654644300066
 1296.296296  2283.950617  -0.00006976544480643896
 1296.296296  2407.407407  -0.00006785302783989806
 1296.296296  2530.864198  -0.00006839681945070797
 1296.296296  2654.320988  -0.00007200671368976782
 1296.296296  2777.777778  -0.00006995313245604068
 1296.296296  2901.234568  -0.00006700844951965379
 1296.296296  3024.691358  -0.00006534588348350169
 1296.296296  3148.148148  -0.00006543887501307929
 1296.296296  3271.604938  -0.00006679463644691095
 1296.296296  3395.061728  -0.00006852187378757549
 1296.296296  3518.518519  -0.00006973268107332791
 1296.296296  3641.975309  -0.00006977860713031631
 1296.296296  3765.432099  -0.00006833413594045671
 1296.296296  3888.888889  -0.00006609780898033961
 1296.296296  4012.345679  -0.00006328485997847838
 1296.296296  4135.802469  -0.00006139111440662630
 1296.296296  4259.259259  -0.00006124291729864420
 1296.296296  4382.716049  -0.00006310506871059308
 1296.296296  4506.172840  -0.00006640160901893332
 1296.296296  4629.629630  -0.00006904945405682894
 1296.296296  4753.086420  -0.00006640488008855689
 1296.296296  4876.543210  -0.00004982285862202246

 1419.753086 -5000.000000  -0.00000369010212881181
 1419.753086 -4876.543210  -0.00004502509192344404
 1419.753086 -4753.086420  -0.00006055306612071156
 1419.753086 -4629.629630  -0.00006320023231657822
 1419.753086 -4506.172840  -0.00006087232621863911
 1419.753086 -4382.716049  -0.00005792610942125000
 1419.753086 -4259.259259  -0.00005635685194407610
 1419.753086 -4135.802469  -0.00005670179953405519
 1419.753086 -4012.345679  -0.00005865962573077598
 1419.753086 -3888.888889  -0.00006142586869527010
 1419.753086 -3765.432099  -0.00006374435280221974
 1419.753086 -3641.975309  -0.00006528017211486553
 1419.753086 -3518.518519  -0.00006545385232730200
 1419.753086 -3395.061728  -0.00006455930351645178
 1419.753086 -3271.604938  -0.00006319161012356853
 1419.753086 -3148.148148  -0.00006216897217704657
 1419.753086 -3024.691358  -0.00006231906570831738
 1419.753086 -2901.234568  -0.00006410614367956949
 1419.753086 -2777.777778  -0.00006709887742329243
 1419.753086 -2654.320988  -0.00006927893859364401
 1419.753086 -2530.864198  -0.00006619032162964139
 1419.753086 -2407.407407  -0.00006592875015839100
 1419.753086 -2283.950617  -0.00006798429612312277
 1419.753086 -2160.493827  -0.00006896608552238878
 1419.753086 -2037.037037  -0.00006939017121269245
 1419.753086 -1913.580247  -0.00006971361696716631
 1419.753086 -1790.123457  -0.00007023185037654225
 1419.753086 -1666.666667  -0.00007104491316891744
 1419.753086 -1543.209877  -0.00007209260894831468
 1419.753086 -1419.753086  -0.00007325854835203813
 1419.753086 -1296.296296  -0.00007454309162682387
 1419.753086 -1172.839506  -0.00007588096005953199
 1419.753086 -1049.382716  -0.00007718420876585413
 1419.753086  -925.925926  -0.00007846346811636994
 1419.753086  -802.469136  -0.00007972877714090963
 1419.753086  -679.012346  -0.00008100736286338603
 1419.753086  -555.555556  -0.00008232083129824119
 1419.753086  -432.098765  -0.00008365225270187466
 1419.753086  -308.641975  -0.00008490314107905353
 1419.753086  -185.185185  -0.00008584032794430473
 1419.753086   -61.728395  -0.00008603273033828808
 1419.753086    61.728395  -0.00008622699103031057
 1419.753086   185.185185  -0.00008643527660404674
 1419.753086   308.641975  -0.00008585491702582849
 1419.753086   432.098765  -0.00008493091646081983
 1419.753086   555.555556  -0.00008392204553200745
 1419.753086   679.012346  -0.00008294398687739931
 1419.753086   802.469136  -0.00008201318549826404
 1419.753086   925.925926  -0.00008109140389841150
 1419.753086  1049.382716  -0.00008013098201451419
 1419.753086  1172.839506  -0.00007912080193746954
 1419.753086  1296.296296  -0.00007805908038472346
 1419.753086  1419.753086  -0.00007703285307976579
 1419.753086  1543.209877  -0.00007612474599650852
 1419.753086  1666.666667  -0.00007533064128073473
 1419.753086  1790.123457  -0.00007479088934753654
 1419.753086  1913.580247  -0.00007458076905525362
 1419.753086  2037.037037  -0.00007458546049918194
 1419.753086  2160.493827  -0.00007445953042505540
 1419.753086  2283.950617  -0.00007367093026229844
 1419.753086  2407.407407  -0.00007162950677705060
 1419.753086  2530.864198  -0.00007226286043166504
 1419.753086  2654.320988  -0.00007616762752299867
 1419.753086  2777.777778  -0.00007395420167864754
 1419.753086  2901.234568  -0.00007079980809367891
 1419.753086  3024.691358  -0.00006903842305120881
 1419.753086  3148.148148  -0.00006916163192364377
 1419.753086  3271.604938  -0.00007062853852646245
 1419.753086  3395.061728  -0.00007248472582453830
 1419.753086  3518.518519  -0.00007379026799100315
 1419.753086  3641.975309  -0.00007385679381865100
 1419.753086  3765.432099  -0.00007232147394250602
 1419.753086  3888.888889  -0.00006991958604254321
 1419.753086  4012.345679  -0.00006694324889796807
 1419.753086  4135.802469  -0.00006492825478036172
 1419.753086  4259.259259  -0.00006478213786675716
 1419.753086  4382.716049  -0.00006681846679484312
 1419.753086  4506.172840  -0.00007041671257250084
 1419.753086  4629.629630  -0.00007330769184167371
 1419.753086  4753.086420  -0.00007048458549656902
 1419.753086  4876.543210  -0.00005273953265619236

 1543.209877 -5000.000000  -0.00000389649731829965
 1543.209877 -4876.543210  -0.00004816810117038999
 1543.209877 -4753.086420  -0.00006473570891363568
 1543.209877 -4629.629630  -0.00006750695467910221
 1543.209877 -4506.172840  -0.00006496173105743962
 1543.209877 -4382.716049  -0.00006175880890727742
 1543.209877 -4259.259259  -0.00006002758393293141
 1543.209877 -4135.802469  -0.00006034495003141831
 1543.209877 -4012.345679  -0.00006239729940877711
 1543.209877 -3888.888889  -0.00006532764946569816
 1543.209877 -3765.432099  -0.00006776789645245917
 1543.209877 -3641.975309  -0.00006939938966555462
 1543.209877 -3518.518519  -0.00006954120549667593
 1543.209877 -3395.061728  -0.00006855400207822637
 1543.209877 -3271.604938  -0.00006706905227693304
 1543.209877 -3148.148148  -0.00006593870454594327
 1543.209877 -3024.691358  -0.00006604373361237426
 1543.209877 -2901.234568  -0.00006790283689214291
 1543.209877 -2777.777778  -0.00007108427663207761
 1543.209877 -2654.320988  -0.00007341966777931090
 1543.209877 -2530.864198  -0.00007001991157795323
 1543.209877 -2407.407407  -0.00006966225602550289
 1543.209877 -2283.950617  -0.00007183686219864219
 1543.209877 -2160.493827  -0.00007282168894859652
 1543.209877 -2037.037037  -0.00007318973404748254
 1543.209877 -1913.580247  -0.00007343870501857734
 1543.209877 -1790.123457  -0.00007388510115179639
 1543.209877 -1666.666667  -0.00007463130457606250
 1543.209877 -1543.209877  -0.00007560568038856390
 1543.209877 -1419.753086  -0.00007667568584090221
 1543.209877 -1296.296296  -0.00007783398858213057
 1543.209877 -1172.839506  -0.00007901076683463226
 1543.209877 -1049.382716  -0.00008010678455173054
 1543.209877  -925.925926  -0.00008114254627189473
 1543.209877  -802.469136  -0.00008213880883085276
 1543.209877  -679.012346  -0.00008313764947481289
 1543.209877  -555.555556  -0.00008418040812797793
 1543.209877  -432.098765  -0.00008527200868631705
 1543.209877  -308.641975  -0.00008633165933759609
 1543.209877  -185.185185  -0.00008712993190766615
 1543.209877   -61.728395  -0.00008721222023300969
 1543.209877    61.728395  -0.00008739450551861752
 1543.209877   185.185185  -0.00008768963079608520
 1543.209877   308.641975  -0.00008722630814372997
 1543.209877   432.098765  -0.00008647401895509353
 1543.209877   555.555556  -0.00008568825655674423
 1543.209877   679.012346  -0.00008496706565801950
 1543.209877   802.469136  -0.00008430479359913337
 1543.209877   925.925926  -0.00008364305339764846
 1543.209877  1049.382716  -0.00008291889859331301
 1543.209877  1172.839506  -0.00008211020989126264
 1543.209877  1296.296296  -0.00008120356972456051
 1543.209877  1419.753086  -0.00008029933731119064
 1543.209877  1543.209877  -0.00007948426177140753
 1543.209877  1666.666667  -0.00007875735740585000
 1543.209877  1790.123457  -0.00007827814778004631
 1543.209877  1913.580247  -0.00007813603637546011
 1543.209877  2037.037037  -0.00007821271852619001
 1543.209877  2160.493827  -0.00007813763464132251
 1543.209877  2283.950617  -0.00007733646471293837
 1543.209877  2407.407407  -0.00007517266410977282
 1543.209877  2530.864198  -0.00007590212623457700
 1543.209877  2654.320988  -0.00008010501198257454
 1543.209877  2777.777778  -0.00007773302953275623
 1543.209877  2901.234568  -0.00007438985183475486
 1543.209877  3024.691358  -0.00007255541509338517
 1543.209877  3148.148148  -0.00007271999929930476
 1543.209877  3271.604938  -0.00007428853823533605
 1543.209877  3395.061728  -0.00007625515895845158
 1543.209877  3518.518519  -0.00007764795075742096
 1543.209877  3641.975309  -0.00007774396358612065
 1543.209877  3765.432099  -0.00007611424854028220
 1543.209877  3888.888889  -0.00007359163365046633
 1543.209877  4012.345679  -0.00007045776803149137
 1543.209877  4135.802469  -0.00006835171520536884
 1543.209877  4259.259259  -0.00006823383048535543
 1543.209877  4382.716049  -0.00007043208538299090
 1543.209877  4506.172840  -0.00007428724878611067
 1543.209877  4629.629630  -0.00007739692490783163
 1543.209877  4753.086420  -0.00007445844800651224
 1543.209877  4876.543210  -0.00005571063387668583

 1666.666667 -5000.000000  -0.00000340703683220223
 1666.666667 -4876.543210  -0.00005065648271245276
 1666.666667 -4753.086420  -0.00006865827986440504
 1666.666667 -4629.629630  -0.00007168879384359461
 1666.666667 -4506.172840  -0.00006879469727084369
 1666.666667 -4382.716049  -0.00006514473138410978
 1666.666667 -4259.259259  -0.00006317259034498641
 1666.666667 -4135.802469  -0.00006351092829984897
 1666.666667 -4012.345679  -0.00006571648919564672
 1666.666667 -3888.888889  -0.00006878635935034064
 1666.666667 -3765.432099  -0.00007146534277798668
 1666.666667 -3641.975309  -0.00007314656125673645
 1666.666667 -3518.518519  -0.00007326405141276910
 1666.666667 -3395.061728  -0.00007214234250067303
 1666.666667 -3271.604938  -0.00007046453779602620
 1666.666667 -3148.148148  -0.00006918096082009251
 1666.666667 -3024.691358  -0.00006926040312875199
 1666.666667 -2901.234568  -0.00007125235166499252
 1666.666667 -2777.777778  -0.00007466019567496399
 1666.666667 -2654.320988  -0.00007712541318759407
 1666.666667 -2530.864198  -0.00007342273705776601
 1666.666667 -2407.407407  -0.00007299205426859084
 1666.666667 -2283.950617  -0.00007527401831381110
 1666.666667 -2160.493827  -0.00007626547359691799
 1666.666667 -2037.037037  -0.00007657678417469278
 1666.666667 -1913.580247  -0.00007674676222339609
 1666.666667 -1790.123457  -0.00007711858441856717
 1666.666667 -1666.666667  -0.00007779955427340710
 1666.666667 -1543.209877  -0.00007870471043574493
 1666.666667 -1419.753086  -0.00007968428094358765
 1666.666667 -1296.296296  -0.00008073498343925327
 1666.666667 -1172.839506  -0.00008177971798984318
 1666.666667 -1049.382716  -0.00008271815234989407
 1666.666667  -925.925926  -0.00008357602002666601
 1666.666667  -802.469136  -0.00008438384867707951
 1666.666667  -679.012346  -0.00008520063493375890
 1666.666667  -555.555556  -0.00008608429492957490
 1666.666667  -432.098765  -0.00008705021890752895
 1666.666667  -308.641975  -0.00008801792991597987
 1666.666667  -185.185185  -0.00008874584658921273
 1666.666667   -61.728395  -0.00008875415001334946
 1666.666667    61.728395  -0.00008892514676629117
 1666.666667   185.185185  -0.00008927278672508300
 1666.666667   308.641975  -0.00008886041156805192
 1666.666667   432.098765  -0.00008818294546674173
 1666.666667   555.555556  -0.00008750789252036197
 1666.666667   679.012346  -0.00008693274156294209
 1666.666667   802.469136  -0.00008644117592635352
 1666.666667   925.925926  -0.00008595808815919984
 1666.666667  1049.382716  -0.00008540339970157565
 1666.666667  1172.839506  -0.00008474468551569278
 1666.666667  1296.296296  -0.00008396379318062431
 1666.666667  1419.753086  -0.00008316036844365381
 1666.666667  1543.209877  -0.00008242834724167201
 1666.666667  1666.666667  -0.00008176582923826874
 1666.666667  1790.123457  -0.00008134730403334801
 1666.666667  1913.580247  -0.00008127352694806295
 1666.666667  2037.037037  -0.00008142204155036485
 1666.666667  2160.493827  -0.00008139834892116778
 1666.666667  2283.950617  -0.00008058772366112716
 1666.666667  2407.407407  -0.00007830767663803383
 1666.666667  2530.864198  -0.00007910393810153077
 1666.666667  2654.320988  -0.00008360146661364741
 1666.666667  2777.777778  -0.00008109560018920862
 1666.666667  2901.234568  -0.00007752290431826012
 1666.666667  3024.691358  -0.00007555205168366077
 1666.666667  3148.148148  -0.00007573788193695661
 1666.666667  3271.604938  -0.00007745477584469652
 1666.666667  3395.061728  -0.00007960934380518966
 1666.666667  3518.518519  -0.00008113242873570505
 1666.666667  3641.975309  -0.00008125042333011332
 1666.666667  3765.432099  -0.00007957290944731400
 1666.666667  3888.888889  -0.00007680756593947634
 1666.666667  4012.345679  -0.00007354122023218898
 1666.666667  4135.802469  -0.00007128253761188762
 1666.666667  4259.259259  -0.00007114192809359564
 1666.666667  4382.716049  -0.00007358382415846926
 1666.666667  4506.172840  -0.00007789345664327820
 1666.666667  4629.629630  -0.00008135812878182319
 1666.666667  4753.086420  -0.00007816298839828846
 1666.666667  4876.543210  -0.00005800129825253091

 1790.123457 -5000.000000  -0.00000307577668100672
 1790.123457 -4876.543210  -0.00005357112902807100
 1790.123457 -4753.086420  -0.00007297868881560441
 1790.123457 -4629.629630  -0.00007621807967152878
 1790.123457 -4506.172840  -0.00007296710144804160
 1790.123457 -4382.716049  -0.00006887948504732094
 1790.123457 -4259.259259  -0.00006665945165089100
 1790.123457 -4135.802469  -0.00006699307635264292
 1790.123457 -4012.345679  -0.00006933645619551175
 1790.123457 -3888.888889  -0.00007256068261180819
 1790.123457 -3765.432099  -0.00007545361826720598
 1790.123457 -3641.975309  -0.00007718807202847427
 1790.123457 -3518.518519  -0.00007727609487182587
 1790.123457 -3395.061728  -0.00007601319200152544
 1790.123457 -3271.604938  -0.00007413804657952042
 1790.123457 -3148.148148  -0.00007269907154650550
 1790.123457 -3024.691358  -0.00007275161898294787
 1790.123457 -2901.234568  -0.00007487423699639977
 1790.123457 -2777.777778  -0.00007850397413509930
 1790.123457 -2654.320988  -0.00008109073132785798
 1790.123457 -2530.864198  -0.00007707066135023719
 1790.123457 -2407.407407  -0.00007654839275771803
 1790.123457 -2283.950617  -0.00007893547587127921
 1790.123457 -2160.493827  -0.00007993393911925141
 1790.123457 -2037.037037  -0.00008018832675508477
 1790.123457 -1913.580247  -0.00008027829009611124
 1790.123457 -1790.123457  -0.00008057487219259991
 1790.123457 -1666.666667  -0.00008119196480991347
 1790.123457 -1543.209877  -0.00008203293772376348
 1790.123457 -1419.753086  -0.00008293244032856652
 1790.123457 -1296.296296  -0.00008389337555889990
 1790.123457 -1172.839506  -0.00008483186739834109
 1790.123457 -1049.382716  -0.00008564712376229925
 1790.123457  -925.925926  -0.00008636906547080940
 1790.123457  -802.469136  -0.00008703628156672698
 1790.123457  -679.012346  -0.00008772199999524818
 1790.123457  -555.555556  -0.00008849702473332698
 1790.123457  -432.098765  -0.00008938283037916314
 1790.123457  -308.641975  -0.00009029481420176386
 1790.123457  -185.185185  -0.00009097570565057588
 1790.123457   -61.728395  -0.00009091913332519041
 1790.123457    61.728395  -0.00009107961057439776
 1790.123457   185.185185  -0.00009147206437029624
 1790.123457   308.641975  -0.00009108953424253246
 1790.123457   432.098765  -0.00009045299155668827
 1790.123457   555.555556  -0.00008984494950369117
 1790.123457   679.012346  -0.00008936650672946079
 1790.123457   802.469136  -0.00008899505445082487
 1790.123457   925.925926  -0.00008864264705770509
 1790.123457  1049.382716  -0.00008821503620157176
 1790.123457  1172.839506  -0.00008767136837016824
 1790.123457  1296.296296  -0.00008698994702145289
 1790.123457  1419.753086  -0.00008626904771968561
 1790.123457  1543.209877  -0.00008560919245158027
 1790.123457  1666.666667  -0.00008500581912509141
 1790.123457  1790.123457  -0.00008464633795686696
 1790.123457  1913.580247  -0.00008464087909866634
 1790.123457  2037.037037  -0.00008486135665943346
 1790.123457  2160.493827  -0.00008488884912302607
 1790.123457  2283.950617  -0.00008406929616160033
 1790.123457  2407.407407  -0.00008167751184465115
 1790.123457  2530.864198  -0.00008255860186758088
 1790.123457  2654.320988  -0.00008736514635807507
 1790.123457  2777.777778  -0.00008473429614070106
 1790.123457  2901.234568  -0.00008093702236070792
 1790.123457  3024.691358  -0.00007883210240704416
 1790.123457  3148.148148  -0.00007904064142923122
 1790.123457  3271.604938  -0.00008090840158475127
 1790.123457  3395.061728  -0.00008325593901694925
 1790.123457  3518.518519  -0.00008491654856344936
 1790.123457  3641.975309  -0.00008506201619508579
 1790.123457  3765.432099  -0.00008333339550238403
 1790.123457  3888.888889  -0.00008035134697204275
 1790.123457  4012.345679  -0.00007693728940252281
 1790.123457  4135.802469  -0.00007454223985559770
 1790.123457  4259.259259  -0.00007440588872746006
 1790.123457  4382.716049  -0.00007709891714751984
 1790.123457  4506.172840  -0.00008185345312573416
 1790.123457  4629.629630  -0.00008568166644846797
 1790.123457  4753.086420  -0.00008228250232288626
 1790.123457  4876.543210  -0.00006073655376987773

 1913.580247 -5000.000000  -0.00000356788753667140
 1913.580247 -4876.543210  -0.00005769092991696101
 1913.580247 -4753.086420  -0.00007812444102799013
 1913.580247 -4629.629630  -0.00008137630826476760
 1913.580247 -4506.172840  -0.00007786277956018909
 1913.580247 -4382.716049  -0.00007350897502751264
 1913.580247 -4259.259259  -0.00007109384786433121
 1913.580247 -4135.802469  -0.00007133959451803523
 1913.580247 -4012.345679  -0.00007374551411276541
 1913.580247 -3888.888889  -0.00007716631713785619
 1913.580247 -3765.432099  -0.00008013488339776910
 1913.580247 -3641.975309  -0.00008196491126135669
 1913.580247 -3518.518519  -0.00008200796757303619
 1913.580247 -3395.061728  -0.00008062725864984835
 1913.580247 -3271.604938  -0.00007860994581230665
 1913.580247 -3148.148148  -0.00007704943498986306
 1913.580247 -3024.691358  -0.00007705607138992017
 1913.580247 -2901.234568  -0.00007925426984624393
 1913.580247 -2777.777778  -0.00008306608084677657
 1913.580247 -2654.320988  -0.00008578119224085079
 1913.580247 -2530.864198  -0.00008141336662580395
 1913.580247 -2407.407407  -0.00008075395357916031
 1913.580247 -2283.950617  -0.00008325208952413948
 1913.580247 -2160.493827  -0.00008425367364083561
 1913.580247 -2037.037037  -0.00008445040974498534
 1913.580247 -1913.580247  -0.00008446214365235910
 1913.580247 -1790.123457  -0.00008468466764766421
 1913.580247 -1666.666667  -0.00008523876481258609
 1913.580247 -1543.209877  -0.00008602049321296811
 1913.580247 -1419.753086  -0.00008685270994512885
 1913.580247 -1296.296296  -0.00008773783504131824
 1913.580247 -1172.839506  -0.00008858864709206204
 1913.580247 -1049.382716  -0.00008929703613620905
 1913.580247  -925.925926  -0.00008989984797795173
 1913.580247  -802.469136  -0.00009044249081666178
 1913.580247  -679.012346  -0.00009100697722398174
 1913.580247  -555.555556  -0.00009167397495067292
 1913.580247  -432.098765  -0.00009247314129633953
 1913.580247  -308.641975  -0.00009332174104203029
 1913.580247  -185.185185  -0.00009395154794571728
 1913.580247   -61.728395  -0.00009382402980065076
 1913.580247    61.728395  -0.00009397544402710151
 1913.580247   185.185185  -0.00009442086329605047
 1913.580247   308.641975  -0.00009407447971610528
 1913.580247   432.098765  -0.00009348844178883862
 1913.580247   555.555556  -0.00009295533800849640
 1913.580247   679.012346  -0.00009257384472140641
 1913.580247   802.469136  -0.00009231302174391505
 1913.580247   925.925926  -0.00009207525573885005
 1913.580247  1049.382716  -0.00009175785135051146
 1913.580247  1172.839506  -0.00009131327009818875
 1913.580247  1296.296296  -0.00009071195010585837
 1913.580247  1419.753086  -0.00009006078207889190
 1913.580247  1543.209877  -0.00008946308922136061
 1913.580247  1666.666667  -0.00008891234096045345
 1913.580247  1790.123457  -0.00008860892460144122
 1913.580247  1913.580247  -0.00008867143486639035
 1913.580247  2037.037037  -0.00008896452378319847
 1913.580247  2160.493827  -0.00008904331092495082
 1913.580247  2283.950617  -0.00008821435399959885
 1913.580247  2407.407407  -0.00008571317978995960
 1913.580247  2530.864198  -0.00008672848632788627
 1913.580247  2654.320988  -0.00009187068709475826
 1913.580247  2777.777778  -0.00008910962974675545
 1913.580247  2901.234568  -0.00008513071872771590
 1913.580247  3024.691358  -0.00008294919594443735
 1913.580247  3148.148148  -0.00008320024427866448
 1913.580247  3271.604938  -0.00008518450902162295
 1913.580247  3395.061728  -0.00008766903723109951
 1913.580247  3518.518519  -0.00008944363501106891
 1913.580247  3641.975309  -0.00008963264271386670
 1913.580247  3765.432099  -0.00008781031563911042
 1913.580247  3888.888889  -0.00008475604210190725
 1913.580247  4012.345679  -0.00008115104702566526
 1913.580247  4135.802469  -0.00007869868223144168
 1913.580247  4259.259259  -0.00007865380598891276
 1913.580247  4382.716049  -0.00008154368704852036
 1913.580247  4506.172840  -0.00008656540676873772
 1913.580247  4629.629630  -0.00009065975933845414
 1913.580247  4753.086420  -0.00008726165009447808
 1913.580247  4876.543210  -0.00006472699193416006

 2037.037037 -5000.000000  -0.00000449606223802830
 2037.037037 -4876.543210  -0.00006245610541334559
 2037.037037 -4753.086420  -0.00008370484385301060
 2037.037037 -4629.629630  -0.00008685655646464103
 2037.037037 -4506.172840  -0.00008312620368170650
 2037.037037 -4382.716049  -0.00007859472133408459
 2037.037037 -4259.259259  -0.00007600932032420215
 2037.037037 -4135.802469  -0.00007611879210875446
 2037.037037 -4012.345679  -0.00007854381998600271
 2037.037037 -3888.888889  -0.00008218229618864934
 2037.037037 -3765.432099  -0.00008514964478229176
 2037.037037 -3641.975309  -0.00008709598357284953
 2037.037037 -3518.518519  -0.00008708428347130033
 2037.037037 -3395.061728  -0.00008559666084262404
 2037.037037 -3271.604938  -0.00008346526701369269
 2037.037037 -3148.148148  -0.00008180040412867578
 2037.037037 -3024.691358  -0.00008175044742899890
 2037.037037 -2901.234568  -0.00008399418151126318
 2037.037037 -2777.777778  -0.00008796555056312383
 2037.037037 -2654.320988  -0.00009081082257712949
 2037.037037 -2530.864198  -0.00008607816754252149
 2037.037037 -2407.407407  -0.00008526007530898559
 2037.037037 -2283.950617  -0.00008787346555651454
 2037.037037 -2160.493827  -0.00008887538445895768
 2037.037037 -2037.037037  -0.00008901344854424727
 2037.037037 -1913.580247  -0.00008894824287361573
 2037.037037 -1790.123457  -0.00008909892308950970
 2037.037037 -1666.666667  -0.00008959319801159819
 2037.037037 -1543.209877  -0.00009032169278087358
 2037.037037 -1419.753086  -0.00009109669255184569
 2037.037037 -1296.296296  -0.00009191526673282967
 2037.037037 -1172.839506  -0.00009268737435785212
 2037.037037 -1049.382716  -0.00009329268937723298
 2037.037037  -925.925926  -0.00009377539151361623
 2037.037037  -802.469136  -0.00009418650992393752
 2037.037037  -679.012346  -0.00009461408810631532
 2037.037037  -555.555556  -0.00009514822249517584
 2037.037037  -432.098765  -0.00009583034925357658
 2037.037037  -308.641975  -0.00009658677926272919
 2037.037037  -185.185185  -0.00009714648130872129
 2037.037037   -61.728395  -0.00009694311346643714
 2037.037037    61.728395  -0.00009708741035520771
 2037.037037   185.185185  -0.00009759351409550087
 2037.037037   308.641975  -0.00009730410217656077
 2037.037037   432.098765  -0.00009679827360735825
 2037.037037   555.555556  -0.00009637082548341970
 2037.037037   679.012346  -0.00009611111297986555
 2037.037037   802.469136  -0.00009597646041011175
 2037.037037   925.925926  -0.00009586012335023365
 2037.037037  1049.382716  -0.00009565380182899414
 2037.037037  1172.839506  -0.00009530470458353343
 2037.037037  1296.296296  -0.00009477420491609754
 2037.037037  1419.753086  -0.00009418419489462044
 2037.037037  1543.209877  -0.00009364013659660148
 2037.037037  1666.666667  -0.00009313516600094562
 2037.037037  1790.123457  -0.00009288347570264864
 2037.037037  1913.580247  -0.00009301211028581063
 2037.037037  2037.037037  -0.00009337775180763757
 2037.037037  2160.493827  -0.00009350849539343108
 2037.037037  2283.950617  -0.00009267061494256693
 2037.037037  2407.407407  -0.00009006031894546173
 2037.037037  2530.864198  -0.00009123279719595307
 2037.037037  2654.320988  -0.00009672643427493220
 2037.037037  2777.777778  -0.00009383432209523656
 2037.037037  2901.234568  -0.00008969790115038393
 2037.037037  3024.691358  -0.00008747103539741940
 2037.037037  3148.148148  -0.00008777568051227234
 2037.037037  3271.604938  -0.00008985902104142050
 2037.037037  3395.061728  -0.00009245207644986272
 2037.037037  3518.518519  -0.00009432977606539940
 2037.037037  3641.975309  -0.00009457250291922088
 2037.037037  3765.432099  -0.00009263557972667957
 2037.037037  3888.888889  -0.00008958928376989631
 2037.037037  4012.345679  -0.00008577162228434163
 2037.037037  4135.802469  -0.00008330738219077643
 2037.037037  4259.259259  -0.00008340458909211552
 2037.037037  4382.716049  -0.00008646574063423913
 2037.037037  4506.172840  -0.00009166280767188834
 2037.037037  4629.629630  -0.00009597600323964616
 2037.037037  4753.086420  -0.00009269631932800228
 2037.037037  4876.543210  -0.00006939183146450325

 2160.493827 -5000.000000  -0.00000457947654327341
 2160.493827 -4876.543210  -0.00006598724932492617
 2160.493827 -4753.086420  -0.00008838445805869616
 2160.493827 -4629.629630  -0.00009159594665817524
 2160.493827 -4506.172840  -0.00008753505315882442
 2160.493827 -4382.716049  -0.00008264234063678298
 2160.493827 -4259.259259  -0.00007981931474037760
 2160.493827 -4135.802469  -0.00007985712783432328
 2160.493827 -4012.345679  -0.00008236026975661686
 2160.493827 -3888.888889  -0.00008616524518812249
 2160.493827 -3765.432099  -0.00008925423763484947
 2160.493827 -3641.975309  -0.00009126523810036926
 2160.493827 -3518.518519  -0.00009120681058999951
 2160.493827 -3395.061728  -0.00008958208645976881
 2160.493827 -3271.604938  -0.00008727596302543313
 2160.493827 -3148.148148  -0.00008546879398867681
 2160.493827 -3024.691358  -0.00008537744049797212
 2160.493827 -2901.234568  -0.00008771637471357683
 2160.493827 -2777.777778  -0.00009187883587666807
 2160.493827 -2654.320988  -0.00009483803888261451
 2160.493827 -2530.864198  -0.00008976843535838508
 2160.493827 -2407.407407  -0.00008883218884598532
 2160.493827 -2283.950617  -0.00009155386362658742
 2160.493827 -2160.493827  -0.00009255880933531127
 2160.493827 -2037.037037  -0.00009263783480391088
 2160.493827 -1913.580247  -0.00009249437728042194
 2160.493827 -1790.123457  -0.00009257571224874527
 2160.493827 -1666.666667  -0.00009301729277811238
 2160.493827 -1543.209877  -0.00009370021840243080
 2160.493827 -1419.753086  -0.00009442183352951083
 2160.493827 -1296.296296  -0.00009517945538017330
 2160.493827 -1172.839506  -0.00009587438738954694
 2160.493827 -1049.382716  -0.00009637819512212594
 2160.493827  -925.925926  -0.00009673641773685484
 2160.493827  -802.469136  -0.00009700401604101725
 2160.493827  -679.012346  -0.00009727837087172947
 2160.493827  -555.555556  -0.00009766151130908169
 2160.493827  -432.098765  -0.00009820661817053370
 2160.493827  -308.641975  -0.00009884880278656779
 2160.493827  -185.185185  -0.00009932016105759638
 2160.493827   -61.728395  -0.00009904910279212592
 2160.493827    61.728395  -0.00009918786922029605
 2160.493827   185.185185  -0.00009974926319674482
 2160.493827   308.641975  -0.00009953562423274660
 2160.493827   432.098765  -0.00009913139004341682
 2160.493827   555.555556  -0.00009882841562290497
 2160.493827   679.012346  -0.00009870751714481126
 2160.493827   802.469136  -0.00009871456992768453
 2160.493827   925.925926  -0.00009873116046560200
 2160.493827  1049.382716  -0.00009863979252382946
 2160.493827  1172.839506  -0.00009838364729956330
 2160.493827  1296.296296  -0.00009792281550880552
 2160.493827  1419.753086  -0.00009738660056417390
 2160.493827  1543.209877  -0.00009688887984564817
 2160.493827  1666.666667  -0.00009642305312033576
 2160.493827  1790.123457  -0.00009621745618848215
 2160.493827  1913.580247  -0.00009640810724791665
 2160.493827  2037.037037  -0.00009684438040477149
 2160.493827  2160.493827  -0.00009702760633047384
 2160.493827  2283.950617  -0.00009618260006500923
 2160.493827  2407.407407  -0.00009346211596645895
 2160.493827  2530.864198  -0.00009474604665298165
 2160.493827  2654.320988  -0.00010056797465241183
 2160.493827  2777.777778  -0.00009755972918041535
 2160.493827  2901.234568  -0.00009323102765007991
 2160.493827  3024.691358  -0.00009090654735330018
 2160.493827  3148.148148  -0.00009124865279653684
 2160.493827  3271.604938  -0.00009346952844150964
 2160.493827  3395.061728  -0.00009623271685082619
 2160.493827  3518.518519  -0.00009824406223854516
 2160.493827  3641.975309  -0.00009853205942567461
 2160.493827  3765.432099  -0.00009653247928172914
 2160.493827  3888.888889  -0.00009336545173137438
 2160.493827  4012.345679  -0.00008938703576712407
 2160.493827  4135.802469  -0.00008684827726185190
 2160.493827  4259.259259  -0.00008701921248670129
 2160.493827  4382.716049  -0.00009032060522701682
 2160.493827  4506.172840  -0.00009588283396543432
 2160.493827  4629.629630  -0.00010053192913213052
 2160.493827  4753.086420  -0.00009720276042223083
 2160.493827  4876.543210  -0.00007277937418037764

 2283.950617 -5000.000000  -0.00000282530312954479
 2283.950617 -4876.543210  -0.00006616008339759691
 2283.950617 -4753.086420  -0.00009021779380891649
 2283.950617 -4629.629630  -0.00009383816189147545
 2283.950617 -4506.172840  -0.00008927268022537591
 2283.950617 -4382.716049  -0.00008369319188502634
 2283.950617 -4259.259259  -0.00008053150550307660
 2283.950617 -4135.802469  -0.00008065003995610525
 2283.950617 -4012.345679  -0.00008334349867205830
 2283.950617 -3888.888889  -0.00008717157355943975
 2283.950617 -3765.432099  -0.00009062267855825452
 2283.950617 -3641.975309  -0.00009259261567108082
 2283.950617 -3518.518519  -0.00009250375929377346
 2283.950617 -3395.061728  -0.00009070754169758053
 2283.950617 -3271.604938  -0.00008814114493959190
 2283.950617 -3148.148148  -0.00008613400931344852
 2283.950617 -3024.691358  -0.00008601991784634956
 2283.950617 -2901.234568  -0.00008852363140246824
 2283.950617 -2777.777778  -0.00009292207439277578
 2283.950617 -2654.320988  -0.00009598007109127402
 2283.950617 -2530.864198  -0.00009066063255763720
 2283.950617 -2407.407407  -0.00008968446680396047
 2283.950617 -2283.950617  -0.00009249639187207731
 2283.950617 -2160.493827  -0.00009350850838200769
 2283.950617 -2037.037037  -0.00009352982939356745
 2283.950617 -1913.580247  -0.00009330710361414367
 2283.950617 -1790.123457  -0.00009332185689264171
 2283.950617 -1666.666667  -0.00009371831217479632
 2283.950617 -1543.209877  -0.00009436218791984446
 2283.950617 -1419.753086  -0.00009503037497856148
 2283.950617 -1296.296296  -0.00009573149193266063
 2283.950617 -1172.839506  -0.00009635280949598080
 2283.950617 -1049.382716  -0.00009676573827134889
 2283.950617  -925.925926  -0.00009701115489512052
 2283.950617  -802.469136  -0.00009714666517576209
 2283.950617  -679.012346  -0.00009728409902379130
 2283.950617  -555.555556  -0.00009753933229545685
 2283.950617  -432.098765  -0.00009797266392556393
 2283.950617  -308.641975  -0.00009851974834944652
 2283.950617  -185.185185  -0.00009891308321408550
 2283.950617   -61.728395  -0.00009859405237837391
 2283.950617    61.728395  -0.00009872717241944463
 2283.950617   185.185185  -0.00009932539103128739
 2283.950617   308.641975  -0.00009917571844530824
 2283.950617   432.098765  -0.00009885138125139855
 2283.950617   555.555556  -0.00009864516443910234
 2283.950617   679.012346  -0.00009863817724764672
 2283.950617   802.469136  -0.00009876950089735653
 2283.950617   925.925926  -0.00009890671820245239
 2283.950617  1049.382716  -0.00009891732506523275
 2283.950617  1172.839506  -0.00009874102385163941
 2283.950617  1296.296296  -0.00009834526238369468
 2283.950617  1419.753086  -0.00009785404295257313
 2283.950617  1543.209877  -0.00009739588300498704
 2283.950617  1666.666667  -0.00009696270350359294
 2283.950617  1790.123457  -0.00009679697571137288
 2283.950617  1913.580247  -0.00009704446694008926
 2283.950617  2037.037037  -0.00009754802757830265
 2283.950617  2160.493827  -0.00009778241939895352
 2283.950617  2283.950617  -0.00009693018514650759
 2283.950617  2407.407407  -0.00009409855940366477
 2283.950617  2530.864198  -0.00009541021848832044
 2283.950617  2654.320988  -0.00010147797110879251
 2283.950617  2777.777778  -0.00009836461539757855
 2283.950617  2901.234568  -0.00009379247817163396
 2283.950617  3024.691358  -0.00009129596469044324
 2283.950617  3148.148148  -0.00009165453605280169
 2283.950617  3271.604938  -0.00009407008112898203
 2283.950617  3395.061728  -0.00009708868302828506
 2283.950617  3518.518519  -0.00009926678010197525
 2283.950617  3641.975309  -0.00009958172148160126
 2283.950617  3765.432099  -0.00009762521805138184
 2283.950617  3888.888889  -0.00009408456771533826
 2283.950617  4012.345679  -0.00009009119676217863
 2283.950617  4135.802469  -0.00008735793617361954
 2283.950617  4259.259259  -0.00008744103505810737
 2283.950617  4382.716049  -0.00009108480624687620
 2283.950617  4506.172840  -0.00009734781473208014
 2283.950617  4629.629630  -0.00010251060894699990
 2283.950617  4753.086420  -0.00009876499488832285
 2283.950617  4876.543210  -0.00007268485308049802

 2407.407407 -5000.000000  -0.00000073277883958812
 2407.407407 -4876.543210  -0.00006273592210590186
 2407.407407 -4753.086420  -0.00008744525129600613
 2407.407407 -4629.629630  -0.00009142601129026040
 2407.407407 -4506.172840  -0.00008660047006583480
 2407.407407 -4382.716049  -0.00008057918576500874
 2407.407407 -4259.259259  -0.00007722440125582566
 2407.407407 -4135.802469  -0.00007744556618509673
 2407.407407 -4012.345679  -0.00008022698652375371
 2407.407407 -3888.888889  -0.00008388760160455046
 2407.407407 -3765.432099  -0.00008757288865211370
 2407.407407 -3641.975309  -0.00008948881395841748
 2407.407407 -3518.518519  -0.00008934518702130364
 2407.407407 -3395.061728  -0.00008749268958061607
 2407.407407 -3271.604938  -0.00008484529896623693
 2407.407407 -3148.148148  -0.00008272979257228227
 2407.407407 -3024.691358  -0.00008252124618780249
 2407.407407 -2901.234568  -0.00008501381126942891
 2407.407407 -2777.777778  -0.00008952677115596750
 2407.407407 -2654.320988  -0.00009274587622493773
 2407.407407 -2530.864198  -0.00008729995799105904
 2407.407407 -2407.407407  -0.00008626368646335947
 2407.407407 -2283.950617  -0.00008915549537815939
 2407.407407 -2160.493827  -0.00009016053654123797
 2407.407407 -2037.037037  -0.00009012773952842384
 2407.407407 -1913.580247  -0.00008983673662726626
 2407.407407 -1790.123457  -0.00008978930775585805
 2407.407407 -1666.666667  -0.00009013588451903258
 2407.407407 -1543.209877  -0.00009073711340193669
 2407.407407 -1419.753086  -0.00009136047810097680
 2407.407407 -1296.296296  -0.00009201198099214143
 2407.407407 -1172.839506  -0.00009258494186492518
 2407.407407 -1049.382716  -0.00009293525088139009
 2407.407407  -925.925926  -0.00009311811651237631
 2407.407407  -802.469136  -0.00009319676911618486
 2407.407407  -679.012346  -0.00009328699058060755
 2407.407407  -555.555556  -0.00009351011565590407
 2407.407407  -432.098765  -0.00009393185869707627
 2407.407407  -308.641975  -0.00009448696581543841
 2407.407407  -185.185185  -0.00009488969243948538
 2407.407407   -61.728395  -0.00009453010628505719
 2407.407407    61.728395  -0.00009465407501054456
 2407.407407   185.185185  -0.00009527946356485963
 2407.407407   308.641975  -0.00009510235260596961
 2407.407407   432.098765  -0.00009475081487457816
 2407.407407   555.555556  -0.00009453843310675369
 2407.407407   679.012346  -0.00009454828577466298
 2407.407407   802.469136  -0.00009471359669898498
 2407.407407   925.925926  -0.00009489504853300557
 2407.407407  1049.382716  -0.00009495476011839349
 2407.407407  1172.839506  -0.00009482692771265645
 2407.407407  1296.296296  -0.00009446253427001682
 2407.407407  1419.753086  -0.00009400589768986773
 2407.407407  1543.209877  -0.00009358023497261809
 2407.407407  1666.666667  -0.00009317243978021300
 2407.407407  1790.123457  -0.00009304165520456140
 2407.407407  1913.580247  -0.00009334446486509747
 2407.407407  2037.037037  -0.00009391410292502222
 2407.407407  2160.493827  -0.00009419368302622684
 2407.407407  2283.950617  -0.00009332344614289718
 2407.407407  2407.407407  -0.00009038202735379885
 2407.407407  2530.864198  -0.00009176062883102339
 2407.407407  2654.320988  -0.00009793230057360401
 2407.407407  2777.777778  -0.00009464627435418455
 2407.407407  2901.234568  -0.00008995414252494054
 2407.407407  3024.691358  -0.00008746384312385806
 2407.407407  3148.148148  -0.00008790860757307789
 2407.407407  3271.604938  -0.00009041993192632402
 2407.407407  3395.061728  -0.00009350457166541644
 2407.407407  3518.518519  -0.00009572556004586841
 2407.407407  3641.975309  -0.00009608724999156819
 2407.407407  3765.432099  -0.00009418389246742939
 2407.407407  3888.888889  -0.00009039790451515285
 2407.407407  4012.345679  -0.00008658306413846370
 2407.407407  4135.802469  -0.00008375721818286738
 2407.407407  4259.259259  -0.00008372518890496649
 2407.407407  4382.716049  -0.00008755538583255834
 2407.407407  4506.172840  -0.00009425978938429057
 2407.407407  4629.629630  -0.00009967730624887561
 2407.407407  4753.086420  -0.00009556049652386243
 2407.407407  4876.543210  -0.00006886567261396820

 2530.864198 -5000.000000  -0.00000546736373779713
 2530.864198 -4876.543210  -0.00007108431849578991
 2530.864198 -4753.086420  -0.00009417468443596585
 2530.864198 -4629.629630  -0.00009712547373681647
 2530.864198 -4506.172840  -0.00009273595095902764
 2530.864198 -4382.716049  -0.00008754892365680109
 2530.864198 -4259.259259  -0.00008438644216155410
 2530.864198 -4135.802469  -0.00008408990853798971
 2530.864198 -4012.345679  -0.00008646459471253687
 2530.864198 -3888.888889  -0.00009042856977416109
 2530.864198 -3765.432099  -0.00009336603644754503
 2530.864198 -3641.975309  -0.00009563960078533473
 2530.864198 -3518.518519  -0.00009537515350698600
 2530.864198 -3395.061728  -0.00009363848112806501
 2530.864198 -3271.604938  -0.00009128482842863986
 2530.864198 -3148.148148  -0.00008928052595386035
 2530.864198 -3024.691358  -0.00008883587012582828
 2530.864198 -2901.234568  -0.00009094926468275691
 2530.864198 -2777.777778  -0.00009536262344542018
 2530.864198 -2654.320988  -0.00009892803441088998
 2530.864198 -2530.864198  -0.00009338568517356337
 2530.864198 -2407.407407  -0.00009176140565416780
 2530.864198 -2283.950617  -0.00009483394371101656
 2530.864198 -2160.493827  -0.00009593638199048003
 2530.864198 -2037.037037  -0.00009584556827184365
 2530.864198 -1913.580247  -0.00009542709322127676
 2530.864198 -1790.123457  -0.00009528281119211589
 2530.864198 -1666.666667  -0.00009559928214407426
 2530.864198 -1543.209877  -0.00009619713468137963
 2530.864198 -1419.753086  -0.00009678135020983796
 2530.864198 -1296.296296  -0.00009739246821282542
 2530.864198 -1172.839506  -0.00009800091167461268
 2530.864198 -1049.382716  -0.00009830504918718770
 2530.864198  -925.925926  -0.00009847042355328168
 2530.864198  -802.469136  -0.00009856273717632818
 2530.864198  -679.012346  -0.00009867413695979630
 2530.864198  -555.555556  -0.00009892382088755196
 2530.864198  -432.098765  -0.00009940522326360586
 2530.864198  -308.641975  -0.00010007977861124986
 2530.864198  -185.185185  -0.00010061726423158090
 2530.864198   -61.728395  -0.00010018272142141235
 2530.864198    61.728395  -0.00010030152482370935
 2530.864198   185.185185  -0.00010098836809111446
 2530.864198   308.641975  -0.00010066835609219048
 2530.864198   432.098765  -0.00010019184558778869
 2530.864198   555.555556  -0.00009991469424830093
 2530.864198   679.012346  -0.00009989189711443455
 2530.864198   802.469136  -0.00010002850650542727
 2530.864198   925.925926  -0.00010018783537469740
 2530.864198  1049.382716  -0.00010025694411293278
 2530.864198  1172.839506  -0.00010016941079861581
 2530.864198  1296.296296  -0.00009976140618897279
 2530.864198  1419.753086  -0.00009934264239284429
 2530.864198  1543.209877  -0.00009895485160705496
 2530.864198  1666.666667  -0.00009854376150504805
 2530.864198  1790.123457  -0.00009843546453254962
 2530.864198  1913.580247  -0.00009883028420468094
 2530.864198  2037.037037  -0.00009952367381666828
 2530.864198  2160.493827  -0.00009985414756814795
 2530.864198  2283.950617  -0.00009887824410106918
 2530.864198  2407.407407  -0.00009577252245119117
 2530.864198  2530.864198  -0.00009775567900206675
 2530.864198  2654.320988  -0.00010399122330536506
 2530.864198  2777.777778  -0.00010035257073745094
 2530.864198  2901.234568  -0.00009577600744390945
 2530.864198  3024.691358  -0.00009368365621834837
 2530.864198  3148.148148  -0.00009436963288636287
 2530.864198  3271.604938  -0.00009675742635601475
 2530.864198  3395.061728  -0.00009952850233482731
 2530.864198  3518.518519  -0.00010162213071329542
 2530.864198  3641.975309  -0.00010210643661491106
 2530.864198  3765.432099  -0.00009984029868410216
 2530.864198  3888.888889  -0.00009684042264040829
 2530.864198  4012.345679  -0.00009272505171755872
 2530.864198  4135.802469  -0.00009033158997582735
 2530.864198  4259.259259  -0.00009083874918403553
 2530.864198  4382.716049  -0.00009446228103381588
 2530.864198  4506.172840  -0.00010028869990538403
 2530.864198  4629.629630  -0.00010524699618481764
 2530.864198  4753.086420  -0.00010221834013284203
 2530.864198  4876.543210  -0.00007728377630512495

 2654.320988 -5000.000000  -0.00000205996248713846
 2654.320988 -4876.543210  -0.00008158396990615461
 2654.320988 -4753.086420  -0.00011160490345352388
 2654.320988 -4629.629630  -0.00011573024199539028
 2654.320988 -4506.172840  -0.00010946137635775517
 2654.320988 -4382.716049  -0.00010194972267794888
 2654.320988 -4259.259259  -0.00009759362240915729
 2654.320988 -4135.802469  -0.00009747602897799424
 2654.320988 -4012.345679  -0.00010064298109511840
 2654.320988 -3888.888889  -0.00010522286271889582
 2654.320988 -3765.432099  -0.00010938644967210704
 2654.320988 -3641.975309  -0.00011171418889503120
 2654.320988 -3518.518519  -0.00011137169656098522
 2654.320988 -3395.061728  -0.00010892979775934402
 2654.320988 -3271.604938  -0.00010554652824565925
 2654.320988 -3148.148148  -0.00010284018966287274
 2654.320988 -3024.691358  -0.00010248659329528192
 2654.320988 -2901.234568  -0.00010545991852776032
 2654.320988 -2777.777778  -0.00011091718601023773
 2654.320988 -2654.320988  -0.00011472634552743559
 2654.320988 -2530.864198  -0.00010763797857385972
 2654.320988 -2407.407407  -0.00010606404676201717
 2654.320988 -2283.950617  -0.00010944704681971232
 2654.320988 -2160.493827  -0.00011062868899347486
 2654.320988 -2037.037037  -0.00011046016056848175
 2654.320988 -1913.580247  -0.00010992073723541507
 2654.320988 -1790.123457  -0.00010969569993129258
 2654.320988 -1666.666667  -0.00010999324977144338
 2654.320988 -1543.209877  -0.00011060042107262827
 2654.320988 -1419.753086  -0.00011117799246730494
 2654.320988 -1296.296296  -0.00011179439610903849
 2654.320988 -1172.839506  -0.00011236127349766442
 2654.320988 -1049.382716  -0.00011263983904381785
 2654.320988  -925.925926  -0.00011273427939879237
 2654.320988  -802.469136  -0.00011270345097869152
 2654.320988  -679.012346  -0.00011270347575404758
 2654.320988  -555.555556  -0.00011289570718822037
 2654.320988  -432.098765  -0.00011335633261554718
 2654.320988  -308.641975  -0.00011398761205924455
 2654.320988  -185.185185  -0.00011443075348906141
 2654.320988   -61.728395  -0.00011398042451868412
 2654.320988    61.728395  -0.00011410043018090711
 2654.320988   185.185185  -0.00011480400324562246
 2654.320988   308.641975  -0.00011457863604082492
 2654.320988   432.098765  -0.00011414574015769529
 2654.320988   555.555556  -0.00011388971263012333
 2654.320988   679.012346  -0.00011392469163856761
 2654.320988   802.469136  -0.00011417324263222077
 2654.320988   925.925926  -0.00011445697486947963
 2654.320988  1049.382716  -0.00011459908837672203
 2654.320988  1172.839506  -0.00011453885132538916
 2654.320988  1296.296296  -0.00011417715671501678
 2654.320988  1419.753086  -0.00011375455546211482
 2654.320988  1543.209877  -0.00011337384884171151
 2654.320988  1666.666667  -0.00011295968977081063
 2654.320988  1790.123457  -0.00011287672249076656
 2654.320988  1913.580247  -0.00011335427787460493
 2654.320988  2037.037037  -0.00011416845292190287
 2654.320988  2160.493827  -0.00011458157444122852
 2654.320988  2283.950617  -0.00011353904692013939
 2654.320988  2407.407407  -0.00011012358458274028
 2654.320988  2530.864198  -0.00011204310075870152
 2654.320988  2654.320988  -0.00011988272856268531
 2654.320988  2777.777778  -0.00011600318755270649
 2654.320988  2901.234568  -0.00011035810067314489
 2654.320988  3024.691358  -0.00010738490154709131
 2654.320988  3148.148148  -0.00010798241798789958
 2654.320988  3271.604938  -0.00011110027884808568
 2654.320988  3395.061728  -0.00011494014420557501
 2654.320988  3518.518519  -0.00011776875888729830
 2654.320988  3641.975309  -0.00011834282933013541
 2654.320988  3765.432099  -0.00011603523085632534
 2654.320988  3888.888889  -0.00011177842072768883
 2654.320988  4012.345679  -0.00010704599276420144
 2654.320988  4135.802469  -0.00010384669676706715
 2654.320988  4259.259259  -0.00010417761006026072
 2654.320988  4382.716049  -0.00010904464211385924
 2654.320988  4506.172840  -0.00011728626893885831
 2654.320988  4629.629630  -0.00012420049725347132
 2654.320988  4753.086420  -0.00011997505842091329
 2654.320988  4876.543210  -0.00008792083215866875

 2777.777778 -5000.000000  0.00000008054295203467
 2777.777778 -4876.543210  -0.00007748338028612257
 2777.777778 -4753.086420  -0.00010786945241766702
 2777.777778 -4629.629630  -0.00011228261365868663
 2777.777778 -4506.172840  -0.00010578636884246482
 2777.777778 -4382.716049  -0.00009789142475821336
 2777.777778 -4259.259259  -0.00009338025990981545
 2777.777778 -4135.802469  -0.00009336762669457125
 2777.777778 -4012.345679  -0.00009659698600194465
 2777.777778 -3888.888889  -0.00010097287423231216
 2777.777778 -3765.432099  -0.00010532920273571284
 2777.777778 -3641.975309  -0.00010756628444792658
 2777.777778 -3518.518519  -0.00010716490877384062
 2777.777778 -3395.061728  -0.00010467768187814575
 2777.777778 -3271.604938  -0.00010123777702790890
 2777.777778 -3148.148148  -0.00009845727821325647
 2777.777778 -3024.691358  -0.00009803851007712184
 2777.777778 -2901.234568  -0.00010100081773441530
 2777.777778 -2777.777778  -0.00010652279648061822
 2777.777778 -2654.320988  -0.00011039997138979834
 2777.777778 -2530.864198  -0.00010311792680204889
 2777.777778 -2407.407407  -0.00010164055804378442
 2777.777778 -2283.950617  -0.00010516982888825988
 2777.777778 -2160.493827  -0.00010634272891013096
 2777.777778 -2037.037037  -0.00010611552493611482
 2777.777778 -1913.580247  -0.00010551201655459949
 2777.777778 -1790.123457  -0.00010523193264450341
 2777.777778 -1666.666667  -0.00010548738577704883
 2777.777778 -1543.209877  -0.00010606738449045248
 2777.777778 -1419.753086  -0.00010663040343752907
 2777.777778 -1296.296296  -0.00010722501140621216
 2777.777778 -1172.839506  -0.00010776247613711456
 2777.777778 -1049.382716  -0.00010799218876020983
 2777.777778  -925.925926  -0.00010803028784446238
 2777.777778  -802.469136  -0.00010794591878918307
 2777.777778  -679.012346  -0.00010789652920222173
 2777.777778  -555.555556  -0.00010804785764437351
 2777.777778  -432.098765  -0.00010848454234872156
 2777.777778  -308.641975  -0.00010911134991491678
 2777.777778  -185.185185  -0.00010954502397839559
 2777.777778   -61.728395  -0.00010899675385453306
 2777.777778    61.728395  -0.00010910880655899489
 2777.777778   185.185185  -0.00010989512412114072
 2777.777778   308.641975  -0.00010966381214437806
 2777.777778   432.098765  -0.00010921995155932813
 2777.777778   555.555556  -0.00010897267110346161
 2777.777778   679.012346  -0.00010903376883890325
 2777.777778   802.469136  -0.00010931735172518066
 2777.777778   925.925926  -0.00010964049324691522
 2777.777778  1049.382716  -0.00010982490909645622
 2777.777778  1172.839506  -0.00010979965091145807
 2777.777778  1296.296296  -0.00010945343009658320
 2777.777778  1419.753086  -0.00010903910999228130
 2777.777778  1543.209877  -0.00010865977456580535
 2777.777778  1666.666667  -0.00010825943044133685
 2777.777778  1790.123457  -0.00010820561991359157
 2777.777778  1913.580247  -0.00010872614547507308
 2777.777778  2037.037037  -0.00010959291051153421
 2777.777778  2160.493827  -0.00011005287616564730
 2777.777778  2283.950617  -0.00010900613436888195
 2777.777778  2407.407407  -0.00010543109704159165
 2777.777778  2530.864198  -0.00010723573446078356
 2777.777778  2654.320988  -0.00011524740089177643
 2777.777778  2777.777778  -0.00011129252160298963
 2777.777778  2901.234568  -0.00010557887935454870
 2777.777778  3024.691358  -0.00010261057583234239
 2777.777778  3148.148148  -0.00010326284074998581
 2777.777778  3271.604938  -0.00010644070202393783
 2777.777778  3395.061728  -0.00011032151702177589
 2777.777778  3518.518519  -0.00011318136488362756
 2777.777778  3641.975309  -0.00011380529991675770
 2777.777778  3765.432099  -0.00011158819745302832
 2777.777778  3888.888889  -0.00010712801443807297
 2777.777778  4012.345679  -0.00010261007878441685
 2777.777778  4135.802469  -0.00009934326752641469
 2777.777778  4259.259259  -0.00009955542698044958
 2777.777778  4382.716049  -0.00010456795132835499
 2777.777778  4506.172840  -0.00011318847612075242
 2777.777778  4629.629630  -0.00012032168670030326
 2777.777778  4753.086420  -0.00011579824154487710
 2777.777778  4876.543210  -0.00008342181053063453

 2901.234568 -5000.000000  -0.00000031936490939762
 2901.234568 -4876.543210  -0.00007290615132383894
 2901.234568 -4753.086420  -0.00010106316385597195
 2901.234568 -4629.629630  -0.00010508129238421640
 2901.234568 -4506.172840  -0.00009905831870401897
 2901.234568 -4382.716049  -0.00009174409028785604
 2901.234568 -4259.259259  -0.00008750079349490968
 2901.234568 -4135.802469  -0.00008737832623041065
 2901.234568 -4012.345679  -0.00009030477005464492
 2901.234568 -3888.888889  -0.00009439196174162717
 2901.234568 -3765.432099  -0.00009835616428743849
 2901.234568 -3641.975309  -0.00010054898164223705
 2901.234568 -3518.518519  -0.00010012640496015742
 2901.234568 -3395.061728  -0.00009783633997951248
 2901.234568 -3271.604938  -0.00009469699951798033
 2901.234568 -3148.148148  -0.00009208325432976715
 2901.234568 -3024.691358  -0.00009155071420235373
 2901.234568 -2901.234568  -0.00009416818735055493
 2901.234568 -2777.777778  -0.00009935851810789301
 2901.234568 -2654.320988  -0.00010324780291528319
 2901.234568 -2530.864198  -0.00009652298460703273
 2901.234568 -2407.407407  -0.00009466200407972507
 2901.234568 -2283.950617  -0.00009823659271534295
 2901.234568 -2160.493827  -0.00009947692341863096
 2901.234568 -2037.037037  -0.00009920560691339137
 2901.234568 -1913.580247  -0.00009850296393155613
 2901.234568 -1790.123457  -0.00009815402413166605
 2901.234568 -1666.666667  -0.00009839731730780549
 2901.234568 -1543.209877  -0.00009897545688899500
 2901.234568 -1419.753086  -0.00009948751572903931
 2901.234568 -1296.296296  -0.00010004319418683250
 2901.234568 -1172.839506  -0.00010057399574490575
 2901.234568 -1049.382716  -0.00010075860296742732
 2901.234568  -925.925926  -0.00010075557363740730
 2901.234568  -802.469136  -0.00010063086254134492
 2901.234568  -679.012346  -0.00010054234894396518
 2901.234568  -555.555556  -0.00010066179203601713
 2901.234568  -432.098765  -0.00010108212885313201
 2901.234568  -308.641975  -0.00010171011466574545
 2901.234568  -185.185185  -0.00010214430584008034
 2901.234568   -61.728395  -0.00010153838517019275
 2901.234568    61.728395  -0.00010164162507387760
 2901.234568   185.185185  -0.00010246846320058613
 2901.234568   308.641975  -0.00010221966861220495
 2901.234568   432.098765  -0.00010175769393884319
 2901.234568   555.555556  -0.00010150995960970450
 2901.234568   679.012346  -0.00010158635840787804
 2901.234568   802.469136  -0.00010189265618536424
 2901.234568   925.925926  -0.00010223978873833737
 2901.234568  1049.382716  -0.00010244905484264328
 2901.234568  1172.839506  -0.00010245320544953418
 2901.234568  1296.296296  -0.00010209700490838402
 2901.234568  1419.753086  -0.00010170684025967898
 2901.234568  1543.209877  -0.00010136459993137145
 2901.234568  1666.666667  -0.00010094976331846608
 2901.234568  1790.123457  -0.00010089190527902846
 2901.234568  1913.580247  -0.00010146741254434128
 2901.234568  2037.037037  -0.00010242074299923339
 2901.234568  2160.493827  -0.00010291022783258413
 2901.234568  2283.950617  -0.00010177841655800016
 2901.234568  2407.407407  -0.00009814696490466773
 2901.234568  2530.864198  -0.00010033394664435483
 2901.234568  2654.320988  -0.00010773571365200309
 2901.234568  2777.777778  -0.00010376130206497087
 2901.234568  2901.234568  -0.00009838874294583239
 2901.234568  3024.691358  -0.00009577016195889816
 2901.234568  3148.148148  -0.00009652570127319769
 2901.234568  3271.604938  -0.00009951121673356006
 2901.234568  3395.061728  -0.00010305975029979761
 2901.234568  3518.518519  -0.00010569677775398970
 2901.234568  3641.975309  -0.00010632923167586783
 2901.234568  3765.432099  -0.00010415170134025471
 2901.234568  3888.888889  -0.00010009359002965519
 2901.234568  4012.345679  -0.00009587513890579459
 2901.234568  4135.802469  -0.00009291779458681348
 2901.234568  4259.259259  -0.00009323202378342939
 2901.234568  4382.716049  -0.00009794804220856565
 2901.234568  4506.172840  -0.00010594291988425248
 2901.234568  4629.629630  -0.00011256406284580129
 2901.234568  4753.086420  -0.00010844907124325167
 2901.234568  4876.543210  -0.00007844197384009193

 3024.691358 -5000.000000  -0.00000174270451775547
 3024.691358 -4876.543210  -0.00007260925325858187
 3024.691358 -4753.086420  -0.00009913555282331179
 3024.691358 -4629.629630  -0.00010265435739211595
 3024.691358 -4506.172840  -0.00009698089585797822
 3024.691358 -4382.716049  -0.00009018052235989521
 3024.691358 -4259.259259  -0.00008611836447296637
 3024.691358 -4135.802469  -0.00008579096905536581
 3024.691358 -4012.345679  -0.00008843994575219508
 3024.691358 -3888.888889  -0.00009244760815621814
 3024.691358 -3765.432099  -0.00009601461262547679
 3024.691358 -3641.975309  -0.00009824089558801967
 3024.691358 -3518.518519  -0.00009780338196445113
 3024.691358 -3395.061728  -0.00009563994394637617
 3024.691358 -3271.604938  -0.00009270408280787668
 3024.691358 -3148.148148  -0.00009019820583804934
 3024.691358 -3024.691358  -0.00008956848245718912
 3024.691358 -2901.234568  -0.00009192338216037443
 3024.691358 -2777.777778  -0.00009687589428845310
 3024.691358 -2654.320988  -0.00010080942962642930
 3024.691358 -2530.864198  -0.00009456740382925156
 3024.691358 -2407.407407  -0.00009214683710095956
 3024.691358 -2283.950617  -0.00009575192996169452
 3024.691358 -2160.493827  -0.00009709367272095983
 3024.691358 -2037.037037  -0.00009678510241266403
 3024.691358 -1913.580247  -0.00009597207057446884
 3024.691358 -1790.123457  -0.00009555196599566217
 3024.691358 -1666.666667  -0.00009579794455008889
 3024.691358 -1543.209877  -0.00009638866611414029
 3024.691358 -1419.753086  -0.00009684353856980131
 3024.691358 -1296.296296  -0.00009736346889275664
 3024.691358 -1172.839506  -0.00009789571460084734
 3024.691358 -1049.382716  -0.00009804752706952057
 3024.691358  -925.925926  -0.00009801367485634999
 3024.691358  -802.469136  -0.00009784939228281966
 3024.691358  -679.012346  -0.00009772274557193485
 3024.691358  -555.555556  -0.00009781754229112051
 3024.691358  -432.098765  -0.00009822990599895035
 3024.691358  -308.641975  -0.00009885851609570442
 3024.691358  -185.185185  -0.00009928851287775711
 3024.691358   -61.728395  -0.00009866906779579444
 3024.691358    61.728395  -0.00009876600553279202
 3024.691358   185.185185  -0.00009959366692595491
 3024.691358   308.641975  -0.00009933672637776475
 3024.691358   432.098765  -0.00009886190386443481
 3024.691358   555.555556  -0.00009860992624587133
 3024.691358   679.012346  -0.00009869872019101445
 3024.691358   802.469136  -0.00009903086674348070
 3024.691358   925.925926  -0.00009940531752750477
 3024.691358  1049.382716  -0.00009963337259418179
 3024.691358  1172.839506  -0.00009965891990800943
 3024.691358  1296.296296  -0.00009928928234546083
 3024.691358  1419.753086  -0.00009892447192328009
 3024.691358  1543.209877  -0.00009862981446068788
 3024.691358  1666.666667  -0.00009819076590854667
 3024.691358  1790.123457  -0.00009811851468749069
 3024.691358  1913.580247  -0.00009875508403203877
 3024.691358  2037.037037  -0.00009980960418329231
 3024.691358  2160.493827  -0.00010032575443021859
 3024.691358  2283.950617  -0.00009908037499951916
 3024.691358  2407.407407  -0.00009541324879408350
 3024.691358  2530.864198  -0.00009816775146789863
 3024.691358  2654.320988  -0.00010504355846997777
 3024.691358  2777.777778  -0.00010102061033721900
 3024.691358  2901.234568  -0.00009589608903936759
 3024.691358  3024.691358  -0.00009354661874165321
 3024.691358  3148.148148  -0.00009439311836918181
 3024.691358  3271.604938  -0.00009725215549265926
 3024.691358  3395.061728  -0.00010057380153544965
 3024.691358  3518.518519  -0.00010306598830196758
 3024.691358  3641.975309  -0.00010370536582740348
 3024.691358  3765.432099  -0.00010149096965006863
 3024.691358  3888.888889  -0.00009784511550599826
 3024.691358  4012.345679  -0.00009371318785820552
 3024.691358  4135.802469  -0.00009104352320211442
 3024.691358  4259.259259  -0.00009156332634852564
 3024.691358  4382.716049  -0.00009607738244753289
 3024.691358  4506.172840  -0.00010352032260466557
 3024.691358  4629.629630  -0.00010976244308926013
 3024.691358  4753.086420  -0.00010616907813505698
 3024.691358  4876.543210  -0.00007791352633302680

 3148.148148 -5000.000000  -0.00000234359701436706
 3148.148148 -4876.543210  -0.00007642301586886610
 3148.148148 -4753.086420  -0.00010361619869359244
 3148.148148 -4629.629630  -0.00010701060637917294
 3148.148148 -4506.172840  -0.00010110158120184698
 3148.148148 -4382.716049  -0.00009410054292344215
 3148.148148 -4259.259259  -0.00008985601432573212
 3148.148148 -4135.802469  -0.00008938747617917082
 3148.148148 -4012.345679  -0.00009203205164599892
 3148.148148 -3888.888889  -0.00009620402011772604
 3148.148148 -3765.432099  -0.00009976716048698669
 3148.148148 -3641.975309  -0.00010207151600819650
 3148.148148 -3518.518519  -0.00010159129314211206
 3148.148148 -3395.061728  -0.00009932755115609621
 3148.148148 -3271.604938  -0.00009627297763411817
 3148.148148 -3148.148148  -0.00009366076364634532
 3148.148148 -3024.691358  -0.00009297585866781270
 3148.148148 -2901.234568  -0.00009536444119902877
 3148.148148 -2777.777778  -0.00010044160508851857
 3148.148148 -2654.320988  -0.00010449726155730274
 3148.148148 -2530.864198  -0.00009810025692531434
 3148.148148 -2407.407407  -0.00009537763191435453
 3148.148148 -2283.950617  -0.00009906524745493945
 3148.148148 -2160.493827  -0.00010045822502752743
 3148.148148 -2037.037037  -0.00010011212343941602
 3148.148148 -1913.580247  -0.00009922344353482301
 3148.148148 -1790.123457  -0.00009875031728152643
 3148.148148 -1666.666667  -0.00009898455231811887
 3148.148148 -1543.209877  -0.00009957503196187479
 3148.148148 -1419.753086  -0.00010000247067723160
 3148.148148 -1296.296296  -0.00010050552500488417
 3148.148148 -1172.839506  -0.00010103129143197018
 3148.148148 -1049.382716  -0.00010116139641625536
 3148.148148  -925.925926  -0.00010110099216142840
 3148.148148  -802.469136  -0.00010090173107377975
 3148.148148  -679.012346  -0.00010074326471808654
 3148.148148  -555.555556  -0.00010082017167291952
 3148.148148  -432.098765  -0.00010123010995093694
 3148.148148  -308.641975  -0.00010186319398416488
 3148.148148  -185.185185  -0.00010229259617426443
 3148.148148   -61.728395  -0.00010166637300778574
 3148.148148    61.728395  -0.00010175998320764463
 3148.148148   185.185185  -0.00010258748189430143
 3148.148148   308.641975  -0.00010232453890526060
 3148.148148   432.098765  -0.00010183881574821072
 3148.148148   555.555556  -0.00010158281733186077
 3148.148148   679.012346  -0.00010168293928962429
 3148.148148   802.469136  -0.00010204027132789532
 3148.148148   925.925926  -0.00010244315659891601
 3148.148148  1049.382716  -0.00010269150709823634
 3148.148148  1172.839506  -0.00010273287508676514
 3148.148148  1296.296296  -0.00010236401848089665
 3148.148148  1419.753086  -0.00010201084062141550
 3148.148148  1543.209877  -0.00010173865692135373
 3148.148148  1666.666667  -0.00010129471123210440
 3148.148148  1790.123457  -0.00010122900504276332
 3148.148148  1913.580247  -0.00010191350160266264
 3148.148148  2037.037037  -0.00010303870043604908
 3148.148148  2160.493827  -0.00010358758224890661
 3148.148148  2283.950617  -0.00010228692422792378
 3148.148148  2407.407407  -0.00009853598573160428
 3148.148148  2530.864198  -0.00010159567320769656
 3148.148148  2654.320988  -0.00010861454940051522
 3148.148148  2777.777778  -0.00010446793500957347
 3148.148148  2901.234568  -0.00009922049151691265
 3148.148148  3024.691358  -0.00009683802704730097
 3148.148148  3148.148148  -0.00009773763977730483
 3148.148148  3271.604938  -0.00010069859734035312
 3148.148148  3395.061728  -0.00010413395222779705
 3148.148148  3518.518519  -0.00010672289318596489
 3148.148148  3641.975309  -0.00010740383260921122
 3148.148148  3765.432099  -0.00010511196500737607
 3148.148148  3888.888889  -0.00010147548660500090
 3148.148148  4012.345679  -0.00009718237939224483
 3148.148148  4135.802469  -0.00009452243705156581
 3148.148148  4259.259259  -0.00009518727763427159
 3148.148148  4382.716049  -0.00009988267878736054
 3148.148148  4506.172840  -0.00010752168251916196
 3148.148148  4629.629630  -0.00011399846950377466
 3148.148148  4753.086420  -0.00011054300292430343
 3148.148148  4876.543210  -0.00008165644185489509

 3271.604938 -5000.000000  -0.00000136186003641467
 3271.604938 -4876.543210  -0.00008240715349641213
 3271.604938 -4753.086420  -0.00011258140714269804
 3271.604938 -4629.629630  -0.00011635602993773925
 3271.604938 -4506.172840  -0.00010960846600149301
 3271.604938 -4382.716049  -0.00010161709701692280
 3271.604938 -4259.259259  -0.00009682106428268847
 3271.604938 -4135.802469  -0.00009634501041300028
 3271.604938 -4012.345679  -0.00009928874068463694
 3271.604938 -3888.888889  -0.00010378180403112784
 3271.604938 -3765.432099  -0.00010780299368409889
 3271.604938 -3641.975309  -0.00011019374294945941
 3271.604938 -3518.518519  -0.00010963316434501264
 3271.604938 -3395.061728  -0.00010704929807718202
 3271.604938 -3271.604938  -0.00010356312402788346
 3271.604938 -3148.148148  -0.00010063146588246022
 3271.604938 -3024.691358  -0.00009992704583676068
 3271.604938 -2901.234568  -0.00010264155812780958
 3271.604938 -2777.777778  -0.00010821176138807387
 3271.604938 -2654.320988  -0.00011246858982332260
 3271.604938 -2530.864198  -0.00010520928321408199
 3271.604938 -2407.407407  -0.00010260215312857253
 3271.604938 -2283.950617  -0.00010644811122347957
 3271.604938 -2160.493827  -0.00010781123928579588
 3271.604938 -2037.037037  -0.00010742329852616428
 3271.604938 -1913.580247  -0.00010650837167818906
 3271.604938 -1790.123457  -0.00010600599693837744
 3271.604938 -1666.666667  -0.00010620227108569444
 3271.604938 -1543.209877  -0.00010676892178073063
 3271.604938 -1419.753086  -0.00010721034904448277
 3271.604938 -1296.296296  -0.00010771863591674758
 3271.604938 -1172.839506  -0.00010822556929936828
 3271.604938 -1049.382716  -0.00010834038790211990
 3271.604938  -925.925926  -0.00010825344530660674
 3271.604938  -802.469136  -0.00010802669540408605
 3271.604938  -679.012346  -0.00010784567855275722
 3271.604938  -555.555556  -0.00010790980876196889
 3271.604938  -432.098765  -0.00010832031170802710
 3271.604938  -308.641975  -0.00010896581358160509
 3271.604938  -185.185185  -0.00010940558076675337
 3271.604938   -61.728395  -0.00010875041035151134
 3271.604938    61.728395  -0.00010884274970588023
 3271.604938   185.185185  -0.00010969656910862201
 3271.604938   308.641975  -0.00010942080313503815
 3271.604938   432.098765  -0.00010892035828075507
 3271.604938   555.555556  -0.00010866152792015066
 3271.604938   679.012346  -0.00010877213552365059
 3271.604938   802.469136  -0.00010914975978391885
 3271.604938   925.925926  -0.00010957804165094046
 3271.604938  1049.382716  -0.00010985107327599766
 3271.604938  1172.839506  -0.00010990586886453933
 3271.604938  1296.296296  -0.00010955480802153137
 3271.604938  1419.753086  -0.00010919467037027903
 3271.604938  1543.209877  -0.00010890654568215752
 3271.604938  1666.666667  -0.00010848609441515555
 3271.604938  1790.123457  -0.00010845814424498812
 3271.604938  1913.580247  -0.00010917059431143158
 3271.604938  2037.037037  -0.00011032026687294619
 3271.604938  2160.493827  -0.00011091070636959181
 3271.604938  2283.950617  -0.00010964192589423241
 3271.604938  2407.407407  -0.00010573210107203113
 3271.604938  2530.864198  -0.00010866832441878052
 3271.604938  2654.320988  -0.00011656857768944480
 3271.604938  2777.777778  -0.00011222034848758188
 3271.604938  2901.234568  -0.00010647119384614583
 3271.604938  3024.691358  -0.00010375584152467065
 3271.604938  3148.148148  -0.00010467534631963174
 3271.604938  3271.604938  -0.00010796372645405905
 3271.604938  3395.061728  -0.00011184208004640539
 3271.604938  3518.518519  -0.00011476018165866762
 3271.604938  3641.975309  -0.00011552555892376269
 3271.604938  3765.432099  -0.00011315163139375370
 3271.604938  3888.888889  -0.00010904835437022218
 3271.604938  4012.345679  -0.00010443496162929132
 3271.604938  4135.802469  -0.00010147317068739863
 3271.604938  4259.259259  -0.00010214801166354826
 3271.604938  4382.716049  -0.00010741208000155410
 3271.604938  4506.172840  -0.00011607145575182089
 3271.604938  4629.629630  -0.00012341328941266504
 3271.604938  4753.086420  -0.00011957505433117181
 3271.604938  4876.543210  -0.00008765546566359258

 3395.061728 -5000.000000  0.00000050940641918121
 3395.061728 -4876.543210  -0.00008872282410598123
 3395.061728 -4753.086420  -0.00012286215232264476
 3395.061728 -4629.629630  -0.00012727541747953178
 3395.061728 -4506.172840  -0.00011943631930674053
 3395.061728 -4382.716049  -0.00011010418508118867
 3395.061728 -4259.259259  -0.00010460267677400631
 3395.061728 -4135.802469  -0.00010419843827987150
 3395.061728 -4012.345679  -0.00010757968272828339
 3395.061728 -3888.888889  -0.00011243471987677775
 3395.061728 -3765.432099  -0.00011713042358608119
 3395.061728 -3641.975309  -0.00011960360450306214
 3395.061728 -3518.518519  -0.00011894555141175718
 3395.061728 -3395.061728  -0.00011595386735620088
 3395.061728 -3271.604938  -0.00011190970132018949
 3395.061728 -3148.148148  -0.00010856956818598358
 3395.061728 -3024.691358  -0.00010785660643091046
 3395.061728 -2901.234568  -0.00011101646746990202
 3395.061728 -2777.777778  -0.00011723783664397071
 3395.061728 -2654.320988  -0.00012173758585462240
 3395.061728 -2530.864198  -0.00011331055784420431
 3395.061728 -2407.407407  -0.00011101875468128833
 3395.061728 -2283.950617  -0.00011507440825941888
 3395.061728 -2160.493827  -0.00011637504115291115
 3395.061728 -2037.037037  -0.00011594130788083903
 3395.061728 -1913.580247  -0.00011501930023794660
 3395.061728 -1790.123457  -0.00011449677810409122
 3395.061728 -1666.666667  -0.00011464388746128081
 3395.061728 -1543.209877  -0.00011517836561831194
 3395.061728 -1419.753086  -0.00011565523364300223
 3395.061728 -1296.296296  -0.00011618097600202100
 3395.061728 -1172.839506  -0.00011666602105252974
 3395.061728 -1049.382716  -0.00011676787399161457
 3395.061728  -925.925926  -0.00011665333691468633
 3395.061728  -802.469136  -0.00011640193112917379
 3395.061728  -679.012346  -0.00011620199269653875
 3395.061728  -555.555556  -0.00011625519623294650
 3395.061728  -432.098765  -0.00011666835736808405
 3395.061728  -308.641975  -0.00011733251386212953
 3395.061728  -185.185185  -0.00011778928538086726
 3395.061728   -61.728395  -0.00011708451192895480
 3395.061728    61.728395  -0.00011717636793887492
 3395.061728   185.185185  -0.00011807894628364541
 3395.061728   308.641975  -0.00011778528556773837
 3395.061728   432.098765  -0.00011726537187838095
 3395.061728   555.555556  -0.00011700316274794728
 3395.061728   679.012346  -0.00011712408725464665
 3395.061728   802.469136  -0.00011752018444438060
 3395.061728   925.925926  -0.00011797288007376591
 3395.061728  1049.382716  -0.00011827340167432609
 3395.061728  1172.839506  -0.00011834083193785009
 3395.061728  1296.296296  -0.00011801231956167757
 3395.061728  1419.753086  -0.00011763421176421649
 3395.061728  1543.209877  -0.00011730970854973643
 3395.061728  1666.666667  -0.00011692278806216296
 3395.061728  1790.123457  -0.00011694565839567095
 3395.061728  1913.580247  -0.00011767852265250101
 3395.061728  2037.037037  -0.00011883492450122410
 3395.061728  2160.493827  -0.00011947267423545360
 3395.061728  2283.950617  -0.00011827035533300711
 3395.061728  2407.407407  -0.00011414941151551570
 3395.061728  2530.864198  -0.00011675669976148151
 3395.061728  2654.320988  -0.00012585661713828341
 3395.061728  2777.777778  -0.00012126480527200561
 3395.061728  2901.234568  -0.00011485091751900694
 3395.061728  3024.691358  -0.00011167974794369950
 3395.061728  3148.148148  -0.00011260894999423308
 3395.061728  3271.604938  -0.00011631861452158006
 3395.061728  3395.061728  -0.00012077270714201945
 3395.061728  3518.518519  -0.00012411236494302072
 3395.061728  3641.975309  -0.00012498105253252808
 3395.061728  3765.432099  -0.00012253037464828148
 3395.061728  3888.888889  -0.00011773643430465706
 3395.061728  4012.345679  -0.00011276123434318419
 3395.061728  4135.802469  -0.00010935484892550842
 3395.061728  4259.259259  -0.00010995828645515440
 3395.061728  4382.716049  -0.00011595197797241376
 3395.061728  4506.172840  -0.00012599676844398072
 3395.061728  4629.629630  -0.00013446741094733713
 3395.061728  4753.086420  -0.00012997856374988753
 3395.061728  4876.543210  -0.00009400329028284255

 3518.518519 -5000.000000  0.00000180324206883958
 3518.518519 -4876.543210  -0.00009422072238107715
 3518.518519 -4753.086420  -0.00013149329922694414
 3518.518519 -4629.629630  -0.00013637909466431846
 3518.518519 -4506.172840  -0.00012768192339613672
 3518.518519 -4382.716049  -0.00011730662335251328
 3518.518519 -4259.259259  -0.00011124259876194170
 3518.518519 -4135.802469  -0.00011086909157389036
 3518.518519 -4012.345679  -0.00011458218123279038
 3518.518519 -3888.888889  -0.00011974351280341668
 3518.518519 -3765.432099  -0.00012495075344766130
 3518.518519 -3641.975309  -0.00012750715653549508
 3518.518519 -3518.518519  -0.00012677113916257493
 3518.518519 -3395.061728  -0.00012345722839487007
 3518.518519 -3271.604938  -0.00011897270250210778
 3518.518519 -3148.148148  -0.00011530330015576825
 3518.518519 -3024.691358  -0.00011456847082108155
 3518.518519 -2901.234568  -0.00011806574670672145
 3518.518519 -2777.777778  -0.00012480423627219783
 3518.518519 -2654.320988  -0.00012952723929294521
 3518.518519 -2530.864198  -0.00012022398348311017
 3518.518519 -2407.407407  -0.00011804611166757367
 3518.518519 -2283.950617  -0.00012230332601053068
 3518.518519 -2160.493827  -0.00012359357221233881
 3518.518519 -2037.037037  -0.00012311485324963977
 3518.518519 -1913.580247  -0.00012215621395194918
 3518.518519 -1790.123457  -0.00012160048421271585
 3518.518519 -1666.666667  -0.00012171600410644687
 3518.518519 -1543.209877  -0.00012223733091190354
 3518.518519 -1419.753086  -0.00012273492804136307
 3518.518519 -1296.296296  -0.00012327383587594951
 3518.518519 -1172.839506  -0.00012374823235115499
 3518.518519 -1049.382716  -0.00012383757917082031
 3518.518519  -925.925926  -0.00012369642351491895
 3518.518519  -802.469136  -0.00012341490492466726
 3518.518519  -679.012346  -0.00012318996854494547
 3518.518519  -555.555556  -0.00012323075442620900
 3518.518519  -432.098765  -0.00012364833611781988
 3518.518519  -308.641975  -0.00012432980855279702
 3518.518519  -185.185185  -0.00012479672522398510
 3518.518519   -61.728395  -0.00012404788465164194
 3518.518519    61.728395  -0.00012413896118785862
 3518.518519   185.185185  -0.00012508405820652914
 3518.518519   308.641975  -0.00012477856348720915
 3518.518519   432.098765  -0.00012423964714307226
 3518.518519   555.555556  -0.00012397140763178546
 3518.518519   679.012346  -0.00012410326956889284
 3518.518519   802.469136  -0.00012452305655148612
 3518.518519   925.925926  -0.00012500473899216429
 3518.518519  1049.382716  -0.00012533085696328069
 3518.518519  1172.839506  -0.00012540961805147886
 3518.518519  1296.296296  -0.00012509128233483831
 3518.518519  1419.753086  -0.00012469873997779799
 3518.518519  1543.209877  -0.00012435201208602469
 3518.518519  1666.666667  -0.00012397832641063641
 3518.518519  1790.123457  -0.00012403313601471003
 3518.518519  1913.580247  -0.00012479871597953715
 3518.518519  2037.037037  -0.00012599091834824644
 3518.518519  2160.493827  -0.00012667408530679062
 3518.518519  2283.950617  -0.00012548412060230032
 3518.518519  2407.407407  -0.00012115971919880333
 3518.518519  2530.864198  -0.00012364518549357436
 3518.518519  2654.320988  -0.00013364178007076551
 3518.518519  2777.777778  -0.00012882556189339070
 3518.518519  2901.234568  -0.00012188498563184749
 3518.518519  3024.691358  -0.00011836912614304178
 3518.518519  3148.148148  -0.00011932088600682166
 3518.518519  3271.604938  -0.00012336842687038686
 3518.518519  3395.061728  -0.00012827482460067490
 3518.518519  3518.518519  -0.00013194594824472264
 3518.518519  3641.975309  -0.00013289656279800546
 3518.518519  3765.432099  -0.00013036677760538330
 3518.518519  3888.888889  -0.00012505029710696921
 3518.518519  4012.345679  -0.00011976950817351633
 3518.518519  4135.802469  -0.00011602685317923287
 3518.518519  4259.259259  -0.00011660017590180636
 3518.518519  4382.716049  -0.00012317340686348495
 3518.518519  4506.172840  -0.00013429265898989203
 3518.518519  4629.629630  -0.00014364773358657533
 3518.518519  4753.086420  -0.00013867903663328701
 3518.518519  4876.543210  -0.00009950990539600005

 3641.975309 -5000.000000  0.00000200525635235854
 3641.975309 -4876.543210  -0.00009774520685551284
 3641.975309 -4753.086420  -0.00013640410624717525
 3641.975309 -4629.629630  -0.00014141479233349346
 3641.975309 -4506.172840  -0.00013232867725089227
 3641.975309 -4382.716049  -0.00012151163233547774
 3641.975309 -4259.259259  -0.00011517908695067034
 3641.975309 -4135.802469  -0.00011475982856833957
 3641.975309 -4012.345679  -0.00011858850410344066
 3641.975309 -3888.888889  -0.00012392682250215076
 3641.975309 -3765.432099  -0.00012931345858350812
 3641.975309 -3641.975309  -0.00013193456442904525
 3641.975309 -3518.518519  -0.00013115798189885418
 3641.975309 -3395.061728  -0.00012769265141733421
 3641.975309 -3271.604938  -0.00012300483294001887
 3641.975309 -3148.148148  -0.00011917356795266553
 3641.975309 -3024.691358  -0.00011840375387324860
 3641.975309 -2901.234568  -0.00012202803423483146
 3641.975309 -2777.777778  -0.00012899750464931645
 3641.975309 -2654.320988  -0.00013386123455207442
 3641.975309 -2530.864198  -0.00012423460472745217
 3641.975309 -2407.407407  -0.00012187728446944958
 3641.975309 -2283.950617  -0.00012626514960126537
 3641.975309 -2160.493827  -0.00012760603243450506
 3641.975309 -2037.037037  -0.00012709106249436951
 3641.975309 -1913.580247  -0.00012606542878212932
 3641.975309 -1790.123457  -0.00012546488692462946
 3641.975309 -1666.666667  -0.00012557354909765539
 3641.975309 -1543.209877  -0.00012610295672316272
 3641.975309 -1419.753086  -0.00012659243594036695
 3641.975309 -1296.296296  -0.00012713073585069606
 3641.975309 -1172.839506  -0.00012760542225446491
 3641.975309 -1049.382716  -0.00012768243882524909
 3641.975309  -925.925926  -0.00012751919384322160
 3641.975309  -802.469136  -0.00012720465125972322
 3641.975309  -679.012346  -0.00012695016100587394
 3641.975309  -555.555556  -0.00012697715971409860
 3641.975309  -432.098765  -0.00012739757594788261
 3641.975309  -308.641975  -0.00012808693993975929
 3641.975309  -185.185185  -0.00012855019783752824
 3641.975309   -61.728395  -0.00012778023045870545
 3641.975309    61.728395  -0.00012786937626736445
 3641.975309   185.185185  -0.00012883147515246166
 3641.975309   308.641975  -0.00012852558132217260
 3641.975309   432.098765  -0.00012797478433511386
 3641.975309   555.555556  -0.00012769971130457844
 3641.975309   679.012346  -0.00012784130682065044
 3641.975309   802.469136  -0.00012828657852995961
 3641.975309   925.925926  -0.00012879730837307381
 3641.975309  1049.382716  -0.00012914172947953081
 3641.975309  1172.839506  -0.00012922916872050899
 3641.975309  1296.296296  -0.00012890722446342695
 3641.975309  1419.753086  -0.00012851191256967512
 3641.975309  1543.209877  -0.00012816999040649344
 3641.975309  1666.666667  -0.00012778531826737629
 3641.975309  1790.123457  -0.00012784408926944918
 3641.975309  1913.580247  -0.00012865130329865249
 3641.975309  2037.037037  -0.00012990723656946125
 3641.975309  2160.493827  -0.00013062390679914070
 3641.975309  2283.950617  -0.00012938153399653739
 3641.975309  2407.407407  -0.00012492499686540508
 3641.975309  2530.864198  -0.00012758928462801942
 3641.975309  2654.320988  -0.00013790662390123409
 3641.975309  2777.777778  -0.00013294871850170694
 3641.975309  2901.234568  -0.00012577576160738727
 3641.975309  3024.691358  -0.00012213111858631334
 3641.975309  3148.148148  -0.00012311639874071841
 3641.975309  3271.604938  -0.00012732505235409802
 3641.975309  3395.061728  -0.00013243449304124239
 3641.975309  3518.518519  -0.00013625674540123349
 3641.975309  3641.975309  -0.00013724761797340580
 3641.975309  3765.432099  -0.00013465454986967342
 3641.975309  3888.888889  -0.00012915764099017660
 3641.975309  4012.345679  -0.00012370206577054396
 3641.975309  4135.802469  -0.00011984451473622643
 3641.975309  4259.259259  -0.00012046402059456858
 3641.975309  4382.716049  -0.00012730804038706172
 3641.975309  4506.172840  -0.00013887335037767620
 3641.975309  4629.629630  -0.00014862175367727026
 3641.975309  4753.086420  -0.00014353060060407760
 3641.975309  4876.543210  -0.00010297812178027250

 3765.432099 -5000.000000  0.00000317577524723439
 3765.432099 -4876.543210  -0.00009713707272151893
 3765.432099 -4753.086420  -0.00013659521711822801
 3765.432099 -4629.629630  -0.00014182697424718440
 3765.432099 -4506.172840  -0.00013247394816357606
 3765.432099 -4382.716049  -0.00012129161838435189
 3765.432099 -4259.259259  -0.00011479396889639464
 3765.432099 -4135.802469  -0.00011444215846199208
 3765.432099 -4012.345679  -0.00011837723222160568
 3765.432099 -3888.888889  -0.00012369687459393730
 3765.432099 -3765.432099  -0.00012927620347329464
 3765.432099 -3641.975309  -0.00013185950377353619
 3765.432099 -3518.518519  -0.00013104768877522321
 3765.432099 -3395.061728  -0.00012749187554247094
 3765.432099 -3271.604938  -0.00012268097348764478
 3765.432099 -3148.148148  -0.00011875742777424174
 3765.432099 -3024.691358  -0.00011798055212493204
 3765.432099 -2901.234568  -0.00012169204425486304
 3765.432099 -2777.777778  -0.00012878368393022288
 3765.432099 -2654.320988  -0.00013366721365206701
 3765.432099 -2530.864198  -0.00012374640196540521
 3765.432099 -2407.407407  -0.00012159484873126791
 3765.432099 -2283.950617  -0.00012601834009579938
 3765.432099 -2160.493827  -0.00012730598363963551
 3765.432099 -2037.037037  -0.00012677131346364124
 3765.432099 -1913.580247  -0.00012575177184190604
 3765.432099 -1790.123457  -0.00012514555389608455
 3765.432099 -1666.666667  -0.00012522525512469583
 3765.432099 -1543.209877  -0.00012572832178738008
 3765.432099 -1419.753086  -0.00012622430414411457
 3765.432099 -1296.296296  -0.00012675891254938692
 3765.432099 -1172.839506  -0.00012721490983848491
 3765.432099 -1049.382716  -0.00012727814368082528
 3765.432099  -925.925926  -0.00012709925654758104
 3765.432099  -802.469136  -0.00012677596512816576
 3765.432099  -679.012346  -0.00012651425544717357
 3765.432099  -555.555556  -0.00012653162352221366
 3765.432099  -432.098765  -0.00012694327676230830
 3765.432099  -308.641975  -0.00012763129610685587
 3765.432099  -185.185185  -0.00012809675890515770
 3765.432099   -61.728395  -0.00012729482253651047
 3765.432099    61.728395  -0.00012738018097074267
 3765.432099   185.185185  -0.00012836661645348438
 3765.432099   308.641975  -0.00012805160226768070
 3765.432099   432.098765  -0.00012749566449851756
 3765.432099   555.555556  -0.00012722279454381268
 3765.432099   679.012346  -0.00012736706212658421
 3765.432099   802.469136  -0.00012781222793308811
 3765.432099   925.925926  -0.00012832435587632711
 3765.432099  1049.382716  -0.00012867742498502927
 3765.432099  1172.839506  -0.00012877194091809668
 3765.432099  1296.296296  -0.00012846254302385362
 3765.432099  1419.753086  -0.00012806464700820079
 3765.432099  1543.209877  -0.00012770973601647085
 3765.432099  1666.666667  -0.00012734577141289353
 3765.432099  1790.123457  -0.00012742757133715491
 3765.432099  1913.580247  -0.00012823335099252305
 3765.432099  2037.037037  -0.00012947546094594349
 3765.432099  2160.493827  -0.00013020532344010564
 3765.432099  2283.950617  -0.00012901256671748115
 3765.432099  2407.407407  -0.00012451835735633195
 3765.432099  2530.864198  -0.00012696014523444718
 3765.432099  2654.320988  -0.00013756255672836557
 3765.432099  2777.777778  -0.00013258507772161295
 3765.432099  2901.234568  -0.00012528889827075857
 3765.432099  3024.691358  -0.00012155247856905780
 3765.432099  3148.148148  -0.00012253807370246104
 3765.432099  3271.604938  -0.00012683184219062263
 3765.432099  3395.061728  -0.00013205753831290791
 3765.432099  3518.518519  -0.00013596378821939943
 3765.432099  3641.975309  -0.00013698494982690172
 3765.432099  3765.432099  -0.00013443089913109930
 3765.432099  3888.888889  -0.00012873505339465206
 3765.432099  4012.345679  -0.00012330310531253753
 3765.432099  4135.802469  -0.00011933546236537744
 3765.432099  4259.259259  -0.00011987909295934216
 3765.432099  4382.716049  -0.00012688227128423657
 3765.432099  4506.172840  -0.00013881004069263322
 3765.432099  4629.629630  -0.00014882039560005090
 3765.432099  4753.086420  -0.00014350118190618012
 3765.432099  4876.543210  -0.00010216771593715446

 3888.888889 -5000.000000  0.00000116158594836997
 3888.888889 -4876.543210  -0.00009597744695338036
 3888.888889 -4753.086420  -0.00013311387843833086
 3888.888889 -4629.629630  -0.00013781956993469524
 3888.888889 -4506.172840  -0.00012913156642532989
 3888.888889 -4382.716049  -0.00011879883765487110
 3888.888889 -4259.259259  -0.00011264948866004336
 3888.888889 -4135.802469  -0.00011207843962312974
 3888.888889 -4012.345679  -0.00011565557504860256
 3888.888889 -3888.888889  -0.00012085436226291452
 3888.888889 -3765.432099  -0.00012590093923745094
 3888.888889 -3641.975309  -0.00012860037615364315
 3888.888889 -3518.518519  -0.00012778364540153543
 3888.888889 -3395.061728  -0.00012447348481044016
 3888.888889 -3271.604938  -0.00012003446350454190
 3888.888889 -3148.148148  -0.00011629301304208852
 3888.888889 -3024.691358  -0.00011533421341449977
 3888.888889 -2901.234568  -0.00011861585032393236
 3888.888889 -2777.777778  -0.00012539974373930506
 3888.888889 -2654.320988  -0.00013050034773078143
 3888.888889 -2530.864198  -0.00012135062158271117
 3888.888889 -2407.407407  -0.00011823010154908557
 3888.888889 -2283.950617  -0.00012288808324097450
 3888.888889 -2160.493827  -0.00012442770311564660
 3888.888889 -2037.037037  -0.00012383700672128421
 3888.888889 -1913.580247  -0.00012261692002476683
 3888.888889 -1790.123457  -0.00012189661061618876
 3888.888889 -1666.666667  -0.00012201942801274921
 3888.888889 -1543.209877  -0.00012259942306201287
 3888.888889 -1419.753086  -0.00012304844644454212
 3888.888889 -1296.296296  -0.00012357382627589976
 3888.888889 -1172.839506  -0.00012408602037999154
 3888.888889 -1049.382716  -0.00012412499107006841
 3888.888889  -925.925926  -0.00012391671431061558
 3888.888889  -802.469136  -0.00012354385663610677
 3888.888889  -679.012346  -0.00012323439705663137
 3888.888889  -555.555556  -0.00012323282454278518
 3888.888889  -432.098765  -0.00012366470382958814
 3888.888889  -308.641975  -0.00012439460953943301
 3888.888889  -185.185185  -0.00012487742862406394
 3888.888889   -61.728395  -0.00012400303112558458
 3888.888889    61.728395  -0.00012408363330196015
 3888.888889   185.185185  -0.00012513372549621379
 3888.888889   308.641975  -0.00012479129426697542
 3888.888889   432.098765  -0.00012418260876193127
 3888.888889   555.555556  -0.00012387894781356525
 3888.888889   679.012346  -0.00012403258917028780
 3888.888889   802.469136  -0.00012451680556240977
 3888.888889   925.925926  -0.00012506986760296235
 3888.888889  1049.382716  -0.00012544305352336311
 3888.888889  1172.839506  -0.00012555266574392651
 3888.888889  1296.296296  -0.00012517565601923304
 3888.888889  1419.753086  -0.00012477806791806438
 3888.888889  1543.209877  -0.00012446270711903283
 3888.888889  1666.666667  -0.00012400983973883699
 3888.888889  1790.123457  -0.00012403735550736486
 3888.888889  1913.580247  -0.00012495118229347954
 3888.888889  2037.037037  -0.00012639061921578294
 3888.888889  2160.493827  -0.00012716858833835437
 3888.888889  2283.950617  -0.00012570680495146630
 3888.888889  2407.407407  -0.00012096586643727709
 3888.888889  2530.864198  -0.00012440253538359045
 3888.888889  2654.320988  -0.00013418150279650637
 3888.888889  2777.777778  -0.00012897635971614779
 3888.888889  2901.234568  -0.00012200101849088961
 3888.888889  3024.691358  -0.00011870794128810216
 3888.888889  3148.148148  -0.00011987334368045031
 3888.888889  3271.604938  -0.00012396452150486268
 3888.888889  3395.061728  -0.00012878930099417197
 3888.888889  3518.518519  -0.00013242761218142430
 3888.888889  3641.975309  -0.00013344518557685978
 3888.888889  3765.432099  -0.00013076717309694666
 3888.888889  3888.888889  -0.00012562353705573842
 3888.888889  4012.345679  -0.00012031861255200303
 3888.888889  4135.802469  -0.00011672049051924606
 3888.888889  4259.259259  -0.00011748329267662867
 3888.888889  4382.716049  -0.00012410933355087354
 3888.888889  4506.172840  -0.00013513420388003240
 3888.888889  4629.629630  -0.00014443477539911537
 3888.888889  4753.086420  -0.00013966012700757923
 3888.888889  4876.543210  -0.00010078539231867767

 4012.345679 -5000.000000  0.00000123730447610452
 4012.345679 -4876.543210  -0.00009367185564717237
 4012.345679 -4753.086420  -0.00012998103913746984
 4012.345679 -4629.629630  -0.00013458416964427610
 4012.345679 -4506.172840  -0.00012608223027476604
 4012.345679 -4382.716049  -0.00011597079722250923
 4012.345679 -4259.259259  -0.00010995630796333833
 4012.345679 -4135.802469  -0.00010940106401836818
 4012.345679 -4012.345679  -0.00011289696828416696
 4012.345679 -3888.888889  -0.00011796799693007607
 4012.345679 -3765.432099  -0.00012290140586268132
 4012.345679 -3641.975309  -0.00012552300661265831
 4012.345679 -3518.518519  -0.00012471782113545666
 4012.345679 -3395.061728  -0.00012147078447459718
 4012.345679 -3271.604938  -0.00011711796942021841
 4012.345679 -3148.148148  -0.00011345228698472034
 4012.345679 -3024.691358  -0.00011251389354974159
 4012.345679 -2901.234568  -0.00011572092978821975
 4012.345679 -2777.777778  -0.00012234059136153805
 4012.345679 -2654.320988  -0.00012730053139175423
 4012.345679 -2530.864198  -0.00011834059470891640
 4012.345679 -2407.407407  -0.00011531872043818100
 4012.345679 -2283.950617  -0.00011984348744059819
 4012.345679 -2160.493827  -0.00012132555551228505
 4012.345679 -2037.037037  -0.00012074162503758163
 4012.345679 -1913.580247  -0.00011954942929901125
 4012.345679 -1790.123457  -0.00011884137488000841
 4012.345679 -1666.666667  -0.00011894961192901530
 4012.345679 -1543.209877  -0.00011950253428494597
 4012.345679 -1419.753086  -0.00011993270946402137
 4012.345679 -1296.296296  -0.00012043623850797153
 4012.345679 -1172.839506  -0.00012092469109402957
 4012.345679 -1049.382716  -0.00012095509461805338
 4012.345679  -925.925926  -0.00012074504476493560
 4012.345679  -802.469136  -0.00012037587243971848
 4012.345679  -679.012346  -0.00012006900876069369
 4012.345679  -555.555556  -0.00012006184835253885
 4012.345679  -432.098765  -0.00012047659520605933
 4012.345679  -308.641975  -0.00012118209110453995
 4012.345679  -185.185185  -0.00012164862661670313
 4012.345679   -61.728395  -0.00012079573465627623
 4012.345679    61.728395  -0.00012087172232270503
 4012.345679   185.185185  -0.00012189042742123042
 4012.345679   308.641975  -0.00012155607126835215
 4012.345679   432.098765  -0.00012096450471631435
 4012.345679   555.555556  -0.00012067037773412184
 4012.345679   679.012346  -0.00012082091612926846
 4012.345679   802.469136  -0.00012129281697250244
 4012.345679   925.925926  -0.00012183226272563099
 4012.345679  1049.382716  -0.00012219805407236267
 4012.345679  1172.839506  -0.00012230786145218773
 4012.345679  1296.296296  -0.00012194696518459039
 4012.345679  1419.753086  -0.00012156392440246210
 4012.345679  1543.209877  -0.00012125987051679656
 4012.345679  1666.666667  -0.00012082703150818708
 4012.345679  1790.123457  -0.00012086106601611386
 4012.345679  1913.580247  -0.00012175252542263235
 4012.345679  2037.037037  -0.00012315277403824771
 4012.345679  2160.493827  -0.00012391436738997232
 4012.345679  2283.950617  -0.00012250588861156854
 4012.345679  2407.407407  -0.00011790124293597572
 4012.345679  2530.864198  -0.00012122344100731422
 4012.345679  2654.320988  -0.00013078384446271841
 4012.345679  2777.777778  -0.00012572362431462647
 4012.345679  2901.234568  -0.00011892032920000418
 4012.345679  3024.691358  -0.00011570150569889209
 4012.345679  3148.148148  -0.00011683665651005002
 4012.345679  3271.604938  -0.00012083622036870299
 4012.345679  3395.061728  -0.00012555757370639250
 4012.345679  3518.518519  -0.00012911805405293019
 4012.345679  3641.975309  -0.00013011500518045598
 4012.345679  3765.432099  -0.00012751462109170843
 4012.345679  3888.888889  -0.00012248740642129547
 4012.345679  4012.345679  -0.00011731610031458406
 4012.345679  4135.802469  -0.00011379994961943514
 4012.345679  4259.259259  -0.00011453788055987615
 4012.345679  4382.716049  -0.00012100848915930691
 4012.345679  4506.172840  -0.00013178304488626976
 4012.345679  4629.629630  -0.00014087150752278545
 4012.345679  4753.086420  -0.00013620155725525040
 4012.345679  4876.543210  -0.00009823063798790083

 4135.802469 -5000.000000  -0.00000014105905241937
 4135.802469 -4876.543210  -0.00009416820224027694
 4135.802469 -4753.086420  -0.00012941403361134437
 4135.802469 -4629.629630  -0.00013375264565482334
 4135.802469 -4506.172840  -0.00012561793185180708
 4135.802469 -4382.716049  -0.00011597608399996730
 4135.802469 -4259.259259  -0.00011014431300721134
 4135.802469 -4135.802469  -0.00010945579315429592
 4135.802469 -4012.345679  -0.00011277082982640143
 4135.802469 -3888.888889  -0.00011783425071366144
 4135.802469 -3765.432099  -0.00012247902048065265
 4135.802469 -3641.975309  -0.00012520265931866787
 4135.802469 -3518.518519  -0.00012439007009791033
 4135.802469 -3395.061728  -0.00012126404443392209
 4135.802469 -3271.604938  -0.00011709957842946037
 4135.802469 -3148.148148  -0.00011351435077550471
 4135.802469 -3024.691358  -0.00011245953769305543
 4135.802469 -2901.234568  -0.00011543376806137904
 4135.802469 -2777.777778  -0.00012192021873270136
 4135.802469 -2654.320988  -0.00012704685003334898
 4135.802469 -2530.864198  -0.00011846978145133769
 4135.802469 -2407.407407  -0.00011487170985065737
 4135.802469 -2283.950617  -0.00011955732461799349
 4135.802469 -2160.493827  -0.00012118750822449808
 4135.802469 -2037.037037  -0.00012056566243733056
 4135.802469 -1913.580247  -0.00011925074195808878
 4135.802469 -1790.123457  -0.00011847121384296464
 4135.802469 -1666.666667  -0.00011860105159245864
 4135.802469 -1543.209877  -0.00011919776391065373
 4135.802469 -1419.753086  -0.00011960245813404860
 4135.802469 -1296.296296  -0.00012010193832994840
 4135.802469 -1172.839506  -0.00012062445997514059
 4135.802469 -1049.382716  -0.00012063890150815667
 4135.802469  -925.925926  -0.00012040955789551595
 4135.802469  -802.469136  -0.00012001073930063311
 4135.802469  -679.012346  -0.00011967550774283681
 4135.802469  -555.555556  -0.00011965686724230739
 4135.802469  -432.098765  -0.00012008503222193645
 4135.802469  -308.641975  -0.00012082077416611596
 4135.802469  -185.185185  -0.00012130484653644820
 4135.802469   -61.728395  -0.00012040348794438507
 4135.802469    61.728395  -0.00012047638514229900
 4135.802469   185.185185  -0.00012153770898354705
 4135.802469   308.641975  -0.00012117950067663797
 4135.802469   432.098765  -0.00012055104759366366
 4135.802469   555.555556  -0.00012023700424974171
 4135.802469   679.012346  -0.00012039296554110225
 4135.802469   802.469136  -0.00012088754297492637
 4135.802469   925.925926  -0.00012145094389093354
 4135.802469  1049.382716  -0.00012183005367472039
 4135.802469  1172.839506  -0.00012195002096284848
 4135.802469  1296.296296  -0.00012154801269860630
 4135.802469  1419.753086  -0.00012116351790900367
 4135.802469  1543.209877  -0.00012088030181701194
 4135.802469  1666.666667  -0.00012039640182538666
 4135.802469  1790.123457  -0.00012040191502857606
 4135.802469  1913.580247  -0.00012136069273847763
 4135.802469  2037.037037  -0.00012288103047054975
 4135.802469  2160.493827  -0.00012367535339027777
 4135.802469  2283.950617  -0.00012210889721999869
 4135.802469  2407.407407  -0.00011733738460607844
 4135.802469  2530.864198  -0.00012124975267697824
 4135.802469  2654.320988  -0.00013039337936537079
 4135.802469  2777.777778  -0.00012516113146084196
 4135.802469  2901.234568  -0.00011850033024035808
 4135.802469  3024.691358  -0.00011552300147930759
 4135.802469  3148.148148  -0.00011677291867688089
 4135.802469  3271.604938  -0.00012067872952917965
 4135.802469  3395.061728  -0.00012519316565005813
 4135.802469  3518.518519  -0.00012861833553969352
 4135.802469  3641.975309  -0.00012961710080088877
 4135.802469  3765.432099  -0.00012691012071660299
 4135.802469  3888.888889  -0.00012218422360507909
 4135.802469  4012.345679  -0.00011702454545140557
 4135.802469  4135.802469  -0.00011369651920993744
 4135.802469  4259.259259  -0.00011456707654765958
 4135.802469  4382.716049  -0.00012083530536775089
 4135.802469  4506.172840  -0.00013110443668286459
 4135.802469  4629.629630  -0.00013979516083812866
 4135.802469  4753.086420  -0.00013540027308386139
 4135.802469  4876.543210  -0.00009858064849800480

 4259.259259 -5000.000000  -0.00000129722247400718
 4259.259259 -4876.543210  -0.00009921382283036744
 4259.259259 -4753.086420  -0.00013532779111300521
 4259.259259 -4629.629630  -0.00013968279535073039
 4259.259259 -4506.172840  -0.00013147678782885979
 4259.259259 -4382.716049  -0.00012177546801753127
 4259.259259 -4259.259259  -0.00011583303061051992
 4259.259259 -4135.802469  -0.00011502019867454205
 4259.259259 -4012.345679  -0.00011835954190904948
 4259.259259 -3888.888889  -0.00012366808001651239
 4259.259259 -3765.432099  -0.00012830717118319157
 4259.259259 -3641.975309  -0.00013123420652684086
 4259.259259 -3518.518519  -0.00013038336485050924
 4259.259259 -3395.061728  -0.00012720256421106766
 4259.259259 -3271.604938  -0.00012298369108044687
 4259.259259 -3148.148148  -0.00011929489730410838
 4259.259259 -3024.691358  -0.00011811147465191329
 4259.259259 -2901.234568  -0.00012105382772522274
 4259.259259 -2777.777778  -0.00012773254522022880
 4259.259259 -2654.320988  -0.00013320056954751694
 4259.259259 -2530.864198  -0.00012451246480785916
 4259.259259 -2407.407407  -0.00012034060500881085
 4259.259259 -2283.950617  -0.00012533328355230594
 4259.259259 -2160.493827  -0.00012713413514244576
 4259.259259 -2037.037037  -0.00012645684263925302
 4259.259259 -1913.580247  -0.00012499727007199492
 4259.259259 -1790.123457  -0.00012413179010779403
 4259.259259 -1666.666667  -0.00012427969718660696
 4259.259259 -1543.209877  -0.00012492970632257266
 4259.259259 -1419.753086  -0.00012533053757172964
 4259.259259 -1296.296296  -0.00012584558616610068
 4259.259259 -1172.839506  -0.00012641158928211748
 4259.259259 -1049.382716  -0.00012641354933381796
 4259.259259  -925.925926  -0.00012615916105147349
 4259.259259  -802.469136  -0.00012572058196182482
 4259.259259  -679.012346  -0.00012534931382303003
 4259.259259  -555.555556  -0.00012532027520728280
 4259.259259  -432.098765  -0.00012577461681773696
 4259.259259  -308.641975  -0.00012656127953973917
 4259.259259  -185.185185  -0.00012707729522636667
 4259.259259   -61.728395  -0.00012610683021827533
 4259.259259    61.728395  -0.00012617958092645513
 4259.259259   185.185185  -0.00012731026441710334
 4259.259259   308.641975  -0.00012691915452154342
 4259.259259   432.098765  -0.00012623812849941741
 4259.259259   555.555556  -0.00012589654967756084
 4259.259259   679.012346  -0.00012606247147018145
 4259.259259   802.469136  -0.00012659347978015342
 4259.259259   925.925926  -0.00012719717378142491
 4259.259259  1049.382716  -0.00012760128508254215
 4259.259259  1172.839506  -0.00012773343527128773
 4259.259259  1296.296296  -0.00012728640054046061
 4259.259259  1419.753086  -0.00012688578886142118
 4259.259259  1543.209877  -0.00012660670095591451
 4259.259259  1666.666667  -0.00012606765292322194
 4259.259259  1790.123457  -0.00012605409484206878
 4259.259259  1913.580247  -0.00012710097785820058
 4259.259259  2037.037037  -0.00012876991932189309
 4259.259259  2160.493827  -0.00012962096597539548
 4259.259259  2283.950617  -0.00012787895519030665
 4259.259259  2407.407407  -0.00012279447425488565
 4259.259259  2530.864198  -0.00012730027641009748
 4259.259259  2654.320988  -0.00013654614384162771
 4259.259259  2777.777778  -0.00013096618589604765
 4259.259259  2901.234568  -0.00012411562202989634
 4259.259259  3024.691358  -0.00012117697089212111
 4259.259259  3148.148148  -0.00012256021733103036
 4259.259259  3271.604938  -0.00012656927633179714
 4259.259259  3395.061728  -0.00013113475388451507
 4259.259259  3518.518519  -0.00013461300478280537
 4259.259259  3641.975309  -0.00013565148735297469
 4259.259259  3765.432099  -0.00013273859727250096
 4259.259259  3888.888889  -0.00012802609426581558
 4259.259259  4012.345679  -0.00012262159207306636
 4259.259259  4135.802469  -0.00011927465755553286
 4259.259259  4259.259259  -0.00012027446791647061
 4259.259259  4382.716049  -0.00012665081130313317
 4259.259259  4506.172840  -0.00013696979983839400
 4259.259259  4629.629630  -0.00014572429508196309
 4259.259259  4753.086420  -0.00014131904592120178
 4259.259259  4876.543210  -0.00010365053889153423

 4382.716049 -5000.000000  -0.00000016075676553747
 4382.716049 -4876.543210  -0.00010912520930650995
 4382.716049 -4753.086420  -0.00015003450918070008
 4382.716049 -4629.629630  -0.00015515353066499374
 4382.716049 -4506.172840  -0.00014582935187958031
 4382.716049 -4382.716049  -0.00013476130720971213
 4382.716049 -4259.259259  -0.00012810006400561084
 4382.716049 -4135.802469  -0.00012737572356051063
 4382.716049 -4012.345679  -0.00013125494636683659
 4382.716049 -3888.888889  -0.00013712710165051653
 4382.716049 -3765.432099  -0.00014251944118343044
 4382.716049 -3641.975309  -0.00014561114408709482
 4382.716049 -3518.518519  -0.00014468890255267880
 4382.716049 -3395.061728  -0.00014105143574780709
 4382.716049 -3271.604938  -0.00013619445682216865
 4382.716049 -3148.148148  -0.00013205193080441019
 4382.716049 -3024.691358  -0.00013089137842673326
 4382.716049 -2901.234568  -0.00013438019846089697
 4382.716049 -2777.777778  -0.00014182300856562294
 4382.716049 -2654.320988  -0.00014757000464540429
 4382.716049 -2530.864198  -0.00013759633872071915
 4382.716049 -2407.407407  -0.00013373022362469516
 4382.716049 -2283.950617  -0.00013893168430835576
 4382.716049 -2160.493827  -0.00014068136575457019
 4382.716049 -2037.037037  -0.00013997310271425577
 4382.716049 -1913.580247  -0.00013852169785797622
 4382.716049 -1790.123457  -0.00013765096461565866
 4382.716049 -1666.666667  -0.00013776380299475690
 4382.716049 -1543.209877  -0.00013839430837686185
 4382.716049 -1419.753086  -0.00013884191329275905
 4382.716049 -1296.296296  -0.00013938756217593293
 4382.716049 -1172.839506  -0.00013994155214284071
 4382.716049 -1049.382716  -0.00013994710046314978
 4382.716049  -925.925926  -0.00013967951569715349
 4382.716049  -802.469136  -0.00013922591807179031
 4382.716049  -679.012346  -0.00013884481017702717
 4382.716049  -555.555556  -0.00013881527755474680
 4382.716049  -432.098765  -0.00013928095810249630
 4382.716049  -308.641975  -0.00014008878029209826
 4382.716049  -185.185185  -0.00014062247020312266
 4382.716049   -61.728395  -0.00013963082737122187
 4382.716049    61.728395  -0.00013970708850365743
 4382.716049   185.185185  -0.00014086568039922814
 4382.716049   308.641975  -0.00014046374205649266
 4382.716049   432.098765  -0.00013976859674532567
 4382.716049   555.555556  -0.00013942272745070633
 4382.716049   679.012346  -0.00013959607007795637
 4382.716049   802.469136  -0.00014014378162799677
 4382.716049   925.925926  -0.00014076948334262437
 4382.716049  1049.382716  -0.00014119397881980753
 4382.716049  1172.839506  -0.00014132944709899982
 4382.716049  1296.296296  -0.00014090259169533245
 4382.716049  1419.753086  -0.00014047796063615547
 4382.716049  1543.209877  -0.00014015799683128339
 4382.716049  1666.666667  -0.00013964718660487943
 4382.716049  1790.123457  -0.00013967748617469680
 4382.716049  1913.580247  -0.00014073616971993367
 4382.716049  2037.037037  -0.00014240236630805376
 4382.716049  2160.493827  -0.00014329228568057438
 4382.716049  2283.950617  -0.00014161313289782029
 4382.716049  2407.407407  -0.00013632571184264469
 4382.716049  2530.864198  -0.00014051773357965643
 4382.716049  2654.320988  -0.00015109424848255861
 4382.716049  2777.777778  -0.00014523936001220109
 4382.716049  2901.234568  -0.00013761252822370917
 4382.716049  3024.691358  -0.00013411911105916415
 4382.716049  3148.148148  -0.00013548576636321225
 4382.716049  3271.604938  -0.00013996945289039832
 4382.716049  3395.061728  -0.00014520003030423024
 4382.716049  3518.518519  -0.00014915645816796882
 4382.716049  3641.975309  -0.00015027659392714653
 4382.716049  3765.432099  -0.00014720581912575027
 4382.716049  3888.888889  -0.00014172609930322651
 4382.716049  4012.345679  -0.00013575352190462833
 4382.716049  4135.802469  -0.00013185997166313931
 4382.716049  4259.259259  -0.00013277570345260608
 4382.716049  4382.716049  -0.00013989926513474816
 4382.716049  4506.172840  -0.00015163343951819926
 4382.716049  4629.629630  -0.00016154720542937994
 4382.716049  4753.086420  -0.00015636371789519882
 4382.716049  4876.543210  -0.00011377430743758652

 4506.172840 -5000.000000  0.00000308380066250419
 4506.172840 -4876.543210  -0.00012244307950966149
 4506.172840 -4753.086420  -0.00017136940080938302
 4506.172840 -4629.629630  -0.00017789773140312475
 4506.172840 -4506.172840  -0.00016658408742752993
 4506.172840 -4382.716049  -0.00015304913670897936
 4506.172840 -4259.259259  -0.00014516618747254030
 4506.172840 -4135.802469  -0.00014472596204029368
 4506.172840 -4012.345679  -0.00014957815551903923
 4506.172840 -3888.888889  -0.00015624977947737762
 4506.172840 -3765.432099  -0.00016304029061217019
 4506.172840 -3641.975309  -0.00016624528746104201
 4506.172840 -3518.518519  -0.00016522563665154999
 4506.172840 -3395.061728  -0.00016080047499613396
 4506.172840 -3271.604938  -0.00015482209503935786
 4506.172840 -3148.148148  -0.00014993952585669036
 4506.172840 -3024.691358  -0.00014893520722085294
 4506.172840 -2901.234568  -0.00015345419576088352
 4506.172840 -2777.777778  -0.00016212590311391546
 4506.172840 -2654.320988  -0.00016807836606967116
 4506.172840 -2530.864198  -0.00015584504870767033
 4506.172840 -2407.407407  -0.00015306441703920410
 4506.172840 -2283.950617  -0.00015837918846658928
 4506.172840 -2160.493827  -0.00015988193923896688
 4506.172840 -2037.037037  -0.00015916511097411270
 4506.172840 -1913.580247  -0.00015785695684158191
 4506.172840 -1790.123457  -0.00015705253734922352
 4506.172840 -1666.666667  -0.00015708410661688027
 4506.172840 -1543.209877  -0.00015763088913727386
 4506.172840 -1419.753086  -0.00015816824702407411
 4506.172840 -1296.296296  -0.00015875623774715345
 4506.172840 -1172.839506  -0.00015924897511815174
 4506.172840 -1049.382716  -0.00015927127981091413
 4506.172840  -925.925926  -0.00015900058934440771
 4506.172840  -802.469136  -0.00015855386902315934
 4506.172840  -679.012346  -0.00015818586781078469
 4506.172840  -555.555556  -0.00015816373408085698
 4506.172840  -432.098765  -0.00015862617781541805
 4506.172840  -308.641975  -0.00015942717925113397
 4506.172840  -185.185185  -0.00015996424397309402
 4506.172840   -61.728395  -0.00015899120445625218
 4506.172840    61.728395  -0.00015907374298464400
 4506.172840   185.185185  -0.00016022526703668365
 4506.172840   308.641975  -0.00015983279276162026
 4506.172840   432.098765  -0.00015915829482012310
 4506.172840   555.555556  -0.00015882924402609898
 4506.172840   679.012346  -0.00015900771747658174
 4506.172840   802.469136  -0.00015955398668097328
 4506.172840   925.925926  -0.00016018458368963987
 4506.172840  1049.382716  -0.00016062484522186304
 4506.172840  1172.839506  -0.00016075593479314250
 4506.172840  1296.296296  -0.00016040614082622986
 4506.172840  1419.753086  -0.00015995117442162715
 4506.172840  1543.209877  -0.00015955147637945833
 4506.172840  1666.666667  -0.00015914152415527467
 4506.172840  1790.123457  -0.00015926956905010673
 4506.172840  1913.580247  -0.00016027146241350383
 4506.172840  2037.037037  -0.00016180025030064702
 4506.172840  2160.493827  -0.00016271153658353307
 4506.172840  2283.950617  -0.00016130461451623141
 4506.172840  2407.407407  -0.00015591936675421385
 4506.172840  2530.864198  -0.00015899239463860174
 4506.172840  2654.320988  -0.00017191793954962430
 4506.172840  2777.777778  -0.00016587044301662765
 4506.172840  2901.234568  -0.00015699000158715399
 4506.172840  3024.691358  -0.00015244472648912860
 4506.172840  3148.148148  -0.00015366181635955600
 4506.172840  3271.604938  -0.00015892339127224615
 4506.172840  3395.061728  -0.00016532708806457389
 4506.172840  3518.518519  -0.00017011141696326979
 4506.172840  3641.975309  -0.00017134587950924312
 4506.172840  3765.432099  -0.00016817639602995682
 4506.172840  3888.888889  -0.00016126512681317295
 4506.172840  4012.345679  -0.00015448501978198689
 4506.172840  4135.802469  -0.00014960068480043495
 4506.172840  4259.259259  -0.00015023488708109105
 4506.172840  4382.716049  -0.00015863381991867016
 4506.172840  4506.172840  -0.00017293192402814166
 4506.172840  4629.629630  -0.00018491625348735074
 4506.172840  4753.086420  -0.00017829038828414624
 4506.172840  4876.543210  -0.00012743789346801812

 4629.629630 -5000.000000  0.00000552484456508248
 4629.629630 -4876.543210  -0.00013447279442256320
 4629.629630 -4753.086420  -0.00019024251536589010
 4629.629630 -4629.629630  -0.00019797276244786988
 4629.629630 -4506.172840  -0.00018501200067472300
 4629.629630 -4382.716049  -0.00016942144264659242
 4629.629630 -4259.259259  -0.00016049709981195547
 4629.629630 -4135.802469  -0.00016026115820576010
 4629.629630 -4012.345679  -0.00016592267867128406
 4629.629630 -3888.888889  -0.00017330762156571655
 4629.629630 -3765.432099  -0.00018125819594946385
 4629.629630 -3641.975309  -0.00018462714824821812
 4629.629630 -3518.518519  -0.00018351423410462356
 4629.629630 -3395.061728  -0.00017843532230501328
 4629.629630 -3271.604938  -0.00017153210157492809
 4629.629630 -3148.148148  -0.00016600962576409671
 4629.629630 -3024.691358  -0.00016507811991260489
 4629.629630 -2901.234568  -0.00017041790842183509
 4629.629630 -2777.777778  -0.00018016746533018005
 4629.629630 -2654.320988  -0.00018643458669352687
 4629.629630 -2530.864198  -0.00017233068507051515
 4629.629630 -2407.407407  -0.00017020482078067937
 4629.629630 -2283.950617  -0.00017576250515313388
 4629.629630 -2160.493827  -0.00017714556354306527
 4629.629630 -2037.037037  -0.00017639831909057368
 4629.629630 -1913.580247  -0.00017514287380806487
 4629.629630 -1790.123457  -0.00017435582584770460
 4629.629630 -1666.666667  -0.00017433258876823398
 4629.629630 -1543.209877  -0.00017483931280114042
 4629.629630 -1419.753086  -0.00017545240811618889
 4629.629630 -1296.296296  -0.00017608567008630898
 4629.629630 -1172.839506  -0.00017655103672476483
 4629.629630 -1049.382716  -0.00017658271601786679
 4629.629630  -925.925926  -0.00017629860266606530
 4629.629630  -802.469136  -0.00017583958670573690
 4629.629630  -679.012346  -0.00017546593379000441
 4629.629630  -555.555556  -0.00017544525581649024
 4629.629630  -432.098765  -0.00017591743469095859
 4629.629630  -308.641975  -0.00017673649922685008
 4629.629630  -185.185185  -0.00017728945518070686
 4629.629630   -61.728395  -0.00017629206842348802
 4629.629630    61.728395  -0.00017638011139499234
 4629.629630   185.185185  -0.00017756653487328663
 4629.629630   308.641975  -0.00017716888975094253
 4629.629630   432.098765  -0.00017648736599800896
 4629.629630   555.555556  -0.00017615961395694621
 4629.629630   679.012346  -0.00017634743486597088
 4629.629630   802.469136  -0.00017691002618060210
 4629.629630   925.925926  -0.00017756378169340737
 4629.629630  1049.382716  -0.00017802864645194937
 4629.629630  1172.839506  -0.00017816102647493198
 4629.629630  1296.296296  -0.00017785135441214742
 4629.629630  1419.753086  -0.00017736111496019199
 4629.629630  1543.209877  -0.00017689443809681461
 4629.629630  1666.666667  -0.00017653809372165672
 4629.629630  1790.123457  -0.00017673453627835184
 4629.629630  1913.580247  -0.00017772876077966769
 4629.629630  2037.037037  -0.00017921255067108758
 4629.629630  2160.493827  -0.00018016611753283361
 4629.629630  2283.950617  -0.00017889713262032782
 4629.629630  2407.407407  -0.00017327715024309515
 4629.629630  2530.864198  -0.00017567734665951140
 4629.629630  2654.320988  -0.00019054588625253840
 4629.629630  2777.777778  -0.00018419011640810517
 4629.629630  2901.234568  -0.00017421081308064665
 4629.629630  3024.691358  -0.00016882919185900531
 4629.629630  3148.148148  -0.00016998152843502784
 4629.629630  3271.604938  -0.00017591518569831438
 4629.629630  3395.061728  -0.00018328604745712141
 4629.629630  3518.518519  -0.00018875735878541743
 4629.629630  3641.975309  -0.00019009997299609157
 4629.629630  3765.432099  -0.00018677698040372477
 4629.629630  3888.888889  -0.00017867910430192319
 4629.629630  4012.345679  -0.00017117873428962348
 4629.629630  4135.802469  -0.00016547120151175389
 4629.629630  4259.259259  -0.00016590467095163215
 4629.629630  4382.716049  -0.00017539008811293165
 4629.629630  4506.172840  -0.00019182350490241297
 4629.629630  4629.629630  -0.00020552078471342239
 4629.629630  4753.086420  -0.00019766468671015257
 4629.629630  4876.543210  -0.00013976432931267203

 4753.086420 -5000.000000  0.00000322861235426037
 4753.086420 -4876.543210  -0.00013471012238902870
 4753.086420 -4753.086420  -0.00018861663324777592
 4753.086420 -4629.629630  -0.00019596865484473400
 4753.086420 -4506.172840  -0.00018369043391006497
 4753.086420 -4382.716049  -0.00016892362046052342
 4753.086420 -4259.259259  -0.00016032183665663059
 4753.086420 -4135.802469  -0.00015986892333782240
 4753.086420 -4012.345679  -0.00016522086423557416
 4753.086420 -3888.888889  -0.00017257138786449760
 4753.086420 -3765.432099  -0.00018004124709141537
 4753.086420 -3641.975309  -0.00018362699122159050
 4753.086420 -3518.518519  -0.00018250545813520354
 4753.086420 -3395.061728  -0.00017767071160278364
 4753.086420 -3271.604938  -0.00017113734073992426
 4753.086420 -3148.148148  -0.00016576188030338504
 4753.086420 -3024.691358  -0.00016459136998949245
 4753.086420 -2901.234568  -0.00016948869481823929
 4753.086420 -2777.777778  -0.00017903470660308839
 4753.086420 -2654.320988  -0.00018570712650647502
 4753.086420 -2530.864198  -0.00017233622868101299
 4753.086420 -2407.407407  -0.00016902260454303503
 4753.086420 -2283.950617  -0.00017500609286995081
 4753.086420 -2160.493827  -0.00017673777945161271
 4753.086420 -2037.037037  -0.00017591454844489475
 4753.086420 -1913.580247  -0.00017439549154412676
 4753.086420 -1790.123457  -0.00017346108153388479
 4753.086420 -1666.666667  -0.00017349981365966869
 4753.086420 -1543.209877  -0.00017412231481646537
 4753.086420 -1419.753086  -0.00017470292055520042
 4753.086420 -1296.296296  -0.00017534871990707533
 4753.086420 -1172.839506  -0.00017590432191721007
 4753.086420 -1049.382716  -0.00017591268603746671
 4753.086420  -925.925926  -0.00017559237179059410
 4753.086420  -802.469136  -0.00017507089617397454
 4753.086420  -679.012346  -0.00017463768322480098
 4753.086420  -555.555556  -0.00017459755534214187
 4753.086420  -432.098765  -0.00017510846772734613
 4753.086420  -308.641975  -0.00017600348594279313
 4753.086420  -185.185185  -0.00017659700658898491
 4753.086420   -61.728395  -0.00017547522109998201
 4753.086420    61.728395  -0.00017556060732080747
 4753.086420   185.185185  -0.00017686731791910840
 4753.086420   308.641975  -0.00017642245358369255
 4753.086420   432.098765  -0.00017565683458492800
 4753.086420   555.555556  -0.00017528278812992262
 4753.086420   679.012346  -0.00017548438095425317
 4753.086420   802.469136  -0.00017610251686663630
 4753.086420   925.925926  -0.00017681489924654365
 4753.086420  1049.382716  -0.00017731085849475924
 4753.086420  1172.839506  -0.00017746104443687959
 4753.086420  1296.296296  -0.00017705238035255219
 4753.086420  1419.753086  -0.00017654362717277921
 4753.086420  1543.209877  -0.00017610537000569529
 4753.086420  1666.666667  -0.00017562338516348425
 4753.086420  1790.123457  -0.00017574960953286738
 4753.086420  1913.580247  -0.00017689038177783254
 4753.086420  2037.037037  -0.00017864108372923654
 4753.086420  2160.493827  -0.00017966718196128230
 4753.086420  2283.950617  -0.00017803166955487185
 4753.086420  2407.407407  -0.00017196890804783269
 4753.086420  2530.864198  -0.00017559539468944157
 4753.086420  2654.320988  -0.00018968369388850300
 4753.086420  2777.777778  -0.00018290735576436876
 4753.086420  2901.234568  -0.00017314302415611825
 4753.086420  3024.691358  -0.00016822042504915721
 4753.086420  3148.148148  -0.00016961481194547993
 4753.086420  3271.604938  -0.00017538556175878870
 4753.086420  3395.061728  -0.00018236092123447467
 4753.086420  3518.518519  -0.00018756890389445613
 4753.086420  3641.975309  -0.00018891433750687804
 4753.086420  3765.432099  -0.00018536467156435180
 4753.086420  3888.888889  -0.00017776663115953820
 4753.086420  4012.345679  -0.00017030463353973725
 4753.086420  4135.802469  -0.00016491777013125043
 4753.086420  4259.259259  -0.00016557004798160250
 4753.086420  4382.716049  -0.00017470760476346033
 4753.086420  4506.172840  -0.00019026757853539590
 4753.086420  4629.629630  -0.00020323863225949368
 4753.086420  4753.086420  -0.00019577313307580127
 4753.086420  4876.543210  -0.00013985098633362300

 4876.543210 -5000.000000  -0.00000487889351656156
 4876.543210 -4876.543210  -0.00010315235036262875
 4876.543210 -4753.086420  -0.00013791123428581867
 4876.543210 -4629.629630  -0.00014205395076831226
 4876.543210 -4506.172840  -0.00013476601909768183
 4876.543210 -4382.716049  -0.00012611211771047852
 4876.543210 -4259.259259  -0.00012056784162166486
 4876.543210 -4135.802469  -0.00011949117193988138
 4876.543210 -4012.345679  -0.00012253365746854581
 4876.543210 -3888.888889  -0.00012799130839278498
 4876.543210 -3765.432099  -0.00013209520205220094
 4876.543210 -3641.975309  -0.00013543657187234929
 4876.543210 -3518.518519  -0.00013456297652060089
 4876.543210 -3395.061728  -0.00013164590837520937
 4876.543210 -3271.604938  -0.00012783302281098362
 4876.543210 -3148.148148  -0.00012424152284993826
 4876.543210 -3024.691358  -0.00012267117694446809
 4876.543210 -2901.234568  -0.00012504962795691375
 4876.543210 -2777.777778  -0.00013160999333551842
 4876.543210 -2654.320988  -0.00013780075648677458
 4876.543210 -2530.864198  -0.00012992794934416283
 4876.543210 -2407.407407  -0.00012392322158340566
 4876.543210 -2283.950617  -0.00012963385712509181
 4876.543210 -2160.493827  -0.00013195752964296686
 4876.543210 -2037.037037  -0.00013113311070779497
 4876.543210 -1913.580247  -0.00012923906237001439
 4876.543210 -1790.123457  -0.00012812074385310014
 4876.543210 -1666.666667  -0.00012834084995964106
 4876.543210 -1543.209877  -0.00012915298119013093
 4876.543210 -1419.753086  -0.00012949834557447591
 4876.543210 -1296.296296  -0.00013002559221621414
 4876.543210 -1172.839506  -0.00013071513252881851
 4876.543210 -1049.382716  -0.00013066536312995443
 4876.543210  -925.925926  -0.00013033404577795542
 4876.543210  -802.469136  -0.00012977615422887361
 4876.543210  -679.012346  -0.00012929223500949595
 4876.543210  -555.555556  -0.00012921805067188187
 4876.543210  -432.098765  -0.00012972415835853449
 4876.543210  -308.641975  -0.00013062542367820229
 4876.543210  -185.185185  -0.00013120046989231534
 4876.543210   -61.728395  -0.00013002106241205317
 4876.543210    61.728395  -0.00013008304456751249
 4876.543210   185.185185  -0.00013140154270125499
 4876.543210   308.641975  -0.00013092907647983088
 4876.543210   432.098765  -0.00013011045880265761
 4876.543210   555.555556  -0.00012969459516704192
 4876.543210   679.012346  -0.00012988425166163921
 4876.543210   802.469136  -0.00013050733665922990
 4876.543210   925.925926  -0.00013120969620881575
 4876.543210  1049.382716  -0.00013166942312703130
 4876.543210  1172.839506  -0.00013183267978887631
 4876.543210  1296.296296  -0.00013123772703819777
 4876.543210  1419.753086  -0.00013080532366621515
 4876.543210  1543.209877  -0.00013056465206480298
 4876.543210  1666.666667  -0.00012983847237157652
 4876.543210  1790.123457  -0.00012972855802355514
 4876.543210  1913.580247  -0.00013101215162226795
 4876.543210  2037.037037  -0.00013310382825674016
 4876.543210  2160.493827  -0.00013408276628435993
 4876.543210  2283.950617  -0.00013178542556962678
 4876.543210  2407.407407  -0.00012596363318077958
 4876.543210  2530.864198  -0.00013233759691995040
 4876.543210  2654.320988  -0.00014065064284282086
 4876.543210  2777.777778  -0.00013433255884103760
 4876.543210  2901.234568  -0.00012763174226514021
 4876.543210  3024.691358  -0.00012528337043202960
 4876.543210  3148.148148  -0.00012704412607833214
 4876.543210  3271.604938  -0.00013090779264377902
 4876.543210  3395.061728  -0.00013500171938460293
 4876.543210  3518.518519  -0.00013816415631695060
 4876.543210  3641.975309  -0.00013920245899031239
 4876.543210  3765.432099  -0.00013586062291748345
 4876.543210  3888.888889  -0.00013171701139237901
 4876.543210  4012.345679  -0.00012617915609275799
 4876.543210  4135.802469  -0.00012314624279333717
 4876.543210  4259.259259  -0.00012439584385605937
 4876.543210  4382.716049  -0.00013029918936078032
 4876.543210  4506.172840  -0.00013944418935757762
 4876.543210  4629.629630  -0.00014716620724068182
 4876.543210  4753.086420  -0.00014298658424403014
 4876.543210  4876.543210  -0.00010695891505844208

