-5000.000000 -5000.000000  0.00001107570933959820
-5000.000000 -4876.543210  0.00001880464236584280
-5000.000000 -4753.086420  0.00000322716974197581
-5000.000000 -4629.629630  0.00000328908553900766
-5000.000000 -4506.172840  0.00000387205153642475
-5000.000000 -4382.716049  0.00000863565209532060
-5000.000000 -4259.259259  0.00001147066657346982
-5000.000000 -4135.802469  0.00001053033348390760
-5000.000000 -4012.345679  0.00000898907749053661
-5000.000000 -3888.888889  0.00000774784850899490
-5000.000000 -3765.432099  0.00000546580349399801
-5000.000000 -3641.975309  0.00000519300517033990
-5000.000000 -3518.518519  0.00000540873201247920
-5000.000000 -3395.061728  0.00000670443020647596
-5000.000000 -3271.604938  0.00000829317971640550
-5000.000000 -3148.148148  0.00000942189356426263
-5000.000000 -3024.691358  0.00000922988605864235
-5000.000000 -2901.234568  0.00000769555482967137
-5000.000000 -2777.777778  0.00000542830231135967
-5000.000000 -2654.320988  0.00000473206628988100
-5000.000000 -2530.864198  0.00000900698425037128
-5000.000000 -2407.407407  0.00000648365961974011
-5000.000000 -2283.950617  0.00000666327177767764
-5000.000000 -2160.493827  0.00000648851493552612
-5000.000000 -2037.037037  0.00000662703727054036
-5000.000000 -1913.580247  0.00000632119644769570
-5000.000000 -1790.123457  0.00000633663601923306
-5000.000000 -1666.666667  0.00000634275362915609
-5000.000000 -1543.209877  0.00000631403760844624
-5000.000000 -1419.753086  0.00000620817620852659
-5000.000000 -1296.296296  0.00000612178185632022
-5000.000000 -1172.839506  0.00000609006825432524
-5000.000000 -1049.382716  0.00000603924096758138
-5000.000000  -925.925926  0.00000598645995303181
-5000.000000  -802.469136  0.00000594326706097205
-5000.000000  -679.012346  0.00000589594284973787
-5000.000000  -555.555556  0.00000585601331723969
-5000.000000  -432.098765  0.00000581929901905853
-5000.000000  -308.641975  0.00000578875744957585
-5000.000000  -185.185185  0.00000577004426887275
-5000.000000   -61.728395  0.00000577426334810169
-5000.000000    61.728395  0.00000577426334810382
-5000.000000   185.185185  0.00000577004426887016
-5000.000000   308.641975  0.00000578875744957112
-5000.000000   432.098765  0.00000581929901905343
-5000.000000   555.555556  0.00000585601331723469
-5000.000000   679.012346  0.00000589594284973145
-5000.000000   802.469136  0.00000594326706096503
-5000.000000   925.925926  0.00000598645995302461
-5000.000000  1049.382716  0.00000603924096757395
-5000.000000  1172.839506  0.00000609006825431549
-5000.000000  1296.296296  0.00000612178185630905
-5000.000000  1419.753086  0.00000620817620851408
-5000.000000  1543.209877  0.00000631403760843332
-5000.000000  1666.666667  0.00000634275362914337
-5000.000000  1790.123457  0.00000633663601921876
-5000.000000  1913.580247  0.00000632119644768339
-5000.000000  2037.037037  0.00000662703727053026
-5000.000000  2160.493827  0.00000648851493551618
-5000.000000  2283.950617  0.00000666327177766839
-5000.000000  2407.407407  0.00000648365961972674
-5000.000000  2530.864198  0.00000900698425037387
-5000.000000  2654.320988  0.00000473206628987523
-5000.000000  2777.777778  0.00000542830231134851
-5000.000000  2901.234568  0.00000769555482965976
-5000.000000  3024.691358  0.00000922988605863331
-5000.000000  3148.148148  0.00000942189356425674
-5000.000000  3271.604938  0.00000829317971640171
-5000.000000  3395.061728  0.00000670443020647209
-5000.000000  3518.518519  0.00000540873201247470
-5000.000000  3641.975309  0.00000519300517033476
-5000.000000  3765.432099  0.00000546580349398934
-5000.000000  3888.888889  0.00000774784850898574
-5000.000000  4012.345679  0.00000898907749052693
-5000.000000  4135.802469  0.00001053033348389881
-5000.000000  4259.259259  0.00001147066657346225
-5000.000000  4382.716049  0.00000863565209531761
-5000.000000  4506.172840  0.00000387205153642699
-5000.000000  4629.629630  0.00000328908553901013
-5000.000000  4753.086420  0.00000322716974197591
-5000.000000  4876.543210  0.00001880464236582900

-4876.543210 -5000.000000  0.00002032514976582699
-4876.543210 -4876.543210  -0.00007136014452484907
-4876.543210 -4753.086420  -0.00014097364193626857
-4876.543210 -4629.629630  -0.00014559606501629536
-4876.543210 -4506.172840  -0.00013582150931520015
-4876.543210 -4382.716049  -0.00011676340262778014
-4876.543210 -4259.259259  -0.00010595044400493976
-4876.543210 -4135.802469  -0.00010814961890760070
-4876.543210 -4012.345679  -0.00011580787524090607
-4876.543210 -3888.888889  -0.00012449628662488543
-4876.543210 -3765.432099  -0.00013450322146806533
-4876.543210 -3641.975309  -0.00013746753773714830
-4876.543210 -3518.518519  -0.00013635937194121604
-4876.543210 -3395.061728  -0.00013014065469003824
-4876.543210 -3271.604938  -0.00012200488447973546
-4876.543210 -3148.148148  -0.00011659495031601000
-4876.543210 -3024.691358  -0.00011764642916332611
-4876.543210 -2901.234568  -0.00012549198992504171
-4876.543210 -2777.777778  -0.00013692159612671765
-4876.543210 -2654.320988  -0.00014050633026275948
-4876.543210 -2530.864198  -0.00011962049602668298
-4876.543210 -2407.407407  -0.00013130206422920233
-4876.543210 -2283.950617  -0.00013052049715657848
-4876.543210 -2160.493827  -0.00013126440611426634
-4876.543210 -2037.037037  -0.00013089593202387449
-4876.543210 -1913.580247  -0.00013272033266571427
-4876.543210 -1790.123457  -0.00013298321305758447
-4876.543210 -1666.666667  -0.00013312445419260405
-4876.543210 -1543.209877  -0.00013340483543030588
-4876.543210 -1419.753086  -0.00013419161902537358
-4876.543210 -1296.296296  -0.00013481720887725864
-4876.543210 -1172.839506  -0.00013514212235800926
-4876.543210 -1049.382716  -0.00013562235283383082
-4876.543210  -925.925926  -0.00013609585970128697
-4876.543210  -802.469136  -0.00013652686525833160
-4876.543210  -679.012346  -0.00013696299576598344
-4876.543210  -555.555556  -0.00013731169407639972
-4876.543210  -432.098765  -0.00013758215017925827
-4876.543210  -308.641975  -0.00013778014238192081
-4876.543210  -185.185185  -0.00013792969000233987
-4876.543210   -61.728395  -0.00013804641167148446
-4876.543210    61.728395  -0.00013804641167147568
-4876.543210   185.185185  -0.00013792969000234241
-4876.543210   308.641975  -0.00013778014238193017
-4876.543210   432.098765  -0.00013758215017927263
-4876.543210   555.555556  -0.00013731169407640970
-4876.543210   679.012346  -0.00013696299576600803
-4876.543210   802.469136  -0.00013652686525835348
-4876.543210   925.925926  -0.00013609585970131085
-4876.543210  1049.382716  -0.00013562235283385860
-4876.543210  1172.839506  -0.00013514212235803848
-4876.543210  1296.296296  -0.00013481720887730016
-4876.543210  1419.753086  -0.00013419161902542044
-4876.543210  1543.209877  -0.00013340483543035310
-4876.543210  1666.666667  -0.00013312445419265528
-4876.543210  1790.123457  -0.00013298321305763207
-4876.543210  1913.580247  -0.00013272033266576916
-4876.543210  2037.037037  -0.00013089593202391804
-4876.543210  2160.493827  -0.00013126440611430630
-4876.543210  2283.950617  -0.00013052049715661385
-4876.543210  2407.407407  -0.00013130206422924605
-4876.543210  2530.864198  -0.00011962049602665588
-4876.543210  2654.320988  -0.00014050633026277393
-4876.543210  2777.777778  -0.00013692159612675378
-4876.543210  2901.234568  -0.00012549198992508007
-4876.543210  3024.691358  -0.00011764642916334477
-4876.543210  3148.148148  -0.00011659495031601310
-4876.543210  3271.604938  -0.00012200488447972124
-4876.543210  3395.061728  -0.00013014065469001433
-4876.543210  3518.518519  -0.00013635937194119436
-4876.543210  3641.975309  -0.00013746753773712716
-4876.543210  3765.432099  -0.00013450322146805983
-4876.543210  3888.888889  -0.00012449628662489505
-4876.543210  4012.345679  -0.00011580787524091929
-4876.543210  4135.802469  -0.00010814961890761586
-4876.543210  4259.259259  -0.00010595044400494451
-4876.543210  4382.716049  -0.00011676340262775986
-4876.543210  4506.172840  -0.00013582150931515242
-4876.543210  4629.629630  -0.00014559606501622920
-4876.543210  4753.086420  -0.00014097364193620257
-4876.543210  4876.543210  -0.00007136014452483929

-4753.086420 -5000.000000  0.00000486670716977507
-4753.086420 -4876.543210  -0.00013499644419383362
-4753.086420 -4753.086420  -0.00019477424157992050
-4753.086420 -4629.629630  -0.00020086129295074251
-4753.086420 -4506.172840  -0.00018897533985287547
-4753.086420 -4382.716049  -0.00017369152506567560
-4753.086420 -4259.259259  -0.00016528705226862548
-4753.086420 -4135.802469  -0.00016625206627068602
-4753.086420 -4012.345679  -0.00017326527149434372
-4753.086420 -3888.888889  -0.00018237478464586311
-4753.086420 -3765.432099  -0.00019079511712113181
-4753.086420 -3641.975309  -0.00019398331251876540
-4753.086420 -3518.518519  -0.00019293110568095842
-4753.086420 -3395.061728  -0.00018736836200221348
-4753.086420 -3271.604938  -0.00017993586336338994
-4753.086420 -3148.148148  -0.00017512089503905667
-4753.086420 -3024.691358  -0.00017611453630258156
-4753.086420 -2901.234568  -0.00018335343408331492
-4753.086420 -2777.777778  -0.00019395061375674508
-4753.086420 -2654.320988  -0.00019741925967864523
-4753.086420 -2530.864198  -0.00017830928982335705
-4753.086420 -2407.407407  -0.00018878302267791029
-4753.086420 -2283.950617  -0.00018813871941283464
-4753.086420 -2160.493827  -0.00018897451533802525
-4753.086420 -2037.037037  -0.00018876988079749799
-4753.086420 -1913.580247  -0.00019055635273685016
-4753.086420 -1790.123457  -0.00019092922337074993
-4753.086420 -1666.666667  -0.00019121672060487088
-4753.086420 -1543.209877  -0.00019163455082745262
-4753.086420 -1419.753086  -0.00019249286973106391
-4753.086420 -1296.296296  -0.00019321411923446790
-4753.086420 -1172.839506  -0.00019367944829069288
-4753.086420 -1049.382716  -0.00019427172679296626
-4753.086420  -925.925926  -0.00019486278683244321
-4753.086420  -802.469136  -0.00019540351652634630
-4753.086420  -679.012346  -0.00019593432181571745
-4753.086420  -555.555556  -0.00019636922892978626
-4753.086420  -432.098765  -0.00019671410969514700
-4753.086420  -308.641975  -0.00019696975564090821
-4753.086420  -185.185185  -0.00019715637137320430
-4753.086420   -61.728395  -0.00019729885374077146
-4753.086420    61.728395  -0.00019729885374076634
-4753.086420   185.185185  -0.00019715637137320685
-4753.086420   308.641975  -0.00019696975564091582
-4753.086420   432.098765  -0.00019671410969515833
-4753.086420   555.555556  -0.00019636922892979112
-4753.086420   679.012346  -0.00019593432181574136
-4753.086420   802.469136  -0.00019540351652636587
-4753.086420   925.925926  -0.00019486278683246433
-4753.086420  1049.382716  -0.00019427172679298952
-4753.086420  1172.839506  -0.00019367944829071408
-4753.086420  1296.296296  -0.00019321411923450493
-4753.086420  1419.753086  -0.00019249286973110259
-4753.086420  1543.209877  -0.00019163455082749233
-4753.086420  1666.666667  -0.00019121672060491566
-4753.086420  1790.123457  -0.00019092922337078858
-4753.086420  1913.580247  -0.00019055635273690111
-4753.086420  2037.037037  -0.00018876988079753821
-4753.086420  2160.493827  -0.00018897451533806160
-4753.086420  2283.950617  -0.00018813871941286586
-4753.086420  2407.407407  -0.00018878302267794447
-4753.086420  2530.864198  -0.00017830928982332813
-4753.086420  2654.320988  -0.00019741925967865640
-4753.086420  2777.777778  -0.00019395061375677419
-4753.086420  2901.234568  -0.00018335343408334544
-4753.086420  3024.691358  -0.00017611453630258887
-4753.086420  3148.148148  -0.00017512089503905070
-4753.086420  3271.604938  -0.00017993586336336671
-4753.086420  3395.061728  -0.00018736836200217936
-4753.086420  3518.518519  -0.00019293110568092614
-4753.086420  3641.975309  -0.00019398331251873079
-4753.086420  3765.432099  -0.00019079511712111270
-4753.086420  3888.888889  -0.00018237478464586099
-4753.086420  4012.345679  -0.00017326527149434467
-4753.086420  4135.802469  -0.00016625206627069014
-4753.086420  4259.259259  -0.00016528705226861589
-4753.086420  4382.716049  -0.00017369152506564552
-4753.086420  4506.172840  -0.00018897533985282055
-4753.086420  4629.629630  -0.00020086129295066594
-4753.086420  4753.086420  -0.00019477424157984368
-4753.086420  4876.543210  -0.00013499644419380044

-4629.629630 -5000.000000  0.00000436173654523057
-4629.629630 -4876.543210  -0.00013180443694985934
-4629.629630 -4753.086420  -0.00018923004882045742
-4629.629630 -4629.629630  -0.00019506269312275548
-4629.629630 -4506.172840  -0.00018351454399026325
-4629.629630 -4382.716049  -0.00016882458127430498
-4629.629630 -4259.259259  -0.00016073072644417645
-4629.629630 -4135.802469  -0.00016158853078003033
-4629.629630 -4012.345679  -0.00016831581774191215
-4629.629630 -3888.888889  -0.00017711778143797793
-4629.629630 -3765.432099  -0.00018518535385595976
-4629.629630 -3641.975309  -0.00018832276229463287
-4629.629630 -3518.518519  -0.00018728980045794330
-4629.629630 -3395.061728  -0.00018194587161936591
-4629.629630 -3271.604938  -0.00017480620987228365
-4629.629630 -3148.148148  -0.00017017908381875094
-4629.629630 -3024.691358  -0.00017111948573586512
-4629.629630 -2901.234568  -0.00017808452339485628
-4629.629630 -2777.777778  -0.00018833782469769773
-4629.629630 -2654.320988  -0.00019176370029676840
-4629.629630 -2530.864198  -0.00017332320462845136
-4629.629630 -2407.407407  -0.00018327957675932319
-4629.629630 -2283.950617  -0.00018274426383522755
-4629.629630 -2160.493827  -0.00018364193568454117
-4629.629630 -2037.037037  -0.00018347809984122038
-4629.629630 -1913.580247  -0.00018521603015733278
-4629.629630 -1790.123457  -0.00018561227112457238
-4629.629630 -1666.666667  -0.00018596576079245238
-4629.629630 -1543.209877  -0.00018646274277458555
-4629.629630 -1419.753086  -0.00018737016196740329
-4629.629630 -1296.296296  -0.00018815291863573445
-4629.629630 -1172.839506  -0.00018871526771644499
-4629.629630 -1049.382716  -0.00018937842953654091
-4629.629630  -925.925926  -0.00019004433437373353
-4629.629630  -802.469136  -0.00019065270412921728
-4629.629630  -679.012346  -0.00019124543130561155
-4629.629630  -555.555556  -0.00019174108722367820
-4629.629630  -432.098765  -0.00019214611504492815
-4629.629630  -308.641975  -0.00019245432453775420
-4629.629630  -185.185185  -0.00019267148228258534
-4629.629630   -61.728395  -0.00019280305271089280
-4629.629630    61.728395  -0.00019280305271088968
-4629.629630   185.185185  -0.00019267148228259185
-4629.629630   308.641975  -0.00019245432453776350
-4629.629630   432.098765  -0.00019214611504494164
-4629.629630   555.555556  -0.00019174108722368419
-4629.629630   679.012346  -0.00019124543130563323
-4629.629630   802.469136  -0.00019065270412923409
-4629.629630   925.925926  -0.00019004433437375375
-4629.629630  1049.382716  -0.00018937842953656100
-4629.629630  1172.839506  -0.00018871526771646252
-4629.629630  1296.296296  -0.00018815291863576478
-4629.629630  1419.753086  -0.00018737016196743641
-4629.629630  1543.209877  -0.00018646274277462011
-4629.629630  1666.666667  -0.00018596576079249282
-4629.629630  1790.123457  -0.00018561227112460593
-4629.629630  1913.580247  -0.00018521603015737810
-4629.629630  2037.037037  -0.00018347809984125459
-4629.629630  2160.493827  -0.00018364193568457316
-4629.629630  2283.950617  -0.00018274426383525381
-4629.629630  2407.407407  -0.00018327957675935022
-4629.629630  2530.864198  -0.00017332320462842249
-4629.629630  2654.320988  -0.00019176370029677908
-4629.629630  2777.777778  -0.00018833782469772296
-4629.629630  2901.234568  -0.00017808452339487953
-4629.629630  3024.691358  -0.00017111948573586579
-4629.629630  3148.148148  -0.00017017908381874029
-4629.629630  3271.604938  -0.00017480620987225635
-4629.629630  3395.061728  -0.00018194587161933032
-4629.629630  3518.518519  -0.00018728980045790874
-4629.629630  3641.975309  -0.00018832276229459568
-4629.629630  3765.432099  -0.00018518535385593732
-4629.629630  3888.888889  -0.00017711778143797129
-4629.629630  4012.345679  -0.00016831581774190866
-4629.629630  4135.802469  -0.00016158853078002789
-4629.629630  4259.259259  -0.00016073072644415913
-4629.629630  4382.716049  -0.00016882458127426828
-4629.629630  4506.172840  -0.00018351454399020650
-4629.629630  4629.629630  -0.00019506269312268067
-4629.629630  4753.086420  -0.00018923004882038394
-4629.629630  4876.543210  -0.00013180443694982687

-4506.172840 -5000.000000  0.00000415405149000097
-4506.172840 -4876.543210  -0.00011291287880241419
-4506.172840 -4753.086420  -0.00016292605361558049
-4506.172840 -4629.629630  -0.00016784237111777613
-4506.172840 -4506.172840  -0.00015778525832215245
-4506.172840 -4382.716049  -0.00014486586424673086
-4506.172840 -4259.259259  -0.00013770466375128586
-4506.172840 -4135.802469  -0.00013840439199182310
-4506.172840 -4012.345679  -0.00014421065137415031
-4506.172840 -3888.888889  -0.00015181709001166132
-4506.172840 -3765.432099  -0.00015885906408112825
-4506.172840 -3641.975309  -0.00016165661205928448
-4506.172840 -3518.518519  -0.00016075153566499047
-4506.172840 -3395.061728  -0.00015609166109479628
-4506.172840 -3271.604938  -0.00014985982815555814
-4506.172840 -3148.148148  -0.00014582851948001464
-4506.172840 -3024.691358  -0.00014665516902692214
-4506.172840 -2901.234568  -0.00015273988973651964
-4506.172840 -2777.777778  -0.00016167347135600889
-4506.172840 -2654.320988  -0.00016467073892482869
-4506.172840 -2530.864198  -0.00014867351171788274
-4506.172840 -2407.407407  -0.00015720072516496272
-4506.172840 -2283.950617  -0.00015686725958667864
-4506.172840 -2160.493827  -0.00015765628801444381
-4506.172840 -2037.037037  -0.00015756679270136225
-4506.172840 -1913.580247  -0.00015911174863546908
-4506.172840 -1790.123457  -0.00015952267429303251
-4506.172840 -1666.666667  -0.00015989491195886275
-4506.172840 -1543.209877  -0.00016040764076695008
-4506.172840 -1419.753086  -0.00016130733602677926
-4506.172840 -1296.296296  -0.00016208887687067241
-4506.172840 -1172.839506  -0.00016269421610066968
-4506.172840 -1049.382716  -0.00016338171666192180
-4506.172840  -925.925926  -0.00016407530809206590
-4506.172840  -802.469136  -0.00016471454611529160
-4506.172840  -679.012346  -0.00016533876982132879
-4506.172840  -555.555556  -0.00016587180413198151
-4506.172840  -432.098765  -0.00016631846798068249
-4506.172840  -308.641975  -0.00016666684239940996
-4506.172840  -185.185185  -0.00016691039000150495
-4506.172840   -61.728395  -0.00016703262976327602
-4506.172840    61.728395  -0.00016703262976327442
-4506.172840   185.185185  -0.00016691039000151471
-4506.172840   308.641975  -0.00016666684239942267
-4506.172840   432.098765  -0.00016631846798069699
-4506.172840   555.555556  -0.00016587180413198696
-4506.172840   679.012346  -0.00016533876982134833
-4506.172840   802.469136  -0.00016471454611530434
-4506.172840   925.925926  -0.00016407530809208092
-4506.172840  1049.382716  -0.00016338171666193567
-4506.172840  1172.839506  -0.00016269421610068101
-4506.172840  1296.296296  -0.00016208887687069214
-4506.172840  1419.753086  -0.00016130733602680316
-4506.172840  1543.209877  -0.00016040764076697374
-4506.172840  1666.666667  -0.00015989491195889078
-4506.172840  1790.123457  -0.00015952267429305612
-4506.172840  1913.580247  -0.00015911174863550195
-4506.172840  2037.037037  -0.00015756679270138561
-4506.172840  2160.493827  -0.00015765628801446427
-4506.172840  2283.950617  -0.00015686725958669311
-4506.172840  2407.407407  -0.00015720072516497909
-4506.172840  2530.864198  -0.00014867351171785409
-4506.172840  2654.320988  -0.00016467073892483336
-4506.172840  2777.777778  -0.00016167347135602475
-4506.172840  2901.234568  -0.00015273988973653181
-4506.172840  3024.691358  -0.00014665516902691490
-4506.172840  3148.148148  -0.00014582851947999708
-4506.172840  3271.604938  -0.00014985982815552836
-4506.172840  3395.061728  -0.00015609166109475990
-4506.172840  3518.518519  -0.00016075153566495558
-4506.172840  3641.975309  -0.00016165661205924729
-4506.172840  3765.432099  -0.00015885906408110334
-4506.172840  3888.888889  -0.00015181709001164815
-4506.172840  4012.345679  -0.00014421065137413776
-4506.172840  4135.802469  -0.00013840439199181071
-4506.172840  4259.259259  -0.00013770466375126231
-4506.172840  4382.716049  -0.00014486586424668882
-4506.172840  4506.172840  -0.00015778525832209629
-4506.172840  4629.629630  -0.00016784237111770660
-4506.172840  4753.086420  -0.00016292605361551446
-4506.172840  4876.543210  -0.00011291287880238386

-4382.716049 -5000.000000  0.00000814356209308735
-4382.716049 -4876.543210  -0.00008464988849361915
-4382.716049 -4753.086420  -0.00013290662483155666
-4382.716049 -4629.629630  -0.00013682881407186254
-4382.716049 -4506.172840  -0.00012816261065733424
-4382.716049 -4382.716049  -0.00011520895641894567
-4382.716049 -4259.259259  -0.00010789261290125769
-4382.716049 -4135.802469  -0.00010878557335394632
-4382.716049 -4012.345679  -0.00011419274440336596
-4382.716049 -3888.888889  -0.00012095993389737773
-4382.716049 -3765.432099  -0.00012779521020605874
-4382.716049 -3641.975309  -0.00013030569689849233
-4382.716049 -3518.518519  -0.00012945274557835216
-4382.716049 -3395.061728  -0.00012502242557640376
-4382.716049 -3271.604938  -0.00011912270228669901
-4382.716049 -3148.148148  -0.00011527662388348677
-4382.716049 -3024.691358  -0.00011605185188751527
-4382.716049 -2901.234568  -0.00012178955870465940
-4382.716049 -2777.777778  -0.00013016635129150549
-4382.716049 -2654.320988  -0.00013293480244571724
-4382.716049 -2530.864198  -0.00011793343197287515
-4382.716049 -2407.407407  -0.00012590311295725633
-4382.716049 -2283.950617  -0.00012570008347628919
-4382.716049 -2160.493827  -0.00012640331428310088
-4382.716049 -2037.037037  -0.00012633213437173482
-4382.716049 -1913.580247  -0.00012778824692395314
-4382.716049 -1790.123457  -0.00012820487140108514
-4382.716049 -1666.666667  -0.00012857527299821062
-4382.716049 -1543.209877  -0.00012909312536867136
-4382.716049 -1419.753086  -0.00013001388139565560
-4382.716049 -1296.296296  -0.00013081593699169701
-4382.716049 -1172.839506  -0.00013145934031563494
-4382.716049 -1049.382716  -0.00013217791209985528
-4382.716049  -925.925926  -0.00013291286362660456
-4382.716049  -802.469136  -0.00013359379909650123
-4382.716049  -679.012346  -0.00013426669641344031
-4382.716049  -555.555556  -0.00013485235219274467
-4382.716049  -432.098765  -0.00013535573377702727
-4382.716049  -308.641975  -0.00013575874857482207
-4382.716049  -185.185185  -0.00013603942176173474
-4382.716049   -61.728395  -0.00013616251560315888
-4382.716049    61.728395  -0.00013616251560315799
-4382.716049   185.185185  -0.00013603942176174479
-4382.716049   308.641975  -0.00013575874857483451
-4382.716049   432.098765  -0.00013535573377704090
-4382.716049   555.555556  -0.00013485235219274947
-4382.716049   679.012346  -0.00013426669641345698
-4382.716049   802.469136  -0.00013359379909651009
-4382.716049   925.925926  -0.00013291286362661318
-4382.716049  1049.382716  -0.00013217791209986342
-4382.716049  1172.839506  -0.00013145934031564345
-4382.716049  1296.296296  -0.00013081593699171181
-4382.716049  1419.753086  -0.00013001388139567344
-4382.716049  1543.209877  -0.00012909312536868859
-4382.716049  1666.666667  -0.00012857527299823163
-4382.716049  1790.123457  -0.00012820487140110167
-4382.716049  1913.580247  -0.00012778824692397637
-4382.716049  2037.037037  -0.00012633213437174954
-4382.716049  2160.493827  -0.00012640331428311210
-4382.716049  2283.950617  -0.00012570008347629561
-4382.716049  2407.407407  -0.00012590311295726300
-4382.716049  2530.864198  -0.00011793343197284421
-4382.716049  2654.320988  -0.00013293480244571616
-4382.716049  2777.777778  -0.00013016635129151340
-4382.716049  2901.234568  -0.00012178955870466457
-4382.716049  3024.691358  -0.00011605185188750302
-4382.716049  3148.148148  -0.00011527662388346404
-4382.716049  3271.604938  -0.00011912270228666462
-4382.716049  3395.061728  -0.00012502242557636418
-4382.716049  3518.518519  -0.00012945274557831513
-4382.716049  3641.975309  -0.00013030569689845563
-4382.716049  3765.432099  -0.00012779521020603180
-4382.716049  3888.888889  -0.00012095993389736097
-4382.716049  4012.345679  -0.00011419274440334808
-4382.716049  4135.802469  -0.00010878557335392751
-4382.716049  4259.259259  -0.00010789261290122739
-4382.716049  4382.716049  -0.00011520895641889890
-4382.716049  4506.172840  -0.00012816261065727393
-4382.716049  4629.629630  -0.00013682881407179158
-4382.716049  4753.086420  -0.00013290662483149350
-4382.716049  4876.543210  -0.00008464988849359350

-4259.259259 -5000.000000  0.00001032473307205563
-4259.259259 -4876.543210  -0.00006511852776261400
-4259.259259 -4753.086420  -0.00011087293700824087
-4259.259259 -4629.629630  -0.00011402039185187436
-4259.259259 -4506.172840  -0.00010638754009736062
-4259.259259 -4382.716049  -0.00009373334188589285
-4259.259259 -4259.259259  -0.00008649168740451000
-4259.259259 -4135.802469  -0.00008744742974123147
-4259.259259 -4012.345679  -0.00009242190119013407
-4259.259259 -3888.888889  -0.00009847256105462998
-4259.259259 -3765.432099  -0.00010492854471778410
-4259.259259 -3641.975309  -0.00010700544665795446
-4259.259259 -3518.518519  -0.00010622038904849686
-4259.259259 -3395.061728  -0.00010204343658392569
-4259.259259 -3271.604938  -0.00009652949948259414
-4259.259259 -3148.148148  -0.00009289858029627370
-4259.259259 -3024.691358  -0.00009362147544785840
-4259.259259 -2901.234568  -0.00009897693086249235
-4259.259259 -2777.777778  -0.00010676689715926195
-4259.259259 -2654.320988  -0.00010931777278841078
-4259.259259 -2530.864198  -0.00009537231167791867
-4259.259259 -2407.407407  -0.00010279039345706102
-4259.259259 -2283.950617  -0.00010269440155650740
-4259.259259 -2160.493827  -0.00010334395407193946
-4259.259259 -2037.037037  -0.00010329500539186167
-4259.259259 -1913.580247  -0.00010466481911978098
-4259.259259 -1790.123457  -0.00010508756631968398
-4259.259259 -1666.666667  -0.00010546970901906282
-4259.259259 -1543.209877  -0.00010600509340002708
-4259.259259 -1419.753086  -0.00010694424671714182
-4259.259259 -1296.296296  -0.00010777381951414700
-4259.259259 -1172.839506  -0.00010846492830047841
-4259.259259 -1049.382716  -0.00010922496875115449
-4259.259259  -925.925926  -0.00011001433766059876
-4259.259259  -802.469136  -0.00011075190700711043
-4259.259259  -679.012346  -0.00011148659453570850
-4259.259259  -555.555556  -0.00011214043283510349
-4259.259259  -432.098765  -0.00011271684576246393
-4259.259259  -308.641975  -0.00011318826274247302
-4259.259259  -185.185185  -0.00011351727100260336
-4259.259259   -61.728395  -0.00011365140765420297
-4259.259259    61.728395  -0.00011365140765420197
-4259.259259   185.185185  -0.00011351727100261377
-4259.259259   308.641975  -0.00011318826274248650
-4259.259259   432.098765  -0.00011271684576247740
-4259.259259   555.555556  -0.00011214043283511033
-4259.259259   679.012346  -0.00011148659453572140
-4259.259259   802.469136  -0.00011075190700711752
-4259.259259   925.925926  -0.00011001433766060363
-4259.259259  1049.382716  -0.00010922496875115811
-4259.259259  1172.839506  -0.00010846492830048182
-4259.259259  1296.296296  -0.00010777381951415612
-4259.259259  1419.753086  -0.00010694424671715439
-4259.259259  1543.209877  -0.00010600509340003807
-4259.259259  1666.666667  -0.00010546970901907756
-4259.259259  1790.123457  -0.00010508756631969560
-4259.259259  1913.580247  -0.00010466481911979628
-4259.259259  2037.037037  -0.00010329500539186720
-4259.259259  2160.493827  -0.00010334395407194157
-4259.259259  2283.950617  -0.00010269440155650399
-4259.259259  2407.407407  -0.00010279039345706018
-4259.259259  2530.864198  -0.00009537231167788590
-4259.259259  2654.320988  -0.00010931777278840216
-4259.259259  2777.777778  -0.00010676689715926006
-4259.259259  2901.234568  -0.00009897693086248817
-4259.259259  3024.691358  -0.00009362147544784011
-4259.259259  3148.148148  -0.00009289858029624591
-4259.259259  3271.604938  -0.00009652949948255771
-4259.259259  3395.061728  -0.00010204343658388340
-4259.259259  3518.518519  -0.00010622038904845554
-4259.259259  3641.975309  -0.00010700544665791279
-4259.259259  3765.432099  -0.00010492854471775394
-4259.259259  3888.888889  -0.00009847256105460809
-4259.259259  4012.345679  -0.00009242190119011010
-4259.259259  4135.802469  -0.00008744742974120557
-4259.259259  4259.259259  -0.00008649168740447389
-4259.259259  4382.716049  -0.00009373334188584145
-4259.259259  4506.172840  -0.00010638754009729581
-4259.259259  4629.629630  -0.00011402039185180210
-4259.259259  4753.086420  -0.00011087293700817620
-4259.259259  4876.543210  -0.00006511852776258744

-4135.802469 -5000.000000  0.00000886211663381526
-4135.802469 -4876.543210  -0.00005937406686900212
-4135.802469 -4753.086420  -0.00009985834172041484
-4135.802469 -4629.629630  -0.00010253971235019912
-4135.802469 -4506.172840  -0.00009555009298727343
-4135.802469 -4382.716049  -0.00008421161817826598
-4135.802469 -4259.259259  -0.00007769419151524699
-4135.802469 -4135.802469  -0.00007843506297448472
-4135.802469 -4012.345679  -0.00008276936108613925
-4135.802469 -3888.888889  -0.00008813098060630102
-4135.802469 -3765.432099  -0.00009378991192572502
-4135.802469 -3641.975309  -0.00009542148109613963
-4135.802469 -3518.518519  -0.00009473910337681792
-4135.802469 -3395.061728  -0.00009099486931385186
-4135.802469 -3271.604938  -0.00008610844703784749
-4135.802469 -3148.148148  -0.00008287081939876882
-4135.802469 -3024.691358  -0.00008352114693722672
-4135.802469 -2901.234568  -0.00008828077313455611
-4135.802469 -2777.777778  -0.00009520473062593224
-4135.802469 -2654.320988  -0.00009749070016260963
-4135.802469 -2530.864198  -0.00008514241546626399
-4135.802469 -2407.407407  -0.00009172178837685260
-4135.802469 -2283.950617  -0.00009173361627519368
-4135.802469 -2160.493827  -0.00009235281663021577
-4135.802469 -2037.037037  -0.00009235938735520461
-4135.802469 -1913.580247  -0.00009361893811345054
-4135.802469 -1790.123457  -0.00009406140634231785
-4135.802469 -1666.666667  -0.00009448347917952254
-4135.802469 -1543.209877  -0.00009506127726004144
-4135.802469 -1419.753086  -0.00009601991889251513
-4135.802469 -1296.296296  -0.00009688592206935462
-4135.802469 -1172.839506  -0.00009765156553512070
-4135.802469 -1049.382716  -0.00009848231275695873
-4135.802469  -925.925926  -0.00009935162421854817
-4135.802469  -802.469136  -0.00010017882031302159
-4135.802469  -679.012346  -0.00010100281223393248
-4135.802469  -555.555556  -0.00010175387515985191
-4135.802469  -432.098765  -0.00010242900817729339
-4135.802469  -308.641975  -0.00010298819113319746
-4135.802469  -185.185185  -0.00010338257688342407
-4135.802469   -61.728395  -0.00010353885444531845
-4135.802469    61.728395  -0.00010353885444531859
-4135.802469   185.185185  -0.00010338257688343387
-4135.802469   308.641975  -0.00010298819113320874
-4135.802469   432.098765  -0.00010242900817730511
-4135.802469   555.555556  -0.00010175387515985633
-4135.802469   679.012346  -0.00010100281223394218
-4135.802469   802.469136  -0.00010017882031302572
-4135.802469   925.925926  -0.00009935162421855000
-4135.802469  1049.382716  -0.00009848231275695843
-4135.802469  1172.839506  -0.00009765156553511893
-4135.802469  1296.296296  -0.00009688592206935882
-4135.802469  1419.753086  -0.00009601991889252147
-4135.802469  1543.209877  -0.00009506127726004652
-4135.802469  1666.666667  -0.00009448347917952990
-4135.802469  1790.123457  -0.00009406140634232134
-4135.802469  1913.580247  -0.00009361893811345692
-4135.802469  2037.037037  -0.00009235938735520125
-4135.802469  2160.493827  -0.00009235281663020875
-4135.802469  2283.950617  -0.00009173361627518187
-4135.802469  2407.407407  -0.00009172178837684251
-4135.802469  2530.864198  -0.00008514241546622901
-4135.802469  2654.320988  -0.00009749070016259171
-4135.802469  2777.777778  -0.00009520473062592114
-4135.802469  2901.234568  -0.00008828077313454444
-4135.802469  3024.691358  -0.00008352114693720240
-4135.802469  3148.148148  -0.00008287081939873662
-4135.802469  3271.604938  -0.00008610844703780729
-4135.802469  3395.061728  -0.00009099486931380703
-4135.802469  3518.518519  -0.00009473910337677340
-4135.802469  3641.975309  -0.00009542148109609414
-4135.802469  3765.432099  -0.00009378991192568948
-4135.802469  3888.888889  -0.00008813098060627213
-4135.802469  4012.345679  -0.00008276936108610944
-4135.802469  4135.802469  -0.00007843506297445367
-4135.802469  4259.259259  -0.00007769419151520534
-4135.802469  4382.716049  -0.00008421161817820953
-4135.802469  4506.172840  -0.00009555009298720374
-4135.802469  4629.629630  -0.00010253971235012027
-4135.802469  4753.086420  -0.00009985834172034267
-4135.802469  4876.543210  -0.00005937406686896858

-4012.345679 -5000.000000  0.00000687822203900780
-4012.345679 -4876.543210  -0.00006009298222278687
-4012.345679 -4753.086420  -0.00009661138755286885
-4012.345679 -4629.629630  -0.00009909406719316138
-4012.345679 -4506.172840  -0.00009236063739323822
-4012.345679 -4382.716049  -0.00008209703031100675
-4012.345679 -4259.259259  -0.00007617551764316509
-4012.345679 -4135.802469  -0.00007666552279525550
-4012.345679 -4012.345679  -0.00008057523660832270
-4012.345679 -3888.888889  -0.00008552487549801445
-4012.345679 -3765.432099  -0.00009064445274752546
-4012.345679 -3641.975309  -0.00009243712056355341
-4012.345679 -3518.518519  -0.00009176219184959518
-4012.345679 -3395.061728  -0.00008836582640396444
-4012.345679 -3271.604938  -0.00008386809540724666
-4012.345679 -3148.148148  -0.00008093168514602145
-4012.345679 -3024.691358  -0.00008152429706874222
-4012.345679 -2901.234568  -0.00008589263396844213
-4012.345679 -2777.777778  -0.00009225393209309619
-4012.345679 -2654.320988  -0.00009436704427667434
-4012.345679 -2530.864198  -0.00008306056492590467
-4012.345679 -2407.407407  -0.00008912447392113039
-4012.345679 -2283.950617  -0.00008919178772567487
-4012.345679 -2160.493827  -0.00008981772140288777
-4012.345679 -2037.037037  -0.00008988255091836352
-4012.345679 -1913.580247  -0.00009110964289672320
-4012.345679 -1790.123457  -0.00009159584174609982
-4012.345679 -1666.666667  -0.00009208103802984811
-4012.345679 -1543.209877  -0.00009273259078078958
-4012.345679 -1419.753086  -0.00009375648922728767
-4012.345679 -1296.296296  -0.00009470252165476808
-4012.345679 -1172.839506  -0.00009559907199514936
-4012.345679 -1049.382716  -0.00009655508421081868
-4012.345679  -925.925926  -0.00009757257671039471
-4012.345679  -802.469136  -0.00009855587131525433
-4012.345679  -679.012346  -0.00009954382149690446
-4012.345679  -555.555556  -0.00010045544043072377
-4012.345679  -432.098765  -0.00010128084576401475
-4012.345679  -308.641975  -0.00010197075504145696
-4012.345679  -185.185185  -0.00010245993742039621
-4012.345679   -61.728395  -0.00010266443614147380
-4012.345679    61.728395  -0.00010266443614147380
-4012.345679   185.185185  -0.00010245993742040367
-4012.345679   308.641975  -0.00010197075504146460
-4012.345679   432.098765  -0.00010128084576402290
-4012.345679   555.555556  -0.00010045544043072489
-4012.345679   679.012346  -0.00009954382149691121
-4012.345679   802.469136  -0.00009855587131525480
-4012.345679   925.925926  -0.00009757257671039234
-4012.345679  1049.382716  -0.00009655508421081501
-4012.345679  1172.839506  -0.00009559907199514249
-4012.345679  1296.296296  -0.00009470252165476730
-4012.345679  1419.753086  -0.00009375648922728737
-4012.345679  1543.209877  -0.00009273259078078807
-4012.345679  1666.666667  -0.00009208103802984804
-4012.345679  1790.123457  -0.00009159584174609404
-4012.345679  1913.580247  -0.00009110964289672040
-4012.345679  2037.037037  -0.00008988255091835246
-4012.345679  2160.493827  -0.00008981772140287214
-4012.345679  2283.950617  -0.00008919178772565527
-4012.345679  2407.407407  -0.00008912447392111167
-4012.345679  2530.864198  -0.00008306056492586487
-4012.345679  2654.320988  -0.00009436704427664772
-4012.345679  2777.777778  -0.00009225393209307624
-4012.345679  2901.234568  -0.00008589263396842162
-4012.345679  3024.691358  -0.00008152429706871128
-4012.345679  3148.148148  -0.00008093168514598376
-4012.345679  3271.604938  -0.00008386809540720115
-4012.345679  3395.061728  -0.00008836582640391409
-4012.345679  3518.518519  -0.00009176219184954471
-4012.345679  3641.975309  -0.00009243712056350145
-4012.345679  3765.432099  -0.00009064445274748183
-4012.345679  3888.888889  -0.00008552487549797861
-4012.345679  4012.345679  -0.00008057523660828592
-4012.345679  4135.802469  -0.00007666552279521826
-4012.345679  4259.259259  -0.00007617551764311845
-4012.345679  4382.716049  -0.00008209703031094552
-4012.345679  4506.172840  -0.00009236063739316169
-4012.345679  4629.629630  -0.00009909406719307522
-4012.345679  4753.086420  -0.00009661138755278761
-4012.345679  4876.543210  -0.00006009298222274370

-3888.888889 -5000.000000  0.00000520623645095330
-3888.888889 -4876.543210  -0.00006284957947651481
-3888.888889 -4753.086420  -0.00009694852141034830
-3888.888889 -4629.629630  -0.00009939624815028139
-3888.888889 -4506.172840  -0.00009271642600847532
-3888.888889 -4382.716049  -0.00008314611158321984
-3888.888889 -4259.259259  -0.00007762881514161521
-3888.888889 -4135.802469  -0.00007795082488138539
-3888.888889 -4012.345679  -0.00008159945106166095
-3888.888889 -3888.888889  -0.00008634141462169787
-3888.888889 -3765.432099  -0.00009112771988992497
-3888.888889 -3641.975309  -0.00009289486829369982
-3888.888889 -3518.518519  -0.00009226061521572854
-3888.888889 -3395.061728  -0.00008905053243830995
-3888.888889 -3271.604938  -0.00008479614836220440
-3888.888889 -3148.148148  -0.00008204097643110112
-3888.888889 -3024.691358  -0.00008262481793636633
-3888.888889 -2901.234568  -0.00008677269282861188
-3888.888889 -2777.777778  -0.00009279156303153243
-3888.888889 -2654.320988  -0.00009478996517512658
-3888.888889 -2530.864198  -0.00008415553785238803
-3888.888889 -2407.407407  -0.00008999688889038725
-3888.888889 -2283.950617  -0.00009009334083760318
-3888.888889 -2160.493827  -0.00009071588151314650
-3888.888889 -2037.037037  -0.00009085088158746762
-3888.888889 -1913.580247  -0.00009210455448359832
-3888.888889 -1790.123457  -0.00009266386175021518
-3888.888889 -1666.666667  -0.00009322401450845825
-3888.888889 -1543.209877  -0.00009396249681790080
-3888.888889 -1419.753086  -0.00009509508206522930
-3888.888889 -1296.296296  -0.00009616317753317559
-3888.888889 -1172.839506  -0.00009722395098858009
-3888.888889 -1049.382716  -0.00009836822362710250
-3888.888889  -925.925926  -0.00009959756868722275
-3888.888889  -802.469136  -0.00010081350500770612
-3888.888889  -679.012346  -0.00010204129949343505
-3888.888889  -555.555556  -0.00010318833467222139
-3888.888889  -432.098765  -0.00010422940292916114
-3888.888889  -308.641975  -0.00010509943815074829
-3888.888889  -185.185185  -0.00010572236967631059
-3888.888889   -61.728395  -0.00010600116182867221
-3888.888889    61.728395  -0.00010600116182867096
-3888.888889   185.185185  -0.00010572236967631560
-3888.888889   308.641975  -0.00010509943815075287
-3888.888889   432.098765  -0.00010422940292916521
-3888.888889   555.555556  -0.00010318833467221788
-3888.888889   679.012346  -0.00010204129949343887
-3888.888889   802.469136  -0.00010081350500770246
-3888.888889   925.925926  -0.00009959756868721677
-3888.888889  1049.382716  -0.00009836822362709489
-3888.888889  1172.839506  -0.00009722395098856876
-3888.888889  1296.296296  -0.00009616317753316981
-3888.888889  1419.753086  -0.00009509508206522439
-3888.888889  1543.209877  -0.00009396249681789227
-3888.888889  1666.666667  -0.00009322401450845084
-3888.888889  1790.123457  -0.00009266386175020203
-3888.888889  1913.580247  -0.00009210455448358699
-3888.888889  2037.037037  -0.00009085088158744795
-3888.888889  2160.493827  -0.00009071588151312291
-3888.888889  2283.950617  -0.00009009334083757560
-3888.888889  2407.407407  -0.00008999688889035996
-3888.888889  2530.864198  -0.00008415553785234264
-3888.888889  2654.320988  -0.00009478996517509171
-3888.888889  2777.777778  -0.00009279156303150331
-3888.888889  2901.234568  -0.00008677269282858376
-3888.888889  3024.691358  -0.00008262481793632972
-3888.888889  3148.148148  -0.00008204097643105830
-3888.888889  3271.604938  -0.00008479614836215373
-3888.888889  3395.061728  -0.00008905053243825302
-3888.888889  3518.518519  -0.00009226061521567006
-3888.888889  3641.975309  -0.00009289486829364019
-3888.888889  3765.432099  -0.00009112771988987209
-3888.888889  3888.888889  -0.00008634141462165486
-3888.888889  4012.345679  -0.00008159945106161735
-3888.888889  4135.802469  -0.00007795082488134151
-3888.888889  4259.259259  -0.00007762881514156251
-3888.888889  4382.716049  -0.00008314611158315257
-3888.888889  4506.172840  -0.00009271642600839128
-3888.888889  4629.629630  -0.00009939624815018441
-3888.888889  4753.086420  -0.00009694852141025446
-3888.888889  4876.543210  -0.00006284957947646002

-3765.432099 -5000.000000  0.00000240726594303331
-3765.432099 -4876.543210  -0.00006793391164114411
-3765.432099 -4753.086420  -0.00009798277524616063
-3765.432099 -4629.629630  -0.00010045723765943062
-3765.432099 -4506.172840  -0.00009395078770685586
-3765.432099 -4382.716049  -0.00008563462398311241
-3765.432099 -4259.259259  -0.00008082424413065648
-3765.432099 -4135.802469  -0.00008088396998865390
-3765.432099 -4012.345679  -0.00008419832659735845
-3765.432099 -3888.888889  -0.00008866562069646712
-3765.432099 -3765.432099  -0.00009258889427567893
-3765.432099 -3641.975309  -0.00009404731052980367
-3765.432099 -3518.518519  -0.00009339548232892436
-3765.432099 -3395.061728  -0.00009066819429063246
-3765.432099 -3271.604938  -0.00008679854773642764
-3765.432099 -3148.148148  -0.00008435582698813069
-3765.432099 -3024.691358  -0.00008488140485228244
-3765.432099 -2901.234568  -0.00008867476724061862
-3765.432099 -2777.777778  -0.00009412954129605638
-3765.432099 -2654.320988  -0.00009589862009431695
-3765.432099 -2530.864198  -0.00008640406181618944
-3765.432099 -2407.407407  -0.00009188852851033966
-3765.432099 -2283.950617  -0.00009193043792005143
-3765.432099 -2160.493827  -0.00009263307968554362
-3765.432099 -2037.037037  -0.00009282012942175417
-3765.432099 -1913.580247  -0.00009409449109195476
-3765.432099 -1790.123457  -0.00009471549434091909
-3765.432099 -1666.666667  -0.00009538191845496290
-3765.432099 -1543.209877  -0.00009623608299239233
-3765.432099 -1419.753086  -0.00009744987189797628
-3765.432099 -1296.296296  -0.00009869938433042606
-3765.432099 -1172.839506  -0.00009997602124695200
-3765.432099 -1049.382716  -0.00010131474910237009
-3765.432099  -925.925926  -0.00010285759814061979
-3765.432099  -802.469136  -0.00010437300959946754
-3765.432099  -679.012346  -0.00010593874716484470
-3765.432099  -555.555556  -0.00010741575805014483
-3765.432099  -432.098765  -0.00010877257174414414
-3765.432099  -308.641975  -0.00010991900234166130
-3765.432099  -185.185185  -0.00011071597644855023
-3765.432099   -61.728395  -0.00011113395108960254
-3765.432099    61.728395  -0.00011113395108960453
-3765.432099   185.185185  -0.00011071597644855333
-3765.432099   308.641975  -0.00010991900234166365
-3765.432099   432.098765  -0.00010877257174414585
-3765.432099   555.555556  -0.00010741575805013808
-3765.432099   679.012346  -0.00010593874716484365
-3765.432099   802.469136  -0.00010437300959946049
-3765.432099   925.925926  -0.00010285759814060993
-3765.432099  1049.382716  -0.00010131474910235792
-3765.432099  1172.839506  -0.00009997602124693644
-3765.432099  1296.296296  -0.00009869938433041408
-3765.432099  1419.753086  -0.00009744987189796402
-3765.432099  1543.209877  -0.00009623608299237684
-3765.432099  1666.666667  -0.00009538191845494704
-3765.432099  1790.123457  -0.00009471549434089701
-3765.432099  1913.580247  -0.00009409449109193499
-3765.432099  2037.037037  -0.00009282012942172629
-3765.432099  2160.493827  -0.00009263307968551173
-3765.432099  2283.950617  -0.00009193043792001561
-3765.432099  2407.407407  -0.00009188852851030357
-3765.432099  2530.864198  -0.00008640406181614050
-3765.432099  2654.320988  -0.00009589862009427299
-3765.432099  2777.777778  -0.00009412954129601861
-3765.432099  2901.234568  -0.00008867476724058444
-3765.432099  3024.691358  -0.00008488140485224099
-3765.432099  3148.148148  -0.00008435582698808347
-3765.432099  3271.604938  -0.00008679854773637282
-3765.432099  3395.061728  -0.00009066819429056997
-3765.432099  3518.518519  -0.00009339548232885963
-3765.432099  3641.975309  -0.00009404731052973572
-3765.432099  3765.432099  -0.00009258889427561873
-3765.432099  3888.888889  -0.00008866562069641441
-3765.432099  4012.345679  -0.00008419832659730607
-3765.432099  4135.802469  -0.00008088396998860241
-3765.432099  4259.259259  -0.00008082424413059645
-3765.432099  4382.716049  -0.00008563462398303798
-3765.432099  4506.172840  -0.00009395078770676427
-3765.432099  4629.629630  -0.00010045723765932366
-3765.432099  4753.086420  -0.00009798277524605554
-3765.432099  4876.543210  -0.00006793391164107674

-3641.975309 -5000.000000  0.00000157220648765827
-3641.975309 -4876.543210  -0.00006685983737400552
-3641.975309 -4753.086420  -0.00009461766773615709
-3641.975309 -4629.629630  -0.00009701088789948200
-3641.975309 -4506.172840  -0.00009096482672879169
-3641.975309 -4382.716049  -0.00008342515431116838
-3641.975309 -4259.259259  -0.00007888680075262481
-3641.975309 -4135.802469  -0.00007867663822437242
-3641.975309 -4012.345679  -0.00008203090259621363
-3641.975309 -3888.888889  -0.00008631888238337607
-3641.975309 -3765.432099  -0.00008967516258847630
-3641.975309 -3641.975309  -0.00009159757926293791
-3641.975309 -3518.518519  -0.00009071073090366037
-3641.975309 -3395.061728  -0.00008853328231472584
-3641.975309 -3271.604938  -0.00008478459313279390
-3641.975309 -3148.148148  -0.00008256164167233037
-3641.975309 -3024.691358  -0.00008297803110969261
-3641.975309 -2901.234568  -0.00008658540290645039
-3641.975309 -2777.777778  -0.00009181320040943129
-3641.975309 -2654.320988  -0.00009341535366402433
-3641.975309 -2530.864198  -0.00008452242381944363
-3641.975309 -2407.407407  -0.00008981542842299944
-3641.975309 -2283.950617  -0.00008983925402647784
-3641.975309 -2160.493827  -0.00009059056078368945
-3641.975309 -2037.037037  -0.00009087210664953127
-3641.975309 -1913.580247  -0.00009216145798142778
-3641.975309 -1790.123457  -0.00009285769645972241
-3641.975309 -1666.666667  -0.00009363307901610195
-3641.975309 -1543.209877  -0.00009462061513073183
-3641.975309 -1419.753086  -0.00009598013162465411
-3641.975309 -1296.296296  -0.00009737476560062472
-3641.975309 -1172.839506  -0.00009890612523346781
-3641.975309 -1049.382716  -0.00010059022214384383
-3641.975309  -925.925926  -0.00010247188308288652
-3641.975309  -802.469136  -0.00010442595901154543
-3641.975309  -679.012346  -0.00010644156806238288
-3641.975309  -555.555556  -0.00010839720452733907
-3641.975309  -432.098765  -0.00011021149465621363
-3641.975309  -308.641975  -0.00011174796806327560
-3641.975309  -185.185185  -0.00011286280108497170
-3641.975309   -61.728395  -0.00011340202515374380
-3641.975309    61.728395  -0.00011340202515374875
-3641.975309   185.185185  -0.00011286280108497330
-3641.975309   308.641975  -0.00011174796806327779
-3641.975309   432.098765  -0.00011021149465621473
-3641.975309   555.555556  -0.00010839720452733051
-3641.975309   679.012346  -0.00010644156806237846
-3641.975309   802.469136  -0.00010442595901153047
-3641.975309   925.925926  -0.00010247188308287134
-3641.975309  1049.382716  -0.00010059022214383051
-3641.975309  1172.839506  -0.00009890612523344756
-3641.975309  1296.296296  -0.00009737476560060678
-3641.975309  1419.753086  -0.00009598013162463498
-3641.975309  1543.209877  -0.00009462061513070909
-3641.975309  1666.666667  -0.00009363307901607664
-3641.975309  1790.123457  -0.00009285769645968971
-3641.975309  1913.580247  -0.00009216145798139627
-3641.975309  2037.037037  -0.00009087210664949335
-3641.975309  2160.493827  -0.00009059056078364604
-3641.975309  2283.950617  -0.00008983925402643093
-3641.975309  2407.407407  -0.00008981542842295276
-3641.975309  2530.864198  -0.00008452242381938732
-3641.975309  2654.320988  -0.00009341535366397373
-3641.975309  2777.777778  -0.00009181320040938577
-3641.975309  2901.234568  -0.00008658540290640828
-3641.975309  3024.691358  -0.00008297803110964460
-3641.975309  3148.148148  -0.00008256164167227845
-3641.975309  3271.604938  -0.00008478459313273353
-3641.975309  3395.061728  -0.00008853328231465728
-3641.975309  3518.518519  -0.00009071073090358958
-3641.975309  3641.975309  -0.00009159757926286228
-3641.975309  3765.432099  -0.00008967516258840735
-3641.975309  3888.888889  -0.00008631888238331501
-3641.975309  4012.345679  -0.00008203090259615254
-3641.975309  4135.802469  -0.00007867663822431276
-3641.975309  4259.259259  -0.00007888680075255799
-3641.975309  4382.716049  -0.00008342515431108636
-3641.975309  4506.172840  -0.00009096482672869213
-3641.975309  4629.629630  -0.00009701088789936618
-3641.975309  4753.086420  -0.00009461766773604191
-3641.975309  4876.543210  -0.00006685983737392770

-3518.518519 -5000.000000  0.00000105822302719187
-3518.518519 -4876.543210  -0.00006226298186063161
-3518.518519 -4753.086420  -0.00008756450077143557
-3518.518519 -4629.629630  -0.00008984799762368525
-3518.518519 -4506.172840  -0.00008432385042522874
-3518.518519 -4382.716049  -0.00007750572961893252
-3518.518519 -4259.259259  -0.00007342970736229732
-3518.518519 -4135.802469  -0.00007326826667547865
-3518.518519 -4012.345679  -0.00007631551479473660
-3518.518519 -3888.888889  -0.00008024943475829891
-3518.518519 -3765.432099  -0.00008322390221519165
-3518.518519 -3641.975309  -0.00008475897693774922
-3518.518519 -3518.518519  -0.00008399762832805167
-3518.518519 -3395.061728  -0.00008200629655523020
-3518.518519 -3271.604938  -0.00007863737992508059
-3518.518519 -3148.148148  -0.00007664004965869813
-3518.518519 -3024.691358  -0.00007706497577085571
-3518.518519 -2901.234568  -0.00008037434787583552
-3518.518519 -2777.777778  -0.00008513711386149335
-3518.518519 -2654.320988  -0.00008658581777610027
-3518.518519 -2530.864198  -0.00007848300386401153
-3518.518519 -2407.407407  -0.00008357867308782477
-3518.518519 -2283.950617  -0.00008354583214747250
-3518.518519 -2160.493827  -0.00008428249406897379
-3518.518519 -2037.037037  -0.00008463452463426115
-3518.518519 -1913.580247  -0.00008597722743717410
-3518.518519 -1790.123457  -0.00008675480064495373
-3518.518519 -1666.666667  -0.00008760994182419092
-3518.518519 -1543.209877  -0.00008869531850149157
-3518.518519 -1419.753086  -0.00009019098216271809
-3518.518519 -1296.296296  -0.00009176758831417462
-3518.518519 -1172.839506  -0.00009357017619419864
-3518.518519 -1049.382716  -0.00009559119511242403
-3518.518519  -925.925926  -0.00009791652303542006
-3518.518519  -802.469136  -0.00010039408670237793
-3518.518519  -679.012346  -0.00010301609507582905
-3518.518519  -555.555556  -0.00010561619546963981
-3518.518519  -432.098765  -0.00010806890852400994
-3518.518519  -308.641975  -0.00011017895469748444
-3518.518519  -185.185185  -0.00011172567423982291
-3518.518519   -61.728395  -0.00011250734234676817
-3518.518519    61.728395  -0.00011250734234677286
-3518.518519   185.185185  -0.00011172567423982094
-3518.518519   308.641975  -0.00011017895469748241
-3518.518519   432.098765  -0.00010806890852400701
-3518.518519   555.555556  -0.00010561619546962546
-3518.518519   679.012346  -0.00010301609507582130
-3518.518519   802.469136  -0.00010039408670236019
-3518.518519   925.925926  -0.00009791652303540058
-3518.518519  1049.382716  -0.00009559119511240483
-3518.518519  1172.839506  -0.00009357017619417215
-3518.518519  1296.296296  -0.00009176758831415084
-3518.518519  1419.753086  -0.00009019098216269132
-3518.518519  1543.209877  -0.00008869531850146041
-3518.518519  1666.666667  -0.00008760994182415711
-3518.518519  1790.123457  -0.00008675480064491136
-3518.518519  1913.580247  -0.00008597722743713336
-3518.518519  2037.037037  -0.00008463452463421464
-3518.518519  2160.493827  -0.00008428249406892243
-3518.518519  2283.950617  -0.00008354583214741841
-3518.518519  2407.407407  -0.00008357867308776799
-3518.518519  2530.864198  -0.00007848300386394954
-3518.518519  2654.320988  -0.00008658581777604024
-3518.518519  2777.777778  -0.00008513711386143941
-3518.518519  2901.234568  -0.00008037434787578518
-3518.518519  3024.691358  -0.00007706497577079994
-3518.518519  3148.148148  -0.00007664004965863877
-3518.518519  3271.604938  -0.00007863737992501369
-3518.518519  3395.061728  -0.00008200629655515381
-3518.518519  3518.518519  -0.00008399762832797158
-3518.518519  3641.975309  -0.00008475897693766484
-3518.518519  3765.432099  -0.00008322390221511316
-3518.518519  3888.888889  -0.00008024943475822731
-3518.518519  4012.345679  -0.00007631551479466554
-3518.518519  4135.802469  -0.00007326826667540890
-3518.518519  4259.259259  -0.00007342970736222037
-3518.518519  4382.716049  -0.00007750572961884209
-3518.518519  4506.172840  -0.00008432385042512276
-3518.518519  4629.629630  -0.00008984799762356249
-3518.518519  4753.086420  -0.00008756450077131328
-3518.518519  4876.543210  -0.00006226298186054485

-3395.061728 -5000.000000  0.00000158934438833997
-3395.061728 -4876.543210  -0.00005304196085140688
-3395.061728 -4753.086420  -0.00007636901005583712
-3395.061728 -4629.629630  -0.00007842302900792163
-3395.061728 -4506.172840  -0.00007364753605901721
-3395.061728 -4382.716049  -0.00006740583252792935
-3395.061728 -4259.259259  -0.00006366780323356659
-3395.061728 -4135.802469  -0.00006359117582487553
-3395.061728 -4012.345679  -0.00006640634121708081
-3395.061728 -3888.888889  -0.00006993532943752094
-3395.061728 -3765.432099  -0.00007282281099270065
-3395.061728 -3641.975309  -0.00007454617613984530
-3395.061728 -3518.518519  -0.00007383230954738290
-3395.061728 -3395.061728  -0.00007205152256816554
-3395.061728 -3271.604938  -0.00006897291793159327
-3395.061728 -3148.148148  -0.00006718919917454912
-3395.061728 -3024.691358  -0.00006760595398423258
-3395.061728 -2901.234568  -0.00007065659369182153
-3395.061728 -2777.777778  -0.00007503780534951331
-3395.061728 -2654.320988  -0.00007634312435511522
-3395.061728 -2530.864198  -0.00006889851112585699
-3395.061728 -2407.407407  -0.00007372882934677731
-3395.061728 -2283.950617  -0.00007361314586678913
-3395.061728 -2160.493827  -0.00007436147597374719
-3395.061728 -2037.037037  -0.00007477912630578992
-3395.061728 -1913.580247  -0.00007615205995615561
-3395.061728 -1790.123457  -0.00007699619571203056
-3395.061728 -1666.666667  -0.00007793400671684594
-3395.061728 -1543.209877  -0.00007911742626098684
-3395.061728 -1419.753086  -0.00008073358167877564
-3395.061728 -1296.296296  -0.00008249832186598334
-3395.061728 -1172.839506  -0.00008458483321820487
-3395.061728 -1049.382716  -0.00008699860049089152
-3395.061728  -925.925926  -0.00008984367064489576
-3395.061728  -802.469136  -0.00009297753367206071
-3395.061728  -679.012346  -0.00009637512613345454
-3395.061728  -555.555556  -0.00009984739811973219
-3395.061728  -432.098765  -0.00010320265567040413
-3395.061728  -308.641975  -0.00010614354475791825
-3395.061728  -185.185185  -0.00010833586057765918
-3395.061728   -61.728395  -0.00010944962729968275
-3395.061728    61.728395  -0.00010944962729968706
-3395.061728   185.185185  -0.00010833586057765467
-3395.061728   308.641975  -0.00010614354475791157
-3395.061728   432.098765  -0.00010320265567039735
-3395.061728   555.555556  -0.00009984739811971591
-3395.061728   679.012346  -0.00009637512613344228
-3395.061728   802.469136  -0.00009297753367203919
-3395.061728   925.925926  -0.00008984367064487148
-3395.061728  1049.382716  -0.00008699860049086569
-3395.061728  1172.839506  -0.00008458483321817032
-3395.061728  1296.296296  -0.00008249832186595187
-3395.061728  1419.753086  -0.00008073358167874102
-3395.061728  1543.209877  -0.00007911742626094758
-3395.061728  1666.666667  -0.00007793400671680291
-3395.061728  1790.123457  -0.00007699619571197955
-3395.061728  1913.580247  -0.00007615205995610512
-3395.061728  2037.037037  -0.00007477912630573419
-3395.061728  2160.493827  -0.00007436147597368745
-3395.061728  2283.950617  -0.00007361314586672613
-3395.061728  2407.407407  -0.00007372882934671184
-3395.061728  2530.864198  -0.00006889851112578723
-3395.061728  2654.320988  -0.00007634312435504682
-3395.061728  2777.777778  -0.00007503780534944999
-3395.061728  2901.234568  -0.00007065659369176220
-3395.061728  3024.691358  -0.00006760595398416899
-3395.061728  3148.148148  -0.00006718919917448132
-3395.061728  3271.604938  -0.00006897291793151735
-3395.061728  3395.061728  -0.00007205152256808080
-3395.061728  3518.518519  -0.00007383230954729464
-3395.061728  3641.975309  -0.00007454617613975205
-3395.061728  3765.432099  -0.00007282281099261191
-3395.061728  3888.888889  -0.00006993532943743783
-3395.061728  4012.345679  -0.00006640634121699826
-3395.061728  4135.802469  -0.00006359117582479474
-3395.061728  4259.259259  -0.00006366780323347889
-3395.061728  4382.716049  -0.00006740583252782901
-3395.061728  4506.172840  -0.00007364753605890323
-3395.061728  4629.629630  -0.00007842302900779229
-3395.061728  4753.086420  -0.00007636901005570959
-3395.061728  4876.543210  -0.00005304196085131316

-3271.604938 -5000.000000  0.00000243467555515139
-3271.604938 -4876.543210  -0.00004217855952614299
-3271.604938 -4753.086420  -0.00006358240240693872
-3271.604938 -4629.629630  -0.00006534693178432718
-3271.604938 -4506.172840  -0.00006140159178123922
-3271.604938 -4382.716049  -0.00005569749665197145
-3271.604938 -4259.259259  -0.00005229953272303355
-3271.604938 -4135.802469  -0.00005238741530682331
-3271.604938 -4012.345679  -0.00005490960465868752
-3271.604938 -3888.888889  -0.00005802227460556078
-3271.604938 -3765.432099  -0.00006065198890208320
-3271.604938 -3641.975309  -0.00006197152031857521
-3271.604938 -3518.518519  -0.00006139320742851540
-3271.604938 -3395.061728  -0.00005976411283617329
-3271.604938 -3271.604938  -0.00005706478294337339
-3271.604938 -3148.148148  -0.00005548981121761358
-3271.604938 -3024.691358  -0.00005591403746423551
-3271.604938 -2901.234568  -0.00005866016381983359
-3271.604938 -2777.777778  -0.00006259059561876952
-3271.604938 -2654.320988  -0.00006374323633289313
-3271.604938 -2530.864198  -0.00005702478465613201
-3271.604938 -2407.407407  -0.00006163375809759662
-3271.604938 -2283.950617  -0.00006137629104531471
-3271.604938 -2160.493827  -0.00006216225630438240
-3271.604938 -2037.037037  -0.00006261750669571314
-3271.604938 -1913.580247  -0.00006401021461181861
-3271.604938 -1790.123457  -0.00006488849497082326
-3271.604938 -1666.666667  -0.00006589042597909947
-3271.604938 -1543.209877  -0.00006715325993763054
-3271.604938 -1419.753086  -0.00006884999618392043
-3271.604938 -1296.296296  -0.00007077540851736609
-3271.604938 -1172.839506  -0.00007314846742269613
-3271.604938 -1049.382716  -0.00007595490114951108
-3271.604938  -925.925926  -0.00007937599458310029
-3271.604938  -802.469136  -0.00008326684977240146
-3271.604938  -679.012346  -0.00008761763608485266
-3271.604938  -555.555556  -0.00009220519766205456
-3271.604938  -432.098765  -0.00009676327187216861
-3271.604938  -308.641975  -0.00010085915309049628
-3271.604938  -185.185185  -0.00010396637388427787
-3271.604938   -61.728395  -0.00010554612176506977
-3271.604938    61.728395  -0.00010554612176507339
-3271.604938   185.185185  -0.00010396637388427090
-3271.604938   308.641975  -0.00010085915309048627
-3271.604938   432.098765  -0.00009676327187215808
-3271.604938   555.555556  -0.00009220519766203546
-3271.604938   679.012346  -0.00008761763608483409
-3271.604938   802.469136  -0.00008326684977237543
-3271.604938   925.925926  -0.00007937599458307022
-3271.604938  1049.382716  -0.00007595490114947835
-3271.604938  1172.839506  -0.00007314846742265581
-3271.604938  1296.296296  -0.00007077540851732581
-3271.604938  1419.753086  -0.00006884999618387838
-3271.604938  1543.209877  -0.00006715325993758205
-3271.604938  1666.666667  -0.00006589042597904698
-3271.604938  1790.123457  -0.00006488849497076439
-3271.604938  1913.580247  -0.00006401021461175899
-3271.604938  2037.037037  -0.00006261750669564867
-3271.604938  2160.493827  -0.00006216225630431385
-3271.604938  2283.950617  -0.00006137629104524353
-3271.604938  2407.407407  -0.00006163375809752190
-3271.604938  2530.864198  -0.00005702478465605455
-3271.604938  2654.320988  -0.00006374323633281651
-3271.604938  2777.777778  -0.00006259059561869711
-3271.604938  2901.234568  -0.00005866016381976534
-3271.604938  3024.691358  -0.00005591403746416334
-3271.604938  3148.148148  -0.00005548981121753740
-3271.604938  3271.604938  -0.00005706478294328939
-3271.604938  3395.061728  -0.00005976411283608099
-3271.604938  3518.518519  -0.00006139320742841932
-3271.604938  3641.975309  -0.00006197152031847347
-3271.604938  3765.432099  -0.00006065198890198461
-3271.604938  3888.888889  -0.00005802227460546645
-3271.604938  4012.345679  -0.00005490960465859349
-3271.604938  4135.802469  -0.00005238741530673017
-3271.604938  4259.259259  -0.00005229953272293406
-3271.604938  4382.716049  -0.00005569749665186231
-3271.604938  4506.172840  -0.00006140159178111714
-3271.604938  4629.629630  -0.00006534693178419161
-3271.604938  4753.086420  -0.00006358240240680723
-3271.604938  4876.543210  -0.00004217855952604405

-3148.148148 -5000.000000  0.00000283651120467540
-3148.148148 -4876.543210  -0.00003414861715568820
-3148.148148 -4753.086420  -0.00005375340609120096
-3148.148148 -4629.629630  -0.00005533259079963190
-3148.148148 -4506.172840  -0.00005206113668498104
-3148.148148 -4382.716049  -0.00004689202439431136
-3148.148148 -4259.259259  -0.00004382304130200147
-3148.148148 -4135.802469  -0.00004401746963356301
-3148.148148 -4012.345679  -0.00004633269808889979
-3148.148148 -3888.888889  -0.00004909841659580186
-3148.148148 -3765.432099  -0.00005153133465469222
-3148.148148 -3641.975309  -0.00005269651987596739
-3148.148148 -3518.518519  -0.00005219498357185270
-3148.148148 -3395.061728  -0.00005074284013292665
-3148.148148 -3271.604938  -0.00004834360014000829
-3148.148148 -3148.148148  -0.00004696180325411203
-3148.148148 -3024.691358  -0.00004739179169476123
-3148.148148 -2901.234568  -0.00004989481867294050
-3148.148148 -2777.777778  -0.00005345086931406169
-3148.148148 -2654.320988  -0.00005444285432616187
-3148.148148 -2530.864198  -0.00004830580334403900
-3148.148148 -2407.407407  -0.00005266910235274167
-3148.148148 -2283.950617  -0.00005229654173304146
-3148.148148 -2160.493827  -0.00005307807584136827
-3148.148148 -2037.037037  -0.00005359021732687163
-3148.148148 -1913.580247  -0.00005501306255516048
-3148.148148 -1790.123457  -0.00005594506667764825
-3148.148148 -1666.666667  -0.00005700686752977004
-3148.148148 -1543.209877  -0.00005834081483784490
-3148.148148 -1419.753086  -0.00006013556676146065
-3148.148148 -1296.296296  -0.00006223018801546006
-3148.148148 -1172.839506  -0.00006490807016497128
-3148.148148 -1049.382716  -0.00006818442739103289
-3148.148148  -925.925926  -0.00007229059806725993
-3148.148148  -802.469136  -0.00007713818895224483
-3148.148148  -679.012346  -0.00008274023496949469
-3148.148148  -555.555556  -0.00008886276369787878
-3148.148148  -432.098765  -0.00009513871549632718
-3148.148148  -308.641975  -0.00010092714654781286
-3148.148148  -185.185185  -0.00010541296228861126
-3148.148148   -61.728395  -0.00010769421249803972
-3148.148148    61.728395  -0.00010769421249804333
-3148.148148   185.185185  -0.00010541296228860262
-3148.148148   308.641975  -0.00010092714654779968
-3148.148148   432.098765  -0.00009513871549631078
-3148.148148   555.555556  -0.00008886276369785335
-3148.148148   679.012346  -0.00008274023496947196
-3148.148148   802.469136  -0.00007713818895221229
-3148.148148   925.925926  -0.00007229059806722439
-3148.148148  1049.382716  -0.00006818442739099389
-3148.148148  1172.839506  -0.00006490807016492493
-3148.148148  1296.296296  -0.00006223018801541384
-3148.148148  1419.753086  -0.00006013556676141007
-3148.148148  1543.209877  -0.00005834081483778945
-3148.148148  1666.666667  -0.00005700686752971057
-3148.148148  1790.123457  -0.00005594506667758200
-3148.148148  1913.580247  -0.00005501306255509266
-3148.148148  2037.037037  -0.00005359021732679885
-3148.148148  2160.493827  -0.00005307807584129092
-3148.148148  2283.950617  -0.00005229654173296062
-3148.148148  2407.407407  -0.00005266910235265736
-3148.148148  2530.864198  -0.00004830580334395265
-3148.148148  2654.320988  -0.00005444285432607536
-3148.148148  2777.777778  -0.00005345086931397861
-3148.148148  2901.234568  -0.00004989481867286062
-3148.148148  3024.691358  -0.00004739179169467737
-3148.148148  3148.148148  -0.00004696180325402463
-3148.148148  3271.604938  -0.00004834360013991419
-3148.148148  3395.061728  -0.00005074284013282382
-3148.148148  3518.518519  -0.00005219498357174518
-3148.148148  3641.975309  -0.00005269651987585553
-3148.148148  3765.432099  -0.00005153133465458182
-3148.148148  3888.888889  -0.00004909841659569440
-3148.148148  4012.345679  -0.00004633269808879183
-3148.148148  4135.802469  -0.00004401746963345569
-3148.148148  4259.259259  -0.00004382304130188856
-3148.148148  4382.716049  -0.00004689202439418887
-3148.148148  4506.172840  -0.00005206113668484853
-3148.148148  4629.629630  -0.00005533259079948790
-3148.148148  4753.086420  -0.00005375340609106281
-3148.148148  4876.543210  -0.00003414861715558157

-3024.691358 -5000.000000  0.00000198313591492917
-3024.691358 -4876.543210  -0.00003257108107141808
-3024.691358 -4753.086420  -0.00005012392561524037
-3024.691358 -4629.629630  -0.00005171027301178332
-3024.691358 -4506.172840  -0.00004878646775605682
-3024.691358 -4382.716049  -0.00004428052017032943
-3024.691358 -4259.259259  -0.00004164629248089009
-3024.691358 -4135.802469  -0.00004186762099349506
-3024.691358 -4012.345679  -0.00004399497886180693
-3024.691358 -3888.888889  -0.00004652187813574521
-3024.691358 -3765.432099  -0.00004868148118115057
-3024.691358 -3641.975309  -0.00004968836270491227
-3024.691358 -3518.518519  -0.00004925847865139410
-3024.691358 -3395.061728  -0.00004798380939014269
-3024.691358 -3271.604938  -0.00004586175861407615
-3024.691358 -3148.148148  -0.00004467408181812329
-3024.691358 -3024.691358  -0.00004512490814492863
-3024.691358 -2901.234568  -0.00004742159827538381
-3024.691358 -2777.777778  -0.00005062633220431004
-3024.691358 -2654.320988  -0.00005145030806198023
-3024.691358 -2530.864198  -0.00004583883046779951
-3024.691358 -2407.407407  -0.00005002384986908363
-3024.691358 -2283.950617  -0.00004955088399061248
-3024.691358 -2160.493827  -0.00005030093018395486
-3024.691358 -2037.037037  -0.00005088871967597456
-3024.691358 -1913.580247  -0.00005238103643899904
-3024.691358 -1790.123457  -0.00005340028751778204
-3024.691358 -1666.666667  -0.00005453430521489842
-3024.691358 -1543.209877  -0.00005595188123758795
-3024.691358 -1419.753086  -0.00005788463561559205
-3024.691358 -1296.296296  -0.00006019482219906588
-3024.691358 -1172.839506  -0.00006324245932337728
-3024.691358 -1049.382716  -0.00006710040578579946
-3024.691358  -925.925926  -0.00007208363342024263
-3024.691358  -802.469136  -0.00007818396041599920
-3024.691358  -679.012346  -0.00008549489790143825
-3024.691358  -555.555556  -0.00009378746944845652
-3024.691358  -432.098765  -0.00010257094196100449
-3024.691358  -308.641975  -0.00011089373469321176
-3024.691358  -185.185185  -0.00011747434129513890
-3024.691358   -61.728395  -0.00012085768144479237
-3024.691358    61.728395  -0.00012085768144479144
-3024.691358   185.185185  -0.00011747434129512795
-3024.691358   308.641975  -0.00011089373469319464
-3024.691358   432.098765  -0.00010257094196098137
-3024.691358   555.555556  -0.00009378746944842737
-3024.691358   679.012346  -0.00008549489790140922
-3024.691358   802.469136  -0.00007818396041596063
-3024.691358   925.925926  -0.00007208363342020013
-3024.691358  1049.382716  -0.00006710040578575312
-3024.691358  1172.839506  -0.00006324245932332318
-3024.691358  1296.296296  -0.00006019482219901108
-3024.691358  1419.753086  -0.00005788463561553386
-3024.691358  1543.209877  -0.00005595188123752418
-3024.691358  1666.666667  -0.00005453430521483040
-3024.691358  1790.123457  -0.00005340028751770789
-3024.691358  1913.580247  -0.00005238103643892395
-3024.691358  2037.037037  -0.00005088871967589388
-3024.691358  2160.493827  -0.00005030093018386924
-3024.691358  2283.950617  -0.00004955088399052299
-3024.691358  2407.407407  -0.00005002384986898849
-3024.691358  2530.864198  -0.00004583883046770478
-3024.691358  2654.320988  -0.00005145030806188305
-3024.691358  2777.777778  -0.00005062633220421496
-3024.691358  2901.234568  -0.00004742159827529162
-3024.691358  3024.691358  -0.00004512490814483272
-3024.691358  3148.148148  -0.00004467408181802359
-3024.691358  3271.604938  -0.00004586175861396991
-3024.691358  3395.061728  -0.00004798380939002887
-3024.691358  3518.518519  -0.00004925847865127519
-3024.691358  3641.975309  -0.00004968836270478795
-3024.691358  3765.432099  -0.00004868148118102642
-3024.691358  3888.888889  -0.00004652187813562322
-3024.691358  4012.345679  -0.00004399497886168402
-3024.691358  4135.802469  -0.00004186762099337245
-3024.691358  4259.259259  -0.00004164629248076206
-3024.691358  4382.716049  -0.00004428052017019331
-3024.691358  4506.172840  -0.00004878646775591179
-3024.691358  4629.629630  -0.00005171027301162712
-3024.691358  4753.086420  -0.00005012392561509221
-3024.691358  4876.543210  -0.00003257108107130112

-2901.234568 -5000.000000  -0.00000008023695870815
-2901.234568 -4876.543210  -0.00003779038761896828
-2901.234568 -4753.086420  -0.00005315089365422325
-2901.234568 -4629.629630  -0.00005491947956974324
-2901.234568 -4506.172840  -0.00005201926651453882
-2901.234568 -4382.716049  -0.00004830192540070065
-2901.234568 -4259.259259  -0.00004617694217075992
-2901.234568 -4135.802469  -0.00004630194745427729
-2901.234568 -4012.345679  -0.00004830074769848124
-2901.234568 -3888.888889  -0.00005072917783293584
-2901.234568 -3765.432099  -0.00005261066441820641
-2901.234568 -3641.975309  -0.00005372995984121175
-2901.234568 -3518.518519  -0.00005331700467977113
-2901.234568 -3395.061728  -0.00005225273113733413
-2901.234568 -3271.604938  -0.00005033596087230829
-2901.234568 -3148.148148  -0.00004934031877516922
-2901.234568 -3024.691358  -0.00004981121887657629
-2901.234568 -2901.234568  -0.00005195648465235291
-2901.234568 -2777.777778  -0.00005489044595699248
-2901.234568 -2654.320988  -0.00005556790199528193
-2901.234568 -2530.864198  -0.00005040786502648869
-2901.234568 -2407.407407  -0.00005458248636785236
-2901.234568 -2283.950617  -0.00005400999460182100
-2901.234568 -2160.493827  -0.00005476038295980484
-2901.234568 -2037.037037  -0.00005544018020452508
-2901.234568 -1913.580247  -0.00005704145773777206
-2901.234568 -1790.123457  -0.00005818057947574971
-2901.234568 -1666.666667  -0.00005942861403358959
-2901.234568 -1543.209877  -0.00006097818905621025
-2901.234568 -1419.753086  -0.00006310476952188241
-2901.234568 -1296.296296  -0.00006570927267416862
-2901.234568 -1172.839506  -0.00006923470491851381
-2901.234568 -1049.382716  -0.00007383511788195218
-2901.234568  -925.925926  -0.00007995152171856673
-2901.234568  -802.469136  -0.00008769576665654265
-2901.234568  -679.012346  -0.00009731012025682791
-2901.234568  -555.555556  -0.00010861846329925937
-2901.234568  -432.098765  -0.00012098414455884201
-2901.234568  -308.641975  -0.00013300368741952582
-2901.234568  -185.185185  -0.00014268173313065164
-2901.234568   -61.728395  -0.00014772615547928959
-2901.234568    61.728395  -0.00014772615547928858
-2901.234568   185.185185  -0.00014268173313063806
-2901.234568   308.641975  -0.00013300368741950519
-2901.234568   432.098765  -0.00012098414455881383
-2901.234568   555.555556  -0.00010861846329922422
-2901.234568   679.012346  -0.00009731012025679301
-2901.234568   802.469136  -0.00008769576665649701
-2901.234568   925.925926  -0.00007995152171851757
-2901.234568  1049.382716  -0.00007383511788189931
-2901.234568  1172.839506  -0.00006923470491845254
-2901.234568  1296.296296  -0.00006570927267410740
-2901.234568  1419.753086  -0.00006310476952181648
-2901.234568  1543.209877  -0.00006097818905614022
-2901.234568  1666.666667  -0.00005942861403351550
-2901.234568  1790.123457  -0.00005818057947566744
-2901.234568  1913.580247  -0.00005704145773768899
-2901.234568  2037.037037  -0.00005544018020443645
-2901.234568  2160.493827  -0.00005476038295970973
-2901.234568  2283.950617  -0.00005400999460172163
-2901.234568  2407.407407  -0.00005458248636774623
-2901.234568  2530.864198  -0.00005040786502638556
-2901.234568  2654.320988  -0.00005556790199517402
-2901.234568  2777.777778  -0.00005489044595688560
-2901.234568  2901.234568  -0.00005195648465224844
-2901.234568  3024.691358  -0.00004981121887646823
-2901.234568  3148.148148  -0.00004934031877505790
-2901.234568  3271.604938  -0.00005033596087219021
-2901.234568  3395.061728  -0.00005225273113720778
-2901.234568  3518.518519  -0.00005331700467963999
-2901.234568  3641.975309  -0.00005372995984107468
-2901.234568  3765.432099  -0.00005261066441806931
-2901.234568  3888.888889  -0.00005072917783280103
-2901.234568  4012.345679  -0.00004830074769834553
-2901.234568  4135.802469  -0.00004630194745414205
-2901.234568  4259.259259  -0.00004617694217061911
-2901.234568  4382.716049  -0.00004830192540055182
-2901.234568  4506.172840  -0.00005201926651438184
-2901.234568  4629.629630  -0.00005491947956957473
-2901.234568  4753.086420  -0.00005315089365406326
-2901.234568  4876.543210  -0.00003779038761883992

-2777.777778 -5000.000000  -0.00000270489831437730
-2777.777778 -4876.543210  -0.00004684319469024256
-2777.777778 -4753.086420  -0.00006006730177445274
-2777.777778 -4629.629630  -0.00006207643242172337
-2777.777778 -4506.172840  -0.00005905465184437713
-2777.777778 -4382.716049  -0.00005619089162793837
-2777.777778 -4259.259259  -0.00005460039981040385
-2777.777778 -4135.802469  -0.00005455353159431742
-2777.777778 -4012.345679  -0.00005644550762799246
-2777.777778 -3888.888889  -0.00005889926593143162
-2777.777778 -3765.432099  -0.00006045168563849808
-2777.777778 -3641.975309  -0.00006166866385492709
-2777.777778 -3518.518519  -0.00006126235975109443
-2777.777778 -3395.061728  -0.00006041457122465125
-2777.777778 -3271.604938  -0.00005869472402522154
-2777.777778 -3148.148148  -0.00005787828976358076
-2777.777778 -3024.691358  -0.00005834831697826468
-2777.777778 -2901.234568  -0.00006034227560974402
-2777.777778 -2777.777778  -0.00006307090068803654
-2777.777778 -2654.320988  -0.00006368767496579973
-2777.777778 -2530.864198  -0.00005897895446268965
-2777.777778 -2407.407407  -0.00006318465932325422
-2777.777778 -2283.950617  -0.00006251831161133744
-2777.777778 -2160.493827  -0.00006338338342982362
-2777.777778 -2037.037037  -0.00006414371896455259
-2777.777778 -1913.580247  -0.00006584086484098784
-2777.777778 -1790.123457  -0.00006709345281703119
-2777.777778 -1666.666667  -0.00006851285227298967
-2777.777778 -1543.209877  -0.00007026590023401769
-2777.777778 -1419.753086  -0.00007261560760466882
-2777.777778 -1296.296296  -0.00007558217596734316
-2777.777778 -1172.839506  -0.00007969048408864721
-2777.777778 -1049.382716  -0.00008517096939716791
-2777.777778  -925.925926  -0.00009263505394145144
-2777.777778  -802.469136  -0.00010237674314325835
-2777.777778  -679.012346  -0.00011485332575380924
-2777.777778  -555.555556  -0.00013002471453685789
-2777.777778  -432.098765  -0.00014710849027452762
-2777.777778  -308.641975  -0.00016410117639503708
-2777.777778  -185.185185  -0.00017800388718329857
-2777.777778   -61.728395  -0.00018530772790600184
-2777.777778    61.728395  -0.00018530772790599720
-2777.777778   185.185185  -0.00017800388718328128
-2777.777778   308.641975  -0.00016410117639501136
-2777.777778   432.098765  -0.00014710849027449379
-2777.777778   555.555556  -0.00013002471453681545
-2777.777778   679.012346  -0.00011485332575376408
-2777.777778   802.469136  -0.00010237674314320242
-2777.777778   925.925926  -0.00009263505394139300
-2777.777778  1049.382716  -0.00008517096939710657
-2777.777778  1172.839506  -0.00007969048408857785
-2777.777778  1296.296296  -0.00007558217596727464
-2777.777778  1419.753086  -0.00007261560760459635
-2777.777778  1543.209877  -0.00007026590023394008
-2777.777778  1666.666667  -0.00006851285227290801
-2777.777778  1790.123457  -0.00006709345281694165
-2777.777778  1913.580247  -0.00006584086484089632
-2777.777778  2037.037037  -0.00006414371896445474
-2777.777778  2160.493827  -0.00006338338342971949
-2777.777778  2283.950617  -0.00006251831161122871
-2777.777778  2407.407407  -0.00006318465932313756
-2777.777778  2530.864198  -0.00005897895446257932
-2777.777778  2654.320988  -0.00006368767496568199
-2777.777778  2777.777778  -0.00006307090068791821
-2777.777778  2901.234568  -0.00006034227560962907
-2777.777778  3024.691358  -0.00005834831697814536
-2777.777778  3148.148148  -0.00005787828976345938
-2777.777778  3271.604938  -0.00005869472402509253
-2777.777778  3395.061728  -0.00006041457122451340
-2777.777778  3518.518519  -0.00006126235975095206
-2777.777778  3641.975309  -0.00006166866385477765
-2777.777778  3765.432099  -0.00006045168563834960
-2777.777778  3888.888889  -0.00005889926593128497
-2777.777778  4012.345679  -0.00005644550762784537
-2777.777778  4135.802469  -0.00005455353159417137
-2777.777778  4259.259259  -0.00005460039981025206
-2777.777778  4382.716049  -0.00005619089162777835
-2777.777778  4506.172840  -0.00005905465184420797
-2777.777778  4629.629630  -0.00006207643242154166
-2777.777778  4753.086420  -0.00006006730177427948
-2777.777778  4876.543210  -0.00004684319469010248

-2654.320988 -5000.000000  -0.00000382891706909255
-2654.320988 -4876.543210  -0.00004831348476520593
-2654.320988 -4753.086420  -0.00005982307913335916
-2654.320988 -4629.629630  -0.00006186110676616412
-2654.320988 -4506.172840  -0.00005908337450676467
-2654.320988 -4382.716049  -0.00005687517294297015
-2654.320988 -4259.259259  -0.00005568621702576327
-2654.320988 -4135.802469  -0.00005559810415083086
-2654.320988 -4012.345679  -0.00005734254104900838
-2654.320988 -3888.888889  -0.00005971024844993473
-2654.320988 -3765.432099  -0.00006096168039694196
-2654.320988 -3641.975309  -0.00006201609063720909
-2654.320988 -3518.518519  -0.00006166931466076432
-2654.320988 -3395.061728  -0.00006099285223900192
-2654.320988 -3271.604938  -0.00005952203727086821
-2654.320988 -3148.148148  -0.00005886200039056677
-2654.320988 -3024.691358  -0.00005930872881555053
-2654.320988 -2901.234568  -0.00006108546581844266
-2654.320988 -2777.777778  -0.00006356750555951929
-2654.320988 -2654.320988  -0.00006416322969186500
-2654.320988 -2530.864198  -0.00006003178847893626
-2654.320988 -2407.407407  -0.00006453020199849818
-2654.320988 -2283.950617  -0.00006375846137933602
-2654.320988 -2160.493827  -0.00006474038740885830
-2654.320988 -2037.037037  -0.00006551258730522445
-2654.320988 -1913.580247  -0.00006724646933733192
-2654.320988 -1790.123457  -0.00006853916970493155
-2654.320988 -1666.666667  -0.00007007188082868315
-2654.320988 -1543.209877  -0.00007196342443434156
-2654.320988 -1419.753086  -0.00007443322961444857
-2654.320988 -1296.296296  -0.00007762393829134410
-2654.320988 -1172.839506  -0.00008213849069444191
-2654.320988 -1049.382716  -0.00008824964072686527
-2654.320988  -925.925926  -0.00009673746179434734
-2654.320988  -802.469136  -0.00010807564865946078
-2654.320988  -679.012346  -0.00012295310975789011
-2654.320988  -555.555556  -0.00014152049653428516
-2654.320988  -432.098765  -0.00016294782252383510
-2654.320988  -308.641975  -0.00018471515281572861
-2654.320988  -185.185185  -0.00020282188747513708
-2654.320988   -61.728395  -0.00021243486593130410
-2654.320988    61.728395  -0.00021243486593129743
-2654.320988   185.185185  -0.00020282188747511602
-2654.320988   308.641975  -0.00018471515281569679
-2654.320988   432.098765  -0.00016294782252379255
-2654.320988   555.555556  -0.00014152049653423144
-2654.320988   679.012346  -0.00012295310975783268
-2654.320988   802.469136  -0.00010807564865939258
-2654.320988   925.925926  -0.00009673746179427772
-2654.320988  1049.382716  -0.00008824964072679390
-2654.320988  1172.839506  -0.00008213849069436393
-2654.320988  1296.296296  -0.00007762393829126668
-2654.320988  1419.753086  -0.00007443322961436821
-2654.320988  1543.209877  -0.00007196342443425553
-2654.320988  1666.666667  -0.00007007188082859222
-2654.320988  1790.123457  -0.00006853916970483214
-2654.320988  1913.580247  -0.00006724646933722940
-2654.320988  2037.037037  -0.00006551258730511609
-2654.320988  2160.493827  -0.00006474038740874264
-2654.320988  2283.950617  -0.00006375846137921612
-2654.320988  2407.407407  -0.00006453020199836982
-2654.320988  2530.864198  -0.00006003178847882041
-2654.320988  2654.320988  -0.00006416322969174029
-2654.320988  2777.777778  -0.00006356750555939285
-2654.320988  2901.234568  -0.00006108546581831915
-2654.320988  3024.691358  -0.00005930872881542356
-2654.320988  3148.148148  -0.00005886200039043858
-2654.320988  3271.604938  -0.00005952203727073250
-2654.320988  3395.061728  -0.00006099285223885715
-2654.320988  3518.518519  -0.00006166931466061440
-2654.320988  3641.975309  -0.00006201609063705232
-2654.320988  3765.432099  -0.00006096168039678626
-2654.320988  3888.888889  -0.00005971024844978071
-2654.320988  4012.345679  -0.00005734254104885411
-2654.320988  4135.802469  -0.00005559810415067854
-2654.320988  4259.259259  -0.00005568621702560519
-2654.320988  4382.716049  -0.00005687517294280464
-2654.320988  4506.172840  -0.00005908337450658920
-2654.320988  4629.629630  -0.00006186110676597552
-2654.320988  4753.086420  -0.00005982307913317876
-2654.320988  4876.543210  -0.00004831348476505962

-2530.864198 -5000.000000  -0.00000075786449634702
-2530.864198 -4876.543210  -0.00002568149985209768
-2530.864198 -4753.086420  -0.00003633835486125455
-2530.864198 -4629.629630  -0.00003797774428047553
-2530.864198 -4506.172840  -0.00003646427957334753
-2530.864198 -4382.716049  -0.00003430577541330268
-2530.864198 -4259.259259  -0.00003319055843194890
-2530.864198 -4135.802469  -0.00003352177253445280
-2530.864198 -4012.345679  -0.00003501997862236607
-2530.864198 -3888.888889  -0.00003674343801339264
-2530.864198 -3765.432099  -0.00003815182688994148
-2530.864198 -3641.975309  -0.00003906449434469734
-2530.864198 -3518.518519  -0.00003887709856851967
-2530.864198 -3395.061728  -0.00003824644787981058
-2530.864198 -3271.604938  -0.00003710004992525674
-2530.864198 -3148.148148  -0.00003655719687238861
-2530.864198 -3024.691358  -0.00003695811666871489
-2530.864198 -2901.234568  -0.00003841325990795344
-2530.864198 -2777.777778  -0.00004046337426839640
-2530.864198 -2654.320988  -0.00004098076589836165
-2530.864198 -2530.864198  -0.00003749928094722572
-2530.864198 -2407.407407  -0.00004222104239244273
-2530.864198 -2283.950617  -0.00004153882094033001
-2530.864198 -2160.493827  -0.00004218905911427964
-2530.864198 -2037.037037  -0.00004287525362981677
-2530.864198 -1913.580247  -0.00004450686269703636
-2530.864198 -1790.123457  -0.00004572919430674074
-2530.864198 -1666.666667  -0.00004707133359235965
-2530.864198 -1543.209877  -0.00004873408003813288
-2530.864198 -1419.753086  -0.00005104567830092750
-2530.864198 -1296.296296  -0.00005396166171819756
-2530.864198 -1172.839506  -0.00005812627175558597
-2530.864198 -1049.382716  -0.00006392524305841839
-2530.864198  -925.925926  -0.00007206222330954760
-2530.864198  -802.469136  -0.00008313377005267980
-2530.864198  -679.012346  -0.00009793171057850738
-2530.864198  -555.555556  -0.00011679385734835998
-2530.864198  -432.098765  -0.00013905408022701760
-2530.864198  -308.641975  -0.00016220065357333430
-2530.864198  -185.185185  -0.00018190841572506849
-2530.864198   -61.728395  -0.00019258928034573454
-2530.864198    61.728395  -0.00019258928034572605
-2530.864198   185.185185  -0.00018190841572504328
-2530.864198   308.641975  -0.00016220065357329340
-2530.864198   432.098765  -0.00013905408022696266
-2530.864198   555.555556  -0.00011679385734829309
-2530.864198   679.012346  -0.00009793171057843884
-2530.864198   802.469136  -0.00008313377005260117
-2530.864198   925.925926  -0.00007206222330946601
-2530.864198  1049.382716  -0.00006392524305833581
-2530.864198  1172.839506  -0.00005812627175549583
-2530.864198  1296.296296  -0.00005396166171810741
-2530.864198  1419.753086  -0.00005104567830083294
-2530.864198  1543.209877  -0.00004873408003803329
-2530.864198  1666.666667  -0.00004707133359225449
-2530.864198  1790.123457  -0.00004572919430662677
-2530.864198  1913.580247  -0.00004450686269691836
-2530.864198  2037.037037  -0.00004287525362969400
-2530.864198  2160.493827  -0.00004218905911414941
-2530.864198  2283.950617  -0.00004153882094019533
-2530.864198  2407.407407  -0.00004222104239230064
-2530.864198  2530.864198  -0.00003749928094710425
-2530.864198  2654.320988  -0.00004098076589822762
-2530.864198  2777.777778  -0.00004046337426825981
-2530.864198  2901.234568  -0.00003841325990781960
-2530.864198  3024.691358  -0.00003695811666857883
-2530.864198  3148.148148  -0.00003655719687225067
-2530.864198  3271.604938  -0.00003710004992511301
-2530.864198  3395.061728  -0.00003824644787965860
-2530.864198  3518.518519  -0.00003887709856836263
-2530.864198  3641.975309  -0.00003906449434453466
-2530.864198  3765.432099  -0.00003815182688977837
-2530.864198  3888.888889  -0.00003674343801323091
-2530.864198  4012.345679  -0.00003501997862220437
-2530.864198  4135.802469  -0.00003352177253429211
-2530.864198  4259.259259  -0.00003319055843178420
-2530.864198  4382.716049  -0.00003430577541313160
-2530.864198  4506.172840  -0.00003646427957316931
-2530.864198  4629.629630  -0.00003797774428028715
-2530.864198  4753.086420  -0.00003633835486107657
-2530.864198  4876.543210  -0.00002568149985195102

-2407.407407 -5000.000000  -0.00000395261726950096
-2407.407407 -4876.543210  -0.00003622924431408807
-2407.407407 -4753.086420  -0.00004512827243111284
-2407.407407 -4629.629630  -0.00004741187070660389
-2407.407407 -4506.172840  -0.00004563495836124737
-2407.407407 -4382.716049  -0.00004421235248986228
-2407.407407 -4259.259259  -0.00004368050672216897
-2407.407407 -4135.802469  -0.00004397146911241331
-2407.407407 -4012.345679  -0.00004525526995364304
-2407.407407 -3888.888889  -0.00004695403552284094
-2407.407407 -3765.432099  -0.00004829100729241992
-2407.407407 -3641.975309  -0.00004902916710306096
-2407.407407 -3518.518519  -0.00004910180936771283
-2407.407407 -3395.061728  -0.00004852013672342991
-2407.407407 -3271.604938  -0.00004765373403241954
-2407.407407 -3148.148148  -0.00004716110657430957
-2407.407407 -3024.691358  -0.00004750131334057674
-2407.407407 -2901.234568  -0.00004877300771051818
-2407.407407 -2777.777778  -0.00005053731539364240
-2407.407407 -2654.320988  -0.00005131865996417935
-2407.407407 -2530.864198  -0.00004876485928790474
-2407.407407 -2407.407407  -0.00004970361345110394
-2407.407407 -2283.950617  -0.00005009060652136970
-2407.407407 -2160.493827  -0.00005068495779873358
-2407.407407 -2037.037037  -0.00005142465499697854
-2407.407407 -1913.580247  -0.00005261100663371935
-2407.407407 -1790.123457  -0.00005391478407417812
-2407.407407 -1666.666667  -0.00005547119577491667
-2407.407407 -1543.209877  -0.00005739348832722736
-2407.407407 -1419.753086  -0.00005989117327308552
-2407.407407 -1296.296296  -0.00006317165419075164
-2407.407407 -1172.839506  -0.00006763140353012935
-2407.407407 -1049.382716  -0.00007389322899696412
-2407.407407  -925.925926  -0.00008265779736348961
-2407.407407  -802.469136  -0.00009480896867339210
-2407.407407  -679.012346  -0.00011135099420652563
-2407.407407  -555.555556  -0.00013281681012938505
-2407.407407  -432.098765  -0.00015850673557576346
-2407.407407  -308.641975  -0.00018550472710435293
-2407.407407  -185.185185  -0.00020857190157083663
-2407.407407   -61.728395  -0.00022076147031948343
-2407.407407    61.728395  -0.00022076147031947540
-2407.407407   185.185185  -0.00020857190157080866
-2407.407407   308.641975  -0.00018550472710430867
-2407.407407   432.098765  -0.00015850673557570505
-2407.407407   555.555556  -0.00013281681012931670
-2407.407407   679.012346  -0.00011135099420645516
-2407.407407   802.469136  -0.00009480896867331091
-2407.407407   925.925926  -0.00008265779736340408
-2407.407407  1049.382716  -0.00007389322899687572
-2407.407407  1172.839506  -0.00006763140353003215
-2407.407407  1296.296296  -0.00006317165419065401
-2407.407407  1419.753086  -0.00005989117327298310
-2407.407407  1543.209877  -0.00005739348832711957
-2407.407407  1666.666667  -0.00005547119577480372
-2407.407407  1790.123457  -0.00005391478407405783
-2407.407407  1913.580247  -0.00005261100663359592
-2407.407407  2037.037037  -0.00005142465499684656
-2407.407407  2160.493827  -0.00005068495779859494
-2407.407407  2283.950617  -0.00005009060652122435
-2407.407407  2407.407407  -0.00004970361345095133
-2407.407407  2530.864198  -0.00004876485928774766
-2407.407407  2654.320988  -0.00005131865996400704
-2407.407407  2777.777778  -0.00005053731539346552
-2407.407407  2901.234568  -0.00004877300771034230
-2407.407407  3024.691358  -0.00004750131334039777
-2407.407407  3148.148148  -0.00004716110657412766
-2407.407407  3271.604938  -0.00004765373403223098
-2407.407407  3395.061728  -0.00004852013672323341
-2407.407407  3518.518519  -0.00004910180936751018
-2407.407407  3641.975309  -0.00004902916710285222
-2407.407407  3765.432099  -0.00004829100729221097
-2407.407407  3888.888889  -0.00004695403552263546
-2407.407407  4012.345679  -0.00004525526995343871
-2407.407407  4135.802469  -0.00004397146911221159
-2407.407407  4259.259259  -0.00004368050672196412
-2407.407407  4382.716049  -0.00004421235248965416
-2407.407407  4506.172840  -0.00004563495836103353
-2407.407407  4629.629630  -0.00004741187070637753
-2407.407407  4753.086420  -0.00004512827243089743
-2407.407407  4876.543210  -0.00003622924431389813

-2283.950617 -5000.000000  -0.00000422935094800112
-2283.950617 -4876.543210  -0.00003293939923814249
-2283.950617 -4753.086420  -0.00004025789273407591
-2283.950617 -4629.629630  -0.00004245957765998818
-2283.950617 -4506.172840  -0.00004103177500442834
-2283.950617 -4382.716049  -0.00004006692935757656
-2283.950617 -4259.259259  -0.00003980432206496597
-2283.950617 -4135.802469  -0.00004009239246281884
-2283.950617 -4012.345679  -0.00004123005284070234
-2283.950617 -3888.888889  -0.00004269437743515441
-2283.950617 -3765.432099  -0.00004387581254809267
-2283.950617 -3641.975309  -0.00004463926824137346
-2283.950617 -3518.518519  -0.00004474963385241588
-2283.950617 -3395.061728  -0.00004433594704185860
-2283.950617 -3271.604938  -0.00004363311734502613
-2283.950617 -3148.148148  -0.00004326023471225871
-2283.950617 -3024.691358  -0.00004356717937109417
-2283.950617 -2901.234568  -0.00004463081664538598
-2283.950617 -2777.777778  -0.00004609257342274628
-2283.950617 -2654.320988  -0.00004676400974999815
-2283.950617 -2530.864198  -0.00004495684642048707
-2283.950617 -2407.407407  -0.00004672961259930651
-2283.950617 -2283.950617  -0.00004717305923459351
-2283.950617 -2160.493827  -0.00004768582182244791
-2283.950617 -2037.037037  -0.00004832294574726834
-2283.950617 -1913.580247  -0.00004943757103267855
-2283.950617 -1790.123457  -0.00005068798109618853
-2283.950617 -1666.666667  -0.00005220183271645929
-2283.950617 -1543.209877  -0.00005407884167723175
-2283.950617 -1419.753086  -0.00005653144513631423
-2283.950617 -1296.296296  -0.00005973998954384143
-2283.950617 -1172.839506  -0.00006408939986623714
-2283.950617 -1049.382716  -0.00007025971128553369
-2283.950617  -925.925926  -0.00007895893854497196
-2283.950617  -802.469136  -0.00009114984867065174
-2283.950617  -679.012346  -0.00010790686168309344
-2283.950617  -555.555556  -0.00012988757404622640
-2283.950617  -432.098765  -0.00015646313519908061
-2283.950617  -308.641975  -0.00018467805642182958
-2283.950617  -185.185185  -0.00020906434692394789
-2283.950617   -61.728395  -0.00022219603057877988
-2283.950617    61.728395  -0.00022219603057876792
-2283.950617   185.185185  -0.00020906434692391290
-2283.950617   308.641975  -0.00018467805642177597
-2283.950617   432.098765  -0.00015646313519901073
-2283.950617   555.555556  -0.00012988757404614558
-2283.950617   679.012346  -0.00010790686168301177
-2283.950617   802.469136  -0.00009114984867055949
-2283.950617   925.925926  -0.00007895893854487475
-2283.950617  1049.382716  -0.00007025971128543408
-2283.950617  1172.839506  -0.00006408939986612921
-2283.950617  1296.296296  -0.00005973998954373212
-2283.950617  1419.753086  -0.00005653144513620002
-2283.950617  1543.209877  -0.00005407884167711174
-2283.950617  1666.666667  -0.00005220183271633416
-2283.950617  1790.123457  -0.00005068798109605547
-2283.950617  1913.580247  -0.00004943757103254167
-2283.950617  2037.037037  -0.00004832294574712415
-2283.950617  2160.493827  -0.00004768582182229655
-2283.950617  2283.950617  -0.00004717305923443623
-2283.950617  2407.407407  -0.00004672961259914243
-2283.950617  2530.864198  -0.00004495684642032393
-2283.950617  2654.320988  -0.00004676400974982128
-2283.950617  2777.777778  -0.00004609257342256470
-2283.950617  2901.234568  -0.00004463081664520510
-2283.950617  3024.691358  -0.00004356717937090969
-2283.950617  3148.148148  -0.00004326023471207145
-2283.950617  3271.604938  -0.00004363311734483241
-2283.950617  3395.061728  -0.00004433594704165637
-2283.950617  3518.518519  -0.00004474963385220772
-2283.950617  3641.975309  -0.00004463926824116041
-2283.950617  3765.432099  -0.00004387581254787986
-2283.950617  3888.888889  -0.00004269437743494476
-2283.950617  4012.345679  -0.00004123005284049412
-2283.950617  4135.802469  -0.00004009239246261318
-2283.950617  4259.259259  -0.00003980432206475789
-2283.950617  4382.716049  -0.00004006692935736491
-2283.950617  4506.172840  -0.00004103177500421200
-2283.950617  4629.629630  -0.00004245957765975883
-2283.950617  4753.086420  -0.00004025789273385782
-2283.950617  4876.543210  -0.00003293939923794985

-2160.493827 -5000.000000  -0.00000479319995123244
-2160.493827 -4876.543210  -0.00003207511820789630
-2160.493827 -4753.086420  -0.00003806135548069673
-2160.493827 -4629.629630  -0.00004021916809052900
-2160.493827 -4506.172840  -0.00003908574465764862
-2160.493827 -4382.716049  -0.00003860444004210193
-2160.493827 -4259.259259  -0.00003862811968856620
-2160.493827 -4135.802469  -0.00003890564280877140
-2160.493827 -4012.345679  -0.00003990800941902140
-2160.493827 -3888.888889  -0.00004126106024581267
-2160.493827 -3765.432099  -0.00004220007904228676
-2160.493827 -3641.975309  -0.00004286847867043719
-2160.493827 -3518.518519  -0.00004299646025445654
-2160.493827 -3395.061728  -0.00004271458768828645
-2160.493827 -3271.604938  -0.00004222685051966853
-2160.493827 -3148.148148  -0.00004196066692418963
-2160.493827 -3024.691358  -0.00004219153558561156
-2160.493827 -2901.234568  -0.00004302640805809860
-2160.493827 -2777.777778  -0.00004426606821648260
-2160.493827 -2654.320988  -0.00004493900516990032
-2160.493827 -2530.864198  -0.00004341601047841695
-2160.493827 -2407.407407  -0.00004502735591275748
-2160.493827 -2283.950617  -0.00004548084092122081
-2160.493827 -2160.493827  -0.00004596180827962754
-2160.493827 -2037.037037  -0.00004649707125558069
-2160.493827 -1913.580247  -0.00004748030684309719
-2160.493827 -1790.123457  -0.00004863701492833133
-2160.493827 -1666.666667  -0.00005009532500494919
-2160.493827 -1543.209877  -0.00005191224963263800
-2160.493827 -1419.753086  -0.00005423891606257606
-2160.493827 -1296.296296  -0.00005729722077174837
-2160.493827 -1172.839506  -0.00006147944801666028
-2160.493827 -1049.382716  -0.00006741880298668558
-2160.493827  -925.925926  -0.00007586352206623470
-2160.493827  -802.469136  -0.00008778875519261768
-2160.493827  -679.012346  -0.00010432837511581431
-2160.493827  -555.555556  -0.00012619170680152339
-2160.493827  -432.098765  -0.00015282900530541187
-2160.493827  -308.641975  -0.00018134019267962990
-2160.493827  -185.185185  -0.00020621831057627405
-2160.493827   -61.728395  -0.00021988799205783537
-2160.493827    61.728395  -0.00021988799205782539
-2160.493827   185.185185  -0.00020621831057623333
-2160.493827   308.641975  -0.00018134019267956942
-2160.493827   432.098765  -0.00015282900530533256
-2160.493827   555.555556  -0.00012619170680143018
-2160.493827   679.012346  -0.00010432837511571873
-2160.493827   802.469136  -0.00008778875519251164
-2160.493827   925.925926  -0.00007586352206612598
-2160.493827  1049.382716  -0.00006741880298657390
-2160.493827  1172.839506  -0.00006147944801654159
-2160.493827  1296.296296  -0.00005729722077162755
-2160.493827  1419.753086  -0.00005423891606245055
-2160.493827  1543.209877  -0.00005191224963250698
-2160.493827  1666.666667  -0.00005009532500481246
-2160.493827  1790.123457  -0.00004863701492818599
-2160.493827  1913.580247  -0.00004748030684294764
-2160.493827  2037.037037  -0.00004649707125542457
-2160.493827  2160.493827  -0.00004596180827946409
-2160.493827  2283.950617  -0.00004548084092105063
-2160.493827  2407.407407  -0.00004502735591257989
-2160.493827  2530.864198  -0.00004341601047824091
-2160.493827  2654.320988  -0.00004493900516970970
-2160.493827  2777.777778  -0.00004426606821628704
-2160.493827  2901.234568  -0.00004302640805790327
-2160.493827  3024.691358  -0.00004219153558541317
-2160.493827  3148.148148  -0.00004196066692398775
-2160.493827  3271.604938  -0.00004222685051945976
-2160.493827  3395.061728  -0.00004271458768806939
-2160.493827  3518.518519  -0.00004299646025423352
-2160.493827  3641.975309  -0.00004286847867020934
-2160.493827  3765.432099  -0.00004220007904205813
-2160.493827  3888.888889  -0.00004126106024558748
-2160.493827  4012.345679  -0.00003990800941879800
-2160.493827  4135.802469  -0.00003890564280855052
-2160.493827  4259.259259  -0.00003862811968834309
-2160.493827  4382.716049  -0.00003860444004187604
-2160.493827  4506.172840  -0.00003908574465741827
-2160.493827  4629.629630  -0.00004021916809028514
-2160.493827  4753.086420  -0.00003806135548046537
-2160.493827  4876.543210  -0.00003207511820769134

-2037.037037 -5000.000000  -0.00000520137313478297
-2037.037037 -4876.543210  -0.00003000675400850181
-2037.037037 -4753.086420  -0.00003473213349498796
-2037.037037 -4629.629630  -0.00003687365589344879
-2037.037037 -4506.172840  -0.00003601632001513934
-2037.037037 -4382.716049  -0.00003593212943328292
-2037.037037 -4259.259259  -0.00003621146312067105
-2037.037037 -4135.802469  -0.00003651809088650440
-2037.037037 -4012.345679  -0.00003742364102720420
-2037.037037 -3888.888889  -0.00003860587103021443
-2037.037037 -3765.432099  -0.00003939509323176732
-2037.037037 -3641.975309  -0.00004004142156700477
-2037.037037 -3518.518519  -0.00004019226232273089
-2037.037037 -3395.061728  -0.00004002914015462658
-2037.037037 -3271.604938  -0.00003968356331983896
-2037.037037 -3148.148148  -0.00003951228286244234
-2037.037037 -3024.691358  -0.00003971565096994153
-2037.037037 -2901.234568  -0.00004038551054535069
-2037.037037 -2777.777778  -0.00004136412858423663
-2037.037037 -2654.320988  -0.00004189432115047582
-2037.037037 -2530.864198  -0.00004070853436313839
-2037.037037 -2407.407407  -0.00004213096513707029
-2037.037037 -2283.950617  -0.00004251368787232231
-2037.037037 -2160.493827  -0.00004285122178367552
-2037.037037 -2037.037037  -0.00004329132786227207
-2037.037037 -1913.580247  -0.00004414384824653427
-2037.037037 -1790.123457  -0.00004519377678765441
-2037.037037 -1666.666667  -0.00004652044241997339
-2037.037037 -1543.209877  -0.00004817187505603937
-2037.037037 -1419.753086  -0.00005029285198926474
-2037.037037 -1296.296296  -0.00005307145128470034
-2037.037037 -1172.839506  -0.00005689400698876518
-2037.037037 -1049.382716  -0.00006240722744342823
-2037.037037  -925.925926  -0.00007030235384720813
-2037.037037  -802.469136  -0.00008155845143210751
-2037.037037  -679.012346  -0.00009729610373147486
-2037.037037  -555.555556  -0.00011826502461425500
-2037.037037  -432.098765  -0.00014398921925004926
-2037.037037  -308.641975  -0.00017173976051169126
-2037.037037  -185.185185  -0.00019621999362027731
-2037.037037   -61.728395  -0.00021000621031293457
-2037.037037    61.728395  -0.00021000621031292403
-2037.037037   185.185185  -0.00019621999362022963
-2037.037037   308.641975  -0.00017173976051161933
-2037.037037   432.098765  -0.00014398921924995667
-2037.037037   555.555556  -0.00011826502461414825
-2037.037037   679.012346  -0.00009729610373136467
-2037.037037   802.469136  -0.00008155845143198819
-2037.037037   925.925926  -0.00007030235384708700
-2037.037037  1049.382716  -0.00006240722744330501
-2037.037037  1172.839506  -0.00005689400698863485
-2037.037037  1296.296296  -0.00005307145128456776
-2037.037037  1419.753086  -0.00005029285198912697
-2037.037037  1543.209877  -0.00004817187505589527
-2037.037037  1666.666667  -0.00004652044241982291
-2037.037037  1790.123457  -0.00004519377678749570
-2037.037037  1913.580247  -0.00004414384824637118
-2037.037037  2037.037037  -0.00004329132786210246
-2037.037037  2160.493827  -0.00004285122178349897
-2037.037037  2283.950617  -0.00004251368787213953
-2037.037037  2407.407407  -0.00004213096513687943
-2037.037037  2530.864198  -0.00004070853436294830
-2037.037037  2654.320988  -0.00004189432115027054
-2037.037037  2777.777778  -0.00004136412858402620
-2037.037037  2901.234568  -0.00004038551054514094
-2037.037037  3024.691358  -0.00003971565096972878
-2037.037037  3148.148148  -0.00003951228286222610
-2037.037037  3271.604938  -0.00003968356331961603
-2037.037037  3395.061728  -0.00004002914015439492
-2037.037037  3518.518519  -0.00004019226232249331
-2037.037037  3641.975309  -0.00004004142156676194
-2037.037037  3765.432099  -0.00003939509323152380
-2037.037037  3888.888889  -0.00003860587102997453
-2037.037037  4012.345679  -0.00003742364102696627
-2037.037037  4135.802469  -0.00003651809088626944
-2037.037037  4259.259259  -0.00003621146312043374
-2037.037037  4382.716049  -0.00003593212943304343
-2037.037037  4506.172840  -0.00003601632001489553
-2037.037037  4629.629630  -0.00003687365589319150
-2037.037037  4753.086420  -0.00003473213349474444
-2037.037037  4876.543210  -0.00003000675400828538

-1913.580247 -5000.000000  -0.00000603274286655257
-1913.580247 -4876.543210  -0.00003033320922533788
-1913.580247 -4753.086420  -0.00003384096355836514
-1913.580247 -4629.629630  -0.00003605046548787397
-1913.580247 -4506.172840  -0.00003533969743622433
-1913.580247 -4382.716049  -0.00003566343816759958
-1913.580247 -4259.259259  -0.00003621818848065851
-1913.580247 -4135.802469  -0.00003653413875414522
-1913.580247 -4012.345679  -0.00003734773279194398
-1913.580247 -3888.888889  -0.00003840901827230656
-1913.580247 -3765.432099  -0.00003904070382312673
-1913.580247 -3641.975309  -0.00003962915754381575
-1913.580247 -3518.518519  -0.00003981130285827060
-1913.580247 -3395.061728  -0.00003974770343558841
-1913.580247 -3271.604938  -0.00003952925243130236
-1913.580247 -3148.148148  -0.00003943420049044312
-1913.580247 -3024.691358  -0.00003960853300604608
-1913.580247 -2901.234568  -0.00004013203599362661
-1913.580247 -2777.777778  -0.00004086208661752788
-1913.580247 -2654.320988  -0.00004126372019020358
-1913.580247 -2530.864198  -0.00004036956307193919
-1913.580247 -2407.407407  -0.00004107090611968454
-1913.580247 -2283.950617  -0.00004142814488459451
-1913.580247 -2160.493827  -0.00004162652766266776
-1913.580247 -2037.037037  -0.00004196827758722602
-1913.580247 -1913.580247  -0.00004263000288473423
-1913.580247 -1790.123457  -0.00004354776343756331
-1913.580247 -1666.666667  -0.00004472563480600188
-1913.580247 -1543.209877  -0.00004618939649441436
-1913.580247 -1419.753086  -0.00004805226579342935
-1913.580247 -1296.296296  -0.00005051750760783212
-1913.580247 -1172.839506  -0.00005392875651888262
-1913.580247 -1049.382716  -0.00005891490549305133
-1913.580247  -925.925926  -0.00006613904886671383
-1913.580247  -802.469136  -0.00007653539244424261
-1913.580247  -679.012346  -0.00009121604605674989
-1913.580247  -555.555556  -0.00011092959327059344
-1913.580247  -432.098765  -0.00013528589872898730
-1913.580247  -308.641975  -0.00016175485332254043
-1913.580247  -185.185185  -0.00018532777766909272
-1913.580247   -61.728395  -0.00019889205850807213
-1913.580247    61.728395  -0.00019889205850805901
-1913.580247   185.185185  -0.00018532777766903572
-1913.580247   308.641975  -0.00016175485332245521
-1913.580247   432.098765  -0.00013528589872888067
-1913.580247   555.555556  -0.00011092959327047502
-1913.580247   679.012346  -0.00009121604605662690
-1913.580247   802.469136  -0.00007653539244411152
-1913.580247   925.925926  -0.00006613904886658126
-1913.580247  1049.382716  -0.00005891490549291579
-1913.580247  1172.839506  -0.00005392875651874068
-1913.580247  1296.296296  -0.00005051750760768697
-1913.580247  1419.753086  -0.00004805226579327878
-1913.580247  1543.209877  -0.00004618939649425704
-1913.580247  1666.666667  -0.00004472563480583882
-1913.580247  1790.123457  -0.00004354776343739162
-1913.580247  1913.580247  -0.00004263000288455828
-1913.580247  2037.037037  -0.00004196827758704308
-1913.580247  2160.493827  -0.00004162652766247762
-1913.580247  2283.950617  -0.00004142814488439782
-1913.580247  2407.407407  -0.00004107090611947914
-1913.580247  2530.864198  -0.00004036956307173254
-1913.580247  2654.320988  -0.00004126372018998033
-1913.580247  2777.777778  -0.00004086208661729917
-1913.580247  2901.234568  -0.00004013203599339768
-1913.580247  3024.691358  -0.00003960853300581447
-1913.580247  3148.148148  -0.00003943420049020794
-1913.580247  3271.604938  -0.00003952925243105997
-1913.580247  3395.061728  -0.00003974770343533746
-1913.580247  3518.518519  -0.00003981130285801304
-1913.580247  3641.975309  -0.00003962915754355325
-1913.580247  3765.432099  -0.00003904070382286377
-1913.580247  3888.888889  -0.00003840901827204679
-1913.580247  4012.345679  -0.00003734773279168685
-1913.580247  4135.802469  -0.00003653413875389120
-1913.580247  4259.259259  -0.00003621818848040279
-1913.580247  4382.716049  -0.00003566343816734194
-1913.580247  4506.172840  -0.00003533969743596228
-1913.580247  4629.629630  -0.00003605046548759804
-1913.580247  4753.086420  -0.00003384096355810467
-1913.580247  4876.543210  -0.00003033320922510527

-1790.123457 -5000.000000  -0.00000648858819865335
-1790.123457 -4876.543210  -0.00002889342642400856
-1790.123457 -4753.086420  -0.00003126439114985420
-1790.123457 -4629.629630  -0.00003346118281145259
-1790.123457 -4506.172840  -0.00003295195709622708
-1790.123457 -4382.716049  -0.00003361546053054929
-1790.123457 -4259.259259  -0.00003439303591944521
-1790.123457 -4135.802469  -0.00003472616433119078
-1790.123457 -4012.345679  -0.00003544753464562461
-1790.123457 -3888.888889  -0.00003635285238360326
-1790.123457 -3765.432099  -0.00003685994186195560
-1790.123457 -3641.975309  -0.00003740121614655766
-1790.123457 -3518.518519  -0.00003759885194535394
-1790.123457 -3395.061728  -0.00003762703089304261
-1790.123457 -3271.604938  -0.00003751402561185522
-1790.123457 -3148.148148  -0.00003748549410432448
-1790.123457 -3024.691358  -0.00003762729678028738
-1790.123457 -2901.234568  -0.00003799833481083412
-1790.123457 -2777.777778  -0.00003847297256534756
-1790.123457 -2654.320988  -0.00003870954045239379
-1790.123457 -2530.864198  -0.00003809905566820988
-1790.123457 -2407.407407  -0.00003848318512276156
-1790.123457 -2283.950617  -0.00003873861358605016
-1790.123457 -2160.493827  -0.00003876577644477838
-1790.123457 -2037.037037  -0.00003897093865214433
-1790.123457 -1913.580247  -0.00003943464573459201
-1790.123457 -1790.123457  -0.00004016319747324265
-1790.123457 -1666.666667  -0.00004110910842067875
-1790.123457 -1543.209877  -0.00004228622356459351
-1790.123457 -1419.753086  -0.00004379638204550975
-1790.123457 -1296.296296  -0.00004581435256311272
-1790.123457 -1172.839506  -0.00004864296379414294
-1790.123457 -1049.382716  -0.00005287846604969555
-1790.123457  -925.925926  -0.00005911302140265146
-1790.123457  -802.469136  -0.00006820560002932034
-1790.123457  -679.012346  -0.00008120500136164422
-1790.123457  -555.555556  -0.00009885182428411650
-1790.123457  -432.098765  -0.00012084901287192910
-1790.123457  -308.641975  -0.00014496969682467739
-1790.123457  -185.185185  -0.00016670262473385261
-1790.123457   -61.728395  -0.00017950721881865412
-1790.123457    61.728395  -0.00017950721881863544
-1790.123457   185.185185  -0.00016670262473378572
-1790.123457   308.641975  -0.00014496969682457840
-1790.123457   432.098765  -0.00012084901287180739
-1790.123457   555.555556  -0.00009885182428398274
-1790.123457   679.012346  -0.00008120500136150719
-1790.123457   802.469136  -0.00006820560002917571
-1790.123457   925.925926  -0.00005911302140250478
-1790.123457  1049.382716  -0.00005287846604954580
-1790.123457  1172.839506  -0.00004864296379398733
-1790.123457  1296.296296  -0.00004581435256295412
-1790.123457  1419.753086  -0.00004379638204534595
-1790.123457  1543.209877  -0.00004228622356442336
-1790.123457  1666.666667  -0.00004110910842050200
-1790.123457  1790.123457  -0.00004016319747305730
-1790.123457  1913.580247  -0.00003943464573440157
-1790.123457  2037.037037  -0.00003897093865194708
-1790.123457  2160.493827  -0.00003876577644457401
-1790.123457  2283.950617  -0.00003873861358583897
-1790.123457  2407.407407  -0.00003848318512254157
-1790.123457  2530.864198  -0.00003809905566798743
-1790.123457  2654.320988  -0.00003870954045215395
-1790.123457  2777.777778  -0.00003847297256510219
-1790.123457  2901.234568  -0.00003799833481058896
-1790.123457  3024.691358  -0.00003762729678003983
-1790.123457  3148.148148  -0.00003748549410407395
-1790.123457  3271.604938  -0.00003751402561159770
-1790.123457  3395.061728  -0.00003762703089277631
-1790.123457  3518.518519  -0.00003759885194508091
-1790.123457  3641.975309  -0.00003740121614627963
-1790.123457  3765.432099  -0.00003685994186167673
-1790.123457  3888.888889  -0.00003635285238332732
-1790.123457  4012.345679  -0.00003544753464535180
-1790.123457  4135.802469  -0.00003472616433092188
-1790.123457  4259.259259  -0.00003439303591917406
-1790.123457  4382.716049  -0.00003361546053027784
-1790.123457  4506.172840  -0.00003295195709595200
-1790.123457  4629.629630  -0.00003346118281116351
-1790.123457  4753.086420  -0.00003126439114958109
-1790.123457  4876.543210  -0.00002889342642376483

-1666.666667 -5000.000000  -0.00000683199494008542
-1666.666667 -4876.543210  -0.00002735411376064487
-1666.666667 -4753.086420  -0.00002866709278064606
-1666.666667 -4629.629630  -0.00003079783728746240
-1666.666667 -4506.172840  -0.00003049871638990580
-1666.666667 -4382.716049  -0.00003147954886372213
-1666.666667 -4259.259259  -0.00003245040943157341
-1666.666667 -4135.802469  -0.00003278319506491004
-1666.666667 -4012.345679  -0.00003339972909454909
-1666.666667 -3888.888889  -0.00003416938808002558
-1666.666667 -3765.432099  -0.00003452002018535238
-1666.666667 -3641.975309  -0.00003499286819632730
-1666.666667 -3518.518519  -0.00003518770080669275
-1666.666667 -3395.061728  -0.00003529495329854654
-1666.666667 -3271.604938  -0.00003529516895721486
-1666.666667 -3148.148148  -0.00003532254350374408
-1666.666667 -3024.691358  -0.00003540297929644596
-1666.666667 -2901.234568  -0.00003559300885338443
-1666.666667 -2777.777778  -0.00003583277461069552
-1666.666667 -2654.320988  -0.00003594515314673896
-1666.666667 -2530.864198  -0.00003552404621369145
-1666.666667 -2407.407407  -0.00003569431280673544
-1666.666667 -2283.950617  -0.00003581940478288372
-1666.666667 -2160.493827  -0.00003569873070205044
-1666.666667 -2037.037037  -0.00003573012288349666
-1666.666667 -1913.580247  -0.00003596269267277745
-1666.666667 -1790.123457  -0.00003643671492658239
-1666.666667 -1666.666667  -0.00003708916783260737
-1666.666667 -1543.209877  -0.00003791503585086890
-1666.666667 -1419.753086  -0.00003898633742524510
-1666.666667 -1296.296296  -0.00004045569169793753
-1666.666667 -1172.839506  -0.00004258163092076845
-1666.666667 -1049.382716  -0.00004588047869513963
-1666.666667  -925.925926  -0.00005086172483138900
-1666.666667  -802.469136  -0.00005826701707181377
-1666.666667  -679.012346  -0.00006904797205999358
-1666.666667  -555.555556  -0.00008389992607755754
-1666.666667  -432.098765  -0.00010263195420214541
-1666.666667  -308.641975  -0.00012340265438255107
-1666.666667  -185.185185  -0.00014236815384163998
-1666.666667   -61.728395  -0.00015380739969418579
-1666.666667    61.728395  -0.00015380739969416134
-1666.666667   185.185185  -0.00014236815384156167
-1666.666667   308.641975  -0.00012340265438243555
-1666.666667   432.098765  -0.00010263195420200631
-1666.666667   555.555556  -0.00008389992607740658
-1666.666667   679.012346  -0.00006904797205983917
-1666.666667   802.469136  -0.00005826701707165359
-1666.666667   925.925926  -0.00005086172483122708
-1666.666667  1049.382716  -0.00004588047869497551
-1666.666667  1172.839506  -0.00004258163092059893
-1666.666667  1296.296296  -0.00004045569169776499
-1666.666667  1419.753086  -0.00003898633742506767
-1666.666667  1543.209877  -0.00003791503585068482
-1666.666667  1666.666667  -0.00003708916783241670
-1666.666667  1790.123457  -0.00003643671492638283
-1666.666667  1913.580247  -0.00003596269267257232
-1666.666667  2037.037037  -0.00003573012288328554
-1666.666667  2160.493827  -0.00003569873070183109
-1666.666667  2283.950617  -0.00003581940478265789
-1666.666667  2407.407407  -0.00003569431280650029
-1666.666667  2530.864198  -0.00003552404621345417
-1666.666667  2654.320988  -0.00003594515314648376
-1666.666667  2777.777778  -0.00003583277461043464
-1666.666667  2901.234568  -0.00003559300885312403
-1666.666667  3024.691358  -0.00003540297929618310
-1666.666667  3148.148148  -0.00003532254350347822
-1666.666667  3271.604938  -0.00003529516895694202
-1666.666667  3395.061728  -0.00003529495329826482
-1666.666667  3518.518519  -0.00003518770080640428
-1666.666667  3641.975309  -0.00003499286819603413
-1666.666667  3765.432099  -0.00003452002018505846
-1666.666667  3888.888889  -0.00003416938807973479
-1666.666667  4012.345679  -0.00003339972909426159
-1666.666667  4135.802469  -0.00003278319506462641
-1666.666667  4259.259259  -0.00003245040943128823
-1666.666667  4382.716049  -0.00003147954886343676
-1666.666667  4506.172840  -0.00003049871638961671
-1666.666667  4629.629630  -0.00003079783728715992
-1666.666667  4753.086420  -0.00002866709278036096
-1666.666667  4876.543210  -0.00002735411376038967

-1543.209877 -5000.000000  -0.00000715396011416051
-1543.209877 -4876.543210  -0.00002595281021901827
-1543.209877 -4753.086420  -0.00002625448345313662
-1543.209877 -4629.629630  -0.00002830246460312762
-1543.209877 -4506.172840  -0.00002819193012414118
-1543.209877 -4382.716049  -0.00002946475875106297
-1543.209877 -4259.259259  -0.00003060627756598839
-1543.209877 -4135.802469  -0.00003092460183903271
-1543.209877 -4012.345679  -0.00003143387354589967
-1543.209877 -3888.888889  -0.00003207518169482655
-1543.209877 -3765.432099  -0.00003225793922410668
-1543.209877 -3641.975309  -0.00003266600586954355
-1543.209877 -3518.518519  -0.00003285082121699362
-1543.209877 -3395.061728  -0.00003302242860787742
-1543.209877 -3271.604938  -0.00003312584407848415
-1543.209877 -3148.148148  -0.00003319714124586598
-1543.209877 -3024.691358  -0.00003320464139996191
-1543.209877 -2901.234568  -0.00003320489192447780
-1543.209877 -2777.777778  -0.00003321459944469446
-1543.209877 -2654.320988  -0.00003320976363238328
-1543.209877 -2530.864198  -0.00003294962241473883
-1543.209877 -2407.407407  -0.00003292318390027039
-1543.209877 -2283.950617  -0.00003290458308967294
-1543.209877 -2160.493827  -0.00003264008142799431
-1543.209877 -2037.037037  -0.00003247915133970272
-1543.209877 -1913.580247  -0.00003244827247727519
-1543.209877 -1790.123457  -0.00003261285148682023
-1543.209877 -1666.666667  -0.00003290792033984569
-1543.209877 -1543.209877  -0.00003331394566635823
-1543.209877 -1419.753086  -0.00003386943812067455
-1543.209877 -1296.296296  -0.00003469197620078730
-1543.209877 -1172.839506  -0.00003598643353000934
-1543.209877 -1049.382716  -0.00003817934419564580
-1543.209877  -925.925926  -0.00004164279647106711
-1543.209877  -802.469136  -0.00004697773542843121
-1543.209877  -679.012346  -0.00005497875550081217
-1543.209877  -555.555556  -0.00006625237821897837
-1543.209877  -432.098765  -0.00008071102812087582
-1543.209877  -308.641975  -0.00009698573840503806
-1543.209877  -185.185185  -0.00011210184294594529
-1543.209877   -61.728395  -0.00012144772376432815
-1543.209877    61.728395  -0.00012144772376429632
-1543.209877   185.185185  -0.00011210184294585291
-1543.209877   308.641975  -0.00009698573840490481
-1543.209877   432.098765  -0.00008071102812071709
-1543.209877   555.555556  -0.00006625237821880776
-1543.209877   679.012346  -0.00005497875550063853
-1543.209877   802.469136  -0.00004697773542825371
-1543.209877   925.925926  -0.00004164279647088918
-1543.209877  1049.382716  -0.00003817934419546604
-1543.209877  1172.839506  -0.00003598643352982484
-1543.209877  1296.296296  -0.00003469197620059980
-1543.209877  1419.753086  -0.00003386943812048220
-1543.209877  1543.209877  -0.00003331394566615959
-1543.209877  1666.666667  -0.00003290792033964012
-1543.209877  1790.123457  -0.00003261285148660620
-1543.209877  1913.580247  -0.00003244827247705526
-1543.209877  2037.037037  -0.00003247915133947623
-1543.209877  2160.493827  -0.00003264008142776027
-1543.209877  2283.950617  -0.00003290458308943244
-1543.209877  2407.407407  -0.00003292318390002043
-1543.209877  2530.864198  -0.00003294962241448803
-1543.209877  2654.320988  -0.00003320976363211343
-1543.209877  2777.777778  -0.00003321459944441928
-1543.209877  2901.234568  -0.00003320489192420317
-1543.209877  3024.691358  -0.00003320464139968493
-1543.209877  3148.148148  -0.00003319714124558579
-1543.209877  3271.604938  -0.00003312584407819686
-1543.209877  3395.061728  -0.00003302242860758104
-1543.209877  3518.518519  -0.00003285082121669068
-1543.209877  3641.975309  -0.00003266600586923594
-1543.209877  3765.432099  -0.00003225793922379803
-1543.209877  3888.888889  -0.00003207518169452140
-1543.209877  4012.345679  -0.00003143387354559789
-1543.209877  4135.802469  -0.00003092460183873514
-1543.209877  4259.259259  -0.00003060627756568961
-1543.209877  4382.716049  -0.00002946475875076459
-1543.209877  4506.172840  -0.00002819193012383958
-1543.209877  4629.629630  -0.00002830246460281248
-1543.209877  4753.086420  -0.00002625448345283992
-1543.209877  4876.543210  -0.00002595281021875286

-1419.753086 -5000.000000  -0.00000757248817576497
-1419.753086 -4876.543210  -0.00002501147115565336
-1419.753086 -4753.086420  -0.00002431725848403160
-1419.753086 -4629.629630  -0.00002631562487855480
-1419.753086 -4506.172840  -0.00002633163496321484
-1419.753086 -4382.716049  -0.00002786554306579509
-1419.753086 -4259.259259  -0.00002916675475848091
-1419.753086 -4135.802469  -0.00002946770032890948
-1419.753086 -4012.345679  -0.00002987629624551678
-1419.753086 -3888.888889  -0.00003038153332850165
-1419.753086 -3765.432099  -0.00003040653313576411
-1419.753086 -3641.975309  -0.00003079690539710749
-1419.753086 -3518.518519  -0.00003097193061354214
-1419.753086 -3395.061728  -0.00003119948640198313
-1419.753086 -3271.604938  -0.00003136664239977661
-1419.753086 -3148.148148  -0.00003146988549280574
-1419.753086 -3024.691358  -0.00003141489022863611
-1419.753086 -2901.234568  -0.00003124790122458099
-1419.753086 -2777.777778  -0.00003101261865581829
-1419.753086 -2654.320988  -0.00003084950783479936
-1419.753086 -2530.864198  -0.00003080191414762999
-1419.753086 -2407.407407  -0.00003048422763592721
-1419.753086 -2283.950617  -0.00003031606868303205
-1419.753086 -2160.493827  -0.00002989400838824287
-1419.753086 -2037.037037  -0.00002953927988088318
-1419.753086 -1913.580247  -0.00002921871627447820
-1419.753086 -1790.123457  -0.00002903498651624437
-1419.753086 -1666.666667  -0.00002891180653819809
-1419.753086 -1543.209877  -0.00002882762465438765
-1419.753086 -1419.753086  -0.00002879563617928926
-1419.753086 -1296.296296  -0.00002889590075108721
-1419.753086 -1172.839506  -0.00002923471351323100
-1419.753086 -1049.382716  -0.00003016054408726310
-1419.753086  -925.925926  -0.00003186190651286766
-1419.753086  -802.469136  -0.00003474939263450088
-1419.753086  -679.012346  -0.00003939757198710028
-1419.753086  -555.555556  -0.00004625650695477094
-1419.753086  -432.098765  -0.00005532362826364948
-1419.753086  -308.641975  -0.00006578915484766009
-1419.753086  -185.185185  -0.00007577192785853504
-1419.753086   -61.728395  -0.00008215843222771291
-1419.753086    61.728395  -0.00008215843222767436
-1419.753086   185.185185  -0.00007577192785842719
-1419.753086   308.641975  -0.00006578915484750638
-1419.753086   432.098765  -0.00005532362826346884
-1419.753086   555.555556  -0.00004625650695457809
-1419.753086   679.012346  -0.00003939757198690604
-1419.753086   802.469136  -0.00003474939263430566
-1419.753086   925.925926  -0.00003186190651267254
-1419.753086  1049.382716  -0.00003016054408706695
-1419.753086  1172.839506  -0.00002923471351303152
-1419.753086  1296.296296  -0.00002889590075088466
-1419.753086  1419.753086  -0.00002879563617908200
-1419.753086  1543.209877  -0.00002882762465417422
-1419.753086  1666.666667  -0.00002891180653797789
-1419.753086  1790.123457  -0.00002903498651601580
-1419.753086  1913.580247  -0.00002921871627424357
-1419.753086  2037.037037  -0.00002953927988064206
-1419.753086  2160.493827  -0.00002989400838799456
-1419.753086  2283.950617  -0.00003031606868277677
-1419.753086  2407.407407  -0.00003048422763566262
-1419.753086  2530.864198  -0.00003080191414736481
-1419.753086  2654.320988  -0.00003084950783451552
-1419.753086  2777.777778  -0.00003101261865552908
-1419.753086  2901.234568  -0.00003124790122429203
-1419.753086  3024.691358  -0.00003141489022834501
-1419.753086  3148.148148  -0.00003146988549251087
-1419.753086  3271.604938  -0.00003136664239947426
-1419.753086  3395.061728  -0.00003119948640167195
-1419.753086  3518.518519  -0.00003097193061322411
-1419.753086  3641.975309  -0.00003079690539678516
-1419.753086  3765.432099  -0.00003040653313544095
-1419.753086  3888.888889  -0.00003038153332818188
-1419.753086  4012.345679  -0.00002987629624520091
-1419.753086  4135.802469  -0.00002946770032859851
-1419.753086  4259.259259  -0.00002916675475816899
-1419.753086  4382.716049  -0.00002786554306548394
-1419.753086  4506.172840  -0.00002633163496290102
-1419.753086  4629.629630  -0.00002631562487822728
-1419.753086  4753.086420  -0.00002431725848372384
-1419.753086  4876.543210  -0.00002501147115537758

-1296.296296 -5000.000000  -0.00000788480239266867
-1296.296296 -4876.543210  -0.00002380707154614860
-1296.296296 -4753.086420  -0.00002221609197967579
-1296.296296 -4629.629630  -0.00002413815927101844
-1296.296296 -4506.172840  -0.00002427839052732116
-1296.296296 -4382.716049  -0.00002603878816154690
-1296.296296 -4259.259259  -0.00002747687778668300
-1296.296296 -4135.802469  -0.00002775830129750272
-1296.296296 -4012.345679  -0.00002805966385883201
-1296.296296 -3888.888889  -0.00002842863834957000
-1296.296296 -3765.432099  -0.00002836198223171666
-1296.296296 -3641.975309  -0.00002863621368011246
-1296.296296 -3518.518519  -0.00002880204045175268
-1296.296296 -3395.061728  -0.00002907867856112424
-1296.296296 -3271.604938  -0.00002930135630827638
-1296.296296 -3148.148148  -0.00002941734975809643
-1296.296296 -3024.691358  -0.00002929244389331162
-1296.296296 -2901.234568  -0.00002895458885975720
-1296.296296 -2777.777778  -0.00002848120275712503
-1296.296296 -2654.320988  -0.00002815660918555863
-1296.296296 -2530.864198  -0.00002832971328504431
-1296.296296 -2407.407407  -0.00002778134153962107
-1296.296296 -2283.950617  -0.00002742487587663965
-1296.296296 -2160.493827  -0.00002687189101600681
-1296.296296 -2037.037037  -0.00002630777156856235
-1296.296296 -1913.580247  -0.00002567021919719250
-1296.296296 -1790.123457  -0.00002508370812950375
-1296.296296 -1666.666667  -0.00002448341519967053
-1296.296296 -1543.209877  -0.00002383522977356115
-1296.296296 -1419.753086  -0.00002312818974057553
-1296.296296 -1296.296296  -0.00002243346603873102
-1296.296296 -1172.839506  -0.00002174857185860712
-1296.296296 -1049.382716  -0.00002119943205563048
-1296.296296  -925.925926  -0.00002087292953129317
-1296.296296  -802.469136  -0.00002086362060734820
-1296.296296  -679.012346  -0.00002145233719040752
-1296.296296  -555.555556  -0.00002286190148531854
-1296.296296  -432.098765  -0.00002515518849017780
-1296.296296  -308.641975  -0.00002815263346862649
-1296.296296  -185.185185  -0.00003133782296922818
-1296.296296   -61.728395  -0.00003365480729038577
-1296.296296    61.728395  -0.00003365480729034119
-1296.296296   185.185185  -0.00003133782296910138
-1296.296296   308.641975  -0.00002815263346844805
-1296.296296   432.098765  -0.00002515518848997174
-1296.296296   555.555556  -0.00002286190148510181
-1296.296296   679.012346  -0.00002145233719018985
-1296.296296   802.469136  -0.00002086362060713245
-1296.296296   925.925926  -0.00002087292953107932
-1296.296296  1049.382716  -0.00002119943205541715
-1296.296296  1172.839506  -0.00002174857185839151
-1296.296296  1296.296296  -0.00002243346603851286
-1296.296296  1419.753086  -0.00002312818974035302
-1296.296296  1543.209877  -0.00002383522977333290
-1296.296296  1666.666667  -0.00002448341519943561
-1296.296296  1790.123457  -0.00002508370812926106
-1296.296296  1913.580247  -0.00002567021919694297
-1296.296296  2037.037037  -0.00002630777156830677
-1296.296296  2160.493827  -0.00002687189101574330
-1296.296296  2283.950617  -0.00002742487587637001
-1296.296296  2407.407407  -0.00002778134153934136
-1296.296296  2530.864198  -0.00002832971328476477
-1296.296296  2654.320988  -0.00002815660918526049
-1296.296296  2777.777778  -0.00002848120275682135
-1296.296296  2901.234568  -0.00002895458885945376
-1296.296296  3024.691358  -0.00002929244389300595
-1296.296296  3148.148148  -0.00002941734975778762
-1296.296296  3271.604938  -0.00002930135630796024
-1296.296296  3395.061728  -0.00002907867856079871
-1296.296296  3518.518519  -0.00002880204045142098
-1296.296296  3641.975309  -0.00002863621367977626
-1296.296296  3765.432099  -0.00002836198223137955
-1296.296296  3888.888889  -0.00002842863834923626
-1296.296296  4012.345679  -0.00002805966385850273
-1296.296296  4135.802469  -0.00002775830129717841
-1296.296296  4259.259259  -0.00002747687778635852
-1296.296296  4382.716049  -0.00002603878816122382
-1296.296296  4506.172840  -0.00002427839052699585
-1296.296296  4629.629630  -0.00002413815927067987
-1296.296296  4753.086420  -0.00002221609197935780
-1296.296296  4876.543210  -0.00002380707154586339

-1172.839506 -5000.000000  -0.00000810050760931239
-1172.839506 -4876.543210  -0.00002259128432472164
-1172.839506 -4753.086420  -0.00002015732139788987
-1172.839506 -4629.629630  -0.00002199475451807039
-1172.839506 -4506.172840  -0.00002225250573787221
-1172.839506 -4382.716049  -0.00002421964337114594
-1172.839506 -4259.259259  -0.00002576868881365559
-1172.839506 -4135.802469  -0.00002601772731565514
-1172.839506 -4012.345679  -0.00002622485743355273
-1172.839506 -3888.888889  -0.00002646884951200642
-1172.839506 -3765.432099  -0.00002626456887017893
-1172.839506 -3641.975309  -0.00002647463514292362
-1172.839506 -3518.518519  -0.00002662180836393250
-1172.839506 -3395.061728  -0.00002692168092521003
-1172.839506 -3271.604938  -0.00002720575470531725
-1172.839506 -3148.148148  -0.00002733069197735942
-1172.839506 -3024.691358  -0.00002712248482982184
-1172.839506 -2901.234568  -0.00002659770498628111
-1172.839506 -2777.777778  -0.00002590428097915339
-1172.839506 -2654.320988  -0.00002544485312555211
-1172.839506 -2530.864198  -0.00002572371571908227
-1172.839506 -2407.407407  -0.00002485606692673710
-1172.839506 -2283.950617  -0.00002428686400329949
-1172.839506 -2160.493827  -0.00002360223477482782
-1172.839506 -2037.037037  -0.00002282989678781983
-1172.839506 -1913.580247  -0.00002185973707018018
-1172.839506 -1790.123457  -0.00002083219997609800
-1172.839506 -1666.666667  -0.00001969647234864031
-1172.839506 -1543.209877  -0.00001841521166008659
-1172.839506 -1419.753086  -0.00001695466914521881
-1172.839506 -1296.296296  -0.00001539491586559064
-1172.839506 -1172.839506  -0.00001343848686399987
-1172.839506 -1049.382716  -0.00001133930791845281
-1172.839506  -925.925926  -0.00000863979148474216
-1172.839506  -802.469136  -0.00000530961565379323
-1172.839506  -679.012346  -0.00000113207242314681
-1172.839506  -555.555556  0.00000395850512154897
-1172.839506  -432.098765  0.00000994655157531703
-1172.839506  -308.641975  0.00001627270942018362
-1172.839506  -185.185185  0.00002171270321878201
-1172.839506   -61.728395  0.00002474860481058712
-1172.839506    61.728395  0.00002474860481063957
-1172.839506   185.185185  0.00002171270321892908
-1172.839506   308.641975  0.00001627270942038890
-1172.839506   432.098765  0.00000994655157555163
-1172.839506   555.555556  0.00000395850512179242
-1172.839506   679.012346  -0.00000113207242290331
-1172.839506   802.469136  -0.00000530961565355443
-1172.839506   925.925926  -0.00000863979148450709
-1172.839506  1049.382716  -0.00001133930791821950
-1172.839506  1172.839506  -0.00001343848686376638
-1172.839506  1296.296296  -0.00001539491586535603
-1172.839506  1419.753086  -0.00001695466914498019
-1172.839506  1543.209877  -0.00001841521165984240
-1172.839506  1666.666667  -0.00001969647234838956
-1172.839506  1790.123457  -0.00002083219997583969
-1172.839506  1913.580247  -0.00002185973706991517
-1172.839506  2037.037037  -0.00002282989678754886
-1172.839506  2160.493827  -0.00002360223477454933
-1172.839506  2283.950617  -0.00002428686400301452
-1172.839506  2407.407407  -0.00002485606692644226
-1172.839506  2530.864198  -0.00002572371571878863
-1172.839506  2654.320988  -0.00002544485312523917
-1172.839506  2777.777778  -0.00002590428097883556
-1172.839506  2901.234568  -0.00002659770498596364
-1172.839506  3024.691358  -0.00002712248482950189
-1172.839506  3148.148148  -0.00002733069197703551
-1172.839506  3271.604938  -0.00002720575470498556
-1172.839506  3395.061728  -0.00002692168092486943
-1172.839506  3518.518519  -0.00002662180836358506
-1172.839506  3641.975309  -0.00002647463514257195
-1172.839506  3765.432099  -0.00002626456886982769
-1172.839506  3888.888889  -0.00002646884951165962
-1172.839506  4012.345679  -0.00002622485743321045
-1172.839506  4135.802469  -0.00002601772731531815
-1172.839506  4259.259259  -0.00002576868881331876
-1172.839506  4382.716049  -0.00002421964337081072
-1172.839506  4506.172840  -0.00002225250573753470
-1172.839506  4629.629630  -0.00002199475451772002
-1172.839506  4753.086420  -0.00002015732139756109
-1172.839506  4876.543210  -0.00002259128432442655

-1049.382716 -5000.000000  -0.00000832937431692336
-1049.382716 -4876.543210  -0.00002142463704689299
-1049.382716 -4753.086420  -0.00001824261120232578
-1049.382716 -4629.629630  -0.00001999432733573587
-1049.382716 -4506.172840  -0.00002035383721820423
-1049.382716 -4382.716049  -0.00002248793751849199
-1049.382716 -4259.259259  -0.00002413161008347476
-1049.382716 -4135.802469  -0.00002436082331361546
-1049.382716 -4012.345679  -0.00002447205698654289
-1049.382716 -3888.888889  -0.00002460132332480630
-1049.382716 -3765.432099  -0.00002422427078615490
-1049.382716 -3641.975309  -0.00002441651523484962
-1049.382716 -3518.518519  -0.00002452731139738074
-1049.382716 -3395.061728  -0.00002485372958674625
-1049.382716 -3271.604938  -0.00002517021560530429
-1049.382716 -3148.148148  -0.00002530099071230529
-1049.382716 -3024.691358  -0.00002500988354464558
-1049.382716 -2901.234568  -0.00002431561430980828
-1049.382716 -2777.777778  -0.00002340624963998082
-1049.382716 -2654.320988  -0.00002279513630918875
-1049.382716 -2530.864198  -0.00002314244870143285
-1049.382716 -2407.407407  -0.00002202835324446629
-1049.382716 -2283.950617  -0.00002119845504565922
-1049.382716 -2160.493827  -0.00002040015456254226
-1049.382716 -2037.037037  -0.00001942294462311961
-1049.382716 -1913.580247  -0.00001813054720248713
-1049.382716 -1790.123457  -0.00001662183208262115
-1049.382716 -1666.666667  -0.00001489538339038074
-1049.382716 -1543.209877  -0.00001293749438089581
-1049.382716 -1419.753086  -0.00001069270510286991
-1049.382716 -1296.296296  -0.00000816073903945014
-1049.382716 -1172.839506  -0.00000503790968089395
-1049.382716 -1049.382716  -0.00000115289706395202
-1049.382716  -925.925926  0.00000408156467562598
-1049.382716  -802.469136  0.00001112892158917301
-1049.382716  -679.012346  0.00002069087680181358
-1049.382716  -555.555556  0.00003335009108478873
-1049.382716  -432.098765  0.00004916464507687490
-1049.382716  -308.641975  0.00006677739706127285
-1049.382716  -185.185185  0.00008296420285103396
-1049.382716   -61.728395  0.00009286609597411433
-1049.382716    61.728395  0.00009286609597417754
-1049.382716   185.185185  0.00008296420285120713
-1049.382716   308.641975  0.00006677739706151270
-1049.382716   432.098765  0.00004916464507714396
-1049.382716   555.555556  0.00003335009108506349
-1049.382716   679.012346  0.00002069087680208450
-1049.382716   802.469136  0.00001112892158943425
-1049.382716   925.925926  0.00000408156467588104
-1049.382716  1049.382716  -0.00000115289706370101
-1049.382716  1172.839506  -0.00000503790968064461
-1049.382716  1296.296296  -0.00000816073903919953
-1049.382716  1419.753086  -0.00001069270510261607
-1049.382716  1543.209877  -0.00001293749438063687
-1049.382716  1666.666667  -0.00001489538339011574
-1049.382716  1790.123457  -0.00001662183208234892
-1049.382716  1913.580247  -0.00001813054720220790
-1049.382716  2037.037037  -0.00001942294462283509
-1049.382716  2160.493827  -0.00002040015456225041
-1049.382716  2283.950617  -0.00002119845504536075
-1049.382716  2407.407407  -0.00002202835324415803
-1049.382716  2530.864198  -0.00002314244870112610
-1049.382716  2654.320988  -0.00002279513630886204
-1049.382716  2777.777778  -0.00002340624963964905
-1049.382716  2901.234568  -0.00002431561430947705
-1049.382716  3024.691358  -0.00002500988354431238
-1049.382716  3148.148148  -0.00002530099071196764
-1049.382716  3271.604938  -0.00002517021560495908
-1049.382716  3395.061728  -0.00002485372958639195
-1049.382716  3518.518519  -0.00002452731139701971
-1049.382716  3641.975309  -0.00002441651523448449
-1049.382716  3765.432099  -0.00002422427078579045
-1049.382716  3888.888889  -0.00002460132332444607
-1049.382716  4012.345679  -0.00002447205698618782
-1049.382716  4135.802469  -0.00002436082331326572
-1049.382716  4259.259259  -0.00002413161008312541
-1049.382716  4382.716049  -0.00002248793751814488
-1049.382716  4506.172840  -0.00002035383721785550
-1049.382716  4629.629630  -0.00001999432733537426
-1049.382716  4753.086420  -0.00001824261120198707
-1049.382716  4876.543210  -0.00002142463704658891

 -925.925926 -5000.000000  -0.00000855766975940540
 -925.925926 -4876.543210  -0.00002049812208808618
 -925.925926 -4753.086420  -0.00001663694201282021
 -925.925926 -4629.629630  -0.00001831012993232752
 -925.925926 -4506.172840  -0.00001874580049324692
 -925.925926 -4382.716049  -0.00002103179991219693
 -925.925926 -4259.259259  -0.00002276066314785468
 -925.925926 -4135.802469  -0.00002296034438486277
 -925.925926 -4012.345679  -0.00002298532229099659
 -925.925926 -3888.888889  -0.00002300267312061219
 -925.925926 -3765.432099  -0.00002255137887370278
 -925.925926 -3641.975309  -0.00002264508343366305
 -925.925926 -3518.518519  -0.00002273379170996160
 -925.925926 -3395.061728  -0.00002307312248370988
 -925.925926 -3271.604938  -0.00002341891544877227
 -925.925926 -3148.148148  -0.00002353881349242199
 -925.925926 -3024.691358  -0.00002317164267755341
 -925.925926 -2901.234568  -0.00002231940738798110
 -925.925926 -2777.777778  -0.00002120757326509312
 -925.925926 -2654.320988  -0.00002044150772309744
 -925.925926 -2530.864198  -0.00002086206939818895
 -925.925926 -2407.407407  -0.00001931419220539076
 -925.925926 -2283.950617  -0.00001822805251940888
 -925.925926 -2160.493827  -0.00001732488907638811
 -925.925926 -2037.037037  -0.00001616358258302727
 -925.925926 -1913.580247  -0.00001453135060389557
 -925.925926 -1790.123457  -0.00001253396383856507
 -925.925926 -1666.666667  -0.00001019889208174064
 -925.925926 -1543.209877  -0.00000752890966965522
 -925.925926 -1419.753086  -0.00000445878060428476
 -925.925926 -1296.296296  -0.00000095617359325699
 -925.925926 -1172.839506  0.00000350104295238280
 -925.925926 -1049.382716  0.00000922956265493356
 -925.925926  -925.925926  0.00001720048331965467
 -925.925926  -802.469136  0.00002825944024262280
 -925.925926  -679.012346  0.00004378481262518358
 -925.925926  -555.555556  0.00006495731643069422
 -925.925926  -432.098765  0.00009205373595441196
 -925.925926  -308.641975  0.00012291185092616725
 -925.925926  -185.185185  0.00015197491128088436
 -925.925926   -61.728395  0.00017031996018728333
 -925.925926    61.728395  0.00017031996018736098
 -925.925926   185.185185  0.00015197491128108846
 -925.925926   308.641975  0.00012291185092644523
 -925.925926   432.098765  0.00009205373595471937
 -925.925926   555.555556  0.00006495731643100342
 -925.925926   679.012346  0.00004378481262548340
 -925.925926   802.469136  0.00002825944024290837
 -925.925926   925.925926  0.00001720048331993052
 -925.925926  1049.382716  0.00000922956265520303
 -925.925926  1172.839506  0.00000350104295264854
 -925.925926  1296.296296  -0.00000095617359299055
 -925.925926  1419.753086  -0.00000445878060401602
 -925.925926  1543.209877  -0.00000752890966938203
 -925.925926  1666.666667  -0.00001019889208146135
 -925.925926  1790.123457  -0.00001253396383827926
 -925.925926  1913.580247  -0.00001453135060360272
 -925.925926  2037.037037  -0.00001616358258272943
 -925.925926  2160.493827  -0.00001732488907608306
 -925.925926  2283.950617  -0.00001822805251909719
 -925.925926  2407.407407  -0.00001931419220506908
 -925.925926  2530.864198  -0.00002086206939786889
 -925.925926  2654.320988  -0.00002044150772275717
 -925.925926  2777.777778  -0.00002120757326474775
 -925.925926  2901.234568  -0.00002231940738763651
 -925.925926  3024.691358  -0.00002317164267720715
 -925.925926  3148.148148  -0.00002353881349207126
 -925.925926  3271.604938  -0.00002341891544841371
 -925.925926  3395.061728  -0.00002307312248334225
 -925.925926  3518.518519  -0.00002273379170958741
 -925.925926  3641.975309  -0.00002264508343328470
 -925.925926  3765.432099  -0.00002255137887332446
 -925.925926  3888.888889  -0.00002300267312023848
 -925.925926  4012.345679  -0.00002298532229062849
 -925.925926  4135.802469  -0.00002296034438450094
 -925.925926  4259.259259  -0.00002276066314749366
 -925.925926  4382.716049  -0.00002103179991183830
 -925.925926  4506.172840  -0.00001874580049288691
 -925.925926  4629.629630  -0.00001831012993195467
 -925.925926  4753.086420  -0.00001663694201247111
 -925.925926  4876.543210  -0.00002049812208777285

 -802.469136 -5000.000000  -0.00000874370748660073
 -802.469136 -4876.543210  -0.00001959085404104048
 -802.469136 -4753.086420  -0.00001513672600651063
 -802.469136 -4629.629630  -0.00001673386231604658
 -802.469136 -4506.172840  -0.00001723707304798015
 -802.469136 -4382.716049  -0.00001964512938482218
 -802.469136 -4259.259259  -0.00002144135483890854
 -802.469136 -4135.802469  -0.00002161831497836845
 -802.469136 -4012.345679  -0.00002156417340195326
 -802.469136 -3888.888889  -0.00002148356313523178
 -802.469136 -3765.432099  -0.00002091057848561745
 -802.469136 -3641.975309  -0.00002096165136098903
 -802.469136 -3518.518519  -0.00002102110018693120
 -802.469136 -3395.061728  -0.00002136980922001742
 -802.469136 -3271.604938  -0.00002172746020872333
 -802.469136 -3148.148148  -0.00002183815338178769
 -802.469136 -3024.691358  -0.00002139979015688958
 -802.469136 -2901.234568  -0.00002040373445410686
 -802.469136 -2777.777778  -0.00001910001473706121
 -802.469136 -2654.320988  -0.00001817972265800244
 -802.469136 -2530.864198  -0.00001865778427362942
 -802.469136 -2407.407407  -0.00001671010615614846
 -802.469136 -2283.950617  -0.00001533856619567616
 -802.469136 -2160.493827  -0.00001436253800250835
 -802.469136 -2037.037037  -0.00001302713667514591
 -802.469136 -1913.580247  -0.00001107197566734802
 -802.469136 -1790.123457  -0.00000857627059007474
 -802.469136 -1666.666667  -0.00000562240337997361
 -802.469136 -1543.209877  -0.00000223638604123149
 -802.469136 -1419.753086  0.00000166510453103722
 -802.469136 -1296.296296  0.00000615924549147156
 -802.469136 -1172.839506  0.00001189160124141899
 -802.469136 -1049.382716  0.00001952424177466735
 -802.469136  -925.925926  0.00003031084761478143
 -802.469136  -802.469136  0.00004558098368233201
 -802.469136  -679.012346  0.00006744419134388228
 -802.469136  -555.555556  0.00009786309115100437
 -802.469136  -432.098765  0.00013745810545779752
 -802.469136  -308.641975  0.00018328187510320792
 -802.469136  -185.185185  0.00022721697755901938
 -802.469136   -61.728395  0.00025554160294475209
 -802.469136    61.728395  0.00025554160294484891
 -802.469136   185.185185  0.00022721697755926059
 -802.469136   308.641975  0.00018328187510352982
 -802.469136   432.098765  0.00013745810545814764
 -802.469136   555.555556  0.00009786309115134929
 -802.469136   679.012346  0.00006744419134421227
 -802.469136   802.469136  0.00004558098368264099
 -802.469136   925.925926  0.00003031084761507781
 -802.469136  1049.382716  0.00001952424177495503
 -802.469136  1172.839506  0.00001189160124170014
 -802.469136  1296.296296  0.00000615924549175344
 -802.469136  1419.753086  0.00000166510453132067
 -802.469136  1543.209877  -0.00000223638604094420
 -802.469136  1666.666667  -0.00000562240337968090
 -802.469136  1790.123457  -0.00000857627058977605
 -802.469136  1913.580247  -0.00001107197566704242
 -802.469136  2037.037037  -0.00001302713667483550
 -802.469136  2160.493827  -0.00001436253800219087
 -802.469136  2283.950617  -0.00001533856619535196
 -802.469136  2407.407407  -0.00001671010615581409
 -802.469136  2530.864198  -0.00001865778427329688
 -802.469136  2654.320988  -0.00001817972265764949
 -802.469136  2777.777778  -0.00001910001473670328
 -802.469136  2901.234568  -0.00002040373445374970
 -802.469136  3024.691358  -0.00002139979015653079
 -802.469136  3148.148148  -0.00002183815338142476
 -802.469136  3271.604938  -0.00002172746020835259
 -802.469136  3395.061728  -0.00002136980921963756
 -802.469136  3518.518519  -0.00002102110018654457
 -802.469136  3641.975309  -0.00002096165136059849
 -802.469136  3765.432099  -0.00002091057848522731
 -802.469136  3888.888889  -0.00002148356313484639
 -802.469136  4012.345679  -0.00002156417340157353
 -802.469136  4135.802469  -0.00002161831497799532
 -802.469136  4259.259259  -0.00002144135483853675
 -802.469136  4382.716049  -0.00001964512938445318
 -802.469136  4506.172840  -0.00001723707304760996
 -802.469136  4629.629630  -0.00001673386231566369
 -802.469136  4753.086420  -0.00001513672600615242
 -802.469136  4876.543210  -0.00001959085404071912

 -679.012346 -5000.000000  -0.00000890780530504182
 -679.012346 -4876.543210  -0.00001882576034094376
 -679.012346 -4753.086420  -0.00001385272056629911
 -679.012346 -4629.629630  -0.00001538224574076789
 -679.012346 -4506.172840  -0.00001593685891552847
 -679.012346 -4382.716049  -0.00001844832330043650
 -679.012346 -4259.259259  -0.00002029908709638382
 -679.012346 -4135.802469  -0.00002044951318048362
 -679.012346 -4012.345679  -0.00002032881293927446
 -679.012346 -3888.888889  -0.00002015849069168459
 -679.012346 -3765.432099  -0.00001950190588740373
 -679.012346 -3641.975309  -0.00001948926326579171
 -679.012346 -3518.518519  -0.00001952732649618706
 -679.012346 -3395.061728  -0.00001987347342949748
 -679.012346 -3271.604938  -0.00002024300481463670
 -679.012346 -3148.148148  -0.00002033896434398934
 -679.012346 -3024.691358  -0.00001983674860226723
 -679.012346 -2901.234568  -0.00001870878622665760
 -679.012346 -2777.777778  -0.00001723461524439485
 -679.012346 -2654.320988  -0.00001617348188811488
 -679.012346 -2530.864198  -0.00001669241293379633
 -679.012346 -2407.407407  -0.00001435014573221834
 -679.012346 -2283.950617  -0.00001271402125440686
 -679.012346 -2160.493827  -0.00001167450806077226
 -679.012346 -2037.037037  -0.00001019041316134792
 -679.012346 -1913.580247  -0.00000792881567835188
 -679.012346 -1790.123457  -0.00000495410668570250
 -679.012346 -1666.666667  -0.00000139731356214795
 -679.012346 -1543.209877  0.00000268608611665374
 -679.012346 -1419.753086  0.00000738579692670985
 -679.012346 -1296.296296  0.00001284102031996949
 -679.012346 -1172.839506  0.00001983028066383036
 -679.012346 -1049.382716  0.00002930967744211886
 -679.012346  -925.925926  0.00004291266452118845
 -679.012346  -802.469136  0.00006241776409890198
 -679.012346  -679.012346  0.00009076758823898959
 -679.012346  -555.555556  0.00013081389540789510
 -679.012346  -432.098765  0.00018368386995850839
 -679.012346  -308.641975  0.00024573233346031131
 -679.012346  -185.185185  0.00030612140540321931
 -679.012346   -61.728395  0.00034577937296545219
 -679.012346    61.728395  0.00034577937296557091
 -679.012346   185.185185  0.00030612140540350213
 -679.012346   308.641975  0.00024573233346068184
 -679.012346   432.098765  0.00018368386995890322
 -679.012346   555.555556  0.00013081389540827698
 -679.012346   679.012346  0.00009076758823935057
 -679.012346   802.469136  0.00006241776409923591
 -679.012346   925.925926  0.00004291266452150577
 -679.012346  1049.382716  0.00002930967744242446
 -679.012346  1172.839506  0.00001983028066412739
 -679.012346  1296.296296  0.00001284102032026558
 -679.012346  1419.753086  0.00000738579692700693
 -679.012346  1543.209877  0.00000268608611695384
 -679.012346  1666.666667  -0.00000139731356184281
 -679.012346  1790.123457  -0.00000495410668539186
 -679.012346  1913.580247  -0.00000792881567803415
 -679.012346  2037.037037  -0.00001019041316102561
 -679.012346  2160.493827  -0.00001167450806044316
 -679.012346  2283.950617  -0.00001271402125407115
 -679.012346  2407.407407  -0.00001435014573187244
 -679.012346  2530.864198  -0.00001669241293345249
 -679.012346  2654.320988  -0.00001617348188775073
 -679.012346  2777.777778  -0.00001723461524402581
 -679.012346  2901.234568  -0.00001870878622628927
 -679.012346  3024.691358  -0.00001983674860189767
 -679.012346  3148.148148  -0.00002033896434361490
 -679.012346  3271.604938  -0.00002024300481425429
 -679.012346  3395.061728  -0.00001987347342910608
 -679.012346  3518.518519  -0.00001952732649578893
 -679.012346  3641.975309  -0.00001948926326538990
 -679.012346  3765.432099  -0.00001950190588700259
 -679.012346  3888.888889  -0.00002015849069128837
 -679.012346  4012.345679  -0.00002032881293888441
 -679.012346  4135.802469  -0.00002044951318010033
 -679.012346  4259.259259  -0.00002029908709600243
 -679.012346  4382.716049  -0.00001844832330005787
 -679.012346  4506.172840  -0.00001593685891514911
 -679.012346  4629.629630  -0.00001538224574037583
 -679.012346  4753.086420  -0.00001385272056593290
 -679.012346  4876.543210  -0.00001882576034061518

 -555.555556 -5000.000000  -0.00000902395975961676
 -555.555556 -4876.543210  -0.00001809189828535330
 -555.555556 -4753.086420  -0.00001268174082570089
 -555.555556 -4629.629630  -0.00001414234295786868
 -555.555556 -4506.172840  -0.00001474170323050360
 -555.555556 -4382.716049  -0.00001733487792605848
 -555.555556 -4259.259259  -0.00001922726030844088
 -555.555556 -4135.802469  -0.00001935443943243548
 -555.555556 -4012.345679  -0.00001917061354640581
 -555.555556 -3888.888889  -0.00001892307361824319
 -555.555556 -3765.432099  -0.00001818535833108944
 -555.555556 -3641.975309  -0.00001812539838297391
 -555.555556 -3518.518519  -0.00001813520068666319
 -555.555556 -3395.061728  -0.00001848143473745005
 -555.555556 -3271.604938  -0.00001885890746538446
 -555.555556 -3148.148148  -0.00001894166104663772
 -555.555556 -3024.691358  -0.00001837781161731618
 -555.555556 -2901.234568  -0.00001713167503570663
 -555.555556 -2777.777778  -0.00001551319959166808
 -555.555556 -2654.320988  -0.00001433278611008449
 -555.555556 -2530.864198  -0.00001485890570363261
 -555.555556 -2407.407407  -0.00001223860476778320
 -555.555556 -2283.950617  -0.00001035406083439109
 -555.555556 -2160.493827  -0.00000927368072627547
 -555.555556 -2037.037037  -0.00000765632938266917
 -555.555556 -1913.580247  -0.00000512592704890946
 -555.555556 -1790.123457  -0.00000170515478600759
 -555.555556 -1666.666667  0.00000241501576205736
 -555.555556 -1543.209877  0.00000714655364222457
 -555.555556 -1419.753086  0.00001258435765527630
 -555.555556 -1296.296296  0.00001892738581710415
 -555.555556 -1172.839506  0.00002706573304183604
 -555.555556 -1049.382716  0.00003828995828669711
 -555.555556  -925.925926  0.00005456136914063211
 -555.555556  -802.469136  0.00007814311724021966
 -555.555556  -679.012346  0.00011280802794525282
 -555.555556  -555.555556  0.00016239265091625251
 -555.555556  -432.098765  0.00022865068644961967
 -555.555556  -308.641975  0.00030736307934689180
 -555.555556  -185.185185  0.00038498946305374484
 -555.555556   -61.728395  0.00043678624113670895
 -555.555556    61.728395  0.00043678624113684697
 -555.555556   185.185185  0.00038498946305407579
 -555.555556   308.641975  0.00030736307934731431
 -555.555556   432.098765  0.00022865068645005725
 -555.555556   555.555556  0.00016239265091667418
 -555.555556   679.012346  0.00011280802794564339
 -555.555556   802.469136  0.00007814311724057733
 -555.555556   925.925926  0.00005456136914096863
 -555.555556  1049.382716  0.00003828995828701917
 -555.555556  1172.839506  0.00002706573304214666
 -555.555556  1296.296296  0.00001892738581741547
 -555.555556  1419.753086  0.00001258435765558729
 -555.555556  1543.209877  0.00000714655364253772
 -555.555556  1666.666667  0.00000241501576237528
 -555.555556  1790.123457  -0.00000170515478568470
 -555.555556  1913.580247  -0.00000512592704858092
 -555.555556  2037.037037  -0.00000765632938233619
 -555.555556  2160.493827  -0.00000927368072593569
 -555.555556  2283.950617  -0.00001035406083404451
 -555.555556  2407.407407  -0.00001223860476742698
 -555.555556  2530.864198  -0.00001485890570327872
 -555.555556  2654.320988  -0.00001433278610971020
 -555.555556  2777.777778  -0.00001551319959128921
 -555.555556  2901.234568  -0.00001713167503532879
 -555.555556  3024.691358  -0.00001837781161693686
 -555.555556  3148.148148  -0.00001894166104625416
 -555.555556  3271.604938  -0.00001885890746499315
 -555.555556  3395.061728  -0.00001848143473704960
 -555.555556  3518.518519  -0.00001813520068625592
 -555.555556  3641.975309  -0.00001812539838256333
 -555.555556  3765.432099  -0.00001818535833067831
 -555.555556  3888.888889  -0.00001892307361783717
 -555.555556  4012.345679  -0.00001917061354600635
 -555.555556  4135.802469  -0.00001935443943204304
 -555.555556  4259.259259  -0.00001922726030805053
 -555.555556  4382.716049  -0.00001733487792567184
 -555.555556  4506.172840  -0.00001474170323011648
 -555.555556  4629.629630  -0.00001414234295746893
 -555.555556  4753.086420  -0.00001268174082532749
 -555.555556  4876.543210  -0.00001809189828501842

 -432.098765 -5000.000000  -0.00000910065163307230
 -432.098765 -4876.543210  -0.00001744936479970653
 -432.098765 -4753.086420  -0.00001167729104865518
 -432.098765 -4629.629630  -0.00001307050317355564
 -432.098765 -4506.172840  -0.00001370674327077769
 -432.098765 -4382.716049  -0.00001636467520054491
 -432.098765 -4259.259259  -0.00001828761825498171
 -432.098765 -4135.802469  -0.00001839213292340393
 -432.098765 -4012.345679  -0.00001815003499771296
 -432.098765 -3888.888889  -0.00001783855020332734
 -432.098765 -3765.432099  -0.00001703041423766631
 -432.098765 -3641.975309  -0.00001693636795153792
 -432.098765 -3518.518519  -0.00001691683544655031
 -432.098765 -3395.061728  -0.00001726644002576283
 -432.098765 -3271.604938  -0.00001764898004715526
 -432.098765 -3148.148148  -0.00001772059086529770
 -432.098765 -3024.691358  -0.00001710098917322096
 -432.098765 -2901.234568  -0.00001575307436838780
 -432.098765 -2777.777778  -0.00001401717150777340
 -432.098765 -2654.320988  -0.00001274232186233087
 -432.098765 -2530.864198  -0.00001327321504695662
 -432.098765 -2407.407407  -0.00001047068502275051
 -432.098765 -2283.950617  -0.00000837101087959308
 -432.098765 -2160.493827  -0.00000727317015719194
 -432.098765 -2037.037037  -0.00000554243126324569
 -432.098765 -1913.580247  -0.00000278553368840195
 -432.098765 -1790.123457  0.00000102638326553521
 -432.098765 -1666.666667  0.00000564014292773407
 -432.098765 -1543.209877  0.00001093890241064670
 -432.098765 -1419.753086  0.00001702269800992821
 -432.098765 -1296.296296  0.00002412811153567935
 -432.098765 -1172.839506  0.00003328963317985850
 -432.098765 -1049.382716  0.00004604909986243009
 -432.098765  -925.925926  0.00006470345606234939
 -432.098765  -802.469136  0.00009196341168199368
 -432.098765  -679.012346  0.00013239390595012253
 -432.098765  -555.555556  0.00019081074720875483
 -432.098765  -432.098765  0.00026966225475311736
 -432.098765  -308.641975  0.00036430826479516576
 -432.098765  -185.185185  0.00045869143210352370
 -432.098765   -61.728395  0.00052251399053223637
 -432.098765    61.728395  0.00052251399053240171
 -432.098765   185.185185  0.00045869143210389878
 -432.098765   308.641975  0.00036430826479563869
 -432.098765   432.098765  0.00026966225475360086
 -432.098765   555.555556  0.00019081074720920851
 -432.098765   679.012346  0.00013239390595054100
 -432.098765   802.469136  0.00009196341168237176
 -432.098765   925.925926  0.00006470345606270359
 -432.098765  1049.382716  0.00004604909986276733
 -432.098765  1172.839506  0.00003328963318018214
 -432.098765  1296.296296  0.00002412811153600245
 -432.098765  1419.753086  0.00001702269801024999
 -432.098765  1543.209877  0.00001093890241097014
 -432.098765  1666.666667  0.00000564014292806180
 -432.098765  1790.123457  0.00000102638326586762
 -432.098765  1913.580247  -0.00000278553368806353
 -432.098765  2037.037037  -0.00000554243126290302
 -432.098765  2160.493827  -0.00000727317015684242
 -432.098765  2283.950617  -0.00000837101087923672
 -432.098765  2407.407407  -0.00001047068502238495
 -432.098765  2530.864198  -0.00001327321504659508
 -432.098765  2654.320988  -0.00001274232186194888
 -432.098765  2777.777778  -0.00001401717150738687
 -432.098765  2901.234568  -0.00001575307436800243
 -432.098765  3024.691358  -0.00001710098917283412
 -432.098765  3148.148148  -0.00001772059086490652
 -432.098765  3271.604938  -0.00001764898004675645
 -432.098765  3395.061728  -0.00001726644002535487
 -432.098765  3518.518519  -0.00001691683544613573
 -432.098765  3641.975309  -0.00001693636795112006
 -432.098765  3765.432099  -0.00001703041423724859
 -432.098765  3888.888889  -0.00001783855020291473
 -432.098765  4012.345679  -0.00001815003499730731
 -432.098765  4135.802469  -0.00001839213292300539
 -432.098765  4259.259259  -0.00001828761825458540
 -432.098765  4382.716049  -0.00001636467520015234
 -432.098765  4506.172840  -0.00001370674327038456
 -432.098765  4629.629630  -0.00001307050317315005
 -432.098765  4753.086420  -0.00001167729104827632
 -432.098765  4876.543210  -0.00001744936479936694

 -308.641975 -5000.000000  -0.00000914321700806719
 -308.641975 -4876.543210  -0.00001691197887280920
 -308.641975 -4753.086420  -0.00001085648001089530
 -308.641975 -4629.629630  -0.00001218985769555281
 -308.641975 -4506.172840  -0.00001285685775836368
 -308.641975 -4382.716049  -0.00001556500745394047
 -308.641975 -4259.259259  -0.00001750677985698906
 -308.641975 -4135.802469  -0.00001758592924256145
 -308.641975 -4012.345679  -0.00001729879496036496
 -308.641975 -3888.888889  -0.00001693658468259306
 -308.641975 -3765.432099  -0.00001608409991682201
 -308.641975 -3641.975309  -0.00001594689955491400
 -308.641975 -3518.518519  -0.00001591322105337369
 -308.641975 -3395.061728  -0.00001626056558026995
 -308.641975 -3271.604938  -0.00001664859193336104
 -308.641975 -3148.148148  -0.00001670855834838484
 -308.641975 -3024.691358  -0.00001604713326599872
 -308.641975 -2901.234568  -0.00001461644052726262
 -308.641975 -2777.777778  -0.00001278719409243630
 -308.641975 -2654.320988  -0.00001144219329360477
 -308.641975 -2530.864198  -0.00001202262124266619
 -308.641975 -2407.407407  -0.00000909412037222392
 -308.641975 -2283.950617  -0.00000682423826304769
 -308.641975 -2160.493827  -0.00000572854864838537
 -308.641975 -2037.037037  -0.00000391490097324831
 -308.641975 -1913.580247  -0.00000097511213112042
 -308.641975 -1790.123457  0.00000315366515391166
 -308.641975 -1666.666667  0.00000816412829912933
 -308.641975 -1543.209877  0.00001391911629518624
 -308.641975 -1419.753086  0.00002052284847956560
 -308.641975 -1296.296296  0.00002823719026272691
 -308.641975 -1172.839506  0.00003822536141937916
 -308.641975 -1049.382716  0.00005221432044961839
 -308.641975  -925.925926  0.00007281682756043729
 -308.641975  -802.469136  0.00010310698810636746
 -308.641975  -679.012346  0.00014834011039255570
 -308.641975  -555.555556  0.00021420049543060876
 -308.641975  -432.098765  0.00030380931101334381
 -308.641975  -308.641975  0.00041224529019711324
 -308.641975  -185.185185  0.00052130825901110830
 -308.641975   -61.728395  0.00059577354039249233
 -308.641975    61.728395  0.00059577354039267729
 -308.641975   185.185185  0.00052130825901152290
 -308.641975   308.641975  0.00041224529019762732
 -308.641975   432.098765  0.00030380931101386206
 -308.641975   555.555556  0.00021420049543109153
 -308.641975   679.012346  0.00014834011039299860
 -308.641975   802.469136  0.00010310698810676373
 -308.641975   925.925926  0.00007281682756080676
 -308.641975  1049.382716  0.00005221432044996822
 -308.641975  1172.839506  0.00003822536141971345
 -308.641975  1296.296296  0.00002823719026305985
 -308.641975  1419.753086  0.00002052284847989679
 -308.641975  1543.209877  0.00001391911629551830
 -308.641975  1666.666667  0.00000816412829946545
 -308.641975  1790.123457  0.00000315366515425165
 -308.641975  1913.580247  -0.00000097511213077433
 -308.641975  2037.037037  -0.00000391490097289795
 -308.641975  2160.493827  -0.00000572854864802799
 -308.641975  2283.950617  -0.00000682423826268346
 -308.641975  2407.407407  -0.00000909412037185095
 -308.641975  2530.864198  -0.00001202262124229830
 -308.641975  2654.320988  -0.00001144219329321717
 -308.641975  2777.777778  -0.00001278719409204456
 -308.641975  2901.234568  -0.00001461644052687201
 -308.641975  3024.691358  -0.00001604713326560657
 -308.641975  3148.148148  -0.00001670855834798820
 -308.641975  3271.604938  -0.00001664859193295671
 -308.641975  3395.061728  -0.00001626056557985669
 -308.641975  3518.518519  -0.00001591322105295401
 -308.641975  3641.975309  -0.00001594689955449139
 -308.641975  3765.432099  -0.00001608409991639913
 -308.641975  3888.888889  -0.00001693658468217574
 -308.641975  4012.345679  -0.00001729879495995473
 -308.641975  4135.802469  -0.00001758592924215848
 -308.641975  4259.259259  -0.00001750677985658819
 -308.641975  4382.716049  -0.00001556500745354385
 -308.641975  4506.172840  -0.00001285685775796652
 -308.641975  4629.629630  -0.00001218985769514312
 -308.641975  4753.086420  -0.00001085648001051297
 -308.641975  4876.543210  -0.00001691197887246638

 -185.185185 -5000.000000  -0.00000917094389163503
 -185.185185 -4876.543210  -0.00001653364470311134
 -185.185185 -4753.086420  -0.00001028622160000534
 -185.185185 -4629.629630  -0.00001158036256577363
 -185.185185 -4506.172840  -0.00001226985987033999
 -185.185185 -4382.716049  -0.00001500757485580550
 -185.185185 -4259.259259  -0.00001695828630853801
 -185.185185 -4135.802469  -0.00001702223093192033
 -185.185185 -4012.345679  -0.00001670284802370143
 -185.185185 -3888.888889  -0.00001630906358077471
 -185.185185 -3765.432099  -0.00001537744640207273
 -185.185185 -3641.975309  -0.00001526003338407022
 -185.185185 -3518.518519  -0.00001521328547430255
 -185.185185 -3395.061728  -0.00001556238021471971
 -185.185185 -3271.604938  -0.00001594491590046938
 -185.185185 -3148.148148  -0.00001600092303201604
 -185.185185 -3024.691358  -0.00001531056777403708
 -185.185185 -2901.234568  -0.00001382330069118793
 -185.185185 -2777.777778  -0.00001192429637631596
 -185.185185 -2654.320988  -0.00001053088059158586
 -185.185185 -2530.864198  -0.00001117948494499123
 -185.185185 -2407.407407  -0.00000816241057752409
 -185.185185 -2283.950617  -0.00000574808718311140
 -185.185185 -2160.493827  -0.00000467404430702333
 -185.185185 -2037.037037  -0.00000280731342728305
 -185.185185 -1913.580247  0.00000025226601506296
 -185.185185 -1790.123457  0.00000460962492005614
 -185.185185 -1666.666667  0.00000990369646231872
 -185.185185 -1543.209877  0.00001598007594336577
 -185.185185 -1419.753086  0.00002295179950895200
 -185.185185 -1296.296296  0.00003109739052844222
 -185.185185 -1172.839506  0.00004163707210145128
 -185.185185 -1049.382716  0.00005648343438762037
 -185.185185  -925.925926  0.00007845507055028535
 -185.185185  -802.469136  0.00011090204270927690
 -185.185185  -679.012346  0.00015958027802396771
 -185.185185  -555.555556  0.00023084788070249491
 -185.185185  -432.098765  0.00032835443821827357
 -185.185185  -308.641975  0.00044699839959597528
 -185.185185  -185.185185  0.00056697109836192157
 -185.185185   -61.728395  0.00064925767518881944
 -185.185185    61.728395  0.00064925767518902262
 -185.185185   185.185185  0.00056697109836236436
 -185.185185   308.641975  0.00044699839959651700
 -185.185185   432.098765  0.00032835443821881686
 -185.185185   555.555556  0.00023084788070299603
 -185.185185   679.012346  0.00015958027802442801
 -185.185185   802.469136  0.00011090204270968724
 -185.185185   925.925926  0.00007845507055066582
 -185.185185  1049.382716  0.00005648343438797930
 -185.185185  1172.839506  0.00004163707210179361
 -185.185185  1296.296296  0.00003109739052878297
 -185.185185  1419.753086  0.00002295179950929083
 -185.185185  1543.209877  0.00001598007594370496
 -185.185185  1666.666667  0.00000990369646266078
 -185.185185  1790.123457  0.00000460962492040222
 -185.185185  1913.580247  0.00000025226601541494
 -185.185185  2037.037037  -0.00000280731342692707
 -185.185185  2160.493827  -0.00000467404430666029
 -185.185185  2283.950617  -0.00000574808718274139
 -185.185185  2407.407407  -0.00000816241057714509
 -185.185185  2530.864198  -0.00001117948494461821
 -185.185185  2654.320988  -0.00001053088059119371
 -185.185185  2777.777778  -0.00001192429637591967
 -185.185185  2901.234568  -0.00001382330069079249
 -185.185185  3024.691358  -0.00001531056777364020
 -185.185185  3148.148148  -0.00001600092303161463
 -185.185185  3271.604938  -0.00001594491590006028
 -185.185185  3395.061728  -0.00001556238021430183
 -185.185185  3518.518519  -0.00001521328547387846
 -185.185185  3641.975309  -0.00001526003338364318
 -185.185185  3765.432099  -0.00001537744640164667
 -185.185185  3888.888889  -0.00001630906358035354
 -185.185185  4012.345679  -0.00001670284802328742
 -185.185185  4135.802469  -0.00001702223093151364
 -185.185185  4259.259259  -0.00001695828630813345
 -185.185185  4382.716049  -0.00001500757485540512
 -185.185185  4506.172840  -0.00001226985986993907
 -185.185185  4629.629630  -0.00001158036256536032
 -185.185185  4753.086420  -0.00001028622159961966
 -185.185185  4876.543210  -0.00001653364470276555

  -61.728395 -5000.000000  -0.00000923535256913448
  -61.728395 -4876.543210  -0.00001647394985965850
  -61.728395 -4753.086420  -0.00001015465650548079
  -61.728395 -4629.629630  -0.00001145419333005970
  -61.728395 -4506.172840  -0.00001214228771346574
  -61.728395 -4382.716049  -0.00001489372223078579
  -61.728395 -4259.259259  -0.00001685567443162475
  -61.728395 -4135.802469  -0.00001691499704121578
  -61.728395 -4012.345679  -0.00001658461103600001
  -61.728395 -3888.888889  -0.00001616672215214957
  -61.728395 -3765.432099  -0.00001528677874351593
  -61.728395 -3641.975309  -0.00001509928171935548
  -61.728395 -3518.518519  -0.00001504975919254947
  -61.728395 -3395.061728  -0.00001539451255171107
  -61.728395 -3271.604938  -0.00001578754290396182
  -61.728395 -3148.148148  -0.00001582942777636511
  -61.728395 -3024.691358  -0.00001511743939291758
  -61.728395 -2901.234568  -0.00001359906386832270
  -61.728395 -2777.777778  -0.00001167680215119683
  -61.728395 -2654.320988  -0.00001026851139814241
  -61.728395 -2530.864198  -0.00001088221987546092
  -61.728395 -2407.407407  -0.00000767068625689291
  -61.728395 -2283.950617  -0.00000517351198259408
  -61.728395 -2160.493827  -0.00000407582674535318
  -61.728395 -2037.037037  -0.00000221129361326929
  -61.728395 -1913.580247  0.00000089980327140650
  -61.728395 -1790.123457  0.00000536515431862570
  -61.728395 -1666.666667  0.00001082397910711228
  -61.728395 -1543.209877  0.00001709185592073937
  -61.728395 -1419.753086  0.00002425270454657632
  -61.728395 -1296.296296  0.00003262567893655264
  -61.728395 -1172.839506  0.00004345205685397011
  -61.728395 -1049.382716  0.00005872764082799539
  -61.728395  -925.925926  0.00008140316053800439
  -61.728395  -802.469136  0.00011496526466843564
  -61.728395  -679.012346  0.00016546698995845881
  -61.728395  -555.555556  0.00023963978416583726
  -61.728395  -432.098765  0.00034142803793581824
  -61.728395  -308.641975  0.00046557852124864876
  -61.728395  -185.185185  0.00059127874845081975
  -61.728395   -61.728395  0.00067720321715674075
  -61.728395    61.728395  0.00067720321715694946
  -61.728395   185.185185  0.00059127874845127609
  -61.728395   308.641975  0.00046557852124921026
  -61.728395   432.098765  0.00034142803793637806
  -61.728395   555.555556  0.00023963978416635036
  -61.728395   679.012346  0.00016546698995893182
  -61.728395   802.469136  0.00011496526466885431
  -61.728395   925.925926  0.00008140316053839197
  -61.728395  1049.382716  0.00005872764082836009
  -61.728395  1172.839506  0.00004345205685431745
  -61.728395  1296.296296  0.00003262567893689804
  -61.728395  1419.753086  0.00002425270454691842
  -61.728395  1543.209877  0.00001709185592108203
  -61.728395  1666.666667  0.00001082397910745826
  -61.728395  1790.123457  0.00000536515431897502
  -61.728395  1913.580247  0.00000089980327176122
  -61.728395  2037.037037  -0.00000221129361291046
  -61.728395  2160.493827  -0.00000407582674498763
  -61.728395  2283.950617  -0.00000517351198222110
  -61.728395  2407.407407  -0.00000767068625651012
  -61.728395  2530.864198  -0.00001088221987508241
  -61.728395  2654.320988  -0.00001026851139774432
  -61.728395  2777.777778  -0.00001167680215079447
  -61.728395  2901.234568  -0.00001359906386792140
  -61.728395  3024.691358  -0.00001511743939251484
  -61.728395  3148.148148  -0.00001582942777595760
  -61.728395  3271.604938  -0.00001578754290354642
  -61.728395  3395.061728  -0.00001539451255128688
  -61.728395  3518.518519  -0.00001504975919211919
  -61.728395  3641.975309  -0.00001509928171892242
  -61.728395  3765.432099  -0.00001528677874308312
  -61.728395  3888.888889  -0.00001616672215172258
  -61.728395  4012.345679  -0.00001658461103558033
  -61.728395  4135.802469  -0.00001691499704080357
  -61.728395  4259.259259  -0.00001685567443121469
  -61.728395  4382.716049  -0.00001489372223037982
  -61.728395  4506.172840  -0.00001214228771305955
  -61.728395  4629.629630  -0.00001145419332964097
  -61.728395  4753.086420  -0.00001015465650509028
  -61.728395  4876.543210  -0.00001647394985930820

   61.728395 -5000.000000  -0.00000923535256913414
   61.728395 -4876.543210  -0.00001647394985965848
   61.728395 -4753.086420  -0.00001015465650548151
   61.728395 -4629.629630  -0.00001145419333006013
   61.728395 -4506.172840  -0.00001214228771346585
   61.728395 -4382.716049  -0.00001489372223078511
   61.728395 -4259.259259  -0.00001685567443162350
   61.728395 -4135.802469  -0.00001691499704121439
   61.728395 -4012.345679  -0.00001658461103599800
   61.728395 -3888.888889  -0.00001616672215214687
   61.728395 -3765.432099  -0.00001528677874351320
   61.728395 -3641.975309  -0.00001509928171935247
   61.728395 -3518.518519  -0.00001504975919254588
   61.728395 -3395.061728  -0.00001539451255170663
   61.728395 -3271.604938  -0.00001578754290395693
   61.728395 -3148.148148  -0.00001582942777636017
   61.728395 -3024.691358  -0.00001511743939291276
   61.728395 -2901.234568  -0.00001359906386831826
   61.728395 -2777.777778  -0.00001167680215119270
   61.728395 -2654.320988  -0.00001026851139813823
   61.728395 -2530.864198  -0.00001088221987545576
   61.728395 -2407.407407  -0.00000767068625688970
   61.728395 -2283.950617  -0.00000517351198259031
   61.728395 -2160.493827  -0.00000407582674535056
   61.728395 -2037.037037  -0.00000221129361326729
   61.728395 -1913.580247  0.00000089980327140798
   61.728395 -1790.123457  0.00000536515431862837
   61.728395 -1666.666667  0.00001082397910711655
   61.728395 -1543.209877  0.00001709185592074533
   61.728395 -1419.753086  0.00002425270454658410
   61.728395 -1296.296296  0.00003262567893656300
   61.728395 -1172.839506  0.00004345205685398376
   61.728395 -1049.382716  0.00005872764082801072
   61.728395  -925.925926  0.00008140316053802292
   61.728395  -802.469136  0.00011496526466846211
   61.728395  -679.012346  0.00016546698995849343
   61.728395  -555.555556  0.00023963978416587865
   61.728395  -432.098765  0.00034142803793587619
   61.728395  -308.641975  0.00046557852124872481
   61.728395  -185.185185  0.00059127874845091592
   61.728395   -61.728395  0.00067720321715683378
   61.728395    61.728395  0.00067720321715706341
   61.728395   185.185185  0.00059127874845137541
   61.728395   308.641975  0.00046557852124928399
   61.728395   432.098765  0.00034142803793643460
   61.728395   555.555556  0.00023963978416639570
   61.728395   679.012346  0.00016546698995897343
   61.728395   802.469136  0.00011496526466888954
   61.728395   925.925926  0.00008140316053841945
   61.728395  1049.382716  0.00005872764082838497
   61.728395  1172.839506  0.00004345205685434149
   61.728395  1296.296296  0.00003262567893691705
   61.728395  1419.753086  0.00002425270454693566
   61.728395  1543.209877  0.00001709185592109716
   61.728395  1666.666667  0.00001082397910747142
   61.728395  1790.123457  0.00000536515431898704
   61.728395  1913.580247  0.00000089980327177142
   61.728395  2037.037037  -0.00000221129361290100
   61.728395  2160.493827  -0.00000407582674497816
   61.728395  2283.950617  -0.00000517351198221107
   61.728395  2407.407407  -0.00000767068625650017
   61.728395  2530.864198  -0.00001088221987507007
   61.728395  2654.320988  -0.00001026851139773017
   61.728395  2777.777778  -0.00001167680215077941
   61.728395  2901.234568  -0.00001359906386790601
   61.728395  3024.691358  -0.00001511743939249961
   61.728395  3148.148148  -0.00001582942777594307
   61.728395  3271.604938  -0.00001578754290353237
   61.728395  3395.061728  -0.00001539451255127313
   61.728395  3518.518519  -0.00001504975919210547
   61.728395  3641.975309  -0.00001509928171890892
   61.728395  3765.432099  -0.00001528677874307001
   61.728395  3888.888889  -0.00001616672215170944
   61.728395  4012.345679  -0.00001658461103556763
   61.728395  4135.802469  -0.00001691499704079112
   61.728395  4259.259259  -0.00001685567443120209
   61.728395  4382.716049  -0.00001489372223036784
   61.728395  4506.172840  -0.00001214228771304819
   61.728395  4629.629630  -0.00001145419332962923
   61.728395  4753.086420  -0.00001015465650507929
   61.728395  4876.543210  -0.00001647394985929675

  185.185185 -5000.000000  -0.00000917094389162963
  185.185185 -4876.543210  -0.00001653364470308984
  185.185185 -4753.086420  -0.00001028622159998596
  185.185185 -4629.629630  -0.00001158036256575234
  185.185185 -4506.172840  -0.00001226985987031862
  185.185185 -4382.716049  -0.00001500757485578208
  185.185185 -4259.259259  -0.00001695828630851296
  185.185185 -4135.802469  -0.00001702223093189508
  185.185185 -4012.345679  -0.00001670284802367550
  185.185185 -3888.888889  -0.00001630906358074790
  185.185185 -3765.432099  -0.00001537744640204572
  185.185185 -3641.975309  -0.00001526003338404266
  185.185185 -3518.518519  -0.00001521328547427433
  185.185185 -3395.061728  -0.00001556238021469049
  185.185185 -3271.604938  -0.00001594491590043914
  185.185185 -3148.148148  -0.00001600092303198551
  185.185185 -3024.691358  -0.00001531056777400649
  185.185185 -2901.234568  -0.00001382330069115769
  185.185185 -2777.777778  -0.00001192429637628608
  185.185185 -2654.320988  -0.00001053088059155571
  185.185185 -2530.864198  -0.00001117948494495949
  185.185185 -2407.407407  -0.00000816241057749452
  185.185185 -2283.950617  -0.00000574808718308047
  185.185185 -2160.493827  -0.00000467404430699305
  185.185185 -2037.037037  -0.00000280731342725290
  185.185185 -1913.580247  0.00000025226601509319
  185.185185 -1790.123457  0.00000460962492008822
  185.185185 -1666.666667  0.00000990369646235288
  185.185185 -1543.209877  0.00001598007594340272
  185.185185 -1419.753086  0.00002295179950899253
  185.185185 -1296.296296  0.00003109739052848576
  185.185185 -1172.839506  0.00004163707210149826
  185.185185 -1049.382716  0.00005648343438767185
  185.185185  -925.925926  0.00007845507055034529
  185.185185  -802.469136  0.00011090204270934889
  185.185185  -679.012346  0.00015958027802405946
  185.185185  -555.555556  0.00023084788070261916
  185.185185  -432.098765  0.00032835443821844335
  185.185185  -308.641975  0.00044699839959620020
  185.185185  -185.185185  0.00056697109836220303
  185.185185   -61.728395  0.00064925767518912497
  185.185185    61.728395  0.00064925767518934040
  185.185185   185.185185  0.00056697109836265037
  185.185185   308.641975  0.00044699839959674962
  185.185185   432.098765  0.00032835443821899711
  185.185185   555.555556  0.00023084788070313307
  185.185185   679.012346  0.00015958027802453589
  185.185185   802.469136  0.00011090204270977447
  185.185185   925.925926  0.00007845507055074018
  185.185185  1049.382716  0.00005648343438804605
  185.185185  1172.839506  0.00004163707210185545
  185.185185  1296.296296  0.00003109739052883950
  185.185185  1419.753086  0.00002295179950934339
  185.185185  1543.209877  0.00001598007594375422
  185.185185  1666.666667  0.00000990369646270721
  185.185185  1790.123457  0.00000460962492044574
  185.185185  1913.580247  0.00000025226601545557
  185.185185  2037.037037  -0.00000280731342688738
  185.185185  2160.493827  -0.00000467404430662120
  185.185185  2283.950617  -0.00000574808718270195
  185.185185  2407.407407  -0.00000816241057710570
  185.185185  2530.864198  -0.00001117948494457516
  185.185185  2654.320988  -0.00001053088059114913
  185.185185  2777.777778  -0.00001192429637587450
  185.185185  2901.234568  -0.00001382330069074728
  185.185185  3024.691358  -0.00001531056777359556
  185.185185  3148.148148  -0.00001600092303157050
  185.185185  3271.604938  -0.00001594491590001700
  185.185185  3395.061728  -0.00001556238021425904
  185.185185  3518.518519  -0.00001521328547383595
  185.185185  3641.975309  -0.00001526003338360088
  185.185185  3765.432099  -0.00001537744640160490
  185.185185  3888.888889  -0.00001630906358031149
  185.185185  4012.345679  -0.00001670284802324600
  185.185185  4135.802469  -0.00001702223093147257
  185.185185  4259.259259  -0.00001695828630809226
  185.185185  4382.716049  -0.00001500757485536579
  185.185185  4506.172840  -0.00001226985986990197
  185.185185  4629.629630  -0.00001158036256532240
  185.185185  4753.086420  -0.00001028622159958454
  185.185185  4876.543210  -0.00001653364470272868

  308.641975 -5000.000000  -0.00000914321700805797
  308.641975 -4876.543210  -0.00001691197887276880
  308.641975 -4753.086420  -0.00001085648001085835
  308.641975 -4629.629630  -0.00001218985769551219
  308.641975 -4506.172840  -0.00001285685775832308
  308.641975 -4382.716049  -0.00001556500745389669
  308.641975 -4259.259259  -0.00001750677985694245
  308.641975 -4135.802469  -0.00001758592924251450
  308.641975 -4012.345679  -0.00001729879496031712
  308.641975 -3888.888889  -0.00001693658468254406
  308.641975 -3765.432099  -0.00001608409991677280
  308.641975 -3641.975309  -0.00001594689955486412
  308.641975 -3518.518519  -0.00001591322105332293
  308.641975 -3395.061728  -0.00001626056558021795
  308.641975 -3271.604938  -0.00001664859193330786
  308.641975 -3148.148148  -0.00001670855834833096
  308.641975 -3024.691358  -0.00001604713326594444
  308.641975 -2901.234568  -0.00001461644052720843
  308.641975 -2777.777778  -0.00001278719409238227
  308.641975 -2654.320988  -0.00001144219329355030
  308.641975 -2530.864198  -0.00001202262124261010
  308.641975 -2407.407407  -0.00000909412037216996
  308.641975 -2283.950617  -0.00000682423826299207
  308.641975 -2160.493827  -0.00000572854864833024
  308.641975 -2037.037037  -0.00000391490097319295
  308.641975 -1913.580247  -0.00000097511213106426
  308.641975 -1790.123457  0.00000315366515397065
  308.641975 -1666.666667  0.00000816412829919177
  308.641975 -1543.209877  0.00001391911629525255
  308.641975 -1419.753086  0.00002052284847963677
  308.641975 -1296.296296  0.00002823719026280309
  308.641975 -1172.839506  0.00003822536141946225
  308.641975 -1049.382716  0.00005221432044971066
  308.641975  -925.925926  0.00007281682756054356
  308.641975  -802.469136  0.00010310698810649513
  308.641975  -679.012346  0.00014834011039271554
  308.641975  -555.555556  0.00021420049543082134
  308.641975  -432.098765  0.00030380931101362619
  308.641975  -308.641975  0.00041224529019748377
  308.641975  -185.185185  0.00052130825901156930
  308.641975   -61.728395  0.00059577354039300548
  308.641975    61.728395  0.00059577354039320584
  308.641975   185.185185  0.00052130825901199821
  308.641975   308.641975  0.00041224529019801660
  308.641975   432.098765  0.00030380931101416564
  308.641975   555.555556  0.00021420049543132073
  308.641975   679.012346  0.00014834011039317833
  308.641975   802.469136  0.00010310698810690942
  308.641975   925.925926  0.00007281682756093093
  308.641975  1049.382716  0.00005221432045007817
  308.641975  1172.839506  0.00003822536141981338
  308.641975  1296.296296  0.00002823719026315189
  308.641975  1419.753086  0.00002052284847998359
  308.641975  1543.209877  0.00001391911629560014
  308.641975  1666.666667  0.00000816412829954239
  308.641975  1790.123457  0.00000315366515432497
  308.641975  1913.580247  -0.00000097511213070482
  308.641975  2037.037037  -0.00000391490097283006
  308.641975  2160.493827  -0.00000572854864796111
  308.641975  2283.950617  -0.00000682423826261620
  308.641975  2407.407407  -0.00000909412037178432
  308.641975  2530.864198  -0.00001202262124222805
  308.641975  2654.320988  -0.00001144219329314584
  308.641975  2777.777778  -0.00001278719409197287
  308.641975  2901.234568  -0.00001461644052680029
  308.641975  3024.691358  -0.00001604713326553565
  308.641975  3148.148148  -0.00001670855834791821
  308.641975  3271.604938  -0.00001664859193288784
  308.641975  3395.061728  -0.00001626056557978876
  308.641975  3518.518519  -0.00001591322105288670
  308.641975  3641.975309  -0.00001594689955442452
  308.641975  3765.432099  -0.00001608409991633337
  308.641975  3888.888889  -0.00001693658468210960
  308.641975  4012.345679  -0.00001729879495988949
  308.641975  4135.802469  -0.00001758592924209388
  308.641975  4259.259259  -0.00001750677985652347
  308.641975  4382.716049  -0.00001556500745348197
  308.641975  4506.172840  -0.00001285685775790823
  308.641975  4629.629630  -0.00001218985769508392
  308.641975  4753.086420  -0.00001085648001045834
  308.641975  4876.543210  -0.00001691197887240882

  432.098765 -5000.000000  -0.00000910065163305902
  432.098765 -4876.543210  -0.00001744936479964776
  432.098765 -4753.086420  -0.00001167729104860076
  432.098765 -4629.629630  -0.00001307050317349606
  432.098765 -4506.172840  -0.00001370674327071837
  432.098765 -4382.716049  -0.00001636467520048107
  432.098765 -4259.259259  -0.00001828761825491451
  432.098765 -4135.802469  -0.00001839213292333579
  432.098765 -4012.345679  -0.00001815003499764372
  432.098765 -3888.888889  -0.00001783855020325676
  432.098765 -3765.432099  -0.00001703041423759552
  432.098765 -3641.975309  -0.00001693636795146610
  432.098765 -3518.518519  -0.00001691683544647749
  432.098765 -3395.061728  -0.00001726644002568875
  432.098765 -3271.604938  -0.00001764898004707977
  432.098765 -3148.148148  -0.00001772059086522112
  432.098765 -3024.691358  -0.00001710098917314372
  432.098765 -2901.234568  -0.00001575307436831041
  432.098765 -2777.777778  -0.00001401717150769589
  432.098765 -2654.320988  -0.00001274232186225296
  432.098765 -2530.864198  -0.00001327321504687708
  432.098765 -2407.407407  -0.00001047068502267275
  432.098765 -2283.950617  -0.00000837101087951319
  432.098765 -2160.493827  -0.00000727317015711231
  432.098765 -2037.037037  -0.00000554243126316522
  432.098765 -1913.580247  -0.00000278553368832042
  432.098765 -1790.123457  0.00000102638326562041
  432.098765 -1666.666667  0.00000564014292782347
  432.098765 -1543.209877  0.00001093890241074110
  432.098765 -1419.753086  0.00001702269801002846
  432.098765 -1296.296296  0.00002412811153578677
  432.098765 -1172.839506  0.00003328963317997600
  432.098765 -1049.382716  0.00004604909986256042
  432.098765  -925.925926  0.00006470345606249954
  432.098765  -802.469136  0.00009196341168217323
  432.098765  -679.012346  0.00013239390595034452
  432.098765  -555.555556  0.00019081074720904149
  432.098765  -432.098765  0.00026966225475349488
  432.098765  -308.641975  0.00036430826479565289
  432.098765  -185.185185  0.00045869143210412451
  432.098765   -61.728395  0.00052251399053290901
  432.098765    61.728395  0.00052251399053309126
  432.098765   185.185185  0.00045869143210452919
  432.098765   308.641975  0.00036430826479615542
  432.098765   432.098765  0.00026966225475400532
  432.098765   555.555556  0.00019081074720951724
  432.098765   679.012346  0.00013239390595078519
  432.098765   802.469136  0.00009196341168257070
  432.098765   925.925926  0.00006470345606287329
  432.098765  1049.382716  0.00004604909986291658
  432.098765  1172.839506  0.00003328963318031790
  432.098765  1296.296296  0.00002412811153612738
  432.098765  1419.753086  0.00001702269801036794
  432.098765  1543.209877  0.00001093890241108168
  432.098765  1666.666667  0.00000564014292816784
  432.098765  1790.123457  0.00000102638326596880
  432.098765  1913.580247  -0.00000278553368796685
  432.098765  2037.037037  -0.00000554243126280828
  432.098765  2160.493827  -0.00000727317015674888
  432.098765  2283.950617  -0.00000837101087914319
  432.098765  2407.407407  -0.00001047068502229274
  432.098765  2530.864198  -0.00001327321504649993
  432.098765  2654.320988  -0.00001274232186185313
  432.098765  2777.777778  -0.00001401717150729117
  432.098765  2901.234568  -0.00001575307436790685
  432.098765  3024.691358  -0.00001710098917273930
  432.098765  3148.148148  -0.00001772059086481287
  432.098765  3271.604938  -0.00001764898004666431
  432.098765  3395.061728  -0.00001726644002526410
  432.098765  3518.518519  -0.00001691683544604592
  432.098765  3641.975309  -0.00001693636795103110
  432.098765  3765.432099  -0.00001703041423716080
  432.098765  3888.888889  -0.00001783855020282687
  432.098765  4012.345679  -0.00001815003499722056
  432.098765  4135.802469  -0.00001839213292291949
  432.098765  4259.259259  -0.00001828761825449953
  432.098765  4382.716049  -0.00001636467520007045
  432.098765  4506.172840  -0.00001370674327030744
  432.098765  4629.629630  -0.00001307050317307186
  432.098765  4753.086420  -0.00001167729104820447
  432.098765  4876.543210  -0.00001744936479929117

  555.555556 -5000.000000  -0.00000902395975959966
  555.555556 -4876.543210  -0.00001809189828527748
  555.555556 -4753.086420  -0.00001268174082563078
  555.555556 -4629.629630  -0.00001414234295779185
  555.555556 -4506.172840  -0.00001474170323042717
  555.555556 -4382.716049  -0.00001733487792597629
  555.555556 -4259.259259  -0.00001922726030835391
  555.555556 -4135.802469  -0.00001935443943234754
  555.555556 -4012.345679  -0.00001917061354631623
  555.555556 -3888.888889  -0.00001892307361815199
  555.555556 -3765.432099  -0.00001818535833099826
  555.555556 -3641.975309  -0.00001812539838288165
  555.555556 -3518.518519  -0.00001813520068656976
  555.555556 -3395.061728  -0.00001848143473735481
  555.555556 -3271.604938  -0.00001885890746528754
  555.555556 -3148.148148  -0.00001894166104653962
  555.555556 -3024.691358  -0.00001837781161721728
  555.555556 -2901.234568  -0.00001713167503560748
  555.555556 -2777.777778  -0.00001551319959156879
  555.555556 -2654.320988  -0.00001433278610998466
  555.555556 -2530.864198  -0.00001485890570353117
  555.555556 -2407.407407  -0.00001223860476768328
  555.555556 -2283.950617  -0.00001035406083428904
  555.555556 -2160.493827  -0.00000927368072617367
  555.555556 -2037.037037  -0.00000765632938256649
  555.555556 -1913.580247  -0.00000512592704880513
  555.555556 -1790.123457  -0.00000170515478589922
  555.555556 -1666.666667  0.00000241501576217054
  555.555556 -1543.209877  0.00000714655364234369
  555.555556 -1419.753086  0.00001258435765540245
  555.555556 -1296.296296  0.00001892738581723867
  555.555556 -1172.839506  0.00002706573304198046
  555.555556 -1049.382716  0.00003828995828685694
  555.555556  -925.925926  0.00005456136914081456
  555.555556  -802.469136  0.00007814311724043469
  555.555556  -679.012346  0.00011280802794551445
  555.555556  -555.555556  0.00016239265091659696
  555.555556  -432.098765  0.00022865068645006473
  555.555556  -308.641975  0.00030736307934745819
  555.555556  -185.185185  0.00038498946305443591
  555.555556   -61.728395  0.00043678624113747960
  555.555556    61.728395  0.00043678624113764581
  555.555556   185.185185  0.00038498946305480194
  555.555556   308.641975  0.00030736307934791382
  555.555556   432.098765  0.00022865068645053154
  555.555556   555.555556  0.00016239265091704243
  555.555556   679.012346  0.00011280802794593260
  555.555556   802.469136  0.00007814311724081391
  555.555556   925.925926  0.00005456136914117227
  555.555556  1049.382716  0.00003828995828719990
  555.555556  1172.839506  0.00002706573304231150
  555.555556  1296.296296  0.00001892738581756841
  555.555556  1419.753086  0.00001258435765573191
  555.555556  1543.209877  0.00000714655364267512
  555.555556  1666.666667  0.00000241501576250616
  555.555556  1790.123457  -0.00000170515478555897
  555.555556  1913.580247  -0.00000512592704845990
  555.555556  2037.037037  -0.00000765632938221725
  555.555556  2160.493827  -0.00000927368072581803
  555.555556  2283.950617  -0.00001035406083392694
  555.555556  2407.407407  -0.00001223860476731133
  555.555556  2530.864198  -0.00001485890570316089
  555.555556  2654.320988  -0.00001433278610959224
  555.555556  2777.777778  -0.00001551319959117133
  555.555556  2901.234568  -0.00001713167503521104
  555.555556  3024.691358  -0.00001837781161681986
  555.555556  3148.148148  -0.00001894166104613844
  555.555556  3271.604938  -0.00001885890746487926
  555.555556  3395.061728  -0.00001848143473693752
  555.555556  3518.518519  -0.00001813520068614530
  555.555556  3641.975309  -0.00001812539838245364
  555.555556  3765.432099  -0.00001818535833057059
  555.555556  3888.888889  -0.00001892307361772924
  555.555556  4012.345679  -0.00001917061354589988
  555.555556  4135.802469  -0.00001935443943193767
  555.555556  4259.259259  -0.00001922726030794549
  555.555556  4382.716049  -0.00001733487792557148
  555.555556  4506.172840  -0.00001474170323002228
  555.555556  4629.629630  -0.00001414234295737360
  555.555556  4753.086420  -0.00001268174082523983
  555.555556  4876.543210  -0.00001809189828492548

  679.012346 -5000.000000  -0.00000890780530502075
  679.012346 -4876.543210  -0.00001882576034085087
  679.012346 -4753.086420  -0.00001385272056621289
  679.012346 -4629.629630  -0.00001538224574067376
  679.012346 -4506.172840  -0.00001593685891543493
  679.012346 -4382.716049  -0.00001844832330033640
  679.012346 -4259.259259  -0.00002029908709627838
  679.012346 -4135.802469  -0.00002044951318037687
  679.012346 -4012.345679  -0.00002032881293916624
  679.012346 -3888.888889  -0.00002015849069157452
  679.012346 -3765.432099  -0.00001950190588729325
  679.012346 -3641.975309  -0.00001948926326567940
  679.012346 -3518.518519  -0.00001952732649607362
  679.012346 -3395.061728  -0.00001987347342938209
  679.012346 -3271.604938  -0.00002024300481451942
  679.012346 -3148.148148  -0.00002033896434387054
  679.012346 -3024.691358  -0.00001983674860214766
  679.012346 -2901.234568  -0.00001870878622653737
  679.012346 -2777.777778  -0.00001723461524427465
  679.012346 -2654.320988  -0.00001617348188799388
  679.012346 -2530.864198  -0.00001669241293367379
  679.012346 -2407.407407  -0.00001435014573209669
  679.012346 -2283.950617  -0.00001271402125428291
  679.012346 -2160.493827  -0.00001167450806064835
  679.012346 -2037.037037  -0.00001019041316122274
  679.012346 -1913.580247  -0.00000792881567822467
  679.012346 -1790.123457  -0.00000495410668557117
  679.012346 -1666.666667  -0.00000139731356201101
  679.012346 -1543.209877  0.00000268608611679743
  679.012346 -1419.753086  0.00000738579692686165
  679.012346 -1296.296296  0.00001284102032013075
  679.012346 -1172.839506  0.00001983028066400356
  679.012346 -1049.382716  0.00002930967744230960
  679.012346  -925.925926  0.00004291266452140431
  679.012346  -802.469136  0.00006241776409915443
  679.012346  -679.012346  0.00009076758823929733
  679.012346  -555.555556  0.00013081389540828224
  679.012346  -432.098765  0.00018368386995900031
  679.012346  -308.641975  0.00024573233346092909
  679.012346  -185.185185  0.00030612140540396308
  679.012346   -61.728395  0.00034577937296627651
  679.012346    61.728395  0.00034577937296642960
  679.012346   185.185185  0.00030612140540428584
  679.012346   308.641975  0.00024573233346133762
  679.012346   432.098765  0.00018368386995942757
  679.012346   555.555556  0.00013081389540869318
  679.012346   679.012346  0.00009076758823968474
  679.012346   802.469136  0.00006241776409951136
  679.012346   925.925926  0.00004291266452174301
  679.012346  1049.382716  0.00002930967744263631
  679.012346  1172.839506  0.00001983028066432126
  679.012346  1296.296296  0.00001284102032044698
  679.012346  1419.753086  0.00000738579692717881
  679.012346  1543.209877  0.00000268608611711720
  679.012346  1666.666667  -0.00000139731356168640
  679.012346  1790.123457  -0.00000495410668524159
  679.012346  1913.580247  -0.00000792881567788902
  679.012346  2037.037037  -0.00001019041316088336
  679.012346  2160.493827  -0.00001167450806030247
  679.012346  2283.950617  -0.00001271402125393079
  679.012346  2407.407407  -0.00001435014573173436
  679.012346  2530.864198  -0.00001669241293331450
  679.012346  2654.320988  -0.00001617348188761298
  679.012346  2777.777778  -0.00001723461524388848
  679.012346  2901.234568  -0.00001870878622615227
  679.012346  3024.691358  -0.00001983674860176145
  679.012346  3148.148148  -0.00002033896434348043
  679.012346  3271.604938  -0.00002024300481412197
  679.012346  3395.061728  -0.00001987347342897550
  679.012346  3518.518519  -0.00001952732649565992
  679.012346  3641.975309  -0.00001948926326526230
  679.012346  3765.432099  -0.00001950190588687574
  679.012346  3888.888889  -0.00002015849069116154
  679.012346  4012.345679  -0.00002032881293875939
  679.012346  4135.802469  -0.00002044951317997666
  679.012346  4259.259259  -0.00002029908709587918
  679.012346  4382.716049  -0.00001844832329994094
  679.012346  4506.172840  -0.00001593685891503918
  679.012346  4629.629630  -0.00001538224574026451
  679.012346  4753.086420  -0.00001385272056583033
  679.012346  4876.543210  -0.00001882576034050661

  802.469136 -5000.000000  -0.00000874370748657622
  802.469136 -4876.543210  -0.00001959085404092962
  802.469136 -4753.086420  -0.00001513672600640824
  802.469136 -4629.629630  -0.00001673386231593508
  802.469136 -4506.172840  -0.00001723707304786973
  802.469136 -4382.716049  -0.00001964512938470399
  802.469136 -4259.259259  -0.00002144135483878422
  802.469136 -4135.802469  -0.00002161831497824292
  802.469136 -4012.345679  -0.00002156417340182595
  802.469136 -3888.888889  -0.00002148356313510261
  802.469136 -3765.432099  -0.00002091057848548804
  802.469136 -3641.975309  -0.00002096165136085769
  802.469136 -3518.518519  -0.00002102110018679887
  802.469136 -3395.061728  -0.00002136980921988293
  802.469136 -3271.604938  -0.00002172746020858675
  802.469136 -3148.148148  -0.00002183815338164926
  802.469136 -3024.691358  -0.00002139979015675004
  802.469136 -2901.234568  -0.00002040373445396680
  802.469136 -2777.777778  -0.00001910001473692097
  802.469136 -2654.320988  -0.00001817972265786146
  802.469136 -2530.864198  -0.00001865778427348681
  802.469136 -2407.407407  -0.00001671010615600630
  802.469136 -2283.950617  -0.00001533856619553145
  802.469136 -2160.493827  -0.00001436253800236338
  802.469136 -2037.037037  -0.00001302713667499984
  802.469136 -1913.580247  -0.00001107197566719972
  802.469136 -1790.123457  -0.00000857627058992239
  802.469136 -1666.666667  -0.00000562240337981529
  802.469136 -1543.209877  -0.00000223638604106638
  802.469136 -1419.753086  0.00000166510453121052
  802.469136 -1296.296296  0.00000615924549165474
  802.469136 -1172.839506  0.00001189160124161386
  802.469136 -1049.382716  0.00001952424177488044
  802.469136  -925.925926  0.00003031084761501950
  802.469136  -802.469136  0.00004558098368260659
  802.469136  -679.012346  0.00006744419134421013
  802.469136  -555.555556  0.00009786309115141070
  802.469136  -432.098765  0.00013745810545830574
  802.469136  -308.641975  0.00018328187510383584
  802.469136  -185.185185  0.00022721697755976580
  802.469136   -61.728395  0.00025554160294557115
  802.469136    61.728395  0.00025554160294570191
  802.469136   185.185185  0.00022721697756004517
  802.469136   308.641975  0.00018328187510419482
  802.469136   432.098765  0.00013745810545868800
  802.469136   555.555556  0.00009786309115178480
  802.469136   679.012346  0.00006744419134456678
  802.469136   802.469136  0.00004558098368293866
  802.469136   925.925926  0.00003031084761533688
  802.469136  1049.382716  0.00001952424177518824
  802.469136  1172.839506  0.00001189160124191550
  802.469136  1296.296296  0.00000615924549195546
  802.469136  1419.753086  0.00000166510453151290
  802.469136  1543.209877  -0.00000223638604076027
  802.469136  1666.666667  -0.00000562240337950399
  802.469136  1790.123457  -0.00000857627058960514
  802.469136  1913.580247  -0.00001107197566687675
  802.469136  2037.037037  -0.00001302713667467252
  802.469136  2160.493827  -0.00001436253800202964
  802.469136  2283.950617  -0.00001533856619519138
  802.469136  2407.407407  -0.00001671010615565609
  802.469136  2530.864198  -0.00001865778427313960
  802.469136  2654.320988  -0.00001817972265749334
  802.469136  2777.777778  -0.00001910001473654766
  802.469136  2901.234568  -0.00002040373445359439
  802.469136  3024.691358  -0.00002139979015637629
  802.469136  3148.148148  -0.00002183815338127166
  802.469136  3271.604938  -0.00002172746020820168
  802.469136  3395.061728  -0.00002136980921948870
  802.469136  3518.518519  -0.00002102110018639773
  802.469136  3641.975309  -0.00002096165136045299
  802.469136  3765.432099  -0.00002091057848508293
  802.469136  3888.888889  -0.00002148356313470199
  802.469136  4012.345679  -0.00002156417340143110
  802.469136  4135.802469  -0.00002161831497785421
  802.469136  4259.259259  -0.00002144135483839635
  802.469136  4382.716049  -0.00001964512938431959
  802.469136  4506.172840  -0.00001723707304748463
  802.469136  4629.629630  -0.00001673386231553654
  802.469136  4753.086420  -0.00001513672600603538
  802.469136  4876.543210  -0.00001959085404059431

  925.925926 -5000.000000  -0.00000855766975937704
  925.925926 -4876.543210  -0.00002049812208795811
  925.925926 -4753.086420  -0.00001663694201270253
  925.925926 -4629.629630  -0.00001831012993219980
  925.925926 -4506.172840  -0.00001874580049312050
  925.925926 -4382.716049  -0.00002103179991206180
  925.925926 -4259.259259  -0.00002276066314771259
  925.925926 -4135.802469  -0.00002296034438471974
  925.925926 -4012.345679  -0.00002298532229085183
  925.925926 -3888.888889  -0.00002300267312046515
  925.925926 -3765.432099  -0.00002255137887355580
  925.925926 -3641.975309  -0.00002264508343351403
  925.925926 -3518.518519  -0.00002273379170981155
  925.925926 -3395.061728  -0.00002307312248355737
  925.925926 -3271.604938  -0.00002341891544861732
  925.925926 -3148.148148  -0.00002353881349226523
  925.925926 -3024.691358  -0.00002317164267739556
  925.925926 -2901.234568  -0.00002231940738782259
  925.925926 -2777.777778  -0.00002120757326493462
  925.925926 -2654.320988  -0.00002044150772293820
  925.925926 -2530.864198  -0.00002086206939802747
  925.925926 -2407.407407  -0.00001931419220522961
  925.925926 -2283.950617  -0.00001822805251924522
  925.925926 -2160.493827  -0.00001732488907622418
  925.925926 -2037.037037  -0.00001616358258286199
  925.925926 -1913.580247  -0.00001453135060372793
  925.925926 -1790.123457  -0.00001253396383839332
  925.925926 -1666.666667  -0.00001019889208156298
  925.925926 -1543.209877  -0.00000752890966947085
  925.925926 -1419.753086  -0.00000445878060409221
  925.925926 -1296.296296  -0.00000095617359305464
  925.925926 -1172.839506  0.00000350104295259723
  925.925926 -1049.382716  0.00000922956265516583
  925.925926  -925.925926  0.00001720048331991159
  925.925926  -802.469136  0.00002825944024291545
  925.925926  -679.012346  0.00004378481262552758
  925.925926  -555.555556  0.00006495731643111106
  925.925926  -432.098765  0.00009205373595492232
  925.925926  -308.641975  0.00012291185092678570
  925.925926  -185.185185  0.00015197491128160650
  925.925926   -61.728395  0.00017031996018807195
  925.925926    61.728395  0.00017031996018818013
  925.925926   185.185185  0.00015197491128184703
  925.925926   308.641975  0.00012291185092710001
  925.925926   432.098765  0.00009205373595526196
  925.925926   555.555556  0.00006495731643144723
  925.925926   679.012346  0.00004378481262585127
  925.925926   802.469136  0.00002825944024322153
  925.925926   925.925926  0.00001720048332020664
  925.925926  1049.382716  0.00000922956265545373
  925.925926  1172.839506  0.00000350104295288138
  925.925926  1296.296296  -0.00000095617359277047
  925.925926  1419.753086  -0.00000445878060380566
  925.925926  1543.209877  -0.00000752890966917981
  925.925926  1666.666667  -0.00001019889208126625
  925.925926  1790.123457  -0.00001253396383809013
  925.925926  1913.580247  -0.00001453135060341876
  925.925926  2037.037037  -0.00001616358258254820
  925.925926  2160.493827  -0.00001732488907590399
  925.925926  2283.950617  -0.00001822805251891888
  925.925926  2407.407407  -0.00001931419220489322
  925.925926  2530.864198  -0.00002086206939769439
  925.925926  2654.320988  -0.00002044150772258460
  925.925926  2777.777778  -0.00002120757326457589
  925.925926  2901.234568  -0.00002231940738746483
  925.925926  3024.691358  -0.00002317164267703613
  925.925926  3148.148148  -0.00002353881349190183
  925.925926  3271.604938  -0.00002341891544824665
  925.925926  3395.061728  -0.00002307312248317736
  925.925926  3518.518519  -0.00002273379170942450
  925.925926  3641.975309  -0.00002264508343312333
  925.925926  3765.432099  -0.00002255137887316449
  925.925926  3888.888889  -0.00002300267312007837
  925.925926  4012.345679  -0.00002298532229047045
  925.925926  4135.802469  -0.00002296034438434432
  925.925926  4259.259259  -0.00002276066314733760
  925.925926  4382.716049  -0.00002103179991169012
  925.925926  4506.172840  -0.00001874580049274772
  925.925926  4629.629630  -0.00001831012993181352
  925.925926  4753.086420  -0.00001663694201234085
  925.925926  4876.543210  -0.00002049812208763313

 1049.382716 -5000.000000  -0.00000832937431689184
 1049.382716 -4876.543210  -0.00002142463704674919
 1049.382716 -4753.086420  -0.00001824261120219409
 1049.382716 -4629.629630  -0.00001999432733559304
 1049.382716 -4506.172840  -0.00002035383721806339
 1049.382716 -4382.716049  -0.00002248793751834143
 1049.382716 -4259.259259  -0.00002413161008331664
 1049.382716 -4135.802469  -0.00002436082331345654
 1049.382716 -4012.345679  -0.00002447205698638234
 1049.382716 -3888.888889  -0.00002460132332464354
 1049.382716 -3765.432099  -0.00002422427078599262
 1049.382716 -3641.975309  -0.00002441651523468468
 1049.382716 -3518.518519  -0.00002452731139721455
 1049.382716 -3395.061728  -0.00002485372958657777
 1049.382716 -3271.604938  -0.00002517021560513349
 1049.382716 -3148.148148  -0.00002530099071213223
 1049.382716 -3024.691358  -0.00002500988354447139
 1049.382716 -2901.234568  -0.00002431561430963357
 1049.382716 -2777.777778  -0.00002340624963980637
 1049.382716 -2654.320988  -0.00002279513630901349
 1049.382716 -2530.864198  -0.00002314244870125493
 1049.382716 -2407.407407  -0.00002202835324428927
 1049.382716 -2283.950617  -0.00002119845504547961
 1049.382716 -2160.493827  -0.00002040015456236212
 1049.382716 -2037.037037  -0.00001942294462293806
 1049.382716 -1913.580247  -0.00001813054720230327
 1049.382716 -1790.123457  -0.00001662183208243318
 1049.382716 -1666.666667  -0.00001489538339018717
 1049.382716 -1543.209877  -0.00001293749438069556
 1049.382716 -1419.753086  -0.00001069270510266185
 1049.382716 -1296.296296  -0.00000816073903923292
 1049.382716 -1172.839506  -0.00000503790968066482
 1049.382716 -1049.382716  -0.00000115289706370601
 1049.382716  -925.925926  0.00000408156467589548
 1049.382716  -802.469136  0.00001112892158947563
 1049.382716  -679.012346  0.00002069087680216358
 1049.382716  -555.555556  0.00003335009108520339
 1049.382716  -432.098765  0.00004916464507737249
 1049.382716  -308.641975  0.00006677739706186336
 1049.382716  -185.185185  0.00008296420285171171
 1049.382716   -61.728395  0.00009286609597484699
 1049.382716    61.728395  0.00009286609597493705
 1049.382716   185.185185  0.00008296420285191685
 1049.382716   308.641975  0.00006677739706213534
 1049.382716   432.098765  0.00004916464507767030
 1049.382716   555.555556  0.00003335009108550331
 1049.382716   679.012346  0.00002069087680245633
 1049.382716   802.469136  0.00001112892158975603
 1049.382716   925.925926  0.00000408156467616819
 1049.382716  1049.382716  -0.00000115289706343802
 1049.382716  1172.839506  -0.00000503790968039842
 1049.382716  1296.296296  -0.00000816073903896580
 1049.382716  1419.753086  -0.00001069270510239139
 1049.382716  1543.209877  -0.00001293749438042008
 1049.382716  1666.666667  -0.00001489538338990557
 1049.382716  1790.123457  -0.00001662183208214459
 1049.382716  1913.580247  -0.00001813054720200858
 1049.382716  2037.037037  -0.00001942294462263865
 1049.382716  2160.493827  -0.00002040015456205601
 1049.382716  2283.950617  -0.00002119845504516748
 1049.382716  2407.407407  -0.00002202835324396679
 1049.382716  2530.864198  -0.00002314244870093674
 1049.382716  2654.320988  -0.00002279513630867494
 1049.382716  2777.777778  -0.00002340624963946285
 1049.382716  2901.234568  -0.00002431561430929082
 1049.382716  3024.691358  -0.00002500988354412667
 1049.382716  3148.148148  -0.00002530099071178386
 1049.382716  3271.604938  -0.00002517021560477775
 1049.382716  3395.061728  -0.00002485372958621279
 1049.382716  3518.518519  -0.00002452731139684266
 1049.382716  3641.975309  -0.00002441651523430886
 1049.382716  3765.432099  -0.00002422427078561647
 1049.382716  3888.888889  -0.00002460132332427143
 1049.382716  4012.345679  -0.00002447205698601550
 1049.382716  4135.802469  -0.00002436082331309494
 1049.382716  4259.259259  -0.00002413161008295526
 1049.382716  4382.716049  -0.00002248793751798260
 1049.382716  4506.172840  -0.00002035383721770344
 1049.382716  4629.629630  -0.00001999432733521963
 1049.382716  4753.086420  -0.00001824261120184406
 1049.382716  4876.543210  -0.00002142463704643479

 1172.839506 -5000.000000  -0.00000810050760927714
 1172.839506 -4876.543210  -0.00002259128432456277
 1172.839506 -4753.086420  -0.00002015732139774475
 1172.839506 -4629.629630  -0.00002199475451791338
 1172.839506 -4506.172840  -0.00002225250573771780
 1172.839506 -4382.716049  -0.00002421964337098127
 1172.839506 -4259.259259  -0.00002576868881348238
 1172.839506 -4135.802469  -0.00002601772731548116
 1172.839506 -4012.345679  -0.00002622485743337741
 1172.839506 -3888.888889  -0.00002646884951182886
 1172.839506 -3765.432099  -0.00002626456887000179
 1172.839506 -3641.975309  -0.00002647463514274394
 1172.839506 -3518.518519  -0.00002662180836375161
 1172.839506 -3395.061728  -0.00002692168092502677
 1172.839506 -3271.604938  -0.00002720575470513138
 1172.839506 -3148.148148  -0.00002733069197717142
 1172.839506 -3024.691358  -0.00002712248482963288
 1172.839506 -2901.234568  -0.00002659770498609201
 1172.839506 -2777.777778  -0.00002590428097896473
 1172.839506 -2654.320988  -0.00002544485312536269
 1172.839506 -2530.864198  -0.00002572371571888961
 1172.839506 -2407.407407  -0.00002485606692654542
 1172.839506 -2283.950617  -0.00002428686400310551
 1172.839506 -2160.493827  -0.00002360223477463323
 1172.839506 -2037.037037  -0.00002282989678762399
 1172.839506 -1913.580247  -0.00002185973706998226
 1172.839506 -1790.123457  -0.00002083219997589610
 1172.839506 -1666.666667  -0.00001969647234843321
 1172.839506 -1543.209877  -0.00001841521165987355
 1172.839506 -1419.753086  -0.00001695466914499864
 1172.839506 -1296.296296  -0.00001539491586536159
 1172.839506 -1172.839506  -0.00001343848686376024
 1172.839506 -1049.382716  -0.00001133930791819765
 1172.839506  -925.925926  -0.00000863979148446611
 1172.839506  -802.469136  -0.00000530961565348729
 1172.839506  -679.012346  -0.00000113207242279971
 1172.839506  -555.555556  0.00000395850512195351
 1172.839506  -432.098765  0.00000994655157579154
 1172.839506  -308.641975  0.00001627270942073580
 1172.839506  -185.185185  0.00002171270321940508
 1172.839506   -61.728395  0.00002474860481125498
 1172.839506    61.728395  0.00002474860481133006
 1172.839506   185.185185  0.00002171270321957951
 1172.839506   308.641975  0.00001627270942096963
 1172.839506   432.098765  0.00000994655157605212
 1172.839506   555.555556  0.00000395850512222002
 1172.839506   679.012346  -0.00000113207242253619
 1172.839506   802.469136  -0.00000530961565323121
 1172.839506   925.925926  -0.00000863979148421498
 1172.839506  1049.382716  -0.00001133930791794923
 1172.839506  1172.839506  -0.00001343848686351138
 1172.839506  1296.296296  -0.00001539491586511222
 1172.839506  1419.753086  -0.00001695466914474491
 1172.839506  1543.209877  -0.00001841521165961409
 1172.839506  1666.666667  -0.00001969647234816725
 1172.839506  1790.123457  -0.00002083219997562294
 1172.839506  1913.580247  -0.00002185973706970293
 1172.839506  2037.037037  -0.00002282989678733938
 1172.839506  2160.493827  -0.00002360223477434192
 1172.839506  2283.950617  -0.00002428686400280819
 1172.839506  2407.407407  -0.00002485606692623820
 1172.839506  2530.864198  -0.00002572371571858585
 1172.839506  2654.320988  -0.00002544485312503987
 1172.839506  2777.777778  -0.00002590428097863683
 1172.839506  2901.234568  -0.00002659770498576469
 1172.839506  3024.691358  -0.00002712248482930357
 1172.839506  3148.148148  -0.00002733069197683856
 1172.839506  3271.604938  -0.00002720575470479100
 1172.839506  3395.061728  -0.00002692168092467715
 1172.839506  3518.518519  -0.00002662180836339486
 1172.839506  3641.975309  -0.00002647463514238358
 1172.839506  3765.432099  -0.00002626456886963992
 1172.839506  3888.888889  -0.00002646884951147170
 1172.839506  4012.345679  -0.00002622485743302483
 1172.839506  4135.802469  -0.00002601772731513402
 1172.839506  4259.259259  -0.00002576868881313509
 1172.839506  4382.716049  -0.00002421964337063582
 1172.839506  4506.172840  -0.00002225250573737108
 1172.839506  4629.629630  -0.00002199475451755315
 1172.839506  4753.086420  -0.00002015732139740695
 1172.839506  4876.543210  -0.00002259128432425948

 1296.296296 -5000.000000  -0.00000788480239263225
 1296.296296 -4876.543210  -0.00002380707154597769
 1296.296296 -4753.086420  -0.00002221609197952039
 1296.296296 -4629.629630  -0.00002413815927085081
 1296.296296 -4506.172840  -0.00002427839052715686
 1296.296296 -4382.716049  -0.00002603878816137127
 1296.296296 -4259.259259  -0.00002747687778649806
 1296.296296 -4135.802469  -0.00002775830129731727
 1296.296296 -4012.345679  -0.00002805966385864513
 1296.296296 -3888.888889  -0.00002842863834938092
 1296.296296 -3765.432099  -0.00002836198223152884
 1296.296296 -3641.975309  -0.00002863621367992219
 1296.296296 -3518.518519  -0.00002880204045156131
 1296.296296 -3395.061728  -0.00002907867856093010
 1296.296296 -3271.604938  -0.00002930135630807984
 1296.296296 -3148.148148  -0.00002941734975789783
 1296.296296 -3024.691358  -0.00002929244389311164
 1296.296296 -2901.234568  -0.00002895458885955703
 1296.296296 -2777.777778  -0.00002848120275692527
 1296.296296 -2654.320988  -0.00002815660918535847
 1296.296296 -2530.864198  -0.00002832971328484004
 1296.296296 -2407.407407  -0.00002778134153942046
 1296.296296 -2283.950617  -0.00002742487587643676
 1296.296296 -2160.493827  -0.00002687189101580270
 1296.296296 -2037.037037  -0.00002630777156835676
 1296.296296 -1913.580247  -0.00002567021919698529
 1296.296296 -1790.123457  -0.00002508370812929339
 1296.296296 -1666.666667  -0.00002448341519945525
 1296.296296 -1543.209877  -0.00002383522977334036
 1296.296296 -1419.753086  -0.00002312818974034787
 1296.296296 -1296.296296  -0.00002243346603849522
 1296.296296 -1172.839506  -0.00002174857185836084
 1296.296296 -1049.382716  -0.00002119943205537068
 1296.296296  -925.925926  -0.00002087292953101488
 1296.296296  -802.469136  -0.00002086362060704392
 1296.296296  -679.012346  -0.00002145233719006718
 1296.296296  -555.555556  -0.00002286190148492941
 1296.296296  -432.098765  -0.00002515518848973058
 1296.296296  -308.641975  -0.00002815263346811762
 1296.296296  -185.185185  -0.00003133782296866390
 1296.296296   -61.728395  -0.00003365480728978706
 1296.296296    61.728395  -0.00003365480728972700
 1296.296296   185.185185  -0.00003133782296851749
 1296.296296   308.641975  -0.00002815263346791814
 1296.296296   432.098765  -0.00002515518848950504
 1296.296296   555.555556  -0.00002286190148469476
 1296.296296   679.012346  -0.00002145233718983255
 1296.296296   802.469136  -0.00002086362060681264
 1296.296296   925.925926  -0.00002087292953078655
 1296.296296  1049.382716  -0.00002119943205514344
 1296.296296  1172.839506  -0.00002174857185813151
 1296.296296  1296.296296  -0.00002243346603826247
 1296.296296  1419.753086  -0.00002312818974011048
 1296.296296  1543.209877  -0.00002383522977309658
 1296.296296  1666.666667  -0.00002448341519920463
 1296.296296  1790.123457  -0.00002508370812903506
 1296.296296  1913.580247  -0.00002567021919672112
 1296.296296  2037.037037  -0.00002630777156808747
 1296.296296  2160.493827  -0.00002687189101552599
 1296.296296  2283.950617  -0.00002742487587615389
 1296.296296  2407.407407  -0.00002778134153912740
 1296.296296  2530.864198  -0.00002832971328455099
 1296.296296  2654.320988  -0.00002815660918505084
 1296.296296  2777.777778  -0.00002848120275661233
 1296.296296  2901.234568  -0.00002895458885924453
 1296.296296  3024.691358  -0.00002929244389279706
 1296.296296  3148.148148  -0.00002941734975757989
 1296.296296  3271.604938  -0.00002930135630775488
 1296.296296  3395.061728  -0.00002907867856059582
 1296.296296  3518.518519  -0.00002880204045122028
 1296.296296  3641.975309  -0.00002863621367957674
 1296.296296  3765.432099  -0.00002836198223118300
 1296.296296  3888.888889  -0.00002842863834903909
 1296.296296  4012.345679  -0.00002805966385830770
 1296.296296  4135.802469  -0.00002775830129698520
 1296.296296  4259.259259  -0.00002747687778616568
 1296.296296  4382.716049  -0.00002603878816103967
 1296.296296  4506.172840  -0.00002427839052682279
 1296.296296  4629.629630  -0.00002413815927050329
 1296.296296  4753.086420  -0.00002221609197919448
 1296.296296  4876.543210  -0.00002380707154568521

 1419.753086 -5000.000000  -0.00000757248817572588
 1419.753086 -4876.543210  -0.00002501147115547026
 1419.753086 -4753.086420  -0.00002431725848386596
 1419.753086 -4629.629630  -0.00002631562487837626
 1419.753086 -4506.172840  -0.00002633163496304031
 1419.753086 -4382.716049  -0.00002786554306560851
 1419.753086 -4259.259259  -0.00002916675475828500
 1419.753086 -4135.802469  -0.00002946770032871334
 1419.753086 -4012.345679  -0.00002987629624531909
 1419.753086 -3888.888889  -0.00003038153332830175
 1419.753086 -3765.432099  -0.00003040653313556612
 1419.753086 -3641.975309  -0.00003079690539690692
 1419.753086 -3518.518519  -0.00003097193061334024
 1419.753086 -3395.061728  -0.00003119948640177899
 1419.753086 -3271.604938  -0.00003136664239956980
 1419.753086 -3148.148148  -0.00003146988549259671
 1419.753086 -3024.691358  -0.00003141489022842573
 1419.753086 -2901.234568  -0.00003124790122437073
 1419.753086 -2777.777778  -0.00003101261865560875
 1419.753086 -2654.320988  -0.00003084950783458918
 1419.753086 -2530.864198  -0.00003080191414741611
 1419.753086 -2407.407407  -0.00003048422763571716
 1419.753086 -2283.950617  -0.00003031606868282005
 1419.753086 -2160.493827  -0.00002989400838803051
 1419.753086 -2037.037037  -0.00002953927988066892
 1419.753086 -1913.580247  -0.00002921871627426270
 1419.753086 -1790.123457  -0.00002903498651602588
 1419.753086 -1666.666667  -0.00002891180653797536
 1419.753086 -1543.209877  -0.00002882762465415997
 1419.753086 -1419.753086  -0.00002879563617905572
 1419.753086 -1296.296296  -0.00002889590075084676
 1419.753086 -1172.839506  -0.00002923471351297970
 1419.753086 -1049.382716  -0.00003016054408700003
 1419.753086  -925.925926  -0.00003186190651258876
 1419.753086  -802.469136  -0.00003474939263419996
 1419.753086  -679.012346  -0.00003939757198676941
 1419.753086  -555.555556  -0.00004625650695440167
 1419.753086  -432.098765  -0.00005532362826323416
 1419.753086  -308.641975  -0.00006578915484719758
 1419.753086  -185.185185  -0.00007577192785803056
 1419.753086   -61.728395  -0.00008215843222718178
 1419.753086    61.728395  -0.00008215843222713183
 1419.753086   185.185185  -0.00007577192785790550
 1419.753086   308.641975  -0.00006578915484702507
 1419.753086   432.098765  -0.00005532362826303615
 1419.753086   555.555556  -0.00004625650695419234
 1419.753086   679.012346  -0.00003939757198656005
 1419.753086   802.469136  -0.00003474939263399016
 1419.753086   925.925926  -0.00003186190651238067
 1419.753086  1049.382716  -0.00003016054408679159
 1419.753086  1172.839506  -0.00002923471351276747
 1419.753086  1296.296296  -0.00002889590075063057
 1419.753086  1419.753086  -0.00002879563617883414
 1419.753086  1543.209877  -0.00002882762465393187
 1419.753086  1666.666667  -0.00002891180653774043
 1419.753086  1790.123457  -0.00002903498651578293
 1419.753086  1913.580247  -0.00002921871627401433
 1419.753086  2037.037037  -0.00002953927988041483
 1419.753086  2160.493827  -0.00002989400838776932
 1419.753086  2283.950617  -0.00003031606868255230
 1419.753086  2407.407407  -0.00003048422763543987
 1419.753086  2530.864198  -0.00003080191414714281
 1419.753086  2654.320988  -0.00003084950783429706
 1419.753086  2777.777778  -0.00003101261865531163
 1419.753086  2901.234568  -0.00003124790122407403
 1419.753086  3024.691358  -0.00003141489022812704
 1419.753086  3148.148148  -0.00003146988549229427
 1419.753086  3271.604938  -0.00003136664239926019
 1419.753086  3395.061728  -0.00003119948640146043
 1419.753086  3518.518519  -0.00003097193061301497
 1419.753086  3641.975309  -0.00003079690539657691
 1419.753086  3765.432099  -0.00003040653313523605
 1419.753086  3888.888889  -0.00003038153332797553
 1419.753086  4012.345679  -0.00002987629624499694
 1419.753086  4135.802469  -0.00002946770032839592
 1419.753086  4259.259259  -0.00002916675475796680
 1419.753086  4382.716049  -0.00002786554306529063
 1419.753086  4506.172840  -0.00002633163496271939
 1419.753086  4629.629630  -0.00002631562487804212
 1419.753086  4753.086420  -0.00002431725848355211
 1419.753086  4876.543210  -0.00002501147115518869

 1543.209877 -5000.000000  -0.00000715396011411851
 1543.209877 -4876.543210  -0.00002595281021882340
 1543.209877 -4753.086420  -0.00002625448345296134
 1543.209877 -4629.629630  -0.00002830246460293899
 1543.209877 -4506.172840  -0.00002819193012395704
 1543.209877 -4382.716049  -0.00002946475875086669
 1543.209877 -4259.259259  -0.00003060627756578251
 1543.209877 -4135.802469  -0.00003092460183882700
 1543.209877 -4012.345679  -0.00003143387354569274
 1543.209877 -3888.888889  -0.00003207518169461760
 1543.209877 -3765.432099  -0.00003225793922389977
 1543.209877 -3641.975309  -0.00003266600586933442
 1543.209877 -3518.518519  -0.00003285082121678327
 1543.209877 -3395.061728  -0.00003302242860766453
 1543.209877 -3271.604938  -0.00003312584407826855
 1543.209877 -3148.148148  -0.00003319714124564818
 1543.209877 -3024.691358  -0.00003320464139974373
 1543.209877 -2901.234568  -0.00003320489192425980
 1543.209877 -2777.777778  -0.00003321459944447702
 1543.209877 -2654.320988  -0.00003320976363216547
 1543.209877 -2530.864198  -0.00003294962241451724
 1543.209877 -2407.407407  -0.00003292318390005354
 1543.209877 -2283.950617  -0.00003290458308945439
 1543.209877 -2160.493827  -0.00003264008142777508
 1543.209877 -2037.037037  -0.00003247915133948197
 1543.209877 -1913.580247  -0.00003244827247705357
 1543.209877 -1790.123457  -0.00003261285148659582
 1543.209877 -1666.666667  -0.00003290792033961768
 1543.209877 -1543.209877  -0.00003331394566612609
 1543.209877 -1419.753086  -0.00003386943812043706
 1543.209877 -1296.296296  -0.00003469197620054417
 1543.209877 -1172.839506  -0.00003598643352975654
 1543.209877 -1049.382716  -0.00003817934419538319
 1543.209877  -925.925926  -0.00004164279647079144
 1543.209877  -802.469136  -0.00004697773542813692
 1543.209877  -679.012346  -0.00005497875550049335
 1543.209877  -555.555556  -0.00006625237821862870
 1543.209877  -432.098765  -0.00008071102812049062
 1543.209877  -308.641975  -0.00009698573840461746
 1543.209877  -185.185185  -0.00011210184294549455
 1543.209877   -61.728395  -0.00012144772376385777
 1543.209877    61.728395  -0.00012144772376381596
 1543.209877   185.185185  -0.00011210184294538719
 1543.209877   308.641975  -0.00009698573840446829
 1543.209877   432.098765  -0.00008071102812031742
 1543.209877   555.555556  -0.00006625237821844401
 1543.209877   679.012346  -0.00005497875550030637
 1543.209877   802.469136  -0.00004697773542794701
 1543.209877   925.925926  -0.00004164279647060187
 1543.209877  1049.382716  -0.00003817934419519212
 1543.209877  1172.839506  -0.00003598643352956086
 1543.209877  1296.296296  -0.00003469197620034366
 1543.209877  1419.753086  -0.00003386943812023102
 1543.209877  1543.209877  -0.00003331394566591354
 1543.209877  1666.666667  -0.00003290792033939808
 1543.209877  1790.123457  -0.00003261285148636790
 1543.209877  1913.580247  -0.00003244827247681987
 1543.209877  2037.037037  -0.00003247915133924299
 1543.209877  2160.493827  -0.00003264008142752861
 1543.209877  2283.950617  -0.00003290458308920179
 1543.209877  2407.407407  -0.00003292318389979085
 1543.209877  2530.864198  -0.00003294962241425886
 1543.209877  2654.320988  -0.00003320976363188873
 1543.209877  2777.777778  -0.00003321459944419513
 1543.209877  2901.234568  -0.00003320489192397800
 1543.209877  3024.691358  -0.00003320464139945965
 1543.209877  3148.148148  -0.00003319714124536157
 1543.209877  3271.604938  -0.00003312584407797509
 1543.209877  3395.061728  -0.00003302242860736185
 1543.209877  3518.518519  -0.00003285082121647377
 1543.209877  3641.975309  -0.00003266600586902007
 1543.209877  3765.432099  -0.00003225793922358503
 1543.209877  3888.888889  -0.00003207518169430654
 1543.209877  4012.345679  -0.00003143387354538529
 1543.209877  4135.802469  -0.00003092460183852411
 1543.209877  4259.259259  -0.00003060627756547872
 1543.209877  4382.716049  -0.00002946475875056285
 1543.209877  4506.172840  -0.00002819193012365029
 1543.209877  4629.629630  -0.00002830246460261861
 1543.209877  4753.086420  -0.00002625448345266004
 1543.209877  4876.543210  -0.00002595281021855375

 1666.666667 -5000.000000  -0.00000683199494004157
 1666.666667 -4876.543210  -0.00002735411376044105
 1666.666667 -4753.086420  -0.00002866709278046406
 1666.666667 -4629.629630  -0.00003079783728726709
 1666.666667 -4506.172840  -0.00003049871638971562
 1666.666667 -4382.716049  -0.00003147954886351954
 1666.666667 -4259.259259  -0.00003245040943136100
 1666.666667 -4135.802469  -0.00003278319506469782
 1666.666667 -4012.345679  -0.00003339972909433575
 1666.666667 -3888.888889  -0.00003416938807981034
 1666.666667 -3765.432099  -0.00003452002018513931
 1666.666667 -3641.975309  -0.00003499286819611192
 1666.666667 -3518.518519  -0.00003518770080647648
 1666.666667 -3395.061728  -0.00003529495329832783
 1666.666667 -3271.604938  -0.00003529516895699320
 1666.666667 -3148.148148  -0.00003532254350352045
 1666.666667 -3024.691358  -0.00003540297929622132
 1666.666667 -2901.234568  -0.00003559300885316029
 1666.666667 -2777.777778  -0.00003583277461047273
 1666.666667 -2654.320988  -0.00003594515314651578
 1666.666667 -2530.864198  -0.00003552404621346415
 1666.666667 -2407.407407  -0.00003569431280651389
 1666.666667 -2283.950617  -0.00003581940478266072
 1666.666667 -2160.493827  -0.00003569873070182684
 1666.666667 -2037.037037  -0.00003573012288327196
 1666.666667 -1913.580247  -0.00003596269267255152
 1666.666667 -1790.123457  -0.00003643671492635458
 1666.666667 -1666.666667  -0.00003708916783237684
 1666.666667 -1543.209877  -0.00003791503585063467
 1666.666667 -1419.753086  -0.00003898633742500639
 1666.666667 -1296.296296  -0.00004045569169769421
 1666.666667 -1172.839506  -0.00004258163092051730
 1666.666667 -1049.382716  -0.00004588047869488035
 1666.666667  -925.925926  -0.00005086172483111833
 1666.666667  -802.469136  -0.00005826701707152914
 1666.666667  -679.012346  -0.00006904797205968928
 1666.666667  -555.555556  -0.00008389992607722911
 1666.666667  -432.098765  -0.00010263195420179092
 1666.666667  -308.641975  -0.00012340265438217152
 1666.666667  -185.185185  -0.00014236815384124088
 1666.666667   -61.728395  -0.00015380739969377398
 1666.666667    61.728395  -0.00015380739969373937
 1666.666667   185.185185  -0.00014236815384114867
 1666.666667   308.641975  -0.00012340265438204204
 1666.666667   432.098765  -0.00010263195420163879
 1666.666667   555.555556  -0.00008389992607706610
 1666.666667   679.012346  -0.00006904797205952287
 1666.666667   802.469136  -0.00005826701707135763
 1666.666667   925.925926  -0.00005086172483094639
 1666.666667  1049.382716  -0.00004588047869470608
 1666.666667  1172.839506  -0.00004258163092033718
 1666.666667  1296.296296  -0.00004045569169750882
 1666.666667  1419.753086  -0.00003898633742481585
 1666.666667  1543.209877  -0.00003791503585043696
 1666.666667  1666.666667  -0.00003708916783217238
 1666.666667  1790.123457  -0.00003643671492614184
 1666.666667  1913.580247  -0.00003596269267233336
 1666.666667  2037.037037  -0.00003573012288304793
 1666.666667  2160.493827  -0.00003569873070159515
 1666.666667  2283.950617  -0.00003581940478242289
 1666.666667  2407.407407  -0.00003569431280626655
 1666.666667  2530.864198  -0.00003552404621322070
 1666.666667  2654.320988  -0.00003594515314625460
 1666.666667  2777.777778  -0.00003583277461020611
 1666.666667  2901.234568  -0.00003559300885289418
 1666.666667  3024.691358  -0.00003540297929595268
 1666.666667  3148.148148  -0.00003532254350324898
 1666.666667  3271.604938  -0.00003529516895671550
 1666.666667  3395.061728  -0.00003529495329804105
 1666.666667  3518.518519  -0.00003518770080618296
 1666.666667  3641.975309  -0.00003499286819581361
 1666.666667  3765.432099  -0.00003452002018484043
 1666.666667  3888.888889  -0.00003416938807951534
 1666.666667  4012.345679  -0.00003339972909404397
 1666.666667  4135.802469  -0.00003278319506440998
 1666.666667  4259.259259  -0.00003245040943107172
 1666.666667  4382.716049  -0.00003147954886323016
 1666.666667  4506.172840  -0.00003049871638942300
 1666.666667  4629.629630  -0.00003079783728696086
 1666.666667  4753.086420  -0.00002866709278017575
 1666.666667  4876.543210  -0.00002735411376018300

 1790.123457 -5000.000000  -0.00000648858819860736
 1790.123457 -4876.543210  -0.00002889342642379537
 1790.123457 -4753.086420  -0.00003126439114966466
 1790.123457 -4629.629630  -0.00003346118281125010
 1790.123457 -4506.172840  -0.00003295195709603086
 1790.123457 -4382.716049  -0.00003361546053033946
 1790.123457 -4259.259259  -0.00003439303591922553
 1790.123457 -4135.802469  -0.00003472616433097178
 1790.123457 -4012.345679  -0.00003544753464540473
 1790.123457 -3888.888889  -0.00003635285238338143
 1790.123457 -3765.432099  -0.00003685994186173609
 1790.123457 -3641.975309  -0.00003740121614633570
 1790.123457 -3518.518519  -0.00003759885194513088
 1790.123457 -3395.061728  -0.00003762703089281731
 1790.123457 -3271.604938  -0.00003751402561162728
 1790.123457 -3148.148148  -0.00003748549410409432
 1790.123457 -3024.691358  -0.00003762729678005700
 1790.123457 -2901.234568  -0.00003799833481060398
 1790.123457 -2777.777778  -0.00003847297256511924
 1790.123457 -2654.320988  -0.00003870954045216551
 1790.123457 -2530.864198  -0.00003809905566797714
 1790.123457 -2407.407407  -0.00003848318512253476
 1790.123457 -2283.950617  -0.00003873861358582211
 1790.123457 -2160.493827  -0.00003876577644454992
 1790.123457 -2037.037037  -0.00003897093865191494
 1790.123457 -1913.580247  -0.00003943464573436192
 1790.123457 -1790.123457  -0.00004016319747301153
 1790.123457 -1666.666667  -0.00004110910842044437
 1790.123457 -1543.209877  -0.00004228622356435657
 1790.123457 -1419.753086  -0.00004379638204526932
 1790.123457 -1296.296296  -0.00004581435256286782
 1790.123457 -1172.839506  -0.00004864296379389064
 1790.123457 -1049.382716  -0.00005287846604943698
 1790.123457  -925.925926  -0.00005911302140238367
 1790.123457  -802.469136  -0.00006820560002903971
 1790.123457  -679.012346  -0.00008120500136134920
 1790.123457  -555.555556  -0.00009885182428380632
 1790.123457  -432.098765  -0.00012084901287159957
 1790.123457  -308.641975  -0.00014496969682433142
 1790.123457  -185.185185  -0.00016670262473349339
 1790.123457   -61.728395  -0.00017950721881828760
 1790.123457    61.728395  -0.00017950721881825955
 1790.123457   185.185185  -0.00016670262473341416
 1790.123457   308.641975  -0.00014496969682421975
 1790.123457   432.098765  -0.00012084901287146616
 1790.123457   555.555556  -0.00009885182428366246
 1790.123457   679.012346  -0.00008120500136120144
 1790.123457   802.469136  -0.00006820560002888496
 1790.123457   925.925926  -0.00005911302140222736
 1790.123457  1049.382716  -0.00005287846604927809
 1790.123457  1172.839506  -0.00004864296379372540
 1790.123457  1296.296296  -0.00004581435256269804
 1790.123457  1419.753086  -0.00004379638204509335
 1790.123457  1543.209877  -0.00004228622356417363
 1790.123457  1666.666667  -0.00004110910842025513
 1790.123457  1790.123457  -0.00004016319747281321
 1790.123457  1913.580247  -0.00003943464573415951
 1790.123457  2037.037037  -0.00003897093865170623
 1790.123457  2160.493827  -0.00003876577644433384
 1790.123457  2283.950617  -0.00003873861358559961
 1790.123457  2407.407407  -0.00003848318512230337
 1790.123457  2530.864198  -0.00003809905566774923
 1790.123457  2654.320988  -0.00003870954045192032
 1790.123457  2777.777778  -0.00003847297256486873
 1790.123457  2901.234568  -0.00003799833481035432
 1790.123457  3024.691358  -0.00003762729677980466
 1790.123457  3148.148148  -0.00003748549410383915
 1790.123457  3271.604938  -0.00003751402561136546
 1790.123457  3395.061728  -0.00003762703089254692
 1790.123457  3518.518519  -0.00003759885194485398
 1790.123457  3641.975309  -0.00003740121614605387
 1790.123457  3765.432099  -0.00003685994186145368
 1790.123457  3888.888889  -0.00003635285238310248
 1790.123457  4012.345679  -0.00003544753464512871
 1790.123457  4135.802469  -0.00003472616433069954
 1790.123457  4259.259259  -0.00003439303591895130
 1790.123457  4382.716049  -0.00003361546053006508
 1790.123457  4506.172840  -0.00003295195709575269
 1790.123457  4629.629630  -0.00003346118281095859
 1790.123457  4753.086420  -0.00003126439114938989
 1790.123457  4876.543210  -0.00002889342642354983

 1913.580247 -5000.000000  -0.00000603274286650424
 1913.580247 -4876.543210  -0.00003033320922511703
 1913.580247 -4753.086420  -0.00003384096355817095
 1913.580247 -4629.629630  -0.00003605046548766654
 1913.580247 -4506.172840  -0.00003533969743602356
 1913.580247 -4382.716049  -0.00003566343816738503
 1913.580247 -4259.259259  -0.00003621818848043425
 1913.580247 -4135.802469  -0.00003653413875392158
 1913.580247 -4012.345679  -0.00003734773279172025
 1913.580247 -3888.888889  -0.00003840901827208115
 1913.580247 -3765.432099  -0.00003904070382290394
 1913.580247 -3641.975309  -0.00003962915754359141
 1913.580247 -3518.518519  -0.00003981130285804527
 1913.580247 -3395.061728  -0.00003974770343536077
 1913.580247 -3271.604938  -0.00003952925243107213
 1913.580247 -3148.148148  -0.00003943420049021094
 1913.580247 -3024.691358  -0.00003960853300581317
 1913.580247 -2901.234568  -0.00004013203599339456
 1913.580247 -2777.777778  -0.00004086208661729748
 1913.580247 -2654.320988  -0.00004126372018997335
 1913.580247 -2530.864198  -0.00004036956307170451
 1913.580247 -2407.407407  -0.00004107090611945614
 1913.580247 -2283.950617  -0.00004142814488436468
 1913.580247 -2160.493827  -0.00004162652766243792
 1913.580247 -2037.037037  -0.00004196827758699520
 1913.580247 -1913.580247  -0.00004263000288450336
 1913.580247 -1790.123457  -0.00004354776343733166
 1913.580247 -1666.666667  -0.00004472563480576823
 1913.580247 -1543.209877  -0.00004618939649417796
 1913.580247 -1419.753086  -0.00004805226579319048
 1913.580247 -1296.296296  -0.00005051750760758953
 1913.580247 -1172.839506  -0.00005392875651863520
 1913.580247 -1049.382716  -0.00005891490549280004
 1913.580247  -925.925926  -0.00006613904886645519
 1913.580247  -802.469136  -0.00007653539244397535
 1913.580247  -679.012346  -0.00009121604605647145
 1913.580247  -555.555556  -0.00011092959327030197
 1913.580247  -432.098765  -0.00013528589872868296
 1913.580247  -308.641975  -0.00016175485332222582
 1913.580247  -185.185185  -0.00018532777766877171
 1913.580247   -61.728395  -0.00019889205850774595
 1913.580247    61.728395  -0.00019889205850772624
 1913.580247   185.185185  -0.00018532777766870620
 1913.580247   308.641975  -0.00016175485332212982
 1913.580247   432.098765  -0.00013528589872856473
 1913.580247   555.555556  -0.00011092959327017150
 1913.580247   679.012346  -0.00009121604605634036
 1913.580247   802.469136  -0.00007653539244383758
 1913.580247   925.925926  -0.00006613904886631421
 1913.580247  1049.382716  -0.00005891490549265473
 1913.580247  1172.839506  -0.00005392875651848381
 1913.580247  1296.296296  -0.00005051750760743481
 1913.580247  1419.753086  -0.00004805226579302934
 1913.580247  1543.209877  -0.00004618939649400975
 1913.580247  1666.666667  -0.00004472563480559397
 1913.580247  1790.123457  -0.00004354776343714856
 1913.580247  1913.580247  -0.00004263000288431695
 1913.580247  2037.037037  -0.00004196827758680196
 1913.580247  2160.493827  -0.00004162652766223767
 1913.580247  2283.950617  -0.00004142814488415820
 1913.580247  2407.407407  -0.00004107090611924071
 1913.580247  2530.864198  -0.00004036956307149331
 1913.580247  2654.320988  -0.00004126372018974593
 1913.580247  2777.777778  -0.00004086208661706486
 1913.580247  2901.234568  -0.00004013203599316215
 1913.580247  3024.691358  -0.00003960853300557805
 1913.580247  3148.148148  -0.00003943420048997189
 1913.580247  3271.604938  -0.00003952925243082648
 1913.580247  3395.061728  -0.00003974770343510637
 1913.580247  3518.518519  -0.00003981130285778450
 1913.580247  3641.975309  -0.00003962915754332595
 1913.580247  3765.432099  -0.00003904070382263814
 1913.580247  3888.888889  -0.00003840901827181915
 1913.580247  4012.345679  -0.00003734773279146079
 1913.580247  4135.802469  -0.00003653413875366545
 1913.580247  4259.259259  -0.00003621818848017598
 1913.580247  4382.716049  -0.00003566343816712649
 1913.580247  4506.172840  -0.00003533969743576116
 1913.580247  4629.629630  -0.00003605046548739077
 1913.580247  4753.086420  -0.00003384096355791050
 1913.580247  4876.543210  -0.00003033320922488483

 2037.037037 -5000.000000  -0.00000520137313473277
 2037.037037 -4876.543210  -0.00003000675400827403
 2037.037037 -4753.086420  -0.00003473213349478876
 2037.037037 -4629.629630  -0.00003687365589323684
 2037.037037 -4506.172840  -0.00003601632001493458
 2037.037037 -4382.716049  -0.00003593212943306420
 2037.037037 -4259.259259  -0.00003621146312044225
 2037.037037 -4135.802469  -0.00003651809088627715
 2037.037037 -4012.345679  -0.00003742364102697722
 2037.037037 -3888.888889  -0.00003860587102998630
 2037.037037 -3765.432099  -0.00003939509323154181
 2037.037037 -3641.975309  -0.00004004142156677824
 2037.037037 -3518.518519  -0.00004019226232250361
 2037.037037 -3395.061728  -0.00004002914015439651
 2037.037037 -3271.604938  -0.00003968356331960597
 2037.037037 -3148.148148  -0.00003951228286220720
 2037.037037 -3024.691358  -0.00003971565096970579
 2037.037037 -2901.234568  -0.00004038551054511575
 2037.037037 -2777.777778  -0.00004136412858400346
 2037.037037 -2654.320988  -0.00004189432115024308
 2037.037037 -2530.864198  -0.00004070853436290045
 2037.037037 -2407.407407  -0.00004213096513683808
 2037.037037 -2283.950617  -0.00004251368787208835
 2037.037037 -2160.493827  -0.00004285122178344152
 2037.037037 -2037.037037  -0.00004329132786203765
 2037.037037 -1913.580247  -0.00004414384824629954
 2037.037037 -1790.123457  -0.00004519377678741928
 2037.037037 -1666.666667  -0.00004652044241973626
 2037.037037 -1543.209877  -0.00004817187505580089
 2037.037037 -1419.753086  -0.00005029285198902461
 2037.037037 -1296.296296  -0.00005307145128445670
 2037.037037 -1172.839506  -0.00005689400698851898
 2037.037037 -1049.382716  -0.00006240722744317797
 2037.037037  -925.925926  -0.00007030235384695282
 2037.037037  -802.469136  -0.00008155845143184589
 2037.037037  -679.012346  -0.00009729610373120342
 2037.037037  -555.555556  -0.00011826502461397539
 2037.037037  -432.098765  -0.00014398921924976292
 2037.037037  -308.641975  -0.00017173976051140010
 2037.037037  -185.185185  -0.00019621999361998428
 2037.037037   -61.728395  -0.00021000621031263739
 2037.037037    61.728395  -0.00021000621031262178
 2037.037037   185.185185  -0.00019621999361992714
 2037.037037   308.641975  -0.00017173976051131705
 2037.037037   432.098765  -0.00014398921924966066
 2037.037037   555.555556  -0.00011826502461386218
 2037.037037   679.012346  -0.00009729610373108864
 2037.037037   802.469136  -0.00008155845143172125
 2037.037037   925.925926  -0.00007030235384682519
 2037.037037  1049.382716  -0.00006240722744304721
 2037.037037  1172.839506  -0.00005689400698837920
 2037.037037  1296.296296  -0.00005307145128431592
 2037.037037  1419.753086  -0.00005029285198887764
 2037.037037  1543.209877  -0.00004817187505564748
 2037.037037  1666.666667  -0.00004652044241957691
 2037.037037  1790.123457  -0.00004519377678725133
 2037.037037  1913.580247  -0.00004414384824612766
 2037.037037  2037.037037  -0.00004329132786185953
 2037.037037  2160.493827  -0.00004285122178325639
 2037.037037  2283.950617  -0.00004251368787189740
 2037.037037  2407.407407  -0.00004213096513663845
 2037.037037  2530.864198  -0.00004070853436270627
 2037.037037  2654.320988  -0.00004189432115003363
 2037.037037  2777.777778  -0.00004136412858378927
 2037.037037  2901.234568  -0.00004038551054490123
 2037.037037  3024.691358  -0.00003971565096948866
 2037.037037  3148.148148  -0.00003951228286198620
 2037.037037  3271.604938  -0.00003968356331937895
 2037.037037  3395.061728  -0.00004002914015416047
 2037.037037  3518.518519  -0.00004019226232226134
 2037.037037  3641.975309  -0.00004004142156653107
 2037.037037  3765.432099  -0.00003939509323129508
 2037.037037  3888.888889  -0.00003860587102974350
 2037.037037  4012.345679  -0.00003742364102673628
 2037.037037  4135.802469  -0.00003651809088603933
 2037.037037  4259.259259  -0.00003621146312020283
 2037.037037  4382.716049  -0.00003593212943282343
 2037.037037  4506.172840  -0.00003601632001469012
 2037.037037  4629.629630  -0.00003687365589297930
 2037.037037  4753.086420  -0.00003473213349454528
 2037.037037  4876.543210  -0.00003000675400805764

 2160.493827 -5000.000000  -0.00000479319995117999
 2160.493827 -4876.543210  -0.00003207511820766034
 2160.493827 -4753.086420  -0.00003806135548049122
 2160.493827 -4629.629630  -0.00004021916809031109
 2160.493827 -4506.172840  -0.00003908574465743876
 2160.493827 -4382.716049  -0.00003860444004187794
 2160.493827 -4259.259259  -0.00003862811968833219
 2160.493827 -4135.802469  -0.00003890564280853902
 2160.493827 -4012.345679  -0.00003990800941878945
 2160.493827 -3888.888889  -0.00004126106024557963
 2160.493827 -3765.432099  -0.00004220007904205686
 2160.493827 -3641.975309  -0.00004286847867020730
 2160.493827 -3518.518519  -0.00004299646025422515
 2160.493827 -3395.061728  -0.00004271458768805242
 2160.493827 -3271.604938  -0.00004222685051943202
 2160.493827 -3148.148148  -0.00004196066692395097
 2160.493827 -3024.691358  -0.00004219153558537185
 2160.493827 -2901.234568  -0.00004302640805786001
 2160.493827 -2777.777778  -0.00004426606821624594
 2160.493827 -2654.320988  -0.00004493900516966421
 2160.493827 -2530.864198  -0.00004341601047817585
 2160.493827 -2407.407407  -0.00004502735591252162
 2160.493827 -2283.950617  -0.00004548084092098347
 2160.493827 -2160.493827  -0.00004596180827939064
 2160.493827 -2037.037037  -0.00004649707125534371
 2160.493827 -1913.580247  -0.00004748030684286053
 2160.493827 -1790.123457  -0.00004863701492809447
 2160.493827 -1666.666667  -0.00005009532500471118
 2160.493827 -1543.209877  -0.00005191224963239836
 2160.493827 -1419.753086  -0.00005423891606233422
 2160.493827 -1296.296296  -0.00005729722077150474
 2160.493827 -1172.839506  -0.00006147944801641485
 2160.493827 -1049.382716  -0.00006741880298643785
 2160.493827  -925.925926  -0.00007586352206598346
 2160.493827  -802.469136  -0.00008778875519236101
 2160.493827  -679.012346  -0.00010432837511555253
 2160.493827  -555.555556  -0.00012619170680125508
 2160.493827  -432.098765  -0.00015282900530514076
 2160.493827  -308.641975  -0.00018134019267935817
 2160.493827  -185.185185  -0.00020621831057600270
 2160.493827   -61.728395  -0.00021988799205756226
 2160.493827    61.728395  -0.00021988799205754992
 2160.493827   185.185185  -0.00020621831057595364
 2160.493827   308.641975  -0.00018134019267928905
 2160.493827   432.098765  -0.00015282900530505476
 2160.493827   555.555556  -0.00012619170680115721
 2160.493827   679.012346  -0.00010432837511545258
 2160.493827   802.469136  -0.00008778875519225061
 2160.493827   925.925926  -0.00007586352206586930
 2160.493827  1049.382716  -0.00006741880298631966
 2160.493827  1172.839506  -0.00006147944801628874
 2160.493827  1296.296296  -0.00005729722077137658
 2160.493827  1419.753086  -0.00005423891606220098
 2160.493827  1543.209877  -0.00005191224963225860
 2160.493827  1666.666667  -0.00005009532500456545
 2160.493827  1790.123457  -0.00004863701492794014
 2160.493827  1913.580247  -0.00004748030684270305
 2160.493827  2037.037037  -0.00004649707125517977
 2160.493827  2160.493827  -0.00004596180827922000
 2160.493827  2283.950617  -0.00004548084092080713
 2160.493827  2407.407407  -0.00004502735591233764
 2160.493827  2530.864198  -0.00004341601047799705
 2160.493827  2654.320988  -0.00004493900516947155
 2160.493827  2777.777778  -0.00004426606821604830
 2160.493827  2901.234568  -0.00004302640805766230
 2160.493827  3024.691358  -0.00004219153558517134
 2160.493827  3148.148148  -0.00004196066692374619
 2160.493827  3271.604938  -0.00004222685051922079
 2160.493827  3395.061728  -0.00004271458768783261
 2160.493827  3518.518519  -0.00004299646025399911
 2160.493827  3641.975309  -0.00004286847866997650
 2160.493827  3765.432099  -0.00004220007904182595
 2160.493827  3888.888889  -0.00004126106024535275
 2160.493827  4012.345679  -0.00003990800941856450
 2160.493827  4135.802469  -0.00003890564280831690
 2160.493827  4259.259259  -0.00003862811968810749
 2160.493827  4382.716049  -0.00003860444004165214
 2160.493827  4506.172840  -0.00003908574465720838
 2160.493827  4629.629630  -0.00004021916809006796
 2160.493827  4753.086420  -0.00003806135548026125
 2160.493827  4876.543210  -0.00003207511820745630

 2283.950617 -5000.000000  -0.00000422935094794712
 2283.950617 -4876.543210  -0.00003293939923790150
 2283.950617 -4753.086420  -0.00004025789273386749
 2283.950617 -4629.629630  -0.00004245957765976781
 2283.950617 -4506.172840  -0.00004103177500421665
 2283.950617 -4382.716049  -0.00004006692935735015
 2283.950617 -4259.259259  -0.00003980432206473010
 2283.950617 -4135.802469  -0.00004009239246258502
 2283.950617 -4012.345679  -0.00004123005284046884
 2283.950617 -3888.888889  -0.00004269437743492003
 2283.950617 -3765.432099  -0.00004387581254786164
 2283.950617 -3641.975309  -0.00004463926824114071
 2283.950617 -3518.518519  -0.00004474963385218209
 2283.950617 -3395.061728  -0.00004433594704162201
 2283.950617 -3271.604938  -0.00004363311734478730
 2283.950617 -3148.148148  -0.00004326023471201741
 2283.950617 -3024.691358  -0.00004356717937085228
 2283.950617 -2901.234568  -0.00004463081664514564
 2283.950617 -2777.777778  -0.00004609257342250827
 2283.950617 -2654.320988  -0.00004676400974976060
 2283.950617 -2530.864198  -0.00004495684642024386
 2283.950617 -2407.407407  -0.00004672961259906935
 2283.950617 -2283.950617  -0.00004717305923435548
 2283.950617 -2160.493827  -0.00004768582182220998
 2283.950617 -2037.037037  -0.00004832294574702964
 2283.950617 -1913.580247  -0.00004943757103244083
 2283.950617 -1790.123457  -0.00005068798109595099
 2283.950617 -1666.666667  -0.00005220183271622115
 2283.950617 -1543.209877  -0.00005407884167699214
 2283.950617 -1419.753086  -0.00005653144513607313
 2283.950617 -1296.296296  -0.00005973998954359925
 2283.950617 -1172.839506  -0.00006408939986599530
 2283.950617 -1049.382716  -0.00007025971128529061
 2283.950617  -925.925926  -0.00007895893854472693
 2283.950617  -802.469136  -0.00009114984867040410
 2283.950617  -679.012346  -0.00010790686168284294
 2283.950617  -555.555556  -0.00012988757404596975
 2283.950617  -432.098765  -0.00015646313519882267
 2283.950617  -308.641975  -0.00018467805642157336
 2283.950617  -185.185185  -0.00020906434692369449
 2283.950617   -61.728395  -0.00022219603057852387
 2283.950617    61.728395  -0.00022219603057851259
 2283.950617   185.185185  -0.00020906434692365288
 2283.950617   308.641975  -0.00018467805642151494
 2283.950617   432.098765  -0.00015646313519874916
 2283.950617   555.555556  -0.00012988757404588426
 2283.950617   679.012346  -0.00010790686168275514
 2283.950617   802.469136  -0.00009114984867030359
 2283.950617   925.925926  -0.00007895893854462391
 2283.950617  1049.382716  -0.00007025971128518531
 2283.950617  1172.839506  -0.00006408939986588051
 2283.950617  1296.296296  -0.00005973998954348323
 2283.950617  1419.753086  -0.00005653144513595187
 2283.950617  1543.209877  -0.00005407884167686437
 2283.950617  1666.666667  -0.00005220183271608750
 2283.950617  1790.123457  -0.00005068798109580982
 2283.950617  1913.580247  -0.00004943757103229642
 2283.950617  2037.037037  -0.00004832294574687865
 2283.950617  2160.493827  -0.00004768582182205203
 2283.950617  2283.950617  -0.00004717305923419244
 2283.950617  2407.407407  -0.00004672961259889916
 2283.950617  2530.864198  -0.00004495684642007891
 2283.950617  2654.320988  -0.00004676400974958298
 2283.950617  2777.777778  -0.00004609257342232555
 2283.950617  2901.234568  -0.00004463081664496307
 2283.950617  3024.691358  -0.00004356717937066652
 2283.950617  3148.148148  -0.00004326023471182754
 2283.950617  3271.604938  -0.00004363311734459064
 2283.950617  3395.061728  -0.00004433594704141720
 2283.950617  3518.518519  -0.00004474963385197141
 2283.950617  3641.975309  -0.00004463926824092486
 2283.950617  3765.432099  -0.00004387581254764681
 2283.950617  3888.888889  -0.00004269437743470891
 2283.950617  4012.345679  -0.00004123005284025926
 2283.950617  4135.802469  -0.00004009239246237799
 2283.950617  4259.259259  -0.00003980432206452045
 2283.950617  4382.716049  -0.00004006692935713910
 2283.950617  4506.172840  -0.00004103177500400052
 2283.950617  4629.629630  -0.00004245957765953920
 2283.950617  4753.086420  -0.00004025789273365067
 2283.950617  4876.543210  -0.00003293939923770984

 2407.407407 -5000.000000  -0.00000395261726944492
 2407.407407 -4876.543210  -0.00003622924431383649
 2407.407407 -4753.086420  -0.00004512827243089579
 2407.407407 -4629.629630  -0.00004741187070637427
 2407.407407 -4506.172840  -0.00004563495836102641
 2407.407407 -4382.716049  -0.00004421235248962699
 2407.407407 -4259.259259  -0.00004368050672192380
 2407.407407 -4135.802469  -0.00004397146911217034
 2407.407407 -4012.345679  -0.00004525526995340074
 2407.407407 -3888.888889  -0.00004695403552259767
 2407.407407 -3765.432099  -0.00004829100729218064
 2407.407407 -3641.975309  -0.00004902916710282135
 2407.407407 -3518.518519  -0.00004910180936747300
 2407.407407 -3395.061728  -0.00004852013672318760
 2407.407407 -3271.604938  -0.00004765373403217466
 2407.407407 -3148.148148  -0.00004716110657406219
 2407.407407 -3024.691358  -0.00004750131334032894
 2407.407407 -2901.234568  -0.00004877300771027175
 2407.407407 -2777.777778  -0.00005053731539339897
 2407.407407 -2654.320988  -0.00005131865996393651
 2407.407407 -2530.864198  -0.00004876485928765719
 2407.407407 -2407.407407  -0.00004970361345086621
 2407.407407 -2283.950617  -0.00005009060652113145
 2407.407407 -2160.493827  -0.00005068495779849597
 2407.407407 -2037.037037  -0.00005142465499674001
 2407.407407 -1913.580247  -0.00005261100663348248
 2407.407407 -1790.123457  -0.00005391478407394244
 2407.407407 -1666.666667  -0.00005547119577467932
 2407.407407 -1543.209877  -0.00005739348832698942
 2407.407407 -1419.753086  -0.00005989117327284606
 2407.407407 -1296.296296  -0.00006317165419051043
 2407.407407 -1172.839506  -0.00006763140352988647
 2407.407407 -1049.382716  -0.00007389322899671979
 2407.407407  -925.925926  -0.00008265779736324317
 2407.407407  -802.469136  -0.00009480896867314322
 2407.407407  -679.012346  -0.00011135099420627245
 2407.407407  -555.555556  -0.00013281681012913469
 2407.407407  -432.098765  -0.00015850673557551382
 2407.407407  -308.641975  -0.00018550472710410484
 2407.407407  -185.185185  -0.00020857190157059358
 2407.407407   -61.728395  -0.00022076147031923425
 2407.407407    61.728395  -0.00022076147031922132
 2407.407407   185.185185  -0.00020857190157055335
 2407.407407   308.641975  -0.00018550472710405071
 2407.407407   432.098765  -0.00015850673557544600
 2407.407407   555.555556  -0.00013281681012905776
 2407.407407   679.012346  -0.00011135099420619409
 2407.407407   802.469136  -0.00009480896867305338
 2407.407407   925.925926  -0.00008265779736315076
 2407.407407  1049.382716  -0.00007389322899662444
 2407.407407  1172.839506  -0.00006763140352978174
 2407.407407  1296.296296  -0.00006317165419040449
 2407.407407  1419.753086  -0.00005989117327273459
 2407.407407  1543.209877  -0.00005739348832687142
 2407.407407  1666.666667  -0.00005547119577455624
 2407.407407  1790.123457  -0.00005391478407381111
 2407.407407  1913.580247  -0.00005261100663334971
 2407.407407  2037.037037  -0.00005142465499660067
 2407.407407  2160.493827  -0.00005068495779834983
 2407.407407  2283.950617  -0.00005009060652097975
 2407.407407  2407.407407  -0.00004970361345070697
 2407.407407  2530.864198  -0.00004876485928749874
 2407.407407  2654.320988  -0.00005131865996376395
 2407.407407  2777.777778  -0.00005053731539322120
 2407.407407  2901.234568  -0.00004877300771009494
 2407.407407  3024.691358  -0.00004750131334014859
 2407.407407  3148.148148  -0.00004716110657387878
 2407.407407  3271.604938  -0.00004765373403198433
 2407.407407  3395.061728  -0.00004852013672298903
 2407.407407  3518.518519  -0.00004910180936726784
 2407.407407  3641.975309  -0.00004902916710261130
 2407.407407  3765.432099  -0.00004829100729197105
 2407.407407  3888.888889  -0.00004695403552239226
 2407.407407  4012.345679  -0.00004525526995319639
 2407.407407  4135.802469  -0.00004397146911196893
 2407.407407  4259.259259  -0.00004368050672171915
 2407.407407  4382.716049  -0.00004421235248942028
 2407.407407  4506.172840  -0.00004563495836081529
 2407.407407  4629.629630  -0.00004741187070614996
 2407.407407  4753.086420  -0.00004512827243068240
 2407.407407  4876.543210  -0.00003622924431364832

 2530.864198 -5000.000000  -0.00000075786449628969
 2530.864198 -4876.543210  -0.00002568149985185659
 2530.864198 -4753.086420  -0.00003633835486104924
 2530.864198 -4629.629630  -0.00003797774428025866
 2530.864198 -4506.172840  -0.00003646427957313819
 2530.864198 -4382.716049  -0.00003430577541307852
 2530.864198 -4259.259259  -0.00003319055843171506
 2530.864198 -4135.802469  -0.00003352177253422322
 2530.864198 -4012.345679  -0.00003501997862213842
 2530.864198 -3888.888889  -0.00003674343801316479
 2530.864198 -3765.432099  -0.00003815182688971970
 2530.864198 -3641.975309  -0.00003906449434447215
 2530.864198 -3518.518519  -0.00003887709856829556
 2530.864198 -3395.061728  -0.00003824644787958236
 2530.864198 -3271.604938  -0.00003710004992502606
 2530.864198 -3148.148148  -0.00003655719687215501
 2530.864198 -3024.691358  -0.00003695811666848062
 2530.864198 -2901.234568  -0.00003841325990772142
 2530.864198 -2777.777778  -0.00004046337426816653
 2530.864198 -2654.320988  -0.00004098076589813274
 2530.864198 -2530.864198  -0.00003749928094699266
 2530.864198 -2407.407407  -0.00004222104239221374
 2530.864198 -2283.950617  -0.00004153882094010119
 2530.864198 -2160.493827  -0.00004218905911405146
 2530.864198 -2037.037037  -0.00004287525362958818
 2530.864198 -1913.580247  -0.00004450686269680829
 2530.864198 -1790.123457  -0.00004572919430651257
 2530.864198 -1666.666667  -0.00004707133359213156
 2530.864198 -1543.209877  -0.00004873408003790524
 2530.864198 -1419.753086  -0.00005104567830069898
 2530.864198 -1296.296296  -0.00005396166171796771
 2530.864198 -1172.839506  -0.00005812627175535605
 2530.864198 -1049.382716  -0.00006392524305818840
 2530.864198  -925.925926  -0.00007206222330931540
 2530.864198  -802.469136  -0.00008313377005244587
 2530.864198  -679.012346  -0.00009793171057827112
 2530.864198  -555.555556  -0.00011679385734812009
 2530.864198  -432.098765  -0.00013905408022677835
 2530.864198  -308.641975  -0.00016220065357309794
 2530.864198  -185.185185  -0.00018190841572483465
 2530.864198   -61.728395  -0.00019258928034549813
 2530.864198    61.728395  -0.00019258928034547579
 2530.864198   185.185185  -0.00018190841572479380
 2530.864198   308.641975  -0.00016220065357304260
 2530.864198   432.098765  -0.00013905408022671180
 2530.864198   555.555556  -0.00011679385734804575
 2530.864198   679.012346  -0.00009793171057819243
 2530.864198   802.469136  -0.00008313377005235880
 2530.864198   925.925926  -0.00007206222330922688
 2530.864198  1049.382716  -0.00006392524305809822
 2530.864198  1172.839506  -0.00005812627175525876
 2530.864198  1296.296296  -0.00005396166171786980
 2530.864198  1419.753086  -0.00005104567830059679
 2530.864198  1543.209877  -0.00004873408003779682
 2530.864198  1666.666667  -0.00004707133359201859
 2530.864198  1790.123457  -0.00004572919430639130
 2530.864198  1913.580247  -0.00004450686269668350
 2530.864198  2037.037037  -0.00004287525362945869
 2530.864198  2160.493827  -0.00004218905911391433
 2530.864198  2283.950617  -0.00004153882093995864
 2530.864198  2407.407407  -0.00004222104239206214
 2530.864198  2530.864198  -0.00003749928094685502
 2530.864198  2654.320988  -0.00004098076589798090
 2530.864198  2777.777778  -0.00004046337426801033
 2530.864198  2901.234568  -0.00003841325990756610
 2530.864198  3024.691358  -0.00003695811666832209
 2530.864198  3148.148148  -0.00003655719687199307
 2530.864198  3271.604938  -0.00003710004992485755
 2530.864198  3395.061728  -0.00003824644787940526
 2530.864198  3518.518519  -0.00003887709856811383
 2530.864198  3641.975309  -0.00003906449434428598
 2530.864198  3765.432099  -0.00003815182688953451
 2530.864198  3888.888889  -0.00003674343801298303
 2530.864198  4012.345679  -0.00003501997862195844
 2530.864198  4135.802469  -0.00003352177253404642
 2530.864198  4259.259259  -0.00003319055843153563
 2530.864198  4382.716049  -0.00003430577541289382
 2530.864198  4506.172840  -0.00003646427957294734
 2530.864198  4629.629630  -0.00003797774428005624
 2530.864198  4753.086420  -0.00003633835486085742
 2530.864198  4876.543210  -0.00002568149985169623

 2654.320988 -5000.000000  -0.00000382891706903462
 2654.320988 -4876.543210  -0.00004831348476496370
 2654.320988 -4753.086420  -0.00005982307913315348
 2654.320988 -4629.629630  -0.00006186110676594948
 2654.320988 -4506.172840  -0.00005908337450655960
 2654.320988 -4382.716049  -0.00005687517294275156
 2654.320988 -4259.259259  -0.00005568621702553572
 2654.320988 -4135.802469  -0.00005559810415060804
 2654.320988 -4012.345679  -0.00005734254104878659
 2654.320988 -3888.888889  -0.00005971024844971199
 2654.320988 -3765.432099  -0.00006096168039672617
 2654.320988 -3641.975309  -0.00006201609063698987
 2654.320988 -3518.518519  -0.00006166931466054544
 2654.320988 -3395.061728  -0.00006099285223877927
 2654.320988 -3271.604938  -0.00005952203727064240
 2654.320988 -3148.148148  -0.00005886200039033804
 2654.320988 -3024.691358  -0.00005930872881532129
 2654.320988 -2901.234568  -0.00006108546581821450
 2654.320988 -2777.777778  -0.00006356750555929425
 2654.320988 -2654.320988  -0.00006416322969164369
 2654.320988 -2530.864198  -0.00006003178847870994
 2654.320988 -2407.407407  -0.00006453020199826971
 2654.320988 -2283.950617  -0.00006375846137910652
 2654.320988 -2160.493827  -0.00006474038740862926
 2654.320988 -2037.037037  -0.00006551258730499632
 2654.320988 -1913.580247  -0.00006724646933710419
 2654.320988 -1790.123457  -0.00006853916970470367
 2654.320988 -1666.666667  -0.00007007188082845492
 2654.320988 -1543.209877  -0.00007196342443411344
 2654.320988 -1419.753086  -0.00007443322961421986
 2654.320988 -1296.296296  -0.00007762393829111307
 2654.320988 -1172.839506  -0.00008213849069420774
 2654.320988 -1049.382716  -0.00008824964072662970
 2654.320988  -925.925926  -0.00009673746179411112
 2654.320988  -802.469136  -0.00010807564865922316
 2654.320988  -679.012346  -0.00012295310975765205
 2654.320988  -555.555556  -0.00014152049653404775
 2654.320988  -432.098765  -0.00016294782252359848
 2654.320988  -308.641975  -0.00018471515281549543
 2654.320988  -185.185185  -0.00020282188747490566
 2654.320988   -61.728395  -0.00021243486593106872
 2654.320988    61.728395  -0.00021243486593104901
 2654.320988   185.185185  -0.00020282188747486497
 2654.320988   308.641975  -0.00018471515281544436
 2654.320988   432.098765  -0.00016294782252353933
 2654.320988   555.555556  -0.00014152049653398292
 2654.320988   679.012346  -0.00012295310975758681
 2654.320988   802.469136  -0.00010807564865914960
 2654.320988   925.925926  -0.00009673746179403599
 2654.320988  1049.382716  -0.00008824964072655234
 2654.320988  1172.839506  -0.00008213849069412263
 2654.320988  1296.296296  -0.00007762393829102769
 2654.320988  1419.753086  -0.00007443322961413067
 2654.320988  1543.209877  -0.00007196342443401790
 2654.320988  1666.666667  -0.00007007188082835466
 2654.320988  1790.123457  -0.00006853916970459458
 2654.320988  1913.580247  -0.00006724646933699342
 2654.320988  2037.037037  -0.00006551258730487936
 2654.320988  2160.493827  -0.00006474038740850544
 2654.320988  2283.950617  -0.00006375846137897839
 2654.320988  2407.407407  -0.00006453020199813067
 2654.320988  2530.864198  -0.00006003178847857321
 2654.320988  2654.320988  -0.00006416322969150200
 2654.320988  2777.777778  -0.00006356750555915168
 2654.320988  2901.234568  -0.00006108546581807177
 2654.320988  3024.691358  -0.00005930872881517112
 2654.320988  3148.148148  -0.00005886200039018285
 2654.320988  3271.604938  -0.00005952203727047840
 2654.320988  3395.061728  -0.00006099285223860543
 2654.320988  3518.518519  -0.00006166931466036758
 2654.320988  3641.975309  -0.00006201609063680744
 2654.320988  3765.432099  -0.00006096168039654589
 2654.320988  3888.888889  -0.00005971024844953706
 2654.320988  4012.345679  -0.00005734254104861382
 2654.320988  4135.802469  -0.00005559810415043900
 2654.320988  4259.259259  -0.00005568621702536298
 2654.320988  4382.716049  -0.00005687517294257256
 2654.320988  4506.172840  -0.00005908337450637288
 2654.320988  4629.629630  -0.00006186110676574963
 2654.320988  4753.086420  -0.00005982307913296276
 2654.320988  4876.543210  -0.00004831348476480378

 2777.777778 -5000.000000  -0.00000270489831431824
 2777.777778 -4876.543210  -0.00004684319468999620
 2777.777778 -4753.086420  -0.00006006730177424559
 2777.777778 -4629.629630  -0.00006207643242150735
 2777.777778 -4506.172840  -0.00005905465184417124
 2777.777778 -4382.716049  -0.00005619089162771846
 2777.777778 -4259.259259  -0.00005460039981017559
 2777.777778 -4135.802469  -0.00005455353159409440
 2777.777778 -4012.345679  -0.00005644550762777160
 2777.777778 -3888.888889  -0.00005889926593121011
 2777.777778 -3765.432099  -0.00006045168563828355
 2777.777778 -3641.975309  -0.00006166866385470887
 2777.777778 -3518.518519  -0.00006126235975087718
 2777.777778 -3395.061728  -0.00006041457122442993
 2777.777778 -3271.604938  -0.00005869472402499753
 2777.777778 -3148.148148  -0.00005787828976335410
 2777.777778 -3024.691358  -0.00005834831697803691
 2777.777778 -2901.234568  -0.00006034227560951821
 2777.777778 -2777.777778  -0.00006307090068781406
 2777.777778 -2654.320988  -0.00006368767496558017
 2777.777778 -2530.864198  -0.00005897895446246371
 2777.777778 -2407.407407  -0.00006318465932302372
 2777.777778 -2283.950617  -0.00006251831161110687
 2777.777778 -2160.493827  -0.00006338338342959375
 2777.777778 -2037.037037  -0.00006414371896432373
 2777.777778 -1913.580247  -0.00006584086484075956
 2777.777778 -1790.123457  -0.00006709345281680305
 2777.777778 -1666.666667  -0.00006851285227276099
 2777.777778 -1543.209877  -0.00007026590023378886
 2777.777778 -1419.753086  -0.00007261560760443846
 2777.777778 -1296.296296  -0.00007558217596711079
 2777.777778 -1172.839506  -0.00007969048408841340
 2777.777778 -1049.382716  -0.00008517096939693273
 2777.777778  -925.925926  -0.00009263505394121607
 2777.777778  -802.469136  -0.00010237674314302143
 2777.777778  -679.012346  -0.00011485332575357096
 2777.777778  -555.555556  -0.00013002471453662238
 2777.777778  -432.098765  -0.00014710849027429167
 2777.777778  -308.641975  -0.00016410117639480192
 2777.777778  -185.185185  -0.00017800388718306229
 2777.777778   -61.728395  -0.00018530772790576190
 2777.777778    61.728395  -0.00018530772790575147
 2777.777778   185.185185  -0.00017800388718303299
 2777.777778   308.641975  -0.00016410117639476226
 2777.777778   432.098765  -0.00014710849027424309
 2777.777778   555.555556  -0.00013002471453656933
 2777.777778   679.012346  -0.00011485332575351537
 2777.777778   802.469136  -0.00010237674314295877
 2777.777778   925.925926  -0.00009263505394115110
 2777.777778  1049.382716  -0.00008517096939686530
 2777.777778  1172.839506  -0.00007969048408833736
 2777.777778  1296.296296  -0.00007558217596703545
 2777.777778  1419.753086  -0.00007261560760435848
 2777.777778  1543.209877  -0.00007026590023370181
 2777.777778  1666.666667  -0.00006851285227267023
 2777.777778  1790.123457  -0.00006709345281670377
 2777.777778  1913.580247  -0.00006584086484065922
 2777.777778  2037.037037  -0.00006414371896421679
 2777.777778  2160.493827  -0.00006338338342948105
 2777.777778  2283.950617  -0.00006251831161099008
 2777.777778  2407.407407  -0.00006318465932289853
 2777.777778  2530.864198  -0.00005897895446233504
 2777.777778  2654.320988  -0.00006368767496544743
 2777.777778  2777.777778  -0.00006307090068768130
 2777.777778  2901.234568  -0.00006034227560938601
 2777.777778  3024.691358  -0.00005834831697789707
 2777.777778  3148.148148  -0.00005787828976320843
 2777.777778  3271.604938  -0.00005869472402484274
 2777.777778  3395.061728  -0.00006041457122426597
 2777.777778  3518.518519  -0.00006126235975071026
 2777.777778  3641.975309  -0.00006166866385453809
 2777.777778  3765.432099  -0.00006045168563811592
 2777.777778  3888.888889  -0.00005889926593104801
 2777.777778  4012.345679  -0.00005644550762761187
 2777.777778  4135.802469  -0.00005455353159393853
 2777.777778  4259.259259  -0.00005460039981001583
 2777.777778  4382.716049  -0.00005619089162755170
 2777.777778  4506.172840  -0.00005905465184399574
 2777.777778  4629.629630  -0.00006207643242131904
 2777.777778  4753.086420  -0.00006006730177406551
 2777.777778  4876.543210  -0.00004684319468984713

 2901.234568 -5000.000000  -0.00000008023695864691
 2901.234568 -4876.543210  -0.00003779038761871524
 2901.234568 -4753.086420  -0.00005315089365401263
 2901.234568 -4629.629630  -0.00005491947956952331
 2901.234568 -4506.172840  -0.00005201926651432906
 2901.234568 -4382.716049  -0.00004830192540047568
 2901.234568 -4259.259259  -0.00004617694217052632
 2901.234568 -4135.802469  -0.00004630194745404938
 2901.234568 -4012.345679  -0.00004830074769825612
 2901.234568 -3888.888889  -0.00005072917783271110
 2901.234568 -3765.432099  -0.00005261066441798919
 2901.234568 -3641.975309  -0.00005372995984099218
 2901.234568 -3518.518519  -0.00005331700467955275
 2901.234568 -3395.061728  -0.00005225273113711175
 2901.234568 -3271.604938  -0.00005033596087208357
 2901.234568 -3148.148148  -0.00004934031877494174
 2901.234568 -3024.691358  -0.00004981121887634863
 2901.234568 -2901.234568  -0.00005195648465212768
 2901.234568 -2777.777778  -0.00005489044595677101
 2901.234568 -2654.320988  -0.00005556790199506122
 2901.234568 -2530.864198  -0.00005040786502625892
 2901.234568 -2407.407407  -0.00005458248636762141
 2901.234568 -2283.950617  -0.00005400999460158995
 2901.234568 -2160.493827  -0.00005476038295957480
 2901.234568 -2037.037037  -0.00005544018020429555
 2901.234568 -1913.580247  -0.00005704145773754306
 2901.234568 -1790.123457  -0.00005818057947551978
 2901.234568 -1666.666667  -0.00005942861403336015
 2901.234568 -1543.209877  -0.00006097818905597990
 2901.234568 -1419.753086  -0.00006310476952165093
 2901.234568 -1296.296296  -0.00006570927267393641
 2901.234568 -1172.839506  -0.00006923470491828300
 2901.234568 -1049.382716  -0.00007383511788172078
 2901.234568  -925.925926  -0.00007995152171833534
 2901.234568  -802.469136  -0.00008769576665630954
 2901.234568  -679.012346  -0.00009731012025659482
 2901.234568  -555.555556  -0.00010861846329902360
 2901.234568  -432.098765  -0.00012098414455860459
 2901.234568  -308.641975  -0.00013300368741928745
 2901.234568  -185.185185  -0.00014268173313041236
 2901.234568   -61.728395  -0.00014772615547904716
 2901.234568    61.728395  -0.00014772615547904334
 2901.234568   185.185185  -0.00014268173313039173
 2901.234568   308.641975  -0.00013300368741925767
 2901.234568   432.098765  -0.00012098414455856678
 2901.234568   555.555556  -0.00010861846329898102
 2901.234568   679.012346  -0.00009731012025654908
 2901.234568   802.469136  -0.00008769576665625574
 2901.234568   925.925926  -0.00007995152171827798
 2901.234568  1049.382716  -0.00007383511788166087
 2901.234568  1172.839506  -0.00006923470491821565
 2901.234568  1296.296296  -0.00006570927267386842
 2901.234568  1419.753086  -0.00006310476952157915
 2901.234568  1543.209877  -0.00006097818905590210
 2901.234568  1666.666667  -0.00005942861403327807
 2901.234568  1790.123457  -0.00005818057947543030
 2901.234568  1913.580247  -0.00005704145773745240
 2901.234568  2037.037037  -0.00005544018020419930
 2901.234568  2160.493827  -0.00005476038295947249
 2901.234568  2283.950617  -0.00005400999460148389
 2901.234568  2407.407407  -0.00005458248636750841
 2901.234568  2530.864198  -0.00005040786502614223
 2901.234568  2654.320988  -0.00005556790199494017
 2901.234568  2777.777778  -0.00005489044595664931
 2901.234568  2901.234568  -0.00005195648465200671
 2901.234568  3024.691358  -0.00004981121887622152
 2901.234568  3148.148148  -0.00004934031877480942
 2901.234568  3271.604938  -0.00005033596087194274
 2901.234568  3395.061728  -0.00005225273113696278
 2901.234568  3518.518519  -0.00005331700467940072
 2901.234568  3641.975309  -0.00005372995984083692
 2901.234568  3765.432099  -0.00005261066441783786
 2901.234568  3888.888889  -0.00005072917783256532
 2901.234568  4012.345679  -0.00004830074769811335
 2901.234568  4135.802469  -0.00004630194745391019
 2901.234568  4259.259259  -0.00004617694217038315
 2901.234568  4382.716049  -0.00004830192540032503
 2901.234568  4506.172840  -0.00005201926651416891
 2901.234568  4629.629630  -0.00005491947956935064
 2901.234568  4753.086420  -0.00005315089365384732
 2901.234568  4876.543210  -0.00003779038761858198

 3024.691358 -5000.000000  0.00000198313591499308
 3024.691358 -4876.543210  -0.00003257108107115215
 3024.691358 -4753.086420  -0.00005012392561501815
 3024.691358 -4629.629630  -0.00005171027301155103
 3024.691358 -4506.172840  -0.00004878646775583477
 3024.691358 -4382.716049  -0.00004428052017009195
 3024.691358 -4259.259259  -0.00004164629248064361
 3024.691358 -4135.802469  -0.00004186762099325482
 3024.691358 -4012.345679  -0.00004399497886156984
 3024.691358 -3888.888889  -0.00004652187813550897
 3024.691358 -3765.432099  -0.00004868148118092283
 3024.691358 -3641.975309  -0.00004968836270468279
 3024.691358 -3518.518519  -0.00004925847865116618
 3024.691358 -3395.061728  -0.00004798380938991152
 3024.691358 -3271.604938  -0.00004586175861384249
 3024.691358 -3148.148148  -0.00004467408181788676
 3024.691358 -3024.691358  -0.00004512490814469287
 3024.691358 -2901.234568  -0.00004742159827515054
 3024.691358 -2777.777778  -0.00005062633220407955
 3024.691358 -2654.320988  -0.00005145030806174965
 3024.691358 -2530.864198  -0.00004583883046755790
 3024.691358 -2407.407407  -0.00005002384986884596
 3024.691358 -2283.950617  -0.00004955088399037469
 3024.691358 -2160.493827  -0.00005030093018371744
 3024.691358 -2037.037037  -0.00005088871967573686
 3024.691358 -1913.580247  -0.00005238103643876199
 3024.691358 -1790.123457  -0.00005340028751754482
 3024.691358 -1666.666667  -0.00005453430521466084
 3024.691358 -1543.209877  -0.00005595188123734986
 3024.691358 -1419.753086  -0.00005788463561535409
 3024.691358 -1296.296296  -0.00006019482219882694
 3024.691358 -1172.839506  -0.00006324245932313816
 3024.691358 -1049.382716  -0.00006710040578556023
 3024.691358  -925.925926  -0.00007208363342000326
 3024.691358  -802.469136  -0.00007818396041575819
 3024.691358  -679.012346  -0.00008549489790119576
 3024.691358  -555.555556  -0.00009378746944821391
 3024.691358  -432.098765  -0.00010257094196076079
 3024.691358  -308.641975  -0.00011089373469296686
 3024.691358  -185.185185  -0.00011747434129489426
 3024.691358   -61.728395  -0.00012085768144454689
 3024.691358    61.728395  -0.00012085768144454349
 3024.691358   185.185185  -0.00011747434129487888
 3024.691358   308.641975  -0.00011089373469294321
 3024.691358   432.098765  -0.00010257094196072934
 3024.691358   555.555556  -0.00009378746944817815
 3024.691358   679.012346  -0.00008549489790115731
 3024.691358   802.469136  -0.00007818396041571108
 3024.691358   925.925926  -0.00007208363341995309
 3024.691358  1049.382716  -0.00006710040578550651
 3024.691358  1172.839506  -0.00006324245932307848
 3024.691358  1296.296296  -0.00006019482219876645
 3024.691358  1419.753086  -0.00005788463561528963
 3024.691358  1543.209877  -0.00005595188123728108
 3024.691358  1666.666667  -0.00005453430521458811
 3024.691358  1790.123457  -0.00005340028751746551
 3024.691358  1913.580247  -0.00005238103643868175
 3024.691358  2037.037037  -0.00005088871967565099
 3024.691358  2160.493827  -0.00005030093018362652
 3024.691358  2283.950617  -0.00004955088399027921
 3024.691358  2407.407407  -0.00005002384986874472
 3024.691358  2530.864198  -0.00004583883046745473
 3024.691358  2654.320988  -0.00005145030806164164
 3024.691358  2777.777778  -0.00005062633220397136
 3024.691358  2901.234568  -0.00004742159827504243
 3024.691358  3024.691358  -0.00004512490814457890
 3024.691358  3148.148148  -0.00004467408181776809
 3024.691358  3271.604938  -0.00004586175861371566
 3024.691358  3395.061728  -0.00004798380938977711
 3024.691358  3518.518519  -0.00004925847865102918
 3024.691358  3641.975309  -0.00004968836270454268
 3024.691358  3765.432099  -0.00004868148118078661
 3024.691358  3888.888889  -0.00004652187813537898
 3024.691358  4012.345679  -0.00004399497886144263
 3024.691358  4135.802469  -0.00004186762099313089
 3024.691358  4259.259259  -0.00004164629248051591
 3024.691358  4382.716049  -0.00004428052016995635
 3024.691358  4506.172840  -0.00004878646775568824
 3024.691358  4629.629630  -0.00005171027301139175
 3024.691358  4753.086420  -0.00005012392561486481
 3024.691358  4876.543210  -0.00003257108107103212

 3148.148148 -5000.000000  0.00000283651120474226
 3148.148148 -4876.543210  -0.00003414861715541148
 3148.148148 -4753.086420  -0.00005375340609096876
 3148.148148 -4629.629630  -0.00005533259079938978
 3148.148148 -4506.172840  -0.00005206113668474930
 3148.148148 -4382.716049  -0.00004689202439406403
 3148.148148 -4259.259259  -0.00004382304130174541
 3148.148148 -4135.802469  -0.00004401746963331324
 3148.148148 -4012.345679  -0.00004633269808865287
 3148.148148 -3888.888889  -0.00004909841659555560
 3148.148148 -3765.432099  -0.00005153133465445479
 3148.148148 -3641.975309  -0.00005269651987572930
 3148.148148 -3518.518519  -0.00005219498357161551
 3148.148148 -3395.061728  -0.00005074284013268635
 3148.148148 -3271.604938  -0.00004834360013976652
 3148.148148 -3148.148148  -0.00004696180325386752
 3148.148148 -3024.691358  -0.00004739179169451693
 3148.148148 -2901.234568  -0.00004989481867269811
 3148.148148 -2777.777778  -0.00005345086931382206
 3148.148148 -2654.320988  -0.00005444285432592126
 3148.148148 -2530.864198  -0.00004830580334378646
 3148.148148 -2407.407407  -0.00005266910235249763
 3148.148148 -2283.950617  -0.00005229654173279693
 3148.148148 -2160.493827  -0.00005307807584112390
 3148.148148 -2037.037037  -0.00005359021732662680
 3148.148148 -1913.580247  -0.00005501306255491596
 3148.148148 -1790.123457  -0.00005594506667740356
 3148.148148 -1666.666667  -0.00005700686752952530
 3148.148148 -1543.209877  -0.00005834081483760065
 3148.148148 -1419.753086  -0.00006013556676121635
 3148.148148 -1296.296296  -0.00006223018801521602
 3148.148148 -1172.839506  -0.00006490807016472658
 3148.148148 -1049.382716  -0.00006818442739078675
 3148.148148  -925.925926  -0.00007229059806701402
 3148.148148  -802.469136  -0.00007713818895199773
 3148.148148  -679.012346  -0.00008274023496924614
 3148.148148  -555.555556  -0.00008886276369763014
 3148.148148  -432.098765  -0.00009513871549607738
 3148.148148  -308.641975  -0.00010092714654756092
 3148.148148  -185.185185  -0.00010541296228835993
 3148.148148   -61.728395  -0.00010769421249778981
 3148.148148    61.728395  -0.00010769421249778960
 3148.148148   185.185185  -0.00010541296228834589
 3148.148148   308.641975  -0.00010092714654754049
 3148.148148   432.098765  -0.00009513871549605347
 3148.148148   555.555556  -0.00008886276369759665
 3148.148148   679.012346  -0.00008274023496921601
 3148.148148   802.469136  -0.00007713818895195806
 3148.148148   925.925926  -0.00007229059806697122
 3148.148148  1049.382716  -0.00006818442739074108
 3148.148148  1172.839506  -0.00006490807016467321
 3148.148148  1296.296296  -0.00006223018801516324
 3148.148148  1419.753086  -0.00006013556676116092
 3148.148148  1543.209877  -0.00005834081483754106
 3148.148148  1666.666667  -0.00005700686752946329
 3148.148148  1790.123457  -0.00005594506667733530
 3148.148148  1913.580247  -0.00005501306255484649
 3148.148148  2037.037037  -0.00005359021732655146
 3148.148148  2160.493827  -0.00005307807584104310
 3148.148148  2283.950617  -0.00005229654173271216
 3148.148148  2407.407407  -0.00005266910235240876
 3148.148148  2530.864198  -0.00004830580334369415
 3148.148148  2654.320988  -0.00005444285432582654
 3148.148148  2777.777778  -0.00005345086931372718
 3148.148148  2901.234568  -0.00004989481867260337
 3148.148148  3024.691358  -0.00004739179169441582
 3148.148148  3148.148148  -0.00004696180325376131
 3148.148148  3271.604938  -0.00004834360013965205
 3148.148148  3395.061728  -0.00005074284013256411
 3148.148148  3518.518519  -0.00005219498357149116
 3148.148148  3641.975309  -0.00005269651987560281
 3148.148148  3765.432099  -0.00005153133465433303
 3148.148148  3888.888889  -0.00004909841659544049
 3148.148148  4012.345679  -0.00004633269808854054
 3148.148148  4135.802469  -0.00004401746963320374
 3148.148148  4259.259259  -0.00004382304130163176
 3148.148148  4382.716049  -0.00004689202439394111
 3148.148148  4506.172840  -0.00005206113668461469
 3148.148148  4629.629630  -0.00005533259079924184
 3148.148148  4753.086420  -0.00005375340609082595
 3148.148148  4876.543210  -0.00003414861715530233

 3271.604938 -5000.000000  0.00000243467555522013
 3271.604938 -4876.543210  -0.00004217855952585673
 3271.604938 -4753.086420  -0.00006358240240669675
 3271.604938 -4629.629630  -0.00006534693178407481
 3271.604938 -4506.172840  -0.00006140159178099818
 3271.604938 -4382.716049  -0.00005569749665171530
 3271.604938 -4259.259259  -0.00005229953272276864
 3271.604938 -4135.802469  -0.00005238741530656481
 3271.604938 -4012.345679  -0.00005490960465843188
 3271.604938 -3888.888889  -0.00005802227460530479
 3271.604938 -3765.432099  -0.00006065198890183615
 3271.604938 -3641.975309  -0.00006197152031832572
 3271.604938 -3518.518519  -0.00006139320742826802
 3271.604938 -3395.061728  -0.00005976411283592239
 3271.604938 -3271.604938  -0.00005706478294312070
 3271.604938 -3148.148148  -0.00005548981121735882
 3271.604938 -3024.691358  -0.00005591403746398094
 3271.604938 -2901.234568  -0.00005866016381958089
 3271.604938 -2777.777778  -0.00006259059561851842
 3271.604938 -2654.320988  -0.00006374323633264055
 3271.604938 -2530.864198  -0.00005702478465586925
 3271.604938 -2407.407407  -0.00006163375809734260
 3271.604938 -2283.950617  -0.00006137629104506003
 3271.604938 -2160.493827  -0.00006216225630412749
 3271.604938 -2037.037037  -0.00006261750669545744
 3271.604938 -1913.580247  -0.00006401021461156357
 3271.604938 -1790.123457  -0.00006488849497056863
 3271.604938 -1666.666667  -0.00006589042597884468
 3271.604938 -1543.209877  -0.00006715325993737670
 3271.604938 -1419.753086  -0.00006884999618366776
 3271.604938 -1296.296296  -0.00007077540851711224
 3271.604938 -1172.839506  -0.00007314846742244091
 3271.604938 -1049.382716  -0.00007595490114925610
 3271.604938  -925.925926  -0.00007937599458284550
 3271.604938  -802.469136  -0.00008326684977214662
 3271.604938  -679.012346  -0.00008761763608459596
 3271.604938  -555.555556  -0.00009220519766179876
 3271.604938  -432.098765  -0.00009676327187191162
 3271.604938  -308.641975  -0.00010085915309023727
 3271.604938  -185.185185  -0.00010396637388401808
 3271.604938   -61.728395  -0.00010554612176481055
 3271.604938    61.728395  -0.00010554612176481218
 3271.604938   185.185185  -0.00010396637388400782
 3271.604938   308.641975  -0.00010085915309022029
 3271.604938   432.098765  -0.00009676327187189323
 3271.604938   555.555556  -0.00009220519766176946
 3271.604938   679.012346  -0.00008761763608456997
 3271.604938   802.469136  -0.00008326684977211248
 3271.604938   925.925926  -0.00007937599458280861
 3271.604938  1049.382716  -0.00007595490114921667
 3271.604938  1172.839506  -0.00007314846742239475
 3271.604938  1296.296296  -0.00007077540851706687
 3271.604938  1419.753086  -0.00006884999618362172
 3271.604938  1543.209877  -0.00006715325993732619
 3271.604938  1666.666667  -0.00006589042597879252
 3271.604938  1790.123457  -0.00006488849497051123
 3271.604938  1913.580247  -0.00006401021461150514
 3271.604938  2037.037037  -0.00006261750669539333
 3271.604938  2160.493827  -0.00006216225630405788
 3271.604938  2283.950617  -0.00006137629104498633
 3271.604938  2407.407407  -0.00006163375809726442
 3271.604938  2530.864198  -0.00005702478465578736
 3271.604938  2654.320988  -0.00006374323633255979
 3271.604938  2777.777778  -0.00006259059561843856
 3271.604938  2901.234568  -0.00005866016381949983
 3271.604938  3024.691358  -0.00005591403746389260
 3271.604938  3148.148148  -0.00005548981121726375
 3271.604938  3271.604938  -0.00005706478294301761
 3271.604938  3395.061728  -0.00005976411283581156
 3271.604938  3518.518519  -0.00006139320742815489
 3271.604938  3641.975309  -0.00006197152031821028
 3271.604938  3765.432099  -0.00006065198890172696
 3271.604938  3888.888889  -0.00005802227460520347
 3271.604938  4012.345679  -0.00005490960465833240
 3271.604938  4135.802469  -0.00005238741530646816
 3271.604938  4259.259259  -0.00005229953272266722
 3271.604938  4382.716049  -0.00005569749665160400
 3271.604938  4506.172840  -0.00006140159178087452
 3271.604938  4629.629630  -0.00006534693178393637
 3271.604938  4753.086420  -0.00006358240240656180
 3271.604938  4876.543210  -0.00004217855952575527

 3395.061728 -5000.000000  0.00000158934438841018
 3395.061728 -4876.543210  -0.00005304196085111030
 3395.061728 -4753.086420  -0.00007636901005558322
 3395.061728 -4629.629630  -0.00007842302900765853
 3395.061728 -4506.172840  -0.00007364753605876699
 3395.061728 -4382.716049  -0.00006740583252766364
 3395.061728 -4259.259259  -0.00006366780323329246
 3395.061728 -4135.802469  -0.00006359117582460782
 3395.061728 -4012.345679  -0.00006640634121681526
 3395.061728 -3888.888889  -0.00006993532943725473
 3395.061728 -3765.432099  -0.00007282281099244215
 3395.061728 -3641.975309  -0.00007454617613958356
 3395.061728 -3518.518519  -0.00007383230954712285
 3395.061728 -3395.061728  -0.00007205152256790162
 3395.061728 -3271.604938  -0.00006897291793132743
 3395.061728 -3148.148148  -0.00006718919917428103
 3395.061728 -3024.691358  -0.00006760595398396541
 3395.061728 -2901.234568  -0.00007065659369155511
 3395.061728 -2777.777778  -0.00007503780534924880
 3395.061728 -2654.320988  -0.00007634312435485016
 3395.061728 -2530.864198  -0.00006889851112558096
 3395.061728 -2407.407407  -0.00007372882934650894
 3395.061728 -2283.950617  -0.00007361314586651902
 3395.061728 -2160.493827  -0.00007436147597347720
 3395.061728 -2037.037037  -0.00007477912630551959
 3395.061728 -1913.580247  -0.00007615205995588571
 3395.061728 -1790.123457  -0.00007699619571176119
 3395.061728 -1666.666667  -0.00007793400671657644
 3395.061728 -1543.209877  -0.00007911742626071941
 3395.061728 -1419.753086  -0.00008073358167850894
 3395.061728 -1296.296296  -0.00008249832186571563
 3395.061728 -1172.839506  -0.00008458483321793520
 3395.061728 -1049.382716  -0.00008699860049062199
 3395.061728  -925.925926  -0.00008984367064462696
 3395.061728  -802.469136  -0.00009297753367179086
 3395.061728  -679.012346  -0.00009637512613318365
 3395.061728  -555.555556  -0.00009984739811946331
 3395.061728  -432.098765  -0.00010320265567013480
 3395.061728  -308.641975  -0.00010614354475764569
 3395.061728  -185.185185  -0.00010833586057738385
 3395.061728   -61.728395  -0.00010944962729940779
 3395.061728    61.728395  -0.00010944962729941017
 3395.061728   185.185185  -0.00010833586057737592
 3395.061728   308.641975  -0.00010614354475763214
 3395.061728   432.098765  -0.00010320265567011773
 3395.061728   555.555556  -0.00009984739811943696
 3395.061728   679.012346  -0.00009637512613316298
 3395.061728   802.469136  -0.00009297753367176212
 3395.061728   925.925926  -0.00008984367064459556
 3395.061728  1049.382716  -0.00008699860049059061
 3395.061728  1172.839506  -0.00008458483321789614
 3395.061728  1296.296296  -0.00008249832186567960
 3395.061728  1419.753086  -0.00008073358167847140
 3395.061728  1543.209877  -0.00007911742626067823
 3395.061728  1666.666667  -0.00007793400671653463
 3395.061728  1790.123457  -0.00007699619571171343
 3395.061728  1913.580247  -0.00007615205995583866
 3395.061728  2037.037037  -0.00007477912630546645
 3395.061728  2160.493827  -0.00007436147597341822
 3395.061728  2283.950617  -0.00007361314586645572
 3395.061728  2407.407407  -0.00007372882934644079
 3395.061728  2530.864198  -0.00006889851112550736
 3395.061728  2654.320988  -0.00007634312435478042
 3395.061728  2777.777778  -0.00007503780534918176
 3395.061728  2901.234568  -0.00007065659369148796
 3395.061728  3024.691358  -0.00006760595398388847
 3395.061728  3148.148148  -0.00006718919917419649
 3395.061728  3271.604938  -0.00006897291793123344
 3395.061728  3395.061728  -0.00007205152256779935
 3395.061728  3518.518519  -0.00007383230954701886
 3395.061728  3641.975309  -0.00007454617613947752
 3395.061728  3765.432099  -0.00007282281099234334
 3395.061728  3888.888889  -0.00006993532943716471
 3395.061728  4012.345679  -0.00006640634121672739
 3395.061728  4135.802469  -0.00006359117582452273
 3395.061728  4259.259259  -0.00006366780323320140
 3395.061728  4382.716049  -0.00006740583252756115
 3395.061728  4506.172840  -0.00007364753605865154
 3395.061728  4629.629630  -0.00007842302900752740
 3395.061728  4753.086420  -0.00007636901005545522
 3395.061728  4876.543210  -0.00005304196085101537

 3518.518519 -5000.000000  0.00000105822302726327
 3518.518519 -4876.543210  -0.00006226298186032747
 3518.518519 -4753.086420  -0.00008756450077117387
 3518.518519 -4629.629630  -0.00008984799762341519
 3518.518519 -4506.172840  -0.00008432385042497251
 3518.518519 -4382.716049  -0.00007750572961866156
 3518.518519 -4259.259259  -0.00007342970736201830
 3518.518519 -4135.802469  -0.00007326826667520563
 3518.518519 -4012.345679  -0.00007631551479446539
 3518.518519 -3888.888889  -0.00008024943475802661
 3518.518519 -3765.432099  -0.00008322390221492666
 3518.518519 -3641.975309  -0.00008475897693748047
 3518.518519 -3518.518519  -0.00008399762832778383
 3518.518519 -3395.061728  -0.00008200629655495898
 3518.518519 -3271.604938  -0.00007863737992480773
 3518.518519 -3148.148148  -0.00007664004965842174
 3518.518519 -3024.691358  -0.00007706497577057988
 3518.518519 -2901.234568  -0.00008037434787556089
 3518.518519 -2777.777778  -0.00008513711386122063
 3518.518519 -2654.320988  -0.00008658581777582679
 3518.518519 -2530.864198  -0.00007848300386372797
 3518.518519 -2407.407407  -0.00008357867308754384
 3518.518519 -2283.950617  -0.00008354583214719044
 3518.518519 -2160.493827  -0.00008428249406869109
 3518.518519 -2037.037037  -0.00008463452463397904
 3518.518519 -1913.580247  -0.00008597722743689277
 3518.518519 -1790.123457  -0.00008675480064467231
 3518.518519 -1666.666667  -0.00008760994182391056
 3518.518519 -1543.209877  -0.00008869531850121155
 3518.518519 -1419.753086  -0.00009019098216243892
 3518.518519 -1296.296296  -0.00009176758831389516
 3518.518519 -1172.839506  -0.00009357017619392126
 3518.518519 -1049.382716  -0.00009559119511214636
 3518.518519  -925.925926  -0.00009791652303514227
 3518.518519  -802.469136  -0.00010039408670210164
 3518.518519  -679.012346  -0.00010301609507555208
 3518.518519  -555.555556  -0.00010561619546936170
 3518.518519  -432.098765  -0.00010806890852373186
 3518.518519  -308.641975  -0.00011017895469720289
 3518.518519  -185.185185  -0.00011172567423953952
 3518.518519   -61.728395  -0.00011250734234648292
 3518.518519    61.728395  -0.00011250734234648521
 3518.518519   185.185185  -0.00011172567423953124
 3518.518519   308.641975  -0.00011017895469719147
 3518.518519   432.098765  -0.00010806890852371822
 3518.518519   555.555556  -0.00010561619546933938
 3518.518519   679.012346  -0.00010301609507553636
 3518.518519   802.469136  -0.00010039408670207803
 3518.518519   925.925926  -0.00009791652303511896
 3518.518519  1049.382716  -0.00009559119511212203
 3518.518519  1172.839506  -0.00009357017619388934
 3518.518519  1296.296296  -0.00009176758831386677
 3518.518519  1419.753086  -0.00009019098216240970
 3518.518519  1543.209877  -0.00008869531850117975
 3518.518519  1666.666667  -0.00008760994182387842
 3518.518519  1790.123457  -0.00008675480064463375
 3518.518519  1913.580247  -0.00008597722743685626
 3518.518519  2037.037037  -0.00008463452463393684
 3518.518519  2160.493827  -0.00008428249406864333
 3518.518519  2283.950617  -0.00008354583214713786
 3518.518519  2407.407407  -0.00008357867308748679
 3518.518519  2530.864198  -0.00007848300386366223
 3518.518519  2654.320988  -0.00008658581777576885
 3518.518519  2777.777778  -0.00008513711386116685
 3518.518519  2901.234568  -0.00008037434787550550
 3518.518519  3024.691358  -0.00007706497577051381
 3518.518519  3148.148148  -0.00007664004965834797
 3518.518519  3271.604938  -0.00007863737992472344
 3518.518519  3395.061728  -0.00008200629655486686
 3518.518519  3518.518519  -0.00008399762832769017
 3518.518519  3641.975309  -0.00008475897693738487
 3518.518519  3765.432099  -0.00008322390221483822
 3518.518519  3888.888889  -0.00008024943475794720
 3518.518519  4012.345679  -0.00007631551479438818
 3518.518519  4135.802469  -0.00007326826667513025
 3518.518519  4259.259259  -0.00007342970736193605
 3518.518519  4382.716049  -0.00007750572961856801
 3518.518519  4506.172840  -0.00008432385042486438
 3518.518519  4629.629630  -0.00008984799762329265
 3518.518519  4753.086420  -0.00008756450077105432
 3518.518519  4876.543210  -0.00006226298186023975

 3641.975309 -5000.000000  0.00000157220648773117
 3641.975309 -4876.543210  -0.00006685983737369010
 3641.975309 -4753.086420  -0.00009461766773588325
 3641.975309 -4629.629630  -0.00009701088789919900
 3641.975309 -4506.172840  -0.00009096482672852337
 3641.975309 -4382.716049  -0.00008342515431088676
 3641.975309 -4259.259259  -0.00007888680075233521
 3641.975309 -4135.802469  -0.00007867663822408863
 3641.975309 -4012.345679  -0.00008203090259593109
 3641.975309 -3888.888889  -0.00008631888238309169
 3641.975309 -3765.432099  -0.00008967516258819822
 3641.975309 -3641.975309  -0.00009159757926265439
 3641.975309 -3518.518519  -0.00009071073090337730
 3641.975309 -3395.061728  -0.00008853328231443877
 3641.975309 -3271.604938  -0.00008478459313250490
 3641.975309 -3148.148148  -0.00008256164167203868
 3641.975309 -3024.691358  -0.00008297803110940169
 3641.975309 -2901.234568  -0.00008658540290616173
 3641.975309 -2777.777778  -0.00009181320040914495
 3641.975309 -2654.320988  -0.00009341535366373690
 3641.975309 -2530.864198  -0.00008452242381914485
 3641.975309 -2407.407407  -0.00008981542842269801
 3641.975309 -2283.950617  -0.00008983925402617361
 3641.975309 -2160.493827  -0.00009059056078338574
 3641.975309 -2037.037037  -0.00009087210664922788
 3641.975309 -1913.580247  -0.00009216145798112592
 3641.975309 -1790.123457  -0.00009285769645942168
 3641.975309 -1666.666667  -0.00009363307901580192
 3641.975309 -1543.209877  -0.00009462061513043048
 3641.975309 -1419.753086  -0.00009598013162435290
 3641.975309 -1296.296296  -0.00009737476560032423
 3641.975309 -1172.839506  -0.00009890612523316938
 3641.975309 -1049.382716  -0.00010059022214354447
 3641.975309  -925.925926  -0.00010247188308258721
 3641.975309  -802.469136  -0.00010442595901124736
 3641.975309  -679.012346  -0.00010644156806208506
 3641.975309  -555.555556  -0.00010839720452704173
 3641.975309  -432.098765  -0.00011021149465591477
 3641.975309  -308.641975  -0.00011174796806297169
 3641.975309  -185.185185  -0.00011286280108466441
 3641.975309   -61.728395  -0.00011340202515343592
 3641.975309    61.728395  -0.00011340202515343887
 3641.975309   185.185185  -0.00011286280108465940
 3641.975309   308.641975  -0.00011174796806296361
 3641.975309   432.098765  -0.00011021149465590554
 3641.975309   555.555556  -0.00010839720452702288
 3641.975309   679.012346  -0.00010644156806207364
 3641.975309   802.469136  -0.00010442595901122913
 3641.975309   925.925926  -0.00010247188308256951
 3641.975309  1049.382716  -0.00010059022214352750
 3641.975309  1172.839506  -0.00009890612523314515
 3641.975309  1296.296296  -0.00009737476560030472
 3641.975309  1419.753086  -0.00009598013162433414
 3641.975309  1543.209877  -0.00009462061513040943
 3641.975309  1666.666667  -0.00009363307901577925
 3641.975309  1790.123457  -0.00009285769645939362
 3641.975309  1913.580247  -0.00009216145798110088
 3641.975309  2037.037037  -0.00009087210664919641
 3641.975309  2160.493827  -0.00009059056078334975
 3641.975309  2283.950617  -0.00008983925402613314
 3641.975309  2407.407407  -0.00008981542842265334
 3641.975309  2530.864198  -0.00008452242381908583
 3641.975309  2654.320988  -0.00009341535366369146
 3641.975309  2777.777778  -0.00009181320040910283
 3641.975309  2901.234568  -0.00008658540290611755
 3641.975309  3024.691358  -0.00008297803110934617
 3641.975309  3148.148148  -0.00008256164167197467
 3641.975309  3271.604938  -0.00008478459313243013
 3641.975309  3395.061728  -0.00008853328231435611
 3641.975309  3518.518519  -0.00009071073090329443
 3641.975309  3641.975309  -0.00009159757926256917
 3641.975309  3765.432099  -0.00008967516258812134
 3641.975309  3888.888889  -0.00008631888238302366
 3641.975309  4012.345679  -0.00008203090259586419
 3641.975309  4135.802469  -0.00007867663822402408
 3641.975309  4259.259259  -0.00007888680075226363
 3641.975309  4382.716049  -0.00008342515431080233
 3641.975309  4506.172840  -0.00009096482672842403
 3641.975309  4629.629630  -0.00009701088789908598
 3641.975309  4753.086420  -0.00009461766773577288
 3641.975309  4876.543210  -0.00006685983737361262

 3765.432099 -5000.000000  0.00000240726594310625
 3765.432099 -4876.543210  -0.00006793391164082502
 3765.432099 -4753.086420  -0.00009798277524588234
 3765.432099 -4629.629630  -0.00010045723765914284
 3765.432099 -4506.172840  -0.00009395078770658272
 3765.432099 -4382.716049  -0.00008563462398282690
 3765.432099 -4259.259259  -0.00008082424413036208
 3765.432099 -4135.802469  -0.00008088396998836565
 3765.432099 -4012.345679  -0.00008419832659707203
 3765.432099 -3888.888889  -0.00008866562069617877
 3765.432099 -3765.432099  -0.00009258889427539644
 3765.432099 -3641.975309  -0.00009404731052951560
 3765.432099 -3518.518519  -0.00009339548232863520
 3765.432099 -3395.061728  -0.00009066819429033944
 3765.432099 -3271.604938  -0.00008679854773613214
 3765.432099 -3148.148148  -0.00008435582698783264
 3765.432099 -3024.691358  -0.00008488140485198561
 3765.432099 -2901.234568  -0.00008867476724032537
 3765.432099 -2777.777778  -0.00009412954129576649
 3765.432099 -2654.320988  -0.00009589862009402423
 3765.432099 -2530.864198  -0.00008640406181588280
 3765.432099 -2407.407407  -0.00009188852851002875
 3765.432099 -2283.950617  -0.00009193043791973599
 3765.432099 -2160.493827  -0.00009263307968522803
 3765.432099 -2037.037037  -0.00009282012942143977
 3765.432099 -1913.580247  -0.00009409449109164312
 3765.432099 -1790.123457  -0.00009471549434060783
 3765.432099 -1666.666667  -0.00009538191845465153
 3765.432099 -1543.209877  -0.00009623608299207983
 3765.432099 -1419.753086  -0.00009744987189766386
 3765.432099 -1296.296296  -0.00009869938433011244
 3765.432099 -1172.839506  -0.00009997602124663777
 3765.432099 -1049.382716  -0.00010131474910205724
 3765.432099  -925.925926  -0.00010285759814030903
 3765.432099  -802.469136  -0.00010437300959915814
 3765.432099  -679.012346  -0.00010593874716453482
 3765.432099  -555.555556  -0.00010741575804983188
 3765.432099  -432.098765  -0.00010877257174383017
 3765.432099  -308.641975  -0.00010991900234134209
 3765.432099  -185.185185  -0.00011071597644822775
 3765.432099   -61.728395  -0.00011113395108927719
 3765.432099    61.728395  -0.00011113395108928607
 3765.432099   185.185185  -0.00011071597644823134
 3765.432099   308.641975  -0.00010991900234134180
 3765.432099   432.098765  -0.00010877257174382651
 3765.432099   555.555556  -0.00010741575804982133
 3765.432099   679.012346  -0.00010593874716452846
 3765.432099   802.469136  -0.00010437300959914599
 3765.432099   925.925926  -0.00010285759814029675
 3765.432099  1049.382716  -0.00010131474910204408
 3765.432099  1172.839506  -0.00009997602124662067
 3765.432099  1296.296296  -0.00009869938433010130
 3765.432099  1419.753086  -0.00009744987189765306
 3765.432099  1543.209877  -0.00009623608299206554
 3765.432099  1666.666667  -0.00009538191845463763
 3765.432099  1790.123457  -0.00009471549434058831
 3765.432099  1913.580247  -0.00009409449109162671
 3765.432099  2037.037037  -0.00009282012942141679
 3765.432099  2160.493827  -0.00009263307968520195
 3765.432099  2283.950617  -0.00009193043791970615
 3765.432099  2407.407407  -0.00009188852850999476
 3765.432099  2530.864198  -0.00008640406181583139
 3765.432099  2654.320988  -0.00009589862009398588
 3765.432099  2777.777778  -0.00009412954129573350
 3765.432099  2901.234568  -0.00008867476724029124
 3765.432099  3024.691358  -0.00008488140485193961
 3765.432099  3148.148148  -0.00008435582698777698
 3765.432099  3271.604938  -0.00008679854773606636
 3765.432099  3395.061728  -0.00009066819429026612
 3765.432099  3518.518519  -0.00009339548232856052
 3765.432099  3641.975309  -0.00009404731052943966
 3765.432099  3765.432099  -0.00009258889427532724
 3765.432099  3888.888889  -0.00008866562069611933
 3765.432099  4012.345679  -0.00008419832659701402
 3765.432099  4135.802469  -0.00008088396998830886
 3765.432099  4259.259259  -0.00008082424413029817
 3765.432099  4382.716049  -0.00008563462398275015
 3765.432099  4506.172840  -0.00009395078770649434
 3765.432099  4629.629630  -0.00010045723765904131
 3765.432099  4753.086420  -0.00009798277524578301
 3765.432099  4876.543210  -0.00006793391164075928

 3888.888889 -5000.000000  0.00000520623645102888
 3888.888889 -4876.543210  -0.00006284957947618296
 3888.888889 -4753.086420  -0.00009694852141005709
 3888.888889 -4629.629630  -0.00009939624814997994
 3888.888889 -4506.172840  -0.00009271642600819038
 3888.888889 -4382.716049  -0.00008314611158292131
 3888.888889 -4259.259259  -0.00007762881514130861
 3888.888889 -4135.802469  -0.00007795082488108511
 3888.888889 -4012.345679  -0.00008159945106136327
 3888.888889 -3888.888889  -0.00008634141462139797
 3888.888889 -3765.432099  -0.00009112771988962711
 3888.888889 -3641.975309  -0.00009289486829339586
 3888.888889 -3518.518519  -0.00009226061521542177
 3888.888889 -3395.061728  -0.00008905053243799896
 3888.888889 -3271.604938  -0.00008479614836188978
 3888.888889 -3148.148148  -0.00008204097643078573
 3888.888889 -3024.691358  -0.00008262481793605285
 3888.888889 -2901.234568  -0.00008677269282830371
 3888.888889 -2777.777778  -0.00009279156303122817
 3888.888889 -2654.320988  -0.00009478996517482006
 3888.888889 -2530.864198  -0.00008415553785206274
 3888.888889 -2407.407407  -0.00008999688889005402
 3888.888889 -2283.950617  -0.00009009334083726338
 3888.888889 -2160.493827  -0.00009071588151280692
 3888.888889 -2037.037037  -0.00009085088158712997
 3888.888889 -1913.580247  -0.00009210455448326398
 3888.888889 -1790.123457  -0.00009266386174988206
 3888.888889 -1666.666667  -0.00009322401450812451
 3888.888889 -1543.209877  -0.00009396249681756645
 3888.888889 -1419.753086  -0.00009509508206489540
 3888.888889 -1296.296296  -0.00009616317753283973
 3888.888889 -1172.839506  -0.00009722395098824266
 3888.888889 -1049.382716  -0.00009836822362676767
 3888.888889  -925.925926  -0.00009959756868689008
 3888.888889  -802.469136  -0.00010081350500737503
 3888.888889  -679.012346  -0.00010204129949310609
 3888.888889  -555.555556  -0.00010318833467188926
 3888.888889  -432.098765  -0.00010422940292882479
 3888.888889  -308.641975  -0.00010509943815040711
 3888.888889  -185.185185  -0.00010572236967596461
 3888.888889   -61.728395  -0.00010600116182832417
 3888.888889    61.728395  -0.00010600116182833386
 3888.888889   185.185185  -0.00010572236967597415
 3888.888889   308.641975  -0.00010509943815041180
 3888.888889   432.098765  -0.00010422940292882572
 3888.888889   555.555556  -0.00010318833467188115
 3888.888889   679.012346  -0.00010204129949310352
 3888.888889   802.469136  -0.00010081350500736870
 3888.888889   925.925926  -0.00009959756868688296
 3888.888889  1049.382716  -0.00009836822362676013
 3888.888889  1172.839506  -0.00009722395098823353
 3888.888889  1296.296296  -0.00009616317753283699
 3888.888889  1419.753086  -0.00009509508206489234
 3888.888889  1543.209877  -0.00009396249681756073
 3888.888889  1666.666667  -0.00009322401450811858
 3888.888889  1790.123457  -0.00009266386174987147
 3888.888889  1913.580247  -0.00009210455448325667
 3888.888889  2037.037037  -0.00009085088158711699
 3888.888889  2160.493827  -0.00009071588151279225
 3888.888889  2283.950617  -0.00009009334083724605
 3888.888889  2407.407407  -0.00008999688889003269
 3888.888889  2530.864198  -0.00008415553785201806
 3888.888889  2654.320988  -0.00009478996517479153
 3888.888889  2777.777778  -0.00009279156303120625
 3888.888889  2901.234568  -0.00008677269282827994
 3888.888889  3024.691358  -0.00008262481793601688
 3888.888889  3148.148148  -0.00008204097643074028
 3888.888889  3271.604938  -0.00008479614836183450
 3888.888889  3395.061728  -0.00008905053243793742
 3888.888889  3518.518519  -0.00009226061521535928
 3888.888889  3641.975309  -0.00009289486829333199
 3888.888889  3765.432099  -0.00009112771988956897
 3888.888889  3888.888889  -0.00008634141462134947
 3888.888889  4012.345679  -0.00008159945106131521
 3888.888889  4135.802469  -0.00007795082488103794
 3888.888889  4259.259259  -0.00007762881514125401
 3888.888889  4382.716049  -0.00008314611158285550
 3888.888889  4506.172840  -0.00009271642600810988
 3888.888889  4629.629630  -0.00009939624814988876
 3888.888889  4753.086420  -0.00009694852140997082
 3888.888889  4876.543210  -0.00006284957947613299

 4012.345679 -5000.000000  0.00000687822203908460
 4012.345679 -4876.543210  -0.00006009298222244258
 4012.345679 -4753.086420  -0.00009661138755256395
 4012.345679 -4629.629630  -0.00009909406719284415
 4012.345679 -4506.172840  -0.00009236063739293602
 4012.345679 -4382.716049  -0.00008209703031069185
 4012.345679 -4259.259259  -0.00007617551764284147
 4012.345679 -4135.802469  -0.00007666552279493817
 4012.345679 -4012.345679  -0.00008057523660800659
 4012.345679 -3888.888889  -0.00008552487549769525
 4012.345679 -3765.432099  -0.00009064445274720970
 4012.345679 -3641.975309  -0.00009243712056322997
 4012.345679 -3518.518519  -0.00009176219184926863
 4012.345679 -3395.061728  -0.00008836582640363347
 4012.345679 -3271.604938  -0.00008386809540691299
 4012.345679 -3148.148148  -0.00008093168514568734
 4012.345679 -3024.691358  -0.00008152429706841081
 4012.345679 -2901.234568  -0.00008589263396811737
 4012.345679 -2777.777778  -0.00009225393209277613
 4012.345679 -2654.320988  -0.00009436704427634912
 4012.345679 -2530.864198  -0.00008306056492555681
 4012.345679 -2407.407407  -0.00008912447392077283
 4012.345679 -2283.950617  -0.00008919178772530940
 4012.345679 -2160.493827  -0.00008981772140252239
 4012.345679 -2037.037037  -0.00008988255091800066
 4012.345679 -1913.580247  -0.00009110964289636419
 4012.345679 -1790.123457  -0.00009159584174574104
 4012.345679 -1666.666667  -0.00009208103802948822
 4012.345679 -1543.209877  -0.00009273259078042845
 4012.345679 -1419.753086  -0.00009375648922692666
 4012.345679 -1296.296296  -0.00009470252165440614
 4012.345679 -1172.839506  -0.00009559907199478916
 4012.345679 -1049.382716  -0.00009655508421045964
 4012.345679  -925.925926  -0.00009757257671003862
 4012.345679  -802.469136  -0.00009855587131489985
 4012.345679  -679.012346  -0.00009954382149655103
 4012.345679  -555.555556  -0.00010045544043036601
 4012.345679  -432.098765  -0.00010128084576365310
 4012.345679  -308.641975  -0.00010197075504108924
 4012.345679  -185.185185  -0.00010245993742002271
 4012.345679   -61.728395  -0.00010266443614110028
 4012.345679    61.728395  -0.00010266443614111311
 4012.345679   185.185185  -0.00010245993742004040
 4012.345679   308.641975  -0.00010197075504110231
 4012.345679   432.098765  -0.00010128084576366088
 4012.345679   555.555556  -0.00010045544043036563
 4012.345679   679.012346  -0.00009954382149655299
 4012.345679   802.469136  -0.00009855587131489844
 4012.345679   925.925926  -0.00009757257671003718
 4012.345679  1049.382716  -0.00009655508421045871
 4012.345679  1172.839506  -0.00009559907199478637
 4012.345679  1296.296296  -0.00009470252165441106
 4012.345679  1419.753086  -0.00009375648922693196
 4012.345679  1543.209877  -0.00009273259078043109
 4012.345679  1666.666667  -0.00009208103802949056
 4012.345679  1790.123457  -0.00009159584174573887
 4012.345679  1913.580247  -0.00009110964289636483
 4012.345679  2037.037037  -0.00008988255091799711
 4012.345679  2160.493827  -0.00008981772140251705
 4012.345679  2283.950617  -0.00008919178772530117
 4012.345679  2407.407407  -0.00008912447392076232
 4012.345679  2530.864198  -0.00008306056492552144
 4012.345679  2654.320988  -0.00009436704427632920
 4012.345679  2777.777778  -0.00009225393209276256
 4012.345679  2901.234568  -0.00008589263396810190
 4012.345679  3024.691358  -0.00008152429706838419
 4012.345679  3148.148148  -0.00008093168514565202
 4012.345679  3271.604938  -0.00008386809540686923
 4012.345679  3395.061728  -0.00008836582640358377
 4012.345679  3518.518519  -0.00009176219184921862
 4012.345679  3641.975309  -0.00009243712056317812
 4012.345679  3765.432099  -0.00009064445274716382
 4012.345679  3888.888889  -0.00008552487549765825
 4012.345679  4012.345679  -0.00008057523660797005
 4012.345679  4135.802469  -0.00007666552279490181
 4012.345679  4259.259259  -0.00007617551764279740
 4012.345679  4382.716049  -0.00008209703031063536
 4012.345679  4506.172840  -0.00009236063739286644
 4012.345679  4629.629630  -0.00009909406719276525
 4012.345679  4753.086420  -0.00009661138755248959
 4012.345679  4876.543210  -0.00006009298222240600

 4135.802469 -5000.000000  0.00000886211663389593
 4135.802469 -4876.543210  -0.00005937406686863580
 4135.802469 -4753.086420  -0.00009985834172008613
 4135.802469 -4629.629630  -0.00010253971234985570
 4135.802469 -4506.172840  -0.00009555009298694574
 4135.802469 -4382.716049  -0.00008421161817792355
 4135.802469 -4259.259259  -0.00007769419151489589
 4135.802469 -4135.802469  -0.00007843506297414091
 4135.802469 -4012.345679  -0.00008276936108579682
 4135.802469 -3888.888889  -0.00008813098060595359
 4135.802469 -3765.432099  -0.00009378991192538164
 4135.802469 -3641.975309  -0.00009542148109578853
 4135.802469 -3518.518519  -0.00009473910337646416
 4135.802469 -3395.061728  -0.00009099486931349423
 4135.802469 -3271.604938  -0.00008610844703748712
 4135.802469 -3148.148148  -0.00008287081939840833
 4135.802469 -3024.691358  -0.00008352114693686955
 4135.802469 -2901.234568  -0.00008828077313420499
 4135.802469 -2777.777778  -0.00009520473062558552
 4135.802469 -2654.320988  -0.00009749070016225634
 4135.802469 -2530.864198  -0.00008514241546588531
 4135.802469 -2407.407407  -0.00009172178837646129
 4135.802469 -2283.950617  -0.00009173361627479374
 4135.802469 -2160.493827  -0.00009235281662981691
 4135.802469 -2037.037037  -0.00009235938735480729
 4135.802469 -1913.580247  -0.00009361893811305815
 4135.802469 -1790.123457  -0.00009406140634192759
 4135.802469 -1666.666667  -0.00009448347917913021
 4135.802469 -1543.209877  -0.00009506127725964766
 4135.802469 -1419.753086  -0.00009601991889212151
 4135.802469 -1296.296296  -0.00009688592206896025
 4135.802469 -1172.839506  -0.00009765156553472734
 4135.802469 -1049.382716  -0.00009848231275656518
 4135.802469  -925.925926  -0.00009935162421815875
 4135.802469  -802.469136  -0.00010017882031263443
 4135.802469  -679.012346  -0.00010100281223354444
 4135.802469  -555.555556  -0.00010175387515946088
 4135.802469  -432.098765  -0.00010242900817689866
 4135.802469  -308.641975  -0.00010298819113279561
 4135.802469  -185.185185  -0.00010338257688301694
 4135.802469   -61.728395  -0.00010353885444491202
 4135.802469    61.728395  -0.00010353885444492823
 4135.802469   185.185185  -0.00010338257688304167
 4135.802469   308.641975  -0.00010298819113281784
 4135.802469   432.098765  -0.00010242900817691389
 4135.802469   555.555556  -0.00010175387515946797
 4135.802469   679.012346  -0.00010100281223355348
 4135.802469   802.469136  -0.00010017882031263870
 4135.802469   925.925926  -0.00009935162421816371
 4135.802469  1049.382716  -0.00009848231275657168
 4135.802469  1172.839506  -0.00009765156553473321
 4135.802469  1296.296296  -0.00009688592206897357
 4135.802469  1419.753086  -0.00009601991889213593
 4135.802469  1543.209877  -0.00009506127725965927
 4135.802469  1666.666667  -0.00009448347917914258
 4135.802469  1790.123457  -0.00009406140634193442
 4135.802469  1913.580247  -0.00009361893811306912
 4135.802469  2037.037037  -0.00009235938735481290
 4135.802469  2160.493827  -0.00009235281662982195
 4135.802469  2283.950617  -0.00009173361627479770
 4135.802469  2407.407407  -0.00009172178837646376
 4135.802469  2530.864198  -0.00008514241546585836
 4135.802469  2654.320988  -0.00009749070016224444
 4135.802469  2777.777778  -0.00009520473062558044
 4135.802469  2901.234568  -0.00008828077313419969
 4135.802469  3024.691358  -0.00008352114693685230
 4135.802469  3148.148148  -0.00008287081939838294
 4135.802469  3271.604938  -0.00008610844703745348
 4135.802469  3395.061728  -0.00009099486931345543
 4135.802469  3518.518519  -0.00009473910337642496
 4135.802469  3641.975309  -0.00009542148109574898
 4135.802469  3765.432099  -0.00009378991192534792
 4135.802469  3888.888889  -0.00008813098060592834
 4135.802469  4012.345679  -0.00008276936108577104
 4135.802469  4135.802469  -0.00007843506297411529
 4135.802469  4259.259259  -0.00007769419151486246
 4135.802469  4382.716049  -0.00008421161817787655
 4135.802469  4506.172840  -0.00009555009298688594
 4135.802469  4629.629630  -0.00010253971234978699
 4135.802469  4753.086420  -0.00009985834172002156
 4135.802469  4876.543210  -0.00005937406686861240

 4259.259259 -5000.000000  0.00001032473307214234
 4259.259259 -4876.543210  -0.00006511852776221045
 4259.259259 -4753.086420  -0.00011087293700787115
 4259.259259 -4629.629630  -0.00011402039185148690
 4259.259259 -4506.172840  -0.00010638754009698880
 4259.259259 -4382.716049  -0.00009373334188550590
 4259.259259 -4259.259259  -0.00008649168740411302
 4259.259259 -4135.802469  -0.00008744742974084030
 4259.259259 -4012.345679  -0.00009242190118974459
 4259.259259 -3888.888889  -0.00009847256105423512
 4259.259259 -3765.432099  -0.00010492854471739079
 4259.259259 -3641.975309  -0.00010700544665755283
 4259.259259 -3518.518519  -0.00010622038904809225
 4259.259259 -3395.061728  -0.00010204343658351725
 4259.259259 -3271.604938  -0.00009652949948218448
 4259.259259 -3148.148148  -0.00009289858029586418
 4259.259259 -3024.691358  -0.00009362147544745188
 4259.259259 -2901.234568  -0.00009897693086209153
 4259.259259 -2777.777778  -0.00010676689715886318
 4259.259259 -2654.320988  -0.00010931777278800501
 4259.259259 -2530.864198  -0.00009537231167748766
 4259.259259 -2407.407407  -0.00010279039345661714
 4259.259259 -2283.950617  -0.00010269440155605447
 4259.259259 -2160.493827  -0.00010334395407148701
 4259.259259 -2037.037037  -0.00010329500539141150
 4259.259259 -1913.580247  -0.00010466481911933428
 4259.259259 -1790.123457  -0.00010508756631923899
 4259.259259 -1666.666667  -0.00010546970901861640
 4259.259259 -1543.209877  -0.00010600509339957842
 4259.259259 -1419.753086  -0.00010694424671669275
 4259.259259 -1296.296296  -0.00010777381951369647
 4259.259259 -1172.839506  -0.00010846492830002991
 4259.259259 -1049.382716  -0.00010922496875070586
 4259.259259  -925.925926  -0.00011001433766015395
 4259.259259  -802.469136  -0.00011075190700666838
 4259.259259  -679.012346  -0.00011148659453526528
 4259.259259  -555.555556  -0.00011214043283465673
 4259.259259  -432.098765  -0.00011271684576201195
 4259.259259  -308.641975  -0.00011318826274201476
 4259.259259  -185.185185  -0.00011351727100214060
 4259.259259   -61.728395  -0.00011365140765373965
 4259.259259    61.728395  -0.00011365140765375973
 4259.259259   185.185185  -0.00011351727100217044
 4259.259259   308.641975  -0.00011318826274204286
 4259.259259   432.098765  -0.00011271684576203518
 4259.259259   555.555556  -0.00011214043283466972
 4259.259259   679.012346  -0.00011148659453528125
 4259.259259   802.469136  -0.00011075190700667948
 4259.259259   925.925926  -0.00011001433766016684
 4259.259259  1049.382716  -0.00010922496875072045
 4259.259259  1172.839506  -0.00010846492830004421
 4259.259259  1296.296296  -0.00010777381951371943
 4259.259259  1419.753086  -0.00010694424671671676
 4259.259259  1543.209877  -0.00010600509339960000
 4259.259259  1666.666667  -0.00010546970901863887
 4259.259259  1790.123457  -0.00010508756631925593
 4259.259259  1913.580247  -0.00010466481911935741
 4259.259259  2037.037037  -0.00010329500539142778
 4259.259259  2160.493827  -0.00010334395407150475
 4259.259259  2283.950617  -0.00010269440155607095
 4259.259259  2407.407407  -0.00010279039345663228
 4259.259259  2530.864198  -0.00009537231167746766
 4259.259259  2654.320988  -0.00010931777278800238
 4259.259259  2777.777778  -0.00010676689715886762
 4259.259259  2901.234568  -0.00009897693086209607
 4259.259259  3024.691358  -0.00009362147544744502
 4259.259259  3148.148148  -0.00009289858029584865
 4259.259259  3271.604938  -0.00009652949948216065
 4259.259259  3395.061728  -0.00010204343658348829
 4259.259259  3518.518519  -0.00010622038904806339
 4259.259259  3641.975309  -0.00010700544665752341
 4259.259259  3765.432099  -0.00010492854471736842
 4259.259259  3888.888889  -0.00009847256105422134
 4259.259259  4012.345679  -0.00009242190118972926
 4259.259259  4135.802469  -0.00008744742974082516
 4259.259259  4259.259259  -0.00008649168740408986
 4259.259259  4382.716049  -0.00009373334188546794
 4259.259259  4506.172840  -0.00010638754009693530
 4259.259259  4629.629630  -0.00011402039185142401
 4259.259259  4753.086420  -0.00011087293700781375
 4259.259259  4876.543210  -0.00006511852776219676

 4382.716049 -5000.000000  0.00000814356209317659
 4382.716049 -4876.543210  -0.00008464988849319058
 4382.716049 -4753.086420  -0.00013290662483115333
 4382.716049 -4629.629630  -0.00013682881407143960
 4382.716049 -4506.172840  -0.00012816261065692861
 4382.716049 -4382.716049  -0.00011520895641852375
 4382.716049 -4259.259259  -0.00010789261290082481
 4382.716049 -4135.802469  -0.00010878557335351906
 4382.716049 -4012.345679  -0.00011419274440293736
 4382.716049 -3888.888889  -0.00012095993389694230
 4382.716049 -3765.432099  -0.00012779521020562479
 4382.716049 -3641.975309  -0.00013030569689805147
 4382.716049 -3518.518519  -0.00012945274557790880
 4382.716049 -3395.061728  -0.00012502242557595699
 4382.716049 -3271.604938  -0.00011912270228624966
 4382.716049 -3148.148148  -0.00011527662388303911
 4382.716049 -3024.691358  -0.00011605185188707101
 4382.716049 -2901.234568  -0.00012178955870421802
 4382.716049 -2777.777778  -0.00013016635129106479
 4382.716049 -2654.320988  -0.00013293480244526890
 4382.716049 -2530.864198  -0.00011793343197240400
 4382.716049 -2407.407407  -0.00012590311295677359
 4382.716049 -2283.950617  -0.00012570008347579994
 4382.716049 -2160.493827  -0.00012640331428261301
 4382.716049 -2037.037037  -0.00012633213437124785
 4382.716049 -1913.580247  -0.00012778824692346764
 4382.716049 -1790.123457  -0.00012820487140060316
 4382.716049 -1666.666667  -0.00012857527299772723
 4382.716049 -1543.209877  -0.00012909312536818531
 4382.716049 -1419.753086  -0.00013001388139516909
 4382.716049 -1296.296296  -0.00013081593699121056
 4382.716049 -1172.839506  -0.00013145934031514740
 4382.716049 -1049.382716  -0.00013217791209936693
 4382.716049  -925.925926  -0.00013291286362611927
 4382.716049  -802.469136  -0.00013359379909601602
 4382.716049  -679.012346  -0.00013426669641295624
 4382.716049  -555.555556  -0.00013485235219225670
 4382.716049  -432.098765  -0.00013535573377653585
 4382.716049  -308.641975  -0.00013575874857432594
 4382.716049  -185.185185  -0.00013603942176123495
 4382.716049   -61.728395  -0.00013616251560266083
 4382.716049    61.728395  -0.00013616251560267864
 4382.716049   185.185185  -0.00013603942176126509
 4382.716049   308.641975  -0.00013575874857435629
 4382.716049   432.098765  -0.00013535573377656195
 4382.716049   555.555556  -0.00013485235219227266
 4382.716049   679.012346  -0.00013426669641297963
 4382.716049   802.469136  -0.00013359379909603494
 4382.716049   925.925926  -0.00013291286362613946
 4382.716049  1049.382716  -0.00013217791209938829
 4382.716049  1172.839506  -0.00013145934031516838
 4382.716049  1296.296296  -0.00013081593699123929
 4382.716049  1419.753086  -0.00013001388139520159
 4382.716049  1543.209877  -0.00012909312536821607
 4382.716049  1666.666667  -0.00012857527299775856
 4382.716049  1790.123457  -0.00012820487140062763
 4382.716049  1913.580247  -0.00012778824692350092
 4382.716049  2037.037037  -0.00012633213437127436
 4382.716049  2160.493827  -0.00012640331428263914
 4382.716049  2283.950617  -0.00012570008347582648
 4382.716049  2407.407407  -0.00012590311295679845
 4382.716049  2530.864198  -0.00011793343197238928
 4382.716049  2654.320988  -0.00013293480244527226
 4382.716049  2777.777778  -0.00013016635129107682
 4382.716049  2901.234568  -0.00012178955870423114
 4382.716049  3024.691358  -0.00011605185188706995
 4382.716049  3148.148148  -0.00011527662388303163
 4382.716049  3271.604938  -0.00011912270228623207
 4382.716049  3395.061728  -0.00012502242557593278
 4382.716049  3518.518519  -0.00012945274557788519
 4382.716049  3641.975309  -0.00013030569689802748
 4382.716049  3765.432099  -0.00012779521020560807
 4382.716049  3888.888889  -0.00012095993389693620
 4382.716049  4012.345679  -0.00011419274440293073
 4382.716049  4135.802469  -0.00010878557335351195
 4382.716049  4259.259259  -0.00010789261290080787
 4382.716049  4382.716049  -0.00011520895641848969
 4382.716049  4506.172840  -0.00012816261065687844
 4382.716049  4629.629630  -0.00013682881407137769
 4382.716049  4753.086420  -0.00013290662483109544
 4382.716049  4876.543210  -0.00008464988849317601

 4506.172840 -5000.000000  0.00000415405149009123
 4506.172840 -4876.543210  -0.00011291287880196508
 4506.172840 -4753.086420  -0.00016292605361514943
 4506.172840 -4629.629630  -0.00016784237111732423
 4506.172840 -4506.172840  -0.00015778525832171796
 4506.172840 -4382.716049  -0.00014486586424627954
 4506.172840 -4259.259259  -0.00013770466375082196
 4506.172840 -4135.802469  -0.00013840439199136126
 4506.172840 -4012.345679  -0.00014421065137368590
 4506.172840 -3888.888889  -0.00015181709001118806
 4506.172840 -3765.432099  -0.00015885906408065728
 4506.172840 -3641.975309  -0.00016165661205880591
 4506.172840 -3518.518519  -0.00016075153566451106
 4506.172840 -3395.061728  -0.00015609166109431560
 4506.172840 -3271.604938  -0.00014985982815507597
 4506.172840 -3148.148148  -0.00014582851947953252
 4506.172840 -3024.691358  -0.00014665516902643986
 4506.172840 -2901.234568  -0.00015273988973603720
 4506.172840 -2777.777778  -0.00016167347135552472
 4506.172840 -2654.320988  -0.00016467073892433563
 4506.172840 -2530.864198  -0.00014867351171737438
 4506.172840 -2407.407407  -0.00015720072516444732
 4506.172840 -2283.950617  -0.00015686725958616006
 4506.172840 -2160.493827  -0.00015765628801392458
 4506.172840 -2037.037037  -0.00015756679270084286
 4506.172840 -1913.580247  -0.00015911174863495104
 4506.172840 -1790.123457  -0.00015952267429251667
 4506.172840 -1666.666667  -0.00015989491195834480
 4506.172840 -1543.209877  -0.00016040764076642988
 4506.172840 -1419.753086  -0.00016130733602625816
 4506.172840 -1296.296296  -0.00016208887687014926
 4506.172840 -1172.839506  -0.00016269421610014639
 4506.172840 -1049.382716  -0.00016338171666140032
 4506.172840  -925.925926  -0.00016407530809154451
 4506.172840  -802.469136  -0.00016471454611476921
 4506.172840  -679.012346  -0.00016533876982080637
 4506.172840  -555.555556  -0.00016587180413145549
 4506.172840  -432.098765  -0.00016631846798015492
 4506.172840  -308.641975  -0.00016666684239888035
 4506.172840  -185.185185  -0.00016691039000097348
 4506.172840   -61.728395  -0.00016703262976274481
 4506.172840    61.728395  -0.00016703262976276151
 4506.172840   185.185185  -0.00016691039000100153
 4506.172840   308.641975  -0.00016666684239890971
 4506.172840   432.098765  -0.00016631846798018375
 4506.172840   555.555556  -0.00016587180413147565
 4506.172840   679.012346  -0.00016533876982083954
 4506.172840   802.469136  -0.00016471454611479577
 4506.172840   925.925926  -0.00016407530809157329
 4506.172840  1049.382716  -0.00016338171666143027
 4506.172840  1172.839506  -0.00016269421610017414
 4506.172840  1296.296296  -0.00016208887687018704
 4506.172840  1419.753086  -0.00016130733602629898
 4506.172840  1543.209877  -0.00016040764076646812
 4506.172840  1666.666667  -0.00015989491195838462
 4506.172840  1790.123457  -0.00015952267429255001
 4506.172840  1913.580247  -0.00015911174863499617
 4506.172840  2037.037037  -0.00015756679270088246
 4506.172840  2160.493827  -0.00015765628801396247
 4506.172840  2283.950617  -0.00015686725958619568
 4506.172840  2407.407407  -0.00015720072516448212
 4506.172840  2530.864198  -0.00014867351171736343
 4506.172840  2654.320988  -0.00016467073892434685
 4506.172840  2777.777778  -0.00016167347135554659
 4506.172840  2901.234568  -0.00015273988973605988
 4506.172840  3024.691358  -0.00014665516902644717
 4506.172840  3148.148148  -0.00014582851947953130
 4506.172840  3271.604938  -0.00014985982815506394
 4506.172840  3395.061728  -0.00015609166109429575
 4506.172840  3518.518519  -0.00016075153566449246
 4506.172840  3641.975309  -0.00016165661205878553
 4506.172840  3765.432099  -0.00015885906408064494
 4506.172840  3888.888889  -0.00015181709001118847
 4506.172840  4012.345679  -0.00014421065137368541
 4506.172840  4135.802469  -0.00013840439199136126
 4506.172840  4259.259259  -0.00013770466375080944
 4506.172840  4382.716049  -0.00014486586424624761
 4506.172840  4506.172840  -0.00015778525832166839
 4506.172840  4629.629630  -0.00016784237111725894
 4506.172840  4753.086420  -0.00016292605361508585
 4506.172840  4876.543210  -0.00011291287880194283

 4629.629630 -5000.000000  0.00000436173654533220
 4629.629630 -4876.543210  -0.00013180443694934304
 4629.629630 -4753.086420  -0.00018923004881995446
 4629.629630 -4629.629630  -0.00019506269312222793
 4629.629630 -4506.172840  -0.00018351454398975631
 4629.629630 -4382.716049  -0.00016882458127378083
 4629.629630 -4259.259259  -0.00016073072644363649
 4629.629630 -4135.802469  -0.00016158853077949197
 4629.629630 -4012.345679  -0.00016831581774136842
 4629.629630 -3888.888889  -0.00017711778143742417
 4629.629630 -3765.432099  -0.00018518535385540647
 4629.629630 -3641.975309  -0.00018832276229407272
 4629.629630 -3518.518519  -0.00018728980045738317
 4629.629630 -3395.061728  -0.00018194587161880584
 4629.629630 -3271.604938  -0.00017480620987172203
 4629.629630 -3148.148148  -0.00017017908381818922
 4629.629630 -3024.691358  -0.00017111948573530049
 4629.629630 -2901.234568  -0.00017808452339428867
 4629.629630 -2777.777778  -0.00018833782469712378
 4629.629630 -2654.320988  -0.00019176370029618843
 4629.629630 -2530.864198  -0.00017332320462786442
 4629.629630 -2407.407407  -0.00018327957675872585
 4629.629630 -2283.950617  -0.00018274426383463099
 4629.629630 -2160.493827  -0.00018364193568394288
 4629.629630 -2037.037037  -0.00018347809984062017
 4629.629630 -1913.580247  -0.00018521603015673075
 4629.629630 -1790.123457  -0.00018561227112397035
 4629.629630 -1666.666667  -0.00018596576079184956
 4629.629630 -1543.209877  -0.00018646274277398097
 4629.629630 -1419.753086  -0.00018737016196679722
 4629.629630 -1296.296296  -0.00018815291863512757
 4629.629630 -1172.839506  -0.00018871526771583737
 4629.629630 -1049.382716  -0.00018937842953593409
 4629.629630  -925.925926  -0.00019004433437312820
 4629.629630  -802.469136  -0.00019065270412861024
 4629.629630  -679.012346  -0.00019124543130500109
 4629.629630  -555.555556  -0.00019174108722306584
 4629.629630  -432.098765  -0.00019214611504431332
 4629.629630  -308.641975  -0.00019245432453713913
 4629.629630  -185.185185  -0.00019267148228196922
 4629.629630   -61.728395  -0.00019280305271027735
 4629.629630    61.728395  -0.00019280305271029307
 4629.629630   185.185185  -0.00019267148228199824
 4629.629630   308.641975  -0.00019245432453717049
 4629.629630   432.098765  -0.00019214611504434867
 4629.629630   555.555556  -0.00019174108722309113
 4629.629630   679.012346  -0.00019124543130504218
 4629.629630   802.469136  -0.00019065270412864426
 4629.629630   925.925926  -0.00019004433437316482
 4629.629630  1049.382716  -0.00018937842953597282
 4629.629630  1172.839506  -0.00018871526771587432
 4629.629630  1296.296296  -0.00018815291863517492
 4629.629630  1419.753086  -0.00018737016196684889
 4629.629630  1543.209877  -0.00018646274277402916
 4629.629630  1666.666667  -0.00018596576079190277
 4629.629630  1790.123457  -0.00018561227112401615
 4629.629630  1913.580247  -0.00018521603015679450
 4629.629630  2037.037037  -0.00018347809984067202
 4629.629630  2160.493827  -0.00018364193568399292
 4629.629630  2283.950617  -0.00018274426383467791
 4629.629630  2407.407407  -0.00018327957675877169
 4629.629630  2530.864198  -0.00017332320462785700
 4629.629630  2654.320988  -0.00019176370029621345
 4629.629630  2777.777778  -0.00018833782469716343
 4629.629630  2901.234568  -0.00017808452339432849
 4629.629630  3024.691358  -0.00017111948573532131
 4629.629630  3148.148148  -0.00017017908381819865
 4629.629630  3271.604938  -0.00017480620987171810
 4629.629630  3395.061728  -0.00018194587161879318
 4629.629630  3518.518519  -0.00018728980045737138
 4629.629630  3641.975309  -0.00018832276229405854
 4629.629630  3765.432099  -0.00018518535385540232
 4629.629630  3888.888889  -0.00017711778143743434
 4629.629630  4012.345679  -0.00016831581774137908
 4629.629630  4135.802469  -0.00016158853077950276
 4629.629630  4259.259259  -0.00016073072644363193
 4629.629630  4382.716049  -0.00016882458127375394
 4629.629630  4506.172840  -0.00018351454398970906
 4629.629630  4629.629630  -0.00019506269312216209
 4629.629630  4753.086420  -0.00018923004881988935
 4629.629630  4876.543210  -0.00013180443694932252

 4753.086420 -5000.000000  0.00000486670716987743
 4753.086420 -4876.543210  -0.00013499644419330848
 4753.086420 -4753.086420  -0.00019477424157940867
 4753.086420 -4629.629630  -0.00020086129295020442
 4753.086420 -4506.172840  -0.00018897533985235757
 4753.086420 -4382.716049  -0.00017369152506514036
 4753.086420 -4259.259259  -0.00016528705226807341
 4753.086420 -4135.802469  -0.00016625206627013454
 4753.086420 -4012.345679  -0.00017326527149378573
 4753.086420 -3888.888889  -0.00018237478464529425
 4753.086420 -3765.432099  -0.00019079511712056352
 4753.086420 -3641.975309  -0.00019398331251819129
 4753.086420 -3518.518519  -0.00019293110568038596
 4753.086420 -3395.061728  -0.00018736836200164094
 4753.086420 -3271.604938  -0.00017993586336281618
 4753.086420 -3148.148148  -0.00017512089503848039
 4753.086420 -3024.691358  -0.00017611453630200281
 4753.086420 -2901.234568  -0.00018335343408272992
 4753.086420 -2777.777778  -0.00019395061375615272
 4753.086420 -2654.320988  -0.00019741925967804689
 4753.086420 -2530.864198  -0.00017830928982276163
 4753.086420 -2407.407407  -0.00018878302267729758
 4753.086420 -2283.950617  -0.00018813871941222420
 4753.086420 -2160.493827  -0.00018897451533741170
 4753.086420 -2037.037037  -0.00018876988079688465
 4753.086420 -1913.580247  -0.00019055635273623129
 4753.086420 -1790.123457  -0.00019092922337013039
 4753.086420 -1666.666667  -0.00019121672060425175
 4753.086420 -1543.209877  -0.00019163455082683273
 4753.086420 -1419.753086  -0.00019249286973044343
 4753.086420 -1296.296296  -0.00019321411923384747
 4753.086420 -1172.839506  -0.00019367944829007071
 4753.086420 -1049.382716  -0.00019427172679234366
 4753.086420  -925.925926  -0.00019486278683182080
 4753.086420  -802.469136  -0.00019540351652572185
 4753.086420  -679.012346  -0.00019593432181509029
 4753.086420  -555.555556  -0.00019636922892915699
 4753.086420  -432.098765  -0.00019671410969451754
 4753.086420  -308.641975  -0.00019696975564027904
 4753.086420  -185.185185  -0.00019715637137257441
 4753.086420   -61.728395  -0.00019729885374014032
 4753.086420    61.728395  -0.00019729885374015520
 4753.086420   185.185185  -0.00019715637137259899
 4753.086420   308.641975  -0.00019696975564030753
 4753.086420   432.098765  -0.00019671410969455068
 4753.086420   555.555556  -0.00019636922892918429
 4753.086420   679.012346  -0.00019593432181513499
 4753.086420   802.469136  -0.00019540351652576124
 4753.086420   925.925926  -0.00019486278683186159
 4753.086420  1049.382716  -0.00019427172679238562
 4753.086420  1172.839506  -0.00019367944829011075
 4753.086420  1296.296296  -0.00019321411923389943
 4753.086420  1419.753086  -0.00019249286973049769
 4753.086420  1543.209877  -0.00019163455082688602
 4753.086420  1666.666667  -0.00019121672060431048
 4753.086420  1790.123457  -0.00019092922337018544
 4753.086420  1913.580247  -0.00019055635273630231
 4753.086420  2037.037037  -0.00018876988079694320
 4753.086420  2160.493827  -0.00018897451533746878
 4753.086420  2283.950617  -0.00018813871941227435
 4753.086420  2407.407407  -0.00018878302267734810
 4753.086420  2530.864198  -0.00017830928982275480
 4753.086420  2654.320988  -0.00019741925967807955
 4753.086420  2777.777778  -0.00019395061375620165
 4753.086420  2901.234568  -0.00018335343408277971
 4753.086420  3024.691358  -0.00017611453630203205
 4753.086420  3148.148148  -0.00017512089503849603
 4753.086420  3271.604938  -0.00017993586336281775
 4753.086420  3395.061728  -0.00018736836200163219
 4753.086420  3518.518519  -0.00019293110568037816
 4753.086420  3641.975309  -0.00019398331251818134
 4753.086420  3765.432099  -0.00019079511712056458
 4753.086420  3888.888889  -0.00018237478464530997
 4753.086420  4012.345679  -0.00017326527149380189
 4753.086420  4135.802469  -0.00016625206627015083
 4753.086420  4259.259259  -0.00016528705226807435
 4753.086420  4382.716049  -0.00017369152506511819
 4753.086420  4506.172840  -0.00018897533985231358
 4753.086420  4629.629630  -0.00020086129295014029
 4753.086420  4753.086420  -0.00019477424157934449
 4753.086420  4876.543210  -0.00013499644419328959

 4876.543210 -5000.000000  0.00002032514976593908
 4876.543210 -4876.543210  -0.00007136014452427809
 4876.543210 -4753.086420  -0.00014097364193572256
 4876.543210 -4629.629630  -0.00014559606501572510
 4876.543210 -4506.172840  -0.00013582150931465181
 4876.543210 -4382.716049  -0.00011676340262721088
 4876.543210 -4259.259259  -0.00010595044400435322
 4876.543210 -4135.802469  -0.00010814961890701626
 4876.543210 -4012.345679  -0.00011580787524031626
 4876.543210 -3888.888889  -0.00012449628662428375
 4876.543210 -3765.432099  -0.00013450322146746582
 4876.543210 -3641.975309  -0.00013746753773654318
 4876.543210 -3518.518519  -0.00013635937194061111
 4876.543210 -3395.061728  -0.00013014065468943106
 4876.543210 -3271.604938  -0.00012200488447912707
 4876.543210 -3148.148148  -0.00011659495031539899
 4876.543210 -3024.691358  -0.00011764642916271119
 4876.543210 -2901.234568  -0.00012549198992442076
 4876.543210 -2777.777778  -0.00013692159612609223
 4876.543210 -2654.320988  -0.00014050633026213140
 4876.543210 -2530.864198  -0.00011962049602605768
 4876.543210 -2407.407407  -0.00013130206422853590
 4876.543210 -2283.950617  -0.00013052049715591349
 4876.543210 -2160.493827  -0.00013126440611359712
 4876.543210 -2037.037037  -0.00013089593202320613
 4876.543210 -1913.580247  -0.00013272033266504231
 4876.543210 -1790.123457  -0.00013298321305691489
 4876.543210 -1666.666667  -0.00013312445419193678
 4876.543210 -1543.209877  -0.00013340483542964151
 4876.543210 -1419.753086  -0.00013419161902471184
 4876.543210 -1296.296296  -0.00013481720887659738
 4876.543210 -1172.839506  -0.00013514212235734969
 4876.543210 -1049.382716  -0.00013562235283317005
 4876.543210  -925.925926  -0.00013609585970062447
 4876.543210  -802.469136  -0.00013652686525766550
 4876.543210  -679.012346  -0.00013696299576531595
 4876.543210  -555.555556  -0.00013731169407572703
 4876.543210  -432.098765  -0.00013758215017858558
 4876.543210  -308.641975  -0.00013778014238124790
 4876.543210  -185.185185  -0.00013792969000166744
 4876.543210   -61.728395  -0.00013804641167080870
 4876.543210    61.728395  -0.00013804641167082621
 4876.543210   185.185185  -0.00013792969000169387
 4876.543210   308.641975  -0.00013778014238128081
 4876.543210   432.098765  -0.00013758215017862219
 4876.543210   555.555556  -0.00013731169407576129
 4876.543210   679.012346  -0.00013696299576536114
 4876.543210   802.469136  -0.00013652686525770751
 4876.543210   925.925926  -0.00013609585970066637
 4876.543210  1049.382716  -0.00013562235283321312
 4876.543210  1172.839506  -0.00013514212235739184
 4876.543210  1296.296296  -0.00013481720887665184
 4876.543210  1419.753086  -0.00013419161902477014
 4876.543210  1543.209877  -0.00013340483542970260
 4876.543210  1666.666667  -0.00013312445419200555
 4876.543210  1790.123457  -0.00013298321305698331
 4876.543210  1913.580247  -0.00013272033266512021
 4876.543210  2037.037037  -0.00013089593202327598
 4876.543210  2160.493827  -0.00013126440611366561
 4876.543210  2283.950617  -0.00013052049715597439
 4876.543210  2407.407407  -0.00013130206422859848
 4876.543210  2530.864198  -0.00011962049602605447
 4876.543210  2654.320988  -0.00014050633026217404
 4876.543210  2777.777778  -0.00013692159612615763
 4876.543210  2901.234568  -0.00012549198992448790
 4876.543210  3024.691358  -0.00011764642916275921
 4876.543210  3148.148148  -0.00011659495031543130
 4876.543210  3271.604938  -0.00012200488447914529
 4876.543210  3395.061728  -0.00013014065468944071
 4876.543210  3518.518519  -0.00013635937194062220
 4876.543210  3641.975309  -0.00013746753773655494
 4876.543210  3765.432099  -0.00013450322146748729
 4876.543210  3888.888889  -0.00012449628662431901
 4876.543210  4012.345679  -0.00011580787524035043
 4876.543210  4135.802469  -0.00010814961890704895
 4876.543210  4259.259259  -0.00010595044400437436
 4876.543210  4382.716049  -0.00011676340262720722
 4876.543210  4506.172840  -0.00013582150931462452
 4876.543210  4629.629630  -0.00014559606501568444
 4876.543210  4753.086420  -0.00014097364193568624
 4876.543210  4876.543210  -0.00007136014452429926

