-5000.000000 -5000.000000  -0.00001285400938156329
-5000.000000 -4876.543210  0.00000009744177872159
-5000.000000 -4753.086420  0.00004311534124293478
-5000.000000 -4629.629630  0.00004611244776567805
-5000.000000 -4506.172840  0.00004075441996553952
-5000.000000 -4382.716049  0.00002668883670870658
-5000.000000 -4259.259259  0.00001937396344822696
-5000.000000 -4135.802469  0.00002198703563886774
-5000.000000 -4012.345679  0.00002653713187334736
-5000.000000 -3888.888889  0.00002974735674745810
-5000.000000 -3765.432099  0.00003629852460986328
-5000.000000 -3641.975309  0.00003738420069539226
-5000.000000 -3518.518519  0.00003596531685210961
-5000.000000 -3395.061728  0.00003184060780901754
-5000.000000 -3271.604938  0.00002748651062378798
-5000.000000 -3148.148148  0.00002454892889234581
-5000.000000 -3024.691358  0.00002494677313711890
-5000.000000 -2901.234568  0.00002868230712718728
-5000.000000 -2777.777778  0.00003606556508542636
-5000.000000 -2654.320988  0.00003785874503465294
-5000.000000 -2530.864198  0.00002132677165606032
-5000.000000 -2407.407407  0.00004495848902124312
-5000.000000 -2283.950617  0.00003888652480581660
-5000.000000 -2160.493827  0.00004161650206412435
-5000.000000 -2037.037037  0.00003997032636108934
-5000.000000 -1913.580247  0.00004221404066921099
-5000.000000 -1790.123457  0.00004137381075338130
-5000.000000 -1666.666667  0.00004145447271052543
-5000.000000 -1543.209877  0.00004170379335770267
-5000.000000 -1419.753086  0.00004126148355360404
-5000.000000 -1296.296296  0.00004120064602251309
-5000.000000 -1172.839506  0.00004118518449623870
-5000.000000 -1049.382716  0.00004127167647799912
-5000.000000  -925.925926  0.00004146193600892265
-5000.000000  -802.469136  0.00004171078929090492
-5000.000000  -679.012346  0.00004190730265442013
-5000.000000  -555.555556  0.00004200135930922945
-5000.000000  -432.098765  0.00004193385620172447
-5000.000000  -308.641975  0.00004174740183392981
-5000.000000  -185.185185  0.00004161554909419446
-5000.000000   -61.728395  0.00004196930809655472
-5000.000000    61.728395  0.00004196930809654787
-5000.000000   185.185185  0.00004161554909420982
-5000.000000   308.641975  0.00004174740183395361
-5000.000000   432.098765  0.00004193385620175759
-5000.000000   555.555556  0.00004200135930926734
-5000.000000   679.012346  0.00004190730265447061
-5000.000000   802.469136  0.00004171078929096278
-5000.000000   925.925926  0.00004146193600899226
-5000.000000  1049.382716  0.00004127167647807973
-5000.000000  1172.839506  0.00004118518449632524
-5000.000000  1296.296296  0.00004120064602261148
-5000.000000  1419.753086  0.00004126148355370916
-5000.000000  1543.209877  0.00004170379335781187
-5000.000000  1666.666667  0.00004145447271064604
-5000.000000  1790.123457  0.00004137381075351215
-5000.000000  1913.580247  0.00004221404066935603
-5000.000000  2037.037037  0.00003997032636124634
-5000.000000  2160.493827  0.00004161650206429500
-5000.000000  2283.950617  0.00003888652480599360
-5000.000000  2407.407407  0.00004495848902140390
-5000.000000  2530.864198  0.00002132677165617113
-5000.000000  2654.320988  0.00003785874503484444
-5000.000000  2777.777778  0.00003606556508560549
-5000.000000  2901.234568  0.00002868230712732423
-5000.000000  3024.691358  0.00002494677313722789
-5000.000000  3148.148148  0.00002454892889245849
-5000.000000  3271.604938  0.00002748651062393095
-5000.000000  3395.061728  0.00003184060780920231
-5000.000000  3518.518519  0.00003596531685232954
-5000.000000  3641.975309  0.00003738420069562186
-5000.000000  3765.432099  0.00003629852461009719
-5000.000000  3888.888889  0.00002974735674765579
-5000.000000  4012.345679  0.00002653713187352837
-5000.000000  4135.802469  0.00002198703563902699
-5000.000000  4259.259259  0.00001937396344837720
-5000.000000  4382.716049  0.00002668883670891008
-5000.000000  4506.172840  0.00004075441996584688
-5000.000000  4629.629630  0.00004611244776602899
-5000.000000  4753.086420  0.00004311534124326826
-5000.000000  4876.543210  0.00000009744177875845

-4876.543210 -5000.000000  -0.00000151589610173755
-4876.543210 -4876.543210  0.00010278295644973386
-4876.543210 -4753.086420  0.00016509932105327811
-4876.543210 -4629.629630  0.00017194194006288328
-4876.543210 -4506.172840  0.00015239261995439327
-4876.543210 -4382.716049  0.00013053967580231956
-4876.543210 -4259.259259  0.00012337654953198921
-4876.543210 -4135.802469  0.00013136983454304157
-4876.543210 -4012.345679  0.00014306156067424357
-4876.543210 -3888.888889  0.00014859964462864242
-4876.543210 -3765.432099  0.00016334805085684159
-4876.543210 -3641.975309  0.00015107423597943487
-4876.543210 -3518.518519  0.00015432573236151694
-4876.543210 -3395.061728  0.00014504921103721647
-4876.543210 -3271.604938  0.00012776523646396869
-4876.543210 -3148.148148  0.00012476170183459801
-4876.543210 -3024.691358  0.00014175175978524225
-4876.543210 -2901.234568  0.00016452628159196046
-4876.543210 -2777.777778  0.00016515192471777229
-4876.543210 -2654.320988  0.00013139223645971171
-4876.543210 -2530.864198  0.00011151705847996330
-4876.543210 -2407.407407  0.00016129647072202628
-4876.543210 -2283.950617  0.00013135667914818429
-4876.543210 -2160.493827  0.00010452022973689193
-4876.543210 -2037.037037  0.00011044676076110984
-4876.543210 -1913.580247  0.00012904538668048171
-4876.543210 -1790.123457  0.00013939027564766057
-4876.543210 -1666.666667  0.00013410774813928789
-4876.543210 -1543.209877  0.00012531944983282730
-4876.543210 -1419.753086  0.00012860463554973406
-4876.543210 -1296.296296  0.00012499095787425754
-4876.543210 -1172.839506  0.00012031176364222360
-4876.543210 -1049.382716  0.00011962923515247512
-4876.543210  -925.925926  0.00012300874266503835
-4876.543210  -802.469136  0.00012662454884364665
-4876.543210  -679.012346  0.00013062967160940015
-4876.543210  -555.555556  0.00013118269668794998
-4876.543210  -432.098765  0.00012801345817044709
-4876.543210  -308.641975  0.00012233412263470866
-4876.543210  -185.185185  0.00011857435814722986
-4876.543210   -61.728395  0.00012708952610993301
-4876.543210    61.728395  0.00012708952610995195
-4876.543210   185.185185  0.00011857435814731146
-4876.543210   308.641975  0.00012233412263489634
-4876.543210   432.098765  0.00012801345817074896
-4876.543210   555.555556  0.00013118269668835209
-4876.543210   679.012346  0.00013062967160991417
-4876.543210   802.469136  0.00012662454884422919
-4876.543210   925.925926  0.00012300874266569045
-4876.543210  1049.382716  0.00011962923515318410
-4876.543210  1172.839506  0.00012031176364302676
-4876.543210  1296.296296  0.00012499095787516949
-4876.543210  1419.753086  0.00012860463555076300
-4876.543210  1543.209877  0.00012531944983390096
-4876.543210  1666.666667  0.00013410774814048176
-4876.543210  1790.123457  0.00013939027564897167
-4876.543210  1913.580247  0.00012904538668185770
-4876.543210  2037.037037  0.00011044676076248134
-4876.543210  2160.493827  0.00010452022973833953
-4876.543210  2283.950617  0.00013135667914984027
-4876.543210  2407.407407  0.00016129647072390482
-4876.543210  2530.864198  0.00011151705848159277
-4876.543210  2654.320988  0.00013139223646178863
-4876.543210  2777.777778  0.00016515192472003461
-4876.543210  2901.234568  0.00016452628159415659
-4876.543210  3024.691358  0.00014175175978732474
-4876.543210  3148.148148  0.00012476170183670985
-4876.543210  3271.604938  0.00012776523646628669
-4876.543210  3395.061728  0.00014504921103983509
-4876.543210  3518.518519  0.00015432573236436400
-4876.543210  3641.975309  0.00015107423598236609
-4876.543210  3765.432099  0.00016334805085987291
-4876.543210  3888.888889  0.00014859964463156622
-4876.543210  4012.345679  0.00014306156067709461
-4876.543210  4135.802469  0.00013136983454583489
-4876.543210  4259.259259  0.00012337654953484213
-4876.543210  4382.716049  0.00013053967580546212
-4876.543210  4506.172840  0.00015239261995801532
-4876.543210  4629.629630  0.00017194194006692548
-4876.543210  4753.086420  0.00016509932105728735
-4876.543210  4876.543210  0.00010278295645259701

-4753.086420 -5000.000000  0.00004015924524826947
-4753.086420 -4876.543210  0.00015972978325712133
-4753.086420 -4753.086420  0.00011933776003258271
-4753.086420 -4629.629630  0.00012318185710191956
-4753.086420 -4506.172840  0.00010947959317598920
-4753.086420 -4382.716049  0.00011988732581532256
-4753.086420 -4259.259259  0.00013168599946358916
-4753.086420 -4135.802469  0.00013563136461839601
-4753.086420 -4012.345679  0.00013889526602494366
-4753.086420 -3888.888889  0.00013648062897229888
-4753.086420 -3765.432099  0.00013838527257123737
-4753.086420 -3641.975309  0.00011782165325529348
-4753.086420 -3518.518519  0.00012639157570973019
-4753.086420 -3395.061728  0.00012554126915834186
-4753.086420 -3271.604938  0.00011440833696244417
-4753.086420 -3148.148148  0.00011907728395415156
-4753.086420 -3024.691358  0.00014134121747844396
-4753.086420 -2901.234568  0.00016104903110054198
-4753.086420 -2777.777778  0.00014110579914196095
-4753.086420 -2654.320988  0.00008977550748215756
-4753.086420 -2530.864198  0.00011387142731983260
-4753.086420 -2407.407407  0.00015440372261023183
-4753.086420 -2283.950617  0.00012693609742893703
-4753.086420 -2160.493827  0.00008473973527951992
-4753.086420 -2037.037037  0.00009571860791796141
-4753.086420 -1913.580247  0.00011690730408693712
-4753.086420 -1790.123457  0.00013257814998261571
-4753.086420 -1666.666667  0.00012494994077744077
-4753.086420 -1543.209877  0.00011237869389573507
-4753.086420 -1419.753086  0.00011819529161858231
-4753.086420 -1296.296296  0.00011362148257562817
-4753.086420 -1172.839506  0.00010732252875703974
-4753.086420 -1049.382716  0.00010624222371268472
-4753.086420  -925.925926  0.00011049017567125969
-4753.086420  -802.469136  0.00011486992378350411
-4753.086420  -679.012346  0.00011994074987326089
-4753.086420  -555.555556  0.00012054961591700566
-4753.086420  -432.098765  0.00011650714450826660
-4753.086420  -308.641975  0.00010934059249395424
-4753.086420  -185.185185  0.00010461648912545107
-4753.086420   -61.728395  0.00011531335531941287
-4753.086420    61.728395  0.00011531335531945597
-4753.086420   185.185185  0.00010461648912555117
-4753.086420   308.641975  0.00010934059249417687
-4753.086420   432.098765  0.00011650714450862906
-4753.086420   555.555556  0.00012054961591749897
-4753.086420   679.012346  0.00011994074987388592
-4753.086420   802.469136  0.00011486992378420595
-4753.086420   925.925926  0.00011049017567204011
-4753.086420  1049.382716  0.00010624222371353091
-4753.086420  1172.839506  0.00010732252875801613
-4753.086420  1296.296296  0.00011362148257673454
-4753.086420  1419.753086  0.00011819529161984306
-4753.086420  1543.209877  0.00011237869389704731
-4753.086420  1666.666667  0.00012494994077890615
-4753.086420  1790.123457  0.00013257814998422760
-4753.086420  1913.580247  0.00011690730408861915
-4753.086420  2037.037037  0.00009571860791962535
-4753.086420  2160.493827  0.00008473973528126151
-4753.086420  2283.950617  0.00012693609743095276
-4753.086420  2407.407407  0.00015440372261258607
-4753.086420  2530.864198  0.00011387142732188909
-4753.086420  2654.320988  0.00008977550748454903
-4753.086420  2777.777778  0.00014110579914463785
-4753.086420  2901.234568  0.00016104903110325525
-4753.086420  3024.691358  0.00014134121748109188
-4753.086420  3148.148148  0.00011907728395683921
-4753.086420  3271.604938  0.00011440833696532968
-4753.086420  3395.061728  0.00012554126916152801
-4753.086420  3518.518519  0.00012639157571312916
-4753.086420  3641.975309  0.00011782165325877858
-4753.086420  3765.432099  0.00013838527257485338
-4753.086420  3888.888889  0.00013648062897588374
-4753.086420  4012.345679  0.00013889526602848341
-4753.086420  4135.802469  0.00013563136462192669
-4753.086420  4259.259259  0.00013168599946723517
-4753.086420  4382.716049  0.00011988732581920983
-4753.086420  4506.172840  0.00010947959318024718
-4753.086420  4629.629630  0.00012318185710666178
-4753.086420  4753.086420  0.00011933776003730497
-4753.086420  4876.543210  0.00015972978326114141

-4629.629630 -5000.000000  0.00004207257408565034
-4629.629630 -4876.543210  0.00016325787519703554
-4629.629630 -4753.086420  0.00012110053209596267
-4629.629630 -4629.629630  0.00012577822335937941
-4629.629630 -4506.172840  0.00011149229718493756
-4629.629630 -4382.716049  0.00012209032528674493
-4629.629630 -4259.259259  0.00013422752281004420
-4629.629630 -4135.802469  0.00013834678805214147
-4629.629630 -4012.345679  0.00014161973681273038
-4629.629630 -3888.888889  0.00013875800927645602
-4629.629630 -3765.432099  0.00014078711538470775
-4629.629630 -3641.975309  0.00011988821040750610
-4629.629630 -3518.518519  0.00012856251201647287
-4629.629630 -3395.061728  0.00012781277294529763
-4629.629630 -3271.604938  0.00011666967726267803
-4629.629630 -3148.148148  0.00012162001069645485
-4629.629630 -3024.691358  0.00014408412374473147
-4629.629630 -2901.234568  0.00016337003492180259
-4629.629630 -2777.777778  0.00014333046010748648
-4629.629630 -2654.320988  0.00009168042990246025
-4629.629630 -2530.864198  0.00011890247881907470
-4629.629630 -2407.407407  0.00018297200208485147
-4629.629630 -2283.950617  0.00015326644997164221
-4629.629630 -2160.493827  0.00011219017590282443
-4629.629630 -2037.037037  0.00012219126816800298
-4629.629630 -1913.580247  0.00014472885972366124
-4629.629630 -1790.123457  0.00015999398979429656
-4629.629630 -1666.666667  0.00015225060073963869
-4629.629630 -1543.209877  0.00013974342167293231
-4629.629630 -1419.753086  0.00014567896622146511
-4629.629630 -1296.296296  0.00014124144482480583
-4629.629630 -1172.839506  0.00013499136737556689
-4629.629630 -1049.382716  0.00013401135574201166
-4629.629630  -925.925926  0.00013841611705640299
-4629.629630  -802.469136  0.00014293823872285957
-4629.629630  -679.012346  0.00014816254619404376
-4629.629630  -555.555556  0.00014888493629174016
-4629.629630  -432.098765  0.00014492210278188179
-4629.629630  -308.641975  0.00013780162148086027
-4629.629630  -185.185185  0.00013311248489364155
-4629.629630   -61.728395  0.00014390542070151537
-4629.629630    61.728395  0.00014390542070156096
-4629.629630   185.185185  0.00013311248489376079
-4629.629630   308.641975  0.00013780162148110766
-4629.629630   432.098765  0.00014492210278227604
-4629.629630   555.555556  0.00014888493629226906
-4629.629630   679.012346  0.00014816254619471258
-4629.629630   802.469136  0.00014293823872360995
-4629.629630   925.925926  0.00013841611705724330
-4629.629630  1049.382716  0.00013401135574293247
-4629.629630  1172.839506  0.00013499136737663044
-4629.629630  1296.296296  0.00014124144482601322
-4629.629630  1419.753086  0.00014567896622283197
-4629.629630  1543.209877  0.00013974342167435619
-4629.629630  1666.666667  0.00015225060074122604
-4629.629630  1790.123457  0.00015999398979603890
-4629.629630  1913.580247  0.00014472885972548823
-4629.629630  2037.037037  0.00012219126816982132
-4629.629630  2160.493827  0.00011219017590473279
-4629.629630  2283.950617  0.00015326644997383146
-4629.629630  2407.407407  0.00018297200208737232
-4629.629630  2530.864198  0.00011890247882122160
-4629.629630  2654.320988  0.00009168042990492391
-4629.629630  2777.777778  0.00014333046011023675
-4629.629630  2901.234568  0.00016337003492459620
-4629.629630  3024.691358  0.00014408412374746198
-4629.629630  3148.148148  0.00012162001069922700
-4629.629630  3271.604938  0.00011666967726565123
-4629.629630  3395.061728  0.00012781277294857517
-4629.629630  3518.518519  0.00012856251201996642
-4629.629630  3641.975309  0.00011988821041108661
-4629.629630  3765.432099  0.00014078711538842274
-4629.629630  3888.888889  0.00013875800928014282
-4629.629630  4012.345679  0.00014161973681637820
-4629.629630  4135.802469  0.00013834678805578111
-4629.629630  4259.259259  0.00013422752281380508
-4629.629630  4382.716049  0.00012209032529075008
-4629.629630  4506.172840  0.00011149229718932005
-4629.629630  4629.629630  0.00012577822336426599
-4629.629630  4753.086420  0.00012110053210081780
-4629.629630  4876.543210  0.00016325787520120422

-4506.172840 -5000.000000  0.00003580030803210595
-4506.172840 -4876.543210  0.00013886782609455532
-4506.172840 -4753.086420  0.00010255683895737147
-4506.172840 -4629.629630  0.00010610091009431158
-4506.172840 -4506.172840  0.00009359429232572260
-4506.172840 -4382.716049  0.00010258042731239501
-4506.172840 -4259.259259  0.00011311470535837880
-4506.172840 -4135.802469  0.00011689050869472266
-4506.172840 -4012.345679  0.00011991988713781547
-4506.172840 -3888.888889  0.00011745688700448985
-4506.172840 -3765.432099  0.00011950522973417002
-4506.172840 -3641.975309  0.00010061649636912806
-4506.172840 -3518.518519  0.00010848359461439953
-4506.172840 -3395.061728  0.00010766871117888450
-4506.172840 -3271.604938  0.00009732215162060216
-4506.172840 -3148.148148  0.00010170314722099321
-4506.172840 -3024.691358  0.00012214724961288954
-4506.172840 -2901.234568  0.00013979272903403005
-4506.172840 -2777.777778  0.00012172845222499535
-4506.172840 -2654.320988  0.00007478442832550196
-4506.172840 -2530.864198  0.00009956317805021564
-4506.172840 -2407.407407  0.00015998724187624104
-4506.172840 -2283.950617  0.00013297078313954044
-4506.172840 -2160.493827  0.00009566432285812759
-4506.172840 -2037.037037  0.00010469722401758683
-4506.172840 -1913.580247  0.00012532747884042730
-4506.172840 -1790.123457  0.00013921647776183753
-4506.172840 -1666.666667  0.00013217766201309002
-4506.172840 -1543.209877  0.00012083596460268770
-4506.172840 -1419.753086  0.00012633136065918831
-4506.172840 -1296.296296  0.00012237026591837793
-4506.172840 -1172.839506  0.00011674769742599265
-4506.172840 -1049.382716  0.00011592436167264997
-4506.172840  -925.925926  0.00011999751168335232
-4506.172840  -802.469136  0.00012417209882117816
-4506.172840  -679.012346  0.00012898949161411778
-4506.172840  -555.555556  0.00012970807389198143
-4506.172840  -432.098765  0.00012616369806244516
-4506.172840  -308.641975  0.00011974310523170196
-4506.172840  -185.185185  0.00011552236643270304
-4506.172840   -61.728395  0.00012535156484223342
-4506.172840    61.728395  0.00012535156484226785
-4506.172840   185.185185  0.00011552236643281342
-4506.172840   308.641975  0.00011974310523193277
-4506.172840   432.098765  0.00012616369806280956
-4506.172840   555.555556  0.00012970807389247146
-4506.172840   679.012346  0.00012898949161473837
-4506.172840   802.469136  0.00012417209882187747
-4506.172840   925.925926  0.00011999751168413943
-4506.172840  1049.382716  0.00011592436167351245
-4506.172840  1172.839506  0.00011674769742698452
-4506.172840  1296.296296  0.00012237026591950620
-4506.172840  1419.753086  0.00012633136066046781
-4506.172840  1543.209877  0.00012083596460402284
-4506.172840  1666.666667  0.00013217766201457421
-4506.172840  1790.123457  0.00013921647776346483
-4506.172840  1913.580247  0.00012532747884213337
-4506.172840  2037.037037  0.00010469722401928681
-4506.172840  2160.493827  0.00009566432285991533
-4506.172840  2283.950617  0.00013297078314158340
-4506.172840  2407.407407  0.00015998724187859164
-4506.172840  2530.864198  0.00009956317805219461
-4506.172840  2654.320988  0.00007478442832778168
-4506.172840  2777.777778  0.00012172845222754103
-4506.172840  2901.234568  0.00013979272903660912
-4506.172840  3024.691358  0.00012214724961540945
-4506.172840  3148.148148  0.00010170314722355007
-4506.172840  3271.604938  0.00009732215162334436
-4506.172840  3395.061728  0.00010766871118190815
-4506.172840  3518.518519  0.00010848359461762338
-4506.172840  3641.975309  0.00010061649637243328
-4506.172840  3765.432099  0.00011950522973759950
-4506.172840  3888.888889  0.00011745688700788943
-4506.172840  4012.345679  0.00011991988714117643
-4506.172840  4135.802469  0.00011689050869807687
-4506.172840  4259.259259  0.00011311470536184611
-4506.172840  4382.716049  0.00010258042731608827
-4506.172840  4506.172840  0.00009359429232976750
-4506.172840  4629.629630  0.00010610091009882632
-4506.172840  4753.086420  0.00010255683896185966
-4506.172840  4876.543210  0.00013886782609840524

-4382.716049 -5000.000000  0.00002095772649045442
-4382.716049 -4876.543210  0.00011199350501521743
-4382.716049 -4753.086420  0.00010795224631047917
-4382.716049 -4629.629630  0.00011168911704439717
-4382.716049 -4506.172840  0.00009814809437249064
-4382.716049 -4382.716049  0.00009703075150537118
-4382.716049 -4259.259259  0.00010136614592750586
-4382.716049 -4135.802469  0.00010617867537222383
-4382.716049 -4012.345679  0.00011158775525691784
-4382.716049 -3888.888889  0.00011162520259401272
-4382.716049 -3765.432099  0.00011741520279799022
-4382.716049 -3641.975309  0.00010156676401458751
-4382.716049 -3518.518519  0.00010760737593119462
-4382.716049 -3395.061728  0.00010426655898048032
-4382.716049 -3271.604938  0.00009229270827532735
-4382.716049 -3148.148148  0.00009418366539790964
-4382.716049 -3024.691358  0.00011246490454265370
-4382.716049 -2901.234568  0.00013062162045909568
-4382.716049 -2777.777778  0.00011915132803360704
-4382.716049 -2654.320988  0.00007870150330043187
-4382.716049 -2530.864198  0.00008939205066980894
-4382.716049 -2407.407407  0.00014770609412556644
-4382.716049 -2283.950617  0.00012108808423781279
-4382.716049 -2160.493827  0.00008911768838897707
-4382.716049 -2037.037037  0.00009654664618642901
-4382.716049 -1913.580247  0.00011565631924013455
-4382.716049 -1790.123457  0.00012766120840175559
-4382.716049 -1666.666667  0.00012151150453818278
-4382.716049 -1543.209877  0.00011158198113512504
-4382.716049 -1419.753086  0.00011619634937375066
-4382.716049 -1296.296296  0.00011262169926234167
-4382.716049 -1172.839506  0.00010762852748163742
-4382.716049 -1049.382716  0.00010694186762781767
-4382.716049  -925.925926  0.00011064481514103282
-4382.716049  -802.469136  0.00011447407607289450
-4382.716049  -679.012346  0.00011884140766625531
-4382.716049  -555.555556  0.00011952361639890230
-4382.716049  -432.098765  0.00011634034612064526
-4382.716049  -308.641975  0.00011054663218511779
-4382.716049  -185.185185  0.00010673848827543115
-4382.716049   -61.728395  0.00011565478195968015
-4382.716049    61.728395  0.00011565478195969995
-4382.716049   185.185185  0.00010673848827553236
-4382.716049   308.641975  0.00011054663218533057
-4382.716049   432.098765  0.00011634034612098176
-4382.716049   555.555556  0.00011952361639935085
-4382.716049   679.012346  0.00011884140766682671
-4382.716049   802.469136  0.00011447407607354578
-4382.716049   925.925926  0.00011064481514176738
-4382.716049  1049.382716  0.00010694186762861994
-4382.716049  1172.839506  0.00010762852748256031
-4382.716049  1296.296296  0.00011262169926339083
-4382.716049  1419.753086  0.00011619634937493808
-4382.716049  1543.209877  0.00011158198113636778
-4382.716049  1666.666667  0.00012151150453956412
-4382.716049  1790.123457  0.00012766120840327017
-4382.716049  1913.580247  0.00011565631924172100
-4382.716049  2037.037037  0.00009654664618801203
-4382.716049  2160.493827  0.00008911768839064532
-4382.716049  2283.950617  0.00012108808423971793
-4382.716049  2407.407407  0.00014770609412773951
-4382.716049  2530.864198  0.00008939205067163117
-4382.716049  2654.320988  0.00007870150330259675
-4382.716049  2777.777778  0.00011915132803600752
-4382.716049  2901.234568  0.00013062162046149697
-4382.716049  3024.691358  0.00011246490454497980
-4382.716049  3148.148148  0.00009418366540026694
-4382.716049  3271.604938  0.00009229270827787003
-4382.716049  3395.061728  0.00010426655898330322
-4382.716049  3518.518519  0.00010760737593421932
-4382.716049  3641.975309  0.00010156676401769420
-4382.716049  3765.432099  0.00011741520280121011
-4382.716049  3888.888889  0.00011162520259717996
-4382.716049  4012.345679  0.00011158775526003695
-4382.716049  4135.802469  0.00010617867537532001
-4382.716049  4259.259259  0.00010136614593069857
-4382.716049  4382.716049  0.00009703075150880652
-4382.716049  4506.172840  0.00009814809437631011
-4382.716049  4629.629630  0.00011168911704866528
-4382.716049  4753.086420  0.00010795224631472237
-4382.716049  4876.543210  0.00011199350501869494

-4259.259259 -5000.000000  0.00001292115436138038
-4259.259259 -4876.543210  0.00009932978266161259
-4259.259259 -4753.086420  0.00011394586393256201
-4259.259259 -4629.629630  0.00011806652595270895
-4259.259259 -4506.172840  0.00010367502108381537
-4259.259259 -4382.716049  0.00009664585455986353
-4259.259259 -4259.259259  0.00009736253973265753
-4259.259259 -4135.802469  0.00010273439088290906
-4259.259259 -4012.345679  0.00010948961679667795
-4259.259259 -3888.888889  0.00011095269815163678
-4259.259259 -3765.432099  0.00011881968720414126
-4259.259259 -3641.975309  0.00010476331257058103
-4259.259259 -3518.518519  0.00010963303469511099
-4259.259259 -3395.061728  0.00010480497352858349
-4259.259259 -3271.604938  0.00009205303784598437
-4259.259259 -3148.148148  0.00009242711091858168
-4259.259259 -3024.691358  0.00010918784537663324
-4259.259259 -2901.234568  0.00012743852442626842
-4259.259259 -2777.777778  0.00011999936216891014
-4259.259259 -2654.320988  0.00008385783205255544
-4259.259259 -2530.864198  0.00008558746341196415
-4259.259259 -2407.407407  0.00013961218830226661
-4259.259259 -2283.950617  0.00011354836436214333
-4259.259259 -2160.493827  0.00008501205437689450
-4259.259259 -2037.037037  0.00009145026360574437
-4259.259259 -1913.580247  0.00010929199335610289
-4259.259259 -1790.123457  0.00012003233691684112
-4259.259259 -1666.666667  0.00011446188506092853
-4259.259259 -1543.209877  0.00010543753349590847
-4259.259259 -1419.753086  0.00010938590676333355
-4259.259259 -1296.296296  0.00010600933742867000
-4259.259259 -1172.839506  0.00010138899389978582
-4259.259259 -1049.382716  0.00010072527632149847
-4259.259259  -925.925926  0.00010410051670793465
-4259.259259  -802.469136  0.00010762108080057666
-4259.259259  -679.012346  0.00011160744265614811
-4259.259259  -555.555556  0.00011220015240698176
-4259.259259  -432.098765  0.00010920904738232653
-4259.259259  -308.641975  0.00010380108692061359
-4259.259259  -185.185185  0.00010024452846098817
-4259.259259   -61.728395  0.00010851736961786238
-4259.259259    61.728395  0.00010851736961787521
-4259.259259   185.185185  0.00010024452846107760
-4259.259259   308.641975  0.00010380108692080510
-4259.259259   432.098765  0.00010920904738263630
-4259.259259   555.555556  0.00011220015240740331
-4259.259259   679.012346  0.00011160744265668190
-4259.259259   802.469136  0.00010762108080118762
-4259.259259   925.925926  0.00010410051670862263
-4259.259259  1049.382716  0.00010072527632224979
-4259.259259  1172.839506  0.00010138899390064661
-4259.259259  1296.296296  0.00010600933742965164
-4259.259259  1419.753086  0.00010938590676444777
-4259.259259  1543.209877  0.00010543753349707486
-4259.259259  1666.666667  0.00011446188506222795
-4259.259259  1790.123457  0.00012003233691826605
-4259.259259  1913.580247  0.00010929199335759691
-4259.259259  2037.037037  0.00009145026360723454
-4259.259259  2160.493827  0.00008501205437846624
-4259.259259  2283.950617  0.00011354836436394034
-4259.259259  2407.407407  0.00013961218830430911
-4259.259259  2530.864198  0.00008558746341368575
-4259.259259  2654.320988  0.00008385783205464306
-4259.259259  2777.777778  0.00011999936217121834
-4259.259259  2901.234568  0.00012743852442856151
-4259.259259  3024.691358  0.00010918784537883910
-4259.259259  3148.148148  0.00009242711092081688
-4259.259259  3271.604938  0.00009205303784840382
-4259.259259  3395.061728  0.00010480497353128229
-4259.259259  3518.518519  0.00010963303469801499
-4259.259259  3641.975309  0.00010476331257356610
-4259.259259  3765.432099  0.00011881968720723768
-4259.259259  3888.888889  0.00011095269815466890
-4259.259259  4012.345679  0.00010948961679965650
-4259.259259  4135.802469  0.00010273439088585546
-4259.259259  4259.259259  0.00009736253973569000
-4259.259259  4382.716049  0.00009664585456314623
-4259.259259  4506.172840  0.00010367502108750350
-4259.259259  4629.629630  0.00011806652595683552
-4259.259259  4753.086420  0.00011394586393666511
-4259.259259  4876.543210  0.00009932978266487566

-4135.802469 -5000.000000  0.00001480135699859422
-4135.802469 -4876.543210  0.00010169986692620654
-4135.802469 -4753.086420  0.00011177706876993653
-4135.802469 -4629.629630  0.00011594342808755736
-4135.802469 -4506.172840  0.00010188561985450222
-4135.802469 -4382.716049  0.00009621317055358961
-4135.802469 -4259.259259  0.00009758479671266575
-4135.802469 -4135.802469  0.00010256917628045032
-4135.802469 -4012.345679  0.00010871908290959689
-4135.802469 -3888.888889  0.00010977127000056737
-4135.802469 -3765.432099  0.00011680138770733037
-4135.802469 -3641.975309  0.00010290704589071329
-4135.802469 -3518.518519  0.00010768814996307489
-4135.802469 -3395.061728  0.00010328497691588121
-4135.802469 -3271.604938  0.00009136330364461620
-4135.802469 -3148.148148  0.00009192762764459320
-4135.802469 -3024.691358  0.00010803889874843395
-4135.802469 -2901.234568  0.00012533127472906020
-4135.802469 -2777.777778  0.00011756535461971971
-4135.802469 -2654.320988  0.00008251544174636543
-4135.802469 -2530.864198  0.00008493115908160054
-4135.802469 -2407.407407  0.00013345172258911163
-4135.802469 -2283.950617  0.00010862329329092146
-4135.802469 -2160.493827  0.00008079580880410796
-4135.802469 -2037.037037  0.00008712337347354336
-4135.802469 -1913.580247  0.00010404243473133367
-4135.802469 -1790.123457  0.00011442408309671546
-4135.802469 -1666.666667  0.00010899787079071110
-4135.802469 -1543.209877  0.00010019766903758028
-4135.802469 -1419.753086  0.00010391366101126963
-4135.802469 -1296.296296  0.00010055976832599621
-4135.802469 -1172.839506  0.00009602190380266636
-4135.802469 -1049.382716  0.00009528383614512302
-4135.802469  -925.925926  0.00009843239531044113
-4135.802469  -802.469136  0.00010172718428606549
-4135.802469  -679.012346  0.00010547102876663670
-4135.802469  -555.555556  0.00010595056685250560
-4135.802469  -432.098765  0.00010298242022913300
-4135.802469  -308.641975  0.00009769820618396539
-4135.802469  -185.185185  0.00009422285841912667
-4135.802469   -61.728395  0.00010218815175443468
-4135.802469    61.728395  0.00010218815175444562
-4135.802469   185.185185  0.00009422285841920436
-4135.802469   308.641975  0.00009769820618413990
-4135.802469   432.098765  0.00010298242022942379
-4135.802469   555.555556  0.00010595056685290951
-4135.802469   679.012346  0.00010547102876715249
-4135.802469   802.469136  0.00010172718428665271
-4135.802469   925.925926  0.00009843239531110004
-4135.802469  1049.382716  0.00009528383614584229
-4135.802469  1172.839506  0.00009602190380348964
-4135.802469  1296.296296  0.00010055976832694137
-4135.802469  1419.753086  0.00010391366101234183
-4135.802469  1543.209877  0.00010019766903870435
-4135.802469  1666.666667  0.00010899787079196832
-4135.802469  1790.123457  0.00011442408309809919
-4135.802469  1913.580247  0.00010404243473278141
-4135.802469  2037.037037  0.00008712337347498295
-4135.802469  2160.493827  0.00008079580880562164
-4135.802469  2283.950617  0.00010862329329266216
-4135.802469  2407.407407  0.00013345172259109661
-4135.802469  2530.864198  0.00008493115908328931
-4135.802469  2654.320988  0.00008251544174841055
-4135.802469  2777.777778  0.00011756535462198758
-4135.802469  2901.234568  0.00012533127473131960
-4135.802469  3024.691358  0.00010803889875060890
-4135.802469  3148.148148  0.00009192762764679371
-4135.802469  3271.604938  0.00009136330364699667
-4135.802469  3395.061728  0.00010328497691853346
-4135.802469  3518.518519  0.00010768814996592773
-4135.802469  3641.975309  0.00010290704589364551
-4135.802469  3765.432099  0.00011680138771038064
-4135.802469  3888.888889  0.00010977127000355920
-4135.802469  4012.345679  0.00010871908291253609
-4135.802469  4135.802469  0.00010256917628336110
-4135.802469  4259.259259  0.00009758479671566427
-4135.802469  4382.716049  0.00009621317055683174
-4135.802469  4506.172840  0.00010188561985813713
-4135.802469  4629.629630  0.00011594342809162756
-4135.802469  4753.086420  0.00011177706877398873
-4135.802469  4876.543210  0.00010169986692945787

-4012.345679 -5000.000000  0.00001860990190101489
-4012.345679 -4876.543210  0.00010802924263338291
-4012.345679 -4753.086420  0.00010923447229882495
-4012.345679 -4629.629630  0.00011324992568178254
-4012.345679 -4506.172840  0.00009961959092129659
-4012.345679 -4382.716049  0.00009669580162743310
-4012.345679 -4259.259259  0.00009959776397090710
-4012.345679 -4135.802469  0.00010407342026570123
-4012.345679 -4012.345679  0.00010942082815520067
-4012.345679 -3888.888889  0.00010976989638291970
-4012.345679 -3765.432099  0.00011567041226722430
-4012.345679 -3641.975309  0.00010167264425598881
-4012.345679 -3518.518519  0.00010670194732855693
-4012.345679 -3395.061728  0.00010306404657047243
-4012.345679 -3271.604938  0.00009184140899502017
-4012.345679 -3148.148148  0.00009298239208774248
-4012.345679 -3024.691358  0.00010918073129163663
-4012.345679 -2901.234568  0.00012598998065507319
-4012.345679 -2777.777778  0.00011664163321456045
-4012.345679 -2654.320988  0.00008071439199374942
-4012.345679 -2530.864198  0.00008572116394888885
-4012.345679 -2407.407407  0.00012669411906346084
-4012.345679 -2283.950617  0.00010276503891782041
-4012.345679 -2160.493827  0.00007383266812335998
-4012.345679 -2037.037037  0.00008064680736401772
-4012.345679 -1913.580247  0.00009713564431039659
-4012.345679 -1790.123457  0.00010781700359351141
-4012.345679 -1666.666667  0.00010226068464429614
-4012.345679 -1543.209877  0.00009321318503338468
-4012.345679 -1419.753086  0.00009694308819035447
-4012.345679 -1296.296296  0.00009343001964711696
-4012.345679 -1172.839506  0.00008872401873430459
-4012.345679 -1049.382716  0.00008786326714174760
-4012.345679  -925.925926  0.00009091750360409469
-4012.345679  -802.469136  0.00009411953220120774
-4012.345679  -679.012346  0.00009778740988375235
-4012.345679  -555.555556  0.00009816906488369107
-4012.345679  -432.098765  0.00009508620639970128
-4012.345679  -308.641975  0.00008968691410507169
-4012.345679  -185.185185  0.00008613723682713461
-4012.345679   -61.728395  0.00009414782495580277
-4012.345679    61.728395  0.00009414782495581658
-4012.345679   185.185185  0.00008613723682720290
-4012.345679   308.641975  0.00008968691410523731
-4012.345679   432.098765  0.00009508620639998806
-4012.345679   555.555556  0.00009816906488409525
-4012.345679   679.012346  0.00009778740988426954
-4012.345679   802.469136  0.00009411953220179394
-4012.345679   925.925926  0.00009091750360474620
-4012.345679  1049.382716  0.00008786326714246075
-4012.345679  1172.839506  0.00008872401873512326
-4012.345679  1296.296296  0.00009343001964806291
-4012.345679  1419.753086  0.00009694308819142721
-4012.345679  1543.209877  0.00009321318503450747
-4012.345679  1666.666667  0.00010226068464555829
-4012.345679  1790.123457  0.00010781700359490320
-4012.345679  1913.580247  0.00009713564431184853
-4012.345679  2037.037037  0.00008064680736545696
-4012.345679  2160.493827  0.00007383266812486847
-4012.345679  2283.950617  0.00010276503891956394
-4012.345679  2407.407407  0.00012669411906546496
-4012.345679  2530.864198  0.00008572116395061327
-4012.345679  2654.320988  0.00008071439199582465
-4012.345679  2777.777778  0.00011664163321687579
-4012.345679  2901.234568  0.00012598998065739084
-4012.345679  3024.691358  0.00010918073129386969
-4012.345679  3148.148148  0.00009298239208999898
-4012.345679  3271.604938  0.00009184140899745739
-4012.345679  3395.061728  0.00010306404657318520
-4012.345679  3518.518519  0.00010670194733146934
-4012.345679  3641.975309  0.00010167264425898210
-4012.345679  3765.432099  0.00011567041227033337
-4012.345679  3888.888889  0.00010976989638597314
-4012.345679  4012.345679  0.00010942082815820357
-4012.345679  4135.802469  0.00010407342026867949
-4012.345679  4259.259259  0.00009959776397397835
-4012.345679  4382.716049  0.00009669580163074504
-4012.345679  4506.172840  0.00009961959092499242
-4012.345679  4629.629630  0.00011324992568592198
-4012.345679  4753.086420  0.00010923447230294838
-4012.345679  4876.543210  0.00010802924263674359

-3888.888889 -5000.000000  0.00002100375174210546
-3888.888889 -4876.543210  0.00010904733354314786
-3888.888889 -4753.086420  0.00010225328550701760
-3888.888889 -4629.629630  0.00010551123692554787
-3888.888889 -4506.172840  0.00009269616612423302
-3888.888889 -4382.716049  0.00009235286949481526
-3888.888889 -4259.259259  0.00009665599084375674
-3888.888889 -4135.802469  0.00010070272649544505
-3888.888889 -4012.345679  0.00010528129784264461
-3888.888889 -3888.888889  0.00010507439660296636
-3888.888889 -3765.432099  0.00010986523715406501
-3888.888889 -3641.975309  0.00009530170338295816
-3888.888889 -3518.518519  0.00010074485338553820
-3888.888889 -3395.061728  0.00009776284553485724
-3888.888889 -3271.604938  0.00008702742454926168
-3888.888889 -3148.148148  0.00008871617913288182
-3888.888889 -3024.691358  0.00010529110318264216
-3888.888889 -2901.234568  0.00012193772452465430
-3888.888889 -2777.777778  0.00011082875512819128
-3888.888889 -2654.320988  0.00007345501134343192
-3888.888889 -2530.864198  0.00008138708025845601
-3888.888889 -2407.407407  0.00011523501221159113
-3888.888889 -2283.950617  0.00009212855824628818
-3888.888889 -2160.493827  0.00006152888808435037
-3888.888889 -2037.037037  0.00006901516694413116
-3888.888889 -1913.580247  0.00008533847640627381
-3888.888889 -1790.123457  0.00009656886977525976
-3888.888889 -1666.666667  0.00009081428088567008
-3888.888889 -1543.209877  0.00008139710295193451
-3888.888889 -1419.753086  0.00008530112437560876
-3888.888889 -1296.296296  0.00008165150278296149
-3888.888889 -1172.839506  0.00007678015396417234
-3888.888889 -1049.382716  0.00007584510952300692
-3888.888889  -925.925926  0.00007891009025854127
-3888.888889  -802.469136  0.00008212266804195854
-3888.888889  -679.012346  0.00008582651161806021
-3888.888889  -555.555556  0.00008616911610617995
-3888.888889  -432.098765  0.00008297571932061186
-3888.888889  -308.641975  0.00007742431150905768
-3888.888889  -185.185185  0.00007377763428983312
-3888.888889   -61.728395  0.00008195305616231934
-3888.888889    61.728395  0.00008195305616233786
-3888.888889   185.185185  0.00007377763428989423
-3888.888889   308.641975  0.00007742431150922249
-3888.888889   432.098765  0.00008297571932090584
-3888.888889   555.555556  0.00008616911610659806
-3888.888889   679.012346  0.00008582651161859279
-3888.888889   802.469136  0.00008212266804256161
-3888.888889   925.925926  0.00007891009025920988
-3888.888889  1049.382716  0.00007584510952373637
-3888.888889  1172.839506  0.00007678015396501135
-3888.888889  1296.296296  0.00008165150278392901
-3888.888889  1419.753086  0.00008530112437670638
-3888.888889  1543.209877  0.00008139710295308230
-3888.888889  1666.666667  0.00009081428088696294
-3888.888889  1790.123457  0.00009656886977668469
-3888.888889  1913.580247  0.00008533847640775721
-3888.888889  2037.037037  0.00006901516694559598
-3888.888889  2160.493827  0.00006152888808588288
-3888.888889  2283.950617  0.00009212855824806497
-3888.888889  2407.407407  0.00011523501221364953
-3888.888889  2530.864198  0.00008138708026023025
-3888.888889  2654.320988  0.00007345501134555454
-3888.888889  2777.777778  0.00011082875513057555
-3888.888889  2901.234568  0.00012193772452704878
-3888.888889  3024.691358  0.00010529110318495034
-3888.888889  3148.148148  0.00008871617913521225
-3888.888889  3271.604938  0.00008702742455177440
-3888.888889  3395.061728  0.00009776284553765364
-3888.888889  3518.518519  0.00010074485338853640
-3888.888889  3641.975309  0.00009530170338603585
-3888.888889  3765.432099  0.00010986523715726538
-3888.888889  3888.888889  0.00010507439660611084
-3888.888889  4012.345679  0.00010528129784574221
-3888.888889  4135.802469  0.00010070272649852188
-3888.888889  4259.259259  0.00009665599084693118
-3888.888889  4382.716049  0.00009235286949822610
-3888.888889  4506.172840  0.00009269616612802500
-3888.888889  4629.629630  0.00010551123692979376
-3888.888889  4753.086420  0.00010225328551125097
-3888.888889  4876.543210  0.00010904733354664109

-3765.432099 -5000.000000  0.00002690166859070269
-3765.432099 -4876.543210  0.00011848961398394013
-3765.432099 -4753.086420  0.00009814365589454577
-3765.432099 -4629.629630  0.00010137713643851615
-3765.432099 -4506.172840  0.00008929331837917392
-3765.432099 -4382.716049  0.00009317258703693822
-3765.432099 -4259.259259  0.00009981577195026496
-3765.432099 -4135.802469  0.00010313937846603258
-3765.432099 -4012.345679  0.00010658912019198959
-3765.432099 -3888.888889  0.00010531918301833170
-3765.432099 -3765.432099  0.00010792818674793119
-3765.432099 -3641.975309  0.00009258091370619827
-3765.432099 -3518.518519  0.00009833630488846995
-3765.432099 -3395.061728  0.00009665372682748272
-3765.432099 -3271.604938  0.00008711568509888184
-3765.432099 -3148.148148  0.00008963777213354484
-3765.432099 -3024.691358  0.00010615546848179289
-3765.432099 -2901.234568  0.00012190693269489450
-3765.432099 -2777.777778  0.00010858651797750234
-3765.432099 -2654.320988  0.00007031517286057925
-3765.432099 -2530.864198  0.00008225830226120069
-3765.432099 -2407.407407  0.00010585684718519873
-3765.432099 -2283.950617  0.00008424857703216829
-3765.432099 -2160.493827  0.00005246983015528261
-3765.432099 -2037.037037  0.00006056321430867849
-3765.432099 -1913.580247  0.00007615261827291897
-3765.432099 -1790.123457  0.00008769156754435264
-3765.432099 -1666.666667  0.00008183068815310315
-3765.432099 -1543.209877  0.00007219028243286973
-3765.432099 -1419.753086  0.00007609816829036706
-3765.432099 -1296.296296  0.00007227279920390596
-3765.432099 -1172.839506  0.00006715051625156246
-3765.432099 -1049.382716  0.00006600994132907297
-3765.432099  -925.925926  0.00006899164706668465
-3765.432099  -802.469136  0.00007207358170949897
-3765.432099  -679.012346  0.00007567038150131224
-3765.432099  -555.555556  0.00007590534986719611
-3765.432099  -432.098765  0.00007264217639705784
-3765.432099  -308.641975  0.00006704587303195941
-3765.432099  -185.185185  0.00006335466554886068
-3765.432099   -61.728395  0.00007151365258347858
-3765.432099    61.728395  0.00007151365258350693
-3765.432099   185.185185  0.00006335466554893166
-3765.432099   308.641975  0.00006704587303213604
-3765.432099   432.098765  0.00007264217639736358
-3765.432099   555.555556  0.00007590534986762904
-3765.432099   679.012346  0.00007567038150185975
-3765.432099   802.469136  0.00007207358171011367
-3765.432099   925.925926  0.00006899164706736669
-3765.432099  1049.382716  0.00006600994132981368
-3765.432099  1172.839506  0.00006715051625241619
-3765.432099  1296.296296  0.00007227279920487034
-3765.432099  1419.753086  0.00007609816829146886
-3765.432099  1543.209877  0.00007219028243402219
-3765.432099  1666.666667  0.00008183068815439797
-3765.432099  1790.123457  0.00008769156754578002
-3765.432099  1913.580247  0.00007615261827439998
-3765.432099  2037.037037  0.00006056321431014095
-3765.432099  2160.493827  0.00005246983015680883
-3765.432099  2283.950617  0.00008424857703394940
-3765.432099  2407.407407  0.00010585684718726860
-3765.432099  2530.864198  0.00008225830226303880
-3765.432099  2654.320988  0.00007031517286275973
-3765.432099  2777.777778  0.00010858651797995402
-3765.432099  2901.234568  0.00012190693269736969
-3765.432099  3024.691358  0.00010615546848418816
-3765.432099  3148.148148  0.00008963777213596581
-3765.432099  3271.604938  0.00008711568510148671
-3765.432099  3395.061728  0.00009665372683037319
-3765.432099  3518.518519  0.00009833630489155871
-3765.432099  3641.975309  0.00009258091370936765
-3765.432099  3765.432099  0.00010792818675123362
-3765.432099  3888.888889  0.00010531918302159922
-3765.432099  4012.345679  0.00010658912019521880
-3765.432099  4135.802469  0.00010313937846924645
-3765.432099  4259.259259  0.00009981577195358549
-3765.432099  4382.716049  0.00009317258704048909
-3765.432099  4506.172840  0.00008929331838309058
-3765.432099  4629.629630  0.00010137713644290030
-3765.432099  4753.086420  0.00009814365589891905
-3765.432099  4876.543210  0.00011848961398763388

-3641.975309 -5000.000000  0.00002666271311979707
-3641.975309 -4876.543210  0.00010687753033662254
-3641.975309 -4753.086420  0.00008125330110160159
-3641.975309 -4629.629630  0.00008367952413311166
-3641.975309 -4506.172840  0.00007300233441398446
-3641.975309 -4382.716049  0.00007856144447349842
-3641.975309 -4259.259259  0.00008589315242584980
-3641.975309 -4135.802469  0.00008886804949096114
-3641.975309 -4012.345679  0.00009200979454232753
-3641.975309 -3888.888889  0.00009017109460809787
-3641.975309 -3765.432099  0.00009188884772389665
-3641.975309 -3641.975309  0.00007647051977180155
-3641.975309 -3518.518519  0.00008247270829142338
-3641.975309 -3395.061728  0.00008183338807903142
-3641.975309 -3271.604938  0.00007220411892856130
-3641.975309 -3148.148148  0.00007540207363999670
-3641.975309 -3024.691358  0.00009229652684731302
-3641.975309 -2901.234568  0.00010735742831973798
-3641.975309 -2777.777778  0.00009283882618080948
-3641.975309 -2654.320988  0.00005335468065325893
-3641.975309 -2530.864198  0.00007397323166189311
-3641.975309 -2407.407407  0.00013398877372114825
-3641.975309 -2283.950617  0.00011047231240850390
-3641.975309 -2160.493827  0.00007949521636327170
-3641.975309 -2037.037037  0.00008645111069414190
-3641.975309 -1913.580247  0.00010407023459722942
-3641.975309 -1790.123457  0.00011531408335090878
-3641.975309 -1666.666667  0.00010915365428960819
-3641.975309 -1543.209877  0.00009952072440263207
-3641.975309 -1419.753086  0.00010411714790776625
-3641.975309 -1296.296296  0.00010051987745589634
-3641.975309 -1172.839506  0.00009610941469736615
-3641.975309 -1049.382716  0.00009513022061275077
-3641.975309  -925.925926  0.00009852139108787471
-3641.975309  -802.469136  0.00010185703120644738
-3641.975309  -679.012346  0.00010577544491100746
-3641.975309  -555.555556  0.00010621903178832620
-3641.975309  -432.098765  0.00010314729376466733
-3641.975309  -308.641975  0.00009769991278709534
-3641.975309  -185.185185  0.00009408513044344912
-3641.975309   -61.728395  0.00010230803893476168
-3641.975309    61.728395  0.00010230803893481075
-3641.975309   185.185185  0.00009408513044356501
-3641.975309   308.641975  0.00009769991278733378
-3641.975309   432.098765  0.00010314729376504921
-3641.975309   555.555556  0.00010621903178884580
-3641.975309   679.012346  0.00010577544491166115
-3641.975309   802.469136  0.00010185703120718345
-3641.975309   925.925926  0.00009852139108869177
-3641.975309  1049.382716  0.00009513022061363715
-3641.975309  1172.839506  0.00009610941469837609
-3641.975309  1296.296296  0.00010051987745703957
-3641.975309  1419.753086  0.00010411714790905060
-3641.975309  1543.209877  0.00009952072440398121
-3641.975309  1666.666667  0.00010915365429111763
-3641.975309  1790.123457  0.00011531408335256655
-3641.975309  1913.580247  0.00010407023459895548
-3641.975309  2037.037037  0.00008645111069584629
-3641.975309  2160.493827  0.00007949521636506546
-3641.975309  2283.950617  0.00011047231241056126
-3641.975309  2407.407407  0.00013398877372352270
-3641.975309  2530.864198  0.00007397323166377336
-3641.975309  2654.320988  0.00005335468065542583
-3641.975309  2777.777778  0.00009283882618326493
-3641.975309  2901.234568  0.00010735742832222226
-3641.975309  3024.691358  0.00009229652684971918
-3641.975309  3148.148148  0.00007540207364242458
-3641.975309  3271.604938  0.00007220411893116287
-3641.975309  3395.061728  0.00008183338808192220
-3641.975309  3518.518519  0.00008247270829449472
-3641.975309  3641.975309  0.00007647051977496729
-3641.975309  3765.432099  0.00009188884772718516
-3641.975309  3888.888889  0.00009017109461137359
-3641.975309  4012.345679  0.00009200979454556579
-3641.975309  4135.802469  0.00008886804949417798
-3641.975309  4259.259259  0.00008589315242918074
-3641.975309  4382.716049  0.00007856144447705283
-3641.975309  4506.172840  0.00007300233441788269
-3641.975309  4629.629630  0.00008367952413747119
-3641.975309  4753.086420  0.00008125330110594315
-3641.975309  4876.543210  0.00010687753034035297

-3518.518519 -5000.000000  0.00002485318895031626
-3518.518519 -4876.543210  0.00010399733423424067
-3518.518519 -4753.086420  0.00008230388962937101
-3518.518519 -4629.629630  0.00008484197005229360
-3518.518519 -4506.172840  0.00007425617205632341
-3518.518519 -4382.716049  0.00007867802237656608
-3518.518519 -4259.259259  0.00008517116647761677
-3518.518519 -4135.802469  0.00008808786141048221
-3518.518519 -4012.345679  0.00009128213622682359
-3518.518519 -3888.888889  0.00008978982011894357
-3518.518519 -3765.432099  0.00009159153359462505
-3518.518519 -3641.975309  0.00007699536294246616
-3518.518519 -3518.518519  0.00008243659574743422
-3518.518519 -3395.061728  0.00008147007493696770
-3518.518519 -3271.604938  0.00007228413433891259
-3518.518519 -3148.148148  0.00007492904508827250
-3518.518519 -3024.691358  0.00009069948763844103
-3518.518519 -2901.234568  0.00010539319834437883
-3518.518519 -2777.777778  0.00009213778041251863
-3518.518519 -2654.320988  0.00005513350529660852
-3518.518519 -2530.864198  0.00007022301248215399
-3518.518519 -2407.407407  0.00010680915253440985
-3518.518519 -2283.950617  0.00008559998557606345
-3518.518519 -2160.493827  0.00005556625479644313
-3518.518519 -2037.037037  0.00006280528868260455
-3518.518519 -1913.580247  0.00007835969013071191
-3518.518519 -1790.123457  0.00008918348655535101
-3518.518519 -1666.666667  0.00008342024343554356
-3518.518519 -1543.209877  0.00007419583159802440
-3518.518519 -1419.753086  0.00007818040850229377
-3518.518519 -1296.296296  0.00007451552229563170
-3518.518519 -1172.839506  0.00006974257963869560
-3518.518519 -1049.382716  0.00006866285500308256
-3518.518519  -925.925926  0.00007163393113818947
-3518.518519  -802.469136  0.00007464252292642808
-3518.518519  -679.012346  0.00007816961194632543
-3518.518519  -555.555556  0.00007846937364447601
-3518.518519  -432.098765  0.00007544815053725042
-3518.518519  -308.641975  0.00007019641759016391
-3518.518519  -185.185185  0.00006672136591614824
-3518.518519   -61.728395  0.00007452058244455378
-3518.518519    61.728395  0.00007452058244458960
-3518.518519   185.185185  0.00006672136591625174
-3518.518519   308.641975  0.00007019641759038632
-3518.518519   432.098765  0.00007544815053760854
-3518.518519   555.555556  0.00007846937364496424
-3518.518519   679.012346  0.00007816961194693586
-3518.518519   802.469136  0.00007464252292711708
-3518.518519   925.925926  0.00007163393113895393
-3518.518519  1049.382716  0.00006866285500391222
-3518.518519  1172.839506  0.00006974257963964216
-3518.518519  1296.296296  0.00007451552229670948
-3518.518519  1419.753086  0.00007818040850350538
-3518.518519  1543.209877  0.00007419583159929656
-3518.518519  1666.666667  0.00008342024343696770
-3518.518519  1790.123457  0.00008918348655691501
-3518.518519  1913.580247  0.00007835969013233825
-3518.518519  2037.037037  0.00006280528868421739
-3518.518519  2160.493827  0.00005556625479813676
-3518.518519  2283.950617  0.00008559998557801432
-3518.518519  2407.407407  0.00010680915253664776
-3518.518519  2530.864198  0.00007022301248403881
-3518.518519  2654.320988  0.00005513350529882162
-3518.518519  2777.777778  0.00009213778041500912
-3518.518519  2901.234568  0.00010539319834689094
-3518.518519  3024.691358  0.00009069948764087207
-3518.518519  3148.148148  0.00007492904509072822
-3518.518519  3271.604938  0.00007228413434154714
-3518.518519  3395.061728  0.00008147007493989309
-3518.518519  3518.518519  0.00008243659575054781
-3518.518519  3641.975309  0.00007699536294567719
-3518.518519  3765.432099  0.00009159153359796625
-3518.518519  3888.888889  0.00008978982012226996
-3518.518519  4012.345679  0.00009128213623011112
-3518.518519  4135.802469  0.00008808786141374659
-3518.518519  4259.259259  0.00008517116648099367
-3518.518519  4382.716049  0.00007867802238017320
-3518.518519  4506.172840  0.00007425617206028640
-3518.518519  4629.629630  0.00008484197005672520
-3518.518519  4753.086420  0.00008230388963378167
-3518.518519  4876.543210  0.00010399733423800579

-3395.061728 -5000.000000  0.00002001894670562809
-3395.061728 -4876.543210  0.00009173024000716976
-3395.061728 -4753.086420  0.00007903444603335954
-3395.061728 -4629.629630  0.00008157636096802850
-3395.061728 -4506.172840  0.00007122173632599996
-3395.061728 -4382.716049  0.00007291442280579680
-3395.061728 -4259.259259  0.00007758100516846131
-3395.061728 -4135.802469  0.00008065119857525778
-3395.061728 -4012.345679  0.00008433619496331673
-3395.061728 -3888.888889  0.00008345709732209464
-3395.061728 -3765.432099  0.00008627717671572265
-3395.061728 -3641.975309  0.00007339156681592506
-3395.061728 -3518.518519  0.00007809545909130305
-3395.061728 -3395.061728  0.00007655853618312568
-3395.061728 -3271.604938  0.00006726468178993698
-3395.061728 -3148.148148  0.00006924140644988950
-3395.061728 -3024.691358  0.00008386823562054744
-3395.061728 -2901.234568  0.00009803411353138609
-3395.061728 -2777.777778  0.00008695676877328606
-3395.061728 -2654.320988  0.00005291267341942063
-3395.061728 -2530.864198  0.00006420411397608066
-3395.061728 -2407.407407  0.00010320905176819105
-3395.061728 -2283.950617  0.00008235870418023233
-3395.061728 -2160.493827  0.00005501703382763925
-3395.061728 -2037.037037  0.00006135906282772064
-3395.061728 -1913.580247  0.00007617754910331627
-3395.061728 -1790.123457  0.00008600103475339015
-3395.061728 -1666.666667  0.00008062595243606461
-3395.061728 -1543.209877  0.00007208047243244565
-3395.061728 -1419.753086  0.00007565612202002086
-3395.061728 -1296.296296  0.00007219557518312496
-3395.061728 -1172.839506  0.00006766899109612748
-3395.061728 -1049.382716  0.00006664998548560437
-3395.061728  -925.925926  0.00006940635184469339
-3395.061728  -802.469136  0.00007221936376041184
-3395.061728  -679.012346  0.00007550435824494319
-3395.061728  -555.555556  0.00007578697219075067
-3395.061728  -432.098765  0.00007296416803648201
-3395.061728  -308.641975  0.00006805465433798351
-3395.061728  -185.185185  0.00006480676519569255
-3395.061728   -61.728395  0.00007211128760709647
-3395.061728    61.728395  0.00007211128760712497
-3395.061728   185.185185  0.00006480676519580112
-3395.061728   308.641975  0.00006805465433821544
-3395.061728   432.098765  0.00007296416803684986
-3395.061728   555.555556  0.00007578697219124535
-3395.061728   679.012346  0.00007550435824555635
-3395.061728   802.469136  0.00007221936376110783
-3395.061728   925.925926  0.00006940635184546829
-3395.061728  1049.382716  0.00006664998548644907
-3395.061728  1172.839506  0.00006766899109708662
-3395.061728  1296.296296  0.00007219557518422438
-3395.061728  1419.753086  0.00007565612202125315
-3395.061728  1543.209877  0.00007208047243373748
-3395.061728  1666.666667  0.00008062595243750446
-3395.061728  1790.123457  0.00008600103475497009
-3395.061728  1913.580247  0.00007617754910496306
-3395.061728  2037.037037  0.00006135906282936184
-3395.061728  2160.493827  0.00005501703382936569
-3395.061728  2283.950617  0.00008235870418220583
-3395.061728  2407.407407  0.00010320905177043551
-3395.061728  2530.864198  0.00006420411397796012
-3395.061728  2654.320988  0.00005291267342164248
-3395.061728  2777.777778  0.00008695676877577223
-3395.061728  2901.234568  0.00009803411353388216
-3395.061728  3024.691358  0.00008386823562295981
-3395.061728  3148.148148  0.00006924140645232781
-3395.061728  3271.604938  0.00006726468179255428
-3395.061728  3395.061728  0.00007655853618603601
-3395.061728  3518.518519  0.00007809545909440265
-3395.061728  3641.975309  0.00007339156681912593
-3395.061728  3765.432099  0.00008627717671903726
-3395.061728  3888.888889  0.00008345709732538276
-3395.061728  4012.345679  0.00008433619496656529
-3395.061728  4135.802469  0.00008065119857847870
-3395.061728  4259.259259  0.00007758100517179019
-3395.061728  4382.716049  0.00007291442280935800
-3395.061728  4506.172840  0.00007122173632992393
-3395.061728  4629.629630  0.00008157636097241394
-3395.061728  4753.086420  0.00007903444603771892
-3395.061728  4876.543210  0.00009173024001085035

-3271.604938 -5000.000000  0.00001463150050731303
-3271.604938 -4876.543210  0.00007454208891391919
-3271.604938 -4753.086420  0.00007054034129820362
-3271.604938 -4629.629630  0.00007286384580599676
-3271.604938 -4506.172840  0.00006299346864014313
-3271.604938 -4382.716049  0.00006198049202371108
-3271.604938 -4259.259259  0.00006490979915677918
-3271.604938 -4135.802469  0.00006830326519844312
-3271.604938 -4012.345679  0.00007239025582441703
-3271.604938 -3888.888889  0.00007199977468811327
-3271.604938 -3765.432099  0.00007577754379801794
-3271.604938 -3641.975309  0.00006353415790002862
-3271.604938 -3518.518519  0.00006783724693629581
-3271.604938 -3395.061728  0.00006570646065980395
-3271.604938 -3271.604938  0.00005622945122253701
-3271.604938 -3148.148148  0.00005773717066945529
-3271.604938 -3024.691358  0.00007148390194617567
-3271.604938 -2901.234568  0.00008468006068163933
-3271.604938 -2777.777778  0.00007565387983947628
-3271.604938 -2654.320988  0.00004434012760548542
-3271.604938 -2530.864198  0.00005627220702110575
-3271.604938 -2407.407407  0.00012565537783180026
-3271.604938 -2283.950617  0.00010330435651234169
-3271.604938 -2160.493827  0.00007983226814050694
-3271.604938 -2037.037037  0.00008420885430754573
-3271.604938 -1913.580247  0.00009982373224348154
-3271.604938 -1790.123457  0.00010825969048546449
-3271.604938 -1666.666667  0.00010314596756053606
-3271.604938 -1543.209877  0.00009538397065101211
-3271.604938 -1419.753086  0.00009887547195930678
-3271.604938 -1296.296296  0.00009592653903331928
-3271.604938 -1172.839506  0.00009224168252639068
-3271.604938 -1049.382716  0.00009142839332474123
-3271.604938  -925.925926  0.00009420699753480893
-3271.604938  -802.469136  0.00009696991896324658
-3271.604938  -679.012346  0.00010020527215779875
-3271.604938  -555.555556  0.00010059211409220013
-3271.604938  -432.098765  0.00009807655313717113
-3271.604938  -308.641975  0.00009359589909276557
-3271.604938  -185.185185  0.00009062598471858637
-3271.604938   -61.728395  0.00009743561205858996
-3271.604938    61.728395  0.00009743561205861587
-3271.604938   185.185185  0.00009062598471871227
-3271.604938   308.641975  0.00009359589909302934
-3271.604938   432.098765  0.00009807655313757908
-3271.604938   555.555556  0.00010059211409273838
-3271.604938   679.012346  0.00010020527215846519
-3271.604938   802.469136  0.00009696991896400426
-3271.604938   925.925926  0.00009420699753565804
-3271.604938  1049.382716  0.00009142839332567028
-3271.604938  1172.839506  0.00009224168252744035
-3271.604938  1296.296296  0.00009592653903451710
-3271.604938  1419.753086  0.00009887547196064036
-3271.604938  1543.209877  0.00009538397065241233
-3271.604938  1666.666667  0.00010314596756209215
-3271.604938  1790.123457  0.00010825969048716593
-3271.604938  1913.580247  0.00009982373224526598
-3271.604938  2037.037037  0.00008420885430932679
-3271.604938  2160.493827  0.00007983226814238909
-3271.604938  2283.950617  0.00010330435651446395
-3271.604938  2407.407407  0.00012565537783419244
-3271.604938  2530.864198  0.00005627220702295722
-3271.604938  2654.320988  0.00004434012760765075
-3271.604938  2777.777778  0.00007565387984189505
-3271.604938  2901.234568  0.00008468006068405935
-3271.604938  3024.691358  0.00007148390194851293
-3271.604938  3148.148148  0.00005773717067181414
-3271.604938  3271.604938  0.00005622945122507053
-3271.604938  3395.061728  0.00006570646066262196
-3271.604938  3518.518519  0.00006783724693930057
-3271.604938  3641.975309  0.00006353415790313007
-3271.604938  3765.432099  0.00007577754380123737
-3271.604938  3888.888889  0.00007199977469130108
-3271.604938  4012.345679  0.00007239025582756642
-3271.604938  4135.802469  0.00006830326520156245
-3271.604938  4259.259259  0.00006490979915999820
-3271.604938  4382.716049  0.00006198049202715738
-3271.604938  4506.172840  0.00006299346864394732
-3271.604938  4629.629630  0.00007286384581024913
-3271.604938  4753.086420  0.00007054034130242302
-3271.604938  4876.543210  0.00007454208891745083

-3148.148148 -5000.000000  0.00001107432425843166
-3148.148148 -4876.543210  0.00006826210539258214
-3148.148148 -4753.086420  0.00007222995358007039
-3148.148148 -4629.629630  0.00007484673346752179
-3148.148148 -4506.172840  0.00006493510507752235
-3148.148148 -4382.716049  0.00006152662539182702
-3148.148148 -4259.259259  0.00006283897285765058
-3148.148148 -4135.802469  0.00006629844719135679
-3148.148148 -4012.345679  0.00007081096292218938
-3148.148148 -3888.888889  0.00007103308781938322
-3148.148148 -3765.432099  0.00007547872298695967
-3148.148148 -3641.975309  0.00006472923420184555
-3148.148148 -3518.518519  0.00006821595639128974
-3148.148148 -3395.061728  0.00006557983667842186
-3148.148148 -3271.604938  0.00005623868552386209
-3148.148148 -3148.148148  0.00005706471153933650
-3148.148148 -3024.691358  0.00006943781273224811
-3148.148148 -2901.234568  0.00008190294310727571
-3148.148148 -2777.777778  0.00007510670897033815
-3148.148148 -2654.320988  0.00004715786130693640
-3148.148148 -2530.864198  0.00005458452822573621
-3148.148148 -2407.407407  0.00012173441953961867
-3148.148148 -2283.950617  0.00010016236273577377
-3148.148148 -2160.493827  0.00007959350934163732
-3148.148148 -2037.037037  0.00008310807931621053
-3148.148148 -1913.580247  0.00009753299131114180
-3148.148148 -1790.123457  0.00010483897318820983
-3148.148148 -1666.666667  0.00010016719425654347
-3148.148148 -1543.209877  0.00009313914675036815
-3148.148148 -1419.753086  0.00009605537765322358
-3148.148148 -1296.296296  0.00009322554950840272
-3148.148148 -1172.839506  0.00008999854025964547
-3148.148148 -1049.382716  0.00008911957439900869
-3148.148148  -925.925926  0.00009154639718974069
-3148.148148  -802.469136  0.00009394613756622792
-3148.148148  -679.012346  0.00009677246144739252
-3148.148148  -555.555556  0.00009700257327013854
-3148.148148  -432.098765  0.00009459927961561711
-3148.148148  -308.641975  0.00009042075683996373
-3148.148148  -185.185185  0.00008763987664980510
-3148.148148   -61.728395  0.00009381890255411069
-3148.148148    61.728395  0.00009381890255413293
-3148.148148   185.185185  0.00008763987664993420
-3148.148148   308.641975  0.00009042075684023160
-3148.148148   432.098765  0.00009459927961602782
-3148.148148   555.555556  0.00009700257327067737
-3148.148148   679.012346  0.00009677246144805856
-3148.148148   802.469136  0.00009394613756698626
-3148.148148   925.925926  0.00009154639719059265
-3148.148148  1049.382716  0.00008911957439993981
-3148.148148  1172.839506  0.00008999854026069836
-3148.148148  1296.296296  0.00009322554950959373
-3148.148148  1419.753086  0.00009605537765455006
-3148.148148  1543.209877  0.00009313914675176188
-3148.148148  1666.666667  0.00010016719425808827
-3148.148148  1790.123457  0.00010483897318989857
-3148.148148  1913.580247  0.00009753299131291704
-3148.148148  2037.037037  0.00008310807931798688
-3148.148148  2160.493827  0.00007959350934351541
-3148.148148  2283.950617  0.00010016236273788161
-3148.148148  2407.407407  0.00012173441954198561
-3148.148148  2530.864198  0.00005458452822757693
-3148.148148  2654.320988  0.00004715786130912025
-3148.148148  2777.777778  0.00007510670897275833
-3148.148148  2901.234568  0.00008190294310968340
-3148.148148  3024.691358  0.00006943781273457222
-3148.148148  3148.148148  0.00005706471154168449
-3148.148148  3271.604938  0.00005623868552638712
-3148.148148  3395.061728  0.00006557983668123215
-3148.148148  3518.518519  0.00006821595639428892
-3148.148148  3641.975309  0.00006472923420494298
-3148.148148  3765.432099  0.00007547872299016903
-3148.148148  3888.888889  0.00007103308782255039
-3148.148148  4012.345679  0.00007081096292531473
-3148.148148  4135.802469  0.00006629844719444495
-3148.148148  4259.259259  0.00006283897286083223
-3148.148148  4382.716049  0.00006152662539524352
-3148.148148  4506.172840  0.00006493510508131527
-3148.148148  4629.629630  0.00007484673347176035
-3148.148148  4753.086420  0.00007222995358426985
-3148.148148  4876.543210  0.00006826210539602873

-3024.691358 -5000.000000  0.00001142365687913774
-3024.691358 -4876.543210  0.00007737102098056493
-3024.691358 -4753.086420  0.00008394560723419268
-3024.691358 -4629.629630  0.00008707832984689868
-3024.691358 -4506.172840  0.00007664748447648467
-3024.691358 -4382.716049  0.00007260630127426418
-3024.691358 -4259.259259  0.00007339658360199809
-3024.691358 -4135.802469  0.00007661129283089177
-3024.691358 -4012.345679  0.00008124180102729703
-3024.691358 -3888.888889  0.00008190759560859462
-3024.691358 -3765.432099  0.00008625427221611912
-3024.691358 -3641.975309  0.00007658531047234030
-3024.691358 -3518.518519  0.00007943674391273140
-3024.691358 -3395.061728  0.00007657139222948107
-3024.691358 -3271.604938  0.00006762437245470460
-3024.691358 -3148.148148  0.00006781970330710225
-3024.691358 -3024.691358  0.00007913792686030503
-3024.691358 -2901.234568  0.00009175092877900305
-3024.691358 -2777.777778  0.00008588621811407832
-3024.691358 -2654.320988  0.00005990057987490069
-3024.691358 -2530.864198  0.00005947358349097626
-3024.691358 -2407.407407  0.00008281955897749700
-3024.691358 -2283.950617  0.00006488095119302466
-3024.691358 -2160.493827  0.00004374222946193475
-3024.691358 -2037.037037  0.00004842494929869791
-3024.691358 -1913.580247  0.00005975612805214250
-3024.691358 -1790.123457  0.00006704151111003373
-3024.691358 -1666.666667  0.00006265572071901764
-3024.691358 -1543.209877  0.00005568807621802934
-3024.691358 -1419.753086  0.00005775322122569380
-3024.691358 -1296.296296  0.00005445468210675684
-3024.691358 -1172.839506  0.00005063607453724815
-3024.691358 -1049.382716  0.00004932684656865961
-3024.691358  -925.925926  0.00005103515750199683
-3024.691358  -802.469136  0.00005281402411930363
-3024.691358  -679.012346  0.00005495624011211624
-3024.691358  -555.555556  0.00005473298139819972
-3024.691358  -432.098765  0.00005205892363683711
-3024.691358  -308.641975  0.00004777359746347999
-3024.691358  -185.185185  0.00004491794821978567
-3024.691358   -61.728395  0.00005069270868821488
-3024.691358    61.728395  0.00005069270868823124
-3024.691358   185.185185  0.00004491794821989520
-3024.691358   308.641975  0.00004777359746371537
-3024.691358   432.098765  0.00005205892363720278
-3024.691358   555.555556  0.00005473298139868370
-3024.691358   679.012346  0.00005495624011271107
-3024.691358   802.469136  0.00005281402411997749
-3024.691358   925.925926  0.00005103515750275108
-3024.691358  1049.382716  0.00004932684656948366
-3024.691358  1172.839506  0.00005063607453818327
-3024.691358  1296.296296  0.00005445468210781032
-3024.691358  1419.753086  0.00005775322122687338
-3024.691358  1543.209877  0.00005568807621926964
-3024.691358  1666.666667  0.00006265572072039652
-3024.691358  1790.123457  0.00006704151111154504
-3024.691358  1913.580247  0.00005975612805372089
-3024.691358  2037.037037  0.00004842494930028158
-3024.691358  2160.493827  0.00004374222946360132
-3024.691358  2283.950617  0.00006488095119491755
-3024.691358  2407.407407  0.00008281955897962921
-3024.691358  2530.864198  0.00005947358349284712
-3024.691358  2654.320988  0.00005990057987718915
-3024.691358  2777.777778  0.00008588621811660023
-3024.691358  2901.234568  0.00009175092878150279
-3024.691358  3024.691358  0.00007913792686271379
-3024.691358  3148.148148  0.00006781970330954250
-3024.691358  3271.604938  0.00006762437245733348
-3024.691358  3395.061728  0.00007657139223240448
-3024.691358  3518.518519  0.00007943674391585430
-3024.691358  3641.975309  0.00007658531047556699
-3024.691358  3765.432099  0.00008625427221945393
-3024.691358  3888.888889  0.00008190759561187820
-3024.691358  4012.345679  0.00008124180103053025
-3024.691358  4135.802469  0.00007661129283408307
-3024.691358  4259.259259  0.00007339658360528148
-3024.691358  4382.716049  0.00007260630127780262
-3024.691358  4506.172840  0.00007664748448042832
-3024.691358  4629.629630  0.00008707832985130147
-3024.691358  4753.086420  0.00008394560723855281
-3024.691358  4876.543210  0.00007737102098408028

-2901.234568 -5000.000000  0.00001515882117463554
-2901.234568 -4876.543210  0.00009190296625815076
-2901.234568 -4753.086420  0.00009254486011878933
-2901.234568 -4629.629630  0.00009559693267254814
-2901.234568 -4506.172840  0.00008495206544747813
-2901.234568 -4382.716049  0.00008297364853927328
-2901.234568 -4259.259259  0.00008495664216179147
-2901.234568 -4135.802469  0.00008774648980269028
-2901.234568 -4012.345679  0.00009200235057372271
-2901.234568 -3888.888889  0.00009251913490087699
-2901.234568 -3765.432099  0.00009605050808498083
-2901.234568 -3641.975309  0.00008596342597837827
-2901.234568 -3518.518519  0.00008915668990420257
-2901.234568 -3395.061728  0.00008665632674918323
-2901.234568 -3271.604938  0.00007778660298172017
-2901.234568 -3148.148148  0.00007801190492348204
-2901.234568 -3024.691358  0.00008984421333714018
-2901.234568 -2901.234568  0.00010361865253620126
-2901.234568 -2777.777778  0.00009597039194161406
-2901.234568 -2654.320988  0.00006796565536096830
-2901.234568 -2530.864198  0.00006495637249854288
-2901.234568 -2407.407407  0.00004209177561975037
-2901.234568 -2283.950617  0.00002772818046433382
-2901.234568 -2160.493827  0.00000204159235837956
-2901.234568 -2037.037037  0.00000907575826845549
-2901.234568 -1913.580247  0.00001828101667723721
-2901.234568 -1790.123457  0.00002691230994948281
-2901.234568 -1666.666667  0.00002213720239785649
-2901.234568 -1543.209877  0.00001415471285919600
-2901.234568 -1419.753086  0.00001595727467276472
-2901.234568 -1296.296296  0.00001188558503518902
-2901.234568 -1172.839506  0.00000672072422597762
-2901.234568 -1049.382716  0.00000485506919747096
-2901.234568  -925.925926  0.00000600953606216402
-2901.234568  -802.469136  0.00000735170983783288
-2901.234568  -679.012346  0.00000906251988507066
-2901.234568  -555.555556  0.00000836663257623233
-2901.234568  -432.098765  0.00000511251400014145
-2901.234568  -308.641975  0.00000022221250093659
-2901.234568  -185.185185  -0.00000303037402635372
-2901.234568   -61.728395  0.00000302021923710084
-2901.234568    61.728395  0.00000302021923711784
-2901.234568   185.185185  -0.00000303037402626505
-2901.234568   308.641975  0.00000022221250113813
-2901.234568   432.098765  0.00000511251400046531
-2901.234568   555.555556  0.00000836663257667009
-2901.234568   679.012346  0.00000906251988560479
-2901.234568   802.469136  0.00000735170983843336
-2901.234568   925.925926  0.00000600953606282991
-2901.234568  1049.382716  0.00000485506919819341
-2901.234568  1172.839506  0.00000672072422680492
-2901.234568  1296.296296  0.00001188558503612022
-2901.234568  1419.753086  0.00001595727467381912
-2901.234568  1543.209877  0.00001415471286030296
-2901.234568  1666.666667  0.00002213720239909713
-2901.234568  1790.123457  0.00002691230995084947
-2901.234568  1913.580247  0.00001828101667864816
-2901.234568  2037.037037  0.00000907575826986792
-2901.234568  2160.493827  0.00000204159235985259
-2901.234568  2283.950617  0.00002772818046605444
-2901.234568  2407.407407  0.00004209177562170668
-2901.234568  2530.864198  0.00006495637250050392
-2901.234568  2654.320988  0.00006796565536339764
-2901.234568  2777.777778  0.00009597039194430120
-2901.234568  2901.234568  0.00010361865253887677
-2901.234568  3024.691358  0.00008984421333971431
-2901.234568  3148.148148  0.00007801190492608887
-2901.234568  3271.604938  0.00007778660298452790
-2901.234568  3395.061728  0.00008665632675230201
-2901.234568  3518.518519  0.00008915668990752995
-2901.234568  3641.975309  0.00008596342598181330
-2901.234568  3765.432099  0.00009605050808852377
-2901.234568  3888.888889  0.00009251913490436844
-2901.234568  4012.345679  0.00009200235057715859
-2901.234568  4135.802469  0.00008774648980608092
-2901.234568  4259.259259  0.00008495664216528165
-2901.234568  4382.716049  0.00008297364854302928
-2901.234568  4506.172840  0.00008495206545165676
-2901.234568  4629.629630  0.00009559693267720553
-2901.234568  4753.086420  0.00009254486012340551
-2901.234568  4876.543210  0.00009190296626188019

-2777.777778 -5000.000000  0.00002134016085559016
-2777.777778 -4876.543210  0.00009371026039212917
-2777.777778 -4753.086420  0.00007667622716222326
-2777.777778 -4629.629630  0.00007916211572219016
-2777.777778 -4506.172840  0.00007005549069227932
-2777.777778 -4382.716049  0.00007359476624882832
-2777.777778 -4259.259259  0.00007879086017395451
-2777.777778 -4135.802469  0.00008095767119116560
-2777.777778 -4012.345679  0.00008361564788915425
-2777.777778 -3888.888889  0.00008253745173283758
-2777.777778 -3765.432099  0.00008396410619361751
-2777.777778 -3641.975309  0.00007253269096113162
-2777.777778 -3518.518519  0.00007668685270639106
-2777.777778 -3395.061728  0.00007575991073214225
-2777.777778 -3271.604938  0.00006809952774648764
-2777.777778 -3148.148148  0.00006992108727411248
-2777.777778 -3024.691358  0.00008244304975871463
-2777.777778 -2901.234568  0.00009453455541229771
-2777.777778 -2777.777778  0.00008363354180297335
-2777.777778 -2654.320988  0.00005338523941457647
-2777.777778 -2530.864198  0.00006300764595892700
-2777.777778 -2407.407407  0.00007650854099935802
-2777.777778 -2283.950617  0.00006012789657455342
-2777.777778 -2160.493827  0.00003454770961392936
-2777.777778 -2037.037037  0.00004062853238398433
-2777.777778 -1913.580247  0.00005193404042318975
-2777.777778 -1790.123457  0.00006047699610318227
-2777.777778 -1666.666667  0.00005526271104584963
-2777.777778 -1543.209877  0.00004702342467578669
-2777.777778 -1419.753086  0.00004944140861969703
-2777.777778 -1296.296296  0.00004553584664416753
-2777.777778 -1172.839506  0.00004098923725431132
-2777.777778 -1049.382716  0.00003913043052866660
-2777.777778  -925.925926  0.00004057358939898797
-2777.777778  -802.469136  0.00004204446955503786
-2777.777778  -679.012346  0.00004397397871539713
-2777.777778  -555.555556  0.00004331346528758930
-2777.777778  -432.098765  0.00004001946666139671
-2777.777778  -308.641975  0.00003502894541591942
-2777.777778  -185.185185  0.00003168943420882065
-2777.777778   -61.728395  0.00003788449463385566
-2777.777778    61.728395  0.00003788449463389130
-2777.777778   185.185185  0.00003168943420893363
-2777.777778   308.641975  0.00003502894541616230
-2777.777778   432.098765  0.00004001946666178271
-2777.777778   555.555556  0.00004331346528811003
-2777.777778   679.012346  0.00004397397871603695
-2777.777778   802.469136  0.00004204446955575846
-2777.777778   925.925926  0.00004057358939978846
-2777.777778  1049.382716  0.00003913043052954094
-2777.777778  1172.839506  0.00004098923725531016
-2777.777778  1296.296296  0.00004553584664528921
-2777.777778  1419.753086  0.00004944140862096049
-2777.777778  1543.209877  0.00004702342467711869
-2777.777778  1666.666667  0.00005526271104733590
-2777.777778  1790.123457  0.00006047699610481216
-2777.777778  1913.580247  0.00005193404042488374
-2777.777778  2037.037037  0.00004062853238567466
-2777.777778  2160.493827  0.00003454770961570461
-2777.777778  2283.950617  0.00006012789657659255
-2777.777778  2407.407407  0.00007650854100169838
-2777.777778  2530.864198  0.00006300764596101549
-2777.777778  2654.320988  0.00005338523941707004
-2777.777778  2777.777778  0.00008363354180574869
-2777.777778  2901.234568  0.00009453455541508349
-2777.777778  3024.691358  0.00008244304976141466
-2777.777778  3148.148148  0.00006992108727684313
-2777.777778  3271.604938  0.00006809952774941394
-2777.777778  3395.061728  0.00007575991073537716
-2777.777778  3518.518519  0.00007668685270982872
-2777.777778  3641.975309  0.00007253269096467484
-2777.777778  3765.432099  0.00008396410619727695
-2777.777778  3888.888889  0.00008253745173646135
-2777.777778  4012.345679  0.00008361564789272919
-2777.777778  4135.802469  0.00008095767119470351
-2777.777778  4259.259259  0.00007879086017759964
-2777.777778  4382.716049  0.00007359476625272262
-2777.777778  4506.172840  0.00007005549069656562
-2777.777778  4629.629630  0.00007916211572696147
-2777.777778  4753.086420  0.00007667622716694800
-2777.777778  4876.543210  0.00009371026039606682

-2654.320988 -5000.000000  0.00002120879733688728
-2654.320988 -4876.543210  0.00006708939675579843
-2654.320988 -4753.086420  0.00003915999988952148
-2654.320988 -4629.629630  0.00004032369960181770
-2654.320988 -4506.172840  0.00003394539622534207
-2654.320988 -4382.716049  0.00004075335744038931
-2654.320988 -4259.259259  0.00004777681939895672
-2654.320988 -4135.802469  0.00004986781150186490
-2654.320988 -4012.345679  0.00005119316116355024
-2654.320988 -3888.888889  0.00004862846828602604
-2654.320988 -3765.432099  0.00004891078654849146
-2654.320988 -3641.975309  0.00003603299799339434
-2654.320988 -3518.518519  0.00004115224915841843
-2654.320988 -3395.061728  0.00004137262630572987
-2654.320988 -3271.604938  0.00003459391786904010
-2654.320988 -3148.148148  0.00003796093493190392
-2654.320988 -3024.691358  0.00005094986257722271
-2654.320988 -2901.234568  0.00006031110801281584
-2654.320988 -2777.777778  0.00004755419511419522
-2654.320988 -2654.320988  0.00001653242983797383
-2654.320988 -2530.864198  0.00004389129374132079
-2654.320988 -2407.407407  0.00014839893003864915
-2654.320988 -2283.950617  0.00012633188565988826
-2654.320988 -2160.493827  0.00010487425872629148
-2654.320988 -2037.037037  0.00010748351879267790
-2654.320988 -1913.580247  0.00012354658533406140
-2654.320988 -1790.123457  0.00013075257688953821
-2654.320988 -1666.666667  0.00012521679930671474
-2654.320988 -1543.209877  0.00011745961350683281
-2654.320988 -1419.753086  0.00012093147022961386
-2654.320988 -1296.296296  0.00011797854458342179
-2654.320988 -1172.839506  0.00011468705429054131
-2654.320988 -1049.382716  0.00011337671962015152
-2654.320988  -925.925926  0.00011559131105869012
-2654.320988  -802.469136  0.00011761656507734965
-2654.320988  -679.012346  0.00012019982780833591
-2654.320988  -555.555556  0.00012004641395531463
-2654.320988  -432.098765  0.00011724315760761133
-2654.320988  -308.641975  0.00011267734577399908
-2654.320988  -185.185185  0.00010960994430220943
-2654.320988   -61.728395  0.00011580770044206028
-2654.320988    61.728395  0.00011580770044211868
-2654.320988   185.185185  0.00010960994430238204
-2654.320988   308.641975  0.00011267734577433952
-2654.320988   432.098765  0.00011724315760812996
-2654.320988   555.555556  0.00012004641395599766
-2654.320988   679.012346  0.00012019982780917633
-2654.320988   802.469136  0.00011761656507830241
-2654.320988   925.925926  0.00011559131105975724
-2654.320988  1049.382716  0.00011337671962132769
-2654.320988  1172.839506  0.00011468705429187327
-2654.320988  1296.296296  0.00011797854458492116
-2654.320988  1419.753086  0.00012093147023128330
-2654.320988  1543.209877  0.00011745961350859859
-2654.320988  1666.666667  0.00012521679930866948
-2654.320988  1790.123457  0.00013075257689166924
-2654.320988  1913.580247  0.00012354658533630006
-2654.320988  2037.037037  0.00010748351879490972
-2654.320988  2160.493827  0.00010487425872865859
-2654.320988  2283.950617  0.00012633188566252751
-2654.320988  2407.407407  0.00014839893004167103
-2654.320988  2530.864198  0.00004389129374351008
-2654.320988  2654.320988  0.00001653242984042401
-2654.320988  2777.777778  0.00004755419511694371
-2654.320988  2901.234568  0.00006031110801559777
-2654.320988  3024.691358  0.00005094986257994266
-2654.320988  3148.148148  0.00003796093493464621
-2654.320988  3271.604938  0.00003459391787195559
-2654.320988  3395.061728  0.00004137262630893729
-2654.320988  3518.518519  0.00004115224916181146
-2654.320988  3641.975309  0.00003603299799688566
-2654.320988  3765.432099  0.00004891078655212009
-2654.320988  3888.888889  0.00004862846828964301
-2654.320988  4012.345679  0.00005119316116713983
-2654.320988  4135.802469  0.00004986781150543090
-2654.320988  4259.259259  0.00004777681940263145
-2654.320988  4382.716049  0.00004075335744427086
-2654.320988  4506.172840  0.00003394539622954949
-2654.320988  4629.629630  0.00004032369960649645
-2654.320988  4753.086420  0.00003915999989413590
-2654.320988  4876.543210  0.00006708939675982505

-2530.864198 -5000.000000  0.00000501472691803456
-2530.864198 -4876.543210  0.00003514466151972579
-2530.864198 -4753.086420  0.00004495279697242449
-2530.864198 -4629.629630  0.00004890081887686379
-2530.864198 -4506.172840  0.00004240588323182300
-2530.864198 -4382.716049  0.00003757823789513979
-2530.864198 -4259.259259  0.00003670401194585859
-2530.864198 -4135.802469  0.00003908634930617465
-2530.864198 -4012.345679  0.00004202411622432913
-2530.864198 -3888.888889  0.00004203587358040970
-2530.864198 -3765.432099  0.00004491859464127503
-2530.864198 -3641.975309  0.00004224071031293412
-2530.864198 -3518.518519  0.00004158355981545925
-2530.864198 -3395.061728  0.00003929944399940440
-2530.864198 -3271.604938  0.00003589617347940617
-2530.864198 -3148.148148  0.00003561651271626527
-2530.864198 -3024.691358  0.00003907607210257796
-2530.864198 -2901.234568  0.00004339293932045105
-2530.864198 -2777.777778  0.00004396128918455522
-2530.864198 -2654.320988  0.00003518372151575187
-2530.864198 -2530.864198  0.00002218452625163985
-2530.864198 -2407.407407  0.00003571903562768983
-2530.864198 -2283.950617  0.00002172814457900432
-2530.864198 -2160.493827  0.00001680490663455234
-2530.864198 -2037.037037  0.00001685738567841300
-2530.864198 -1913.580247  0.00002143754262399143
-2530.864198 -1790.123457  0.00002245088620830006
-2530.864198 -1666.666667  0.00002059165244442877
-2530.864198 -1543.209877  0.00001773438517154038
-2530.864198 -1419.753086  0.00001629835315729096
-2530.864198 -1296.296296  0.00001336746471896887
-2530.864198 -1172.839506  0.00000948181918049559
-2530.864198 -1049.382716  0.00000771145588935670
-2530.864198  -925.925926  0.00000722524577351475
-2530.864198  -802.469136  0.00000696598046970514
-2530.864198  -679.012346  0.00000667361226837926
-2530.864198  -555.555556  0.00000557072094839207
-2530.864198  -432.098765  0.00000352288345045144
-2530.864198  -308.641975  0.00000093952518602401
-2530.864198  -185.185185  -0.00000080684274540419
-2530.864198   -61.728395  0.00000159488838613127
-2530.864198    61.728395  0.00000159488838614168
-2530.864198   185.185185  -0.00000080684274525960
-2530.864198   308.641975  0.00000093952518630210
-2530.864198   432.098765  0.00000352288345085892
-2530.864198   555.555556  0.00000557072094891337
-2530.864198   679.012346  0.00000667361226900998
-2530.864198   802.469136  0.00000696598047043383
-2530.864198   925.925926  0.00000722524577434351
-2530.864198  1049.382716  0.00000771145589028060
-2530.864198  1172.839506  0.00000948181918154062
-2530.864198  1296.296296  0.00001336746472015482
-2530.864198  1419.753086  0.00001629835315860915
-2530.864198  1543.209877  0.00001773438517295755
-2530.864198  1666.666667  0.00002059165244598060
-2530.864198  1790.123457  0.00002245088620998339
-2530.864198  1913.580247  0.00002143754262577241
-2530.864198  2037.037037  0.00001685738568023273
-2530.864198  2160.493827  0.00001680490663648746
-2530.864198  2283.950617  0.00002172814458110364
-2530.864198  2407.407407  0.00003571903563003408
-2530.864198  2530.864198  0.00002218452625377366
-2530.864198  2654.320988  0.00003518372151837959
-2530.864198  2777.777778  0.00004396128918734947
-2530.864198  2901.234568  0.00004339293932320102
-2530.864198  3024.691358  0.00003907607210528185
-2530.864198  3148.148148  0.00003561651271903598
-2530.864198  3271.604938  0.00003589617348237004
-2530.864198  3395.061728  0.00003929944400264139
-2530.864198  3518.518519  0.00004158355981889732
-2530.864198  3641.975309  0.00004224071031650886
-2530.864198  3765.432099  0.00004491859464494348
-2530.864198  3888.888889  0.00004203587358404821
-2530.864198  4012.345679  0.00004202411622794601
-2530.864198  4135.802469  0.00003908634930975799
-2530.864198  4259.259259  0.00003670401194953741
-2530.864198  4382.716049  0.00003757823789905104
-2530.864198  4506.172840  0.00004240588323611182
-2530.864198  4629.629630  0.00004890081888163043
-2530.864198  4753.086420  0.00004495279697707418
-2530.864198  4876.543210  0.00003514466152362298

-2407.407407 -5000.000000  0.00002652045007123604
-2407.407407 -4876.543210  0.00008424265347638067
-2407.407407 -4753.086420  0.00007935262618223376
-2407.407407 -4629.629630  0.00010213440132087517
-2407.407407 -4506.172840  0.00009773524446854724
-2407.407407 -4382.716049  0.00009671307572529415
-2407.407407 -4259.259259  0.00009406477812701741
-2407.407407 -4135.802469  0.00009010631357686571
-2407.407407 -4012.345679  0.00008557512589005768
-2407.407407 -3888.888889  0.00008161107386016938
-2407.407407 -3765.432099  0.00007264022164231969
-2407.407407 -3641.975309  0.00010852133903912249
-2407.407407 -3518.518519  0.00008609963666689877
-2407.407407 -3395.061728  0.00008880382759735538
-2407.407407 -3271.604938  0.00011723636799100192
-2407.407407 -3148.148148  0.00011685979874568411
-2407.407407 -3024.691358  0.00007842495296251868
-2407.407407 -2901.234568  0.00003792948091981817
-2407.407407 -2777.777778  0.00007419544107936082
-2407.407407 -2654.320988  0.00015597855180297330
-2407.407407 -2530.864198  0.00005955250559847858
-2407.407407 -2407.407407  -0.00000034180526849536
-2407.407407 -2283.950617  -0.00000188663606147782
-2407.407407 -2160.493827  0.00008635681171455554
-2407.407407 -2037.037037  0.00006235403008206792
-2407.407407 -1913.580247  0.00003210675731336298
-2407.407407 -1790.123457  0.00000027238512138293
-2407.407407 -1666.666667  0.00001572480327962461
-2407.407407 -1543.209877  0.00003835963587780609
-2407.407407 -1419.753086  0.00001810162744108267
-2407.407407 -1296.296296  0.00002093697842433246
-2407.407407 -1172.839506  0.00002981420611006048
-2407.407407 -1049.382716  0.00002959320092468515
-2407.407407  -925.925926  0.00002063346290505154
-2407.407407  -802.469136  0.00001252029960915568
-2407.407407  -679.012346  0.00000216284121424824
-2407.407407  -555.555556  -0.00000132484790869601
-2407.407407  -432.098765  0.00000155903283030171
-2407.407407  -308.641975  0.00000899316989644202
-2407.407407  -185.185185  0.00001373482800132271
-2407.407407   -61.728395  -0.00000142179650076385
-2407.407407    61.728395  -0.00000142179650080769
-2407.407407   185.185185  0.00001373482800153983
-2407.407407   308.641975  0.00000899316989670848
-2407.407407   432.098765  0.00000155903283061747
-2407.407407   555.555556  -0.00000132484790832629
-2407.407407   679.012346  0.00000216284121473358
-2407.407407   802.469136  0.00001252029960980905
-2407.407407   925.925926  0.00002063346290585479
-2407.407407  1049.382716  0.00002959320092565104
-2407.407407  1172.839506  0.00002981420611111126
-2407.407407  1296.296296  0.00002093697842542653
-2407.407407  1419.753086  0.00001810162744221925
-2407.407407  1543.209877  0.00003835963587920178
-2407.407407  1666.666667  0.00001572480328094757
-2407.407407  1790.123457  0.00000027238512268482
-2407.407407  1913.580247  0.00003210675731501272
-2407.407407  2037.037037  0.00006235403008401546
-2407.407407  2160.493827  0.00008635681171681473
-2407.407407  2283.950617  -0.00000188663605980252
-2407.407407  2407.407407  -0.00000034180526665387
-2407.407407  2530.864198  0.00005955250560055065
-2407.407407  2654.320988  0.00015597855180633015
-2407.407407  2777.777778  0.00007419544108213893
-2407.407407  2901.234568  0.00003792948092222181
-2407.407407  3024.691358  0.00007842495296521715
-2407.407407  3148.148148  0.00011685979874879559
-2407.407407  3271.604938  0.00011723636799433181
-2407.407407  3395.061728  0.00008880382760073314
-2407.407407  3518.518519  0.00008609963667046247
-2407.407407  3641.975309  0.00010852133904299730
-2407.407407  3765.432099  0.00007264022164597033
-2407.407407  3888.888889  0.00008161107386384438
-2407.407407  4012.345679  0.00008557512589371667
-2407.407407  4135.802469  0.00009010631358051763
-2407.407407  4259.259259  0.00009406477813079328
-2407.407407  4382.716049  0.00009671307572938783
-2407.407407  4506.172840  0.00009773524447310685
-2407.407407  4629.629630  0.00010213440132590153
-2407.407407  4753.086420  0.00007935262618698648
-2407.407407  4876.543210  0.00008424265348014310

-2283.950617 -5000.000000  0.00001934085175075741
-2283.950617 -4876.543210  0.00005191044474077028
-2283.950617 -4753.086420  0.00005020187300791881
-2283.950617 -4629.629630  0.00006952889197090870
-2283.950617 -4506.172840  0.00006673982993030325
-2283.950617 -4382.716049  0.00006488288766768227
-2283.950617 -4259.259259  0.00006200578045302735
-2283.950617 -4135.802469  0.00005895659827922944
-2283.950617 -4012.345679  0.00005500653471207800
-2283.950617 -3888.888889  0.00005133365522928111
-2283.950617 -3765.432099  0.00004390627788150008
-2283.950617 -3641.975309  0.00007528470008868445
-2283.950617 -3518.518519  0.00005557070970087990
-2283.950617 -3395.061728  0.00005766443210171972
-2283.950617 -3271.604938  0.00008253077219834354
-2283.950617 -3148.148148  0.00008208749419288623
-2283.950617 -3024.691358  0.00004832600679792322
-2283.950617 -2901.234568  0.00001272308588334731
-2283.950617 -2777.777778  0.00004476516356996250
-2283.950617 -2654.320988  0.00011654341097327226
-2283.950617 -2530.864198  0.00003109438893124484
-2283.950617 -2407.407407  -0.00001718084809636170
-2283.950617 -2283.950617  -0.00001956265287897716
-2283.950617 -2160.493827  0.00005782410378652443
-2283.950617 -2037.037037  0.00003634767745249000
-2283.950617 -1913.580247  0.00000995808423934705
-2283.950617 -1790.123457  -0.00001829526722883513
-2283.950617 -1666.666667  -0.00000507598280977414
-2283.950617 -1543.209877  0.00001439588145468853
-2283.950617 -1419.753086  -0.00000396708328580404
-2283.950617 -1296.296296  -0.00000196367551423044
-2283.950617 -1172.839506  0.00000348695315606895
-2283.950617 -1049.382716  0.00000278304919794441
-2283.950617  -925.925926  -0.00000597023793220338
-2283.950617  -802.469136  -0.00001387571391208749
-2283.950617  -679.012346  -0.00002389747141096899
-2283.950617  -555.555556  -0.00002773171737258798
-2283.950617  -432.098765  -0.00002592125805669338
-2283.950617  -308.641975  -0.00002002945854091939
-2283.950617  -185.185185  -0.00001635643583217014
-2283.950617   -61.728395  -0.00002987598650386821
-2283.950617    61.728395  -0.00002987598650389533
-2283.950617   185.185185  -0.00001635643583190025
-2283.950617   308.641975  -0.00002002945854058654
-2283.950617   432.098765  -0.00002592125805631414
-2283.950617   555.555556  -0.00002773171737215848
-2283.950617   679.012346  -0.00002389747141042671
-2283.950617   802.469136  -0.00001387571391136833
-2283.950617   925.925926  -0.00000597023793132422
-2283.950617  1049.382716  0.00000278304919899221
-2283.950617  1172.839506  0.00000348695315721155
-2283.950617  1296.296296  -0.00000196367551303123
-2283.950617  1419.753086  -0.00000396708328455265
-2283.950617  1543.209877  0.00001439588145619975
-2283.950617  1666.666667  -0.00000507598280833443
-2283.950617  1790.123457  -0.00001829526722740895
-2283.950617  1913.580247  0.00000995808424113161
-2283.950617  2037.037037  0.00003634767745458111
-2283.950617  2160.493827  0.00005782410378893912
-2283.950617  2283.950617  -0.00001956265287714591
-2283.950617  2407.407407  -0.00001718084809435885
-2283.950617  2530.864198  0.00003109438893341224
-2283.950617  2654.320988  0.00011654341097666332
-2283.950617  2777.777778  0.00004476516357278341
-2283.950617  2901.234568  0.00001272308588582520
-2283.950617  3024.691358  0.00004832600680072338
-2283.950617  3148.148148  0.00008208749419609784
-2283.950617  3271.604938  0.00008253077220175235
-2283.950617  3395.061728  0.00005766443210514809
-2283.950617  3518.518519  0.00005557070970447604
-2283.950617  3641.975309  0.00007528470009260048
-2283.950617  3765.432099  0.00004390627788520121
-2283.950617  3888.888889  0.00005133365523304961
-2283.950617  4012.345679  0.00005500653471585426
-2283.950617  4135.802469  0.00005895659828302897
-2283.950617  4259.259259  0.00006200578045697044
-2283.950617  4382.716049  0.00006488288767188858
-2283.950617  4506.172840  0.00006673982993487793
-2283.950617  4629.629630  0.00006952889197592245
-2283.950617  4753.086420  0.00005020187301265959
-2283.950617  4876.543210  0.00005191044474478455

-2160.493827 -5000.000000  0.00001962751109524456
-2160.493827 -4876.543210  0.00003374243002619153
-2160.493827 -4753.086420  0.00002367099435408775
-2160.493827 -4629.629630  0.00004212014251365726
-2160.493827 -4506.172840  0.00004124822117938460
-2160.493827 -4382.716049  0.00004190324871836406
-2160.493827 -4259.259259  0.00004045292373915765
-2160.493827 -4135.802469  0.00003732640675673580
-2160.493827 -4012.345679  0.00003239710179155692
-2160.493827 -3888.888889  0.00002757785555779264
-2160.493827 -3765.432099  0.00001944479107761407
-2160.493827 -3641.975309  0.00004949979756019985
-2160.493827 -3518.518519  0.00003074180358002344
-2160.493827 -3395.061728  0.00003377951404403650
-2160.493827 -3271.604938  0.00005904407552536437
-2160.493827 -3148.148148  0.00005992451319595375
-2160.493827 -3024.691358  0.00002674514480223016
-2160.493827 -2901.234568  -0.00001124228417118645
-2160.493827 -2777.777778  0.00001928829441374679
-2160.493827 -2654.320988  0.00009018756235993131
-2160.493827 -2530.864198  0.00002241433210732909
-2160.493827 -2407.407407  0.00006960129074954765
-2160.493827 -2283.950617  0.00006117431570077969
-2160.493827 -2160.493827  0.00014282998342435830
-2160.493827 -2037.037037  0.00011782902470253765
-2160.493827 -1913.580247  0.00009652238597456120
-2160.493827 -1790.123457  0.00006675419978369912
-2160.493827 -1666.666667  0.00007953047599766224
-2160.493827 -1543.209877  0.00009960744486307685
-2160.493827 -1419.753086  0.00008262971334725899
-2160.493827 -1296.296296  0.00008486559701853702
-2160.493827 -1172.839506  0.00009324618776147970
-2160.493827 -1049.382716  0.00009227586568472454
-2160.493827  -925.925926  0.00008447584878162675
-2160.493827  -802.469136  0.00007663945413699053
-2160.493827  -679.012346  0.00006675866604362334
-2160.493827  -555.555556  0.00006265596309878006
-2160.493827  -432.098765  0.00006442471263588241
-2160.493827  -308.641975  0.00007041679680235550
-2160.493827  -185.185185  0.00007394790098583562
-2160.493827   -61.728395  0.00005961242839738647
-2160.493827    61.728395  0.00005961242839737161
-2160.493827   185.185185  0.00007394790098614646
-2160.493827   308.641975  0.00007041679680276283
-2160.493827   432.098765  0.00006442471263636823
-2160.493827   555.555556  0.00006265596309934115
-2160.493827   679.012346  0.00006675866604434245
-2160.493827   802.469136  0.00007663945413791878
-2160.493827   925.925926  0.00008447584878275710
-2160.493827  1049.382716  0.00009227586568606218
-2160.493827  1172.839506  0.00009324618776294620
-2160.493827  1296.296296  0.00008486559702008202
-2160.493827  1419.753086  0.00008262971334889081
-2160.493827  1543.209877  0.00009960744486500117
-2160.493827  1666.666667  0.00007953047599955128
-2160.493827  1790.123457  0.00006675419978560560
-2160.493827  1913.580247  0.00009652238597686971
-2160.493827  2037.037037  0.00011782902470514390
-2160.493827  2160.493827  0.00014282998342734013
-2160.493827  2283.950617  0.00006117431570318794
-2160.493827  2407.407407  0.00006960129075220432
-2160.493827  2530.864198  0.00002241433210957957
-2160.493827  2654.320988  0.00009018756236330316
-2160.493827  2777.777778  0.00001928829441655577
-2160.493827  2901.234568  -0.00001124228416871636
-2160.493827  3024.691358  0.00002674514480503328
-2160.493827  3148.148148  0.00005992451319916047
-2160.493827  3271.604938  0.00005904407552875852
-2160.493827  3395.061728  0.00003377951404744441
-2160.493827  3518.518519  0.00003074180358358996
-2160.493827  3641.975309  0.00004949979756407844
-2160.493827  3765.432099  0.00001944479108129450
-2160.493827  3888.888889  0.00002757785556153552
-2160.493827  4012.345679  0.00003239710179532226
-2160.493827  4135.802469  0.00003732640676052143
-2160.493827  4259.259259  0.00004045292374307503
-2160.493827  4382.716049  0.00004190324872252698
-2160.493827  4506.172840  0.00004124822118389980
-2160.493827  4629.629630  0.00004212014251860671
-2160.493827  4753.086420  0.00002367099435873208
-2160.493827  4876.543210  0.00003374243003015927

-2037.037037 -5000.000000  0.00001732871569241333
-2037.037037 -4876.543210  0.00003422993614469409
-2037.037037 -4753.086420  0.00002797012494062569
-2037.037037 -4629.629630  0.00004484041547157928
-2037.037037 -4506.172840  0.00004352273364925660
-2037.037037 -4382.716049  0.00004326832676083838
-2037.037037 -4259.259259  0.00004153172815221016
-2037.037037 -4135.802469  0.00003884151337900100
-2037.037037 -4012.345679  0.00003475370033287698
-2037.037037 -3888.888889  0.00003071684798311333
-2037.037037 -3765.432099  0.00002373057647785279
-2037.037037 -3641.975309  0.00005091280952829881
-2037.037037 -3518.518519  0.00003385690627294218
-2037.037037 -3395.061728  0.00003624123621854685
-2037.037037 -3271.604938  0.00005862121064889080
-2037.037037 -3148.148148  0.00005903480099577369
-2037.037037 -3024.691358  0.00002918748202401308
-2037.037037 -2901.234568  -0.00000431098705714192
-2037.037037 -2777.777778  0.00002340483872176163
-2037.037037 -2654.320988  0.00008689035873580159
-2037.037037 -2530.864198  0.00002181578893667310
-2037.037037 -2407.407407  0.00004501218233238513
-2037.037037 -2283.950617  0.00003811611020953799
-2037.037037 -2160.493827  0.00011021846579550746
-2037.037037 -2037.037037  0.00008826384820920340
-2037.037037 -1913.580247  0.00006794652774046055
-2037.037037 -1790.123457  0.00004121356147820539
-2037.037037 -1666.666667  0.00005234931887539765
-2037.037037 -1543.209877  0.00006974141827309409
-2037.037037 -1419.753086  0.00005353913795111510
-2037.037037 -1296.296296  0.00005466853648935418
-2037.037037 -1172.839506  0.00006047104348751696
-2037.037037 -1049.382716  0.00005844850415393620
-2037.037037  -925.925926  0.00004974734463164895
-2037.037037  -802.469136  0.00004089551263510652
-2037.037037  -679.012346  0.00002986811881824472
-2037.037037  -555.555556  0.00002396227998768683
-2037.037037  -432.098765  0.00002334254080439835
-2037.037037  -308.641975  0.00002678738214014545
-2037.037037  -185.185185  0.00002851618921735081
-2037.037037   -61.728395  0.00001468253918301015
-2037.037037    61.728395  0.00001468253918298860
-2037.037037   185.185185  0.00002851618921763139
-2037.037037   308.641975  0.00002678738214050900
-2037.037037   432.098765  0.00002334254080483475
-2037.037037   555.555556  0.00002396227998819967
-2037.037037   679.012346  0.00002986811881890901
-2037.037037   802.469136  0.00004089551263597503
-2037.037037   925.925926  0.00004974734463271159
-2037.037037  1049.382716  0.00005844850415519712
-2037.037037  1172.839506  0.00006047104348890474
-2037.037037  1296.296296  0.00005466853649081367
-2037.037037  1419.753086  0.00005353913795266696
-2037.037037  1543.209877  0.00006974141827493102
-2037.037037  1666.666667  0.00005234931887720921
-2037.037037  1790.123457  0.00004121356148003683
-2037.037037  1913.580247  0.00006794652774266526
-2037.037037  2037.037037  0.00008826384821169685
-2037.037037  2160.493827  0.00011021846579835184
-2037.037037  2283.950617  0.00003811611021185999
-2037.037037  2407.407407  0.00004501218233493901
-2037.037037  2530.864198  0.00002181578893899738
-2037.037037  2654.320988  0.00008689035873925868
-2037.037037  2777.777778  0.00002340483872470416
-2037.037037  2901.234568  -0.00000431098705452785
-2037.037037  3024.691358  0.00002918748202692681
-2037.037037  3148.148148  0.00005903480099907384
-2037.037037  3271.604938  0.00005862121065239133
-2037.037037  3395.061728  0.00003624123622209365
-2037.037037  3518.518519  0.00003385690627666420
-2037.037037  3641.975309  0.00005091280953232643
-2037.037037  3765.432099  0.00002373057648169785
-2037.037037  3888.888889  0.00003071684798700518
-2037.037037  4012.345679  0.00003475370033678514
-2037.037037  4135.802469  0.00003884151338291489
-2037.037037  4259.259259  0.00004153172815624704
-2037.037037  4382.716049  0.00004326832676513433
-2037.037037  4506.172840  0.00004352273365393729
-2037.037037  4629.629630  0.00004484041547671560
-2037.037037  4753.086420  0.00002797012494544858
-2037.037037  4876.543210  0.00003422993614874230

-1913.580247 -5000.000000  0.00001884230545662953
-1913.580247 -4876.543210  0.00004728874477836850
-1913.580247 -4753.086420  0.00004172320144008282
-1913.580247 -4629.629630  0.00005908812089454556
-1913.580247 -4506.172840  0.00005713260282334035
-1913.580247 -4382.716049  0.00005687301495433265
-1913.580247 -4259.259259  0.00005504096567878915
-1913.580247 -4135.802469  0.00005206736870060930
-1913.580247 -4012.345679  0.00004806462854020097
-1913.580247 -3888.888889  0.00004438945261937983
-1913.580247 -3765.432099  0.00003720030601557919
-1913.580247 -3641.975309  0.00006509354127900406
-1913.580247 -3518.518519  0.00004767648198063367
-1913.580247 -3395.061728  0.00005000708126524503
-1913.580247 -3271.604938  0.00007260864193217097
-1913.580247 -3148.148148  0.00007264400462314973
-1913.580247 -3024.691358  0.00004221781556648625
-1913.580247 -2901.234568  0.00000899313404338122
-1913.580247 -2777.777778  0.00003706186895944990
-1913.580247 -2654.320988  0.00010147806119186316
-1913.580247 -2530.864198  0.00003110916334431576
-1913.580247 -2407.407407  0.00002010679323034570
-1913.580247 -2283.950617  0.00001605711932350515
-1913.580247 -2160.493827  0.00008722611504628247
-1913.580247 -2037.037037  0.00006616251604176864
-1913.580247 -1913.580247  0.00004334023514347614
-1913.580247 -1790.123457  0.00001657479157451399
-1913.580247 -1666.666667  0.00002768542162732497
-1913.580247 -1543.209877  0.00004469345060804929
-1913.580247 -1419.753086  0.00002729621694906296
-1913.580247 -1296.296296  0.00002774795026230050
-1913.580247 -1172.839506  0.00003223430475865890
-1913.580247 -1049.382716  0.00002892712678479945
-1913.580247  -925.925926  0.00001786753591662828
-1913.580247  -802.469136  0.00000637844686597847
-1913.580247  -679.012346  -0.00000791993211642836
-1913.580247  -555.555556  -0.00001730737267745787
-1913.580247  -432.098765  -0.00002147453632369475
-1913.580247  -308.641975  -0.00002118842065067906
-1913.580247  -185.185185  -0.00002185420899048517
-1913.580247   -61.728395  -0.00003752551918079322
-1913.580247    61.728395  -0.00003752551918083547
-1913.580247   185.185185  -0.00002185420899023944
-1913.580247   308.641975  -0.00002118842065037849
-1913.580247   432.098765  -0.00002147453632333439
-1913.580247   555.555556  -0.00001730737267702148
-1913.580247   679.012346  -0.00000791993211584358
-1913.580247   802.469136  0.00000637844686677049
-1913.580247   925.925926  0.00001786753591760943
-1913.580247  1049.382716  0.00002892712678597609
-1913.580247  1172.839506  0.00003223430475995847
-1913.580247  1296.296296  0.00002774795026365940
-1913.580247  1419.753086  0.00002729621695050332
-1913.580247  1543.209877  0.00004469345060978299
-1913.580247  1666.666667  0.00002768542162901845
-1913.580247  1790.123457  0.00001657479157621373
-1913.580247  1913.580247  0.00004334023514554880
-1913.580247  2037.037037  0.00006616251604414778
-1913.580247  2160.493827  0.00008722611504900847
-1913.580247  2283.950617  0.00001605711932567675
-1913.580247  2407.407407  0.00002010679323272103
-1913.580247  2530.864198  0.00003110916334669362
-1913.580247  2654.320988  0.00010147806119546834
-1913.580247  2777.777778  0.00003706186896250847
-1913.580247  2901.234568  0.00000899313404608654
-1913.580247  3024.691358  0.00004221781556949474
-1913.580247  3148.148148  0.00007264400462656345
-1913.580247  3271.604938  0.00007260864193580259
-1913.580247  3395.061728  0.00005000708126893174
-1913.580247  3518.518519  0.00004767648198450923
-1913.580247  3641.975309  0.00006509354128319743
-1913.580247  3765.432099  0.00003720030601957003
-1913.580247  3888.888889  0.00004438945262340453
-1913.580247  4012.345679  0.00004806462854423220
-1913.580247  4135.802469  0.00005206736870463542
-1913.580247  4259.259259  0.00005504096568293396
-1913.580247  4382.716049  0.00005687301495876174
-1913.580247  4506.172840  0.00005713260282819681
-1913.580247  4629.629630  0.00005908812089987297
-1913.580247  4753.086420  0.00004172320144508220
-1913.580247  4876.543210  0.00004728874478246323

-1790.123457 -5000.000000  0.00001738389535520246
-1790.123457 -4876.543210  0.00005141437262831372
-1790.123457 -4753.086420  0.00004935029534717346
-1790.123457 -4629.629630  0.00006565316827797748
-1790.123457 -4506.172840  0.00006312891248895702
-1790.123457 -4382.716049  0.00006204383368032439
-1790.123457 -4259.259259  0.00005989070250421569
-1790.123457 -4135.802469  0.00005718128743116233
-1790.123457 -4012.345679  0.00005387966529974977
-1790.123457 -3888.888889  0.00005094680942578601
-1790.123457 -3765.432099  0.00004462990869790855
-1790.123457 -3641.975309  0.00007055995421947614
-1790.123457 -3518.518519  0.00005429278417411974
-1790.123457 -3395.061728  0.00005607361553637625
-1790.123457 -3271.604938  0.00007654131020545449
-1790.123457 -3148.148148  0.00007605325362936916
-1790.123457 -3024.691358  0.00004797093561926716
-1790.123457 -2901.234568  0.00001836042957705826
-1790.123457 -2777.777778  0.00004447812121284379
-1790.123457 -2654.320988  0.00010359769549238855
-1790.123457 -2530.864198  0.00003295387904764422
-1790.123457 -2407.407407  -0.00001062135978440812
-1790.123457 -2283.950617  -0.00001235598600643060
-1790.123457 -2160.493827  0.00005104463190082142
-1790.123457 -2037.037037  0.00003270908843574020
-1790.123457 -1913.580247  0.00000965669888757453
-1790.123457 -1790.123457  -0.00001475795261712300
-1790.123457 -1666.666667  -0.00000493313537445707
-1790.123457 -1543.209877  0.00000980492135598449
-1790.123457 -1419.753086  -0.00000754131726197163
-1790.123457 -1296.296296  -0.00000832979871109093
-1790.123457 -1172.839506  -0.00000664723775454292
-1790.123457 -1049.382716  -0.00001170933770934469
-1790.123457  -925.925926  -0.00002514067609895954
-1790.123457  -802.469136  -0.00003962544219948325
-1790.123457  -679.012346  -0.00005787819075112121
-1790.123457  -555.555556  -0.00007245072743084664
-1790.123457  -432.098765  -0.00008277300593192347
-1790.123457  -308.641975  -0.00008868452723879905
-1790.123457  -185.185185  -0.00009413914475506948
-1790.123457   -61.728395  -0.00011142711938220044
-1790.123457    61.728395  -0.00011142711938226569
-1790.123457   185.185185  -0.00009413914475485523
-1790.123457   308.641975  -0.00008868452723855943
-1790.123457   432.098765  -0.00008277300593163606
-1790.123457   555.555556  -0.00007245072743047991
-1790.123457   679.012346  -0.00005787819075060909
-1790.123457   802.469136  -0.00003962544219875969
-1790.123457   925.925926  -0.00002514067609805063
-1790.123457  1049.382716  -0.00001170933770824235
-1790.123457  1172.839506  -0.00000664723775331800
-1790.123457  1296.296296  -0.00000832979870981471
-1790.123457  1419.753086  -0.00000754131726062194
-1790.123457  1543.209877  0.00000980492135762263
-1790.123457  1666.666667  -0.00000493313537287263
-1790.123457  1790.123457  -0.00001475795261554141
-1790.123457  1913.580247  0.00000965669888952463
-1790.123457  2037.037037  0.00003270908843801267
-1790.123457  2160.493827  0.00005104463190343007
-1790.123457  2283.950617  -0.00001235598600439523
-1790.123457  2407.407407  -0.00001062135978219639
-1790.123457  2530.864198  0.00003295387905007316
-1790.123457  2654.320988  0.00010359769549609322
-1790.123457  2777.777778  0.00004447812121598463
-1790.123457  2901.234568  0.00001836042957984123
-1790.123457  3024.691358  0.00004797093562235980
-1790.123457  3148.148148  0.00007605325363288233
-1790.123457  3271.604938  0.00007654131020919194
-1790.123457  3395.061728  0.00005607361554016529
-1790.123457  3518.518519  0.00005429278417810226
-1790.123457  3641.975309  0.00007055995422378453
-1790.123457  3765.432099  0.00004462990870200538
-1790.123457  3888.888889  0.00005094680942991576
-1790.123457  4012.345679  0.00005387966530388101
-1790.123457  4135.802469  0.00005718128743529383
-1790.123457  4259.259259  0.00005989070250847084
-1790.123457  4382.716049  0.00006204383368486482
-1790.123457  4506.172840  0.00006312891249392255
-1790.123457  4629.629630  0.00006565316828341134
-1790.123457  4753.086420  0.00004935029535228443
-1790.123457  4876.543210  0.00005141437263250353

-1666.666667 -5000.000000  0.00001612010460145559
-1666.666667 -4876.543210  0.00004556836235336905
-1666.666667 -4753.086420  0.00004283897456839945
-1666.666667 -4629.629630  0.00005785089479030897
-1666.666667 -4506.172840  0.00005570073461585910
-1666.666667 -4382.716049  0.00005494868840479613
-1666.666667 -4259.259259  0.00005312856612891613
-1666.666667 -4135.802469  0.00005065526276396715
-1666.666667 -4012.345679  0.00004752475397177756
-1666.666667 -3888.888889  0.00004467277077108136
-1666.666667 -3765.432099  0.00003881857004813616
-1666.666667 -3641.975309  0.00006248787411198729
-1666.666667 -3518.518519  0.00004760471567613459
-1666.666667 -3395.061728  0.00004932833325049103
-1666.666667 -3271.604938  0.00006817107463154242
-1666.666667 -3148.148148  0.00006786657628067340
-1666.666667 -3024.691358  0.00004205071303817314
-1666.666667 -2901.234568  0.00001439240421303534
-1666.666667 -2777.777778  0.00003826534018217139
-1666.666667 -2654.320988  0.00009254219163284342
-1666.666667 -2530.864198  0.00002980445746209103
-1666.666667 -2407.407407  0.00000474841486392559
-1666.666667 -2283.950617  0.00000195343623661525
-1666.666667 -2160.493827  0.00006097933080264656
-1666.666667 -2037.037037  0.00004331751303822294
-1666.666667 -1913.580247  0.00002265774096902695
-1666.666667 -1790.123457  -0.00000039464131137806
-1666.666667 -1666.666667  0.00000826654617971870
-1666.666667 -1543.209877  0.00002153668072921393
-1666.666667 -1419.753086  0.00000508480831803144
-1666.666667 -1296.296296  0.00000352327379877358
-1666.666667 -1172.839506  0.00000438738197279108
-1666.666667 -1049.382716  -0.00000221103454151029
-1666.666667  -925.925926  -0.00001724304922596400
-1666.666667  -802.469136  -0.00003466090270554865
-1666.666667  -679.012346  -0.00005728382359139531
-1666.666667  -555.555556  -0.00007835292019420669
-1666.666667  -432.098765  -0.00009672540691086901
-1666.666667  -308.641975  -0.00011107065591554404
-1666.666667  -185.185185  -0.00012352075511477560
-1666.666667   -61.728395  -0.00014409473673921731
-1666.666667    61.728395  -0.00014409473673931701
-1666.666667   185.185185  -0.00012352075511458231
-1666.666667   308.641975  -0.00011107065591533896
-1666.666667   432.098765  -0.00009672540691061019
-1666.666667   555.555556  -0.00007835292019385120
-1666.666667   679.012346  -0.00005728382359086566
-1666.666667   802.469136  -0.00003466090270478052
-1666.666667   925.925926  -0.00001724304922498757
-1666.666667  1049.382716  -0.00000221103454032048
-1666.666667  1172.839506  0.00000438738197412018
-1666.666667  1296.296296  0.00000352327380015905
-1666.666667  1419.753086  0.00000508480831949468
-1666.666667  1543.209877  0.00002153668073097507
-1666.666667  1666.666667  0.00000826654618142283
-1666.666667  1790.123457  -0.00000039464130967279
-1666.666667  1913.580247  0.00002265774097112789
-1666.666667  2037.037037  0.00004331751304065932
-1666.666667  2160.493827  0.00006097933080544052
-1666.666667  2283.950617  0.00000195343623880099
-1666.666667  2407.407407  0.00000474841486630155
-1666.666667  2530.864198  0.00002980445746456923
-1666.666667  2654.320988  0.00009254219163658314
-1666.666667  2777.777778  0.00003826534018531303
-1666.666667  2901.234568  0.00001439240421581647
-1666.666667  3024.691358  0.00004205071304129576
-1666.666667  3148.148148  0.00006786657628423229
-1666.666667  3271.604938  0.00006817107463531600
-1666.666667  3395.061728  0.00004932833325429355
-1666.666667  3518.518519  0.00004760471568011868
-1666.666667  3641.975309  0.00006248787411630415
-1666.666667  3765.432099  0.00003881857005222863
-1666.666667  3888.888889  0.00004467277077522516
-1666.666667  4012.345679  0.00004752475397592630
-1666.666667  4135.802469  0.00005065526276812893
-1666.666667  4259.259259  0.00005312856613321116
-1666.666667  4382.716049  0.00005494868840935664
-1666.666667  4506.172840  0.00005570073462080413
-1666.666667  4629.629630  0.00005785089479570028
-1666.666667  4753.086420  0.00004283897457347230
-1666.666667  4876.543210  0.00004556836235760882

-1543.209877 -5000.000000  0.00001487040711086672
-1543.209877 -4876.543210  0.00003710009694605601
-1543.209877 -4753.086420  0.00003279679627119589
-1543.209877 -4629.629630  0.00004653324212797802
-1543.209877 -4506.172840  0.00004501661018617451
-1543.209877 -4382.716049  0.00004484157860938089
-1543.209877 -4259.259259  0.00004346154699414045
-1543.209877 -4135.802469  0.00004118631607898691
-1543.209877 -4012.345679  0.00003807067456665057
-1543.209877 -3888.888889  0.00003513674346944772
-1543.209877 -3765.432099  0.00002958000192506859
-1543.209877 -3641.975309  0.00005119798892009873
-1543.209877 -3518.518519  0.00003761674560236105
-1543.209877 -3395.061728  0.00003940016318159780
-1543.209877 -3271.604938  0.00005692499971767978
-1543.209877 -3148.148148  0.00005694143295604982
-1543.209877 -3024.691358  0.00003312642767934992
-1543.209877 -2901.234568  0.00000684422903041286
-1543.209877 -2777.777778  0.00002862219918159868
-1543.209877 -2654.320988  0.00007869849041243859
-1543.209877 -2530.864198  0.00002483670898909496
-1543.209877 -2407.407407  0.00002666785895930075
-1543.209877 -2283.950617  0.00002232465053646167
-1543.209877 -2160.493827  0.00007815948247633232
-1543.209877 -2037.037037  0.00006070323809554450
-1543.209877 -1913.580247  0.00004270235309044568
-1543.209877 -1790.123457  0.00002067475616789824
-1543.209877 -1666.666667  0.00002833483010959794
-1543.209877 -1543.209877  0.00004047688929939474
-1543.209877 -1419.753086  0.00002500451217491933
-1543.209877 -1296.296296  0.00002284947627258227
-1543.209877 -1172.839506  0.00002318591108606055
-1543.209877 -1049.382716  0.00001511004260490842
-1543.209877  -925.925926  -0.00000159090535020997
-1543.209877  -802.469136  -0.00002240627459669169
-1543.209877  -679.012346  -0.00005059404024091993
-1543.209877  -555.555556  -0.00008038012060118773
-1543.209877  -432.098765  -0.00011010126647837398
-1543.209877  -308.641975  -0.00013684281714318537
-1543.209877  -185.185185  -0.00016000329401165379
-1543.209877   -61.728395  -0.00018616748948769880
-1543.209877    61.728395  -0.00018616748948785329
-1543.209877   185.185185  -0.00016000329401152376
-1543.209877   308.641975  -0.00013684281714306060
-1543.209877   432.098765  -0.00011010126647818550
-1543.209877   555.555556  -0.00008038012060087240
-1543.209877   679.012346  -0.00005059404024038886
-1543.209877   802.469136  -0.00002240627459587930
-1543.209877   925.925926  -0.00000159090534915411
-1543.209877  1049.382716  0.00001511004260620518
-1543.209877  1172.839506  0.00002318591108751691
-1543.209877  1296.296296  0.00002284947627410040
-1543.209877  1419.753086  0.00002500451217652603
-1543.209877  1543.209877  0.00004047688930131448
-1543.209877  1666.666667  0.00002833483011146013
-1543.209877  1790.123457  0.00002067475616976686
-1543.209877  1913.580247  0.00004270235309273994
-1543.209877  2037.037037  0.00006070323809818754
-1543.209877  2160.493827  0.00007815948247935980
-1543.209877  2283.950617  0.00002232465053884459
-1543.209877  2407.407407  0.00002666785896189503
-1543.209877  2530.864198  0.00002483670899162729
-1543.209877  2654.320988  0.00007869849041620770
-1543.209877  2777.777778  0.00002862219918473363
-1543.209877  2901.234568  0.00000684422903318665
-1543.209877  3024.691358  0.00003312642768249958
-1543.209877  3148.148148  0.00005694143295965352
-1543.209877  3271.604938  0.00005692499972148855
-1543.209877  3395.061728  0.00003940016318540847
-1543.209877  3518.518519  0.00003761674560634208
-1543.209877  3641.975309  0.00005119798892441761
-1543.209877  3765.432099  0.00002958000192914830
-1543.209877  3888.888889  0.00003513674347360180
-1543.209877  4012.345679  0.00003807067457081417
-1543.209877  4135.802469  0.00004118631608317576
-1543.209877  4259.259259  0.00004346154699847186
-1543.209877  4382.716049  0.00004484157861395793
-1543.209877  4506.172840  0.00004501661019109168
-1543.209877  4629.629630  0.00004653324213331854
-1543.209877  4753.086420  0.00003279679627621667
-1543.209877  4876.543210  0.00003710009695034458

-1419.753086 -5000.000000  0.00001349274906104672
-1419.753086 -4876.543210  0.00003568259492479790
-1419.753086 -4753.086420  0.00003295183922487100
-1419.753086 -4629.629630  0.00004576098029468756
-1419.753086 -4506.172840  0.00004424931612222496
-1419.753086 -4382.716049  0.00004375768132447748
-1419.753086 -4259.259259  0.00004225042888216484
-1419.753086 -4135.802469  0.00004012606152700138
-1419.753086 -4012.345679  0.00003733143386569025
-1419.753086 -3888.888889  0.00003478040089375437
-1419.753086 -3765.432099  0.00002964905156669807
-1419.753086 -3641.975309  0.00005006551634476110
-1419.753086 -3518.518519  0.00003729016696369618
-1419.753086 -3395.061728  0.00003880439575919072
-1419.753086 -3271.604938  0.00005505681733808936
-1419.753086 -3148.148148  0.00005482373718329059
-1419.753086 -3024.691358  0.00003250347110392970
-1419.753086 -2901.234568  0.00000838669994859314
-1419.753086 -2777.777778  0.00002878646841243018
-1419.753086 -2654.320988  0.00007554511294162667
-1419.753086 -2530.864198  0.00002248756809621921
-1419.753086 -2407.407407  0.00000622341851677276
-1419.753086 -2283.950617  0.00000340405862462053
-1419.753086 -2160.493827  0.00005441589636675992
-1419.753086 -2037.037037  0.00003861170704391917
-1419.753086 -1913.580247  0.00002054041427857402
-1419.753086 -1790.123457  -0.00000007862989826798
-1419.753086 -1666.666667  0.00000666963825109125
-1419.753086 -1543.209877  0.00001727225879401245
-1419.753086 -1419.753086  0.00000168378343044968
-1419.753086 -1296.296296  -0.00000153332762540667
-1419.753086 -1172.839506  -0.00000393834053938812
-1419.753086 -1049.382716  -0.00001422809642437772
-1419.753086  -925.925926  -0.00003452897526131256
-1419.753086  -802.469136  -0.00006090296119739281
-1419.753086  -679.012346  -0.00009804396777886038
-1419.753086  -555.555556  -0.00014120448276461667
-1419.753086  -432.098765  -0.00018856691839312957
-1419.753086  -308.641975  -0.00023482768062822816
-1419.753086  -185.185185  -0.00027491624444350482
-1419.753086   -61.728395  -0.00030998858300172738
-1419.753086    61.728395  -0.00030998858300197078
-1419.753086   185.185185  -0.00027491624444353431
-1419.753086   308.641975  -0.00023482768062831072
-1419.753086   432.098765  -0.00018856691839315022
-1419.753086   555.555556  -0.00014120448276447366
-1419.753086   679.012346  -0.00009804396777846218
-1419.753086   802.469136  -0.00006090296119666877
-1419.753086   925.925926  -0.00003452897526031591
-1419.753086  1049.382716  -0.00001422809642312304
-1419.753086  1172.839506  -0.00000393834053796579
-1419.753086  1296.296296  -0.00000153332762392875
-1419.753086  1419.753086  0.00000168378343202163
-1419.753086  1543.209877  0.00001727225879590654
-1419.753086  1666.666667  0.00000666963825291889
-1419.753086  1790.123457  -0.00000007862989644107
-1419.753086  1913.580247  0.00002054041428083119
-1419.753086  2037.037037  0.00003861170704653807
-1419.753086  2160.493827  0.00005441589636976565
-1419.753086  2283.950617  0.00000340405862695671
-1419.753086  2407.407407  0.00000622341851930923
-1419.753086  2530.864198  0.00002248756809881374
-1419.753086  2654.320988  0.00007554511294549303
-1419.753086  2777.777778  0.00002878646841564041
-1419.753086  2901.234568  0.00000838669995143822
-1419.753086  3024.691358  0.00003250347110716611
-1419.753086  3148.148148  0.00005482373718699738
-1419.753086  3271.604938  0.00005505681734200249
-1419.753086  3395.061728  0.00003880439576310097
-1419.753086  3518.518519  0.00003729016696777573
-1419.753086  3641.975309  0.00005006551634918831
-1419.753086  3765.432099  0.00002964905157085514
-1419.753086  3888.888889  0.00003478040089801160
-1419.753086  4012.345679  0.00003733143386995429
-1419.753086  4135.802469  0.00004012606153129362
-1419.753086  4259.259259  0.00004225042888660413
-1419.753086  4382.716049  0.00004375768132916140
-1419.753086  4506.172840  0.00004424931612724248
-1419.753086  4629.629630  0.00004576098030012546
-1419.753086  4753.086420  0.00003295183922998177
-1419.753086  4876.543210  0.00003568259492918671

-1296.296296 -5000.000000  0.00001216418493882078
-1296.296296 -4876.543210  0.00003013210092827715
-1296.296296 -4753.086420  0.00002724782920090052
-1296.296296 -4629.629630  0.00003893489777585587
-1296.296296 -4506.172840  0.00003777830202639515
-1296.296296 -4382.716049  0.00003745217362495599
-1296.296296 -4259.259259  0.00003612864121047043
-1296.296296 -4135.802469  0.00003418188825924443
-1296.296296 -4012.345679  0.00003151771128239521
-1296.296296 -3888.888889  0.00002907919568424706
-1296.296296 -3765.432099  0.00002438283618040462
-1296.296296 -3641.975309  0.00004295037037289830
-1296.296296 -3518.518519  0.00003123335467600565
-1296.296296 -3395.061728  0.00003269010843084667
-1296.296296 -3271.604938  0.00004770008942874277
-1296.296296 -3148.148148  0.00004752304856283671
-1296.296296 -3024.691358  0.00002693328022779292
-1296.296296 -2901.234568  0.00000451081914308086
-1296.296296 -2777.777778  0.00002319627709269003
-1296.296296 -2654.320988  0.00006625264468044849
-1296.296296 -2530.864198  0.00001836982718131076
-1296.296296 -2407.407407  0.00000896248077217231
-1296.296296 -2283.950617  0.00000604171918319890
-1296.296296 -2160.493827  0.00005324337032070413
-1296.296296 -2037.037037  0.00003831845618494627
-1296.296296 -1913.580247  0.00002172724370206209
-1296.296296 -1790.123457  0.00000234907382263208
-1296.296296 -1666.666667  0.00000820910357144931
-1296.296296 -1543.209877  0.00001757788360407286
-1296.296296 -1419.753086  0.00000260387547504514
-1296.296296 -1296.296296  -0.00000117545456054629
-1296.296296 -1172.839506  -0.00000429688225884680
-1296.296296 -1049.382716  -0.00001624468273616700
-1296.296296  -925.925926  -0.00003892618987949401
-1296.296296  -802.469136  -0.00006984317305991501
-1296.296296  -679.012346  -0.00011500109719137637
-1296.296296  -555.555556  -0.00017141815868999152
-1296.296296  -432.098765  -0.00023738785292417322
-1296.296296  -308.641975  -0.00030528433683170479
-1296.296296  -185.185185  -0.00036488495179357169
-1296.296296   -61.728395  -0.00041039575064947203
-1296.296296    61.728395  -0.00041039575064982559
-1296.296296   185.185185  -0.00036488495179381114
-1296.296296   308.641975  -0.00030528433683204399
-1296.296296   432.098765  -0.00023738785292442665
-1296.296296   555.555556  -0.00017141815869001773
-1296.296296   679.012346  -0.00011500109719107423
-1296.296296   802.469136  -0.00006984317305922666
-1296.296296   925.925926  -0.00003892618987849253
-1296.296296  1049.382716  -0.00001624468273488260
-1296.296296  1172.839506  -0.00000429688225738105
-1296.296296  1296.296296  -0.00000117545455900873
-1296.296296  1419.753086  0.00000260387547668844
-1296.296296  1543.209877  0.00001757788360604202
-1296.296296  1666.666667  0.00000820910357335703
-1296.296296  1790.123457  0.00000234907382454727
-1296.296296  1913.580247  0.00002172724370441615
-1296.296296  2037.037037  0.00003831845618766780
-1296.296296  2160.493827  0.00005324337032381531
-1296.296296  2283.950617  0.00000604171918564092
-1296.296296  2407.407407  0.00000896248077481824
-1296.296296  2530.864198  0.00001836982718397748
-1296.296296  2654.320988  0.00006625264468437702
-1296.296296  2777.777778  0.00002319627709597817
-1296.296296  2901.234568  0.00000451081914600663
-1296.296296  3024.691358  0.00002693328023110448
-1296.296296  3148.148148  0.00004752304856661596
-1296.296296  3271.604938  0.00004770008943273430
-1296.296296  3395.061728  0.00003269010843484173
-1296.296296  3518.518519  0.00003123335468016902
-1296.296296  3641.975309  0.00004295037037740719
-1296.296296  3765.432099  0.00002438283618468312
-1296.296296  3888.888889  0.00002907919568858233
-1296.296296  4012.345679  0.00003151771128674352
-1296.296296  4135.802469  0.00003418188826362298
-1296.296296  4259.259259  0.00003612864121499211
-1296.296296  4382.716049  0.00003745217362971785
-1296.296296  4506.172840  0.00003777830203149250
-1296.296296  4629.629630  0.00003893489778138299
-1296.296296  4753.086420  0.00002724782920608590
-1296.296296  4876.543210  0.00003013210093272698

-1172.839506 -5000.000000  0.00001072409603519722
-1172.839506 -4876.543210  0.00002406224225149885
-1172.839506 -4753.086420  0.00002069977218835838
-1172.839506 -4629.629630  0.00003119405994031413
-1172.839506 -4506.172840  0.00003039435022000603
-1172.839506 -4382.716049  0.00003031391398529220
-1172.839506 -4259.259259  0.00002924601768435339
-1172.839506 -4135.802469  0.00002751020897289599
-1172.839506 -4012.345679  0.00002500643099986036
-1172.839506 -3888.888889  0.00002264666759882048
-1172.839506 -3765.432099  0.00001838384194539442
-1172.839506 -3641.975309  0.00003506968126556319
-1172.839506 -3518.518519  0.00002458034372502366
-1172.839506 -3395.061728  0.00002594348100535899
-1172.839506 -3271.604938  0.00003954817042840864
-1172.839506 -3148.148148  0.00003951535406654335
-1172.839506 -3024.691358  0.00002093619812103422
-1172.839506 -2901.234568  0.00000033748301134391
-1172.839506 -2777.777778  0.00001706918727828955
-1172.839506 -2654.320988  0.00005590996245895985
-1172.839506 -2530.864198  0.00001442643850402342
-1172.839506 -2407.407407  0.00001678757624204542
-1172.839506 -2283.950617  0.00001330710175475932
-1172.839506 -2160.493827  0.00005649659232551108
-1172.839506 -2037.037037  0.00004250068126557557
-1172.839506 -1913.580247  0.00002788880706704461
-1172.839506 -1790.123457  0.00000991394786181574
-1172.839506 -1666.666667  0.00001486790669705431
-1172.839506 -1543.209877  0.00002306169909271938
-1172.839506 -1419.753086  0.00000906731703457745
-1172.839506 -1296.296296  0.00000483970240755091
-1172.839506 -1172.839506  0.00000056210544956747
-1172.839506 -1049.382716  -0.00001243734647136884
-1172.839506  -925.925926  -0.00003664269701978659
-1172.839506  -802.469136  -0.00007089659464516498
-1172.839506  -679.012346  -0.00012247993938632534
-1172.839506  -555.555556  -0.00019027293439991696
-1172.839506  -432.098765  -0.00027309981517603064
-1172.839506  -308.641975  -0.00036144416478457047
-1172.839506  -185.185185  -0.00044002039039813960
-1172.839506   -61.728395  -0.00049557524585420890
-1172.839506    61.728395  -0.00049557524585467272
-1172.839506   185.185185  -0.00044002039039869336
-1172.839506   308.641975  -0.00036144416478528458
-1172.839506   432.098765  -0.00027309981517662874
-1172.839506   555.555556  -0.00019027293440023930
-1172.839506   679.012346  -0.00012247993938624692
-1172.839506   802.469136  -0.00007089659464464214
-1172.839506   925.925926  -0.00003664269701890080
-1172.839506  1049.382716  -0.00001243734647014951
-1172.839506  1172.839506  0.00000056210545100059
-1172.839506  1296.296296  0.00000483970240907760
-1172.839506  1419.753086  0.00000906731703622456
-1172.839506  1543.209877  0.00002306169909470229
-1172.839506  1666.666667  0.00001486790669899901
-1172.839506  1790.123457  0.00000991394786378089
-1172.839506  1913.580247  0.00002788880706943716
-1172.839506  2037.037037  0.00004250068126832745
-1172.839506  2160.493827  0.00005649659232864635
-1172.839506  2283.950617  0.00001330710175727198
-1172.839506  2407.407407  0.00001678757624477020
-1172.839506  2530.864198  0.00001442643850676837
-1172.839506  2654.320988  0.00005590996246296848
-1172.839506  2777.777778  0.00001706918728169241
-1172.839506  2901.234568  0.00000033748301438837
-1172.839506  3024.691358  0.00002093619812444030
-1172.839506  3148.148148  0.00003951535407039830
-1172.839506  3271.604938  0.00003954817043248627
-1172.839506  3395.061728  0.00002594348100946143
-1172.839506  3518.518519  0.00002458034372931474
-1172.839506  3641.975309  0.00003506968127018744
-1172.839506  3765.432099  0.00001838384194980613
-1172.839506  3888.888889  0.00002264666760326404
-1172.839506  4012.345679  0.00002500643100431626
-1172.839506  4135.802469  0.00002751020897736129
-1172.839506  4259.259259  0.00002924601768895172
-1172.839506  4382.716049  0.00003031391399014386
-1172.839506  4506.172840  0.00003039435022522606
-1172.839506  4629.629630  0.00003119405994598518
-1172.839506  4753.086420  0.00002069977219366807
-1172.839506  4876.543210  0.00002406224225598124

-1049.382716 -5000.000000  0.00000957409127287288
-1049.382716 -4876.543210  0.00002082543724134150
-1049.382716 -4753.086420  0.00001763281278299720
-1049.382716 -4629.629630  0.00002701075633770092
-1049.382716 -4506.172840  0.00002637442130375461
-1049.382716 -4382.716049  0.00002636404543094001
-1049.382716 -4259.259259  0.00002544224101340092
-1049.382716 -4135.802469  0.00002390023805506561
-1049.382716 -4012.345679  0.00002162402674252155
-1049.382716 -3888.888889  0.00001948303735570237
-1049.382716 -3765.432099  0.00001555712990750045
-1049.382716 -3641.975309  0.00003049829339599872
-1049.382716 -3518.518519  0.00002111968922680933
-1049.382716 -3395.061728  0.00002236146018412796
-1049.382716 -3271.604938  0.00003452852166444604
-1049.382716 -3148.148148  0.00003453536252199246
-1049.382716 -3024.691358  0.00001789180036596049
-1049.382716 -2901.234568  -0.00000067834534470397
-1049.382716 -2777.777778  0.00001423008650337345
-1049.382716 -2654.320988  0.00004895518485594069
-1049.382716 -2530.864198  0.00001239614279974001
-1049.382716 -2407.407407  0.00001814165022334006
-1049.382716 -2283.950617  0.00001464398521858147
-1049.382716 -2160.493827  0.00005352819036331315
-1049.382716 -2037.037037  0.00004073802366690983
-1049.382716 -1913.580247  0.00002768407270982633
-1049.382716 -1790.123457  0.00001124422810356285
-1049.382716 -1666.666667  0.00001535830922337911
-1049.382716 -1543.209877  0.00002233954817623706
-1049.382716 -1419.753086  0.00000926517061557735
-1049.382716 -1296.296296  0.00000473339362840345
-1049.382716 -1172.839506  0.00000016088777284492
-1049.382716 -1049.382716  -0.00001362057590234278
-1049.382716  -925.925926  -0.00003877644690721016
-1049.382716  -802.469136  -0.00007538801234438901
-1049.382716  -679.012346  -0.00013155911164225615
-1049.382716  -555.555556  -0.00020790617589572672
-1049.382716  -432.098765  -0.00030375775550560495
-1049.382716  -308.641975  -0.00040829807668747221
-1049.382716  -185.185185  -0.00050216751556561134
-1049.382716   -61.728395  -0.00056564811239062087
-1049.382716    61.728395  -0.00056564811239117794
-1049.382716   185.185185  -0.00050216751556642427
-1049.382716   308.641975  -0.00040829807668845694
-1049.382716   432.098765  -0.00030375775550641187
-1049.382716   555.555556  -0.00020790617589617355
-1049.382716   679.012346  -0.00013155911164221387
-1049.382716   802.469136  -0.00007538801234384362
-1049.382716   925.925926  -0.00003877644690626668
-1049.382716  1049.382716  -0.00001362057590105373
-1049.382716  1172.839506  0.00000016088777436602
-1049.382716  1296.296296  0.00000473339363003684
-1049.382716  1419.753086  0.00000926517061734623
-1049.382716  1543.209877  0.00002233954817833130
-1049.382716  1666.666667  0.00001535830922545496
-1049.382716  1790.123457  0.00001124422810567699
-1049.382716  1913.580247  0.00002768407271235551
-1049.382716  2037.037037  0.00004073802366977191
-1049.382716  2160.493827  0.00005352819036655168
-1049.382716  2283.950617  0.00001464398522125701
-1049.382716  2407.407407  0.00001814165022625311
-1049.382716  2530.864198  0.00001239614280256663
-1049.382716  2654.320988  0.00004895518485999792
-1049.382716  2777.777778  0.00001423008650688364
-1049.382716  2901.234568  -0.00000067834534153765
-1049.382716  3024.691358  0.00001789180036945610
-1049.382716  3148.148148  0.00003453536252591262
-1049.382716  3271.604938  0.00003452852166859217
-1049.382716  3395.061728  0.00002236146018833517
-1049.382716  3518.518519  0.00002111968923121231
-1049.382716  3641.975309  0.00003049829340073212
-1049.382716  3765.432099  0.00001555712991200755
-1049.382716  3888.888889  0.00001948303736025150
-1049.382716  4012.345679  0.00002162402674708297
-1049.382716  4135.802469  0.00002390023805962239
-1049.382716  4259.259259  0.00002544224101807098
-1049.382716  4382.716049  0.00002636404543587190
-1049.382716  4506.172840  0.00002637442130908889
-1049.382716  4629.629630  0.00002701075634351172
-1049.382716  4753.086420  0.00001763281278842283
-1049.382716  4876.543210  0.00002082543724586392

 -925.925926 -5000.000000  0.00000864734010759077
 -925.925926 -4876.543210  0.00002056695719886203
 -925.925926 -4753.086420  0.00001812644430426978
 -925.925926 -4629.629630  0.00002653127950854586
 -925.925926 -4506.172840  0.00002582492648004492
 -925.925926 -4382.716049  0.00002573148676027027
 -925.925926 -4259.259259  0.00002486406291927304
 -925.925926 -4135.802469  0.00002347353454846950
 -925.925926 -4012.345679  0.00002151508451652257
 -925.925926 -3888.888889  0.00001969001898288438
 -925.925926 -3765.432099  0.00001629193403129950
 -925.925926 -3641.975309  0.00002960666979902780
 -925.925926 -3518.518519  0.00002124799521775728
 -925.925926 -3395.061728  0.00002229718731993443
 -925.925926 -3271.604938  0.00003304464872028220
 -925.925926 -3148.148148  0.00003295332406897959
 -925.925926 -3024.691358  0.00001814965553376634
 -925.925926 -2901.234568  0.00000180920710267610
 -925.925926 -2777.777778  0.00001506099651335276
 -925.925926 -2654.320988  0.00004584829353225158
 -925.925926 -2530.864198  0.00001241758307944011
 -925.925926 -2407.407407  0.00001136711261120681
 -925.925926 -2283.950617  0.00000860563118545042
 -925.925926 -2160.493827  0.00004275912468596406
 -925.925926 -2037.037037  0.00003156452689297647
 -925.925926 -1913.580247  0.00001947474814957151
 -925.925926 -1790.123457  0.00000472287515155475
 -925.925926 -1666.666667  0.00000805623258576161
 -925.925926 -1543.209877  0.00001379119214427795
 -925.925926 -1419.753086  0.00000151385922159682
 -925.925926 -1296.296296  -0.00000329408394213597
 -925.925926 -1172.839506  -0.00000895117038616924
 -925.925926 -1049.382716  -0.00002313285032287478
 -925.925926  -925.925926  -0.00004884008983526854
 -925.925926  -802.469136  -0.00008672717005860314
 -925.925926  -679.012346  -0.00014545973974991314
 -925.925926  -555.555556  -0.00022672849769274969
 -925.925926  -432.098765  -0.00033038592077805611
 -925.925926  -308.641975  -0.00044489530081266054
 -925.925926  -185.185185  -0.00054829968051178020
 -925.925926   -61.728395  -0.00061645031101061998
 -925.925926    61.728395  -0.00061645031101129283
 -925.925926   185.185185  -0.00054829968051286831
 -925.925926   308.641975  -0.00044489530081394130
 -925.925926   432.098765  -0.00033038592077909678
 -925.925926   555.555556  -0.00022672849769333944
 -925.925926   679.012346  -0.00014545973974994516
 -925.925926   802.469136  -0.00008672717005808309
 -925.925926   925.925926  -0.00004884008983432094
 -925.925926  1049.382716  -0.00002313285032156733
 -925.925926  1172.839506  -0.00000895117038461662
 -925.925926  1296.296296  -0.00000329408394045479
 -925.925926  1419.753086  0.00000151385922342264
 -925.925926  1543.209877  0.00001379119214642114
 -925.925926  1666.666667  0.00000805623258790325
 -925.925926  1790.123457  0.00000472287515374549
 -925.925926  1913.580247  0.00001947474815215609
 -925.925926  2037.037037  0.00003156452689587633
 -925.925926  2160.493827  0.00004275912468922630
 -925.925926  2283.950617  0.00000860563118820809
 -925.925926  2407.407407  0.00001136711261421187
 -925.925926  2530.864198  0.00001241758308234253
 -925.925926  2654.320988  0.00004584829353636865
 -925.925926  2777.777778  0.00001506099651697956
 -925.925926  2901.234568  0.00000180920710596874
 -925.925926  3024.691358  0.00001814965553735153
 -925.925926  3148.148148  0.00003295332407296499
 -925.925926  3271.604938  0.00003304464872450958
 -925.925926  3395.061728  0.00002229718732425298
 -925.925926  3518.518519  0.00002124799522228793
 -925.925926  3641.975309  0.00002960666980387360
 -925.925926  3765.432099  0.00001629193403597767
 -925.925926  3888.888889  0.00001969001898754283
 -925.925926  4012.345679  0.00002151508452119572
 -925.925926  4135.802469  0.00002347353455311977
 -925.925926  4259.259259  0.00002486406292402236
 -925.925926  4382.716049  0.00002573148676529305
 -925.925926  4506.172840  0.00002582492648550925
 -925.925926  4629.629630  0.00002653127951451677
 -925.925926  4753.086420  0.00001812644430983378
 -925.925926  4876.543210  0.00002056695720342037

 -802.469136 -5000.000000  0.00000778298529375476
 -802.469136 -4876.543210  0.00002083030379493009
 -802.469136 -4753.086420  0.00001915251501087101
 -802.469136 -4629.629630  0.00002657543182003319
 -802.469136 -4506.172840  0.00002575277174304436
 -802.469136 -4382.716049  0.00002556685792404719
 -802.469136 -4259.259259  0.00002476044886769863
 -802.469136 -4135.802469  0.00002353831685928798
 -802.469136 -4012.345679  0.00002190575233096861
 -802.469136 -3888.888889  0.00002041779910420305
 -802.469136 -3765.432099  0.00001747713910348517
 -802.469136 -3641.975309  0.00002909211952304790
 -802.469136 -3518.518519  0.00002177819723847509
 -802.469136 -3395.061728  0.00002264133045954721
 -802.469136 -3271.604938  0.00003191169483062690
 -802.469136 -3148.148148  0.00003173958322118089
 -802.469136 -3024.691358  0.00001885244775451600
 -802.469136 -2901.234568  0.00000481622750529317
 -802.469136 -2777.777778  0.00001636471188148019
 -802.469136 -2654.320988  0.00004306771844608026
 -802.469136 -2530.864198  0.00001297932373855923
 -802.469136 -2407.407407  0.00000589074653743793
 -802.469136 -2283.950617  0.00000377289814168783
 -802.469136 -2160.493827  0.00003312030445944212
 -802.469136 -2037.037037  0.00002356017870937918
 -802.469136 -1913.580247  0.00001260002665477850
 -802.469136 -1790.123457  -0.00000035504384978361
 -802.469136 -1666.666667  0.00000225625562807690
 -802.469136 -1543.209877  0.00000682057880270993
 -802.469136 -1419.753086  -0.00000443201972591814
 -802.469136 -1296.296296  -0.00000929437665134253
 -802.469136 -1172.839506  -0.00001514975459639525
 -802.469136 -1049.382716  -0.00002909547903361802
 -802.469136  -925.925926  -0.00005414492320431222
 -802.469136  -802.469136  -0.00009139647266525578
 -802.469136  -679.012346  -0.00014940750582279088
 -802.469136  -555.555556  -0.00023059317510984019
 -802.469136  -432.098765  -0.00033510158635962636
 -802.469136  -308.641975  -0.00045150470483889562
 -802.469136  -185.185185  -0.00055711068098910168
 -802.469136   -61.728395  -0.00062581343652848775
 -802.469136    61.728395  -0.00062581343652931716
 -802.469136   185.185185  -0.00055711068099058465
 -802.469136   308.641975  -0.00045150470484064958
 -802.469136   432.098765  -0.00033510158636111226
 -802.469136   555.555556  -0.00023059317511078771
 -802.469136   679.012346  -0.00014940750582310655
 -802.469136   802.469136  -0.00009139647266495904
 -802.469136   925.925926  -0.00005414492320354242
 -802.469136  1049.382716  -0.00002909547903245845
 -802.469136  1172.839506  -0.00001514975459496785
 -802.469136  1296.296296  -0.00000929437664976732
 -802.469136  1419.753086  -0.00000443201972418569
 -802.469136  1543.209877  0.00000682057880475661
 -802.469136  1666.666667  0.00000225625563013174
 -802.469136  1790.123457  -0.00000035504384767251
 -802.469136  1913.580247  0.00001260002665727184
 -802.469136  2037.037037  0.00002356017871218222
 -802.469136  2160.493827  0.00003312030446259439
 -802.469136  2283.950617  0.00000377289814437030
 -802.469136  2407.407407  0.00000589074654036521
 -802.469136  2530.864198  0.00001297932374151063
 -802.469136  2654.320988  0.00004306771845028265
 -802.469136  2777.777778  0.00001636471188522006
 -802.469136  2901.234568  0.00000481622750869622
 -802.469136  3024.691358  0.00001885244775818554
 -802.469136  3148.148148  0.00003173958322523998
 -802.469136  3271.604938  0.00003191169483493956
 -802.469136  3395.061728  0.00002264133046397966
 -802.469136  3518.518519  0.00002177819724313417
 -802.469136  3641.975309  0.00002909211952802314
 -802.469136  3765.432099  0.00001747713910828529
 -802.469136  3888.888889  0.00002041779910897713
 -802.469136  4012.345679  0.00002190575233574852
 -802.469136  4135.802469  0.00002353831686403016
 -802.469136  4259.259259  0.00002476044887252784
 -802.469136  4382.716049  0.00002556685792917043
 -802.469136  4506.172840  0.00002575277174865219
 -802.469136  4629.629630  0.00002657543182616840
 -802.469136  4753.086420  0.00001915251501658849
 -802.469136  4876.543210  0.00002083030379951628

 -679.012346 -5000.000000  0.00000687936414394956
 -679.012346 -4876.543210  0.00002117389692510790
 -679.012346 -4753.086420  0.00002038619657515952
 -679.012346 -4629.629630  0.00002683870419416731
 -679.012346 -4506.172840  0.00002588597097733606
 -679.012346 -4382.716049  0.00002556889484809008
 -679.012346 -4259.259259  0.00002479398834219138
 -679.012346 -4135.802469  0.00002372990547628216
 -679.012346 -4012.345679  0.00002243935071518012
 -679.012346 -3888.888889  0.00002130156481664199
 -679.012346 -3765.432099  0.00001885894076302802
 -679.012346 -3641.975309  0.00002880837345812375
 -679.012346 -3518.518519  0.00002252402087863021
 -679.012346 -3395.061728  0.00002317382322690246
 -679.012346 -3271.604938  0.00003100214772919683
 -679.012346 -3148.148148  0.00003072235868830617
 -679.012346 -3024.691358  0.00001971839677177765
 -679.012346 -2901.234568  0.00000800849340877831
 -679.012346 -2777.777778  0.00001791021195728693
 -679.012346 -2654.320988  0.00004062746634185585
 -679.012346 -2530.864198  0.00001346374289835310
 -679.012346 -2407.407407  -0.00000194009181711931
 -679.012346 -2283.950617  -0.00000321666796864181
 -679.012346 -2160.493827  0.00002127172830139470
 -679.012346 -2037.037037  0.00001344387210981523
 -679.012346 -1913.580247  0.00000349110989869288
 -679.012346 -1790.123457  -0.00000758974430177242
 -679.012346 -1666.666667  -0.00000560879490826575
 -679.012346 -1543.209877  -0.00000212898519568013
 -679.012346 -1419.753086  -0.00001227638115915441
 -679.012346 -1296.296296  -0.00001702245477900133
 -679.012346 -1172.839506  -0.00002297740534642337
 -679.012346 -1049.382716  -0.00003615086248732275
 -679.012346  -925.925926  -0.00005969346881999621
 -679.012346  -802.469136  -0.00009477863348870020
 -679.012346  -679.012346  -0.00014944766328533256
 -679.012346  -555.555556  -0.00022630354140379039
 -679.012346  -432.098765  -0.00032573141698626925
 -679.012346  -308.641975  -0.00043700706647375825
 -679.012346  -185.185185  -0.00053831330233279986
 -679.012346   -61.728395  -0.00060387510238945469
 -679.012346    61.728395  -0.00060387510239040554
 -679.012346   185.185185  -0.00053831330233457058
 -679.012346   308.641975  -0.00043700706647586333
 -679.012346   432.098765  -0.00032573141698808518
 -679.012346   555.555556  -0.00022630354140500475
 -679.012346   679.012346  -0.00014944766328584732
 -679.012346   802.469136  -0.00009477863348854877
 -679.012346   925.925926  -0.00005969346881933435
 -679.012346  1049.382716  -0.00003615086248624358
 -679.012346  1172.839506  -0.00002297740534506242
 -679.012346  1296.296296  -0.00001702245477748666
 -679.012346  1419.753086  -0.00001227638115747814
 -679.012346  1543.209877  -0.00000212898519368543
 -679.012346  1666.666667  -0.00000560879490626824
 -679.012346  1790.123457  -0.00000758974429972122
 -679.012346  1913.580247  0.00000349110990113173
 -679.012346  2037.037037  0.00001344387211257573
 -679.012346  2160.493827  0.00002127172830450384
 -679.012346  2283.950617  -0.00000321666796601838
 -679.012346  2407.407407  -0.00000194009181426088
 -679.012346  2530.864198  0.00001346374290133424
 -679.012346  2654.320988  0.00004062746634612051
 -679.012346  2777.777778  0.00001791021196107145
 -679.012346  2901.234568  0.00000800849341221960
 -679.012346  3024.691358  0.00001971839677549420
 -679.012346  3148.148148  0.00003072235869242198
 -679.012346  3271.604938  0.00003100214773357057
 -679.012346  3395.061728  0.00002317382323139022
 -679.012346  3518.518519  0.00002252402088335055
 -679.012346  3641.975309  0.00002880837346316212
 -679.012346  3765.432099  0.00001885894076788774
 -679.012346  3888.888889  0.00002130156482147378
 -679.012346  4012.345679  0.00002243935072001349
 -679.012346  4135.802469  0.00002372990548107528
 -679.012346  4259.259259  0.00002479398834707631
 -679.012346  4382.716049  0.00002556889485327178
 -679.012346  4506.172840  0.00002588597098300273
 -679.012346  4629.629630  0.00002683870420035857
 -679.012346  4753.086420  0.00002038619658093420
 -679.012346  4876.543210  0.00002117389692973392

 -555.555556 -5000.000000  0.00000576264019788827
 -555.555556 -4876.543210  0.00001880396410527422
 -555.555556 -4753.086420  0.00001839570971351539
 -555.555556 -4629.629630  0.00002374550519747844
 -555.555556 -4506.172840  0.00002286389986173961
 -555.555556 -4382.716049  0.00002254799973245013
 -555.555556 -4259.259259  0.00002188213082811810
 -555.555556 -4135.802469  0.00002100222420972423
 -555.555556 -4012.345679  0.00001998256149601906
 -555.555556 -3888.888889  0.00001910127962168766
 -555.555556 -3765.432099  0.00001709625048467372
 -555.555556 -3641.975309  0.00002531720684935594
 -555.555556 -3518.518519  0.00002013637504525644
 -555.555556 -3395.061728  0.00002064044417134407
 -555.555556 -3271.604938  0.00002702311766550251
 -555.555556 -3148.148148  0.00002674777596924993
 -555.555556 -3024.691358  0.00001771140465118124
 -555.555556 -2901.234568  0.00000819098548711073
 -555.555556 -2777.777778  0.00001632638509105710
 -555.555556 -2654.320988  0.00003492964242155000
 -555.555556 -2530.864198  0.00001210434648520961
 -555.555556 -2407.407407  -0.00000383103521924920
 -555.555556 -2283.950617  -0.00000475433585372135
 -555.555556 -2160.493827  0.00001516980837591495
 -555.555556 -2037.037037  0.00000884472206736940
 -555.555556 -1913.580247  0.00000043957840391529
 -555.555556 -1790.123457  -0.00000873638426481401
 -555.555556 -1666.666667  -0.00000728527546627581
 -555.555556 -1543.209877  -0.00000468102855651197
 -555.555556 -1419.753086  -0.00001333892896966433
 -555.555556 -1296.296296  -0.00001759122305284478
 -555.555556 -1172.839506  -0.00002301544214027593
 -555.555556 -1049.382716  -0.00003464346484529463
 -555.555556  -925.925926  -0.00005531198833436551
 -555.555556  -802.469136  -0.00008621732085615685
 -555.555556  -679.012346  -0.00013440003738930608
 -555.555556  -555.555556  -0.00020239507642006056
 -555.555556  -432.098765  -0.00029068469898565883
 -555.555556  -308.641975  -0.00038993770843138471
 -555.555556  -185.185185  -0.00048070525121350947
 -555.555556   -61.728395  -0.00053949738291934239
 -555.555556    61.728395  -0.00053949738292035981
 -555.555556   185.185185  -0.00048070525121538503
 -555.555556   308.641975  -0.00038993770843358586
 -555.555556   432.098765  -0.00029068469898753797
 -555.555556   555.555556  -0.00020239507642129322
 -555.555556   679.012346  -0.00013440003738979464
 -555.555556   802.469136  -0.00008621732085593652
 -555.555556   925.925926  -0.00005531198833361288
 -555.555556  1049.382716  -0.00003464346484411105
 -555.555556  1172.839506  -0.00002301544213881125
 -555.555556  1296.296296  -0.00001759122305123638
 -555.555556  1419.753086  -0.00001333892896789845
 -555.555556  1543.209877  -0.00000468102855441456
 -555.555556  1666.666667  -0.00000728527546419787
 -555.555556  1790.123457  -0.00000873638426269357
 -555.555556  1913.580247  0.00000043957840645682
 -555.555556  2037.037037  0.00000884472207025931
 -555.555556  2160.493827  0.00001516980837917819
 -555.555556  2283.950617  -0.00000475433585102564
 -555.555556  2407.407407  -0.00000383103521631922
 -555.555556  2530.864198  0.00001210434648820141
 -555.555556  2654.320988  0.00003492964242582019
 -555.555556  2777.777778  0.00001632638509478063
 -555.555556  2901.234568  0.00000819098549048557
 -555.555556  3024.691358  0.00001771140465488574
 -555.555556  3148.148148  0.00002674777597338751
 -555.555556  3271.604938  0.00002702311766988302
 -555.555556  3395.061728  0.00002064044417579605
 -555.555556  3518.518519  0.00002013637504992099
 -555.555556  3641.975309  0.00002531720685435161
 -555.555556  3765.432099  0.00001709625048945742
 -555.555556  3888.888889  0.00001910127962648066
 -555.555556  4012.345679  0.00001998256150081739
 -555.555556  4135.802469  0.00002100222421450610
 -555.555556  4259.259259  0.00002188213083300925
 -555.555556  4382.716049  0.00002254799973761142
 -555.555556  4506.172840  0.00002286389986732250
 -555.555556  4629.629630  0.00002374550520355130
 -555.555556  4753.086420  0.00001839570971918520
 -555.555556  4876.543210  0.00001880396410995181

 -432.098765 -5000.000000  0.00000432485380435287
 -432.098765 -4876.543210  0.00001269458899737799
 -432.098765 -4753.086420  0.00001205742248274491
 -432.098765 -4629.629630  0.00001614827287500245
 -432.098765 -4506.172840  0.00001561375397948566
 -432.098765 -4382.716049  0.00001545681441871966
 -432.098765 -4259.259259  0.00001498642610563420
 -432.098765 -4135.802469  0.00001431359145339041
 -432.098765 -4012.345679  0.00001346832750820469
 -432.098765 -3888.888889  0.00001271347403502009
 -432.098765 -3765.432099  0.00001113367510288909
 -432.098765 -3641.975309  0.00001749108518603683
 -432.098765 -3518.518519  0.00001349571185889528
 -432.098765 -3395.061728  0.00001392485380366491
 -432.098765 -3271.604938  0.00001891517684110476
 -432.098765 -3148.148148  0.00001876027585727831
 -432.098765 -3024.691358  0.00001173755581541494
 -432.098765 -2901.234568  0.00000418563105349696
 -432.098765 -2777.777778  0.00001045230720692137
 -432.098765 -2654.320988  0.00002490616652881106
 -432.098765 -2530.864198  0.00000796153141843607
 -432.098765 -2407.407407  0.00000036051513687220
 -432.098765 -2283.950617  -0.00000071765382498580
 -432.098765 -2160.493827  0.00001506287802565144
 -432.098765 -2037.037037  0.00000995950585090409
 -432.098765 -1913.580247  0.00000365874074734487
 -432.098765 -1790.123457  -0.00000361813731062023
 -432.098765 -1666.666667  -0.00000257146934061552
 -432.098765 -1543.209877  -0.00000058040745718658
 -432.098765 -1419.753086  -0.00000734800396788174
 -432.098765 -1296.296296  -0.00001072757063703101
 -432.098765 -1172.839506  -0.00001508617578383420
 -432.098765 -1049.382716  -0.00002438808775859591
 -432.098765  -925.925926  -0.00004089139879420775
 -432.098765  -802.469136  -0.00006574334510561449
 -432.098765  -679.012346  -0.00010462599732451951
 -432.098765  -555.555556  -0.00015978304542501570
 -432.098765  -432.098765  -0.00023174439515183005
 -432.098765  -308.641975  -0.00031311422335512332
 -432.098765  -185.185185  -0.00038801733422179726
 -432.098765   -61.728395  -0.00043680596511685321
 -432.098765    61.728395  -0.00043680596511792136
 -432.098765   185.185185  -0.00038801733422367130
 -432.098765   308.641975  -0.00031311422335732122
 -432.098765   432.098765  -0.00023174439515368702
 -432.098765   555.555556  -0.00015978304542620263
 -432.098765   679.012346  -0.00010462599732492399
 -432.098765   802.469136  -0.00006574334510527834
 -432.098765   925.925926  -0.00004089139879331635
 -432.098765  1049.382716  -0.00002438808775726170
 -432.098765  1172.839506  -0.00001508617578222158
 -432.098765  1296.296296  -0.00001072757063529001
 -432.098765  1419.753086  -0.00000734800396599051
 -432.098765  1543.209877  -0.00000058040745493835
 -432.098765  1666.666667  -0.00000257146933842177
 -432.098765  1790.123457  -0.00000361813730840328
 -432.098765  1913.580247  0.00000365874075003574
 -432.098765  2037.037037  0.00000995950585398573
 -432.098765  2160.493827  0.00001506287802914893
 -432.098765  2283.950617  -0.00000071765382218820
 -432.098765  2407.407407  0.00000036051513990258
 -432.098765  2530.864198  0.00000796153142141614
 -432.098765  2654.320988  0.00002490616653306220
 -432.098765  2777.777778  0.00001045230721051830
 -432.098765  2901.234568  0.00000418563105673555
 -432.098765  3024.691358  0.00001173755581906814
 -432.098765  3148.148148  0.00001876027586141775
 -432.098765  3271.604938  0.00001891517684546065
 -432.098765  3395.061728  0.00001392485380802302
 -432.098765  3518.518519  0.00001349571186342930
 -432.098765  3641.975309  0.00001749108519092465
 -432.098765  3765.432099  0.00001113367510751157
 -432.098765  3888.888889  0.00001271347403971451
 -432.098765  4012.345679  0.00001346832751291177
 -432.098765  4135.802469  0.00001431359145812252
 -432.098765  4259.259259  0.00001498642611050500
 -432.098765  4382.716049  0.00001545681442381487
 -432.098765  4506.172840  0.00001561375398489777
 -432.098765  4629.629630  0.00001614827288084738
 -432.098765  4753.086420  0.00001205742248821208
 -432.098765  4876.543210  0.00001269458900211574

 -308.641975 -5000.000000  0.00000280575611888846
 -308.641975 -4876.543210  0.00000563923839516284
 -308.641975 -4753.086420  0.00000460445527083853
 -308.641975 -4629.629630  0.00000739111893129592
 -308.641975 -4506.172840  0.00000727398119891815
 -308.641975 -4382.716049  0.00000731860747722943
 -308.641975 -4259.259259  0.00000706516587654143
 -308.641975 -4135.802469  0.00000660163039092072
 -308.641975 -4012.345679  0.00000590211928507565
 -308.641975 -3888.888889  0.00000524066522059588
 -308.641975 -3765.432099  0.00000407896004329171
 -308.641975 -3641.975309  0.00000853257937996158
 -308.641975 -3518.518519  0.00000574312301072615
 -308.641975 -3395.061728  0.00000611916441603118
 -308.641975 -3271.604938  0.00000973792182930299
 -308.641975 -3148.148148  0.00000973573936839670
 -308.641975 -3024.691358  0.00000473857580054947
 -308.641975 -2901.234568  -0.00000089785348048930
 -308.641975 -2777.777778  0.00000348222012577110
 -308.641975 -2654.320988  0.00001379491842600913
 -308.641975 -2530.864198  0.00000312642757887489
 -308.641975 -2407.407407  0.00000609241551384962
 -308.641975 -2283.950617  0.00000477487169605702
 -308.641975 -2160.493827  0.00001651598559101792
 -308.641975 -2037.037037  0.00001256926424992079
 -308.641975 -1913.580247  0.00000852884245044844
 -308.641975 -1790.123457  0.00000319264742670890
 -308.641975 -1666.666667  0.00000392544734673682
 -308.641975 -1543.209877  0.00000544115778339674
 -308.641975 -1419.753086  0.00000075527206819558
 -308.641975 -1296.296296  -0.00000155639224920253
 -308.641975 -1172.839506  -0.00000455207381751991
 -308.641975 -1049.382716  -0.00001110531408059294
 -308.641975  -925.925926  -0.00002275663182252190
 -308.641975  -802.469136  -0.00004050856850337263
 -308.641975  -679.012346  -0.00006848664458401496
 -308.641975  -555.555556  -0.00010846449633477493
 -308.641975  -432.098765  -0.00016097595014667124
 -308.641975  -308.641975  -0.00022079552782525532
 -308.641975  -185.185185  -0.00027631255231695131
 -308.641975   -61.728395  -0.00031274428761392465
 -308.641975    61.728395  -0.00031274428761508474
 -308.641975   185.185185  -0.00027631255231898132
 -308.641975   308.641975  -0.00022079552782766583
 -308.641975   432.098765  -0.00016097595014875692
 -308.641975   555.555556  -0.00010846449633618107
 -308.641975   679.012346  -0.00006848664458459778
 -308.641975   802.469136  -0.00004050856850316724
 -308.641975   925.925926  -0.00002275663182172115
 -308.641975  1049.382716  -0.00001110531407931582
 -308.641975  1172.839506  -0.00000455207381595600
 -308.641975  1296.296296  -0.00000155639224751025
 -308.641975  1419.753086  0.00000075527207004331
 -308.641975  1543.209877  0.00000544115778563059
 -308.641975  1666.666667  0.00000392544734888704
 -308.641975  1790.123457  0.00000319264742886329
 -308.641975  1913.580247  0.00000852884245312146
 -308.641975  2037.037037  0.00001256926425303217
 -308.641975  2160.493827  0.00001651598559457769
 -308.641975  2283.950617  0.00000477487169880568
 -308.641975  2407.407407  0.00000609241551681399
 -308.641975  2530.864198  0.00000312642758183397
 -308.641975  2654.320988  0.00001379491843027585
 -308.641975  2777.777778  0.00000348222012928113
 -308.641975  2901.234568  -0.00000089785347735665
 -308.641975  3024.691358  0.00000473857580416738
 -308.641975  3148.148148  0.00000973573937254856
 -308.641975  3271.604938  0.00000973792183365524
 -308.641975  3395.061728  0.00000611916442032581
 -308.641975  3518.518519  0.00000574312301517586
 -308.641975  3641.975309  0.00000853257938478487
 -308.641975  3765.432099  0.00000407896004781179
 -308.641975  3888.888889  0.00000524066522522828
 -308.641975  4012.345679  0.00000590211928972225
 -308.641975  4135.802469  0.00000660163039562228
 -308.641975  4259.259259  0.00000706516588141065
 -308.641975  4382.716049  0.00000731860748229619
 -308.641975  4506.172840  0.00000727398120422602
 -308.641975  4629.629630  0.00000739111893698837
 -308.641975  4753.086420  0.00000460445527617901
 -308.641975  4876.543210  0.00000563923839994510

 -185.185185 -5000.000000  0.00000131546768100471
 -185.185185 -4876.543210  -0.00000098009977611442
 -185.185185 -4753.086420  -0.00000233073262846011
 -185.185185 -4629.629630  -0.00000083632296588286
 -185.185185 -4506.172840  -0.00000057431798222219
 -185.185185 -4382.716049  -0.00000035528551297032
 -185.185185 -4259.259259  -0.00000040393725424742
 -185.185185 -4135.802469  -0.00000065573737836772
 -185.185185 -4012.345679  -0.00000120301444563725
 -185.185185 -3888.888889  -0.00000175288475550900
 -185.185185 -3765.432099  -0.00000251309246145580
 -185.185185 -3641.975309  -0.00000005665705384880
 -185.185185 -3518.518519  -0.00000163578051954180
 -185.185185 -3395.061728  -0.00000132554157671109
 -185.185185 -3271.604938  0.00000092330081216920
 -185.185185 -3148.148148  0.00000105925286298039
 -185.185185 -3024.691358  -0.00000190607741474946
 -185.185185 -2901.234568  -0.00000559270922028846
 -185.185185 -2777.777778  -0.00000308504835694109
 -185.185185 -2654.320988  0.00000308860588692101
 -185.185185 -2530.864198  -0.00000144550552658189
 -185.185185 -2407.407407  0.00001127936426947470
 -185.185185 -2283.950617  0.00000979706937981483
 -185.185185 -2160.493827  0.00001744060469525972
 -185.185185 -2037.037037  0.00001469088258031612
 -185.185185 -1913.580247  0.00001289028538936603
 -185.185185 -1790.123457  0.00000955321250924421
 -185.185185 -1666.666667  0.00001003017363584160
 -185.185185 -1543.209877  0.00001113147760847196
 -185.185185 -1419.753086  0.00000861485869249457
 -185.185185 -1296.296296  0.00000743187440937855
 -185.185185 -1172.839506  0.00000630468149065404
 -185.185185 -1049.382716  0.00000270943650622559
 -185.185185  -925.925926  -0.00000369809069238861
 -185.185185  -802.469136  -0.00001374665092608878
 -185.185185  -679.012346  -0.00002981934940133571
 -185.185185  -555.555556  -0.00005316606151391504
 -185.185185  -432.098765  -0.00008420432630683639
 -185.185185  -308.641975  -0.00011999701222278394
 -185.185185  -185.185185  -0.00015362837706126058
 -185.185185   -61.728395  -0.00017590055444731504
 -185.185185    61.728395  -0.00017590055444861470
 -185.185185   185.185185  -0.00015362837706368366
 -185.185185   308.641975  -0.00011999701222571699
 -185.185185   432.098765  -0.00008420432630948502
 -185.185185   555.555556  -0.00005316606151586438
 -185.185185   679.012346  -0.00002981934940241353
 -185.185185   802.469136  -0.00001374665092633017
 -185.185185   925.925926  -0.00000369809069198240
 -185.185185  1049.382716  0.00000270943650715193
 -185.185185  1172.839506  0.00000630468149190305
 -185.185185  1296.296296  0.00000743187441077941
 -185.185185  1419.753086  0.00000861485869407259
 -185.185185  1543.209877  0.00001113147761044657
 -185.185185  1666.666667  0.00001003017363773816
 -185.185185  1790.123457  0.00000955321251114621
 -185.185185  1913.580247  0.00001289028539178333
 -185.185185  2037.037037  0.00001469088258318257
 -185.185185  2160.493827  0.00001744060469856634
 -185.185185  2283.950617  0.00000979706938232406
 -185.185185  2407.407407  0.00001127936427218058
 -185.185185  2530.864198  -0.00000144550552362747
 -185.185185  2654.320988  0.00000308860589126787
 -185.185185  2777.777778  -0.00000308504835335216
 -185.185185  2901.234568  -0.00000559270921709202
 -185.185185  3024.691358  -0.00000190607741108534
 -185.185185  3148.148148  0.00000105925286717840
 -185.185185  3271.604938  0.00000092330081657656
 -185.185185  3395.061728  -0.00000132554157234199
 -185.185185  3518.518519  -0.00000163578051500417
 -185.185185  3641.975309  -0.00000005665704892614
 -185.185185  3765.432099  -0.00000251309245687535
 -185.185185  3888.888889  -0.00000175288475079433
 -185.185185  4012.345679  -0.00000120301444092217
 -185.185185  4135.802469  -0.00000065573737360747
 -185.185185  4259.259259  -0.00000040393724932305
 -185.185185  4382.716049  -0.00000035528550782246
 -185.185185  4506.172840  -0.00000057431797679251
 -185.185185  4629.629630  -0.00000083632296005897
 -185.185185  4753.086420  -0.00000233073262298695
 -185.185185  4876.543210  -0.00000098009977132969

  -61.728395 -5000.000000  0.00000075488807809828
  -61.728395 -4876.543210  0.00000341882142995848
  -61.728395 -4753.086420  0.00000353566241580610
  -61.728395 -4629.629630  0.00000418214429366590
  -61.728395 -4506.172840  0.00000400391402694220
  -61.728395 -4382.716049  0.00000393312762614734
  -61.728395 -4259.259259  0.00000382424454723922
  -61.728395 -4135.802469  0.00000369355061008981
  -61.728395 -4012.345679  0.00000360367605166577
  -61.728395 -3888.888889  0.00000354916125833296
  -61.728395 -3765.432099  0.00000331338989771307
  -61.728395 -3641.975309  0.00000441557201979349
  -61.728395 -3518.518519  0.00000378840626854512
  -61.728395 -3395.061728  0.00000383022390014746
  -61.728395 -3271.604938  0.00000455177330543585
  -61.728395 -3148.148148  0.00000448962399828049
  -61.728395 -3024.691358  0.00000343293428716360
  -61.728395 -2901.234568  0.00000241973388823505
  -61.728395 -2777.777778  0.00000339256035331199
  -61.728395 -2654.320988  0.00000557226034360877
  -61.728395 -2530.864198  0.00000241768604220769
  -61.728395 -2407.407407  -0.00000291075800729202
  -61.728395 -2283.950617  -0.00000275078355510147
  -61.728395 -2160.493827  -0.00000061263443467274
  -61.728395 -2037.037037  -0.00000122904361179009
  -61.728395 -1913.580247  -0.00000243207843459989
  -61.728395 -1790.123457  -0.00000348439385948344
  -61.728395 -1666.666667  -0.00000336143034921987
  -61.728395 -1543.209877  -0.00000315903946351526
  -61.728395 -1419.753086  -0.00000431192854564361
  -61.728395 -1296.296296  -0.00000489832372122526
  -61.728395 -1172.839506  -0.00000598679094948209
  -61.728395 -1049.382716  -0.00000762248642394801
  -61.728395  -925.925926  -0.00001054306301206858
  -61.728395  -802.469136  -0.00001488848534796013
  -61.728395  -679.012346  -0.00002168468459967298
  -61.728395  -555.555556  -0.00003130666929055467
  -61.728395  -432.098765  -0.00004390602440541287
  -61.728395  -308.641975  -0.00005822047432020574
  -61.728395  -185.185185  -0.00007144886814660485
  -61.728395   -61.728395  -0.00007999734644365657
  -61.728395    61.728395  -0.00007999734644481766
  -61.728395   185.185185  -0.00007144886814892117
  -61.728395   308.641975  -0.00005822047432285311
  -61.728395   432.098765  -0.00004390602440766130
  -61.728395   555.555556  -0.00003130666929205444
  -61.728395   679.012346  -0.00002168468460033451
  -61.728395   802.469136  -0.00001488848534785804
  -61.728395   925.925926  -0.00001054306301138316
  -61.728395  1049.382716  -0.00000762248642280342
  -61.728395  1172.839506  -0.00000598679094802620
  -61.728395  1296.296296  -0.00000489832371958911
  -61.728395  1419.753086  -0.00000431192854382581
  -61.728395  1543.209877  -0.00000315903946137894
  -61.728395  1666.666667  -0.00000336143034707592
  -61.728395  1790.123457  -0.00000348439385727786
  -61.728395  1913.580247  -0.00000243207843199987
  -61.728395  2037.037037  -0.00000122904360886797
  -61.728395  2160.493827  -0.00000061263443139464
  -61.728395  2283.950617  -0.00000275078355229765
  -61.728395  2407.407407  -0.00000291075800423577
  -61.728395  2530.864198  0.00000241768604529452
  -61.728395  2654.320988  0.00000557226034794976
  -61.728395  2777.777778  0.00000339256035719152
  -61.728395  2901.234568  0.00000241973389177779
  -61.728395  3024.691358  0.00000343293429097909
  -61.728395  3148.148148  0.00000448962400248967
  -61.728395  3271.604938  0.00000455177330990757
  -61.728395  3395.061728  0.00000383022390473911
  -61.728395  3518.518519  0.00000378840627337285
  -61.728395  3641.975309  0.00000441557202493647
  -61.728395  3765.432099  0.00000331338990271319
  -61.728395  3888.888889  0.00000354916126327120
  -61.728395  4012.345679  0.00000360367605661549
  -61.728395  4135.802469  0.00000369355061500062
  -61.728395  4259.259259  0.00000382424455223826
  -61.728395  4382.716049  0.00000393312763143583
  -61.728395  4506.172840  0.00000400391403271331
  -61.728395  4629.629630  0.00000418214429996940
  -61.728395  4753.086420  0.00000353566242167507
  -61.728395  4876.543210  0.00000341882143467147

   61.728395 -5000.000000  -0.00000075488807835641
   61.728395 -4876.543210  -0.00000341882143305175
   61.728395 -4753.086420  -0.00000353566242014492
   61.728395 -4629.629630  -0.00000418214429837218
   61.728395 -4506.172840  -0.00000400391403120541
   61.728395 -4382.716049  -0.00000393312762988773
   61.728395 -4259.259259  -0.00000382424455066246
   61.728395 -4135.802469  -0.00000369355061344532
   61.728395 -4012.345679  -0.00000360367605504876
   61.728395 -3888.888889  -0.00000354916126168517
   61.728395 -3765.432099  -0.00000331338990114330
   61.728395 -3641.975309  -0.00000441557202336005
   61.728395 -3518.518519  -0.00000378840627180049
   61.728395 -3395.061728  -0.00000383022390315661
   61.728395 -3271.604938  -0.00000455177330833018
   61.728395 -3148.148148  -0.00000448962400090664
   61.728395 -3024.691358  -0.00000343293428939013
   61.728395 -2901.234568  -0.00000241973389018004
   61.728395 -2777.777778  -0.00000339256035558829
   61.728395 -2654.320988  -0.00000557226034636006
   61.728395 -2530.864198  -0.00000241768604371490
   61.728395 -2407.407407  0.00000291075800591555
   61.728395 -2283.950617  0.00000275078355395377
   61.728395 -2160.493827  0.00000061263443305611
   61.728395 -2037.037037  0.00000122904361053832
   61.728395 -1913.580247  0.00000243207843369877
   61.728395 -1790.123457  0.00000348439385899996
   61.728395 -1666.666667  0.00000336143034882369
   61.728395 -1543.209877  0.00000315903946315842
   61.728395 -1419.753086  0.00000431192854564965
   61.728395 -1296.296296  0.00000489832372147508
   61.728395 -1172.839506  0.00000598679094999205
   61.728395 -1049.382716  0.00000762248642489170
   61.728395  -925.925926  0.00001054306301364760
   61.728395  -802.469136  0.00001488848535035635
   61.728395  -679.012346  0.00002168468460315651
   61.728395  -555.555556  0.00003130666929530849
   61.728395  -432.098765  0.00004390602441143743
   61.728395  -308.641975  0.00005822047432717592
   61.728395  -185.185185  0.00007144886815369518
   61.728395   -61.728395  0.00007999734644992124
   61.728395    61.728395  0.00007999734644877554
   61.728395   185.185185  0.00007144886815151628
   61.728395   308.641975  0.00005822047432460031
   61.728395   432.098765  0.00004390602440923000
   61.728395   555.555556  0.00003130666929382926
   61.728395   679.012346  0.00002168468460250755
   61.728395   802.469136  0.00001488848535045230
   61.728395   925.925926  0.00001054306301431238
   61.728395  1049.382716  0.00000762248642601983
   61.728395  1172.839506  0.00000598679095143654
   61.728395  1296.296296  0.00000489832372309176
   61.728395  1419.753086  0.00000431192854744777
   61.728395  1543.209877  0.00000315903946526880
   61.728395  1666.666667  0.00000336143035094336
   61.728395  1790.123457  0.00000348439386118325
   61.728395  1913.580247  0.00000243207843627225
   61.728395  2037.037037  0.00000122904361343996
   61.728395  2160.493827  0.00000061263443630229
   61.728395  2283.950617  0.00000275078355673533
   61.728395  2407.407407  0.00000291075800891158
   61.728395  2530.864198  -0.00000241768604058879
   61.728395  2654.320988  -0.00000557226034200236
   61.728395  2777.777778  -0.00000339256035169068
   61.728395  2901.234568  -0.00000241973388661589
   61.728395  3024.691358  -0.00000343293428556116
   61.728395  3148.148148  -0.00000448962399668888
   61.728395  3271.604938  -0.00000455177330384840
   61.728395  3395.061728  -0.00000383022389855138
   61.728395  3518.518519  -0.00000378840626695790
   61.728395  3641.975309  -0.00000441557201820604
   61.728395  3765.432099  -0.00000331338989612991
   61.728395  3888.888889  -0.00000354916125674071
   61.728395  4012.345679  -0.00000360367605009518
   61.728395  4135.802469  -0.00000369355060853163
   61.728395  4259.259259  -0.00000382424454566093
   61.728395  4382.716049  -0.00000393312762459781
   61.728395  4506.172840  -0.00000400391402543317
   61.728395  4629.629630  -0.00000418214429206371
   61.728395  4753.086420  -0.00000353566241426791
   61.728395  4876.543210  -0.00000341882142832389

  185.185185 -5000.000000  -0.00000131546768132475
  185.185185 -4876.543210  0.00000098009977295928
  185.185185 -4753.086420  0.00000233073262451699
  185.185185 -4629.629630  0.00000083632296165796
  185.185185 -4506.172840  0.00000057431797830387
  185.185185 -4382.716049  0.00000035528550937825
  185.185185 -4259.259259  0.00000040393725090838
  185.185185 -4135.802469  0.00000065573737517111
  185.185185 -4012.345679  0.00000120301444249581
  185.185185 -3888.888889  0.00000175288475238565
  185.185185 -3765.432099  0.00000251309245844527
  185.185185 -3641.975309  0.00000005665705050509
  185.185185 -3518.518519  0.00000163578051657803
  185.185185 -3395.061728  0.00000132554157392744
  185.185185 -3271.604938  -0.00000092330081499449
  185.185185 -3148.148148  -0.00000105925286558914
  185.185185 -3024.691358  0.00000190607741268116
  185.185185 -2901.234568  0.00000559270921869700
  185.185185 -2777.777778  0.00000308504835496241
  185.185185 -2654.320988  -0.00000308860588966892
  185.185185 -2530.864198  0.00000144550552521577
  185.185185 -2407.407407  -0.00001127936427053215
  185.185185 -2283.950617  -0.00000979706938068645
  185.185185 -2160.493827  -0.00001744060469692283
  185.185185 -2037.037037  -0.00001469088258152910
  185.185185 -1913.580247  -0.00001289028539010668
  185.185185 -1790.123457  -0.00000955321250944830
  185.185185 -1666.666667  -0.00001003017363601501
  185.185185 -1543.209877  -0.00001113147760869278
  185.185185 -1419.753086  -0.00000861485869227618
  185.185185 -1296.296296  -0.00000743187440892208
  185.185185 -1172.839506  -0.00000630468148996879
  185.185185 -1049.382716  -0.00000270943650509876
  185.185185  -925.925926  0.00000369809069420175
  185.185185  -802.469136  0.00001374665092877667
  185.185185  -679.012346  0.00002981934940517582
  185.185185  -555.555556  0.00005316606151905111
  185.185185  -432.098765  0.00008420432631318037
  185.185185  -308.641975  0.00011999701222993946
  185.185185  -185.185185  0.00015362837706834820
  185.185185   -61.728395  0.00017590055445357961
  185.185185    61.728395  0.00017590055445241046
  185.185185   185.185185  0.00015362837706613046
  185.185185   308.641975  0.00011999701222716431
  185.185185   432.098765  0.00008420432631064774
  185.185185   555.555556  0.00005316606151719407
  185.185185   679.012346  0.00002981934940417550
  185.185185   802.469136  0.00001374665092859079
  185.185185   925.925926  0.00000369809069464806
  185.185185  1049.382716  -0.00000270943650413713
  185.185185  1172.839506  -0.00000630468148868111
  185.185185  1296.296296  -0.00000743187440749610
  185.185185  1419.753086  -0.00000861485869067210
  185.185185  1543.209877  -0.00001113147760670033
  185.185185  1666.666667  -0.00001003017363410322
  185.185185  1790.123457  -0.00000955321250753008
  185.185185  1913.580247  -0.00001289028538767760
  185.185185  2037.037037  -0.00001469088257865097
  185.185185  2160.493827  -0.00001744060469360948
  185.185185  2283.950617  -0.00000979706937816408
  185.185185  2407.407407  -0.00001127936426782546
  185.185185  2530.864198  0.00000144550552819254
  185.185185  2654.320988  -0.00000308860588532076
  185.185185  2777.777778  0.00000308504835855490
  185.185185  2901.234568  0.00000559270922189897
  185.185185  3024.691358  0.00000190607741634509
  185.185185  3148.148148  -0.00000105925286139447
  185.185185  3271.604938  -0.00000092330081058779
  185.185185  3395.061728  0.00000132554157830119
  185.185185  3518.518519  0.00000163578052112453
  185.185185  3641.975309  0.00000005665705543384
  185.185185  3765.432099  0.00000251309246303302
  185.185185  3888.888889  0.00000175288475709876
  185.185185  4012.345679  0.00000120301444720596
  185.185185  4135.802469  0.00000065573737992494
  185.185185  4259.259259  0.00000040393725582464
  185.185185  4382.716049  0.00000035528551451844
  185.185185  4506.172840  0.00000057431798372932
  185.185185  4629.629630  0.00000083632296748229
  185.185185  4753.086420  0.00000233073262999642
  185.185185  4876.543210  0.00000098009977774772

  308.641975 -5000.000000  -0.00000280575611925870
  308.641975 -4876.543210  -0.00000563923839831974
  308.641975 -4753.086420  -0.00000460445527465158
  308.641975 -4629.629630  -0.00000739111893539317
  308.641975 -4506.172840  -0.00000727398120271885
  308.641975 -4382.716049  -0.00000731860748074617
  308.641975 -4259.259259  -0.00000706516587983235
  308.641975 -4135.802469  -0.00000660163039406550
  308.641975 -4012.345679  -0.00000590211928815437
  308.641975 -3888.888889  -0.00000524066522364095
  308.641975 -3765.432099  -0.00000407896004624432
  308.641975 -3641.975309  -0.00000853257938320821
  308.641975 -3518.518519  -0.00000574312301360296
  308.641975 -3395.061728  -0.00000611916441874093
  308.641975 -3271.604938  -0.00000973792183207398
  308.641975 -3148.148148  -0.00000973573937096114
  308.641975 -3024.691358  -0.00000473857580257472
  308.641975 -2901.234568  0.00000089785347895839
  308.641975 -2777.777778  -0.00000348222012767424
  308.641975 -2654.320988  -0.00001379491842867857
  308.641975 -2530.864198  -0.00000312642758024351
  308.641975 -2407.407407  -0.00000609241551517392
  308.641975 -2283.950617  -0.00000477487169717792
  308.641975 -2160.493827  -0.00001651598559294463
  308.641975 -2037.037037  -0.00001256926425138693
  308.641975 -1913.580247  -0.00000852884245145210
  308.641975 -1790.123457  -0.00000319264742717195
  308.641975 -1666.666667  -0.00000392544734717201
  308.641975 -1543.209877  -0.00000544115778388778
  308.641975 -1419.753086  -0.00000075527206826174
  308.641975 -1296.296296  0.00000155639224935145
  308.641975 -1172.839506  0.00000455207381787030
  308.641975 -1049.382716  0.00001110531408134308
  308.641975  -925.925926  0.00002275663182390319
  308.641975  -802.469136  0.00004050856850556494
  308.641975  -679.012346  0.00006848664458729251
  308.641975  -555.555556  0.00010846449633927737
  308.641975  -432.098765  0.00016097595015233029
  308.641975  -308.641975  0.00022079552783171917
  308.641975  -185.185185  0.00027631255232343462
  308.641975   -61.728395  0.00031274428761980970
  308.641975    61.728395  0.00031274428761878355
  308.641975   185.185185  0.00027631255232161918
  308.641975   308.641975  0.00022079552782948482
  308.641975   432.098765  0.00016097595015037577
  308.641975   555.555556  0.00010846449633797439
  308.641975   679.012346  0.00006848664458679944
  308.641975   802.469136  0.00004050856850583097
  308.641975   925.925926  0.00002275663182474825
  308.641975  1049.382716  0.00001110531408265544
  308.641975  1172.839506  0.00000455207381947244
  308.641975  1296.296296  0.00000155639225106917
  308.641975  1419.753086  -0.00000075527206638260
  308.641975  1543.209877  -0.00000544115778163477
  308.641975  1666.666667  -0.00000392544734500676
  308.641975  1790.123457  -0.00000319264742500164
  308.641975  1913.580247  -0.00000852884244876608
  308.641975  2037.037037  -0.00001256926424826306
  308.641975  2160.493827  -0.00001651598558937807
  308.641975  2283.950617  -0.00000477487169441755
  308.641975  2407.407407  -0.00000609241551221043
  308.641975  2530.864198  -0.00000312642757726801
  308.641975  2654.320988  -0.00001379491842441007
  308.641975  2777.777778  -0.00000348222012415536
  308.641975  2901.234568  0.00000089785348210241
  308.641975  3024.691358  -0.00000473857579895186
  308.641975  3148.148148  -0.00000973573936681035
  308.641975  3271.604938  -0.00000973792182772135
  308.641975  3395.061728  -0.00000611916441444032
  308.641975  3518.518519  -0.00000574312300914152
  308.641975  3641.975309  -0.00000853257937837401
  308.641975  3765.432099  -0.00000407896004171023
  308.641975  3888.888889  -0.00000524066521900368
  308.641975  4012.345679  -0.00000590211928350310
  308.641975  4135.802469  -0.00000660163038935941
  308.641975  4259.259259  -0.00000706516587496025
  308.641975  4382.716049  -0.00000731860747567851
  308.641975  4506.172840  -0.00000727398119740897
  308.641975  4629.629630  -0.00000739111892969364
  308.641975  4753.086420  -0.00000460445526929925
  308.641975  4876.543210  -0.00000563923839352514

  432.098765 -5000.000000  -0.00000432485380469452
  432.098765 -4876.543210  -0.00001269458900050436
  432.098765 -4753.086420  -0.00001205742248669492
  432.098765 -4629.629630  -0.00001614827287926502
  432.098765 -4506.172840  -0.00001561375398340383
  432.098765 -4382.716049  -0.00001545681442228049
  432.098765 -4259.259259  -0.00001498642610894334
  432.098765 -4135.802469  -0.00001431359145658158
  432.098765 -4012.345679  -0.00001346832751135874
  432.098765 -3888.888889  -0.00001271347403814033
  432.098765 -3765.432099  -0.00001113367510595566
  432.098765 -3641.975309  -0.00001749108518935934
  432.098765 -3518.518519  -0.00001349571186186704
  432.098765 -3395.061728  -0.00001392485380644876
  432.098765 -3271.604938  -0.00001891517684389120
  432.098765 -3148.148148  -0.00001876027585984285
  432.098765 -3024.691358  -0.00001173755581748852
  432.098765 -2901.234568  -0.00000418563105514595
  432.098765 -2777.777778  -0.00001045230720892435
  432.098765 -2654.320988  -0.00002490616653147837
  432.098765 -2530.864198  -0.00000796153141983632
  432.098765 -2407.407407  -0.00000036051513827462
  432.098765 -2283.950617  0.00000071765382380244
  432.098765 -2160.493827  -0.00001506287802753237
  432.098765 -2037.037037  -0.00000995950585235630
  432.098765 -1913.580247  -0.00000365874074838197
  432.098765 -1790.123457  0.00000361813731007859
  432.098765 -1666.666667  0.00000257146934011666
  432.098765 -1543.209877  0.00000058040745665587
  432.098765 -1419.753086  0.00000734800396774344
  432.098765 -1296.296296  0.00001072757063710357
  432.098765 -1172.839506  0.00001508617578410917
  432.098765 -1049.382716  0.00002438808775925576
  432.098765  -925.925926  0.00004089139879545603
  432.098765  -802.469136  0.00006574334510761859
  432.098765  -679.012346  0.00010462599732753757
  432.098765  -555.555556  0.00015978304542918601
  432.098765  -432.098765  0.00023174439515709927
  432.098765  -308.641975  0.00031311422336116650
  432.098765  -185.185185  0.00038801733422787492
  432.098765   -61.728395  0.00043680596512236979
  432.098765    61.728395  0.00043680596512143548
  432.098765   185.185185  0.00038801733422621603
  432.098765   308.641975  0.00031311422335916365
  432.098765   432.098765  0.00023174439515539564
  432.098765   555.555556  0.00015978304542811351
  432.098765   679.012346  0.00010462599732723445
  432.098765   802.469136  0.00006574334510801990
  432.098765   925.925926  0.00004089139879639663
  432.098765  1049.382716  0.00002438808776062736
  432.098765  1172.839506  0.00001508617578576042
  432.098765  1296.296296  0.00001072757063887363
  432.098765  1419.753086  0.00000734800396967526
  432.098765  1543.209877  0.00000058040745893021
  432.098765  1666.666667  0.00000257146934232895
  432.098765  1790.123457  0.00000361813731231207
  432.098765  1913.580247  -0.00000365874074567672
  432.098765  2037.037037  -0.00000995950584926118
  432.098765  2160.493827  -0.00001506287802402711
  432.098765  2283.950617  0.00000071765382660986
  432.098765  2407.407407  -0.00000036051513524591
  432.098765  2530.864198  -0.00000796153141684121
  432.098765  2654.320988  -0.00002490616652722220
  432.098765  2777.777778  -0.00001045230720531283
  432.098765  2901.234568  -0.00000418563105189033
  432.098765  3024.691358  -0.00001173755581382434
  432.098765  3148.148148  -0.00001876027585570065
  432.098765  3271.604938  -0.00001891517683953244
  432.098765  3395.061728  -0.00001392485380208283
  432.098765  3518.518519  -0.00001349571185731891
  432.098765  3641.975309  -0.00001749108518445653
  432.098765  3765.432099  -0.00001113367510131483
  432.098765  3888.888889  -0.00001271347403343581
  432.098765  4012.345679  -0.00001346832750663846
  432.098765  4135.802469  -0.00001431359145183488
  432.098765  4259.259259  -0.00001498642610405954
  432.098765  4382.716049  -0.00001545681441717580
  432.098765  4506.172840  -0.00001561375397798422
  432.098765  4629.629630  -0.00001614827287340788
  432.098765  4753.086420  -0.00001205742248121273
  432.098765  4876.543210  -0.00001269458899574771

  555.555556 -5000.000000  -0.00000576264019816690
  555.555556 -4876.543210  -0.00001880396410836223
  555.555556 -4753.086420  -0.00001839570971768760
  555.555556 -4629.629630  -0.00002374550520199046
  555.555556 -4506.172840  -0.00002286389986584925
  555.555556 -4382.716049  -0.00002254799973609929
  555.555556 -4259.259259  -0.00002188213083147105
  555.555556 -4135.802469  -0.00002100222421298770
  555.555556 -4012.345679  -0.00001998256149928659
  555.555556 -3888.888889  -0.00001910127962492812
  555.555556 -3765.432099  -0.00001709625048792215
  555.555556 -3641.975309  -0.00002531720685280632
  555.555556 -3518.518519  -0.00002013637504837917
  555.555556 -3395.061728  -0.00002064044417424291
  555.555556 -3271.604938  -0.00002702311766833468
  555.555556 -3148.148148  -0.00002674777597183409
  555.555556 -3024.691358  -0.00001771140465332867
  555.555556 -2901.234568  -0.00000819098548891942
  555.555556 -2777.777778  -0.00001632638509320961
  555.555556 -2654.320988  -0.00003492964242425847
  555.555556 -2530.864198  -0.00001210434648664502
  555.555556 -2407.407407  0.00000383103521793726
  555.555556 -2283.950617  0.00000475433585262677
  555.555556 -2160.493827  -0.00001516980837757623
  555.555556 -2037.037037  -0.00000884472206864721
  555.555556 -1913.580247  -0.00000043957840482090
  555.555556 -1790.123457  0.00000873638426434955
  555.555556 -1666.666667  0.00000728527546587079
  555.555556 -1543.209877  0.00000468102855610550
  555.555556 -1419.753086  0.00001333892896961926
  555.555556 -1296.296296  0.00001759122305301881
  555.555556 -1172.839506  0.00002301544214066474
  555.555556 -1049.382716  0.00003464346484606464
  555.555556  -925.925926  0.00005531198833570079
  555.555556  -802.469136  0.00008621732085820829
  555.555556  -679.012346  0.00013440003739230040
  555.555556  -555.555556  0.00020239507642413334
  555.555556  -432.098765  0.00029068469899074748
  555.555556  -308.641975  0.00038993770843717327
  555.555556  -185.185185  0.00048070525121928138
  555.555556   -61.728395  0.00053949738292447642
  555.555556    61.728395  0.00053949738292359377
  555.555556   185.185185  0.00048070525121763269
  555.555556   308.641975  0.00038993770843518110
  555.555556   432.098765  0.00029068469898903347
  555.555556   555.555556  0.00020239507642302100
  555.555556   679.012346  0.00013440003739191876
  555.555556   802.469136  0.00008621732085849047
  555.555556   925.925926  0.00005531198833649882
  555.555556  1049.382716  0.00003464346484728096
  555.555556  1172.839506  0.00002301544214216127
  555.555556  1296.296296  0.00001759122305465325
  555.555556  1419.753086  0.00001333892897142782
  555.555556  1543.209877  0.00000468102855822721
  555.555556  1666.666667  0.00000728527546796213
  555.555556  1790.123457  0.00000873638426648060
  555.555556  1913.580247  -0.00000043957840226934
  555.555556  2037.037037  -0.00000884472206574659
  555.555556  2160.493827  -0.00001516980837431009
  555.555556  2283.950617  0.00000475433585532454
  555.555556  2407.407407  0.00000383103522085400
  555.555556  2530.864198  -0.00001210434648363160
  555.555556  2654.320988  -0.00003492964241997903
  555.555556  2777.777778  -0.00001632638508946531
  555.555556  2901.234568  -0.00000819098548552029
  555.555556  3024.691358  -0.00001771140464960726
  555.555556  3148.148148  -0.00002674777596768997
  555.555556  3271.604938  -0.00002702311766394836
  555.555556  3395.061728  -0.00002064044416978029
  555.555556  3518.518519  -0.00002013637504369708
  555.555556  3641.975309  -0.00002531720684779229
  555.555556  3765.432099  -0.00001709625048311581
  555.555556  3888.888889  -0.00001910127962012060
  555.555556  4012.345679  -0.00001998256149446859
  555.555556  4135.802469  -0.00002100222420818370
  555.555556  4259.259259  -0.00002188213082655848
  555.555556  4382.716049  -0.00002254799973092189
  555.555556  4506.172840  -0.00002286389986025445
  555.555556  4629.629630  -0.00002374550519590099
  555.555556  4753.086420  -0.00001839570971200065
  555.555556  4876.543210  -0.00001880396410366022

  679.012346 -5000.000000  -0.00000687936414418995
  679.012346 -4876.543210  -0.00002117389692816989
  679.012346 -4753.086420  -0.00002038619657946437
  679.012346 -4629.629630  -0.00002683870419882769
  679.012346 -4506.172840  -0.00002588597098155714
  679.012346 -4382.716049  -0.00002556889485178658
  679.012346 -4259.259259  -0.00002479398834556441
  679.012346 -4135.802469  -0.00002372990547958328
  679.012346 -4012.345679  -0.00002243935071850895
  679.012346 -3888.888889  -0.00002130156481994725
  679.012346 -3765.432099  -0.00001885894076638038
  679.012346 -3641.975309  -0.00002880837346164646
  679.012346 -3518.518519  -0.00002252402088183800
  679.012346 -3395.061728  -0.00002317382322986576
  679.012346 -3271.604938  -0.00003100214773205191
  679.012346 -3148.148148  -0.00003072235869089857
  679.012346 -3024.691358  -0.00001971839677396635
  679.012346 -2901.234568  -0.00000800849341068195
  679.012346 -2777.777778  -0.00001791021195952877
  679.012346 -2654.320988  -0.00004062746634458817
  679.012346 -2530.864198  -0.00001346374289980782
  679.012346 -2407.407407  0.00000194009181585837
  679.012346 -2283.950617  0.00000321666796759864
  679.012346 -2160.493827  -0.00002127172830292652
  679.012346 -2037.037037  -0.00001344387211099033
  679.012346 -1913.580247  -0.00000349110989952207
  679.012346 -1790.123457  0.00000758974430135207
  679.012346 -1666.666667  0.00000560879490791546
  679.012346 -1543.209877  0.00000212898519534661
  679.012346 -1419.753086  0.00001227638115916317
  679.012346 -1296.296296  0.00001702245477923375
  679.012346 -1172.839506  0.00002297740534687014
  679.012346 -1049.382716  0.00003615086248814501
  679.012346  -925.925926  0.00005969346882135963
  679.012346  -802.469136  0.00009477863349073987
  679.012346  -679.012346  0.00014944766328824988
  679.012346  -555.555556  0.00022630354140768335
  679.012346  -432.098765  0.00032573141699108722
  679.012346  -308.641975  0.00043700706647918500
  679.012346  -185.185185  0.00053831330233816720
  679.012346   -61.728395  0.00060387510239419862
  679.012346    61.728395  0.00060387510239336649
  679.012346   185.185185  0.00053831330233660042
  679.012346   308.641975  0.00043700706647729090
  679.012346   432.098765  0.00032573141698943962
  679.012346   555.555556  0.00022630354140659376
  679.012346   679.012346  0.00014944766328784526
  679.012346   802.469136  0.00009477863349095836
  679.012346   925.925926  0.00005969346882207139
  679.012346  1049.382716  0.00003615086248925834
  679.012346  1172.839506  0.00002297740534826153
  679.012346  1296.296296  0.00001702245478077125
  679.012346  1419.753086  0.00001227638116088446
  679.012346  1543.209877  0.00000212898519736278
  679.012346  1666.666667  0.00000560879490992055
  679.012346  1790.123457  0.00000758974430340990
  679.012346  1913.580247  -0.00000349110989707311
  679.012346  2037.037037  -0.00001344387210821713
  679.012346  2160.493827  -0.00002127172829981415
  679.012346  2283.950617  0.00000321666797022017
  679.012346  2407.407407  0.00000194009181870121
  679.012346  2530.864198  -0.00001346374289680111
  679.012346  2654.320988  -0.00004062746634031714
  679.012346  2777.777778  -0.00001791021195572479
  679.012346  2901.234568  -0.00000800849340721614
  679.012346  3024.691358  -0.00001971839677023239
  679.012346  3148.148148  -0.00003072235868677639
  679.012346  3271.604938  -0.00003100214772767351
  679.012346  3395.061728  -0.00002317382322536892
  679.012346  3518.518519  -0.00002252402087709980
  679.012346  3641.975309  -0.00002880837345658915
  679.012346  3765.432099  -0.00001885894076149815
  679.012346  3888.888889  -0.00002130156481510247
  679.012346  4012.345679  -0.00002243935071365557
  679.012346  4135.802469  -0.00002372990547476661
  679.012346  4259.259259  -0.00002479398834065714
  679.012346  4382.716049  -0.00002556889484658809
  679.012346  4506.172840  -0.00002588597097587784
  679.012346  4629.629630  -0.00002683870419261892
  679.012346  4753.086420  -0.00002038619657367295
  679.012346  4876.543210  -0.00002117389692352073

  802.469136 -5000.000000  -0.00000778298529400125
  802.469136 -4876.543210  -0.00002083030379797203
  802.469136 -4753.086420  -0.00001915251501514236
  802.469136 -4629.629630  -0.00002657543182466227
  802.469136 -4506.172840  -0.00002575277174722925
  802.469136 -4382.716049  -0.00002556685792770660
  802.469136 -4259.259259  -0.00002476044887103688
  802.469136 -4135.802469  -0.00002353831686255915
  802.469136 -4012.345679  -0.00002190575233426602
  802.469136 -3888.888889  -0.00002041779910747384
  802.469136 -3765.432099  -0.00001747713910680328
  802.469136 -3641.975309  -0.00002909211952653195
  802.469136 -3518.518519  -0.00002177819724164635
  802.469136 -3395.061728  -0.00002264133046247978
  802.469136 -3271.604938  -0.00003191169483344456
  802.469136 -3148.148148  -0.00003173958322373989
  802.469136 -3024.691358  -0.00001885244775668183
  802.469136 -2901.234568  -0.00000481622750718363
  802.469136 -2777.777778  -0.00001636471188370204
  802.469136 -2654.320988  -0.00004306771844877373
  802.469136 -2530.864198  -0.00001297932374001097
  802.469136 -2407.407407  -0.00000589074653880048
  802.469136 -2283.950617  -0.00000377289814282295
  802.469136 -2160.493827  -0.00003312030446104982
  802.469136 -2037.037037  -0.00002356017871063073
  802.469136 -1913.580247  -0.00001260002665569758
  802.469136 -1790.123457  0.00000035504384926740
  802.469136 -1666.666667  -0.00000225625562851970
  802.469136 -1543.209877  -0.00000682057880313250
  802.469136 -1419.753086  0.00000443201972582805
  802.469136 -1296.296296  0.00000929437665146692
  802.469136 -1172.839506  0.00001514975459672233
  802.469136 -1049.382716  0.00002909547903429518
  802.469136  -925.925926  0.00005414492320548708
  802.469136  -802.469136  0.00009139647266704608
  802.469136  -679.012346  0.00014940750582537009
  802.469136  -555.555556  0.00023059317511329400
  802.469136  -432.098765  0.00033510158636388342
  802.469136  -308.641975  0.00045150470484368253
  802.469136  -185.185185  0.00055711068099384387
  802.469136   -61.728395  0.00062581343653272926
  802.469136    61.728395  0.00062581343653201596
  802.469136   185.185185  0.00055711068099252928
  802.469136   308.641975  0.00045150470484210567
  802.469136   432.098765  0.00033510158636254010
  802.469136   555.555556  0.00023059317511245033
  802.469136   679.012346  0.00014940750582515596
  802.469136   802.469136  0.00009139647266740342
  802.469136   925.925926  0.00005414492320630165
  802.469136  1049.382716  0.00002909547903548311
  802.469136  1172.839506  0.00001514975459817289
  802.469136  1296.296296  0.00000929437665305813
  802.469136  1419.753086  0.00000443201972760216
  802.469136  1543.209877  -0.00000682057880107150
  802.469136  1666.666667  -0.00000225625562646611
  802.469136  1790.123457  0.00000035504385137972
  802.469136  1913.580247  -0.00001260002665319629
  802.469136  2037.037037  -0.00002356017870781467
  802.469136  2160.493827  -0.00003312030445789385
  802.469136  2283.950617  -0.00000377289814014650
  802.469136  2407.407407  -0.00000589074653589031
  802.469136  2530.864198  -0.00001297932373703610
  802.469136  2654.320988  -0.00004306771844456990
  802.469136  2777.777778  -0.00001636471187994857
  802.469136  2901.234568  -0.00000481622750376188
  802.469136  3024.691358  -0.00001885244775299980
  802.469136  3148.148148  -0.00003173958321967920
  802.469136  3271.604938  -0.00003191169482913233
  802.469136  3395.061728  -0.00002264133045804298
  802.469136  3518.518519  -0.00002177819723697281
  802.469136  3641.975309  -0.00002909211952153982
  802.469136  3765.432099  -0.00001747713910198350
  802.469136  3888.888889  -0.00002041779910268982
  802.469136  4012.345679  -0.00002190575232946884
  802.469136  4135.802469  -0.00002353831685779609
  802.469136  4259.259259  -0.00002476044886618799
  802.469136  4382.716049  -0.00002556685792256975
  802.469136  4506.172840  -0.00002575277174161138
  802.469136  4629.629630  -0.00002657543181851264
  802.469136  4753.086420  -0.00001915251500941143
  802.469136  4876.543210  -0.00002083030379336894

  925.925926 -5000.000000  -0.00000864734010786850
  925.925926 -4876.543210  -0.00002056695720190270
  925.925926 -4753.086420  -0.00001812644430841901
  925.925926 -4629.629630  -0.00002653127951304213
  925.925926 -4506.172840  -0.00002582492648411505
  925.925926 -4382.716049  -0.00002573148676385678
  925.925926 -4259.259259  -0.00002486406292255893
  925.925926 -4135.802469  -0.00002347353455167734
  925.925926 -4012.345679  -0.00002151508451974259
  925.925926 -3888.888889  -0.00001969001898606985
  925.925926 -3765.432099  -0.00001629193403452843
  925.925926 -3641.975309  -0.00002960666980241606
  925.925926 -3518.518519  -0.00002124799522083387
  925.925926 -3395.061728  -0.00002229718732278595
  925.925926 -3271.604938  -0.00003304464872304660
  925.925926 -3148.148148  -0.00003295332407149691
  925.925926 -3024.691358  -0.00001814965553588000
  925.925926 -2901.234568  -0.00000180920710448835
  925.925926 -2777.777778  -0.00001506099651549386
  925.925926 -2654.320988  -0.00004584829353489181
  925.925926 -2530.864198  -0.00001241758308087762
  925.925926 -2407.407407  -0.00001136711261268833
  925.925926 -2283.950617  -0.00000860563118670227
  925.925926 -2160.493827  -0.00004275912468772529
  925.925926 -2037.037037  -0.00003156452689436935
  925.925926 -1913.580247  -0.00001947474815062712
  925.925926 -1790.123457  -0.00000472287515219595
  925.925926 -1666.666667  -0.00000805623258633657
  925.925926 -1543.209877  -0.00001379119214484432
  925.925926 -1419.753086  -0.00000151385922183166
  925.925926 -1296.296296  0.00000329408394209850
  925.925926 -1172.839506  0.00000895117038630439
  925.925926 -1049.382716  0.00002313285032332579
  925.925926  -925.925926  0.00004884008983616586
  925.925926  -802.469136  0.00008672717006004924
  925.925926  -679.012346  0.00014545973975206157
  925.925926  -555.555556  0.00022672849769565987
  925.925926  -432.098765  0.00033038592078164558
  925.925926  -308.641975  0.00044489530081670054
  925.925926  -185.185185  0.00054829968051580238
  925.925926   -61.728395  0.00061645031101433803
  925.925926    61.728395  0.00061645031101373586
  925.925926   185.185185  0.00054829968051482107
  925.925926   308.641975  0.00044489530081553747
  925.925926   432.098765  0.00033038592078070617
  925.925926   555.555556  0.00022672849769516130
  925.925926   679.012346  0.00014545973975211960
  925.925926   802.469136  0.00008672717006062521
  925.925926   925.925926  0.00004884008983715501
  925.925926  1049.382716  0.00002313285032465255
  925.925926  1172.839506  0.00000895117038786955
  925.925926  1296.296296  0.00000329408394378900
  925.925926  1419.753086  -0.00000151385921996870
  925.925926  1543.209877  -0.00001379119214269351
  925.925926  1666.666667  -0.00000805623258420386
  925.925926  1790.123457  -0.00000472287515000862
  925.925926  1913.580247  -0.00001947474814803611
  925.925926  2037.037037  -0.00003156452689145698
  925.925926  2160.493827  -0.00004275912468446088
  925.925926  2283.950617  -0.00000860563118395621
  925.925926  2407.407407  -0.00001136711260970332
  925.925926  2530.864198  -0.00001241758307795360
  925.925926  2654.320988  -0.00004584829353077914
  925.925926  2777.777778  -0.00001506099651186058
  925.925926  2901.234568  -0.00000180920710118376
  925.925926  3024.691358  -0.00001814965553228738
  925.925926  3148.148148  -0.00003295332406751452
  925.925926  3271.604938  -0.00003304464871882413
  925.925926  3395.061728  -0.00002229718731846701
  925.925926  3518.518519  -0.00002124799521629056
  925.925926  3641.975309  -0.00002960666979755465
  925.925926  3765.432099  -0.00001629193402983325
  925.925926  3888.888889  -0.00001969001898140625
  925.925926  4012.345679  -0.00002151508451505682
  925.925926  4135.802469  -0.00002347353454701024
  925.925926  4259.259259  -0.00002486406291779518
  925.925926  4382.716049  -0.00002573148675882539
  925.925926  4506.172840  -0.00002582492647864522
  925.925926  4629.629630  -0.00002653127950706108
  925.925926  4753.086420  -0.00001812644430284481
  925.925926  4876.543210  -0.00002056695719733430

 1049.382716 -5000.000000  -0.00000957409127315989
 1049.382716 -4876.543210  -0.00002082543724437421
 1049.382716 -4753.086420  -0.00001763281278703697
 1049.382716 -4629.629630  -0.00002701075634206623
 1049.382716 -4506.172840  -0.00002637442130772197
 1049.382716 -4382.716049  -0.00002636404543446311
 1049.382716 -4259.259259  -0.00002544224101663532
 1049.382716 -4135.802469  -0.00002390023805820770
 1049.382716 -4012.345679  -0.00002162402674565895
 1049.382716 -3888.888889  -0.00001948303735880944
 1049.382716 -3765.432099  -0.00001555712991059098
 1049.382716 -3641.975309  -0.00003049829339930688
 1049.382716 -3518.518519  -0.00002111968922979208
 1049.382716 -3395.061728  -0.00002236146018690192
 1049.382716 -3271.604938  -0.00003452852166716210
 1049.382716 -3148.148148  -0.00003453536252447654
 1049.382716 -3024.691358  -0.00001789180036801628
 1049.382716 -2901.234568  0.00000067834534298691
 1049.382716 -2777.777778  -0.00001423008650542987
 1049.382716 -2654.320988  -0.00004895518485855505
 1049.382716 -2530.864198  -0.00001239614280114050
 1049.382716 -2407.407407  -0.00001814165022477900
 1049.382716 -2283.950617  -0.00001464398521980084
 1049.382716 -2160.493827  -0.00005352819036510505
 1049.382716 -2037.037037  -0.00004073802366831956
 1049.382716 -1913.580247  -0.00002768407271088249
 1049.382716 -1790.123457  -0.00001124422810418804
 1049.382716 -1666.666667  -0.00001535830922395338
 1049.382716 -1543.209877  -0.00002233954817682216
 1049.382716 -1419.753086  -0.00000926517061582134
 1049.382716 -1296.296296  -0.00000473339362846446
 1049.382716 -1172.839506  -0.00000016088777274607
 1049.382716 -1049.382716  0.00001362057590273099
 1049.382716  -925.925926  0.00003877644690801069
 1049.382716  -802.469136  0.00007538801234568704
 1049.382716  -679.012346  0.00013155911164418620
 1049.382716  -555.555556  0.00020790617589831566
 1049.382716  -432.098765  0.00030375775550874745
 1049.382716  -308.641975  0.00040829807669095992
 1049.382716  -185.185185  0.00050216751556904349
 1049.382716   -61.728395  0.00056564811239386372
 1049.382716    61.728395  0.00056564811239334569
 1049.382716   185.185185  0.00050216751556829333
 1049.382716   308.641975  0.00040829807669003922
 1049.382716   432.098765  0.00030375775550800234
 1049.382716   555.555556  0.00020790617589794982
 1049.382716   679.012346  0.00013155911164430822
 1049.382716   802.469136  0.00007538801234628527
 1049.382716   925.925926  0.00003877644690899362
 1049.382716  1049.382716  0.00001362057590403338
 1049.382716  1172.839506  -0.00000016088777121701
 1049.382716  1296.296296  -0.00000473339362682221
 1049.382716  1419.753086  -0.00000926517061401442
 1049.382716  1543.209877  -0.00002233954817471616
 1049.382716  1666.666667  -0.00001535830922188395
 1049.382716  1790.123457  -0.00001124422810207750
 1049.382716  1913.580247  -0.00002768407270835056
 1049.382716  2037.037037  -0.00004073802366544691
 1049.382716  2160.493827  -0.00005352819036186476
 1049.382716  2283.950617  -0.00001464398521714129
 1049.382716  2407.407407  -0.00001814165022188690
 1049.382716  2530.864198  -0.00001239614279829290
 1049.382716  2654.320988  -0.00004895518485450607
 1049.382716  2777.777778  -0.00001423008650192021
 1049.382716  2901.234568  0.00000067834534615782
 1049.382716  3024.691358  -0.00001789180036451842
 1049.382716  3148.148148  -0.00003453536252056323
 1049.382716  3271.604938  -0.00003452852166302319
 1049.382716  3395.061728  -0.00002236146018269638
 1049.382716  3518.518519  -0.00002111968922537781
 1049.382716  3641.975309  -0.00003049829339455962
 1049.382716  3765.432099  -0.00001555712990607056
 1049.382716  3888.888889  -0.00001948303735426098
 1049.382716  4012.345679  -0.00002162402674109196
 1049.382716  4135.802469  -0.00002390023805364120
 1049.382716  4259.259259  -0.00002544224101195755
 1049.382716  4382.716049  -0.00002636404542952871
 1049.382716  4506.172840  -0.00002637442130238824
 1049.382716  4629.629630  -0.00002701075633625163
 1049.382716  4753.086420  -0.00001763281278160564
 1049.382716  4876.543210  -0.00002082543723984810

 1172.839506 -5000.000000  -0.00001072409603548554
 1172.839506 -4876.543210  -0.00002406224225453526
 1172.839506 -4753.086420  -0.00002069977219232962
 1172.839506 -4629.629630  -0.00003119405994458835
 1172.839506 -4506.172840  -0.00003039435022390453
 1172.839506 -4382.716049  -0.00003031391398877965
 1172.839506 -4259.259259  -0.00002924601768756159
 1172.839506 -4135.802469  -0.00002751020897599296
 1172.839506 -4012.345679  -0.00002500643100293922
 1172.839506 -3888.888889  -0.00002264666760187010
 1172.839506 -3765.432099  -0.00001838384194843707
 1172.839506 -3641.975309  -0.00003506968126881535
 1172.839506 -3518.518519  -0.00002458034372794687
 1172.839506 -3395.061728  -0.00002594348100807953
 1172.839506 -3271.604938  -0.00003954817043110653
 1172.839506 -3148.148148  -0.00003951535406901351
 1172.839506 -3024.691358  -0.00002093619812305153
 1172.839506 -2901.234568  -0.00000033748301299090
 1172.839506 -2777.777778  -0.00001706918728029025
 1172.839506 -2654.320988  -0.00005590996246157667
 1172.839506 -2530.864198  -0.00001442643850539465
 1172.839506 -2407.407407  -0.00001678757624333013
 1172.839506 -2283.950617  -0.00001330710175584955
 1172.839506 -2160.493827  -0.00005649659232723464
 1172.839506 -2037.037037  -0.00004250068126691340
 1172.839506 -1913.580247  -0.00002788880706800559
 1172.839506 -1790.123457  -0.00000991394786233348
 1172.839506 -1666.666667  -0.00001486790669753959
 1172.839506 -1543.209877  -0.00002306169909323827
 1172.839506 -1419.753086  -0.00000906731703475150
 1172.839506 -1296.296296  -0.00000483970240755898
 1172.839506 -1172.839506  -0.00000056210544946657
 1172.839506 -1049.382716  0.00001243734647173206
 1172.839506  -925.925926  0.00003664269702052758
 1172.839506  -802.469136  0.00007089659464634723
 1172.839506  -679.012346  0.00012247993938805255
 1172.839506  -555.555556  0.00019027293440219376
 1172.839506  -432.098765  0.00027309981517872493
 1172.839506  -308.641975  0.00036144416478750530
 1172.839506  -185.185185  0.00044002039040099133
 1172.839506   -61.728395  0.00049557524585697903
 1172.839506    61.728395  0.00049557524585655912
 1172.839506   185.185185  0.00044002039040044109
 1172.839506   308.641975  0.00036144416478681418
 1172.839506   432.098765  0.00027309981517815985
 1172.839506   555.555556  0.00019027293440192062
 1172.839506   679.012346  0.00012247993938819824
 1172.839506   802.469136  0.00007089659464691926
 1172.839506   925.925926  0.00003664269702145276
 1172.839506  1049.382716  0.00001243734647295953
 1172.839506  1172.839506  -0.00000056210544803198
 1172.839506  1296.296296  -0.00000483970240602580
 1172.839506  1419.753086  -0.00000906731703306316
 1172.839506  1543.209877  -0.00002306169909124346
 1172.839506  1666.666667  -0.00001486790669560265
 1172.839506  1790.123457  -0.00000991394786037225
 1172.839506  1913.580247  -0.00002788880706560785
 1172.839506  2037.037037  -0.00004250068126415271
 1172.839506  2160.493827  -0.00005649659232410044
 1172.839506  2283.950617  -0.00001330710175335787
 1172.839506  2407.407407  -0.00001678757624062734
 1172.839506  2530.864198  -0.00001442643850262500
 1172.839506  2654.320988  -0.00005590996245757577
 1172.839506  2777.777778  -0.00001706918727688744
 1172.839506  2901.234568  -0.00000033748300994086
 1172.839506  3024.691358  -0.00002093619811964086
 1172.839506  3148.148148  -0.00003951535406516215
 1172.839506  3271.604938  -0.00003954817042703329
 1172.839506  3395.061728  -0.00002594348100397540
 1172.839506  3518.518519  -0.00002458034372364046
 1172.839506  3641.975309  -0.00003506968126417230
 1172.839506  3765.432099  -0.00001838384194401195
 1172.839506  3888.888889  -0.00002264666759743010
 1172.839506  4012.345679  -0.00002500643099848128
 1172.839506  4135.802469  -0.00002751020897152099
 1172.839506  4259.259259  -0.00002924601768295882
 1172.839506  4382.716049  -0.00003031391398392990
 1172.839506  4506.172840  -0.00003039435021868918
 1172.839506  4629.629630  -0.00003119405993891702
 1172.839506  4753.086420  -0.00002069977218701554
 1172.839506  4876.543210  -0.00002406224225005136

 1296.296296 -5000.000000  -0.00001216418493913384
 1296.296296 -4876.543210  -0.00003013210093132895
 1296.296296 -4753.086420  -0.00002724782920479401
 1296.296296 -4629.629630  -0.00003893489778003492
 1296.296296 -4506.172840  -0.00003777830203021839
 1296.296296 -4382.716049  -0.00003745217362840310
 1296.296296 -4259.259259  -0.00003612864121365352
 1296.296296 -4135.802469  -0.00003418188826230540
 1296.296296 -4012.345679  -0.00003151771128541858
 1296.296296 -3888.888889  -0.00002907919568724080
 1296.296296 -3765.432099  -0.00002438283618336282
 1296.296296 -3641.975309  -0.00004295037037608448
 1296.296296 -3518.518519  -0.00003123335467885015
 1296.296296 -3395.061728  -0.00003269010843351100
 1296.296296 -3271.604938  -0.00004770008943140820
 1296.296296 -3148.148148  -0.00004752304856528457
 1296.296296 -3024.691358  -0.00002693328022976906
 1296.296296 -2901.234568  -0.00000451081914465825
 1296.296296 -2777.777778  -0.00002319627709462583
 1296.296296 -2654.320988  -0.00006625264468304075
 1296.296296 -2530.864198  -0.00001836982718266195
 1296.296296 -2407.407407  -0.00000896248077344146
 1296.296296 -2283.950617  -0.00000604171918428589
 1296.296296 -2160.493827  -0.00005324337032247623
 1296.296296 -2037.037037  -0.00003831845618631717
 1296.296296 -1913.580247  -0.00002172724370304252
 1296.296296 -1790.123457  -0.00000234907382316202
 1296.296296 -1666.666667  -0.00000820910357197063
 1296.296296 -1543.209877  -0.00001757788360465399
 1296.296296 -1419.753086  -0.00000260387547527909
 1296.296296 -1296.296296  0.00000117545456044696
 1296.296296 -1172.839506  0.00000429688225886897
 1296.296296 -1049.382716  0.00001624468273638965
 1296.296296  -925.925926  0.00003892618988005080
 1296.296296  -802.469136  0.00006984317306084064
 1296.296296  -679.012346  0.00011500109719275493
 1296.296296  -555.555556  0.00017141815869179490
 1296.296296  -432.098765  0.00023738785292627592
 1296.296296  -308.641975  0.00030528433683396649
 1296.296296  -185.185185  0.00036488495179578167
 1296.296296   -61.728395  0.00041039575065176999
 1296.296296    61.728395  0.00041039575065153624
 1296.296296   185.185185  0.00036488495179557459
 1296.296296   308.641975  0.00030528433683366715
 1296.296296   432.098765  0.00023738785292606494
 1296.296296   555.555556  0.00017141815869178167
 1296.296296   679.012346  0.00011500109719309069
 1296.296296   802.469136  0.00006984317306154153
 1296.296296   925.925926  0.00003892618988106043
 1296.296296  1049.382716  0.00001624468273766923
 1296.296296  1172.839506  0.00000429688226033465
 1296.296296  1296.296296  0.00000117545456198113
 1296.296296  1419.753086  -0.00000260387547359638
 1296.296296  1543.209877  -0.00001757788360266910
 1296.296296  1666.666667  -0.00000820910357006950
 1296.296296  1790.123457  -0.00000234907382125545
 1296.296296  1913.580247  -0.00002172724370068677
 1296.296296  2037.037037  -0.00003831845618358543
 1296.296296  2160.493827  -0.00005324337031936020
 1296.296296  2283.950617  -0.00000604171918186624
 1296.296296  2407.407407  -0.00000896248077081841
 1296.296296  2530.864198  -0.00001836982717996926
 1296.296296  2654.320988  -0.00006625264467912030
 1296.296296  2777.777778  -0.00002319627709134132
 1296.296296  2901.234568  -0.00000451081914173048
 1296.296296  3024.691358  -0.00002693328022645321
 1296.296296  3148.148148  -0.00004752304856151097
 1296.296296  3271.604938  -0.00004770008942742361
 1296.296296  3395.061728  -0.00003269010842951934
 1296.296296  3518.518519  -0.00003123335467467942
 1296.296296  3641.975309  -0.00004295037037156473
 1296.296296  3765.432099  -0.00002438283617907065
 1296.296296  3888.888889  -0.00002907919568290586
 1296.296296  4012.345679  -0.00003151771128106560
 1296.296296  4135.802469  -0.00003418188825791863
 1296.296296  4259.259259  -0.00003612864120912641
 1296.296296  4382.716049  -0.00003745217362364315
 1296.296296  4506.172840  -0.00003777830202512654
 1296.296296  4629.629630  -0.00003893489777450860
 1296.296296  4753.086420  -0.00002724782919960456
 1296.296296  4876.543210  -0.00003013210092687674

 1419.753086 -5000.000000  -0.00001349274906134819
 1419.753086 -4876.543210  -0.00003568259492784147
 1419.753086 -4753.086420  -0.00003295183922874676
 1419.753086 -4629.629630  -0.00004576098029883815
 1419.753086 -4506.172840  -0.00004424931612602500
 1419.753086 -4382.716049  -0.00004375768132790411
 1419.753086 -4259.259259  -0.00004225042888532292
 1419.753086 -4135.802469  -0.00004012606153003321
 1419.753086 -4012.345679  -0.00003733143386868471
 1419.753086 -3888.888889  -0.00003478040089672526
 1419.753086 -3765.432099  -0.00002964905156959577
 1419.753086 -3641.975309  -0.00005006551634792547
 1419.753086 -3518.518519  -0.00003729016696651736
 1419.753086 -3395.061728  -0.00003880439576182996
 1419.753086 -3271.604938  -0.00005505681734073511
 1419.753086 -3148.148148  -0.00005482373718572424
 1419.753086 -3024.691358  -0.00003250347110588812
 1419.753086 -2901.234568  -0.00000838669995014900
 1419.753086 -2777.777778  -0.00002878646841434845
 1419.753086 -2654.320988  -0.00007554511294421734
 1419.753086 -2530.864198  -0.00002248756809755437
 1419.753086 -2407.407407  -0.00000622341851795083
 1419.753086 -2283.950617  -0.00000340405862562752
 1419.753086 -2160.493827  -0.00005441589636845772
 1419.753086 -2037.037037  -0.00003861170704522144
 1419.753086 -1913.580247  -0.00002054041427948752
 1419.753086 -1790.123457  0.00000007862989779859
 1419.753086 -1666.666667  -0.00000666963825156195
 1419.753086 -1543.209877  -0.00001727225879455349
 1419.753086 -1419.753086  -0.00000168378343065528
 1419.753086 -1296.296296  0.00000153332762532494
 1419.753086 -1172.839506  0.00000393834053936965
 1419.753086 -1049.382716  0.00001422809642453839
 1419.753086  -925.925926  0.00003452897526176571
 1419.753086  -802.469136  0.00006090296119815906
 1419.753086  -679.012346  0.00009804396777999329
 1419.753086  -555.555556  0.00014120448276606839
 1419.753086  -432.098765  0.00018856691839478550
 1419.753086  -308.641975  0.00023482768062999245
 1419.753086  -185.185185  0.00027491624444524431
 1419.753086   -61.728395  0.00030998858300364832
 1419.753086    61.728395  0.00030998858300347587
 1419.753086   185.185185  0.00027491624444520962
 1419.753086   308.641975  0.00023482768062993550
 1419.753086   432.098765  0.00018856691839479932
 1419.753086   555.555556  0.00014120448276621397
 1419.753086   679.012346  0.00009804396778041578
 1419.753086   802.469136  0.00006090296119889370
 1419.753086   925.925926  0.00003452897526277558
 1419.753086  1049.382716  0.00001422809642579171
 1419.753086  1172.839506  0.00000393834054078628
 1419.753086  1296.296296  0.00000153332762679574
 1419.753086  1419.753086  -0.00000168378342904579
 1419.753086  1543.209877  -0.00001727225879264973
 1419.753086  1666.666667  -0.00000666963824974805
 1419.753086  1790.123457  0.00000007862989961392
 1419.753086  1913.580247  -0.00002054041427722501
 1419.753086  2037.037037  -0.00003861170704258414
 1419.753086  2160.493827  -0.00005441589636544345
 1419.753086  2283.950617  -0.00000340405862332220
 1419.753086  2407.407407  -0.00000622341851545741
 1419.753086  2530.864198  -0.00002248756809493469
 1419.753086  2654.320988  -0.00007554511294035976
 1419.753086  2777.777778  -0.00002878646841114024
 1419.753086  2901.234568  -0.00000838669994729983
 1419.753086  3024.691358  -0.00003250347110264533
 1419.753086  3148.148148  -0.00005482373718202135
 1419.753086  3271.604938  -0.00005505681733682503
 1419.753086  3395.061728  -0.00003880439575791660
 1419.753086  3518.518519  -0.00003729016696242280
 1419.753086  3641.975309  -0.00005006551634348422
 1419.753086  3765.432099  -0.00002964905156542034
 1419.753086  3888.888889  -0.00003478040089246900
 1419.753086  4012.345679  -0.00003733143386441620
 1419.753086  4135.802469  -0.00004012606152573196
 1419.753086  4259.259259  -0.00004225042888087801
 1419.753086  4382.716049  -0.00004375768132322195
 1419.753086  4506.172840  -0.00004424931612101476
 1419.753086  4629.629630  -0.00004576098029340076
 1419.753086  4753.086420  -0.00003295183922363036
 1419.753086  4876.543210  -0.00003568259492344838

 1543.209877 -5000.000000  -0.00001487040711115528
 1543.209877 -4876.543210  -0.00003710009694901965
 1543.209877 -4753.086420  -0.00003279679627500136
 1543.209877 -4629.629630  -0.00004653324213205460
 1543.209877 -4506.172840  -0.00004501661018989825
 1543.209877 -4382.716049  -0.00004484157861272507
 1543.209877 -4259.259259  -0.00004346154699721568
 1543.209877 -4135.802469  -0.00004118631608193927
 1543.209877 -4012.345679  -0.00003807067456956890
 1543.209877 -3888.888889  -0.00003513674347234013
 1543.209877 -3765.432099  -0.00002958000192791324
 1543.209877 -3641.975309  -0.00005119798892317926
 1543.209877 -3518.518519  -0.00003761674560510891
 1543.209877 -3395.061728  -0.00003940016318416258
 1543.209877 -3271.604938  -0.00005692499972024505
 1543.209877 -3148.148148  -0.00005694143295840353
 1543.209877 -3024.691358  -0.00003312642768124399
 1543.209877 -2901.234568  -0.00000684422903191943
 1543.209877 -2777.777778  -0.00002862219918346436
 1543.209877 -2654.320988  -0.00007869849041495642
 1543.209877 -2530.864198  -0.00002483670899039697
 1543.209877 -2407.407407  -0.00002666785896057354
 1543.209877 -2283.950617  -0.00002232465053755117
 1543.209877 -2160.493827  -0.00007815948247809550
 1543.209877 -2037.037037  -0.00006070323809691899
 1543.209877 -1913.580247  -0.00004270235309144600
 1543.209877 -1790.123457  -0.00002067475616845873
 1543.209877 -1666.666667  -0.00002833483011014983
 1543.209877 -1543.209877  -0.00004047688930001209
 1543.209877 -1419.753086  -0.00002500451217521842
 1543.209877 -1296.296296  -0.00002284947627276827
 1543.209877 -1172.839506  -0.00002318591108616736
 1543.209877 -1049.382716  -0.00001511004260485387
 1543.209877  -925.925926  0.00000159090535052787
 1543.209877  -802.469136  0.00002240627459728364
 1543.209877  -679.012346  0.00005059404024182282
 1543.209877  -555.555556  0.00008038012060234183
 1543.209877  -432.098765  0.00011010126647967331
 1543.209877  -308.641975  0.00013684281714456800
 1543.209877  -185.185185  0.00016000329401305254
 1543.209877   -61.728395  0.00018616748948935635
 1543.209877    61.728395  0.00018616748948925712
 1543.209877   185.185185  0.00016000329401317566
 1543.209877   308.641975  0.00013684281714471734
 1543.209877   432.098765  0.00011010126647988457
 1543.209877   555.555556  0.00008038012060265465
 1543.209877   679.012346  0.00005059404024236192
 1543.209877   802.469136  0.00002240627459810231
 1543.209877   925.925926  0.00000159090535160077
 1543.209877  1049.382716  -0.00001511004260355402
 1543.209877  1172.839506  -0.00002318591108471088
 1543.209877  1296.296296  -0.00002284947627126287
 1543.209877  1419.753086  -0.00002500451217357628
 1543.209877  1543.209877  -0.00004047688929808446
 1543.209877  1666.666667  -0.00002833483010830690
 1543.209877  1790.123457  -0.00002067475616660872
 1543.209877  1913.580247  -0.00004270235308915684
 1543.209877  2037.037037  -0.00006070323809426589
 1543.209877  2160.493827  -0.00007815948247506616
 1543.209877  2283.950617  -0.00002232465053520772
 1543.209877  2407.407407  -0.00002666785895803230
 1543.209877  2530.864198  -0.00002483670898783722
 1543.209877  2654.320988  -0.00007869849041119817
 1543.209877  2777.777778  -0.00002862219918033514
 1543.209877  2901.234568  -0.00000684422902914324
 1543.209877  3024.691358  -0.00003312642767808765
 1543.209877  3148.148148  -0.00005694143295480056
 1543.209877  3271.604938  -0.00005692499971643611
 1543.209877  3395.061728  -0.00003940016318034511
 1543.209877  3518.518519  -0.00003761674560110901
 1543.209877  3641.975309  -0.00005119798891884244
 1543.209877  3765.432099  -0.00002958000192381456
 1543.209877  3888.888889  -0.00003513674346818891
 1543.209877  4012.345679  -0.00003807067456540185
 1543.209877  4135.802469  -0.00004118631607774284
 1543.209877  4259.259259  -0.00004346154699288075
 1543.209877  4382.716049  -0.00004484157860815306
 1543.209877  4506.172840  -0.00004501661018498989
 1543.209877  4629.629630  -0.00004653324212671634
 1543.209877  4753.086420  -0.00003279679626997791
 1543.209877  4876.543210  -0.00003710009694473132

 1666.666667 -5000.000000  -0.00001612010460172150
 1666.666667 -4876.543210  -0.00004556836235636268
 1666.666667 -4753.086420  -0.00004283897457233217
 1666.666667 -4629.629630  -0.00005785089479451624
 1666.666667 -4506.172840  -0.00005570073461968721
 1666.666667 -4382.716049  -0.00005494868840820437
 1666.666667 -4259.259259  -0.00005312856613203610
 1666.666667 -4135.802469  -0.00005065526276697185
 1666.666667 -4012.345679  -0.00004752475397476106
 1666.666667 -3888.888889  -0.00004467277077404407
 1666.666667 -3765.432099  -0.00003881857005107253
 1666.666667 -3641.975309  -0.00006248787411514606
 1666.666667 -3518.518519  -0.00004760471567896498
 1666.666667 -3395.061728  -0.00004932833325312821
 1666.666667 -3271.604938  -0.00006817107463415535
 1666.666667 -3148.148148  -0.00006786657628306440
 1666.666667 -3024.691358  -0.00004205071304012114
 1666.666667 -2901.234568  -0.00001439240421462921
 1666.666667 -2777.777778  -0.00003826534018412402
 1666.666667 -2654.320988  -0.00009254219163541489
 1666.666667 -2530.864198  -0.00002980445746342492
 1666.666667 -2407.407407  -0.00000474841486505522
 1666.666667 -2283.950617  -0.00000195343623758587
 1666.666667 -2160.493827  -0.00006097933080425974
 1666.666667 -2037.037037  -0.00004331751303947773
 1666.666667 -1913.580247  -0.00002265774096992145
 1666.666667 -1790.123457  0.00000039464131089607
 1666.666667 -1666.666667  -0.00000826654618019844
 1666.666667 -1543.209877  -0.00002153668072976147
 1666.666667 -1419.753086  -0.00000508480831828244
 1666.666667 -1296.296296  -0.00000352327379892706
 1666.666667 -1172.839506  -0.00000438738197286535
 1666.666667 -1049.382716  0.00000221103454157031
 1666.666667  -925.925926  0.00001724304922625140
 1666.666667  -802.469136  0.00003466090270606766
 1666.666667  -679.012346  0.00005728382359217398
 1666.666667  -555.555556  0.00007835292019518150
 1666.666667  -432.098765  0.00009672540691194382
 1666.666667  -308.641975  0.00011107065591667946
 1666.666667  -185.185185  0.00012352075511594136
 1666.666667   -61.728395  0.00014409473674066321
 1666.666667    61.728395  0.00014409473674060146
 1666.666667   185.185185  0.00012352075511612806
 1666.666667   308.641975  0.00011107065591690351
 1666.666667   432.098765  0.00009672540691221414
 1666.666667   555.555556  0.00007835292019552430
 1666.666667   679.012346  0.00005728382359269774
 1666.666667   802.469136  0.00003466090270682904
 1666.666667   925.925926  0.00001724304922723531
 1666.666667  1049.382716  0.00000221103454275653
 1666.666667  1172.839506  -0.00000438738197153983
 1666.666667  1296.296296  -0.00000352327379755979
 1666.666667  1419.753086  -0.00000508480831678771
 1666.666667  1543.209877  -0.00002153668072799892
 1666.666667  1666.666667  -0.00000826654617852035
 1666.666667  1790.123457  0.00000039464131257441
 1666.666667  1913.580247  -0.00002265774096783123
 1666.666667  2037.037037  -0.00004331751303703761
 1666.666667  2160.493827  -0.00006097933080147377
 1666.666667  2283.950617  -0.00000195343623545143
 1666.666667  2407.407407  -0.00000474841486274516
 1666.666667  2530.864198  -0.00002980445746091092
 1666.666667  2654.320988  -0.00009254219163168201
 1666.666667  2777.777778  -0.00003826534018098446
 1666.666667  2901.234568  -0.00001439240421184045
 1666.666667  3024.691358  -0.00004205071303698553
 1666.666667  3148.148148  -0.00006786657627949907
 1666.666667  3271.604938  -0.00006817107463037497
 1666.666667  3395.061728  -0.00004932833324931629
 1666.666667  3518.518519  -0.00004760471567495922
 1666.666667  3641.975309  -0.00006248787411080799
 1666.666667  3765.432099  -0.00003881857004695733
 1666.666667  3888.888889  -0.00004467277076990065
 1666.666667  4012.345679  -0.00004752475397060644
 1666.666667  4135.802469  -0.00005065526276279933
 1666.666667  4259.259259  -0.00005312856612773382
 1666.666667  4382.716049  -0.00005494868840364389
 1666.666667  4506.172840  -0.00005570073461474943
 1666.666667  4629.629630  -0.00005785089478912626
 1666.666667  4753.086420  -0.00004283897456725674
 1666.666667  4876.543210  -0.00004556836235212023

 1790.123457 -5000.000000  -0.00001738389535544953
 1790.123457 -4876.543210  -0.00005141437263133494
 1790.123457 -4753.086420  -0.00004935029535122183
 1790.123457 -4629.629630  -0.00006565316828230697
 1790.123457 -4506.172840  -0.00006312891249288158
 1790.123457 -4382.716049  -0.00006204383368378988
 1790.123457 -4259.259259  -0.00005989070250737515
 1790.123457 -4135.802469  -0.00005718128743421476
 1790.123457 -4012.345679  -0.00005387966530279500
 1790.123457 -3888.888889  -0.00005094680942881429
 1790.123457 -3765.432099  -0.00004462990870092684
 1790.123457 -3641.975309  -0.00007055995422270358
 1790.123457 -3518.518519  -0.00005429278417702632
 1790.123457 -3395.061728  -0.00005607361553907866
 1790.123457 -3271.604938  -0.00007654131020810794
 1790.123457 -3148.148148  -0.00007605325363179169
 1790.123457 -3024.691358  -0.00004797093562126535
 1790.123457 -2901.234568  -0.00001836042957873343
 1790.123457 -2777.777778  -0.00004447812121487520
 1790.123457 -2654.320988  -0.00010359769549500317
 1790.123457 -2530.864198  -0.00003295387904901246
 1790.123457 -2407.407407  0.00001062135978337267
 1790.123457 -2283.950617  0.00001235598600553244
 1790.123457 -2160.493827  -0.00005104463190232586
 1790.123457 -2037.037037  -0.00003270908843690828
 1790.123457 -1913.580247  -0.00000965669888839516
 1790.123457 -1790.123457  0.00001475795261668844
 1790.123457 -1666.666667  0.00000493313537401939
 1790.123457 -1543.209877  -0.00000980492135648894
 1790.123457 -1419.753086  0.00000754131726174849
 1790.123457 -1296.296296  0.00000832979871095879
 1790.123457 -1172.839506  0.00000664723775447676
 1790.123457 -1049.382716  0.00001170933770939489
 1790.123457  -925.925926  0.00002514067609920856
 1790.123457  -802.469136  0.00003962544219993201
 1790.123457  -679.012346  0.00005787819075179287
 1790.123457  -555.555556  0.00007245072743167872
 1790.123457  -432.098765  0.00008277300593283054
 1790.123457  -308.641975  0.00008868452723975483
 1790.123457  -185.185185  0.00009413914475606379
 1790.123457   -61.728395  0.00011142711938346773
 1790.123457    61.728395  0.00011142711938343188
 1790.123457   185.185185  0.00009413914475627659
 1790.123457   308.641975  0.00008868452724001152
 1790.123457   432.098765  0.00008277300593312597
 1790.123457   555.555556  0.00007245072743202983
 1790.123457   679.012346  0.00005787819075229896
 1790.123457   802.469136  0.00003962544220064453
 1790.123457   925.925926  0.00002514067610011812
 1790.123457  1049.382716  0.00001170933771048708
 1790.123457  1172.839506  0.00000664723775569647
 1790.123457  1296.296296  0.00000832979871221565
 1790.123457  1419.753086  0.00000754131726312927
 1790.123457  1543.209877  -0.00000980492135485556
 1790.123457  1666.666667  0.00000493313537557100
 1790.123457  1790.123457  0.00001475795261823876
 1790.123457  1913.580247  -0.00000965669888645409
 1790.123457  2037.037037  -0.00003270908843463105
 1790.123457  2160.493827  -0.00005104463189972608
 1790.123457  2283.950617  0.00001235598600751327
 1790.123457  2407.407407  0.00001062135978551162
 1790.123457  2530.864198  -0.00003295387904654335
 1790.123457  2654.320988  -0.00010359769549130243
 1790.123457  2777.777778  -0.00004447812121173386
 1790.123457  2901.234568  -0.00001836042957594149
 1790.123457  3024.691358  -0.00004797093561815464
 1790.123457  3148.148148  -0.00007605325362827258
 1790.123457  3271.604938  -0.00007654131020436528
 1790.123457  3395.061728  -0.00005607361553528182
 1790.123457  3518.518519  -0.00005429278417302389
 1790.123457  3641.975309  -0.00007055995421837511
 1790.123457  3765.432099  -0.00004462990869680862
 1790.123457  3888.888889  -0.00005094680942468411
 1790.123457  4012.345679  -0.00005387966529865660
 1790.123457  4135.802469  -0.00005718128743007258
 1790.123457  4259.259259  -0.00005989070250311099
 1790.123457  4382.716049  -0.00006204383367925000
 1790.123457  4506.172840  -0.00006312891248792490
 1790.123457  4629.629630  -0.00006565316827687704
 1790.123457  4753.086420  -0.00004935029534610954
 1790.123457  4876.543210  -0.00005141437262714203

 1913.580247 -5000.000000  -0.00001884230545687923
 1913.580247 -4876.543210  -0.00004728874478132931
 1913.580247 -4753.086420  -0.00004172320144406042
 1913.580247 -4629.629630  -0.00005908812089881027
 1913.580247 -4506.172840  -0.00005713260282719553
 1913.580247 -4382.716049  -0.00005687301495772573
 1913.580247 -4259.259259  -0.00005504096568187653
 1913.580247 -4135.802469  -0.00005206736870359604
 1913.580247 -4012.345679  -0.00004806462854318443
 1913.580247 -3888.888889  -0.00004438945262234213
 1913.580247 -3765.432099  -0.00003720030601853370
 1913.580247 -3641.975309  -0.00006509354128216131
 1913.580247 -3518.518519  -0.00004767648198347672
 1913.580247 -3395.061728  -0.00005000708126788590
 1913.580247 -3271.604938  -0.00007260864193476119
 1913.580247 -3148.148148  -0.00007264400462551359
 1913.580247 -3024.691358  -0.00004221781556843458
 1913.580247 -2901.234568  -0.00000899313404501218
 1913.580247 -2777.777778  -0.00003706186896143421
 1913.580247 -2654.320988  -0.00010147806119442089
 1913.580247 -2530.864198  -0.00003110916334567609
 1913.580247 -2407.407407  -0.00002010679323158224
 1913.580247 -2283.950617  -0.00001605711932458578
 1913.580247 -2160.493827  -0.00008722611504795393
 1913.580247 -2037.037037  -0.00006616251604309090
 1913.580247 -1913.580247  -0.00004334023514445984
 1913.580247 -1790.123457  -0.00001657479157510734
 1913.580247 -1666.666667  -0.00002768542162791203
 1913.580247 -1543.209877  -0.00004469345060869409
 1913.580247 -1419.753086  -0.00002729621694942567
 1913.580247 -1296.296296  -0.00002774795026256391
 1913.580247 -1172.839506  -0.00003223430475886312
 1913.580247 -1049.382716  -0.00002892712678488168
 1913.580247  -925.925926  -0.00001786753591651425
 1913.580247  -802.469136  -0.00000637844686566576
 1913.580247  -679.012346  0.00000791993211695776
 1913.580247  -555.555556  0.00001730737267814125
 1913.580247  -432.098765  0.00002147453632445568
 1913.580247  -308.641975  0.00002118842065149743
 1913.580247  -185.185185  0.00002185420899136368
 1913.580247   -61.728395  0.00003752551918195957
 1913.580247    61.728395  0.00003752551918195270
 1913.580247   185.185185  0.00002185420899162280
 1913.580247   308.641975  0.00002118842065181987
 1913.580247   432.098765  0.00002147453632482886
 1913.580247   555.555556  0.00001730737267858296
 1913.580247   679.012346  0.00000791993211754575
 1913.580247   802.469136  -0.00000637844686487308
 1913.580247   925.925926  -0.00001786753591552713
 1913.580247  1049.382716  -0.00002892712678371320
 1913.580247  1172.839506  -0.00003223430475756087
 1913.580247  1296.296296  -0.00002774795026121974
 1913.580247  1419.753086  -0.00002729621694794815
 1913.580247  1543.209877  -0.00004469345060696599
 1913.580247  1666.666667  -0.00002768542162625530
 1913.580247  1790.123457  -0.00001657479157343733
 1913.580247  1913.580247  -0.00004334023514239368
 1913.580247  2037.037037  -0.00006616251604069437
 1913.580247  2160.493827  -0.00008722611504522249
 1913.580247  2283.950617  -0.00001605711932245954
 1913.580247  2407.407407  -0.00002010679322927489
 1913.580247  2530.864198  -0.00003110916334326030
 1913.580247  2654.320988  -0.00010147806119083012
 1913.580247  2777.777778  -0.00003706186895838739
 1913.580247  2901.234568  -0.00000899313404230837
 1913.580247  3024.691358  -0.00004221781556541982
 1913.580247  3148.148148  -0.00007264400462209958
 1913.580247  3271.604938  -0.00007260864193112876
 1913.580247  3395.061728  -0.00005000708126419652
 1913.580247  3518.518519  -0.00004767648197958340
 1913.580247  3641.975309  -0.00006509354127795113
 1913.580247  3765.432099  -0.00003720030601452609
 1913.580247  3888.888889  -0.00004438945261832694
 1913.580247  4012.345679  -0.00004806462853915546
 1913.580247  4135.802469  -0.00005206736869956495
 1913.580247  4259.259259  -0.00005504096567773113
 1913.580247  4382.716049  -0.00005687301495330688
 1913.580247  4506.172840  -0.00005713260282235752
 1913.580247  4629.629630  -0.00005908812089349661
 1913.580247  4753.086420  -0.00004172320143906820
 1913.580247  4876.543210  -0.00004728874477724367

 2037.037037 -5000.000000  -0.00001732871569269379
 2037.037037 -4876.543210  -0.00003422993614765040
 2037.037037 -4753.086420  -0.00002797012494448743
 2037.037037 -4629.629630  -0.00004484041547571642
 2037.037037 -4506.172840  -0.00004352273365299275
 2037.037037 -4382.716049  -0.00004326832676414661
 2037.037037 -4259.259259  -0.00004153172815523697
 2037.037037 -4135.802469  -0.00003884151338192510
 2037.037037 -4012.345679  -0.00003475370033579056
 2037.037037 -3888.888889  -0.00003071684798599882
 2037.037037 -3765.432099  -0.00002373057648072384
 2037.037037 -3641.975309  -0.00005091280953135045
 2037.037037 -3518.518519  -0.00003385690627569418
 2037.037037 -3395.061728  -0.00003624123622110787
 2037.037037 -3271.604938  -0.00005862121065140427
 2037.037037 -3148.148148  -0.00005903480099807365
 2037.037037 -3024.691358  -0.00002918748202591823
 2037.037037 -2901.234568  0.00000431098705554708
 2037.037037 -2777.777778  -0.00002340483872368594
 2037.037037 -2654.320988  -0.00008689035873826670
 2037.037037 -2530.864198  -0.00002181578893804361
 2037.037037 -2407.407407  -0.00004501218233388053
 2037.037037 -2283.950617  -0.00003811611021085104
 2037.037037 -2160.493827  -0.00011021846579737205
 2037.037037 -2037.037037  -0.00008826384821071359
 2037.037037 -1913.580247  -0.00006794652774165209
 2037.037037 -1790.123457  -0.00004121356147901168
 2037.037037 -1666.666667  -0.00005234931887618349
 2037.037037 -1543.209877  -0.00006974141827392184
 2037.037037 -1419.753086  -0.00005353913795166647
 2037.037037 -1296.296296  -0.00005466853648980080
 2037.037037 -1172.839506  -0.00006047104348789191
 2037.037037 -1049.382716  -0.00005844850415418207
 2037.037037  -925.925926  -0.00004974734463169753
 2037.037037  -802.469136  -0.00004089551263495876
 2037.037037  -679.012346  -0.00002986811881788789
 2037.037037  -555.555556  -0.00002396227998717881
 2037.037037  -432.098765  -0.00002334254080380935
 2037.037037  -308.641975  -0.00002678738213948799
 2037.037037  -185.185185  -0.00002851618921661211
 2037.037037   -61.728395  -0.00001468253918196957
 2037.037037    61.728395  -0.00001468253918195707
 2037.037037   185.185185  -0.00002851618921631786
 2037.037037   308.641975  -0.00002678738213911009
 2037.037037   432.098765  -0.00002334254080336460
 2037.037037   555.555556  -0.00002396227998665246
 2037.037037   679.012346  -0.00002986811881721461
 2037.037037   802.469136  -0.00004089551263408246
 2037.037037   925.925926  -0.00004974734463063001
 2037.037037  1049.382716  -0.00005844850415293282
 2037.037037  1172.839506  -0.00006047104348650263
 2037.037037  1296.296296  -0.00005466853648835681
 2037.037037  1419.753086  -0.00005353913795008518
 2037.037037  1543.209877  -0.00006974141827208799
 2037.037037  1666.666667  -0.00005234931887440925
 2037.037037  1790.123457  -0.00004121356147721119
 2037.037037  1913.580247  -0.00006794652773945755
 2037.037037  2037.037037  -0.00008826384820820428
 2037.037037  2160.493827  -0.00011021846579451715
 2037.037037  2283.950617  -0.00003811611020857182
 2037.037037  2407.407407  -0.00004501218233139486
 2037.037037  2530.864198  -0.00002181578893568708
 2037.037037  2654.320988  -0.00008689035873483756
 2037.037037  2777.777778  -0.00002340483872077486
 2037.037037  2901.234568  0.00000431098705813789
 2037.037037  3024.691358  -0.00002918748202301972
 2037.037037  3148.148148  -0.00005903480099479210
 2037.037037  3271.604938  -0.00005862121064791715
 2037.037037  3395.061728  -0.00003624123621756831
 2037.037037  3518.518519  -0.00003385690627196111
 2037.037037  3641.975309  -0.00005091280952731234
 2037.037037  3765.432099  -0.00002373057647687317
 2037.037037  3888.888889  -0.00003071684798213125
 2037.037037  4012.345679  -0.00003475370033190073
 2037.037037  4135.802469  -0.00003884151337802371
 2037.037037  4259.259259  -0.00004153172815121924
 2037.037037  4382.716049  -0.00004326832675987815
 2037.037037  4506.172840  -0.00004352273364833918
 2037.037037  4629.629630  -0.00004484041547060360
 2037.037037  4753.086420  -0.00002797012493968166
 2037.037037  4876.543210  -0.00003422993614364138

 2160.493827 -5000.000000  -0.00001962751109554350
 2160.493827 -4876.543210  -0.00003374243002910831
 2160.493827 -4753.086420  -0.00002367099435781619
 2160.493827 -4629.629630  -0.00004212014251765491
 2160.493827 -4506.172840  -0.00004124822118300084
 2160.493827 -4382.716049  -0.00004190324872158543
 2160.493827 -4259.259259  -0.00004045292374211078
 2160.493827 -4135.802469  -0.00003732640675957716
 2160.493827 -4012.345679  -0.00003239710179437341
 2160.493827 -3888.888889  -0.00002757785556057662
 2160.493827 -3765.432099  -0.00001944479108036962
 2160.493827 -3641.975309  -0.00004949979756314894
 2160.493827 -3518.518519  -0.00003074180358266683
 2160.493827 -3395.061728  -0.00003377951404650268
 2160.493827 -3271.604938  -0.00005904407552781191
 2160.493827 -3148.148148  -0.00005992451319820036
 2160.493827 -3024.691358  -0.00002674514480406343
 2160.493827 -2901.234568  0.00001124228416969535
 2160.493827 -2777.777778  -0.00001928829441557852
 2160.493827 -2654.320988  -0.00009018756236235389
 2160.493827 -2530.864198  -0.00002241433210867822
 2160.493827 -2407.407407  -0.00006960129075119774
 2160.493827 -2283.950617  -0.00006117431570223529
 2160.493827 -2160.493827  -0.00014282998342641666
 2160.493827 -2037.037037  -0.00011782902470421777
 2160.493827 -1913.580247  -0.00009652238597591431
 2160.493827 -1790.123457  -0.00006675419978464229
 2160.493827 -1666.666667  -0.00007953047599858513
 2160.493827 -1543.209877  -0.00009960744486405350
 2160.493827 -1419.753086  -0.00008262971334795359
 2160.493827 -1296.296296  -0.00008486559701913189
 2160.493827 -1172.839506  -0.00009324618776199571
 2160.493827 -1049.382716  -0.00009227586568510634
 2160.493827  -925.925926  -0.00008447584878180320
 2160.493827  -802.469136  -0.00007663945413696495
 2160.493827  -679.012346  -0.00006675866604338631
 2160.493827  -555.555556  -0.00006265596309839150
 2160.493827  -432.098765  -0.00006442471263541429
 2160.493827  -308.641975  -0.00007041679680181562
 2160.493827  -185.185185  -0.00007394790098520496
 2160.493827   -61.728395  -0.00005961242839642470
 2160.493827    61.728395  -0.00005961242839640855
 2160.493827   185.185185  -0.00007394790098487287
 2160.493827   308.641975  -0.00007041679680138786
 2160.493827   432.098765  -0.00006442471263491255
 2160.493827   555.555556  -0.00006265596309780188
 2160.493827   679.012346  -0.00006675866604264954
 2160.493827   802.469136  -0.00007663945413601805
 2160.493827   925.925926  -0.00008447584878065879
 2160.493827  1049.382716  -0.00009227586568377207
 2160.493827  1172.839506  -0.00009324618776051629
 2160.493827  1296.296296  -0.00008486559701760104
 2160.493827  1419.753086  -0.00008262971334628667
 2160.493827  1543.209877  -0.00009960744486212461
 2160.493827  1666.666667  -0.00007953047599672957
 2160.493827  1790.123457  -0.00006675419978276389
 2160.493827  1913.580247  -0.00009652238597361929
 2160.493827  2037.037037  -0.00011782902470159334
 2160.493827  2160.493827  -0.00014282998342341778
 2160.493827  2283.950617  -0.00006117431569986793
 2160.493827  2407.407407  -0.00006960129074860592
 2160.493827  2530.864198  -0.00002241433210639882
 2160.493827  2654.320988  -0.00009018756235901700
 2160.493827  2777.777778  -0.00001928829441281089
 2160.493827  2901.234568  0.00001124228417213062
 2160.493827  3024.691358  -0.00002674514480128660
 2160.493827  3148.148148  -0.00005992451319502110
 2160.493827  3271.604938  -0.00005904407552444161
 2160.493827  3395.061728  -0.00003377951404311163
 2160.493827  3518.518519  -0.00003074180357909473
 2160.493827  3641.975309  -0.00004949979755926442
 2160.493827  3765.432099  -0.00001944479107668698
 2160.493827  3888.888889  -0.00002757785555686325
 2160.493827  4012.345679  -0.00003239710179062893
 2160.493827  4135.802469  -0.00003732640675580485
 2160.493827  4259.259259  -0.00004045292373821468
 2160.493827  4382.716049  -0.00004190324871745452
 2160.493827  4506.172840  -0.00004124822117851937
 2160.493827  4629.629630  -0.00004212014251273714
 2160.493827  4753.086420  -0.00002367099435320078
 2160.493827  4876.543210  -0.00003374243002519260

 2283.950617 -5000.000000  -0.00001934085175104798
 2283.950617 -4876.543210  -0.00005191044474390483
 2283.950617 -4753.086420  -0.00005020187301191086
 2283.950617 -4629.629630  -0.00006952889197515177
 2283.950617 -4506.172840  -0.00006673982993415189
 2283.950617 -4382.716049  -0.00006488288767112306
 2283.950617 -4259.259259  -0.00006200578045618515
 2283.950617 -4135.802469  -0.00005895659828226120
 2283.950617 -4012.345679  -0.00005500653471508462
 2283.950617 -3888.888889  -0.00005133365523226945
 2283.950617 -3765.432099  -0.00004390627788445414
 2283.950617 -3641.975309  -0.00007528470009185070
 2283.950617 -3518.518519  -0.00005557070970373210
 2283.950617 -3395.061728  -0.00005766443210438653
 2283.950617 -3271.604938  -0.00008253077220098454
 2283.950617 -3148.148148  -0.00008208749419531710
 2283.950617 -3024.691358  -0.00004832600679993784
 2283.950617 -2901.234568  -0.00001272308588503218
 2283.950617 -2777.777778  -0.00004476516357199285
 2283.950617 -2654.320988  -0.00011654341097589740
 2283.950617 -2530.864198  -0.00003109438893269535
 2283.950617 -2407.407407  0.00001718084809520305
 2283.950617 -2283.950617  0.00001956265287794135
 2283.950617 -2160.493827  -0.00005782410378817336
 2283.950617 -2037.037037  -0.00003634767745381941
 2283.950617 -1913.580247  -0.00000995808424034917
 2283.950617 -1790.123457  0.00001829526722819981
 2283.950617 -1666.666667  0.00000507598280912080
 2283.950617 -1543.209877  -0.00001439588145542858
 2283.950617 -1419.753086  0.00000396708328531581
 2283.950617 -1296.296296  0.00000196367551380720
 2283.950617 -1172.839506  -0.00000348695315642105
 2283.950617 -1049.382716  -0.00000278304919820039
 2283.950617  -925.925926  0.00000597023793211852
 2283.950617  -802.469136  0.00001387571391216071
 2283.950617  -679.012346  0.00002389747141121406
 2283.950617  -555.555556  0.00002773171737294379
 2283.950617  -432.098765  0.00002592125805709325
 2283.950617  -308.641975  0.00002002945854136044
 2283.950617  -185.185185  0.00001635643583267066
 2283.950617   -61.728395  0.00002987598650467180
 2283.950617    61.728395  0.00002987598650465927
 2283.950617   185.185185  0.00001635643583294336
 2283.950617   308.641975  0.00002002945854169875
 2283.950617   432.098765  0.00002592125805747871
 2283.950617   555.555556  0.00002773171737337581
 2283.950617   679.012346  0.00002389747141175952
 2283.950617   802.469136  0.00001387571391287096
 2283.950617   925.925926  0.00000597023793298465
 2283.950617  1049.382716  -0.00000278304919717226
 2283.950617  1172.839506  -0.00000348695315528653
 2283.950617  1296.296296  0.00000196367551498328
 2283.950617  1419.753086  0.00000396708328659322
 2283.950617  1543.209877  -0.00001439588145391365
 2283.950617  1666.666667  0.00000507598281053281
 2283.950617  1790.123457  0.00001829526722958907
 2283.950617  1913.580247  -0.00000995808423858401
 2283.950617  2037.037037  -0.00003634767745173091
 2283.950617  2160.493827  -0.00005782410378576983
 2283.950617  2283.950617  0.00001956265287970347
 2283.950617  2407.407407  0.00001718084809711849
 2283.950617  2530.864198  -0.00003109438893049047
 2283.950617  2654.320988  -0.00011654341097252452
 2283.950617  2777.777778  -0.00004476516356919531
 2283.950617  2901.234568  -0.00001272308588257400
 2283.950617  3024.691358  -0.00004832600679714864
 2283.950617  3148.148148  -0.00008208749419212280
 2283.950617  3271.604938  -0.00008253077219759093
 2283.950617  3395.061728  -0.00005766443210096908
 2283.950617  3518.518519  -0.00005557070970012883
 2283.950617  3641.975309  -0.00007528470008792537
 2283.950617  3765.432099  -0.00004390627788074313
 2283.950617  3888.888889  -0.00005133365522851608
 2283.950617  4012.345679  -0.00005500653471131277
 2283.950617  4135.802469  -0.00005895659827845862
 2283.950617  4259.259259  -0.00006200578045224364
 2283.950617  4382.716049  -0.00006488288766692966
 2283.950617  4506.172840  -0.00006673982992959633
 2283.950617  4629.629630  -0.00006952889197016142
 2283.950617  4753.086420  -0.00005020187300719776
 2283.950617  4876.543210  -0.00005191044473993696

 2407.407407 -5000.000000  -0.00002652045007142315
 2407.407407 -4876.543210  -0.00008424265347930101
 2407.407407 -4753.086420  -0.00007935262618624857
 2407.407407 -4629.629630  -0.00010213440132514869
 2407.407407 -4506.172840  -0.00009773524447240877
 2407.407407 -4382.716049  -0.00009671307572866961
 2407.407407 -4259.259259  -0.00009406477813006616
 2407.407407 -4135.802469  -0.00009010631357980333
 2407.407407 -4012.345679  -0.00008557512589299367
 2407.407407 -3888.888889  -0.00008161107386310322
 2407.407407 -3765.432099  -0.00007264022164524908
 2407.407407 -3641.975309  -0.00010852133904226875
 2407.407407 -3518.518519  -0.00008609963666973292
 2407.407407 -3395.061728  -0.00008880382759998877
 2407.407407 -3271.604938  -0.00011723636799358972
 2407.407407 -3148.148148  -0.00011685979874804633
 2407.407407 -3024.691358  -0.00007842495296446725
 2407.407407 -2901.234568  -0.00003792948092146323
 2407.407407 -2777.777778  -0.00007419544108138140
 2407.407407 -2654.320988  -0.00015597855180559582
 2407.407407 -2530.864198  -0.00005955250559985412
 2407.407407 -2407.407407  0.00000034180526752169
 2407.407407 -2283.950617  0.00000188663606061367
 2407.407407 -2160.493827  -0.00008635681171603943
 2407.407407 -2037.037037  -0.00006235403008324679
 2407.407407 -1913.580247  -0.00003210675731421835
 2407.407407 -1790.123457  -0.00000027238512187990
 2407.407407 -1666.666667  -0.00001572480328014787
 2407.407407 -1543.209877  -0.00003835963587842175
 2407.407407 -1419.753086  -0.00001810162744145372
 2407.407407 -1296.296296  -0.00002093697842464194
 2407.407407 -1172.839506  -0.00002981420611032309
 2407.407407 -1049.382716  -0.00002959320092486132
 2407.407407  -925.925926  -0.00002063346290506654
 2407.407407  -802.469136  -0.00001252029960901930
 2407.407407  -679.012346  -0.00000216284121394472
 2407.407407  -555.555556  0.00000132484790910736
 2407.407407  -432.098765  -0.00000155903282984753
 2407.407407  -308.641975  -0.00000899316989594985
 2407.407407  -185.185185  -0.00001373482800077869
 2407.407407   -61.728395  0.00000142179650158087
 2407.407407    61.728395  0.00000142179650156357
 2407.407407   185.185185  -0.00001373482800053109
 2407.407407   308.641975  -0.00000899316989563990
 2407.407407   432.098765  -0.00000155903282949956
 2407.407407   555.555556  0.00000132484790949519
 2407.407407   679.012346  -0.00000216284121345082
 2407.407407   802.469136  -0.00001252029960836167
 2407.407407   925.925926  -0.00002063346290425410
 2407.407407  1049.382716  -0.00002959320092389512
 2407.407407  1172.839506  -0.00002981420610925114
 2407.407407  1296.296296  -0.00002093697842354464
 2407.407407  1419.753086  -0.00001810162744025925
 2407.407407  1543.209877  -0.00003835963587700464
 2407.407407  1666.666667  -0.00001572480327884098
 2407.407407  1790.123457  -0.00000027238512059892
 2407.407407  1913.580247  -0.00003210675731256920
 2407.407407  2037.037037  -0.00006235403008128308
 2407.407407  2160.493827  -0.00008635681171377287
 2407.407407  2283.950617  0.00000188663606223772
 2407.407407  2407.407407  0.00000034180526929342
 2407.407407  2530.864198  -0.00005955250559774007
 2407.407407  2654.320988  -0.00015597855180222905
 2407.407407  2777.777778  -0.00007419544107858277
 2407.407407  2901.234568  -0.00003792948091903228
 2407.407407  3024.691358  -0.00007842495296173560
 2407.407407  3148.148148  -0.00011685979874492480
 2407.407407  3271.604938  -0.00011723636799025696
 2407.407407  3395.061728  -0.00008880382759661256
 2407.407407  3518.518519  -0.00008609963666615241
 2407.407407  3641.975309  -0.00010852133903836515
 2407.407407  3765.432099  -0.00007264022164156020
 2407.407407  3888.888889  -0.00008161107385940584
 2407.407407  4012.345679  -0.00008557512588928936
 2407.407407  4135.802469  -0.00009010631357609385
 2407.407407  4259.259259  -0.00009406477812623434
 2407.407407  4382.716049  -0.00009671307572454692
 2407.407407  4506.172840  -0.00009773524446785041
 2407.407407  4629.629630  -0.00010213440132013527
 2407.407407  4753.086420  -0.00007935262618152064
 2407.407407  4876.543210  -0.00008424265347553654

 2530.864198 -5000.000000  -0.00000501472691823872
 2530.864198 -4876.543210  -0.00003514466152287522
 2530.864198 -4753.086420  -0.00004495279697650007
 2530.864198 -4629.629630  -0.00004890081888106101
 2530.864198 -4506.172840  -0.00004240588323557485
 2530.864198 -4382.716049  -0.00003757823789846335
 2530.864198 -4259.259259  -0.00003670401194892407
 2530.864198 -4135.802469  -0.00003908634930916547
 2530.864198 -4012.345679  -0.00004202411622736000
 2530.864198 -3888.888889  -0.00004203587358345112
 2530.864198 -3765.432099  -0.00004491859464438152
 2530.864198 -3641.975309  -0.00004224071031594768
 2530.864198 -3518.518519  -0.00004158355981834204
 2530.864198 -3395.061728  -0.00003929944400207509
 2530.864198 -3271.604938  -0.00003589617348179647
 2530.864198 -3148.148148  -0.00003561651271845812
 2530.864198 -3024.691358  -0.00003907607210471408
 2530.864198 -2901.234568  -0.00004339293932264639
 2530.864198 -2777.777778  -0.00004396128918680372
 2530.864198 -2654.320988  -0.00003518372151783060
 2530.864198 -2530.864198  -0.00002218452625320810
 2530.864198 -2407.407407  -0.00003571903562943799
 2530.864198 -2283.950617  -0.00002172814458050856
 2530.864198 -2160.493827  -0.00001680490663587991
 2530.864198 -2037.037037  -0.00001685738567962994
 2530.864198 -1913.580247  -0.00002143754262517288
 2530.864198 -1790.123457  -0.00002245088620939349
 2530.864198 -1666.666667  -0.00002059165244539057
 2530.864198 -1543.209877  -0.00001773438517235976
 2530.864198 -1419.753086  -0.00001629835315800363
 2530.864198 -1296.296296  -0.00001336746471955707
 2530.864198 -1172.839506  -0.00000948181918093852
 2530.864198 -1049.382716  -0.00000771145588968369
 2530.864198  -925.925926  -0.00000722524577373664
 2530.864198  -802.469136  -0.00000696598046983139
 2530.864198  -679.012346  -0.00000667361226841366
 2530.864198  -555.555556  -0.00000557072094832092
 2530.864198  -432.098765  -0.00000352288345026220
 2530.864198  -308.641975  -0.00000093952518570416
 2530.864198  -185.185185  0.00000080684274584894
 2530.864198   -61.728395  -0.00000159488838557594
 2530.864198    61.728395  -0.00000159488838553159
 2530.864198   185.185185  0.00000080684274598483
 2530.864198   308.641975  -0.00000093952518545647
 2530.864198   432.098765  -0.00000352288344989240
 2530.864198   555.555556  -0.00000557072094783369
 2530.864198   679.012346  -0.00000667361226782143
 2530.864198   802.469136  -0.00000696598046914487
 2530.864198   925.925926  -0.00000722524577295250
 2530.864198  1049.382716  -0.00000771145588878891
 2530.864198  1172.839506  -0.00000948181917992639
 2530.864198  1296.296296  -0.00001336746471840109
 2530.864198  1419.753086  -0.00001629835315671819
 2530.864198  1543.209877  -0.00001773438517096236
 2530.864198  1666.666667  -0.00002059165244385164
 2530.864198  1790.123457  -0.00002245088620772326
 2530.864198  1913.580247  -0.00002143754262341728
 2530.864198  2037.037037  -0.00001685738567784088
 2530.864198  2160.493827  -0.00001680490663398901
 2530.864198  2283.950617  -0.00002172814457845476
 2530.864198  2407.407407  -0.00003571903562714285
 2530.864198  2530.864198  -0.00002218452625105118
 2530.864198  2654.320988  -0.00003518372151515437
 2530.864198  2777.777778  -0.00004396128918396327
 2530.864198  2901.234568  -0.00004339293931986102
 2530.864198  3024.691358  -0.00003907607210198214
 2530.864198  3148.148148  -0.00003561651271566832
 2530.864198  3271.604938  -0.00003589617347881422
 2530.864198  3395.061728  -0.00003929944399881528
 2530.864198  3518.518519  -0.00004158355981486810
 2530.864198  3641.975309  -0.00004224071031232832
 2530.864198  3765.432099  -0.00004491859464067516
 2530.864198  3888.888889  -0.00004203587357978985
 2530.864198  4012.345679  -0.00004202411622371262
 2530.864198  4135.802469  -0.00003908634930555280
 2530.864198  4259.259259  -0.00003670401194522196
 2530.864198  4382.716049  -0.00003757823789452901
 2530.864198  4506.172840  -0.00004240588323125500
 2530.864198  4629.629630  -0.00004890081887627107
 2530.864198  4753.086420  -0.00004495279697184489
 2530.864198  4876.543210  -0.00003514466151905173

 2654.320988 -5000.000000  -0.00002120879733709225
 2654.320988 -4876.543210  -0.00006708939675910922
 2654.320988 -4753.086420  -0.00003915999989354019
 2654.320988 -4629.629630  -0.00004032369960584611
 2654.320988 -4506.172840  -0.00003394539622897473
 2654.320988 -4382.716049  -0.00004075335744369317
 2654.320988 -4259.259259  -0.00004777681940204360
 2654.320988 -4135.802469  -0.00004986781150484427
 2654.320988 -4012.345679  -0.00005119316116654660
 2654.320988 -3888.888889  -0.00004862846828905552
 2654.320988 -3765.432099  -0.00004891078655153151
 2654.320988 -3641.975309  -0.00003603299799629059
 2654.320988 -3518.518519  -0.00004115224916121627
 2654.320988 -3395.061728  -0.00004137262630833125
 2654.320988 -3271.604938  -0.00003459391787134126
 2654.320988 -3148.148148  -0.00003796093493403518
 2654.320988 -3024.691358  -0.00005094986257935060
 2654.320988 -2901.234568  -0.00006031110801502397
 2654.320988 -2777.777778  -0.00004755419511637211
 2654.320988 -2654.320988  -0.00001653242983984070
 2654.320988 -2530.864198  -0.00004389129374292744
 2654.320988 -2407.407407  -0.00014839893004111039
 2654.320988 -2283.950617  -0.00012633188566201246
 2654.320988 -2160.493827  -0.00010487425872811849
 2654.320988 -2037.037037  -0.00010748351879436845
 2654.320988 -1913.580247  -0.00012354658533575796
 2654.320988 -1790.123457  -0.00013075257689114814
 2654.320988 -1666.666667  -0.00012521679930813998
 2654.320988 -1543.209877  -0.00011745961350805683
 2654.320988 -1419.753086  -0.00012093147023072437
 2654.320988 -1296.296296  -0.00011797854458438499
 2654.320988 -1172.839506  -0.00011468705429132073
 2654.320988 -1049.382716  -0.00011337671962078704
 2654.320988  -925.925926  -0.00011559131105919984
 2654.320988  -802.469136  -0.00011761656507774709
 2654.320988  -679.012346  -0.00012019982780861806
 2654.320988  -555.555556  -0.00012004641395545146
 2654.320988  -432.098765  -0.00011724315760757620
 2654.320988  -308.641975  -0.00011267734577378155
 2654.320988  -185.185185  -0.00010960994430182491
 2654.320988   -61.728395  -0.00011580770044157160
 2654.320988    61.728395  -0.00011580770044151940
 2654.320988   185.185185  -0.00010960994430166903
 2654.320988   308.641975  -0.00011267734577346619
 2654.320988   432.098765  -0.00011724315760708315
 2654.320988   555.555556  -0.00012004641395478268
 2654.320988   679.012346  -0.00012019982780781575
 2654.320988   802.469136  -0.00011761656507682368
 2654.320988   925.925926  -0.00011559131105815608
 2654.320988  1049.382716  -0.00011337671961960756
 2654.320988  1172.839506  -0.00011468705428999318
 2654.320988  1296.296296  -0.00011797854458289838
 2654.320988  1419.753086  -0.00012093147022908750
 2654.320988  1543.209877  -0.00011745961350628797
 2654.320988  1666.666667  -0.00012521679930617099
 2654.320988  1790.123457  -0.00013075257688899449
 2654.320988  1913.580247  -0.00012354658533352740
 2654.320988  2037.037037  -0.00010748351879214004
 2654.320988  2160.493827  -0.00010487425872575024
 2654.320988  2283.950617  -0.00012633188565936939
 2654.320988  2407.407407  -0.00014839893003813396
 2654.320988  2530.864198  -0.00004389129374073720
 2654.320988  2654.320988  -0.00001653242983729459
 2654.320988  2777.777778  -0.00004755419511353306
 2654.320988  2901.234568  -0.00006031110801217794
 2654.320988  3024.691358  -0.00005094986257658836
 2654.320988  3148.148148  -0.00003796093493127472
 2654.320988  3271.604938  -0.00003459391786841851
 2654.320988  3395.061728  -0.00004137262630511513
 2654.320988  3518.518519  -0.00004115224915779700
 2654.320988  3641.975309  -0.00003603299799274583
 2654.320988  3765.432099  -0.00004891078654783895
 2654.320988  3888.888889  -0.00004862846828537258
 2654.320988  4012.345679  -0.00005119316116287175
 2654.320988  4135.802469  -0.00004986781150119363
 2654.320988  4259.259259  -0.00004777681939829645
 2654.320988  4382.716049  -0.00004075335743976172
 2654.320988  4506.172840  -0.00003394539622473712
 2654.320988  4629.629630  -0.00004032369960115841
 2654.320988  4753.086420  -0.00003915999988894559
 2654.320988  4876.543210  -0.00006708939675513585

 2777.777778 -5000.000000  -0.00002134016085574339
 2777.777778 -4876.543210  -0.00009371026039550432
 2777.777778 -4753.086420  -0.00007667622716648332
 2777.777778 -4629.629630  -0.00007916211572646530
 2777.777778 -4506.172840  -0.00007005549069613206
 2777.777778 -4382.716049  -0.00007359476625229237
 2777.777778 -4259.259259  -0.00007879086017716365
 2777.777778 -4135.802469  -0.00008095767119426925
 2777.777778 -4012.345679  -0.00008361564789228930
 2777.777778 -3888.888889  -0.00008253745173602067
 2777.777778 -3765.432099  -0.00008396410619683712
 2777.777778 -3641.975309  -0.00007253269096422597
 2777.777778 -3518.518519  -0.00007668685270937627
 2777.777778 -3395.061728  -0.00007575991073491472
 2777.777778 -3271.604938  -0.00006809952774894234
 2777.777778 -3148.148148  -0.00006992108727637456
 2777.777778 -3024.691358  -0.00008244304976096684
 2777.777778 -2901.234568  -0.00009453455541465475
 2777.777778 -2777.777778  -0.00008363354180532556
 2777.777778 -2654.320988  -0.00005338523941663915
 2777.777778 -2530.864198  -0.00006300764596058578
 2777.777778 -2407.407407  -0.00007650854100120710
 2777.777778 -2283.950617  -0.00006012789657616435
 2777.777778 -2160.493827  -0.00003454770961524865
 2777.777778 -2037.037037  -0.00004062853238522491
 2777.777778 -1913.580247  -0.00005193404042442879
 2777.777778 -1790.123457  -0.00006047699610437702
 2777.777778 -1666.666667  -0.00005526271104689846
 2777.777778 -1543.209877  -0.00004702342467666975
 2777.777778 -1419.753086  -0.00004944140862050092
 2777.777778 -1296.296296  -0.00004553584664485336
 2777.777778 -1172.839506  -0.00004098923725484887
 2777.777778 -1049.382716  -0.00003913043052909200
 2777.777778  -925.925926  -0.00004057358939932139
 2777.777778  -802.469136  -0.00004204446955529205
 2777.777778  -679.012346  -0.00004397397871557021
 2777.777778  -555.555556  -0.00004331346528765240
 2777.777778  -432.098765  -0.00004001946666132049
 2777.777778  -308.641975  -0.00003502894541569453
 2777.777778  -185.185185  -0.00003168943420846729
 2777.777778   -61.728395  -0.00003788449463343331
 2777.777778    61.728395  -0.00003788449463341551
 2777.777778   185.185185  -0.00003168943420837864
 2777.777778   308.641975  -0.00003502894541548368
 2777.777778   432.098765  -0.00004001946666096756
 2777.777778   555.555556  -0.00004331346528716533
 2777.777778   679.012346  -0.00004397397871498106
 2777.777778   802.469136  -0.00004204446955461746
 2777.777778   925.925926  -0.00004057358939855872
 2777.777778  1049.382716  -0.00003913043052822306
 2777.777778  1172.839506  -0.00004098923725386678
 2777.777778  1296.296296  -0.00004553584664373479
 2777.777778  1419.753086  -0.00004944140861926307
 2777.777778  1543.209877  -0.00004702342467533223
 2777.777778  1666.666667  -0.00005526271104539605
 2777.777778  1790.123457  -0.00006047699610273468
 2777.777778  1913.580247  -0.00005193404042274740
 2777.777778  2037.037037  -0.00004062853238354555
 2777.777778  2160.493827  -0.00003454770961348807
 2777.777778  2283.950617  -0.00006012789657414026
 2777.777778  2407.407407  -0.00007650854099893520
 2777.777778  2530.864198  -0.00006300764595847870
 2777.777778  2654.320988  -0.00005338523941402239
 2777.777778  2777.777778  -0.00008363354180243304
 2777.777778  2901.234568  -0.00009453455541178724
 2777.777778  3024.691358  -0.00008244304975820675
 2777.777778  3148.148148  -0.00006992108727361144
 2777.777778  3271.604938  -0.00006809952774599678
 2777.777778  3395.061728  -0.00007575991073165948
 2777.777778  3518.518519  -0.00007668685270590237
 2777.777778  3641.975309  -0.00007253269096061236
 2777.777778  3765.432099  -0.00008396410619309538
 2777.777778  3888.888889  -0.00008253745173231037
 2777.777778  4012.345679  -0.00008361564788860350
 2777.777778  4135.802469  -0.00008095767119062212
 2777.777778  4259.259259  -0.00007879086017341960
 2777.777778  4382.716049  -0.00007359476624832599
 2777.777778  4506.172840  -0.00007005549069180095
 2777.777778  4629.629630  -0.00007916211572167070
 2777.777778  4753.086420  -0.00007667622716177178
 2777.777778  4876.543210  -0.00009371026039159703

 2901.234568 -5000.000000  -0.00001515882117475923
 2901.234568 -4876.543210  -0.00009190296626140090
 2901.234568 -4753.086420  -0.00009254486012303608
 2901.234568 -4629.629630  -0.00009559693267683881
 2901.234568 -4506.172840  -0.00008495206545132776
 2901.234568 -4382.716049  -0.00008297364854268786
 2901.234568 -4259.259259  -0.00008495664216493399
 2901.234568 -4135.802469  -0.00008774648980574491
 2901.234568 -4012.345679  -0.00009200235057682499
 2901.234568 -3888.888889  -0.00009251913490402552
 2901.234568 -3765.432099  -0.00009605050808819297
 2901.234568 -3641.975309  -0.00008596342598147205
 2901.234568 -3518.518519  -0.00008915668990718547
 2901.234568 -3395.061728  -0.00008665632675194601
 2901.234568 -3271.604938  -0.00007778660298415943
 2901.234568 -3148.148148  -0.00007801190492571902
 2901.234568 -3024.691358  -0.00008984421333936691
 2901.234568 -2901.234568  -0.00010361865253855360
 2901.234568 -2777.777778  -0.00009597039194398744
 2901.234568 -2654.320988  -0.00006796565536307738
 2901.234568 -2530.864198  -0.00006495637250018341
 2901.234568 -2407.407407  -0.00004209177562128394
 2901.234568 -2283.950617  -0.00002772818046569214
 2901.234568 -2160.493827  -0.00000204159235945844
 2901.234568 -2037.037037  -0.00000907575826948528
 2901.234568 -1913.580247  -0.00001828101667826221
 2901.234568 -1790.123457  -0.00002691230995048505
 2901.234568 -1666.666667  -0.00002213720239873258
 2901.234568 -1543.209877  -0.00001415471285992759
 2901.234568 -1419.753086  -0.00001595727467343806
 2901.234568 -1296.296296  -0.00001188558503575844
 2901.234568 -1172.839506  -0.00000672072422641620
 2901.234568 -1049.382716  -0.00000485506919781459
 2901.234568  -925.925926  -0.00000600953606243330
 2901.234568  -802.469136  -0.00000735170983803742
 2901.234568  -679.012346  -0.00000906251988520986
 2901.234568  -555.555556  -0.00000836663257628064
 2901.234568  -432.098765  -0.00000511251400007352
 2901.234568  -308.641975  -0.00000022221250074268
 2901.234568  -185.185185  0.00000303037402665399
 2901.234568   -61.728395  -0.00000302021923674198
 2901.234568    61.728395  -0.00000302021923672922
 2901.234568   185.185185  0.00000303037402672361
 2901.234568   308.641975  -0.00000022221250057509
 2901.234568   432.098765  -0.00000511251399978729
 2901.234568   555.555556  -0.00000836663257588471
 2901.234568   679.012346  -0.00000906251988472976
 2901.234568   802.469136  -0.00000735170983748988
 2901.234568   925.925926  -0.00000600953606181523
 2901.234568  1049.382716  -0.00000485506919710559
 2901.234568  1172.839506  -0.00000672072422561303
 2901.234568  1296.296296  -0.00001188558503483229
 2901.234568  1419.753086  -0.00001595727467240917
 2901.234568  1543.209877  -0.00001415471285881974
 2901.234568  1666.666667  -0.00002213720239748252
 2901.234568  1790.123457  -0.00002691230994911859
 2901.234568  1913.580247  -0.00001828101667687329
 2901.234568  2037.037037  -0.00000907575826809527
 2901.234568  2160.493827  -0.00000204159235801598
 2901.234568  2283.950617  -0.00002772818046400082
 2901.234568  2407.407407  -0.00004209177561940332
 2901.234568  2530.864198  -0.00006495637249818682
 2901.234568  2654.320988  -0.00006796565536052123
 2901.234568  2777.777778  -0.00009597039194118505
 2901.234568  2901.234568  -0.00010361865253579825
 2901.234568  3024.691358  -0.00008984421333673106
 2901.234568  3148.148148  -0.00007801190492307642
 2901.234568  3271.604938  -0.00007778660298132479
 2901.234568  3395.061728  -0.00008665632674879788
 2901.234568  3518.518519  -0.00008915668990381321
 2901.234568  3641.975309  -0.00008596342597796121
 2901.234568  3765.432099  -0.00009605050808456780
 2901.234568  3888.888889  -0.00009251913490044864
 2901.234568  4012.345679  -0.00009200235057328392
 2901.234568  4135.802469  -0.00008774648980225245
 2901.234568  4259.259259  -0.00008495664216135133
 2901.234568  4382.716049  -0.00008297364853885971
 2901.234568  4506.172840  -0.00008495206544709880
 2901.234568  4629.629630  -0.00009559693267214904
 2901.234568  4753.086420  -0.00009254486011842284
 2901.234568  4876.543210  -0.00009190296625770760

 3024.691358 -5000.000000  -0.00001142365687925954
 3024.691358 -4876.543210  -0.00007737102098361143
 3024.691358 -4753.086420  -0.00008394560723821866
 3024.691358 -4629.629630  -0.00008707832985098746
 3024.691358 -4506.172840  -0.00007664748448013654
 3024.691358 -4382.716049  -0.00007260630127747984
 3024.691358 -4259.259259  -0.00007339658360494939
 3024.691358 -4135.802469  -0.00007661129283377096
 3024.691358 -4012.345679  -0.00008124180103022963
 3024.691358 -3888.888889  -0.00008190759561156352
 3024.691358 -3765.432099  -0.00008625427221916018
 3024.691358 -3641.975309  -0.00007658531047525804
 3024.691358 -3518.518519  -0.00007943674391554537
 3024.691358 -3395.061728  -0.00007657139223207997
 3024.691358 -3271.604938  -0.00006762437245699180
 3024.691358 -3148.148148  -0.00006781970330919729
 3024.691358 -3024.691358  -0.00007913792686239297
 3024.691358 -2901.234568  -0.00009175092878121361
 3024.691358 -2777.777778  -0.00008588621811632399
 3024.691358 -2654.320988  -0.00005990057987690628
 3024.691358 -2530.864198  -0.00005947358349256180
 3024.691358 -2407.407407  -0.00008281955897925483
 3024.691358 -2283.950617  -0.00006488095119459689
 3024.691358 -2160.493827  -0.00004374222946324660
 3024.691358 -2037.037037  -0.00004842494929993841
 3024.691358 -1913.580247  -0.00005975612805337762
 3024.691358 -1790.123457  -0.00006704151111122558
 3024.691358 -1666.666667  -0.00006265572072007434
 3024.691358 -1543.209877  -0.00005568807621893728
 3024.691358 -1419.753086  -0.00005775322122653653
 3024.691358 -1296.296296  -0.00005445468210748821
 3024.691358 -1172.839506  -0.00005063607453784027
 3024.691358 -1049.382716  -0.00004932684656914535
 3024.691358  -925.925926  -0.00005103515750239673
 3024.691358  -802.469136  -0.00005281402411962303
 3024.691358  -679.012346  -0.00005495624011235607
 3024.691358  -555.555556  -0.00005473298139833736
 3024.691358  -432.098765  -0.00005205892363685405
 3024.691358  -308.641975  -0.00004777359746336768
 3024.691358  -185.185185  -0.00004491794821955777
 3024.691358   -61.728395  -0.00005069270868790911
 3024.691358    61.728395  -0.00005069270868787730
 3024.691358   185.185185  -0.00004491794821945084
 3024.691358   308.641975  -0.00004777359746315548
 3024.691358   432.098765  -0.00005205892363651822
 3024.691358   555.555556  -0.00005473298139788230
 3024.691358   679.012346  -0.00005495624011180762
 3024.691358   802.469136  -0.00005281402411899360
 3024.691358   925.925926  -0.00005103515750168333
 3024.691358  1049.382716  -0.00004932684656833082
 3024.691358  1172.839506  -0.00005063607453691969
 3024.691358  1296.296296  -0.00005445468210644445
 3024.691358  1419.753086  -0.00005775322122538414
 3024.691358  1543.209877  -0.00005568807621769864
 3024.691358  1666.666667  -0.00006265572071869152
 3024.691358  1790.123457  -0.00006704151110971440
 3024.691358  1913.580247  -0.00005975612805182498
 3024.691358  2037.037037  -0.00004842494929837734
 3024.691358  2160.493827  -0.00004374222946160547
 3024.691358  2283.950617  -0.00006488095119272721
 3024.691358  2407.407407  -0.00008281955897718688
 3024.691358  2530.864198  -0.00005947358349064919
 3024.691358  2654.320988  -0.00005990057987449683
 3024.691358  2777.777778  -0.00008588621811369739
 3024.691358  2901.234568  -0.00009175092877864080
 3024.691358  3024.691358  -0.00007913792685993042
 3024.691358  3148.148148  -0.00006781970330672520
 3024.691358  3271.604938  -0.00006762437245433635
 3024.691358  3395.061728  -0.00007657139222912496
 3024.691358  3518.518519  -0.00007943674391237417
 3024.691358  3641.975309  -0.00007658531047195656
 3024.691358  3765.432099  -0.00008625427221574972
 3024.691358  3888.888889  -0.00008190759560820298
 3024.691358  4012.345679  -0.00008124180102690285
 3024.691358  4135.802469  -0.00007661129283049405
 3024.691358  4259.259259  -0.00007339658360159121
 3024.691358  4382.716049  -0.00007260630127388194
 3024.691358  4506.172840  -0.00007664748447614476
 3024.691358  4629.629630  -0.00008707832984655143
 3024.691358  4753.086420  -0.00008394560723385830
 3024.691358  4876.543210  -0.00007737102098014907

 3148.148148 -5000.000000  -0.00001107432425857609
 3148.148148 -4876.543210  -0.00006826210539562139
 3148.148148 -4753.086420  -0.00007222995358402144
 3148.148148 -4629.629630  -0.00007484673347153284
 3148.148148 -4506.172840  -0.00006493510508109873
 3148.148148 -4382.716049  -0.00006152662539498803
 3148.148148 -4259.259259  -0.00006283897286056289
 3148.148148 -4135.802469  -0.00006629844719419995
 3148.148148 -4012.345679  -0.00007081096292508608
 3148.148148 -3888.888889  -0.00007103308782231247
 3148.148148 -3765.432099  -0.00007547872298995722
 3148.148148 -3641.975309  -0.00006472923420471328
 3148.148148 -3518.518519  -0.00006821595639405848
 3148.148148 -3395.061728  -0.00006557983668098356
 3148.148148 -3271.604938  -0.00005623868552611638
 3148.148148 -3148.148148  -0.00005706471154140718
 3148.148148 -3024.691358  -0.00006943781273432387
 3148.148148 -2901.234568  -0.00008190294310947484
 3148.148148 -2777.777778  -0.00007510670897256578
 3148.148148 -2654.320988  -0.00004715786130891150
 3148.148148 -2530.864198  -0.00005458452822736212
 3148.148148 -2407.407407  -0.00012173441954171582
 3148.148148 -2283.950617  -0.00010016236273765471
 3148.148148 -2160.493827  -0.00007959350934324826
 3148.148148 -2037.037037  -0.00008310807931773260
 3148.148148 -1913.580247  -0.00009753299131266790
 3148.148148 -1790.123457  -0.00010483897318968219
 3148.148148 -1666.666667  -0.00010016719425786273
 3148.148148 -1543.209877  -0.00009313914675152429
 3148.148148 -1419.753086  -0.00009605537765430728
 3148.148148 -1296.296296  -0.00009322554950936491
 3148.148148 -1172.839506  -0.00008999854026045341
 3148.148148 -1049.382716  -0.00008911957439969660
 3148.148148  -925.925926  -0.00009154639719033288
 3148.148148  -802.469136  -0.00009394613756672705
 3148.148148  -679.012346  -0.00009677246144779950
 3148.148148  -555.555556  -0.00009700257327043337
 3148.148148  -432.098765  -0.00009459927961578186
 3148.148148  -308.641975  -0.00009042075683998979
 3148.148148  -185.185185  -0.00008763987664970042
 3148.148148   -61.728395  -0.00009381890255391441
 3148.148148    61.728395  -0.00009381890255386621
 3148.148148   185.185185  -0.00008763987664956440
 3148.148148   308.641975  -0.00009042075683973194
 3148.148148   432.098765  -0.00009459927961538990
 3148.148148   555.555556  -0.00009700257326990974
 3148.148148   679.012346  -0.00009677246144717568
 3148.148148   802.469136  -0.00009394613756600943
 3148.148148   925.925926  -0.00009154639718952071
 3148.148148  1049.382716  -0.00008911957439877325
 3148.148148  1172.839506  -0.00008999854025941055
 3148.148148  1296.296296  -0.00009322554950818886
 3148.148148  1419.753086  -0.00009605537765301478
 3148.148148  1543.209877  -0.00009313914675013402
 3148.148148  1666.666667  -0.00010016719425631599
 3148.148148  1790.123457  -0.00010483897318798934
 3148.148148  1913.580247  -0.00009753299131092513
 3148.148148  2037.037037  -0.00008310807931598044
 3148.148148  2160.493827  -0.00007959350934139383
 3148.148148  2283.950617  -0.00010016236273557075
 3148.148148  2407.407407  -0.00012173441953940733
 3148.148148  2530.864198  -0.00005458452822548129
 3148.148148  2654.320988  -0.00004715786130660781
 3148.148148  2777.777778  -0.00007510670897004067
 3148.148148  2901.234568  -0.00008190294310699596
 3148.148148  3024.691358  -0.00006943781273194771
 3148.148148  3148.148148  -0.00005706471153902810
 3148.148148  3271.604938  -0.00005623868552356323
 3148.148148  3395.061728  -0.00006557983667814062
 3148.148148  3518.518519  -0.00006821595639100830
 3148.148148  3641.975309  -0.00006472923420153806
 3148.148148  3765.432099  -0.00007547872298667229
 3148.148148  3888.888889  -0.00007103308781907147
 3148.148148  4012.345679  -0.00007081096292187461
 3148.148148  4135.802469  -0.00006629844719103516
 3148.148148  4259.259259  -0.00006283897285731901
 3148.148148  4382.716049  -0.00006152662539151996
 3148.148148  4506.172840  -0.00006493510507725901
 3148.148148  4629.629630  -0.00007484673346725902
 3148.148148  4753.086420  -0.00007222995357981661
 3148.148148  4876.543210  -0.00006826210539223828

 3271.604938 -5000.000000  -0.00001463150050748982
 3271.604938 -4876.543210  -0.00007454208891718380
 3271.604938 -4753.086420  -0.00007054034130231893
 3271.604938 -4629.629630  -0.00007286384581015408
 3271.604938 -4506.172840  -0.00006299346864386097
 3271.604938 -4382.716049  -0.00006198049202703360
 3271.604938 -4259.259259  -0.00006490979915986166
 3271.604938 -4135.802469  -0.00006830326520144560
 3271.604938 -4012.345679  -0.00007239025582746769
 3271.604938 -3888.888889  -0.00007199977469120344
 3271.604938 -3765.432099  -0.00007577754380116414
 3271.604938 -3641.975309  -0.00006353415790303610
 3271.604938 -3518.518519  -0.00006783724693920726
 3271.604938 -3395.061728  -0.00006570646066250858
 3271.604938 -3271.604938  -0.00005622945122492897
 3271.604938 -3148.148148  -0.00005773717067166637
 3271.604938 -3024.691358  -0.00007148390194839925
 3271.604938 -2901.234568  -0.00008468006068399045
 3271.604938 -2777.777778  -0.00007565387984184225
 3271.604938 -2654.320988  -0.00004434012760757408
 3271.604938 -2530.864198  -0.00005627220702286802
 3271.604938 -2407.407407  -0.00012565537783406356
 3271.604938 -2283.950617  -0.00010330435651437703
 3271.604938 -2160.493827  -0.00007983226814225427
 3271.604938 -2037.037037  -0.00008420885430920795
 3271.604938 -1913.580247  -0.00009982373224515661
 3271.604938 -1790.123457  -0.00010825969048708997
 3271.604938 -1666.666667  -0.00010314596756200582
 3271.604938 -1543.209877  -0.00009538397065231074
 3271.604938 -1419.753086  -0.00009887547196053526
 3271.604938 -1296.296296  -0.00009592653903442308
 3271.604938 -1172.839506  -0.00009224168252733206
 3271.604938 -1049.382716  -0.00009142839332556104
 3271.604938  -925.925926  -0.00009420699753553319
 3271.604938  -802.469136  -0.00009696991896388036
 3271.604938  -679.012346  -0.00010020527215834300
 3271.604938  -555.555556  -0.00010059211409263486
 3271.604938  -432.098765  -0.00009807655313747735
 3271.604938  -308.641975  -0.00009359589909292984
 3271.604938  -185.185185  -0.00009062598471861857
 3271.604938   -61.728395  -0.00009743561205853484
 3271.604938    61.728395  -0.00009743561205848865
 3271.604938   185.185185  -0.00009062598471848656
 3271.604938   308.641975  -0.00009359589909267279
 3271.604938   432.098765  -0.00009807655313708419
 3271.604938   555.555556  -0.00010059211409210918
 3271.604938   679.012346  -0.00010020527215772177
 3271.604938   802.469136  -0.00009696991896316563
 3271.604938   925.925926  -0.00009420699753472626
 3271.604938  1049.382716  -0.00009142839332464273
 3271.604938  1172.839506  -0.00009224168252629206
 3271.604938  1296.296296  -0.00009592653903324526
 3271.604938  1419.753086  -0.00009887547195923823
 3271.604938  1543.209877  -0.00009538397065091464
 3271.604938  1666.666667  -0.00010314596756044789
 3271.604938  1790.123457  -0.00010825969048538367
 3271.604938  1913.580247  -0.00009982373224339974
 3271.604938  2037.037037  -0.00008420885430744760
 3271.604938  2160.493827  -0.00007983226814039380
 3271.604938  2283.950617  -0.00010330435651227692
 3271.604938  2407.407407  -0.00012565537783173163
 3271.604938  2530.864198  -0.00005627220702098478
 3271.604938  2654.320988  -0.00004434012760527971
 3271.604938  2777.777778  -0.00007565387983931034
 3271.604938  2901.234568  -0.00008468006068149334
 3271.604938  3024.691358  -0.00007148390194600475
 3271.604938  3148.148148  -0.00005773717066927340
 3271.604938  3271.604938  -0.00005622945122236627
 3271.604938  3395.061728  -0.00006570646065965555
 3271.604938  3518.518519  -0.00006783724693614770
 3271.604938  3641.975309  -0.00006353415789985323
 3271.604938  3765.432099  -0.00007577754379785935
 3271.604938  3888.888889  -0.00007199977468793639
 3271.604938  4012.345679  -0.00007239025582422802
 3271.604938  4135.802469  -0.00006830326519824685
 3271.604938  4259.259259  -0.00006490979915657913
 3271.604938  4382.716049  -0.00006198049202353536
 3271.604938  4506.172840  -0.00006299346864000530
 3271.604938  4629.629630  -0.00007286384580586164
 3271.604938  4753.086420  -0.00007054034129808962
 3271.604938  4876.543210  -0.00007454208891371342

 3395.061728 -5000.000000  -0.00002001894670582513
 3395.061728 -4876.543210  -0.00009173024001076070
 3395.061728 -4753.086420  -0.00007903444603779665
 3395.061728 -4629.629630  -0.00008157636097248444
 3395.061728 -4506.172840  -0.00007122173633000169
 3395.061728 -4382.716049  -0.00007291442280940797
 3395.061728 -4259.259259  -0.00007758100517182723
 3395.061728 -4135.802469  -0.00008065119857852764
 3395.061728 -4012.345679  -0.00008433619496663222
 3395.061728 -3888.888889  -0.00008345709732546265
 3395.061728 -3765.432099  -0.00008627717671913878
 3395.061728 -3641.975309  -0.00007339156681920980
 3395.061728 -3518.518519  -0.00007809545909448586
 3395.061728 -3395.061728  -0.00007655853618609752
 3395.061728 -3271.604938  -0.00006726468179258254
 3395.061728 -3148.148148  -0.00006924140645234838
 3395.061728 -3024.691358  -0.00008386823562301779
 3395.061728 -2901.234568  -0.00009803411353399059
 3395.061728 -2777.777778  -0.00008695676877589647
 3395.061728 -2654.320988  -0.00005291267342173352
 3395.061728 -2530.864198  -0.00006420411397803461
 3395.061728 -2407.407407  -0.00010320905177045940
 3395.061728 -2283.950617  -0.00008235870418227967
 3395.061728 -2160.493827  -0.00005501703382938321
 3395.061728 -2037.037037  -0.00006135906282939831
 3395.061728 -1913.580247  -0.00007617754910501204
 3395.061728 -1790.123457  -0.00008600103475505388
 3395.061728 -1666.666667  -0.00008062595243757851
 3395.061728 -1543.209877  -0.00007208047243379124
 3395.061728 -1419.753086  -0.00007565612202130470
 3395.061728 -1296.296296  -0.00007219557518428864
 3395.061728 -1172.839506  -0.00006766899109713748
 3395.061728 -1049.382716  -0.00006664998548649768
 3395.061728  -925.925926  -0.00006940635184550132
 3395.061728  -802.469136  -0.00007221936376114192
 3395.061728  -679.012346  -0.00007550435824559861
 3395.061728  -555.555556  -0.00007578697219130586
 3395.061728  -432.098765  -0.00007296416803691467
 3395.061728  -308.641975  -0.00006805465433828070
 3395.061728  -185.185185  -0.00006480676519586552
 3395.061728   -61.728395  -0.00007211128760719650
 3395.061728    61.728395  -0.00007211128760716819
 3395.061728   185.185185  -0.00006480676519576282
 3395.061728   308.641975  -0.00006805465433805735
 3395.061728   432.098765  -0.00007296416803656155
 3395.061728   555.555556  -0.00007578697219083105
 3395.061728   679.012346  -0.00007550435824503754
 3395.061728   802.469136  -0.00007221936376050123
 3395.061728   925.925926  -0.00006940635184477797
 3395.061728  1049.382716  -0.00006664998548567166
 3395.061728  1172.839506  -0.00006766899109619709
 3395.061728  1296.296296  -0.00007219557518321063
 3395.061728  1419.753086  -0.00007565612202011433
 3395.061728  1543.209877  -0.00007208047243250692
 3395.061728  1666.666667  -0.00008062595243613331
 3395.061728  1790.123457  -0.00008600103475347079
 3395.061728  1913.580247  -0.00007617754910339151
 3395.061728  2037.037037  -0.00006135906282778068
 3395.061728  2160.493827  -0.00005501703382768432
 3395.061728  2283.950617  -0.00008235870418033495
 3395.061728  2407.407407  -0.00010320905176829189
 3395.061728  2530.864198  -0.00006420411397612971
 3395.061728  2654.320988  -0.00005291267341936827
 3395.061728  2777.777778  -0.00008695676877327808
 3395.061728  2901.234568  -0.00009803411353140162
 3395.061728  3024.691358  -0.00008386823562053477
 3395.061728  3148.148148  -0.00006924140644986705
 3395.061728  3271.604938  -0.00006726468178992692
 3395.061728  3395.061728  -0.00007655853618314521
 3395.061728  3518.518519  -0.00007809545909132273
 3395.061728  3641.975309  -0.00007339156681591474
 3395.061728  3765.432099  -0.00008627717671572514
 3395.061728  3888.888889  -0.00008345709732208301
 3395.061728  4012.345679  -0.00008433619496327869
 3395.061728  4135.802469  -0.00008065119857521347
 3395.061728  4259.259259  -0.00007758100516842233
 3395.061728  4382.716049  -0.00007291442280578438
 3395.061728  4506.172840  -0.00007122173632602342
 3395.061728  4629.629630  -0.00008157636096805432
 3395.061728  4753.086420  -0.00007903444603342364
 3395.061728  4876.543210  -0.00009173024000713242

 3518.518519 -5000.000000  -0.00002485318895053801
 3518.518519 -4876.543210  -0.00010399733423805433
 3518.518519 -4753.086420  -0.00008230388963398998
 3518.518519 -4629.629630  -0.00008484197005691318
 3518.518519 -4506.172840  -0.00007425617206048373
 3518.518519 -4382.716049  -0.00007867802238035237
 3518.518519 -4259.259259  -0.00008517116648116178
 3518.518519 -4135.802469  -0.00008808786141391932
 3518.518519 -4012.345679  -0.00009128213623030035
 3518.518519 -3888.888889  -0.00008978982012248113
 3518.518519 -3765.432099  -0.00009159153359819337
 3518.518519 -3641.975309  -0.00007699536294588863
 3518.518519 -3518.518519  -0.00008243659575075845
 3518.518519 -3395.061728  -0.00008147007494008249
 3518.518519 -3271.604938  -0.00007228413434169819
 3518.518519 -3148.148148  -0.00007492904509087140
 3518.518519 -3024.691358  -0.00009069948764105418
 3518.518519 -2901.234568  -0.00010539319834712690
 3518.518519 -2777.777778  -0.00009213778041525735
 3518.518519 -2654.320988  -0.00005513350529902854
 3518.518519 -2530.864198  -0.00007022301248423235
 3518.518519 -2407.407407  -0.00010680915253678159
 3518.518519 -2283.950617  -0.00008559998557820607
 3518.518519 -2160.493827  -0.00005556625479826365
 3518.518519 -2037.037037  -0.00006280528868436521
 3518.518519 -1913.580247  -0.00007835969013249679
 3518.518519 -1790.123457  -0.00008918348655711298
 3518.518519 -1666.666667  -0.00008342024343715391
 3518.518519 -1543.209877  -0.00007419583159946037
 3518.518519 -1419.753086  -0.00007818040850366850
 3518.518519 -1296.296296  -0.00007451552229688594
 3518.518519 -1172.839506  -0.00006974257963980669
 3518.518519 -1049.382716  -0.00006866285500407340
 3518.518519  -925.925926  -0.00007163393113909906
 3518.518519  -802.469136  -0.00007464252292726274
 3518.518519  -679.012346  -0.00007816961194708924
 3518.518519  -555.555556  -0.00007846937364513890
 3518.518519  -432.098765  -0.00007544815053778601
 3518.518519  -308.641975  -0.00007019641759056403
 3518.518519  -185.185185  -0.00006672136591642582
 3518.518519   -61.728395  -0.00007452058244476619
 3518.518519    61.728395  -0.00007452058244474043
 3518.518519   185.185185  -0.00006672136591633129
 3518.518519   308.641975  -0.00007019641759034901
 3518.518519   432.098765  -0.00007544815053743863
 3518.518519   555.555556  -0.00007846937364466829
 3518.518519   679.012346  -0.00007816961194653299
 3518.518519   802.469136  -0.00007464252292663200
 3518.518519   925.925926  -0.00007163393113838634
 3518.518519  1049.382716  -0.00006866285500325804
 3518.518519  1172.839506  -0.00006974257963887481
 3518.518519  1296.296296  -0.00007451552229582436
 3518.518519  1419.753086  -0.00007818040850249428
 3518.518519  1543.209877  -0.00007419583159819202
 3518.518519  1666.666667  -0.00008342024343572240
 3518.518519  1790.123457  -0.00008918348655554301
 3518.518519  1913.580247  -0.00007835969013089628
 3518.518519  2037.037037  -0.00006280528868277115
 3518.518519  2160.493827  -0.00005556625479659301
 3518.518519  2283.950617  -0.00008559998557627992
 3518.518519  2407.407407  -0.00010680915253462298
 3518.518519  2530.864198  -0.00007022301248233179
 3518.518519  2654.320988  -0.00005513350529666648
 3518.518519  2777.777778  -0.00009213778041262434
 3518.518519  2901.234568  -0.00010539319834451515
 3518.518519  3024.691358  -0.00009069948763854956
 3518.518519  3148.148148  -0.00007492904508837116
 3518.518519  3271.604938  -0.00007228413433902496
 3518.518519  3395.061728  -0.00008147007493711275
 3518.518519  3518.518519  -0.00008243659574757796
 3518.518519  3641.975309  -0.00007699536294257799
 3518.518519  3765.432099  -0.00009159153359474414
 3518.518519  3888.888889  -0.00008978982011905489
 3518.518519  4012.345679  -0.00009128213622689721
 3518.518519  4135.802469  -0.00008808786141055020
 3518.518519  4259.259259  -0.00008517116647769807
 3518.518519  4382.716049  -0.00007867802237667717
 3518.518519  4506.172840  -0.00007425617205646413
 3518.518519  4629.629630  -0.00008484197005243878
 3518.518519  4753.086420  -0.00008230388962956739
 3518.518519  4876.543210  -0.00010399733423433743

 3641.975309 -5000.000000  -0.00002666271312002833
 3641.975309 -4876.543210  -0.00010687753034048535
 3641.975309 -4753.086420  -0.00008125330110624331
 3641.975309 -4629.629630  -0.00008367952413774869
 3641.975309 -4506.172840  -0.00007300233441816475
 3641.975309 -4382.716049  -0.00007856144447731560
 3641.975309 -4259.259259  -0.00008589315242942988
 3641.975309 -4135.802469  -0.00008886804949442824
 3641.975309 -4012.345679  -0.00009200979454583422
 3641.975309 -3888.888889  -0.00009017109461166890
 3641.975309 -3765.432099  -0.00009188884772749839
 3641.975309 -3641.975309  -0.00007647051977526778
 3641.975309 -3518.518519  -0.00008247270829479561
 3641.975309 -3395.061728  -0.00008183338808220090
 3641.975309 -3271.604938  -0.00007220411893139776
 3641.975309 -3148.148148  -0.00007540207364264932
 3641.975309 -3024.691358  -0.00009229652684998203
 3641.975309 -2901.234568  -0.00010735742832253969
 3641.975309 -2777.777778  -0.00009283882618359254
 3641.975309 -2654.320988  -0.00005335468065571090
 3641.975309 -2530.864198  -0.00007397323166405428
 3641.975309 -2407.407407  -0.00013398877372374171
 3641.975309 -2283.950617  -0.00011047231241085367
 3641.975309 -2160.493827  -0.00007949521636528688
 3641.975309 -2037.037037  -0.00008645111069608734
 3641.975309 -1913.580247  -0.00010407023459920246
 3641.975309 -1790.123457  -0.00011531408335285507
 3641.975309 -1666.666667  -0.00010915365429139295
 3641.975309 -1543.209877  -0.00009952072440423321
 3641.975309 -1419.753086  -0.00010411714790930436
 3641.975309 -1296.296296  -0.00010051987745730708
 3641.975309 -1172.839506  -0.00009610941469863447
 3641.975309 -1049.382716  -0.00009513022061389622
 3641.975309  -925.925926  -0.00009852139108893301
 3641.975309  -802.469136  -0.00010185703120742291
 3641.975309  -679.012346  -0.00010577544491190682
 3641.975309  -555.555556  -0.00010621903178911387
 3641.975309  -432.098765  -0.00010314729376531972
 3641.975309  -308.641975  -0.00009769991278760318
 3641.975309  -185.185185  -0.00009408513044382986
 3641.975309   -61.728395  -0.00010230803893507165
 3641.975309    61.728395  -0.00010230803893504339
 3641.975309   185.185185  -0.00009408513044372564
 3641.975309   308.641975  -0.00009769991278737452
 3641.975309   432.098765  -0.00010314729376494936
 3641.975309   555.555556  -0.00010621903178860812
 3641.975309   679.012346  -0.00010577544491130972
 3641.975309   802.469136  -0.00010185703120674443
 3641.975309   925.925926  -0.00009852139108816629
 3641.975309  1049.382716  -0.00009513022061301792
 3641.975309  1172.839506  -0.00009610941469763448
 3641.975309  1296.296296  -0.00010051987745618207
 3641.975309  1419.753086  -0.00010411714790805853
 3641.975309  1543.209877  -0.00009952072440289010
 3641.975309  1666.666667  -0.00010915365428987844
 3641.975309  1790.123457  -0.00011531408335119173
 3641.975309  1913.580247  -0.00010407023459750173
 3641.975309  2037.037037  -0.00008645111069439629
 3641.975309  2160.493827  -0.00007949521636350761
 3641.975309  2283.950617  -0.00011047231240881039
 3641.975309  2407.407407  -0.00013398877372144567
 3641.975309  2530.864198  -0.00007397323166216447
 3641.975309  2654.320988  -0.00005335468065339205
 3641.975309  2777.777778  -0.00009283882618099403
 3641.975309  2901.234568  -0.00010735742831995427
 3641.975309  3024.691358  -0.00009229652684750014
 3641.975309  3148.148148  -0.00007540207364017574
 3641.975309  3271.604938  -0.00007220411892875777
 3641.975309  3395.061728  -0.00008183338807926358
 3641.975309  3518.518519  -0.00008247270829165338
 3641.975309  3641.975309  -0.00007647051977199651
 3641.975309  3765.432099  -0.00009188884772409995
 3641.975309  3888.888889  -0.00009017109460828949
 3641.975309  4012.345679  -0.00009200979454247545
 3641.975309  4135.802469  -0.00008886804949110207
 3641.975309  4259.259259  -0.00008589315242600799
 3641.975309  4382.716049  -0.00007856144447368889
 3641.975309  4506.172840  -0.00007300233441420652
 3641.975309  4629.629630  -0.00008367952413334302
 3641.975309  4753.086420  -0.00008125330110188660
 3641.975309  4876.543210  -0.00010687753033680076

 3765.432099 -5000.000000  -0.00002690166859094776
 3765.432099 -4876.543210  -0.00011848961398792137
 3765.432099 -4753.086420  -0.00009814365589933700
 3765.432099 -4629.629630  -0.00010137713644331490
 3765.432099 -4506.172840  -0.00008929331838349688
 3765.432099 -4382.716049  -0.00009317258704088252
 3765.432099 -4259.259259  -0.00009981577195397391
 3765.432099 -4135.802469  -0.00010313937846963384
 3765.432099 -4012.345679  -0.00010658912019562135
 3765.432099 -3888.888889  -0.00010531918302202473
 3765.432099 -3765.432099  -0.00010792818675167390
 3765.432099 -3641.975309  -0.00009258091370979184
 3765.432099 -3518.518519  -0.00009833630489198152
 3765.432099 -3395.061728  -0.00009665372683077548
 3765.432099 -3271.604938  -0.00008711568510184934
 3765.432099 -3148.148148  -0.00008963777213631975
 3765.432099 -3024.691358  -0.00010615546848458120
 3765.432099 -2901.234568  -0.00012190693269781377
 3765.432099 -2777.777778  -0.00010858651798039949
 3765.432099 -2654.320988  -0.00007031517286315851
 3765.432099 -2530.864198  -0.00008225830226345516
 3765.432099 -2407.407407  -0.00010585684718760744
 3765.432099 -2283.950617  -0.00008424857703437040
 3765.432099 -2160.493827  -0.00005246983015715529
 3765.432099 -2037.037037  -0.00006056321431050535
 3765.432099 -1913.580247  -0.00007615261827477082
 3765.432099 -1790.123457  -0.00008769156754619071
 3765.432099 -1666.666667  -0.00008183068815479883
 3765.432099 -1543.209877  -0.00007219028243440036
 3765.432099 -1419.753086  -0.00007609816829184697
 3765.432099 -1296.296296  -0.00007227279920527191
 3765.432099 -1172.839506  -0.00006715051625280334
 3765.432099 -1049.382716  -0.00006600994133020364
 3765.432099  -925.925926  -0.00006899164706774406
 3765.432099  -802.469136  -0.00007207358171048806
 3765.432099  -679.012346  -0.00007567038150223834
 3765.432099  -555.555556  -0.00007590534986802835
 3765.432099  -432.098765  -0.00007264217639776586
 3765.432099  -308.641975  -0.00006704587303253658
 3765.432099  -185.185185  -0.00006335466554932242
 3765.432099   -61.728395  -0.00007151365258389883
 3765.432099    61.728395  -0.00007151365258387605
 3765.432099   185.185185  -0.00006335466554924820
 3765.432099   308.641975  -0.00006704587303235343
 3765.432099   432.098765  -0.00007264217639745804
 3765.432099   555.555556  -0.00007590534986760148
 3765.432099   679.012346  -0.00007567038150173321
 3765.432099   802.469136  -0.00007207358170991419
 3765.432099   925.925926  -0.00006899164706709628
 3765.432099  1049.382716  -0.00006600994132945899
 3765.432099  1172.839506  -0.00006715051625195390
 3765.432099  1296.296296  -0.00007227279920430007
 3765.432099  1419.753086  -0.00007609816829077685
 3765.432099  1543.209877  -0.00007219028243324411
 3765.432099  1666.666667  -0.00008183068815349025
 3765.432099  1790.123457  -0.00008769156754475361
 3765.432099  1913.580247  -0.00007615261827331178
 3765.432099  2037.037037  -0.00006056321430905697
 3765.432099  2160.493827  -0.00005246983015564194
 3765.432099  2283.950617  -0.00008424857703260513
 3765.432099  2407.407407  -0.00010585684718562251
 3765.432099  2530.864198  -0.00008225830226161188
 3765.432099  2654.320988  -0.00007031517286083358
 3765.432099  2777.777778  -0.00010858651797781040
 3765.432099  2901.234568  -0.00012190693269524429
 3765.432099  3024.691358  -0.00010615546848211484
 3765.432099  3148.148148  -0.00008963777213385734
 3765.432099  3271.604938  -0.00008711568509921269
 3765.432099  3395.061728  -0.00009665372682785067
 3765.432099  3518.518519  -0.00009833630488883145
 3765.432099  3641.975309  -0.00009258091370651876
 3765.432099  3765.432099  -0.00010792818674825606
 3765.432099  3888.888889  -0.00010531918301864301
 3765.432099  4012.345679  -0.00010658912019226558
 3765.432099  4135.802469  -0.00010313937846630361
 3765.432099  4259.259259  -0.00009981577195055141
 3765.432099  4382.716049  -0.00009317258703724699
 3765.432099  4506.172840  -0.00008929331837950553
 3765.432099  4629.629630  -0.00010137713643887105
 3765.432099  4753.086420  -0.00009814365589494252
 3765.432099  4876.543210  -0.00011848961398427278

 3888.888889 -5000.000000  -0.00002100375174230032
 3888.888889 -4876.543210  -0.00010904733354695227
 3888.888889 -4753.086420  -0.00010225328551178041
 3888.888889 -4629.629630  -0.00010551123693034630
 3888.888889 -4506.172840  -0.00009269616612854355
 3888.888889 -4382.716049  -0.00009235286949869582
 3888.888889 -4259.259259  -0.00009665599084737732
 3888.888889 -4135.802469  -0.00010070272649897509
 3888.888889 -4012.345679  -0.00010528129784622167
 3888.888889 -3888.888889  -0.00010507439660660927
 3888.888889 -3765.432099  -0.00010986523715780721
 3888.888889 -3641.975309  -0.00009530170338655924
 3888.888889 -3518.518519  -0.00010074485338906678
 3888.888889 -3395.061728  -0.00009776284553815625
 3888.888889 -3271.604938  -0.00008702742455222318
 3888.888889 -3148.148148  -0.00008871617913563978
 3888.888889 -3024.691358  -0.00010529110318541288
 3888.888889 -2901.234568  -0.00012193772452756801
 3888.888889 -2777.777778  -0.00011082875513110794
 3888.888889 -2654.320988  -0.00007345501134604687
 3888.888889 -2530.864198  -0.00008138708026073913
 3888.888889 -2407.407407  -0.00011523501221409038
 3888.888889 -2283.950617  -0.00009212855824859726
 3888.888889 -2160.493827  -0.00006152888808632996
 3888.888889 -2037.037037  -0.00006901516694606127
 3888.888889 -1913.580247  -0.00008533847640822602
 3888.888889 -1790.123457  -0.00009656886977719511
 3888.888889 -1666.666667  -0.00009081428088745978
 3888.888889 -1543.209877  -0.00008139710295355923
 3888.888889 -1419.753086  -0.00008530112437718873
 3888.888889 -1296.296296  -0.00008165150278442852
 3888.888889 -1172.839506  -0.00007678015396551836
 3888.888889 -1049.382716  -0.00007584510952424746
 3888.888889  -925.925926  -0.00007891009025970906
 3888.888889  -802.469136  -0.00008212266804306300
 3888.888889  -679.012346  -0.00008582651161909992
 3888.888889  -555.555556  -0.00008616911610711956
 3888.888889  -432.098765  -0.00008297571932142122
 3888.888889  -308.641975  -0.00007742431150973230
 3888.888889  -185.185185  -0.00007377763429040245
 3888.888889   -61.728395  -0.00008195305616284753
 3888.888889    61.728395  -0.00008195305616281585
 3888.888889   185.185185  -0.00007377763429032382
 3888.888889   308.641975  -0.00007742431150955575
 3888.888889   432.098765  -0.00008297571932111881
 3888.888889   555.555556  -0.00008616911610669131
 3888.888889   679.012346  -0.00008582651161858879
 3888.888889   802.469136  -0.00008212266804247996
 3888.888889   925.925926  -0.00007891009025905354
 3888.888889  1049.382716  -0.00007584510952349442
 3888.888889  1172.839506  -0.00007678015396466340
 3888.888889  1296.296296  -0.00008165150278346030
 3888.888889  1419.753086  -0.00008530112437612699
 3888.888889  1543.209877  -0.00008139710295241454
 3888.888889  1666.666667  -0.00009081428088616406
 3888.888889  1790.123457  -0.00009656886977576736
 3888.888889  1913.580247  -0.00008533847640677068
 3888.888889  2037.037037  -0.00006901516694461550
 3888.888889  2160.493827  -0.00006152888808481845
 3888.888889  2283.950617  -0.00009212855824684125
 3888.888889  2407.407407  -0.00011523501221211987
 3888.888889  2530.864198  -0.00008138708025895660
 3888.888889  2654.320988  -0.00007345501134378783
 3888.888889  2777.777778  -0.00011082875512860705
 3888.888889  2901.234568  -0.00012193772452510081
 3888.888889  3024.691358  -0.00010529110318304835
 3888.888889  3148.148148  -0.00008871617913327605
 3888.888889  3271.604938  -0.00008702742454968168
 3888.888889  3395.061728  -0.00009776284553532486
 3888.888889  3518.518519  -0.00010074485338600789
 3888.888889  3641.975309  -0.00009530170338338549
 3888.888889  3765.432099  -0.00010986523715450088
 3888.888889  3888.888889  -0.00010507439660336504
 3888.888889  4012.345679  -0.00010528129784300626
 3888.888889  4135.802469  -0.00010070272649578854
 3888.888889  4259.259259  -0.00009665599084410714
 3888.888889  4382.716049  -0.00009235286949520136
 3888.888889  4506.172840  -0.00009269616612467326
 3888.888889  4629.629630  -0.00010551123692603431
 3888.888889  4753.086420  -0.00010225328550751873
 3888.888889  4876.543210  -0.00010904733354351814

 4012.345679 -5000.000000  -0.00001860990190126379
 4012.345679 -4876.543210  -0.00010802924263717940
 4012.345679 -4753.086420  -0.00010923447230351710
 4012.345679 -4629.629630  -0.00011324992568654875
 4012.345679 -4506.172840  -0.00009961959092557220
 4012.345679 -4382.716049  -0.00009669580163129128
 4012.345679 -4259.259259  -0.00009959776397451783
 4012.345679 -4135.802469  -0.00010407342026922797
 4012.345679 -4012.345679  -0.00010942082815877205
 4012.345679 -3888.888889  -0.00010976989638653923
 4012.345679 -3765.432099  -0.00011567041227094257
 4012.345679 -3641.975309  -0.00010167264425956694
 4012.345679 -3518.518519  -0.00010670194733206497
 4012.345679 -3395.061728  -0.00010306404657376274
 4012.345679 -3271.604938  -0.00009184140899798965
 4012.345679 -3148.148148  -0.00009298239209051522
 4012.345679 -3024.691358  -0.00010918073129441934
 4012.345679 -2901.234568  -0.00012598998065798907
 4012.345679 -2777.777778  -0.00011664163321747223
 4012.345679 -2654.320988  -0.00008071439199638015
 4012.345679 -2530.864198  -0.00008572116395122540
 4012.345679 -2407.407407  -0.00012669411906595613
 4012.345679 -2283.950617  -0.00010276503892016147
 4012.345679 -2160.493827  -0.00007383266812538502
 4012.345679 -2037.037037  -0.00008064680736599573
 4012.345679 -1913.580247  -0.00009713564431238472
 4012.345679 -1790.123457  -0.00010781700359547854
 4012.345679 -1666.666667  -0.00010226068464611964
 4012.345679 -1543.209877  -0.00009321318503504691
 4012.345679 -1419.753086  -0.00009694308819197137
 4012.345679 -1296.296296  -0.00009343001964862477
 4012.345679 -1172.839506  -0.00008872401873570214
 4012.345679 -1049.382716  -0.00008786326714303920
 4012.345679  -925.925926  -0.00009091750360531539
 4012.345679  -802.469136  -0.00009411953220236593
 4012.345679  -679.012346  -0.00009778740988484635
 4012.345679  -555.555556  -0.00009816906488468565
 4012.345679  -432.098765  -0.00009508620640056946
 4012.345679  -308.641975  -0.00008968691410581267
 4012.345679  -185.185185  -0.00008613723682777696
 4012.345679   -61.728395  -0.00009414782495639031
 4012.345679    61.728395  -0.00009414782495635798
 4012.345679   185.185185  -0.00008613723682769594
 4012.345679   308.641975  -0.00008968691410563717
 4012.345679   432.098765  -0.00009508620640027364
 4012.345679   555.555556  -0.00009816906488426481
 4012.345679   679.012346  -0.00009778740988434397
 4012.345679   802.469136  -0.00009411953220179183
 4012.345679   925.925926  -0.00009091750360466827
 4012.345679  1049.382716  -0.00008786326714229636
 4012.345679  1172.839506  -0.00008872401873485854
 4012.345679  1296.296296  -0.00009343001964767805
 4012.345679  1419.753086  -0.00009694308819093414
 4012.345679  1543.209877  -0.00009321318503392703
 4012.345679  1666.666667  -0.00010226068464485383
 4012.345679  1790.123457  -0.00010781700359408361
 4012.345679  1913.580247  -0.00009713564431095870
 4012.345679  2037.037037  -0.00008064680736457086
 4012.345679  2160.493827  -0.00007383266812389274
 4012.345679  2283.950617  -0.00010276503891844248
 4012.345679  2407.407407  -0.00012669411906403872
 4012.345679  2530.864198  -0.00008572116394948513
 4012.345679  2654.320988  -0.00008071439199417608
 4012.345679  2777.777778  -0.00011664163321504820
 4012.345679  2901.234568  -0.00012598998065560670
 4012.345679  3024.691358  -0.00010918073129213706
 4012.345679  3148.148148  -0.00009298239208823072
 4012.345679  3271.604938  -0.00009184140899552810
 4012.345679  3395.061728  -0.00010306404657101567
 4012.345679  3518.518519  -0.00010670194732909503
 4012.345679  3641.975309  -0.00010167264425648422
 4012.345679  3765.432099  -0.00011567041226773580
 4012.345679  3888.888889  -0.00010976989638339785
 4012.345679  4012.345679  -0.00010942082815565722
 4012.345679  4135.802469  -0.00010407342026614333
 4012.345679  4259.259259  -0.00009959776397135260
 4012.345679  4382.716049  -0.00009669580162789744
 4012.345679  4506.172840  -0.00009961959092179550
 4012.345679  4629.629630  -0.00011324992568234400
 4012.345679  4753.086420  -0.00010923447229937289
 4012.345679  4876.543210  -0.00010802924263390017

 4135.802469 -5000.000000  -0.00001480135699882892
 4135.802469 -4876.543210  -0.00010169986692995827
 4135.802469 -4753.086420  -0.00011177706877466902
 4135.802469 -4629.629630  -0.00011594342809239000
 4135.802469 -4506.172840  -0.00010188561985883557
 4135.802469 -4382.716049  -0.00009621317055747703
 4135.802469 -4259.259259  -0.00009758479671629390
 4135.802469 -4135.802469  -0.00010256917628400377
 4135.802469 -4012.345679  -0.00010871908291320260
 4135.802469 -3888.888889  -0.00010977127000421975
 4135.802469 -3765.432099  -0.00011680138771109581
 4135.802469 -3641.975309  -0.00010290704589433171
 4135.802469 -3518.518519  -0.00010768814996662608
 4135.802469 -3395.061728  -0.00010328497691921137
 4135.802469 -3271.604938  -0.00009136330364762443
 4135.802469 -3148.148148  -0.00009192762764739974
 4135.802469 -3024.691358  -0.00010803889875125050
 4135.802469 -2901.234568  -0.00012533127473201606
 4135.802469 -2777.777778  -0.00011756535462268436
 4135.802469 -2654.320988  -0.00008251544174906917
 4135.802469 -2530.864198  -0.00008493115908400865
 4135.802469 -2407.407407  -0.00013345172259167731
 4135.802469 -2283.950617  -0.00010862329329335794
 4135.802469 -2160.493827  -0.00008079580880623511
 4135.802469 -2037.037037  -0.00008712337347562300
 4135.802469 -1913.580247  -0.00010404243473341694
 4135.802469 -1790.123457  -0.00011442408309877537
 4135.802469 -1666.666667  -0.00010899787079262624
 4135.802469 -1543.209877  -0.00010019766903933705
 4135.802469 -1419.753086  -0.00010391366101298283
 4135.802469 -1296.296296  -0.00010055976832759860
 4135.802469 -1172.839506  -0.00009602190380416094
 4135.802469 -1049.382716  -0.00009528383614651013
 4135.802469  -925.925926  -0.00009843239531175883
 4135.802469  -802.469136  -0.00010172718428731777
 4135.802469  -679.012346  -0.00010547102876782240
 4135.802469  -555.555556  -0.00010595056685359211
 4135.802469  -432.098765  -0.00010298242023009540
 4135.802469  -308.641975  -0.00009769820618480435
 4135.802469  -185.185185  -0.00009422285841986829
 4135.802469   -61.728395  -0.00010218815175511592
 4135.802469    61.728395  -0.00010218815175506941
 4135.802469   185.185185  -0.00009422285841977345
 4135.802469   308.641975  -0.00009769820618461928
 4135.802469   432.098765  -0.00010298242022979082
 4135.802469   555.555556  -0.00010595056685316293
 4135.802469   679.012346  -0.00010547102876730932
 4135.802469   802.469136  -0.00010172718428673222
 4135.802469   925.925926  -0.00009843239531110275
 4135.802469  1049.382716  -0.00009528383614575825
 4135.802469  1172.839506  -0.00009602190380330663
 4135.802469  1296.296296  -0.00010055976832664381
 4135.802469  1419.753086  -0.00010391366101193486
 4135.802469  1543.209877  -0.00010019766903820700
 4135.802469  1666.666667  -0.00010899787079135310
 4135.802469  1790.123457  -0.00011442408309737391
 4135.802469  1913.580247  -0.00010404243473197931
 4135.802469  2037.037037  -0.00008712337347418188
 4135.802469  2160.493827  -0.00008079580880472019
 4135.802469  2283.950617  -0.00010862329329162645
 4135.802469  2407.407407  -0.00013345172258975900
 4135.802469  2530.864198  -0.00008493115908229876
 4135.802469  2654.320988  -0.00008251544174690471
 4135.802469  2777.777778  -0.00011756535462032025
 4135.802469  2901.234568  -0.00012533127472970341
 4135.802469  3024.691358  -0.00010803889874903678
 4135.802469  3148.148148  -0.00009192762764518202
 4135.802469  3271.604938  -0.00009136330364522681
 4135.802469  3395.061728  -0.00010328497691653256
 4135.802469  3518.518519  -0.00010768814996372498
 4135.802469  3641.975309  -0.00010290704589131958
 4135.802469  3765.432099  -0.00011680138770795478
 4135.802469  3888.888889  -0.00010977127000114910
 4135.802469  4012.345679  -0.00010871908291015995
 4135.802469  4135.802469  -0.00010256917628099294
 4135.802469  4259.259259  -0.00009758479671320711
 4135.802469  4382.716049  -0.00009621317055415458
 4135.802469  4506.172840  -0.00010188561985511788
 4135.802469  4629.629630  -0.00011594342808825222
 4135.802469  4753.086420  -0.00011177706877059880
 4135.802469  4876.543210  -0.00010169986692681055

 4259.259259 -5000.000000  -0.00001292115436158755
 4259.259259 -4876.543210  -0.00009932978266545822
 4259.259259 -4753.086420  -0.00011394586393752050
 4259.259259 -4629.629630  -0.00011806652595778575
 4259.259259 -4506.172840  -0.00010367502108837558
 4259.259259 -4382.716049  -0.00009664585456393865
 4259.259259 -4259.259259  -0.00009736253973644938
 4259.259259 -4135.802469  -0.00010273439088662908
 4259.259259 -4012.345679  -0.00010948961680046119
 4259.259259 -3888.888889  -0.00011095269815547324
 4259.259259 -3765.432099  -0.00011881968720811056
 4259.259259 -3641.975309  -0.00010476331257441100
 4259.259259 -3518.518519  -0.00010963303469887124
 4259.259259 -3395.061728  -0.00010480497353211048
 4259.259259 -3271.604938  -0.00009205303784917049
 4259.259259 -3148.148148  -0.00009242711092155451
 4259.259259 -3024.691358  -0.00010918784537961486
 4259.259259 -2901.234568  -0.00012743852442940353
 4259.259259 -2777.777778  -0.00011999936217207351
 4259.259259 -2654.320988  -0.00008385783205546193
 4259.259259 -2530.864198  -0.00008558746341455331
 4259.259259 -2407.407407  -0.00013961218830504558
 4259.259259 -2283.950617  -0.00011354836436479814
 4259.259259 -2160.493827  -0.00008501205437923573
 4259.259259 -2037.037037  -0.00009145026360803438
 4259.259259 -1913.580247  -0.00010929199335839347
 4259.259259 -1790.123457  -0.00012003233691910464
 4259.259259 -1666.666667  -0.00011446188506304296
 4259.259259 -1543.209877  -0.00010543753349786214
 4259.259259 -1419.753086  -0.00010938590676524663
 4259.259259 -1296.296296  -0.00010600933743046639
 4259.259259 -1172.839506  -0.00010138899390146940
 4259.259259 -1049.382716  -0.00010072527632307011
 4259.259259  -925.925926  -0.00010410051670943503
 4259.259259  -802.469136  -0.00010762108080200601
 4259.259259  -679.012346  -0.00011160744265750755
 4259.259259  -555.555556  -0.00011220015240823893
 4259.259259  -432.098765  -0.00010920904738345831
 4259.259259  -308.641975  -0.00010380108692161856
 4259.259259  -185.185185  -0.00010024452846189210
 4259.259259   -61.728395  -0.00010851736961870366
 4259.259259    61.728395  -0.00010851736961864433
 4259.259259   185.185185  -0.00010024452846178144
 4259.259259   308.641975  -0.00010380108692141900
 4259.259259   432.098765  -0.00010920904738313788
 4259.259259   555.555556  -0.00011220015240778987
 4259.259259   679.012346  -0.00011160744265696989
 4259.259259   802.469136  -0.00010762108080139261
 4259.259259   925.925926  -0.00010410051670874836
 4259.259259  1049.382716  -0.00010072527632228424
 4259.259259  1172.839506  -0.00010138899390057969
 4259.259259  1296.296296  -0.00010600933742946736
 4259.259259  1419.753086  -0.00010938590676415305
 4259.259259  1543.209877  -0.00010543753349668056
 4259.259259  1666.666667  -0.00011446188506171497
 4259.259259  1790.123457  -0.00012003233691764375
 4259.259259  1913.580247  -0.00010929199335689226
 4259.259259  2037.037037  -0.00009145026360652708
 4259.259259  2160.493827  -0.00008501205437764951
 4259.259259  2283.950617  -0.00011354836436299709
 4259.259259  2407.407407  -0.00013961218830305393
 4259.259259  2530.864198  -0.00008558746341280788
 4259.259259  2654.320988  -0.00008385783205325355
 4259.259259  2777.777778  -0.00011999936216967300
 4259.259259  2901.234568  -0.00012743852442706515
 4259.259259  3024.691358  -0.00010918784537737754
 4259.259259  3148.148148  -0.00009242711091930759
 4259.259259  3271.604938  -0.00009205303784673784
 4259.259259  3395.061728  -0.00010480497352939192
 4259.259259  3518.518519  -0.00010963303469592551
 4259.259259  3641.975309  -0.00010476331257134939
 4259.259259  3765.432099  -0.00011881968720492533
 4259.259259  3888.888889  -0.00011095269815236799
 4259.259259  4012.345679  -0.00010948961679738482
 4259.259259  4135.802469  -0.00010273439088358698
 4259.259259  4259.259259  -0.00009736253973333183
 4259.259259  4382.716049  -0.00009664585456057432
 4259.259259  4506.172840  -0.00010367502108460231
 4259.259259  4629.629630  -0.00011806652595358997
 4259.259259  4753.086420  -0.00011394586393340060
 4259.259259  4876.543210  -0.00009932978266231607

 4382.716049 -5000.000000  -0.00002095772649069762
 4382.716049 -4876.543210  -0.00011199350501943448
 4382.716049 -4753.086420  -0.00010795224631575187
 4382.716049 -4629.629630  -0.00011168911704975786
 4382.716049 -4506.172840  -0.00009814809437734032
 4382.716049 -4382.716049  -0.00009703075150977078
 4382.716049 -4259.259259  -0.00010136614593163065
 4382.716049 -4135.802469  -0.00010617867537625259
 4382.716049 -4012.345679  -0.00011158775526099569
 4382.716049 -3888.888889  -0.00011162520259815451
 4382.716049 -3765.432099  -0.00011741520280223932
 4382.716049 -3641.975309  -0.00010156676401869737
 4382.716049 -3518.518519  -0.00010760737593522962
 4382.716049 -3395.061728  -0.00010426655898428194
 4382.716049 -3271.604938  -0.00009229270827878369
 4382.716049 -3148.148148  -0.00009418366540115638
 4382.716049 -3024.691358  -0.00011246490454591789
 4382.716049 -2901.234568  -0.00013062162046251257
 4382.716049 -2777.777778  -0.00011915132803703856
 4382.716049 -2654.320988  -0.00007870150330357998
 4382.716049 -2530.864198  -0.00008939205067265119
 4382.716049 -2407.407407  -0.00014770609412865563
 4382.716049 -2283.950617  -0.00012108808424075217
 4382.716049 -2160.493827  -0.00008911768839158512
 4382.716049 -2037.037037  -0.00009654664618898388
 4382.716049 -1913.580247  -0.00011565631924269609
 4382.716049 -1790.123457  -0.00012766120840428837
 4382.716049 -1666.666667  -0.00012151150454055659
 4382.716049 -1543.209877  -0.00011158198113732927
 4382.716049 -1419.753086  -0.00011619634937591056
 4382.716049 -1296.296296  -0.00011262169926437502
 4382.716049 -1172.839506  -0.00010762852748354922
 4382.716049 -1049.382716  -0.00010694186762960933
 4382.716049  -925.925926  -0.00011064481514274813
 4382.716049  -802.469136  -0.00011447407607453506
 4382.716049  -679.012346  -0.00011884140766782134
 4382.716049  -555.555556  -0.00011952361640035838
 4382.716049  -432.098765  -0.00011634034612196936
 4382.716049  -308.641975  -0.00011054663218630716
 4382.716049  -185.185185  -0.00010673848827650838
 4382.716049   -61.728395  -0.00011565478196069452
 4382.716049    61.728395  -0.00011565478196062860
 4382.716049   185.185185  -0.00010673848827638735
 4382.716049   308.641975  -0.00011054663218608769
 4382.716049   432.098765  -0.00011634034612162089
 4382.716049   555.555556  -0.00011952361639987305
 4382.716049   679.012346  -0.00011884140766724683
 4382.716049   802.469136  -0.00011447407607387957
 4382.716049   925.925926  -0.00011064481514201592
 4382.716049  1049.382716  -0.00010694186762877227
 4382.716049  1172.839506  -0.00010762852748260177
 4382.716049  1296.296296  -0.00011262169926330726
 4382.716049  1419.753086  -0.00011619634937473968
 4382.716049  1543.209877  -0.00011158198113605834
 4382.716049  1666.666667  -0.00012151150453912783
 4382.716049  1790.123457  -0.00012766120840272040
 4382.716049  1913.580247  -0.00011565631924108582
 4382.716049  2037.037037  -0.00009654664618737286
 4382.716049  2160.493827  -0.00008911768838989049
 4382.716049  2283.950617  -0.00012108808423883668
 4382.716049  2407.407407  -0.00014770609412651824
 4382.716049  2530.864198  -0.00008939205067082068
 4382.716049  2654.320988  -0.00007870150330128710
 4382.716049  2777.777778  -0.00011915132803453085
 4382.716049  2901.234568  -0.00013062162046005202
 4382.716049  3024.691358  -0.00011246490454355327
 4382.716049  3148.148148  -0.00009418366539879020
 4382.716049  3271.604938  -0.00009229270827623690
 4382.716049  3395.061728  -0.00010426655898145010
 4382.716049  3518.518519  -0.00010760737593216821
 4382.716049  3641.975309  -0.00010156676401551316
 4382.716049  3765.432099  -0.00011741520279892495
 4382.716049  3888.888889  -0.00011162520259490403
 4382.716049  4012.345679  -0.00011158775525776385
 4382.716049  4135.802469  -0.00010617867537304517
 4382.716049  4259.259259  -0.00010136614592834169
 4382.716049  4382.716049  -0.00009703075150625238
 4382.716049  4506.172840  -0.00009814809437344121
 4382.716049  4629.629630  -0.00011168911704543185
 4382.716049  4753.086420  -0.00010795224631150426
 4382.716049  4876.543210  -0.00011199350501607641

 4506.172840 -5000.000000  -0.00003580030803245205
 4506.172840 -4876.543210  -0.00013886782609940206
 4506.172840 -4753.086420  -0.00010255683896305889
 4506.172840 -4629.629630  -0.00010610091010004050
 4506.172840 -4506.172840  -0.00009359429233094892
 4506.172840 -4382.716049  -0.00010258042731726142
 4506.172840 -4259.259259  -0.00011311470536300734
 4506.172840 -4135.802469  -0.00011689050869921230
 4506.172840 -4012.345679  -0.00011991988714232251
 4506.172840 -3888.888889  -0.00011745688700906956
 4506.172840 -3765.432099  -0.00011950522973879827
 4506.172840 -3641.975309  -0.00010061649637360479
 4506.172840 -3518.518519  -0.00010848359461879702
 4506.172840 -3395.061728  -0.00010766871118305604
 4506.172840 -3271.604938  -0.00009732215162443253
 4506.172840 -3148.148148  -0.00010170314722462870
 4506.172840 -3024.691358  -0.00012214724961654883
 4506.172840 -2901.234568  -0.00013979272903783061
 4506.172840 -2777.777778  -0.00012172845222876561
 4506.172840 -2654.320988  -0.00007478442832893801
 4506.172840 -2530.864198  -0.00009956317805339291
 4506.172840 -2407.407407  -0.00015998724187970398
 4506.172840 -2283.950617  -0.00013297078314281109
 4506.172840 -2160.493827  -0.00009566432286104112
 4506.172840 -2037.037037  -0.00010469722402044823
 4506.172840 -1913.580247  -0.00012532747884330520
 4506.172840 -1790.123457  -0.00013921647776468906
 4506.172840 -1666.666667  -0.00013217766201577047
 4506.172840 -1543.209877  -0.00012083596460517985
 4506.172840 -1419.753086  -0.00012633136066162880
 4506.172840 -1296.296296  -0.00012237026592067609
 4506.172840 -1172.839506  -0.00011674769742816388
 4506.172840 -1049.382716  -0.00011592436167469018
 4506.172840  -925.925926  -0.00011999751168530826
 4506.172840  -802.469136  -0.00012417209882305264
 4506.172840  -679.012346  -0.00012898949161591679
 4506.172840  -555.555556  -0.00012970807389366660
 4506.172840  -432.098765  -0.00012616369806398700
 4506.172840  -308.641975  -0.00011974310523309544
 4506.172840  -185.185185  -0.00011552236643397340
 4506.172840   -61.728395  -0.00012535156484344356
 4506.172840    61.728395  -0.00012535156484338176
 4506.172840   185.185185  -0.00011552236643384919
 4506.172840   308.641975  -0.00011974310523285831
 4506.172840   432.098765  -0.00012616369806360778
 4506.172840   555.555556  -0.00012970807389314540
 4506.172840   679.012346  -0.00012898949161530552
 4506.172840   802.469136  -0.00012417209882235487
 4506.172840   925.925926  -0.00011999751168452523
 4506.172840  1049.382716  -0.00011592436167379143
 4506.172840  1172.839506  -0.00011674769742714381
 4506.172840  1296.296296  -0.00012237026591953201
 4506.172840  1419.753086  -0.00012633136066037064
 4506.172840  1543.209877  -0.00012083596460380630
 4506.172840  1666.666667  -0.00013217766201422231
 4506.172840  1790.123457  -0.00013921647776298627
 4506.172840  1913.580247  -0.00012532747884156070
 4506.172840  2037.037037  -0.00010469722401871533
 4506.172840  2160.493827  -0.00009566432285922159
 4506.172840  2283.950617  -0.00013297078314075436
 4506.172840  2407.407407  -0.00015998724187738314
 4506.172840  2530.864198  -0.00009956317805142836
 4506.172840  2654.320988  -0.00007478442832650928
 4506.172840  2777.777778  -0.00012172845222608160
 4506.172840  2901.234568  -0.00013979272903516657
 4506.172840  3024.691358  -0.00012214724961397551
 4506.172840  3148.148148  -0.00010170314722206197
 4506.172840  3271.604938  -0.00009732215162169586
 4506.172840  3395.061728  -0.00010766871118003493
 4506.172840  3518.518519  -0.00010848359461554487
 4506.172840  3641.975309  -0.00010061649637022056
 4506.172840  3765.432099  -0.00011950522973526452
 4506.172840  3888.888889  -0.00011745688700556697
 4506.172840  4012.345679  -0.00011991988713882649
 4506.172840  4135.802469  -0.00011689050869572565
 4506.172840  4259.259259  -0.00011311470535942541
 4506.172840  4382.716049  -0.00010258042731347907
 4506.172840  4506.172840  -0.00009359429232683475
 4506.172840  4629.629630  -0.00010610091009548611
 4506.172840  4753.086420  -0.00010255683895858788
 4506.172840  4876.543210  -0.00013886782609565825

 4629.629630 -5000.000000  -0.00004207257408610858
 4629.629630 -4876.543210  -0.00016325787520252936
 4629.629630 -4753.086420  -0.00012110053210224463
 4629.629630 -4629.629630  -0.00012577822336572067
 4629.629630 -4506.172840  -0.00011149229719073399
 4629.629630 -4382.716049  -0.00012209032529219001
 4629.629630 -4259.259259  -0.00013422752281525609
 4629.629630 -4135.802469  -0.00013834678805719846
 4629.629630 -4012.345679  -0.00014161973681780070
 4629.629630 -3888.888889  -0.00013875800928159665
 4629.629630 -3765.432099  -0.00014078711538988365
 4629.629630 -3641.975309  -0.00011988821041251387
 4629.629630 -3518.518519  -0.00012856251202139686
 4629.629630 -3395.061728  -0.00012781277294998734
 4629.629630 -3271.604938  -0.00011666967726700871
 4629.629630 -3148.148148  -0.00012162001070058125
 4629.629630 -3024.691358  -0.00014408412374888345
 4629.629630 -2901.234568  -0.00016337003492609807
 4629.629630 -2777.777778  -0.00014333046011172622
 4629.629630 -2654.320988  -0.00009168042990633180
 4629.629630 -2530.864198  -0.00011890247882270510
 4629.629630 -2407.407407  -0.00018297200208872906
 4629.629630 -2283.950617  -0.00015326644997532761
 4629.629630 -2160.493827  -0.00011219017590611668
 4629.629630 -2037.037037  -0.00012219126817124631
 4629.629630 -1913.580247  -0.00014472885972692005
 4629.629630 -1790.123457  -0.00015999398979752867
 4629.629630 -1666.666667  -0.00015225060074268337
 4629.629630 -1543.209877  -0.00013974342167577192
 4629.629630 -1419.753086  -0.00014567896622425083
 4629.629630 -1296.296296  -0.00014124144482743572
 4629.629630 -1172.839506  -0.00013499136737807520
 4629.629630 -1049.382716  -0.00013401135574437142
 4629.629630  -925.925926  -0.00013841611705867076
 4629.629630  -802.469136  -0.00014293823872503942
 4629.629630  -679.012346  -0.00014816254619614649
 4629.629630  -555.555556  -0.00014888493629372116
 4629.629630  -432.098765  -0.00014492210278371228
 4629.629630  -308.641975  -0.00013780162148253327
 4629.629630  -185.185185  -0.00013311248489518258
 4629.629630   -61.728395  -0.00014390542070299528
 4629.629630    61.728395  -0.00014390542070293622
 4629.629630   185.185185  -0.00013311248489505237
 4629.629630   308.641975  -0.00013780162148227857
 4629.629630   432.098765  -0.00014492210278331020
 4629.629630   555.555556  -0.00014888493629317153
 4629.629630   679.012346  -0.00014816254619550223
 4629.629630   802.469136  -0.00014293823872430595
 4629.629630   925.925926  -0.00013841611705784257
 4629.629630  1049.382716  -0.00013401135574341404
 4629.629630  1172.839506  -0.00013499136737698557
 4629.629630  1296.296296  -0.00014124144482622182
 4629.629630  1419.753086  -0.00014567896622291149
 4629.629630  1543.209877  -0.00013974342167430835
 4629.629630  1666.666667  -0.00015225060074103121
 4629.629630  1790.123457  -0.00015999398979571220
 4629.629630  1913.580247  -0.00014472885972505729
 4629.629630  2037.037037  -0.00012219126816938924
 4629.629630  2160.493827  -0.00011219017590417016
 4629.629630  2283.950617  -0.00015326644997312898
 4629.629630  2407.407407  -0.00018297200208626573
 4629.629630  2530.864198  -0.00011890247882056940
 4629.629630  2654.320988  -0.00009168042990369269
 4629.629630  2777.777778  -0.00014333046010881780
 4629.629630  2901.234568  -0.00016337003492321005
 4629.629630  3024.691358  -0.00014408412374608933
 4629.629630  3148.148148  -0.00012162001069778956
 4629.629630  3271.604938  -0.00011666967726403323
 4629.629630  3395.061728  -0.00012781277294670668
 4629.629630  3518.518519  -0.00012856251201786640
 4629.629630  3641.975309  -0.00011988821040883931
 4629.629630  3765.432099  -0.00014078711538604972
 4629.629630  3888.888889  -0.00013875800927779015
 4629.629630  4012.345679  -0.00014161973681400445
 4629.629630  4135.802469  -0.00013834678805341432
 4629.629630  4259.259259  -0.00013422752281136853
 4629.629630  4382.716049  -0.00012209032528808991
 4629.629630  4506.172840  -0.00011149229718628300
 4629.629630  4629.629630  -0.00012577822336079961
 4629.629630  4753.086420  -0.00012110053209741291
 4629.629630  4876.543210  -0.00016325787519846382

 4753.086420 -5000.000000  -0.00004015924524859220
 4753.086420 -4876.543210  -0.00015972978326242467
 4753.086420 -4753.086420  -0.00011933776003890091
 4753.086420 -4629.629630  -0.00012318185710826675
 4753.086420 -4506.172840  -0.00010947959318180322
 4753.086420 -4382.716049  -0.00011988732582073239
 4753.086420 -4259.259259  -0.00013168599946872792
 4753.086420 -4135.802469  -0.00013563136462339085
 4753.086420 -4012.345679  -0.00013889526602997354
 4753.086420 -3888.888889  -0.00013648062897743559
 4753.086420 -3765.432099  -0.00013838527257643428
 4753.086420 -3641.975309  -0.00011782165326033230
 4753.086420 -3518.518519  -0.00012639157571468537
 4753.086420 -3395.061728  -0.00012554126916304578
 4753.086420 -3271.604938  -0.00011440833696676557
 4753.086420 -3148.148148  -0.00011907728395825559
 4753.086420 -3024.691358  -0.00014134121748257667
 4753.086420 -2901.234568  -0.00016104903110483951
 4753.086420 -2777.777778  -0.00014110579914623794
 4753.086420 -2654.320988  -0.00008977550748607247
 4753.086420 -2530.864198  -0.00011387142732342854
 4753.086420 -2407.407407  -0.00015440372261403217
 4753.086420 -2283.950617  -0.00012693609743254588
 4753.086420 -2160.493827  -0.00008473973528273970
 4753.086420 -2037.037037  -0.00009571860792114036
 4753.086420 -1913.580247  -0.00011690730409014056
 4753.086420 -1790.123457  -0.00013257814998580281
 4753.086420 -1666.666667  -0.00012494994078044762
 4753.086420 -1543.209877  -0.00011237869389854440
 4753.086420 -1419.753086  -0.00011819529162134414
 4753.086420 -1296.296296  -0.00011362148257824214
 4753.086420 -1172.839506  -0.00010732252875953441
 4753.086420 -1049.382716  -0.00010624222371504066
 4753.086420  -925.925926  -0.00011049017567353425
 4753.086420  -802.469136  -0.00011486992378570104
 4753.086420  -679.012346  -0.00011994074987538673
 4753.086420  -555.555556  -0.00012054961591901818
 4753.086420  -432.098765  -0.00011650714451013739
 4753.086420  -308.641975  -0.00010934059249567956
 4753.086420  -185.185185  -0.00010461648912705517
 4753.086420   -61.728395  -0.00011531335532097307
 4753.086420    61.728395  -0.00011531335532091227
 4753.086420   185.185185  -0.00010461648912693376
 4753.086420   308.641975  -0.00010934059249544388
 4753.086420   432.098765  -0.00011650714450976996
 4753.086420   555.555556  -0.00012054961591851545
 4753.086420   679.012346  -0.00011994074987480015
 4753.086420   802.469136  -0.00011486992378503535
 4753.086420   925.925926  -0.00011049017567278224
 4753.086420  1049.382716  -0.00010624222371416693
 4753.086420  1172.839506  -0.00010732252875853774
 4753.086420  1296.296296  -0.00011362148257712044
 4753.086420  1419.753086  -0.00011819529162010856
 4753.086420  1543.209877  -0.00011237869389718918
 4753.086420  1666.666667  -0.00012494994077891304
 4753.086420  1790.123457  -0.00013257814998411663
 4753.086420  1913.580247  -0.00011690730408841417
 4753.086420  2037.037037  -0.00009571860791941746
 4753.086420  2160.493827  -0.00008473973528093659
 4753.086420  2283.950617  -0.00012693609743049595
 4753.086420  2407.407407  -0.00015440372261174071
 4753.086420  2530.864198  -0.00011387142732137625
 4753.086420  2654.320988  -0.00008977550748350448
 4753.086420  2777.777778  -0.00014110579914340432
 4753.086420  2901.234568  -0.00016104903110202736
 4753.086420  3024.691358  -0.00014134121747985914
 4753.086420  3148.148148  -0.00011907728395553931
 4753.086420  3271.604938  -0.00011440833696386892
 4753.086420  3395.061728  -0.00012554126915984866
 4753.086420  3518.518519  -0.00012639157571124105
 4753.086420  3641.975309  -0.00011782165325674843
 4753.086420  3765.432099  -0.00013838527257269823
 4753.086420  3888.888889  -0.00013648062897373306
 4753.086420  4012.345679  -0.00013889526602628966
 4753.086420  4135.802469  -0.00013563136461972289
 4753.086420  4259.259259  -0.00013168599946496233
 4753.086420  4382.716049  -0.00011988732581675654
 4753.086420  4506.172840  -0.00010947959317748226
 4753.086420  4629.629630  -0.00012318185710349176
 4753.086420  4753.086420  -0.00011933776003419854
 4753.086420  4876.543210  -0.00015972978325849181

 4876.543210 -5000.000000  0.00000151589610151190
 4876.543210 -4876.543210  -0.00010278295645380788
 4876.543210 -4753.086420  -0.00016509932105882865
 4876.543210 -4629.629630  -0.00017194194006869623
 4876.543210 -4506.172840  -0.00015239261995960538
 4876.543210 -4382.716049  -0.00013053967580691403
 4876.543210 -4259.259259  -0.00012337654953625322
 4876.543210 -4135.802469  -0.00013136983454728788
 4876.543210 -4012.345679  -0.00014306156067861347
 4876.543210 -3888.888889  -0.00014859964463306597
 4876.543210 -3765.432099  -0.00016334805086149203
 4876.543210 -3641.975309  -0.00015107423598394634
 4876.543210 -3518.518519  -0.00015432573236596941
 4876.543210 -3395.061728  -0.00014504921104140989
 4876.543210 -3271.604938  -0.00012776523646777432
 4876.543210 -3148.148148  -0.00012476170183814764
 4876.543210 -3024.691358  -0.00014175175978879800
 4876.543210 -2901.234568  -0.00016452628159570979
 4876.543210 -2777.777778  -0.00016515192472159814
 4876.543210 -2654.320988  -0.00013139223646331025
 4876.543210 -2530.864198  -0.00011151705848320950
 4876.543210 -2407.407407  -0.00016129647072530962
 4876.543210 -2283.950617  -0.00013135667915143551
 4876.543210 -2160.493827  -0.00010452022973981354
 4876.543210 -2037.037037  -0.00011044676076399495
 4876.543210 -1913.580247  -0.00012904538668335384
 4876.543210 -1790.123457  -0.00013939027565051644
 4876.543210 -1666.666667  -0.00013410774814199338
 4876.543210 -1543.209877  -0.00012531944983537426
 4876.543210 -1419.753086  -0.00012860463555225659
 4876.543210 -1296.296296  -0.00012499095787667206
 4876.543210 -1172.839506  -0.00012031176364454206
 4876.543210 -1049.382716  -0.00011962923515468137
 4876.543210  -925.925926  -0.00012300874266717610
 4876.543210  -802.469136  -0.00012662454884571504
 4876.543210  -679.012346  -0.00013062967161139841
 4876.543210  -555.555556  -0.00013118269668984975
 4876.543210  -432.098765  -0.00012801345817223567
 4876.543210  -308.641975  -0.00012233412263638801
 4876.543210  -185.185185  -0.00011857435814882511
 4876.543210   -61.728395  -0.00012708952611148073
 4876.543210    61.728395  -0.00012708952611140806
 4876.543210   185.185185  -0.00011857435814869226
 4876.543210   308.641975  -0.00012233412263619575
 4876.543210   432.098765  -0.00012801345817195283
 4876.543210   555.555556  -0.00013118269668945689
 4876.543210   679.012346  -0.00013062967161093394
 4876.543210   802.469136  -0.00012662454884517212
 4876.543210   925.925926  -0.00012300874266655816
 4876.543210  1049.382716  -0.00011962923515396358
 4876.543210  1172.839506  -0.00012031176364372036
 4876.543210  1296.296296  -0.00012499095787575865
 4876.543210  1419.753086  -0.00012860463555126157
 4876.543210  1543.209877  -0.00012531944983429569
 4876.543210  1666.666667  -0.00013410774814078495
 4876.543210  1790.123457  -0.00013939027564918404
 4876.543210  1913.580247  -0.00012904538668197395
 4876.543210  2037.037037  -0.00011044676076257116
 4876.543210  2160.493827  -0.00010452022973831490
 4876.543210  2283.950617  -0.00013135667914975491
 4876.543210  2407.407407  -0.00016129647072355164
 4876.543210  2530.864198  -0.00011151705848149753
 4876.543210  2654.320988  -0.00013139223646109065
 4876.543210  2777.777778  -0.00016515192471926600
 4876.543210  2901.234568  -0.00016452628159349008
 4876.543210  3024.691358  -0.00014175175978668199
 4876.543210  3148.148148  -0.00012476170183599612
 4876.543210  3271.604938  -0.00012776523646540190
 4876.543210  3395.061728  -0.00014504921103872858
 4876.543210  3518.518519  -0.00015432573236304518
 4876.543210  3641.975309  -0.00015107423598090727
 4876.543210  3765.432099  -0.00016334805085836584
 4876.543210  3888.888889  -0.00014859964463007736
 4876.543210  4012.345679  -0.00014306156067568933
 4876.543210  4135.802469  -0.00013136983454443366
 4876.543210  4259.259259  -0.00012337654953334618
 4876.543210  4382.716049  -0.00013053967580370349
 4876.543210  4506.172840  -0.00015239261995589191
 4876.543210  4629.629630  -0.00017194194006456780
 4876.543210  4753.086420  -0.00016509932105478263
 4876.543210  4876.543210  -0.00010278295645107336

