-5000.000000 -5000.000000  -0.00000882851862779365
-5000.000000 -4876.543210  -0.00002919128084271547
-5000.000000 -4753.086420  -0.00001778696075555328
-5000.000000 -4629.629630  -0.00001465969520636977
-5000.000000 -4506.172840  -0.00001635639095335049
-5000.000000 -4382.716049  -0.00002126590636538568
-5000.000000 -4259.259259  -0.00002331570807618263
-5000.000000 -4135.802469  -0.00002126786053069616
-5000.000000 -4012.345679  -0.00001990144833337094
-5000.000000 -3888.888889  -0.00002088757028532971
-5000.000000 -3765.432099  -0.00001717231792282465
-5000.000000 -3641.975309  -0.00001832817165256891
-5000.000000 -3518.518519  -0.00001766036439966919
-5000.000000 -3395.061728  -0.00001880706464883836
-5000.000000 -3271.604938  -0.00002024878438534783
-5000.000000 -3148.148148  -0.00002133103209502566
-5000.000000 -3024.691358  -0.00002076526208965153
-5000.000000 -2901.234568  -0.00001922005718460885
-5000.000000 -2777.777778  -0.00001844488507888418
-5000.000000 -2654.320988  -0.00001876914188850750
-5000.000000 -2530.864198  -0.00001852799535203382
-5000.000000 -2407.407407  -0.00001952064297750182
-5000.000000 -2283.950617  -0.00001788426711114085
-5000.000000 -2160.493827  -0.00001942994397744193
-5000.000000 -2037.037037  -0.00001905888954726337
-5000.000000 -1913.580247  -0.00001896034469255189
-5000.000000 -1790.123457  -0.00001853871924407869
-5000.000000 -1666.666667  -0.00001889316496931135
-5000.000000 -1543.209877  -0.00001924690447301105
-5000.000000 -1419.753086  -0.00001872491908588098
-5000.000000 -1296.296296  -0.00001873014265722007
-5000.000000 -1172.839506  -0.00001876451869622817
-5000.000000 -1049.382716  -0.00001887857979236210
-5000.000000  -925.925926  -0.00001880702953248619
-5000.000000  -802.469136  -0.00001885383958601345
-5000.000000  -679.012346  -0.00001883307327806004
-5000.000000  -555.555556  -0.00001885697661579555
-5000.000000  -432.098765  -0.00001884189985104145
-5000.000000  -308.641975  -0.00001881953399984083
-5000.000000  -185.185185  -0.00001882681253688852
-5000.000000   -61.728395  -0.00001883389690699076
-5000.000000    61.728395  -0.00001883389690698516
-5000.000000   185.185185  -0.00001882681253688152
-5000.000000   308.641975  -0.00001881953399983504
-5000.000000   432.098765  -0.00001884189985103819
-5000.000000   555.555556  -0.00001885697661579239
-5000.000000   679.012346  -0.00001883307327805972
-5000.000000   802.469136  -0.00001885383958601471
-5000.000000   925.925926  -0.00001880702953248956
-5000.000000  1049.382716  -0.00001887857979236807
-5000.000000  1172.839506  -0.00001876451869623384
-5000.000000  1296.296296  -0.00001873014265722770
-5000.000000  1419.753086  -0.00001872491908588936
-5000.000000  1543.209877  -0.00001924690447302226
-5000.000000  1666.666667  -0.00001889316496932259
-5000.000000  1790.123457  -0.00001853871924408882
-5000.000000  1913.580247  -0.00001896034469256533
-5000.000000  2037.037037  -0.00001905888954727900
-5000.000000  2160.493827  -0.00001942994397746014
-5000.000000  2283.950617  -0.00001788426711115532
-5000.000000  2407.407407  -0.00001952064297751928
-5000.000000  2530.864198  -0.00001852799535206955
-5000.000000  2654.320988  -0.00001876914188853944
-5000.000000  2777.777778  -0.00001844488507890815
-5000.000000  2901.234568  -0.00001922005718463494
-5000.000000  3024.691358  -0.00002076526208968581
-5000.000000  3148.148148  -0.00002133103209506675
-5000.000000  3271.604938  -0.00002024878438538959
-5000.000000  3395.061728  -0.00001880706464887724
-5000.000000  3518.518519  -0.00001766036439970613
-5000.000000  3641.975309  -0.00001832817165260819
-5000.000000  3765.432099  -0.00001717231792285874
-5000.000000  3888.888889  -0.00002088757028537102
-5000.000000  4012.345679  -0.00001990144833341122
-5000.000000  4135.802469  -0.00002126786053074155
-5000.000000  4259.259259  -0.00002331570807623428
-5000.000000  4382.716049  -0.00002126590636543591
-5000.000000  4506.172840  -0.00001635639095339536
-5000.000000  4629.629630  -0.00001465969520641440
-5000.000000  4753.086420  -0.00001778696075560263
-5000.000000  4876.543210  -0.00002919128084278498

-4876.543210 -5000.000000  -0.00002649761577582060
-4876.543210 -4876.543210  -0.00004593365624683884
-4876.543210 -4753.086420  -0.00003595334930255313
-4876.543210 -4629.629630  -0.00004001412247477011
-4876.543210 -4506.172840  -0.00003692571601914561
-4876.543210 -4382.716049  -0.00003836924199656120
-4876.543210 -4259.259259  -0.00004103869686435489
-4876.543210 -4135.802469  -0.00004183701457649520
-4876.543210 -4012.345679  -0.00004204192314829652
-4876.543210 -3888.888889  -0.00004033219702462903
-4876.543210 -3765.432099  -0.00004030456818516918
-4876.543210 -3641.975309  -0.00003868675191380133
-4876.543210 -3518.518519  -0.00003907090820913815
-4876.543210 -3395.061728  -0.00003948095195158673
-4876.543210 -3271.604938  -0.00003954449789733066
-4876.543210 -3148.148148  -0.00004042281669387535
-4876.543210 -3024.691358  -0.00004176800538933456
-4876.543210 -2901.234568  -0.00004225497236506058
-4876.543210 -2777.777778  -0.00004048838857276667
-4876.543210 -2654.320988  -0.00003700418615688953
-4876.543210 -2530.864198  -0.00003914079319903720
-4876.543210 -2407.407407  -0.00004667321532187617
-4876.543210 -2283.950617  -0.00004338435062147404
-4876.543210 -2160.493827  -0.00004180818610290426
-4876.543210 -2037.037037  -0.00004194775505868366
-4876.543210 -1913.580247  -0.00004356176625962344
-4876.543210 -1790.123457  -0.00004446128675324537
-4876.543210 -1666.666667  -0.00004431988155635016
-4876.543210 -1543.209877  -0.00004357474056113080
-4876.543210 -1419.753086  -0.00004314415063752695
-4876.543210 -1296.296296  -0.00004398099999884426
-4876.543210 -1172.839506  -0.00004243310341603795
-4876.543210 -1049.382716  -0.00004323922749193251
-4876.543210  -925.925926  -0.00004297860717438275
-4876.543210  -802.469136  -0.00004343999763488994
-4876.543210  -679.012346  -0.00004380438250853062
-4876.543210  -555.555556  -0.00004405013790863074
-4876.543210  -432.098765  -0.00004367981368418765
-4876.543210  -308.641975  -0.00004302669157810336
-4876.543210  -185.185185  -0.00004280783671359480
-4876.543210   -61.728395  -0.00004366749999546306
-4876.543210    61.728395  -0.00004366749999546758
-4876.543210   185.185185  -0.00004280783671360337
-4876.543210   308.641975  -0.00004302669157811283
-4876.543210   432.098765  -0.00004367981368420147
-4876.543210   555.555556  -0.00004405013790865081
-4876.543210   679.012346  -0.00004380438250856163
-4876.543210   802.469136  -0.00004343999763492915
-4876.543210   925.925926  -0.00004297860717442685
-4876.543210  1049.382716  -0.00004323922749198093
-4876.543210  1172.839506  -0.00004243310341608747
-4876.543210  1296.296296  -0.00004398099999891652
-4876.543210  1419.753086  -0.00004314415063760147
-4876.543210  1543.209877  -0.00004357474056120357
-4876.543210  1666.666667  -0.00004431988155642309
-4876.543210  1790.123457  -0.00004446128675332284
-4876.543210  1913.580247  -0.00004356176625971404
-4876.543210  2037.037037  -0.00004194775505878643
-4876.543210  2160.493827  -0.00004180818610301123
-4876.543210  2283.950617  -0.00004338435062157707
-4876.543210  2407.407407  -0.00004667321532197573
-4876.543210  2530.864198  -0.00003914079319917726
-4876.543210  2654.320988  -0.00003700418615704076
-4876.543210  2777.777778  -0.00004048838857291952
-4876.543210  2901.234568  -0.00004225497236521530
-4876.543210  3024.691358  -0.00004176800538949282
-4876.543210  3148.148148  -0.00004042281669404277
-4876.543210  3271.604938  -0.00003954449789750732
-4876.543210  3395.061728  -0.00003948095195176934
-4876.543210  3518.518519  -0.00003907090820932342
-4876.543210  3641.975309  -0.00003868675191398691
-4876.543210  3765.432099  -0.00004030456818536917
-4876.543210  3888.888889  -0.00004033219702483192
-4876.543210  4012.345679  -0.00004204192314849121
-4876.543210  4135.802469  -0.00004183701457669234
-4876.543210  4259.259259  -0.00004103869686456436
-4876.543210  4382.716049  -0.00003836924199678397
-4876.543210  4506.172840  -0.00003692571601938132
-4876.543210  4629.629630  -0.00004001412247502037
-4876.543210  4753.086420  -0.00003595334930279215
-4876.543210  4876.543210  -0.00004593365624706519

-4753.086420 -5000.000000  -0.00001250694084608763
-4753.086420 -4876.543210  -0.00002615767597252984
-4753.086420 -4753.086420  -0.00001948951411206742
-4753.086420 -4629.629630  -0.00001991067964802899
-4753.086420 -4506.172840  -0.00001889854965051605
-4753.086420 -4382.716049  -0.00002078042961263426
-4753.086420 -4259.259259  -0.00002271988650113523
-4753.086420 -4135.802469  -0.00002289511779766320
-4753.086420 -4012.345679  -0.00002227740712632563
-4753.086420 -3888.888889  -0.00002178401324534684
-4753.086420 -3765.432099  -0.00002192565535256281
-4753.086420 -3641.975309  -0.00002020224803072195
-4753.086420 -3518.518519  -0.00002081899487704214
-4753.086420 -3395.061728  -0.00002054004449757911
-4753.086420 -3271.604938  -0.00002085082019120448
-4753.086420 -3148.148148  -0.00002163934233835264
-4753.086420 -3024.691358  -0.00002283225157490819
-4753.086420 -2901.234568  -0.00002308497525346322
-4753.086420 -2777.777778  -0.00002159354799080043
-4753.086420 -2654.320988  -0.00001899145785492622
-4753.086420 -2530.864198  -0.00001999248040231098
-4753.086420 -2407.407407  -0.00002423335615551166
-4753.086420 -2283.950617  -0.00002147260965204624
-4753.086420 -2160.493827  -0.00002022685568016077
-4753.086420 -2037.037037  -0.00002039262290800293
-4753.086420 -1913.580247  -0.00002165442152306970
-4753.086420 -1790.123457  -0.00002240345032647803
-4753.086420 -1666.666667  -0.00002233321043521385
-4753.086420 -1543.209877  -0.00002175302178012836
-4753.086420 -1419.753086  -0.00002135525224878396
-4753.086420 -1296.296296  -0.00002202838666529325
-4753.086420 -1172.839506  -0.00002076745090377029
-4753.086420 -1049.382716  -0.00002145319687501524
-4753.086420  -925.925926  -0.00002122924341348114
-4753.086420  -802.469136  -0.00002162264504834508
-4753.086420  -679.012346  -0.00002193160285391687
-4753.086420  -555.555556  -0.00002214008194557598
-4753.086420  -432.098765  -0.00002182823147372669
-4753.086420  -308.641975  -0.00002128461524089771
-4753.086420  -185.185185  -0.00002111107534631565
-4753.086420   -61.728395  -0.00002182034296075935
-4753.086420    61.728395  -0.00002182034296076432
-4753.086420   185.185185  -0.00002111107534632533
-4753.086420   308.641975  -0.00002128461524090862
-4753.086420   432.098765  -0.00002182823147374335
-4753.086420   555.555556  -0.00002214008194560202
-4753.086420   679.012346  -0.00002193160285395531
-4753.086420   802.469136  -0.00002162264504839216
-4753.086420   925.925926  -0.00002122924341353104
-4753.086420  1049.382716  -0.00002145319687506483
-4753.086420  1172.839506  -0.00002076745090382165
-4753.086420  1296.296296  -0.00002202838666536838
-4753.086420  1419.753086  -0.00002135525224886188
-4753.086420  1543.209877  -0.00002175302178020628
-4753.086420  1666.666667  -0.00002233321043529219
-4753.086420  1790.123457  -0.00002240345032656031
-4753.086420  1913.580247  -0.00002165442152316219
-4753.086420  2037.037037  -0.00002039262290810409
-4753.086420  2160.493827  -0.00002022685568026704
-4753.086420  2283.950617  -0.00002147260965215038
-4753.086420  2407.407407  -0.00002423335615561753
-4753.086420  2530.864198  -0.00001999248040244507
-4753.086420  2654.320988  -0.00001899145785508272
-4753.086420  2777.777778  -0.00002159354799096110
-4753.086420  2901.234568  -0.00002308497525362348
-4753.086420  3024.691358  -0.00002283225157507001
-4753.086420  3148.148148  -0.00002163934233852190
-4753.086420  3271.604938  -0.00002085082019138414
-4753.086420  3395.061728  -0.00002054004449776737
-4753.086420  3518.518519  -0.00002081899487723550
-4753.086420  3641.975309  -0.00002020224803091624
-4753.086420  3765.432099  -0.00002192565535277790
-4753.086420  3888.888889  -0.00002178401324556506
-4753.086420  4012.345679  -0.00002227740712652994
-4753.086420  4135.802469  -0.00002289511779787091
-4753.086420  4259.259259  -0.00002271988650135899
-4753.086420  4382.716049  -0.00002078042961287392
-4753.086420  4506.172840  -0.00001889854965076789
-4753.086420  4629.629630  -0.00001991067964829404
-4753.086420  4753.086420  -0.00001948951411233066
-4753.086420  4876.543210  -0.00002615767597277002

-4629.629630 -5000.000000  -0.00000686015463400357
-4629.629630 -4876.543210  -0.00002244668743920782
-4629.629630 -4753.086420  -0.00001264323695178668
-4629.629630 -4629.629630  -0.00000951780309796947
-4629.629630 -4506.172840  -0.00001079742804778914
-4629.629630 -4382.716049  -0.00001510328058186293
-4629.629630 -4259.259259  -0.00001738105005384173
-4629.629630 -4135.802469  -0.00001621066916761329
-4629.629630 -4012.345679  -0.00001454357755399563
-4629.629630 -3888.888889  -0.00001513124451014461
-4629.629630 -3765.432099  -0.00001359147969851051
-4629.629630 -3641.975309  -0.00001301262165926601
-4629.629630 -3518.518519  -0.00001327994334672248
-4629.629630 -3395.061728  -0.00001336213389323906
-4629.629630 -3271.604938  -0.00001459082770052849
-4629.629630 -3148.148148  -0.00001580106466677820
-4629.629630 -3024.691358  -0.00001635033039678917
-4629.629630 -2901.234568  -0.00001551952020116187
-4629.629630 -2777.777778  -0.00001398385272222633
-4629.629630 -2654.320988  -0.00001256656464216408
-4629.629630 -2530.864198  -0.00001284683705022471
-4629.629630 -2407.407407  -0.00001490625781762919
-4629.629630 -2283.950617  -0.00001209963417019174
-4629.629630 -2160.493827  -0.00001220168284630778
-4629.629630 -2037.037037  -0.00001213437975289934
-4629.629630 -1913.580247  -0.00001286115986686336
-4629.629630 -1790.123457  -0.00001313316931879337
-4629.629630 -1666.666667  -0.00001333483642063670
-4629.629630 -1543.209877  -0.00001317199142872247
-4629.629630 -1419.753086  -0.00001255550068726538
-4629.629630 -1296.296296  -0.00001304501315779771
-4629.629630 -1172.839506  -0.00001219458042951676
-4629.629630 -1049.382716  -0.00001274665829380383
-4629.629630  -925.925926  -0.00001254806991412681
-4629.629630  -802.469136  -0.00001284843018376494
-4629.629630  -679.012346  -0.00001304335055121450
-4629.629630  -555.555556  -0.00001320562545832943
-4629.629630  -432.098765  -0.00001298876477147685
-4629.629630  -308.641975  -0.00001260629446669338
-4629.629630  -185.185185  -0.00001249234744590146
-4629.629630   -61.728395  -0.00001299161551712510
-4629.629630    61.728395  -0.00001299161551712625
-4629.629630   185.185185  -0.00001249234744590729
-4629.629630   308.641975  -0.00001260629446669961
-4629.629630   432.098765  -0.00001298876477148936
-4629.629630   555.555556  -0.00001320562545835268
-4629.629630   679.012346  -0.00001304335055125149
-4629.629630   802.469136  -0.00001284843018381189
-4629.629630   925.925926  -0.00001254806991417663
-4629.629630  1049.382716  -0.00001274665829385188
-4629.629630  1172.839506  -0.00001219458042956615
-4629.629630  1296.296296  -0.00001304501315786972
-4629.629630  1419.753086  -0.00001255550068733997
-4629.629630  1543.209877  -0.00001317199142880026
-4629.629630  1666.666667  -0.00001333483642071606
-4629.629630  1790.123457  -0.00001313316931887676
-4629.629630  1913.580247  -0.00001286115986695593
-4629.629630  2037.037037  -0.00001213437975299977
-4629.629630  2160.493827  -0.00001220168284641327
-4629.629630  2283.950617  -0.00001209963417029384
-4629.629630  2407.407407  -0.00001490625781773776
-4629.629630  2530.864198  -0.00001284683705036046
-4629.629630  2654.320988  -0.00001256656464232269
-4629.629630  2777.777778  -0.00001398385272238605
-4629.629630  2901.234568  -0.00001551952020132094
-4629.629630  3024.691358  -0.00001635033039695301
-4629.629630  3148.148148  -0.00001580106466695205
-4629.629630  3271.604938  -0.00001459082770071355
-4629.629630  3395.061728  -0.00001336213389343204
-4629.629630  3518.518519  -0.00001327994334691988
-4629.629630  3641.975309  -0.00001301262165946514
-4629.629630  3765.432099  -0.00001359147969872744
-4629.629630  3888.888889  -0.00001513124451036641
-4629.629630  4012.345679  -0.00001454357755420355
-4629.629630  4135.802469  -0.00001621066916782636
-4629.629630  4259.259259  -0.00001738105005407230
-4629.629630  4382.716049  -0.00001510328058210716
-4629.629630  4506.172840  -0.00001079742804804139
-4629.629630  4629.629630  -0.00000951780309823431
-4629.629630  4753.086420  -0.00001264323695205749
-4629.629630  4876.543210  -0.00002244668743946322

-4506.172840 -5000.000000  -0.00000609582031783267
-4506.172840 -4876.543210  -0.00001174708385594296
-4506.172840 -4753.086420  -0.00000410613532642752
-4506.172840 -4629.629630  -0.00000265980641085870
-4506.172840 -4506.172840  -0.00000338795974733567
-4506.172840 -4382.716049  -0.00000623531825452860
-4506.172840 -4259.259259  -0.00000803295269659691
-4506.172840 -4135.802469  -0.00000761547465431182
-4506.172840 -4012.345679  -0.00000648054857861186
-4506.172840 -3888.888889  -0.00000634899670174760
-4506.172840 -3765.432099  -0.00000559256287554853
-4506.172840 -3641.975309  -0.00000469007382697114
-4506.172840 -3518.518519  -0.00000504724071727982
-4506.172840 -3395.061728  -0.00000510355547838822
-4506.172840 -3271.604938  -0.00000601795968228468
-4506.172840 -3148.148148  -0.00000691055433934465
-4506.172840 -3024.691358  -0.00000744643685391286
-4506.172840 -2901.234568  -0.00000691901809192574
-4506.172840 -2777.777778  -0.00000557852647644647
-4506.172840 -2654.320988  -0.00000425396485538261
-4506.172840 -2530.864198  -0.00000499722987208240
-4506.172840 -2407.407407  -0.00000611559400630392
-4506.172840 -2283.950617  -0.00000415245872330966
-4506.172840 -2160.493827  -0.00000395518706438197
-4506.172840 -2037.037037  -0.00000398438185320235
-4506.172840 -1913.580247  -0.00000455890599621891
-4506.172840 -1790.123457  -0.00000487777670172976
-4506.172840 -1666.666667  -0.00000500126239826969
-4506.172840 -1543.209877  -0.00000480284440428348
-4506.172840 -1419.753086  -0.00000435479891340202
-4506.172840 -1296.296296  -0.00000482068165455973
-4506.172840 -1172.839506  -0.00000405848368987222
-4506.172840 -1049.382716  -0.00000452814695607054
-4506.172840  -925.925926  -0.00000435890305861847
-4506.172840  -802.469136  -0.00000460234239562964
-4506.172840  -679.012346  -0.00000476358450261746
-4506.172840  -555.555556  -0.00000490196089359634
-4506.172840  -432.098765  -0.00000472556981005238
-4506.172840  -308.641975  -0.00000440893979482768
-4506.172840  -185.185185  -0.00000431370277017230
-4506.172840   -61.728395  -0.00000474184771422600
-4506.172840    61.728395  -0.00000474184771422645
-4506.172840   185.185185  -0.00000431370277017832
-4506.172840   308.641975  -0.00000440893979483241
-4506.172840   432.098765  -0.00000472556981006195
-4506.172840   555.555556  -0.00000490196089361619
-4506.172840   679.012346  -0.00000476358450265136
-4506.172840   802.469136  -0.00000460234239567420
-4506.172840   925.925926  -0.00000435890305866635
-4506.172840  1049.382716  -0.00000452814695611649
-4506.172840  1172.839506  -0.00000405848368991916
-4506.172840  1296.296296  -0.00000482068165462803
-4506.172840  1419.753086  -0.00000435479891347321
-4506.172840  1543.209877  -0.00000480284440435708
-4506.172840  1666.666667  -0.00000500126239834648
-4506.172840  1790.123457  -0.00000487777670181261
-4506.172840  1913.580247  -0.00000455890599631109
-4506.172840  2037.037037  -0.00000398438185330208
-4506.172840  2160.493827  -0.00000395518706448563
-4506.172840  2283.950617  -0.00000415245872341082
-4506.172840  2407.407407  -0.00000611559400641005
-4506.172840  2530.864198  -0.00000499722987221317
-4506.172840  2654.320988  -0.00000425396485553357
-4506.172840  2777.777778  -0.00000557852647659997
-4506.172840  2901.234568  -0.00000691901809207860
-4506.172840  3024.691358  -0.00000744643685406930
-4506.172840  3148.148148  -0.00000691055433951054
-4506.172840  3271.604938  -0.00000601795968246203
-4506.172840  3395.061728  -0.00000510355547857480
-4506.172840  3518.518519  -0.00000504724071747031
-4506.172840  3641.975309  -0.00000469007382716233
-4506.172840  3765.432099  -0.00000559256287575635
-4506.172840  3888.888889  -0.00000634899670195742
-4506.172840  4012.345679  -0.00000648054857881171
-4506.172840  4135.802469  -0.00000761547465451450
-4506.172840  4259.259259  -0.00000803295269681253
-4506.172840  4382.716049  -0.00000623531825475540
-4506.172840  4506.172840  -0.00000338795974757255
-4506.172840  4629.629630  -0.00000265980641111133
-4506.172840  4753.086420  -0.00000410613532668287
-4506.172840  4876.543210  -0.00001174708385618139

-4382.716049 -5000.000000  -0.00000862695681537697
-4382.716049 -4876.543210  -0.00000575377973707392
-4382.716049 -4753.086420  0.00000072536026930425
-4382.716049 -4629.629630  -0.00000026411537021022
-4382.716049 -4506.172840  -0.00000000269311903725
-4382.716049 -4382.716049  -0.00000139280492767266
-4382.716049 -4259.259259  -0.00000293911445304625
-4382.716049 -4135.802469  -0.00000340317101033826
-4382.716049 -4012.345679  -0.00000295022079532947
-4382.716049 -3888.888889  -0.00000181794268453426
-4382.716049 -3765.432099  -0.00000182200860639860
-4382.716049 -3641.975309  -0.00000062303053004798
-4382.716049 -3518.518519  -0.00000105802064139870
-4382.716049 -3395.061728  -0.00000122692682167976
-4382.716049 -3271.604938  -0.00000179715757894386
-4382.716049 -3148.148148  -0.00000243496239226272
-4382.716049 -3024.691358  -0.00000304131037401294
-4382.716049 -2901.234568  -0.00000285791510026381
-4382.716049 -2777.777778  -0.00000157178600280768
-4382.716049 -2654.320988  -0.00000004846201858870
-4382.716049 -2530.864198  -0.00000166303038449238
-4382.716049 -2407.407407  -0.00000309068492724162
-4382.716049 -2283.950617  -0.00000176355833875598
-4382.716049 -2160.493827  -0.00000113741744415127
-4382.716049 -2037.037037  -0.00000125902819350777
-4382.716049 -1913.580247  -0.00000181782478712864
-4382.716049 -1790.123457  -0.00000224195616881634
-4382.716049 -1666.666667  -0.00000226003158351823
-4382.716049 -1543.209877  -0.00000196524337859349
-4382.716049 -1419.753086  -0.00000167967716664601
-4382.716049 -1296.296296  -0.00000216735660197472
-4382.716049 -1172.839506  -0.00000138315347392518
-4382.716049 -1049.382716  -0.00000184105644543950
-4382.716049  -925.925926  -0.00000166682706427391
-4382.716049  -802.469136  -0.00000188820515522837
-4382.716049  -679.012346  -0.00000203996662153204
-4382.716049  -555.555556  -0.00000217131560142900
-4382.716049  -432.098765  -0.00000200859757064912
-4382.716049  -308.641975  -0.00000171101965792009
-4382.716049  -185.185185  -0.00000163348681694271
-4382.716049   -61.728395  -0.00000202300595089633
-4382.716049    61.728395  -0.00000202300595089571
-4382.716049   185.185185  -0.00000163348681694876
-4382.716049   308.641975  -0.00000171101965792488
-4382.716049   432.098765  -0.00000200859757065824
-4382.716049   555.555556  -0.00000217131560144729
-4382.716049   679.012346  -0.00000203996662156353
-4382.716049   802.469136  -0.00000188820515527056
-4382.716049   925.925926  -0.00000166682706432053
-4382.716049  1049.382716  -0.00000184105644548572
-4382.716049  1172.839506  -0.00000138315347397260
-4382.716049  1296.296296  -0.00000216735660204208
-4382.716049  1419.753086  -0.00000167967716671734
-4382.716049  1543.209877  -0.00000196524337866676
-4382.716049  1666.666667  -0.00000226003158359523
-4382.716049  1790.123457  -0.00000224195616890047
-4382.716049  1913.580247  -0.00000181782478722239
-4382.716049  2037.037037  -0.00000125902819360969
-4382.716049  2160.493827  -0.00000113741744425705
-4382.716049  2283.950617  -0.00000176355833886107
-4382.716049  2407.407407  -0.00000309068492734971
-4382.716049  2530.864198  -0.00000166303038462597
-4382.716049  2654.320988  -0.00000004846201873928
-4382.716049  2777.777778  -0.00000157178600296138
-4382.716049  2901.234568  -0.00000285791510041743
-4382.716049  3024.691358  -0.00000304131037416986
-4382.716049  3148.148148  -0.00000243496239242844
-4382.716049  3271.604938  -0.00000179715757912067
-4382.716049  3395.061728  -0.00000122692682186627
-4382.716049  3518.518519  -0.00000105802064158940
-4382.716049  3641.975309  -0.00000062303053024013
-4382.716049  3765.432099  -0.00000182200860660380
-4382.716049  3888.888889  -0.00000181794268474036
-4382.716049  4012.345679  -0.00000295022079552909
-4382.716049  4135.802469  -0.00000340317101053868
-4382.716049  4259.259259  -0.00000293911445325632
-4382.716049  4382.716049  -0.00000139280492789303
-4382.716049  4506.172840  -0.00000000269311926993
-4382.716049  4629.629630  -0.00000026411537046178
-4382.716049  4753.086420  0.00000072536026905520
-4382.716049  4876.543210  -0.00000575377973730627

-4259.259259 -5000.000000  -0.00000838458026108825
-4259.259259 -4876.543210  -0.00000018847669450579
-4259.259259 -4753.086420  0.00000630035508447274
-4259.259259 -4629.629630  0.00000475791031641559
-4259.259259 -4506.172840  0.00000498545524858443
-4259.259259 -4382.716049  0.00000388825090284469
-4259.259259 -4259.259259  0.00000244335933463193
-4259.259259 -4135.802469  0.00000178460691580975
-4259.259259 -4012.345679  0.00000208355192567273
-4259.259259 -3888.888889  0.00000354720174268847
-4259.259259 -3765.432099  0.00000355170813097638
-4259.259259 -3641.975309  0.00000461420154826086
-4259.259259 -3518.518519  0.00000420643469739718
-4259.259259 -3395.061728  0.00000387633883236412
-4259.259259 -3271.604938  0.00000329815646580250
-4259.259259 -3148.148148  0.00000271832703150122
-4259.259259 -3024.691358  0.00000223609147284474
-4259.259259 -2901.234568  0.00000248565657525405
-4259.259259 -2777.777778  0.00000375555160888554
-4259.259259 -2654.320988  0.00000507738469066686
-4259.259259 -2530.864198  0.00000296042188708763
-4259.259259 -2407.407407  0.00000150292335436387
-4259.259259 -2283.950617  0.00000236711134436647
-4259.259259 -2160.493827  0.00000293800817969443
-4259.259259 -2037.037037  0.00000282583673174075
-4259.259259 -1913.580247  0.00000240852258569791
-4259.259259 -1790.123457  0.00000204726611465667
-4259.259259 -1666.666667  0.00000204362204878050
-4259.259259 -1543.209877  0.00000229451440215401
-4259.259259 -1419.753086  0.00000250461346808771
-4259.259259 -1296.296296  0.00000207117553216459
-4259.259259 -1172.839506  0.00000274091786004701
-4259.259259 -1049.382716  0.00000232989720951626
-4259.259259  -925.925926  0.00000250768200827669
-4259.259259  -802.469136  0.00000233082841981265
-4259.259259  -679.012346  0.00000221211824235081
-4259.259259  -555.555556  0.00000210040841573911
-4259.259259  -432.098765  0.00000223137112444554
-4259.259259  -308.641975  0.00000246653935672356
-4259.259259  -185.185185  0.00000250682595623134
-4259.259259   -61.728395  0.00000222514878672368
-4259.259259    61.728395  0.00000222514878672622
-4259.259259   185.185185  0.00000250682595622669
-4259.259259   308.641975  0.00000246653935671818
-4259.259259   432.098765  0.00000223137112443498
-4259.259259   555.555556  0.00000210040841572012
-4259.259259   679.012346  0.00000221211824232099
-4259.259259   802.469136  0.00000233082841977339
-4259.259259   925.925926  0.00000250768200823271
-4259.259259  1049.382716  0.00000232989720947079
-4259.259259  1172.839506  0.00000274091785999942
-4259.259259  1296.296296  0.00000207117553209901
-4259.259259  1419.753086  0.00000250461346801625
-4259.259259  1543.209877  0.00000229451440207965
-4259.259259  1666.666667  0.00000204362204870312
-4259.259259  1790.123457  0.00000204726611457336
-4259.259259  1913.580247  0.00000240852258560689
-4259.259259  2037.037037  0.00000282583673164156
-4259.259259  2160.493827  0.00000293800817959020
-4259.259259  2283.950617  0.00000236711134426054
-4259.259259  2407.407407  0.00000150292335425418
-4259.259259  2530.864198  0.00000296042188695255
-4259.259259  2654.320988  0.00000507738469051583
-4259.259259  2777.777778  0.00000375555160873239
-4259.259259  2901.234568  0.00000248565657510067
-4259.259259  3024.691358  0.00000223609147268736
-4259.259259  3148.148148  0.00000271832703133587
-4259.259259  3271.604938  0.00000329815646562729
-4259.259259  3395.061728  0.00000387633883217979
-4259.259259  3518.518519  0.00000420643469720724
-4259.259259  3641.975309  0.00000461420154806713
-4259.259259  3765.432099  0.00000355170813077362
-4259.259259  3888.888889  0.00000354720174248314
-4259.259259  4012.345679  0.00000208355192547334
-4259.259259  4135.802469  0.00000178460691560970
-4259.259259  4259.259259  0.00000244335933442197
-4259.259259  4382.716049  0.00000388825090262414
-4259.259259  4506.172840  0.00000498545524835172
-4259.259259  4629.629630  0.00000475791031616360
-4259.259259  4753.086420  0.00000630035508422438
-4259.259259  4876.543210  -0.00000018847669474017

-4135.802469 -5000.000000  -0.00000406929784697890
-4135.802469 -4876.543210  0.00000795099294988756
-4135.802469 -4753.086420  0.00001469579917704618
-4135.802469 -4629.629630  0.00001445757022826731
-4135.802469 -4506.172840  0.00001363745094168558
-4135.802469 -4382.716049  0.00001197520156506150
-4135.802469 -4259.259259  0.00001065072971404377
-4135.802469 -4135.802469  0.00001036610767804996
-4135.802469 -4012.345679  0.00001100842303651085
-4135.802469 -3888.888889  0.00001214229550051325
-4135.802469 -3765.432099  0.00001268413367057913
-4135.802469 -3641.975309  0.00001325689621547076
-4135.802469 -3518.518519  0.00001294585911578696
-4135.802469 -3395.061728  0.00001250065225457836
-4135.802469 -3271.604938  0.00001164670862522228
-4135.802469 -3148.148148  0.00001100381263038502
-4135.802469 -3024.691358  0.00001082476099712630
-4135.802469 -2901.234568  0.00001145965617815766
-4135.802469 -2777.777778  0.00001267796898588996
-4135.802469 -2654.320988  0.00001336116573829379
-4135.802469 -2530.864198  0.00001122665378883480
-4135.802469 -2407.407407  0.00001059734524120537
-4135.802469 -2283.950617  0.00001104882944757673
-4135.802469 -2160.493827  0.00001112587009409208
-4135.802469 -2037.037037  0.00001110612374435896
-4135.802469 -1913.580247  0.00001098497104122612
-4135.802469 -1790.123457  0.00001084125191301848
-4135.802469 -1666.666667  0.00001076731678943197
-4135.802469 -1543.209877  0.00001083888299581120
-4135.802469 -1419.753086  0.00001104997817441777
-4135.802469 -1296.296296  0.00001073008450463875
-4135.802469 -1172.839506  0.00001112765997011096
-4135.802469 -1049.382716  0.00001084648951160392
-4135.802469  -925.925926  0.00001099226475877449
-4135.802469  -802.469136  0.00001090224107037699
-4135.802469  -679.012346  0.00001084069362463947
-4135.802469  -555.555556  0.00001076684657544885
-4135.802469  -432.098765  0.00001084111664413713
-4135.802469  -308.641975  0.00001095390049336641
-4135.802469  -185.185185  0.00001095957434025828
-4135.802469   -61.728395  0.00001082738492021089
-4135.802469    61.728395  0.00001082738492021473
-4135.802469   185.185185  0.00001095957434025529
-4135.802469   308.641975  0.00001095390049336039
-4135.802469   432.098765  0.00001084111664412488
-4135.802469   555.555556  0.00001076684657542825
-4135.802469   679.012346  0.00001084069362461045
-4135.802469   802.469136  0.00001090224107034003
-4135.802469   925.925926  0.00001099226475873336
-4135.802469  1049.382716  0.00001084648951156038
-4135.802469  1172.839506  0.00001112765997006403
-4135.802469  1296.296296  0.00001073008450457577
-4135.802469  1419.753086  0.00001104997817434742
-4135.802469  1543.209877  0.00001083888299573646
-4135.802469  1666.666667  0.00001076731678935497
-4135.802469  1790.123457  0.00001084125191293791
-4135.802469  1913.580247  0.00001098497104114040
-4135.802469  2037.037037  0.00001110612374426604
-4135.802469  2160.493827  0.00001112587009399265
-4135.802469  2283.950617  0.00001104882944747345
-4135.802469  2407.407407  0.00001059734524109557
-4135.802469  2530.864198  0.00001122665378870304
-4135.802469  2654.320988  0.00001336116573814476
-4135.802469  2777.777778  0.00001267796898574043
-4135.802469  2901.234568  0.00001145965617800841
-4135.802469  3024.691358  0.00001082476099697227
-4135.802469  3148.148148  0.00001100381263022329
-4135.802469  3271.604938  0.00001164670862505160
-4135.802469  3395.061728  0.00001250065225439916
-4135.802469  3518.518519  0.00001294585911560083
-4135.802469  3641.975309  0.00001325689621527899
-4135.802469  3765.432099  0.00001268413367038069
-4135.802469  3888.888889  0.00001214229550031032
-4135.802469  4012.345679  0.00001100842303631547
-4135.802469  4135.802469  0.00001036610767785296
-4135.802469  4259.259259  0.00001065072971383438
-4135.802469  4382.716049  0.00001197520156484086
-4135.802469  4506.172840  0.00001363745094145473
-4135.802469  4629.629630  0.00001445757022801889
-4135.802469  4753.086420  0.00001469579917679832
-4135.802469  4876.543210  0.00000795099294965098

-4012.345679 -5000.000000  -0.00000046112591041852
-4012.345679 -4876.543210  0.00001595869270819606
-4012.345679 -4753.086420  0.00002308158157621780
-4012.345679 -4629.629630  0.00002389021520671168
-4012.345679 -4506.172840  0.00002217164679105548
-4012.345679 -4382.716049  0.00002002164272914751
-4012.345679 -4259.259259  0.00001874537711915074
-4012.345679 -4135.802469  0.00001872322818946102
-4012.345679 -4012.345679  0.00001968130423250257
-4012.345679 -3888.888889  0.00002063893421939490
-4012.345679 -3765.432099  0.00002139654672078006
-4012.345679 -3641.975309  0.00002184413170476895
-4012.345679 -3518.518519  0.00002154018446517732
-4012.345679 -3395.061728  0.00002102683516927847
-4012.345679 -3271.604938  0.00001988433990250347
-4012.345679 -3148.148148  0.00001919342614104477
-4012.345679 -3024.691358  0.00001923993006600303
-4012.345679 -2901.234568  0.00002020507609650150
-4012.345679 -2777.777778  0.00002143833363593648
-4012.345679 -2654.320988  0.00002163058888159655
-4012.345679 -2530.864198  0.00001938808865172522
-4012.345679 -2407.407407  0.00002020147298049708
-4012.345679 -2283.950617  0.00002024216240774510
-4012.345679 -2160.493827  0.00001996595762797535
-4012.345679 -2037.037037  0.00001997562731274009
-4012.345679 -1913.580247  0.00002014955893370977
-4012.345679 -1790.123457  0.00002015232094733118
-4012.345679 -1666.666667  0.00002000318626983628
-4012.345679 -1543.209877  0.00001993789592073028
-4012.345679 -1419.753086  0.00002015758643558059
-4012.345679 -1296.296296  0.00001989468934346496
-4012.345679 -1172.839506  0.00002013104153126459
-4012.345679 -1049.382716  0.00001991691113115906
-4012.345679  -925.925926  0.00002004881452059693
-4012.345679  -802.469136  0.00002001278617390560
-4012.345679  -679.012346  0.00002002265003483604
-4012.345679  -555.555556  0.00001997224310999891
-4012.345679  -432.098765  0.00001998070729355624
-4012.345679  -308.641975  0.00002000870164073380
-4012.345679  -185.185185  0.00001998323020143579
-4012.345679   -61.728395  0.00001997435755307108
-4012.345679    61.728395  0.00001997435755307308
-4012.345679   185.185185  0.00001998323020143217
-4012.345679   308.641975  0.00002000870164072708
-4012.345679   432.098765  0.00001998070729354343
-4012.345679   555.555556  0.00001997224310997719
-4012.345679   679.012346  0.00002002265003480634
-4012.345679   802.469136  0.00002001278617386789
-4012.345679   925.925926  0.00002004881452055499
-4012.345679  1049.382716  0.00001991691113111465
-4012.345679  1172.839506  0.00002013104153121640
-4012.345679  1296.296296  0.00001989468934340061
-4012.345679  1419.753086  0.00002015758643550912
-4012.345679  1543.209877  0.00001993789592065375
-4012.345679  1666.666667  0.00002000318626975770
-4012.345679  1790.123457  0.00002015232094724936
-4012.345679  1913.580247  0.00002014955893362343
-4012.345679  2037.037037  0.00001997562731264687
-4012.345679  2160.493827  0.00001996595762787502
-4012.345679  2283.950617  0.00002024216240764102
-4012.345679  2407.407407  0.00002020147298038454
-4012.345679  2530.864198  0.00001938808865159362
-4012.345679  2654.320988  0.00002163058888144670
-4012.345679  2777.777778  0.00002143833363578627
-4012.345679  2901.234568  0.00002020507609635258
-4012.345679  3024.691358  0.00001923993006584919
-4012.345679  3148.148148  0.00001919342614088294
-4012.345679  3271.604938  0.00001988433990233154
-4012.345679  3395.061728  0.00002102683516909718
-4012.345679  3518.518519  0.00002154018446498960
-4012.345679  3641.975309  0.00002184413170457701
-4012.345679  3765.432099  0.00002139654672058030
-4012.345679  3888.888889  0.00002063893421919066
-4012.345679  4012.345679  0.00001968130423230673
-4012.345679  4135.802469  0.00001872322818926282
-4012.345679  4259.259259  0.00001874537711893892
-4012.345679  4382.716049  0.00002002164272892433
-4012.345679  4506.172840  0.00002217164679082282
-4012.345679  4629.629630  0.00002389021520646167
-4012.345679  4753.086420  0.00002308158157596597
-4012.345679  4876.543210  0.00001595869270795486

-3888.888889 -5000.000000  0.00000070576532047031
-3888.888889 -4876.543210  0.00002471877741455458
-3888.888889 -4753.086420  0.00003005156798822644
-3888.888889 -4629.629630  0.00002979400513705578
-3888.888889 -4506.172840  0.00002843855350748286
-3888.888889 -4382.716049  0.00002736167295797539
-3888.888889 -4259.259259  0.00002642704360513080
-3888.888889 -4135.802469  0.00002580861497889827
-3888.888889 -4012.345679  0.00002645107954728535
-3888.888889 -3888.888889  0.00002790929494905901
-3888.888889 -3765.432099  0.00002792857400693491
-3888.888889 -3641.975309  0.00002876874590312298
-3888.888889 -3518.518519  0.00002830262464368092
-3888.888889 -3395.061728  0.00002791965215495782
-3888.888889 -3271.604938  0.00002703130874845236
-3888.888889 -3148.148148  0.00002655804696592139
-3888.888889 -3024.691358  0.00002650856610059438
-3888.888889 -2901.234568  0.00002718705505786738
-3888.888889 -2777.777778  0.00002835594759190804
-3888.888889 -2654.320988  0.00002863134397852766
-3888.888889 -2530.864198  0.00002595860969390434
-3888.888889 -2407.407407  0.00002726258410407376
-3888.888889 -2283.950617  0.00002677580045512599
-3888.888889 -2160.493827  0.00002685153307138429
-3888.888889 -2037.037037  0.00002677065189858252
-3888.888889 -1913.580247  0.00002697559468320955
-3888.888889 -1790.123457  0.00002688278044830117
-3888.888889 -1666.666667  0.00002680916453976337
-3888.888889 -1543.209877  0.00002681767417130169
-3888.888889 -1419.753086  0.00002692000950985407
-3888.888889 -1296.296296  0.00002662453456044192
-3888.888889 -1172.839506  0.00002686600946139697
-3888.888889 -1049.382716  0.00002669240623316335
-3888.888889  -925.925926  0.00002680197864869144
-3888.888889  -802.469136  0.00002679329257428317
-3888.888889  -679.012346  0.00002680468602599270
-3888.888889  -555.555556  0.00002676096598152552
-3888.888889  -432.098765  0.00002675803176653284
-3888.888889  -308.641975  0.00002676361007657023
-3888.888889  -185.185185  0.00002674586209663240
-3888.888889   -61.728395  0.00002673842045479848
-3888.888889    61.728395  0.00002673842045479547
-3888.888889   185.185185  0.00002674586209662379
-3888.888889   308.641975  0.00002676361007656157
-3888.888889   432.098765  0.00002675803176651991
-3888.888889   555.555556  0.00002676096598150347
-3888.888889   679.012346  0.00002680468602596172
-3888.888889   802.469136  0.00002679329257424219
-3888.888889   925.925926  0.00002680197864864557
-3888.888889  1049.382716  0.00002669240623311482
-3888.888889  1172.839506  0.00002686600946134476
-3888.888889  1296.296296  0.00002662453456037103
-3888.888889  1419.753086  0.00002692000950977811
-3888.888889  1543.209877  0.00002681767417122208
-3888.888889  1666.666667  0.00002680916453968075
-3888.888889  1790.123457  0.00002688278044821188
-3888.888889  1913.580247  0.00002697559468311349
-3888.888889  2037.037037  0.00002677065189847849
-3888.888889  2160.493827  0.00002685153307127455
-3888.888889  2283.950617  0.00002677580045501489
-3888.888889  2407.407407  0.00002726258410395627
-3888.888889  2530.864198  0.00002595860969376841
-3888.888889  2654.320988  0.00002863134397837504
-3888.888889  2777.777778  0.00002835594759175203
-3888.888889  2901.234568  0.00002718705505771299
-3888.888889  3024.691358  0.00002650856610043672
-3888.888889  3148.148148  0.00002655804696575583
-3888.888889  3271.604938  0.00002703130874827400
-3888.888889  3395.061728  0.00002791965215476764
-3888.888889  3518.518519  0.00002830262464348566
-3888.888889  3641.975309  0.00002876874590292735
-3888.888889  3765.432099  0.00002792857400672733
-3888.888889  3888.888889  0.00002790929494885175
-3888.888889  4012.345679  0.00002645107954708502
-3888.888889  4135.802469  0.00002580861497869683
-3888.888889  4259.259259  0.00002642704360491767
-3888.888889  4382.716049  0.00002736167295775105
-3888.888889  4506.172840  0.00002843855350724653
-3888.888889  4629.629630  0.00002979400513679925
-3888.888889  4753.086420  0.00003005156798797044
-3888.888889  4876.543210  0.00002471877741431468

-3765.432099 -5000.000000  0.00000613211370637699
-3765.432099 -4876.543210  0.00003302848032039553
-3765.432099 -4753.086420  0.00003759628990953266
-3765.432099 -4629.629630  0.00003881138607997661
-3765.432099 -4506.172840  0.00003644526914223881
-3765.432099 -4382.716049  0.00003500805348155944
-3765.432099 -4259.259259  0.00003437356150326303
-3765.432099 -4135.802469  0.00003419527980933412
-3765.432099 -4012.345679  0.00003503626777655965
-3765.432099 -3888.888889  0.00003601492715247746
-3765.432099 -3765.432099  0.00003612282770875826
-3765.432099 -3641.975309  0.00003688430088435865
-3765.432099 -3518.518519  0.00003631408997889343
-3765.432099 -3395.061728  0.00003615966073384851
-3765.432099 -3271.604938  0.00003500862850459164
-3765.432099 -3148.148148  0.00003456871690176329
-3765.432099 -3024.691358  0.00003468213537624572
-3765.432099 -2901.234568  0.00003564210553606121
-3765.432099 -2777.777778  0.00003666407576840838
-3765.432099 -2654.320988  0.00003635997328794131
-3765.432099 -2530.864198  0.00003392370502203025
-3765.432099 -2407.407407  0.00003569045534676127
-3765.432099 -2283.950617  0.00003472089446873398
-3765.432099 -2160.493827  0.00003467116890331715
-3765.432099 -2037.037037  0.00003453232680776642
-3765.432099 -1913.580247  0.00003496896959578580
-3765.432099 -1790.123457  0.00003499407885391549
-3765.432099 -1666.666667  0.00003492149183604894
-3765.432099 -1543.209877  0.00003482843869679353
-3765.432099 -1419.753086  0.00003475784939850473
-3765.432099 -1296.296296  0.00003478017065584418
-3765.432099 -1172.839506  0.00003484751062615639
-3765.432099 -1049.382716  0.00003451460592447973
-3765.432099  -925.925926  0.00003479751491527781
-3765.432099  -802.469136  0.00003474587319657153
-3765.432099  -679.012346  0.00003483571709980976
-3765.432099  -555.555556  0.00003480891317023602
-3765.432099  -432.098765  0.00003476185547581522
-3765.432099  -308.641975  0.00003474349639948897
-3765.432099  -185.185185  0.00003450637328698181
-3765.432099   -61.728395  0.00003488699695768880
-3765.432099    61.728395  0.00003488699695768637
-3765.432099   185.185185  0.00003450637328697063
-3765.432099   308.641975  0.00003474349639947681
-3765.432099   432.098765  0.00003476185547579914
-3765.432099   555.555556  0.00003480891317021140
-3765.432099   679.012346  0.00003483571709977801
-3765.432099   802.469136  0.00003474587319652918
-3765.432099   925.925926  0.00003479751491522963
-3765.432099  1049.382716  0.00003451460592442760
-3765.432099  1172.839506  0.00003484751062610162
-3765.432099  1296.296296  0.00003478017065577182
-3765.432099  1419.753086  0.00003475784939843008
-3765.432099  1543.209877  0.00003482843869671361
-3765.432099  1666.666667  0.00003492149183596435
-3765.432099  1790.123457  0.00003499407885382271
-3765.432099  1913.580247  0.00003496896959568616
-3765.432099  2037.037037  0.00003453232680766005
-3765.432099  2160.493827  0.00003467116890320551
-3765.432099  2283.950617  0.00003472089446862270
-3765.432099  2407.407407  0.00003569045534664214
-3765.432099  2530.864198  0.00003392370502189620
-3765.432099  2654.320988  0.00003635997328779284
-3765.432099  2777.777778  0.00003666407576825533
-3765.432099  2901.234568  0.00003564210553590684
-3765.432099  3024.691358  0.00003468213537608697
-3765.432099  3148.148148  0.00003456871690159789
-3765.432099  3271.604938  0.00003500862850441607
-3765.432099  3395.061728  0.00003615966073366101
-3765.432099  3518.518519  0.00003631408997869814
-3765.432099  3641.975309  0.00003688430088415859
-3765.432099  3765.432099  0.00003612282770855419
-3765.432099  3888.888889  0.00003601492715226942
-3765.432099  4012.345679  0.00003503626777635862
-3765.432099  4135.802469  0.00003419527980913078
-3765.432099  4259.259259  0.00003437356150304750
-3765.432099  4382.716049  0.00003500805348133322
-3765.432099  4506.172840  0.00003644526914200260
-3765.432099  4629.629630  0.00003881138607972180
-3765.432099  4753.086420  0.00003759628990927583
-3765.432099  4876.543210  0.00003302848032015562

-3641.975309 -5000.000000  0.00000707944971997789
-3641.975309 -4876.543210  0.00003868280534419926
-3641.975309 -4753.086420  0.00004336622768340776
-3641.975309 -4629.629630  0.00004461958416275239
-3641.975309 -4506.172840  0.00004193737746408966
-3641.975309 -4382.716049  0.00004052774044047641
-3641.975309 -4259.259259  0.00003992628977835485
-3641.975309 -4135.802469  0.00003962111559116294
-3641.975309 -4012.345679  0.00004063650330695151
-3641.975309 -3888.888889  0.00004174834415095052
-3641.975309 -3765.432099  0.00004218032626922507
-3641.975309 -3641.975309  0.00004249010278341536
-3641.975309 -3518.518519  0.00004213083361841896
-3641.975309 -3395.061728  0.00004171548216976752
-3641.975309 -3271.604938  0.00004049306899985258
-3641.975309 -3148.148148  0.00004002671827468865
-3641.975309 -3024.691358  0.00004040251587188052
-3641.975309 -2901.234568  0.00004153589306890558
-3641.975309 -2777.777778  0.00004250152988768610
-3641.975309 -2654.320988  0.00004179896712182101
-3641.975309 -2530.864198  0.00003950425056023094
-3641.975309 -2407.407407  0.00004312793205279775
-3641.975309 -2283.950617  0.00004196952472349091
-3641.975309 -2160.493827  0.00004136663105024810
-3641.975309 -2037.037037  0.00004137537430593292
-3641.975309 -1913.580247  0.00004205828493875390
-3641.975309 -1790.123457  0.00004226169287762950
-3641.975309 -1666.666667  0.00004207707813530668
-3641.975309 -1543.209877  0.00004182470084103422
-3641.975309 -1419.753086  0.00004193015484919660
-3641.975309 -1296.296296  0.00004180170315735363
-3641.975309 -1172.839506  0.00004165284750577888
-3641.975309 -1049.382716  0.00004165430780418977
-3641.975309  -925.925926  0.00004172194487698332
-3641.975309  -802.469136  0.00004183599522877834
-3641.975309  -679.012346  0.00004193582498219535
-3641.975309  -555.555556  0.00004194610121579129
-3641.975309  -432.098765  0.00004185849350583409
-3641.975309  -308.641975  0.00004169014084455330
-3641.975309  -185.185185  0.00004161609391156025
-3641.975309   -61.728395  0.00004181094603415901
-3641.975309    61.728395  0.00004181094603415768
-3641.975309   185.185185  0.00004161609391154654
-3641.975309   308.641975  0.00004169014084453638
-3641.975309   432.098765  0.00004185849350581231
-3641.975309   555.555556  0.00004194610121576174
-3641.975309   679.012346  0.00004193582498216052
-3641.975309   802.469136  0.00004183599522873426
-3641.975309   925.925926  0.00004172194487693332
-3641.975309  1049.382716  0.00004165430780413400
-3641.975309  1172.839506  0.00004165284750571857
-3641.975309  1296.296296  0.00004180170315727626
-3641.975309  1419.753086  0.00004193015484911678
-3641.975309  1543.209877  0.00004182470084095068
-3641.975309  1666.666667  0.00004207707813521782
-3641.975309  1790.123457  0.00004226169287753117
-3641.975309  1913.580247  0.00004205828493864876
-3641.975309  2037.037037  0.00004137537430581993
-3641.975309  2160.493827  0.00004136663105012924
-3641.975309  2283.950617  0.00004196952472336959
-3641.975309  2407.407407  0.00004312793205266845
-3641.975309  2530.864198  0.00003950425056009045
-3641.975309  2654.320988  0.00004179896712166383
-3641.975309  2777.777778  0.00004250152988752548
-3641.975309  2901.234568  0.00004153589306874693
-3641.975309  3024.691358  0.00004040251587171848
-3641.975309  3148.148148  0.00004002671827451947
-3641.975309  3271.604938  0.00004049306899967166
-3641.975309  3395.061728  0.00004171548216957509
-3641.975309  3518.518519  0.00004213083361822152
-3641.975309  3641.975309  0.00004249010278321570
-3641.975309  3765.432099  0.00004218032626900784
-3641.975309  3888.888889  0.00004174834415073658
-3641.975309  4012.345679  0.00004063650330674294
-3641.975309  4135.802469  0.00003962111559095218
-3641.975309  4259.259259  0.00003992628977813128
-3641.975309  4382.716049  0.00004052774044024080
-3641.975309  4506.172840  0.00004193737746384205
-3641.975309  4629.629630  0.00004461958416248377
-3641.975309  4753.086420  0.00004336622768314068
-3641.975309  4876.543210  0.00003868280534395182

-3518.518519 -5000.000000  0.00000908721605613600
-3518.518519 -4876.543210  0.00004531785936363478
-3518.518519 -4753.086420  0.00004902770890235456
-3518.518519 -4629.629630  0.00005020003165348058
-3518.518519 -4506.172840  0.00004738698986376951
-3518.518519 -4382.716049  0.00004636409356052816
-3518.518519 -4259.259259  0.00004600512732189161
-3518.518519 -4135.802469  0.00004555998160407522
-3518.518519 -4012.345679  0.00004645107694633442
-3518.518519 -3888.888889  0.00004767212231026953
-3518.518519 -3765.432099  0.00004775010622533718
-3518.518519 -3641.975309  0.00004826481313427538
-3518.518519 -3518.518519  0.00004780636380700828
-3518.518519 -3395.061728  0.00004744718104904541
-3518.518519 -3271.604938  0.00004631695053233569
-3518.518519 -3148.148148  0.00004597150123649466
-3518.518519 -3024.691358  0.00004632358558939799
-3518.518519 -2901.234568  0.00004735441280387051
-3518.518519 -2777.777778  0.00004828287300902791
-3518.518519 -2654.320988  0.00004756129661552718
-3518.518519 -2530.864198  0.00004492698706551787
-3518.518519 -2407.407407  0.00004876790008153895
-3518.518519 -2283.950617  0.00004721614826784555
-3518.518519 -2160.493827  0.00004681491951026727
-3518.518519 -2037.037037  0.00004675217494416570
-3518.518519 -1913.580247  0.00004749808821209580
-3518.518519 -1790.123457  0.00004766010578158289
-3518.518519 -1666.666667  0.00004751897360092927
-3518.518519 -1543.209877  0.00004730109249027425
-3518.518519 -1419.753086  0.00004730108022555912
-3518.518519 -1296.296296  0.00004720551781290571
-3518.518519 -1172.839506  0.00004705280806589128
-3518.518519 -1049.382716  0.00004704277349986270
-3518.518519  -925.925926  0.00004712797292718424
-3518.518519  -802.469136  0.00004723855722570907
-3518.518519  -679.012346  0.00004737075200199192
-3518.518519  -555.555556  0.00004739004863131493
-3518.518519  -432.098765  0.00004727635185023991
-3518.518519  -308.641975  0.00004709743012309887
-3518.518519  -185.185185  0.00004698152671589785
-3518.518519   -61.728395  0.00004725884166225373
-3518.518519    61.728395  0.00004725884166225010
-3518.518519   185.185185  0.00004698152671588381
-3518.518519   308.641975  0.00004709743012308299
-3518.518519   432.098765  0.00004727635185021814
-3518.518519   555.555556  0.00004739004863128457
-3518.518519   679.012346  0.00004737075200195676
-3518.518519   802.469136  0.00004723855722566598
-3518.518519   925.925926  0.00004712797292713651
-3518.518519  1049.382716  0.00004704277349980774
-3518.518519  1172.839506  0.00004705280806582998
-3518.518519  1296.296296  0.00004720551781282863
-3518.518519  1419.753086  0.00004730108022547776
-3518.518519  1543.209877  0.00004730109249018930
-3518.518519  1666.666667  0.00004751897360084002
-3518.518519  1790.123457  0.00004766010578148465
-3518.518519  1913.580247  0.00004749808821199143
-3518.518519  2037.037037  0.00004675217494405261
-3518.518519  2160.493827  0.00004681491951014765
-3518.518519  2283.950617  0.00004721614826772396
-3518.518519  2407.407407  0.00004876790008140991
-3518.518519  2530.864198  0.00004492698706537956
-3518.518519  2654.320988  0.00004756129661537314
-3518.518519  2777.777778  0.00004828287300886885
-3518.518519  2901.234568  0.00004735441280371288
-3518.518519  3024.691358  0.00004632358558923706
-3518.518519  3148.148148  0.00004597150123632758
-3518.518519  3271.604938  0.00004631695053215767
-3518.518519  3395.061728  0.00004744718104885556
-3518.518519  3518.518519  0.00004780636380681198
-3518.518519  3641.975309  0.00004826481313407616
-3518.518519  3765.432099  0.00004775010622512257
-3518.518519  3888.888889  0.00004767212231005647
-3518.518519  4012.345679  0.00004645107694612613
-3518.518519  4135.802469  0.00004555998160386478
-3518.518519  4259.259259  0.00004600512732166890
-3518.518519  4382.716049  0.00004636409356029400
-3518.518519  4506.172840  0.00004738698986352347
-3518.518519  4629.629630  0.00005020003165321288
-3518.518519  4753.086420  0.00004902770890208806
-3518.518519  4876.543210  0.00004531785936338847

-3395.061728 -5000.000000  0.00000975200393336533
-3395.061728 -4876.543210  0.00005026350915731207
-3395.061728 -4753.086420  0.00005434453046436724
-3395.061728 -4629.629630  0.00005541971047669049
-3395.061728 -4506.172840  0.00005234786070791452
-3395.061728 -4382.716049  0.00005131785080818778
-3395.061728 -4259.259259  0.00005098959278821838
-3395.061728 -4135.802469  0.00005048574143185072
-3395.061728 -4012.345679  0.00005138250056856337
-3395.061728 -3888.888889  0.00005277114990611168
-3395.061728 -3765.432099  0.00005315117181700769
-3395.061728 -3641.975309  0.00005333550540747568
-3395.061728 -3518.518519  0.00005297549414829653
-3395.061728 -3395.061728  0.00005245495418200105
-3395.061728 -3271.604938  0.00005120695758133974
-3395.061728 -3148.148148  0.00005084098864590766
-3395.061728 -3024.691358  0.00005137427550709191
-3395.061728 -2901.234568  0.00005257439425050347
-3395.061728 -2777.777778  0.00005349188244473638
-3395.061728 -2654.320988  0.00005247948292998425
-3395.061728 -2530.864198  0.00004983788473758321
-3395.061728 -2407.407407  0.00005480858687320025
-3395.061728 -2283.950617  0.00005295609813673973
-3395.061728 -2160.493827  0.00005235716288063724
-3395.061728 -2037.037037  0.00005231123538909946
-3395.061728 -1913.580247  0.00005323976298332050
-3395.061728 -1790.123457  0.00005350114149144992
-3395.061728 -1666.666667  0.00005333487825094264
-3395.061728 -1543.209877  0.00005302768181917204
-3395.061728 -1419.753086  0.00005302070653776015
-3395.061728 -1296.296296  0.00005300669882951676
-3395.061728 -1172.839506  0.00005268056844350015
-3395.061728 -1049.382716  0.00005275897410742450
-3395.061728  -925.925926  0.00005282438672297825
-3395.061728  -802.469136  0.00005299332441420278
-3395.061728  -679.012346  0.00005314092955436770
-3395.061728  -555.555556  0.00005318472688898972
-3395.061728  -432.098765  0.00005305527996601098
-3395.061728  -308.641975  0.00005280446870354432
-3395.061728  -185.185185  0.00005267075207729427
-3395.061728   -61.728395  0.00005301358176772464
-3395.061728    61.728395  0.00005301358176772052
-3395.061728   185.185185  0.00005267075207728123
-3395.061728   308.641975  0.00005280446870352867
-3395.061728   432.098765  0.00005305527996598906
-3395.061728   555.555556  0.00005318472688895836
-3395.061728   679.012346  0.00005314092955433236
-3395.061728   802.469136  0.00005299332441415973
-3395.061728   925.925926  0.00005282438672293033
-3395.061728  1049.382716  0.00005275897410736859
-3395.061728  1172.839506  0.00005268056844343774
-3395.061728  1296.296296  0.00005300669882944209
-3395.061728  1419.753086  0.00005302070653768078
-3395.061728  1543.209877  0.00005302768181908761
-3395.061728  1666.666667  0.00005333487825085420
-3395.061728  1790.123457  0.00005350114149135315
-3395.061728  1913.580247  0.00005323976298321870
-3395.061728  2037.037037  0.00005231123538898953
-3395.061728  2160.493827  0.00005235716288052053
-3395.061728  2283.950617  0.00005295609813662050
-3395.061728  2407.407407  0.00005480858687307326
-3395.061728  2530.864198  0.00004983788473744877
-3395.061728  2654.320988  0.00005247948292983711
-3395.061728  2777.777778  0.00005349188244458392
-3395.061728  2901.234568  0.00005257439425035083
-3395.061728  3024.691358  0.00005137427550693398
-3395.061728  3148.148148  0.00005084098864574447
-3395.061728  3271.604938  0.00005120695758116623
-3395.061728  3395.061728  0.00005245495418181612
-3395.061728  3518.518519  0.00005297549414810342
-3395.061728  3641.975309  0.00005333550540727795
-3395.061728  3765.432099  0.00005315117181679917
-3395.061728  3888.888889  0.00005277114990590151
-3395.061728  4012.345679  0.00005138250056835576
-3395.061728  4135.802469  0.00005048574143164107
-3395.061728  4259.259259  0.00005098959278799799
-3395.061728  4382.716049  0.00005131785080795767
-3395.061728  4506.172840  0.00005234786070767339
-3395.061728  4629.629630  0.00005541971047642751
-3395.061728  4753.086420  0.00005434453046410516
-3395.061728  4876.543210  0.00005026350915706605

-3271.604938 -5000.000000  0.00001047375229885229
-3271.604938 -4876.543210  0.00005492884178058378
-3271.604938 -4753.086420  0.00005878603125405099
-3271.604938 -4629.629630  0.00005955775324177964
-3271.604938 -4506.172840  0.00005637141110069422
-3271.604938 -4382.716049  0.00005555690776199106
-3271.604938 -4259.259259  0.00005536881045904335
-3271.604938 -4135.802469  0.00005479078140717185
-3271.604938 -4012.345679  0.00005559353909591723
-3271.604938 -3888.888889  0.00005717001136723639
-3271.604938 -3765.432099  0.00005749555967394206
-3271.604938 -3641.975309  0.00005757986589118180
-3271.604938 -3518.518519  0.00005728955800939368
-3271.604938 -3395.061728  0.00005665873195461656
-3271.604938 -3271.604938  0.00005532114057086321
-3271.604938 -3148.148148  0.00005503626134513845
-3271.604938 -3024.691358  0.00005579098562100224
-3271.604938 -2901.234568  0.00005715301828268867
-3271.604938 -2777.777778  0.00005792073993306288
-3271.604938 -2654.320988  0.00005646828018921052
-3271.604938 -2530.864198  0.00005375983250915432
-3271.604938 -2407.407407  0.00005937997851341287
-3271.604938 -2283.950617  0.00005708226559667846
-3271.604938 -2160.493827  0.00005619070955779088
-3271.604938 -2037.037037  0.00005618723060717601
-3271.604938 -1913.580247  0.00005737187119095200
-3271.604938 -1790.123457  0.00005777950080561095
-3271.604938 -1666.666667  0.00005757299109018880
-3271.604938 -1543.209877  0.00005715365403357001
-3271.604938 -1419.753086  0.00005711786267273795
-3271.604938 -1296.296296  0.00005718618916021394
-3271.604938 -1172.839506  0.00005670834230364713
-3271.604938 -1049.382716  0.00005683646294127571
-3271.604938  -925.925926  0.00005691090597714492
-3271.604938  -802.469136  0.00005713414947742044
-3271.604938  -679.012346  0.00005735814458708456
-3271.604938  -555.555556  0.00005742878525712879
-3271.604938  -432.098765  0.00005723759405136167
-3271.604938  -308.641975  0.00005690867752738496
-3271.604938  -185.185185  0.00005672515857149515
-3271.604938   -61.728395  0.00005720639434176787
-3271.604938    61.728395  0.00005720639434176455
-3271.604938   185.185185  0.00005672515857148183
-3271.604938   308.641975  0.00005690867752736849
-3271.604938   432.098765  0.00005723759405133903
-3271.604938   555.555556  0.00005742878525709680
-3271.604938   679.012346  0.00005735814458704965
-3271.604938   802.469136  0.00005713414947737800
-3271.604938   925.925926  0.00005691090597709715
-3271.604938  1049.382716  0.00005683646294121976
-3271.604938  1172.839506  0.00005670834230358409
-3271.604938  1296.296296  0.00005718618916014187
-3271.604938  1419.753086  0.00005711786267266094
-3271.604938  1543.209877  0.00005715365403348575
-3271.604938  1666.666667  0.00005757299109009944
-3271.604938  1790.123457  0.00005777950080551403
-3271.604938  1913.580247  0.00005737187119085115
-3271.604938  2037.037037  0.00005618723060706793
-3271.604938  2160.493827  0.00005619070955767556
-3271.604938  2283.950617  0.00005708226559655911
-3271.604938  2407.407407  0.00005937997851328647
-3271.604938  2530.864198  0.00005375983250902135
-3271.604938  2654.320988  0.00005646828018906771
-3271.604938  2777.777778  0.00005792073993291523
-3271.604938  2901.234568  0.00005715301828253946
-3271.604938  3024.691358  0.00005579098562084709
-3271.604938  3148.148148  0.00005503626134497781
-3271.604938  3271.604938  0.00005532114057069330
-3271.604938  3395.061728  0.00005665873195443550
-3271.604938  3518.518519  0.00005728955800920413
-3271.604938  3641.975309  0.00005757986589098567
-3271.604938  3765.432099  0.00005749555967373918
-3271.604938  3888.888889  0.00005717001136703105
-3271.604938  4012.345679  0.00005559353909571309
-3271.604938  4135.802469  0.00005479078140696583
-3271.604938  4259.259259  0.00005536881045882673
-3271.604938  4382.716049  0.00005555690776176552
-3271.604938  4506.172840  0.00005637141110045837
-3271.604938  4629.629630  0.00005955775324152134
-3271.604938  4753.086420  0.00005878603125379423
-3271.604938  4876.543210  0.00005492884178033984

-3148.148148 -5000.000000  0.00001123115585543788
-3148.148148 -4876.543210  0.00006065160452340724
-3148.148148 -4753.086420  0.00006418051169817400
-3148.148148 -4629.629630  0.00006456348155368496
-3148.148148 -4506.172840  0.00006131495998834732
-3148.148148 -4382.716049  0.00006082169437509196
-3148.148148 -4259.259259  0.00006076886644500995
-3148.148148 -4135.802469  0.00005999398716913958
-3148.148148 -4012.345679  0.00006069974615801767
-3148.148148 -3888.888889  0.00006252921233458409
-3148.148148 -3765.432099  0.00006279344531236885
-3148.148148 -3641.975309  0.00006279559910165922
-3148.148148 -3518.518519  0.00006252026621932155
-3148.148148 -3395.061728  0.00006178590056375152
-3148.148148 -3271.604938  0.00006047611772786817
-3148.148148 -3148.148148  0.00006026042667421170
-3148.148148 -3024.691358  0.00006111623608609650
-3148.148148 -2901.234568  0.00006250673131133941
-3148.148148 -2777.777778  0.00006324646634103165
-3148.148148 -2654.320988  0.00006161418357507006
-3148.148148 -2530.864198  0.00005851110021589230
-3148.148148 -2407.407407  0.00006425795490930872
-3148.148148 -2283.950617  0.00006155782875385404
-3148.148148 -2160.493827  0.00006060303959455184
-3148.148148 -2037.037037  0.00006062439733092194
-3148.148148 -1913.580247  0.00006193860363247915
-3148.148148 -1790.123457  0.00006240651828719327
-3148.148148 -1666.666667  0.00006221159294333156
-3148.148148 -1543.209877  0.00006175709916511941
-3148.148148 -1419.753086  0.00006168036264515913
-3148.148148 -1296.296296  0.00006176377052613899
-3148.148148 -1172.839506  0.00006118218538722770
-3148.148148 -1049.382716  0.00006140260784276307
-3148.148148  -925.925926  0.00006144881715510885
-3148.148148  -802.469136  0.00006173419936537199
-3148.148148  -679.012346  0.00006198709373421107
-3148.148148  -555.555556  0.00006208084102576012
-3148.148148  -432.098765  0.00006186160333528306
-3148.148148  -308.641975  0.00006146676721549899
-3148.148148  -185.185185  0.00006128314556925941
-3148.148148   -61.728395  0.00006181375758098036
-3148.148148    61.728395  0.00006181375758097934
-3148.148148   185.185185  0.00006128314556924530
-3148.148148   308.641975  0.00006146676721548077
-3148.148148   432.098765  0.00006186160333525916
-3148.148148   555.555556  0.00006208084102572793
-3148.148148   679.012346  0.00006198709373417599
-3148.148148   802.469136  0.00006173419936532854
-3148.148148   925.925926  0.00006144881715506021
-3148.148148  1049.382716  0.00006140260784270684
-3148.148148  1172.839506  0.00006118218538716407
-3148.148148  1296.296296  0.00006176377052606763
-3148.148148  1419.753086  0.00006168036264508202
-3148.148148  1543.209877  0.00006175709916503469
-3148.148148  1666.666667  0.00006221159294324151
-3148.148148  1790.123457  0.00006240651828709423
-3148.148148  1913.580247  0.00006193860363237796
-3148.148148  2037.037037  0.00006062439733081304
-3148.148148  2160.493827  0.00006060303959443705
-3148.148148  2283.950617  0.00006155782875373412
-3148.148148  2407.407407  0.00006425795490918123
-3148.148148  2530.864198  0.00005851110021575781
-3148.148148  2654.320988  0.00006161418357492678
-3148.148148  2777.777778  0.00006324646634088503
-3148.148148  2901.234568  0.00006250673131119179
-3148.148148  3024.691358  0.00006111623608594199
-3148.148148  3148.148148  0.00006026042667405164
-3148.148148  3271.604938  0.00006047611772769955
-3148.148148  3395.061728  0.00006178590056357248
-3148.148148  3518.518519  0.00006252026621913356
-3148.148148  3641.975309  0.00006279559910146422
-3148.148148  3765.432099  0.00006279344531216687
-3148.148148  3888.888889  0.00006252921233438133
-3148.148148  4012.345679  0.00006069974615781524
-3148.148148  4135.802469  0.00005999398716893444
-3148.148148  4259.259259  0.00006076886644479412
-3148.148148  4382.716049  0.00006082169437486773
-3148.148148  4506.172840  0.00006131495998811343
-3148.148148  4629.629630  0.00006456348155342874
-3148.148148  4753.086420  0.00006418051169791921
-3148.148148  4876.543210  0.00006065160452316293

-3024.691358 -5000.000000  0.00001304806425554336
-3024.691358 -4876.543210  0.00006779461706988810
-3024.691358 -4753.086420  0.00007060722508878393
-3024.691358 -4629.629630  0.00007087600508083918
-3024.691358 -4506.172840  0.00006747392503003770
-3024.691358 -4382.716049  0.00006732299412427397
-3024.691358 -4259.259259  0.00006745516791959465
-3024.691358 -4135.802469  0.00006649265006246867
-3024.691358 -4012.345679  0.00006712194124145673
-3024.691358 -3888.888889  0.00006912078454399622
-3024.691358 -3765.432099  0.00006910909154193589
-3024.691358 -3641.975309  0.00006928816026586727
-3024.691358 -3518.518519  0.00006887810521832059
-3024.691358 -3395.061728  0.00006817208487639961
-3024.691358 -3271.604938  0.00006697218754583256
-3024.691358 -3148.148148  0.00006684678502941237
-3024.691358 -3024.691358  0.00006764382480901230
-3024.691358 -2901.234568  0.00006892675516352008
-3024.691358 -2777.777778  0.00006973788653050419
-3024.691358 -2654.320988  0.00006817274104291610
-3024.691358 -2530.864198  0.00006436012823712605
-3024.691358 -2407.407407  0.00006976037889027936
-3024.691358 -2283.950617  0.00006662576343663035
-3024.691358 -2160.493827  0.00006594322637480189
-3024.691358 -2037.037037  0.00006591181346990343
-3024.691358 -1913.580247  0.00006724576558029294
-3024.691358 -1790.123457  0.00006765682673918162
-3024.691358 -1666.666667  0.00006753488526113508
-3024.691358 -1543.209877  0.00006714195190014223
-3024.691358 -1419.753086  0.00006695282769876725
-3024.691358 -1296.296296  0.00006703895485699445
-3024.691358 -1172.839506  0.00006645790215658790
-3024.691358 -1049.382716  0.00006670401947069881
-3024.691358  -925.925926  0.00006675373907075741
-3024.691358  -802.469136  0.00006705907318567908
-3024.691358  -679.012346  0.00006732541785018831
-3024.691358  -555.555556  0.00006743020413103098
-3024.691358  -432.098765  0.00006719881408606590
-3024.691358  -308.641975  0.00006678448389871461
-3024.691358  -185.185185  0.00006658556642488410
-3024.691358   -61.728395  0.00006717211229534933
-3024.691358    61.728395  0.00006717211229534907
-3024.691358   185.185185  0.00006658556642487037
-3024.691358   308.641975  0.00006678448389869656
-3024.691358   432.098765  0.00006719881408604269
-3024.691358   555.555556  0.00006743020413099928
-3024.691358   679.012346  0.00006732541785015377
-3024.691358   802.469136  0.00006705907318563633
-3024.691358   925.925926  0.00006675373907070907
-3024.691358  1049.382716  0.00006670401947064286
-3024.691358  1172.839506  0.00006645790215652471
-3024.691358  1296.296296  0.00006703895485692297
-3024.691358  1419.753086  0.00006695282769868962
-3024.691358  1543.209877  0.00006714195190005780
-3024.691358  1666.666667  0.00006753488526104404
-3024.691358  1790.123457  0.00006765682673908196
-3024.691358  1913.580247  0.00006724576558019007
-3024.691358  2037.037037  0.00006591181346979450
-3024.691358  2160.493827  0.00006594322637468633
-3024.691358  2283.950617  0.00006662576343650932
-3024.691358  2407.407407  0.00006976037889014999
-3024.691358  2530.864198  0.00006436012823699165
-3024.691358  2654.320988  0.00006817274104277105
-3024.691358  2777.777778  0.00006973788653035615
-3024.691358  2901.234568  0.00006892675516337161
-3024.691358  3024.691358  0.00006764382480885624
-3024.691358  3148.148148  0.00006684678502925174
-3024.691358  3271.604938  0.00006697218754566314
-3024.691358  3395.061728  0.00006817208487622037
-3024.691358  3518.518519  0.00006887810521813291
-3024.691358  3641.975309  0.00006928816026567082
-3024.691358  3765.432099  0.00006910909154173187
-3024.691358  3888.888889  0.00006912078454379370
-3024.691358  4012.345679  0.00006712194124125536
-3024.691358  4135.802469  0.00006649265006226380
-3024.691358  4259.259259  0.00006745516791937786
-3024.691358  4382.716049  0.00006732299412404948
-3024.691358  4506.172840  0.00006747392502980466
-3024.691358  4629.629630  0.00007087600508058358
-3024.691358  4753.086420  0.00007060722508852853
-3024.691358  4876.543210  0.00006779461706964296

-2901.234568 -5000.000000  0.00001567466112331525
-2901.234568 -4876.543210  0.00007498009340065943
-2901.234568 -4753.086420  0.00007729490938211775
-2901.234568 -4629.629630  0.00007795777575837208
-2901.234568 -4506.172840  0.00007414075011799252
-2901.234568 -4382.716049  0.00007405020289039181
-2901.234568 -4259.259259  0.00007432854686111973
-2901.234568 -4135.802469  0.00007333256859517129
-2901.234568 -4012.345679  0.00007403915997212923
-2901.234568 -3888.888889  0.00007603008743758548
-2901.234568 -3765.432099  0.00007591741524275671
-2901.234568 -3641.975309  0.00007618157532361008
-2901.234568 -3518.518519  0.00007564202168144205
-2901.234568 -3395.061728  0.00007499639141812693
-2901.234568 -3271.604938  0.00007381249042249616
-2901.234568 -3148.148148  0.00007372406402515898
-2901.234568 -3024.691358  0.00007449102199891995
-2901.234568 -2901.234568  0.00007575109370596419
-2901.234568 -2777.777778  0.00007665561238501548
-2901.234568 -2654.320988  0.00007507710906391305
-2901.234568 -2530.864198  0.00007076526553139051
-2901.234568 -2407.407407  0.00007648356092631503
-2901.234568 -2283.950617  0.00007295071546021047
-2901.234568 -2160.493827  0.00007247441813526626
-2901.234568 -2037.037037  0.00007238286118732183
-2901.234568 -1913.580247  0.00007377146274494169
-2901.234568 -1790.123457  0.00007414360285833431
-2901.234568 -1666.666667  0.00007407397314241755
-2901.234568 -1543.209877  0.00007371439996734999
-2901.234568 -1419.753086  0.00007343209760412317
-2901.234568 -1296.296296  0.00007355022293293418
-2901.234568 -1172.839506  0.00007293956421442761
-2901.234568 -1049.382716  0.00007321513077547092
-2901.234568  -925.925926  0.00007326825478007511
-2901.234568  -802.469136  0.00007359592478690488
-2901.234568  -679.012346  0.00007387131334316364
-2901.234568  -555.555556  0.00007398767262427418
-2901.234568  -432.098765  0.00007374732767302970
-2901.234568  -308.641975  0.00007330915248625802
-2901.234568  -185.185185  0.00007309362389663386
-2901.234568   -61.728395  0.00007373970495368433
-2901.234568    61.728395  0.00007373970495368385
-2901.234568   185.185185  0.00007309362389662039
-2901.234568   308.641975  0.00007330915248624051
-2901.234568   432.098765  0.00007374732767300610
-2901.234568   555.555556  0.00007398767262424174
-2901.234568   679.012346  0.00007387131334312992
-2901.234568   802.469136  0.00007359592478686243
-2901.234568   925.925926  0.00007326825478002691
-2901.234568  1049.382716  0.00007321513077541462
-2901.234568  1172.839506  0.00007293956421436372
-2901.234568  1296.296296  0.00007355022293286084
-2901.234568  1419.753086  0.00007343209760404458
-2901.234568  1543.209877  0.00007371439996726418
-2901.234568  1666.666667  0.00007407397314232598
-2901.234568  1790.123457  0.00007414360285823374
-2901.234568  1913.580247  0.00007377146274483892
-2901.234568  2037.037037  0.00007238286118721278
-2901.234568  2160.493827  0.00007247441813515137
-2901.234568  2283.950617  0.00007295071546009038
-2901.234568  2407.407407  0.00007648356092618483
-2901.234568  2530.864198  0.00007076526553125702
-2901.234568  2654.320988  0.00007507710906376631
-2901.234568  2777.777778  0.00007665561238486556
-2901.234568  2901.234568  0.00007575109370581488
-2901.234568  3024.691358  0.00007449102199876376
-2901.234568  3148.148148  0.00007372406402499730
-2901.234568  3271.604938  0.00007381249042232587
-2901.234568  3395.061728  0.00007499639141794532
-2901.234568  3518.518519  0.00007564202168125195
-2901.234568  3641.975309  0.00007618157532341148
-2901.234568  3765.432099  0.00007591741524255026
-2901.234568  3888.888889  0.00007603008743738103
-2901.234568  4012.345679  0.00007403915997192695
-2901.234568  4135.802469  0.00007333256859496631
-2901.234568  4259.259259  0.00007432854686090177
-2901.234568  4382.716049  0.00007405020289016479
-2901.234568  4506.172840  0.00007414075011775700
-2901.234568  4629.629630  0.00007795777575811452
-2901.234568  4753.086420  0.00007729490938185875
-2901.234568  4876.543210  0.00007498009340041226

-2777.777778 -5000.000000  0.00001857184240770038
-2777.777778 -4876.543210  0.00008069118560877273
-2777.777778 -4753.086420  0.00008289003673619945
-2777.777778 -4629.629630  0.00008437224962955819
-2777.777778 -4506.172840  0.00007987820168896530
-2777.777778 -4382.716049  0.00007950298897888208
-2777.777778 -4259.259259  0.00007988987636539384
-2777.777778 -4135.802469  0.00007910239509453035
-2777.777778 -4012.345679  0.00008005496185987269
-2777.777778 -3888.888889  0.00008184171176957448
-2777.777778 -3765.432099  0.00008194589322460184
-2777.777778 -3641.975309  0.00008197448588235399
-2777.777778 -3518.518519  0.00008150603164221862
-2777.777778 -3395.061728  0.00008086274129747834
-2777.777778 -3271.604938  0.00007942040024728868
-2777.777778 -3148.148148  0.00007931419428397165
-2777.777778 -3024.691358  0.00008034679733115946
-2777.777778 -2901.234568  0.00008192814859509338
-2777.777778 -2777.777778  0.00008269579956447598
-2777.777778 -2654.320988  0.00008050424318362446
-2777.777778 -2530.864198  0.00007658908149091344
-2777.777778 -2407.407407  0.00008367501493230604
-2777.777778 -2283.950617  0.00007987323741105945
-2777.777778 -2160.493827  0.00007889462755696097
-2777.777778 -2037.037037  0.00007888171368445274
-2777.777778 -1913.580247  0.00008056290341183767
-2777.777778 -1790.123457  0.00008113921995294092
-2777.777778 -1666.666667  0.00008098023529897283
-2777.777778 -1543.209877  0.00008044879245977086
-2777.777778 -1419.753086  0.00008021069106939506
-2777.777778 -1296.296296  0.00008042743252701008
-2777.777778 -1172.839506  0.00007960486245259856
-2777.777778 -1049.382716  0.00007996222483903085
-2777.777778  -925.925926  0.00008000853276832053
-2777.777778  -802.469136  0.00008040526357907893
-2777.777778  -679.012346  0.00008074606668380105
-2777.777778  -555.555556  0.00008089284685423254
-2777.777778  -432.098765  0.00008060079568649446
-2777.777778  -308.641975  0.00008007106018729363
-2777.777778  -185.185185  0.00007982231907615770
-2777.777778   -61.728395  0.00008058844467402973
-2777.777778    61.728395  0.00008058844467402828
-2777.777778   185.185185  0.00007982231907614461
-2777.777778   308.641975  0.00008007106018727649
-2777.777778   432.098765  0.00008060079568647086
-2777.777778   555.555556  0.00008089284685419872
-2777.777778   679.012346  0.00008074606668376672
-2777.777778   802.469136  0.00008040526357903612
-2777.777778   925.925926  0.00008000853276827193
-2777.777778  1049.382716  0.00007996222483897347
-2777.777778  1172.839506  0.00007960486245253354
-2777.777778  1296.296296  0.00008042743252693599
-2777.777778  1419.753086  0.00008021069106931548
-2777.777778  1543.209877  0.00008044879245968480
-2777.777778  1666.666667  0.00008098023529888044
-2777.777778  1790.123457  0.00008113921995283891
-2777.777778  1913.580247  0.00008056290341173327
-2777.777778  2037.037037  0.00007888171368434271
-2777.777778  2160.493827  0.00007889462755684486
-2777.777778  2283.950617  0.00007987323741093748
-2777.777778  2407.407407  0.00008367501493217362
-2777.777778  2530.864198  0.00007658908149078073
-2777.777778  2654.320988  0.00008050424318347734
-2777.777778  2777.777778  0.00008269579956432453
-2777.777778  2901.234568  0.00008192814859494335
-2777.777778  3024.691358  0.00008034679733100335
-2777.777778  3148.148148  0.00007931419428381093
-2777.777778  3271.604938  0.00007942040024711823
-2777.777778  3395.061728  0.00008086274129729597
-2777.777778  3518.518519  0.00008150603164202817
-2777.777778  3641.975309  0.00008197448588215505
-2777.777778  3765.432099  0.00008194589322439403
-2777.777778  3888.888889  0.00008184171176936807
-2777.777778  4012.345679  0.00008005496185966841
-2777.777778  4135.802469  0.00007910239509432401
-2777.777778  4259.259259  0.00007988987636517523
-2777.777778  4382.716049  0.00007950298897865458
-2777.777778  4506.172840  0.00007987820168872774
-2777.777778  4629.629630  0.00008437224962929804
-2777.777778  4753.086420  0.00008289003673593762
-2777.777778  4876.543210  0.00008069118560852599

-2654.320988 -5000.000000  0.00002032355085580470
-2654.320988 -4876.543210  0.00008286459834956045
-2654.320988 -4753.086420  0.00008488842179711974
-2654.320988 -4629.629630  0.00008692966558301841
-2654.320988 -4506.172840  0.00008199641090022036
-2654.320988 -4382.716049  0.00008141058832471378
-2654.320988 -4259.259259  0.00008191418902574883
-2654.320988 -4135.802469  0.00008136066281036599
-2654.320988 -4012.345679  0.00008245896937332860
-2654.320988 -3888.888889  0.00008402013324021473
-2654.320988 -3765.432099  0.00008440567118518195
-2654.320988 -3641.975309  0.00008403183673368184
-2654.320988 -3518.518519  0.00008380559311020033
-2654.320988 -3395.061728  0.00008310749341914699
-2654.320988 -3271.604938  0.00008138603915485440
-2654.320988 -3148.148148  0.00008127842244587658
-2654.320988 -3024.691358  0.00008268828254287688
-2654.320988 -2901.234568  0.00008462865615559544
-2654.320988 -2777.777778  0.00008506355051973488
-2654.320988 -2654.320988  0.00008210212823391213
-2654.320988 -2530.864198  0.00007937196046108478
-2654.320988 -2407.407407  0.00008873920632214122
-2654.320988 -2283.950617  0.00008490347458630826
-2654.320988 -2160.493827  0.00008315059075283092
-2654.320988 -2037.037037  0.00008325548109775846
-2654.320988 -1913.580247  0.00008529769264987700
-2654.320988 -1790.123457  0.00008615678028477252
-2654.320988 -1666.666667  0.00008584158932262151
-2654.320988 -1543.209877  0.00008507035950598937
-2654.320988 -1419.753086  0.00008497020093737254
-2654.320988 -1296.296296  0.00008530576908932628
-2654.320988 -1172.839506  0.00008423653409501794
-2654.320988 -1049.382716  0.00008469668908082117
-2654.320988  -925.925926  0.00008472067271542102
-2654.320988  -802.469136  0.00008519072878944510
-2654.320988  -679.012346  0.00008561851532209200
-2654.320988  -555.555556  0.00008580531950015573
-2654.320988  -432.098765  0.00008545678870753283
-2654.320988  -308.641975  0.00008483428701609730
-2654.320988  -185.185185  0.00008456134945262972
-2654.320988   -61.728395  0.00008541566494189538
-2654.320988    61.728395  0.00008541566494189509
-2654.320988   185.185185  0.00008456134945261641
-2654.320988   308.641975  0.00008483428701607984
-2654.320988   432.098765  0.00008545678870750865
-2654.320988   555.555556  0.00008580531950012275
-2654.320988   679.012346  0.00008561851532205767
-2654.320988   802.469136  0.00008519072878940272
-2654.320988   925.925926  0.00008472067271537242
-2654.320988  1049.382716  0.00008469668908076367
-2654.320988  1172.839506  0.00008423653409495192
-2654.320988  1296.296296  0.00008530576908925236
-2654.320988  1419.753086  0.00008497020093729357
-2654.320988  1543.209877  0.00008507035950590224
-2654.320988  1666.666667  0.00008584158932252860
-2654.320988  1790.123457  0.00008615678028466977
-2654.320988  1913.580247  0.00008529769264977176
-2654.320988  2037.037037  0.00008325548109764679
-2654.320988  2160.493827  0.00008315059075271284
-2654.320988  2283.950617  0.00008490347458618330
-2654.320988  2407.407407  0.00008873920632200595
-2654.320988  2530.864198  0.00007937196046095390
-2654.320988  2654.320988  0.00008210212823376717
-2654.320988  2777.777778  0.00008506355051958633
-2654.320988  2901.234568  0.00008462865615544750
-2654.320988  3024.691358  0.00008268828254272211
-2654.320988  3148.148148  0.00008127842244571840
-2654.320988  3271.604938  0.00008138603915468668
-2654.320988  3395.061728  0.00008310749341896773
-2654.320988  3518.518519  0.00008380559311001305
-2654.320988  3641.975309  0.00008403183673348642
-2654.320988  3765.432099  0.00008440567118497678
-2654.320988  3888.888889  0.00008402013324001024
-2654.320988  4012.345679  0.00008245896937312499
-2654.320988  4135.802469  0.00008136066281016066
-2654.320988  4259.259259  0.00008191418902553248
-2654.320988  4382.716049  0.00008141058832448946
-2654.320988  4506.172840  0.00008199641089998594
-2654.320988  4629.629630  0.00008692966558276006
-2654.320988  4753.086420  0.00008488842179686149
-2654.320988  4876.543210  0.00008286459834931637

-2530.864198 -5000.000000  0.00001888683517076735
-2530.864198 -4876.543210  0.00008372916811520168
-2530.864198 -4753.086420  0.00008439542990480364
-2530.864198 -4629.629630  0.00008517806304739772
-2530.864198 -4506.172840  0.00008112810761956048
-2530.864198 -4382.716049  0.00008159727962901361
-2530.864198 -4259.259259  0.00008229683797895660
-2530.864198 -4135.802469  0.00008114107976630107
-2530.864198 -4012.345679  0.00008160047075614104
-2530.864198 -3888.888889  0.00008355609642371343
-2530.864198 -3765.432099  0.00008343595382106735
-2530.864198 -3641.975309  0.00008341916933605898
-2530.864198 -3518.518519  0.00008311227473642603
-2530.864198 -3395.061728  0.00008250577726043410
-2530.864198 -3271.604938  0.00008139735034305515
-2530.864198 -3148.148148  0.00008140361245793150
-2530.864198 -3024.691358  0.00008225641661070056
-2530.864198 -2901.234568  0.00008339075059335596
-2530.864198 -2777.777778  0.00008396410530783251
-2530.864198 -2654.320988  0.00008230979136628866
-2530.864198 -2530.864198  0.00007975433911264184
-2530.864198 -2407.407407  0.00008864879346506413
-2530.864198 -2283.950617  0.00008545868542670691
-2530.864198 -2160.493827  0.00008492052765626941
-2530.864198 -2037.037037  0.00008475508461874098
-2530.864198 -1913.580247  0.00008623384527043089
-2530.864198 -1790.123457  0.00008662941794928507
-2530.864198 -1666.666667  0.00008652949329995840
-2530.864198 -1543.209877  0.00008616057822103517
-2530.864198 -1419.753086  0.00008598923604180160
-2530.864198 -1296.296296  0.00008624574992819875
-2530.864198 -1172.839506  0.00008554672918104371
-2530.864198 -1049.382716  0.00008590842540374153
-2530.864198  -925.925926  0.00008595287375647266
-2530.864198  -802.469136  0.00008627600231205030
-2530.864198  -679.012346  0.00008656525780881416
-2530.864198  -555.555556  0.00008673918624013988
-2530.864198  -432.098765  0.00008656359862533107
-2530.864198  -308.641975  0.00008615886481414492
-2530.864198  -185.185185  0.00008592550015318162
-2530.864198   -61.728395  0.00008653686479879861
-2530.864198    61.728395  0.00008653686479880111
-2530.864198   185.185185  0.00008592550015317082
-2530.864198   308.641975  0.00008615886481412787
-2530.864198   432.098765  0.00008656359862530881
-2530.864198   555.555556  0.00008673918624010862
-2530.864198   679.012346  0.00008656525780878374
-2530.864198   802.469136  0.00008627600231201024
-2530.864198   925.925926  0.00008595287375642608
-2530.864198  1049.382716  0.00008590842540368635
-2530.864198  1172.839506  0.00008554672918098057
-2530.864198  1296.296296  0.00008624574992812765
-2530.864198  1419.753086  0.00008598923604172612
-2530.864198  1543.209877  0.00008616057822095155
-2530.864198  1666.666667  0.00008652949329986871
-2530.864198  1790.123457  0.00008662941794918519
-2530.864198  1913.580247  0.00008623384527033055
-2530.864198  2037.037037  0.00008475508461863352
-2530.864198  2160.493827  0.00008492052765615422
-2530.864198  2283.950617  0.00008545868542658519
-2530.864198  2407.407407  0.00008864879346493411
-2530.864198  2530.864198  0.00007975433911251302
-2530.864198  2654.320988  0.00008230979136615196
-2530.864198  2777.777778  0.00008396410530769286
-2530.864198  2901.234568  0.00008339075059321524
-2530.864198  3024.691358  0.00008225641661055200
-2530.864198  3148.148148  0.00008140361245777736
-2530.864198  3271.604938  0.00008139735034289282
-2530.864198  3395.061728  0.00008250577726026229
-2530.864198  3518.518519  0.00008311227473624630
-2530.864198  3641.975309  0.00008341916933587052
-2530.864198  3765.432099  0.00008343595382087145
-2530.864198  3888.888889  0.00008355609642351724
-2530.864198  4012.345679  0.00008160047075594434
-2530.864198  4135.802469  0.00008114107976610087
-2530.864198  4259.259259  0.00008229683797874476
-2530.864198  4382.716049  0.00008159727962879585
-2530.864198  4506.172840  0.00008112810761933635
-2530.864198  4629.629630  0.00008517806304715226
-2530.864198  4753.086420  0.00008439542990455668
-2530.864198  4876.543210  0.00008372916811495804

-2407.407407 -5000.000000  0.00002100506166105747
-2407.407407 -4876.543210  0.00009995146842721216
-2407.407407 -4753.086420  0.00009738224096155957
-2407.407407 -4629.629630  0.00009696692067208605
-2407.407407 -4506.172840  0.00009355024996057850
-2407.407407 -4382.716049  0.00009591839614285589
-2407.407407 -4259.259259  0.00009710654511540517
-2407.407407 -4135.802469  0.00009471703261959498
-2407.407407 -4012.345679  0.00009444086020954014
-2407.407407 -3888.888889  0.00009709834528639672
-2407.407407 -3765.432099  0.00009567989647191961
-2407.407407 -3641.975309  0.00009677182621345300
-2407.407407 -3518.518519  0.00009619210074901455
-2407.407407 -3395.061728  0.00009608557684461057
-2407.407407 -3271.604938  0.00009568020104378255
-2407.407407 -3148.148148  0.00009575664476183188
-2407.407407 -3024.691358  0.00009568335238678014
-2407.407407 -2901.234568  0.00009588160641549711
-2407.407407 -2777.777778  0.00009652842918080788
-2407.407407 -2654.320988  0.00009664241271285270
-2407.407407 -2530.864198  0.00009419657671489137
-2407.407407 -2407.407407  0.00009310971487787503
-2407.407407 -2283.950617  0.00009213759831597005
-2407.407407 -2160.493827  0.00009247065402843368
-2407.407407 -2037.037037  0.00009245517140004986
-2407.407407 -1913.580247  0.00009267302421219139
-2407.407407 -1790.123457  0.00009264990947190188
-2407.407407 -1666.666667  0.00009275846480636119
-2407.407407 -1543.209877  0.00009288216320692104
-2407.407407 -1419.753086  0.00009284503777055017
-2407.407407 -1296.296296  0.00009272466608412463
-2407.407407 -1172.839506  0.00009304031692302060
-2407.407407 -1049.382716  0.00009301865166964262
-2407.407407  -925.925926  0.00009318700250351771
-2407.407407  -802.469136  0.00009329045689377587
-2407.407407  -679.012346  0.00009339321167691000
-2407.407407  -555.555556  0.00009344311062033529
-2407.407407  -432.098765  0.00009347222268225813
-2407.407407  -308.641975  0.00009345932627087712
-2407.407407  -185.185185  0.00009341597632179934
-2407.407407   -61.728395  0.00009350476696129965
-2407.407407    61.728395  0.00009350476696129603
-2407.407407   185.185185  0.00009341597632178435
-2407.407407   308.641975  0.00009345932627085680
-2407.407407   432.098765  0.00009347222268223318
-2407.407407   555.555556  0.00009344311062029985
-2407.407407   679.012346  0.00009339321167687505
-2407.407407   802.469136  0.00009329045689373066
-2407.407407   925.925926  0.00009318700250346819
-2407.407407  1049.382716  0.00009301865166958672
-2407.407407  1172.839506  0.00009304031692295421
-2407.407407  1296.296296  0.00009272466608405418
-2407.407407  1419.753086  0.00009284503777047590
-2407.407407  1543.209877  0.00009288216320683743
-2407.407407  1666.666667  0.00009275846480627320
-2407.407407  1790.123457  0.00009264990947180489
-2407.407407  1913.580247  0.00009267302421209355
-2407.407407  2037.037037  0.00009245517139994320
-2407.407407  2160.493827  0.00009247065402831932
-2407.407407  2283.950617  0.00009213759831584964
-2407.407407  2407.407407  0.00009310971487774853
-2407.407407  2530.864198  0.00009419657671475990
-2407.407407  2654.320988  0.00009664241271271265
-2407.407407  2777.777778  0.00009652842918066129
-2407.407407  2901.234568  0.00009588160641534773
-2407.407407  3024.691358  0.00009568335238662254
-2407.407407  3148.148148  0.00009575664476167303
-2407.407407  3271.604938  0.00009568020104361725
-2407.407407  3395.061728  0.00009608557684443471
-2407.407407  3518.518519  0.00009619210074882892
-2407.407407  3641.975309  0.00009677182621325722
-2407.407407  3765.432099  0.00009567989647171915
-2407.407407  3888.888889  0.00009709834528619585
-2407.407407  4012.345679  0.00009444086020933754
-2407.407407  4135.802469  0.00009471703261938565
-2407.407407  4259.259259  0.00009710654511518188
-2407.407407  4382.716049  0.00009591839614262699
-2407.407407  4506.172840  0.00009355024996034765
-2407.407407  4629.629630  0.00009696692067183411
-2407.407407  4753.086420  0.00009738224096130203
-2407.407407  4876.543210  0.00009995146842695798

-2283.950617 -5000.000000  0.00002212978251912131
-2283.950617 -4876.543210  0.00009966372128906057
-2283.950617 -4753.086420  0.00009635406630621215
-2283.950617 -4629.629630  0.00009630262601570907
-2283.950617 -4506.172840  0.00009285568090335852
-2283.950617 -4382.716049  0.00009530348857922025
-2283.950617 -4259.259259  0.00009662521005843437
-2283.950617 -4135.802469  0.00009429801435604563
-2283.950617 -4012.345679  0.00009394898500107119
-2283.950617 -3888.888889  0.00009636495340880500
-2283.950617 -3765.432099  0.00009499518685322938
-2283.950617 -3641.975309  0.00009597153662997362
-2283.950617 -3518.518519  0.00009549608001901978
-2283.950617 -3395.061728  0.00009548316769526247
-2283.950617 -3271.604938  0.00009517052928301244
-2283.950617 -3148.148148  0.00009525754283070855
-2283.950617 -3024.691358  0.00009510700545339378
-2283.950617 -2901.234568  0.00009512240369868399
-2283.950617 -2777.777778  0.00009565036660772834
-2283.950617 -2654.320988  0.00009598062066713494
-2283.950617 -2530.864198  0.00009476237417119556
-2283.950617 -2407.407407  0.00009617286446966163
-2283.950617 -2283.950617  0.00009562230260131034
-2283.950617 -2160.493827  0.00009613844965781155
-2283.950617 -2037.037037  0.00009601027620187238
-2283.950617 -1913.580247  0.00009618119692787848
-2283.950617 -1790.123457  0.00009606720705479986
-2283.950617 -1666.666667  0.00009616807877169241
-2283.950617 -1543.209877  0.00009634728583330968
-2283.950617 -1419.753086  0.00009638237558799300
-2283.950617 -1296.296296  0.00009633282286258718
-2283.950617 -1172.839506  0.00009654228001928818
-2283.950617 -1049.382716  0.00009654298666500131
-2283.950617  -925.925926  0.00009669977989325092
-2283.950617  -802.469136  0.00009679576031487341
-2283.950617  -679.012346  0.00009688006885848453
-2283.950617  -555.555556  0.00009693662310490899
-2283.950617  -432.098765  0.00009701308779818590
-2283.950617  -308.641975  0.00009709342164645370
-2283.950617  -185.185185  0.00009713690179621161
-2283.950617   -61.728395  0.00009712140982878115
-2283.950617    61.728395  0.00009712140982877987
-2283.950617   185.185185  0.00009713690179619783
-2283.950617   308.641975  0.00009709342164643452
-2283.950617   432.098765  0.00009701308779816236
-2283.950617   555.555556  0.00009693662310487463
-2283.950617   679.012346  0.00009688006885845180
-2283.950617   802.469136  0.00009679576031483043
-2283.950617   925.925926  0.00009669977989320166
-2283.950617  1049.382716  0.00009654298666494607
-2283.950617  1172.839506  0.00009654228001922308
-2283.950617  1296.296296  0.00009633282286251768
-2283.950617  1419.753086  0.00009638237558791901
-2283.950617  1543.209877  0.00009634728583322703
-2283.950617  1666.666667  0.00009616807877160398
-2283.950617  1790.123457  0.00009606720705470282
-2283.950617  1913.580247  0.00009618119692778105
-2283.950617  2037.037037  0.00009601027620176580
-2283.950617  2160.493827  0.00009613844965769731
-2283.950617  2283.950617  0.00009562230260118966
-2283.950617  2407.407407  0.00009617286446953594
-2283.950617  2530.864198  0.00009476237417106640
-2283.950617  2654.320988  0.00009598062066699902
-2283.950617  2777.777778  0.00009565036660758712
-2283.950617  2901.234568  0.00009512240369853924
-2283.950617  3024.691358  0.00009510700545324038
-2283.950617  3148.148148  0.00009525754283055335
-2283.950617  3271.604938  0.00009517052928285112
-2283.950617  3395.061728  0.00009548316769509050
-2283.950617  3518.518519  0.00009549608001883964
-2283.950617  3641.975309  0.00009597153662978396
-2283.950617  3765.432099  0.00009499518685303602
-2283.950617  3888.888889  0.00009636495340861100
-2283.950617  4012.345679  0.00009394898500087420
-2283.950617  4135.802469  0.00009429801435584194
-2283.950617  4259.259259  0.00009662521005821709
-2283.950617  4382.716049  0.00009530348857899854
-2283.950617  4506.172840  0.00009285568090313516
-2283.950617  4629.629630  0.00009630262601546626
-2283.950617  4753.086420  0.00009635406630596418
-2283.950617  4876.543210  0.00009966372128881124

-2160.493827 -5000.000000  0.00002312830698568388
-2160.493827 -4876.543210  0.00010227416726151358
-2160.493827 -4753.086420  0.00009902768925003712
-2160.493827 -4629.629630  0.00009922574111279990
-2160.493827 -4506.172840  0.00009545044226955707
-2160.493827 -4382.716049  0.00009777662763315243
-2160.493827 -4259.259259  0.00009917064745306091
-2160.493827 -4135.802469  0.00009696095066178937
-2160.493827 -4012.345679  0.00009669090119372367
-2160.493827 -3888.888889  0.00009904306117360970
-2160.493827 -3765.432099  0.00009796157807458948
-2160.493827 -3641.975309  0.00009856170556558163
-2160.493827 -3518.518519  0.00009833928568779400
-2160.493827 -3395.061728  0.00009824140181208873
-2160.493827 -3271.604938  0.00009764572602452382
-2160.493827 -3148.148148  0.00009770625557106995
-2160.493827 -3024.691358  0.00009791259625430214
-2160.493827 -2901.234568  0.00009830819870695167
-2160.493827 -2777.777778  0.00009852838495350428
-2160.493827 -2654.320988  0.00009816176413325729
-2160.493827 -2530.864198  0.00009799517123208067
-2160.493827 -2407.407407  0.00010007942576073059
-2160.493827 -2283.950617  0.00009968664463606254
-2160.493827 -2160.493827  0.00009936640908429228
-2160.493827 -2037.037037  0.00009943934023869808
-2160.493827 -1913.580247  0.00009989797334275825
-2160.493827 -1790.123457  0.00010010683503473345
-2160.493827 -1666.666667  0.00010007260782482537
-2160.493827 -1543.209877  0.00010003670017710912
-2160.493827 -1419.753086  0.00010025166081744552
-2160.493827 -1296.296296  0.00010032423067695425
-2160.493827 -1172.839506  0.00010027594980949910
-2160.493827 -1049.382716  0.00010039426465658410
-2160.493827  -925.925926  0.00010058784050434530
-2160.493827  -802.469136  0.00010076758031604198
-2160.493827  -679.012346  0.00010094899453649826
-2160.493827  -555.555556  0.00010107531349405949
-2160.493827  -432.098765  0.00010114298035303000
-2160.493827  -308.641975  0.00010115377924093707
-2160.493827  -185.185185  0.00010115980363390970
-2160.493827   -61.728395  0.00010132476755585811
-2160.493827    61.728395  0.00010132476755585586
-2160.493827   185.185185  0.00010115980363389466
-2160.493827   308.641975  0.00010115377924091704
-2160.493827   432.098765  0.00010114298035300635
-2160.493827   555.555556  0.00010107531349402543
-2160.493827   679.012346  0.00010094899453646540
-2160.493827   802.469136  0.00010076758031599786
-2160.493827   925.925926  0.00010058784050429514
-2160.493827  1049.382716  0.00010039426465652699
-2160.493827  1172.839506  0.00010027594980943226
-2160.493827  1296.296296  0.00010032423067688356
-2160.493827  1419.753086  0.00010025166081737102
-2160.493827  1543.209877  0.00010003670017702572
-2160.493827  1666.666667  0.00010007260782473546
-2160.493827  1790.123457  0.00010010683503463422
-2160.493827  1913.580247  0.00009989797334265978
-2160.493827  2037.037037  0.00009943934023859078
-2160.493827  2160.493827  0.00009936640908417742
-2160.493827  2283.950617  0.00009968664463594100
-2160.493827  2407.407407  0.00010007942576060333
-2160.493827  2530.864198  0.00009799517123195104
-2160.493827  2654.320988  0.00009816176413312258
-2160.493827  2777.777778  0.00009852838495336377
-2160.493827  2901.234568  0.00009830819870680698
-2160.493827  3024.691358  0.00009791259625414948
-2160.493827  3148.148148  0.00009770625557091703
-2160.493827  3271.604938  0.00009764572602436344
-2160.493827  3395.061728  0.00009824140181191807
-2160.493827  3518.518519  0.00009833928568761513
-2160.493827  3641.975309  0.00009856170556539332
-2160.493827  3765.432099  0.00009796157807439683
-2160.493827  3888.888889  0.00009904306117341680
-2160.493827  4012.345679  0.00009669090119352722
-2160.493827  4135.802469  0.00009696095066158734
-2160.493827  4259.259259  0.00009917064745284598
-2160.493827  4382.716049  0.00009777662763293406
-2160.493827  4506.172840  0.00009545044226933491
-2160.493827  4629.629630  0.00009922574111255696
-2160.493827  4753.086420  0.00009902768924979131
-2160.493827  4876.543210  0.00010227416726126723

-2037.037037 -5000.000000  0.00002411942989880793
-2037.037037 -4876.543210  0.00010620122540255583
-2037.037037 -4753.086420  0.00010249823193954647
-2037.037037 -4629.629630  0.00010261744808300535
-2037.037037 -4506.172840  0.00009877887497084020
-2037.037037 -4382.716049  0.00010132478190821192
-2037.037037 -4259.259259  0.00010283094368077197
-2037.037037 -4135.802469  0.00010050102359290436
-2037.037037 -4012.345679  0.00010016125345311264
-2037.037037 -3888.888889  0.00010260374371142853
-2037.037037 -3765.432099  0.00010139343790563964
-2037.037037 -3641.975309  0.00010206201936805584
-2037.037037 -3518.518519  0.00010178998189252284
-2037.037037 -3395.061728  0.00010171228090359870
-2037.037037 -3271.604938  0.00010119893307610540
-2037.037037 -3148.148148  0.00010130854725667499
-2037.037037 -3024.691358  0.00010146826733161013
-2037.037037 -2901.234568  0.00010177400261489946
-2037.037037 -2777.777778  0.00010203127365848206
-2037.037037 -2654.320988  0.00010176959716604572
-2037.037037 -2530.864198  0.00010141312642673663
-2037.037037 -2407.407407  0.00010368064387321417
-2037.037037 -2283.950617  0.00010315130199942017
-2037.037037 -2160.493827  0.00010303680769547176
-2037.037037 -2037.037037  0.00010307584267553554
-2037.037037 -1913.580247  0.00010354206495588383
-2037.037037 -1790.123457  0.00010371943354157276
-2037.037037 -1666.666667  0.00010375370038769936
-2037.037037 -1543.209877  0.00010379470487118136
-2037.037037 -1419.753086  0.00010400146295384443
-2037.037037 -1296.296296  0.00010411602667735747
-2037.037037 -1172.839506  0.00010432872962622281
-2037.037037 -1049.382716  0.00010448593964022819
-2037.037037  -925.925926  0.00010473607139808601
-2037.037037  -802.469136  0.00010496308247804500
-2037.037037  -679.012346  0.00010519896704603824
-2037.037037  -555.555556  0.00010537293403954384
-2037.037037  -432.098765  0.00010548777846849466
-2037.037037  -308.641975  0.00010553996528499393
-2037.037037  -185.185185  0.00010557291619525431
-2037.037037   -61.728395  0.00010573828561295773
-2037.037037    61.728395  0.00010573828561295655
-2037.037037   185.185185  0.00010557291619523949
-2037.037037   308.641975  0.00010553996528497453
-2037.037037   432.098765  0.00010548777846847164
-2037.037037   555.555556  0.00010537293403950998
-2037.037037   679.012346  0.00010519896704600586
-2037.037037   802.469136  0.00010496308247800201
-2037.037037   925.925926  0.00010473607139803627
-2037.037037  1049.382716  0.00010448593964017185
-2037.037037  1172.839506  0.00010432872962615567
-2037.037037  1296.296296  0.00010411602667728631
-2037.037037  1419.753086  0.00010400146295377155
-2037.037037  1543.209877  0.00010379470487109830
-2037.037037  1666.666667  0.00010375370038761053
-2037.037037  1790.123457  0.00010371943354147406
-2037.037037  1913.580247  0.00010354206495578637
-2037.037037  2037.037037  0.00010307584267542859
-2037.037037  2160.493827  0.00010303680769535813
-2037.037037  2283.950617  0.00010315130199929936
-2037.037037  2407.407407  0.00010368064387308736
-2037.037037  2530.864198  0.00010141312642660662
-2037.037037  2654.320988  0.00010176959716591166
-2037.037037  2777.777778  0.00010203127365834177
-2037.037037  2901.234568  0.00010177400261475508
-2037.037037  3024.691358  0.00010146826733145784
-2037.037037  3148.148148  0.00010130854725652367
-2037.037037  3271.604938  0.00010119893307594785
-2037.037037  3395.061728  0.00010171228090343081
-2037.037037  3518.518519  0.00010178998189234569
-2037.037037  3641.975309  0.00010206201936786795
-2037.037037  3765.432099  0.00010139343790544815
-2037.037037  3888.888889  0.00010260374371123662
-2037.037037  4012.345679  0.00010016125345291787
-2037.037037  4135.802469  0.00010050102359270310
-2037.037037  4259.259259  0.00010283094368055714
-2037.037037  4382.716049  0.00010132478190799264
-2037.037037  4506.172840  0.00009877887497061912
-2037.037037  4629.629630  0.00010261744808276354
-2037.037037  4753.086420  0.00010249823193930081
-2037.037037  4876.543210  0.00010620122540230870

-1913.580247 -5000.000000  0.00002529120866707003
-1913.580247 -4876.543210  0.00011216738333887217
-1913.580247 -4753.086420  0.00010781148123556308
-1913.580247 -4629.629630  0.00010770365323879423
-1913.580247 -4506.172840  0.00010383472174952298
-1913.580247 -4382.716049  0.00010676117473926877
-1913.580247 -4259.259259  0.00010840826097149915
-1913.580247 -4135.802469  0.00010583226970642801
-1913.580247 -4012.345679  0.00010538181176739221
-1913.580247 -3888.888889  0.00010802414258718989
-1913.580247 -3765.432099  0.00010653804468818458
-1913.580247 -3641.975309  0.00010742263653323831
-1913.580247 -3518.518519  0.00010703264445679259
-1913.580247 -3395.061728  0.00010700891236703871
-1913.580247 -3271.604938  0.00010663362019562810
-1913.580247 -3148.148148  0.00010680465037819417
-1913.580247 -3024.691358  0.00010684181303122205
-1913.580247 -2901.234568  0.00010700205645196224
-1913.580247 -2777.777778  0.00010734730286455815
-1913.580247 -2654.320988  0.00010731619729527868
-1913.580247 -2530.864198  0.00010641805852689115
-1913.580247 -2407.407407  0.00010744590249936264
-1913.580247 -2283.950617  0.00010683630934561980
-1913.580247 -2160.493827  0.00010701588433565026
-1913.580247 -2037.037037  0.00010705481520535349
-1913.580247 -1913.580247  0.00010743150282964187
-1913.580247 -1790.123457  0.00010755657840864907
-1913.580247 -1666.666667  0.00010769987390389771
-1913.580247 -1543.209877  0.00010787380268315774
-1913.580247 -1419.753086  0.00010806253236502195
-1913.580247 -1296.296296  0.00010818859530991377
-1913.580247 -1172.839506  0.00010861367135925153
-1913.580247 -1049.382716  0.00010881054682261435
-1913.580247  -925.925926  0.00010914490531342504
-1913.580247  -802.469136  0.00010944163517405452
-1913.580247  -679.012346  0.00010974345943580179
-1913.580247  -555.555556  0.00010998241776786039
-1913.580247  -432.098765  0.00011017436091546703
-1913.580247  -308.641975  0.00011030475150929316
-1913.580247  -185.185185  0.00011038652562567311
-1913.580247   -61.728395  0.00011052329725210077
-1913.580247    61.728395  0.00011052329725209922
-1913.580247   185.185185  0.00011038652562565751
-1913.580247   308.641975  0.00011030475150927254
-1913.580247   432.098765  0.00011017436091544282
-1913.580247   555.555556  0.00010998241776782574
-1913.580247   679.012346  0.00010974345943577006
-1913.580247   802.469136  0.00010944163517401129
-1913.580247   925.925926  0.00010914490531337536
-1913.580247  1049.382716  0.00010881054682255867
-1913.580247  1172.839506  0.00010861367135918516
-1913.580247  1296.296296  0.00010818859530984244
-1913.580247  1419.753086  0.00010806253236494774
-1913.580247  1543.209877  0.00010787380268307401
-1913.580247  1666.666667  0.00010769987390380804
-1913.580247  1790.123457  0.00010755657840855068
-1913.580247  1913.580247  0.00010743150282954524
-1913.580247  2037.037037  0.00010705481520524938
-1913.580247  2160.493827  0.00010701588433553684
-1913.580247  2283.950617  0.00010683630934549973
-1913.580247  2407.407407  0.00010744590249923676
-1913.580247  2530.864198  0.00010641805852676152
-1913.580247  2654.320988  0.00010731619729514272
-1913.580247  2777.777778  0.00010734730286441507
-1913.580247  2901.234568  0.00010700205645181716
-1913.580247  3024.691358  0.00010684181303106748
-1913.580247  3148.148148  0.00010680465037804037
-1913.580247  3271.604938  0.00010663362019546841
-1913.580247  3395.061728  0.00010700891236686907
-1913.580247  3518.518519  0.00010703264445661323
-1913.580247  3641.975309  0.00010742263653304851
-1913.580247  3765.432099  0.00010653804468799055
-1913.580247  3888.888889  0.00010802414258699670
-1913.580247  4012.345679  0.00010538181176719543
-1913.580247  4135.802469  0.00010583226970622381
-1913.580247  4259.259259  0.00010840826097128051
-1913.580247  4382.716049  0.00010676117473904645
-1913.580247  4506.172840  0.00010383472174929922
-1913.580247  4629.629630  0.00010770365323854992
-1913.580247  4753.086420  0.00010781148123531306
-1913.580247  4876.543210  0.00011216738333862077

-1790.123457 -5000.000000  0.00002624357403846286
-1790.123457 -4876.543210  0.00011633861348740824
-1790.123457 -4753.086420  0.00011145042394946567
-1790.123457 -4629.629630  0.00011120678875567345
-1790.123457 -4506.172840  0.00010731751264375439
-1790.123457 -4382.716049  0.00011052064827829120
-1790.123457 -4259.259259  0.00011228227799241852
-1790.123457 -4135.802469  0.00010954162815935758
-1790.123457 -4012.345679  0.00010900126148283232
-1790.123457 -3888.888889  0.00011176439339358806
-1790.123457 -3765.432099  0.00011008019982460901
-1790.123457 -3641.975309  0.00011111566072438454
-1790.123457 -3518.518519  0.00011063130126603930
-1790.123457 -3395.061728  0.00011064881261850992
-1790.123457 -3271.604938  0.00011040586366596664
-1790.123457 -3148.148148  0.00011063296137025189
-1790.123457 -3024.691358  0.00011056264092130457
-1790.123457 -2901.234568  0.00011057645689369358
-1790.123457 -2777.777778  0.00011100674656895825
-1790.123457 -2654.320988  0.00011119913421890444
-1790.123457 -2530.864198  0.00010990647360214145
-1790.123457 -2407.407407  0.00011057140884512637
-1790.123457 -2283.950617  0.00010985086738853273
-1790.123457 -2160.493827  0.00011035523092996394
-1790.123457 -2037.037037  0.00011036041915767747
-1790.123457 -1913.580247  0.00011069091731251304
-1790.123457 -1790.123457  0.00011076073201410306
-1790.123457 -1666.666667  0.00011101563982889908
-1790.123457 -1543.209877  0.00011132924862587030
-1790.123457 -1419.753086  0.00011150464028688701
-1790.123457 -1296.296296  0.00011169344166209090
-1790.123457 -1172.839506  0.00011208226603730096
-1790.123457 -1049.382716  0.00011238430921701572
-1790.123457  -925.925926  0.00011281083383576980
-1790.123457  -802.469136  0.00011322277845907487
-1790.123457  -679.012346  0.00011361990168687112
-1790.123457  -555.555556  0.00011397108764565664
-1790.123457  -432.098765  0.00011427613175955531
-1790.123457  -308.641975  0.00011451312182565673
-1790.123457  -185.185185  0.00011467041645328092
-1790.123457   -61.728395  0.00011479656251342145
-1790.123457    61.728395  0.00011479656251342503
-1790.123457   185.185185  0.00011467041645326816
-1790.123457   308.641975  0.00011451312182563800
-1790.123457   432.098765  0.00011427613175953273
-1790.123457   555.555556  0.00011397108764562132
-1790.123457   679.012346  0.00011361990168683731
-1790.123457   802.469136  0.00011322277845902906
-1790.123457   925.925926  0.00011281083383571704
-1790.123457  1049.382716  0.00011238430921695784
-1790.123457  1172.839506  0.00011208226603723284
-1790.123457  1296.296296  0.00011169344166202297
-1790.123457  1419.753086  0.00011150464028681683
-1790.123457  1543.209877  0.00011132924862578968
-1790.123457  1666.666667  0.00011101563982881088
-1790.123457  1790.123457  0.00011076073201400672
-1790.123457  1913.580247  0.00011069091731241689
-1790.123457  2037.037037  0.00011036041915757247
-1790.123457  2160.493827  0.00011035523092985060
-1790.123457  2283.950617  0.00010985086738841175
-1790.123457  2407.407407  0.00011057140884499881
-1790.123457  2530.864198  0.00010990647360201131
-1790.123457  2654.320988  0.00011119913421876912
-1790.123457  2777.777778  0.00011100674656881617
-1790.123457  2901.234568  0.00011057645689354866
-1790.123457  3024.691358  0.00011056264092115076
-1790.123457  3148.148148  0.00011063296137009683
-1790.123457  3271.604938  0.00011040586366580341
-1790.123457  3395.061728  0.00011064881261833665
-1790.123457  3518.518519  0.00011063130126585743
-1790.123457  3641.975309  0.00011111566072419210
-1790.123457  3765.432099  0.00011008019982441419
-1790.123457  3888.888889  0.00011176439339339479
-1790.123457  4012.345679  0.00010900126148263473
-1790.123457  4135.802469  0.00010954162815915182
-1790.123457  4259.259259  0.00011228227799219719
-1790.123457  4382.716049  0.00011052064827806665
-1790.123457  4506.172840  0.00010731751264352847
-1790.123457  4629.629630  0.00011120678875542791
-1790.123457  4753.086420  0.00011145042394921472
-1790.123457  4876.543210  0.00011633861348715535

-1666.666667 -5000.000000  0.00002704051281819699
-1666.666667 -4876.543210  0.00011918751539418733
-1666.666667 -4753.086420  0.00011409465356182225
-1666.666667 -4629.629630  0.00011387751798703798
-1666.666667 -4506.172840  0.00010985530920027382
-1666.666667 -4382.716049  0.00011313412602298226
-1666.666667 -4259.259259  0.00011497350226652592
-1666.666667 -4135.802469  0.00011220498995195758
-1666.666667 -4012.345679  0.00011165427405664550
-1666.666667 -3888.888889  0.00011445097488867139
-1666.666667 -3765.432099  0.00011278557318971874
-1666.666667 -3641.975309  0.00011374883579988799
-1666.666667 -3518.518519  0.00011331152454794904
-1666.666667 -3395.061728  0.00011331266317725572
-1666.666667 -3271.604938  0.00011302935697787955
-1666.666667 -3148.148148  0.00011327662277449767
-1666.666667 -3024.691358  0.00011329320105092686
-1666.666667 -2901.234568  0.00011338299381901380
-1666.666667 -2777.777778  0.00011374948403915694
-1666.666667 -2654.320988  0.00011378901576673832
-1666.666667 -2530.864198  0.00011266698587035522
-1666.666667 -2407.407407  0.00011349806875466275
-1666.666667 -2283.950617  0.00011275756134748700
-1666.666667 -2160.493827  0.00011312690821952213
-1666.666667 -2037.037037  0.00011319976461719505
-1666.666667 -1913.580247  0.00011364210378567090
-1666.666667 -1790.123457  0.00011382511630448562
-1666.666667 -1666.666667  0.00011411054521358914
-1666.666667 -1543.209877  0.00011444447763760357
-1666.666667 -1419.753086  0.00011471561309447218
-1666.666667 -1296.296296  0.00011503133397533074
-1666.666667 -1172.839506  0.00011529760531236999
-1666.666667 -1049.382716  0.00011577547189328658
-1666.666667  -925.925926  0.00011634521647402279
-1666.666667  -802.469136  0.00011694651008846507
-1666.666667  -679.012346  0.00011753069610927878
-1666.666667  -555.555556  0.00011807152428165180
-1666.666667  -432.098765  0.00011852774937850452
-1666.666667  -308.641975  0.00011887269293162559
-1666.666667  -185.185185  0.00011911294050176874
-1666.666667   -61.728395  0.00011934319462180702
-1666.666667    61.728395  0.00011934319462181146
-1666.666667   185.185185  0.00011911294050175603
-1666.666667   308.641975  0.00011887269293160601
-1666.666667   432.098765  0.00011852774937848014
-1666.666667   555.555556  0.00011807152428161553
-1666.666667   679.012346  0.00011753069610924437
-1666.666667   802.469136  0.00011694651008841854
-1666.666667   925.925926  0.00011634521647396951
-1666.666667  1049.382716  0.00011577547189322881
-1666.666667  1172.839506  0.00011529760531230106
-1666.666667  1296.296296  0.00011503133397526275
-1666.666667  1419.753086  0.00011471561309440175
-1666.666667  1543.209877  0.00011444447763752166
-1666.666667  1666.666667  0.00011411054521350134
-1666.666667  1790.123457  0.00011382511630438716
-1666.666667  1913.580247  0.00011364210378557580
-1666.666667  2037.037037  0.00011319976461709196
-1666.666667  2160.493827  0.00011312690821940956
-1666.666667  2283.950617  0.00011275756134736551
-1666.666667  2407.407407  0.00011349806875453457
-1666.666667  2530.864198  0.00011266698587022504
-1666.666667  2654.320988  0.00011378901576660272
-1666.666667  2777.777778  0.00011374948403901508
-1666.666667  2901.234568  0.00011338299381886803
-1666.666667  3024.691358  0.00011329320105077224
-1666.666667  3148.148148  0.00011327662277434174
-1666.666667  3271.604938  0.00011302935697771623
-1666.666667  3395.061728  0.00011331266317708150
-1666.666667  3518.518519  0.00011331152454776654
-1666.666667  3641.975309  0.00011374883579969555
-1666.666667  3765.432099  0.00011278557318952307
-1666.666667  3888.888889  0.00011445097488847926
-1666.666667  4012.345679  0.00011165427405644759
-1666.666667  4135.802469  0.00011220498995175154
-1666.666667  4259.259259  0.00011497350226630625
-1666.666667  4382.716049  0.00011313412602275848
-1666.666667  4506.172840  0.00010985530920004855
-1666.666667  4629.629630  0.00011387751798679207
-1666.666667  4753.086420  0.00011409465356157152
-1666.666667  4876.543210  0.00011918751539393523

-1543.209877 -5000.000000  0.00002777859158494711
-1543.209877 -4876.543210  0.00012142947199591221
-1543.209877 -4753.086420  0.00011617575141867102
-1543.209877 -4629.629630  0.00011603794493624740
-1543.209877 -4506.172840  0.00011187317136322497
-1543.209877 -4382.716049  0.00011518385321024821
-1543.209877 -4259.259259  0.00011709235089506151
-1543.209877 -4135.802469  0.00011432931805557116
-1543.209877 -4012.345679  0.00011378178859007159
-1543.209877 -3888.888889  0.00011657591899537039
-1543.209877 -3765.432099  0.00011497618490917603
-1543.209877 -3641.975309  0.00011582036303895859
-1543.209877 -3518.518519  0.00011546592254664194
-1543.209877 -3395.061728  0.00011544907927452564
-1543.209877 -3271.604938  0.00011509503877006482
-1543.209877 -3148.148148  0.00011535254448711269
-1543.209877 -3024.691358  0.00011548574850511556
-1543.209877 -2901.234568  0.00011568259679499982
-1543.209877 -2777.777778  0.00011594961337355722
-1543.209877 -2654.320988  0.00011578474461269305
-1543.209877 -2530.864198  0.00011505432090305843
-1543.209877 -2407.407407  0.00011634276513289504
-1543.209877 -2283.950617  0.00011565017586244266
-1543.209877 -2160.493827  0.00011581055668641331
-1543.209877 -2037.037037  0.00011596381604189652
-1543.209877 -1913.580247  0.00011654451356453668
-1543.209877 -1790.123457  0.00011687148997255993
-1543.209877 -1666.666667  0.00011718051582057356
-1543.209877 -1543.209877  0.00011752433661066510
-1543.209877 -1419.753086  0.00011794156909288518
-1543.209877 -1296.296296  0.00011842899159457107
-1543.209877 -1172.839506  0.00011891224968485703
-1543.209877 -1049.382716  0.00011960131705866151
-1543.209877  -925.925926  0.00012038809924584330
-1543.209877  -802.469136  0.00012124568221877883
-1543.209877  -679.012346  0.00012212103778030131
-1543.209877  -555.555556  0.00012294521663563145
-1543.209877  -432.098765  0.00012364578455825612
-1543.209877  -308.641975  0.00012418051905431450
-1543.209877  -185.185185  0.00012456790901769880
-1543.209877   -61.728395  0.00012494660230529965
-1543.209877    61.728395  0.00012494660230530583
-1543.209877   185.185185  0.00012456790901768690
-1543.209877   308.641975  0.00012418051905429457
-1543.209877   432.098765  0.00012364578455823023
-1543.209877   555.555556  0.00012294521663559326
-1543.209877   679.012346  0.00012212103778026388
-1543.209877   802.469136  0.00012124568221873094
-1543.209877   925.925926  0.00012038809924578963
-1543.209877  1049.382716  0.00011960131705860331
-1543.209877  1172.839506  0.00011891224968478668
-1543.209877  1296.296296  0.00011842899159450186
-1543.209877  1419.753086  0.00011794156909281355
-1543.209877  1543.209877  0.00011752433661058260
-1543.209877  1666.666667  0.00011718051582048404
-1543.209877  1790.123457  0.00011687148997246115
-1543.209877  1913.580247  0.00011654451356443927
-1543.209877  2037.037037  0.00011596381604179284
-1543.209877  2160.493827  0.00011581055668630044
-1543.209877  2283.950617  0.00011565017586232025
-1543.209877  2407.407407  0.00011634276513276482
-1543.209877  2530.864198  0.00011505432090293011
-1543.209877  2654.320988  0.00011578474461255907
-1543.209877  2777.777778  0.00011594961337341712
-1543.209877  2901.234568  0.00011568259679485569
-1543.209877  3024.691358  0.00011548574850496272
-1543.209877  3148.148148  0.00011535254448695742
-1543.209877  3271.604938  0.00011509503876990217
-1543.209877  3395.061728  0.00011544907927435193
-1543.209877  3518.518519  0.00011546592254645929
-1543.209877  3641.975309  0.00011582036303876803
-1543.209877  3765.432099  0.00011497618490898185
-1543.209877  3888.888889  0.00011657591899518011
-1543.209877  4012.345679  0.00011378178858987473
-1543.209877  4135.802469  0.00011432931805536595
-1543.209877  4259.259259  0.00011709235089484253
-1543.209877  4382.716049  0.00011518385321002620
-1543.209877  4506.172840  0.00011187317136300154
-1543.209877  4629.629630  0.00011603794493600226
-1543.209877  4753.086420  0.00011617575141842164
-1543.209877  4876.543210  0.00012142947199566115

-1419.753086 -5000.000000  0.00002858275104781599
-1419.753086 -4876.543210  0.00012413658994406244
-1419.753086 -4753.086420  0.00011841097610936158
-1419.753086 -4629.629630  0.00011825030765106073
-1419.753086 -4506.172840  0.00011406325115077963
-1419.753086 -4382.716049  0.00011756795103113968
-1419.753086 -4259.259259  0.00011957258573087293
-1419.753086 -4135.802469  0.00011671021229271299
-1419.753086 -4012.345679  0.00011609527561984802
-1419.753086 -3888.888889  0.00011892751300494559
-1419.753086 -3765.432099  0.00011721496471293919
-1419.753086 -3641.975309  0.00011812468602459341
-1419.753086 -3518.518519  0.00011774750106418535
-1419.753086 -3395.061728  0.00011777952422372020
-1419.753086 -3271.604938  0.00011750752035642696
-1419.753086 -3148.148148  0.00011779931393106013
-1419.753086 -3024.691358  0.00011786854993903198
-1419.753086 -2901.234568  0.00011796431893570003
-1419.753086 -2777.777778  0.00011824613606460939
-1419.753086 -2654.320988  0.00011823657630024313
-1419.753086 -2530.864198  0.00011760230220355434
-1419.753086 -2407.407407  0.00011912035306352539
-1419.753086 -2283.950617  0.00011849370659147915
-1419.753086 -2160.493827  0.00011885166402196714
-1419.753086 -2037.037037  0.00011900669597402200
-1419.753086 -1913.580247  0.00011958452832664075
-1419.753086 -1790.123457  0.00011990591725837201
-1419.753086 -1666.666667  0.00012031728306876463
-1419.753086 -1543.209877  0.00012081146593333833
-1419.753086 -1419.753086  0.00012137086655190789
-1419.753086 -1296.296296  0.00012197166996350582
-1419.753086 -1172.839506  0.00012328755401425667
-1419.753086 -1049.382716  0.00012413927302453803
-1419.753086  -925.925926  0.00012527393827327138
-1419.753086  -802.469136  0.00012645241960158705
-1419.753086  -679.012346  0.00012773149842873894
-1419.753086  -555.555556  0.00012895090103784212
-1419.753086  -432.098765  0.00013007193617932126
-1419.753086  -308.641975  0.00013099760464554150
-1419.753086  -185.185185  0.00013166670676671482
-1419.753086   -61.728395  0.00013214205222746424
-1419.753086    61.728395  0.00013214205222746961
-1419.753086   185.185185  0.00013166670676670601
-1419.753086   308.641975  0.00013099760464552293
-1419.753086   432.098765  0.00013007193617929334
-1419.753086   555.555556  0.00012895090103780306
-1419.753086   679.012346  0.00012773149842870148
-1419.753086   802.469136  0.00012645241960153824
-1419.753086   925.925926  0.00012527393827321790
-1419.753086  1049.382716  0.00012413927302447962
-1419.753086  1172.839506  0.00012328755401418566
-1419.753086  1296.296296  0.00012197166996343587
-1419.753086  1419.753086  0.00012137086655183732
-1419.753086  1543.209877  0.00012081146593325585
-1419.753086  1666.666667  0.00012031728306867505
-1419.753086  1790.123457  0.00011990591725827358
-1419.753086  1913.580247  0.00011958452832654424
-1419.753086  2037.037037  0.00011900669597391814
-1419.753086  2160.493827  0.00011885166402185384
-1419.753086  2283.950617  0.00011849370659135774
-1419.753086  2407.407407  0.00011912035306339681
-1419.753086  2530.864198  0.00011760230220342857
-1419.753086  2654.320988  0.00011823657630011068
-1419.753086  2777.777778  0.00011824613606446935
-1419.753086  2901.234568  0.00011796431893555820
-1419.753086  3024.691358  0.00011786854993888068
-1419.753086  3148.148148  0.00011779931393090758
-1419.753086  3271.604938  0.00011750752035626730
-1419.753086  3395.061728  0.00011777952422354891
-1419.753086  3518.518519  0.00011774750106400560
-1419.753086  3641.975309  0.00011812468602440434
-1419.753086  3765.432099  0.00011721496471274840
-1419.753086  3888.888889  0.00011892751300475522
-1419.753086  4012.345679  0.00011609527561965209
-1419.753086  4135.802469  0.00011671021229250958
-1419.753086  4259.259259  0.00011957258573065555
-1419.753086  4382.716049  0.00011756795103091792
-1419.753086  4506.172840  0.00011406325115055831
-1419.753086  4629.629630  0.00011825030765081865
-1419.753086  4753.086420  0.00011841097610911284
-1419.753086  4876.543210  0.00012413658994381169

-1296.296296 -5000.000000  0.00002929166921940682
-1296.296296 -4876.543210  0.00012660022085390031
-1296.296296 -4753.086420  0.00012051837416403763
-1296.296296 -4629.629630  0.00012034725028008857
-1296.296296 -4506.172840  0.00011611425382833608
-1296.296296 -4382.716049  0.00011976444974724226
-1296.296296 -4259.259259  0.00012184971851489983
-1296.296296 -4135.802469  0.00011891481459736642
-1296.296296 -4012.345679  0.00011825323845427726
-1296.296296 -3888.888889  0.00012112102703888655
-1296.296296 -3765.432099  0.00011933212779157321
-1296.296296 -3641.975309  0.00012029317397354089
-1296.296296 -3518.518519  0.00011989444715816733
-1296.296296 -3395.061728  0.00011995242620376223
-1296.296296 -3271.604938  0.00011974115912689629
-1296.296296 -3148.148148  0.00012006220264706920
-1296.296296 -3024.691358  0.00012009646815247194
-1296.296296 -2901.234568  0.00012013997506228960
-1296.296296 -2777.777778  0.00012043636044950269
-1296.296296 -2654.320988  0.00012051808921489058
-1296.296296 -2530.864198  0.00011982010898243891
-1296.296296 -2407.407407  0.00012097369350247255
-1296.296296 -2283.950617  0.00012040164319606961
-1296.296296 -2160.493827  0.00012087103217135154
-1296.296296 -2037.037037  0.00012106321792519119
-1296.296296 -1913.580247  0.00012165291111853586
-1296.296296 -1790.123457  0.00012203191516382359
-1296.296296 -1666.666667  0.00012255872891284787
-1296.296296 -1543.209877  0.00012321039196784775
-1296.296296 -1419.753086  0.00012387109991797871
-1296.296296 -1296.296296  0.00012470153377173952
-1296.296296 -1172.839506  0.00012497399166067281
-1296.296296 -1049.382716  0.00012626472733976528
-1296.296296  -925.925926  0.00012772593417513994
-1296.296296  -802.469136  0.00012944288511567624
-1296.296296  -679.012346  0.00013124253809003309
-1296.296296  -555.555556  0.00013311020421848861
-1296.296296  -432.098765  0.00013486128913491391
-1296.296296  -308.641975  0.00013635050450818852
-1296.296296  -185.185185  0.00013745382912715471
-1296.296296   -61.728395  0.00013812670443073832
-1296.296296    61.728395  0.00013812670443074301
-1296.296296   185.185185  0.00013745382912714484
-1296.296296   308.641975  0.00013635050450816835
-1296.296296   432.098765  0.00013486128913488599
-1296.296296   555.555556  0.00013311020421844769
-1296.296296   679.012346  0.00013124253808999417
-1296.296296   802.469136  0.00012944288511562469
-1296.296296   925.925926  0.00012772593417508424
-1296.296296  1049.382716  0.00012626472733970616
-1296.296296  1172.839506  0.00012497399166059900
-1296.296296  1296.296296  0.00012470153377167040
-1296.296296  1419.753086  0.00012387109991790816
-1296.296296  1543.209877  0.00012321039196776649
-1296.296296  1666.666667  0.00012255872891275837
-1296.296296  1790.123457  0.00012203191516372509
-1296.296296  1913.580247  0.00012165291111844032
-1296.296296  2037.037037  0.00012106321792508885
-1296.296296  2160.493827  0.00012087103217124100
-1296.296296  2283.950617  0.00012040164319594879
-1296.296296  2407.407407  0.00012097369350234479
-1296.296296  2530.864198  0.00011982010898231157
-1296.296296  2654.320988  0.00012051808921475593
-1296.296296  2777.777778  0.00012043636044936137
-1296.296296  2901.234568  0.00012013997506214474
-1296.296296  3024.691358  0.00012009646815231900
-1296.296296  3148.148148  0.00012006220264691394
-1296.296296  3271.604938  0.00011974115912673507
-1296.296296  3395.061728  0.00011995242620359028
-1296.296296  3518.518519  0.00011989444715798484
-1296.296296  3641.975309  0.00012029317397334762
-1296.296296  3765.432099  0.00011933212779138038
-1296.296296  3888.888889  0.00012112102703869441
-1296.296296  4012.345679  0.00011825323845407983
-1296.296296  4135.802469  0.00011891481459716082
-1296.296296  4259.259259  0.00012184971851468020
-1296.296296  4382.716049  0.00011976444974701963
-1296.296296  4506.172840  0.00011611425382811225
-1296.296296  4629.629630  0.00012034725027984476
-1296.296296  4753.086420  0.00012051837416378772
-1296.296296  4876.543210  0.00012660022085364694

-1172.839506 -5000.000000  0.00002995499363944892
-1172.839506 -4876.543210  0.00012813683631662185
-1172.839506 -4753.086420  0.00012194073216532780
-1172.839506 -4629.629630  0.00012181258386305756
-1172.839506 -4506.172840  0.00011749859048543428
-1172.839506 -4382.716049  0.00012116853900718416
-1172.839506 -4259.259259  0.00012329951509844323
-1172.839506 -4135.802469  0.00012037233204501311
-1172.839506 -4012.345679  0.00011970924017563729
-1172.839506 -3888.888889  0.00012257151395113035
-1172.839506 -3765.432099  0.00012083568725642429
-1172.839506 -3641.975309  0.00012168634307151991
-1172.839506 -3518.518519  0.00012137327059815309
-1172.839506 -3395.061728  0.00012142338271135731
-1172.839506 -3271.604938  0.00012114533491330790
-1172.839506 -3148.148148  0.00012147129666530010
-1172.839506 -3024.691358  0.00012160892071578815
-1172.839506 -2901.234568  0.00012174705752572717
-1172.839506 -2777.777778  0.00012194786678422993
-1172.839506 -2654.320988  0.00012185991372387735
-1172.839506 -2530.864198  0.00012163331041841598
-1172.839506 -2407.407407  0.00012379272483474909
-1172.839506 -2283.950617  0.00012310313864426282
-1172.839506 -2160.493827  0.00012334824498274322
-1172.839506 -2037.037037  0.00012381945208319602
-1172.839506 -1913.580247  0.00012463538927543781
-1172.839506 -1790.123457  0.00012498492126190243
-1172.839506 -1666.666667  0.00012539898600573678
-1172.839506 -1543.209877  0.00012627501127306058
-1172.839506 -1419.753086  0.00012776444696845603
-1172.839506 -1296.296296  0.00012755537274192227
-1172.839506 -1172.839506  0.00013093450937133028
-1172.839506 -1049.382716  0.00013148927867056759
-1172.839506  -925.925926  0.00013439595120753013
-1172.839506  -802.469136  0.00013669571503163242
-1172.839506  -679.012346  0.00013952886494630209
-1172.839506  -555.555556  0.00014222280406889877
-1172.839506  -432.098765  0.00014518509877280099
-1172.839506  -308.641975  0.00014785538426900194
-1172.839506  -185.185185  0.00014954346472618091
-1172.839506   -61.728395  0.00015059888169962265
-1172.839506    61.728395  0.00015059888169962609
-1172.839506   185.185185  0.00014954346472616979
-1172.839506   308.641975  0.00014785538426898251
-1172.839506   432.098765  0.00014518509877277236
-1172.839506   555.555556  0.00014222280406885922
-1172.839506   679.012346  0.00013952886494625902
-1172.839506   802.469136  0.00013669571503157680
-1172.839506   925.925926  0.00013439595120747026
-1172.839506  1049.382716  0.00013148927867050384
-1172.839506  1172.839506  0.00013093450937125308
-1172.839506  1296.296296  0.00012755537274185377
-1172.839506  1419.753086  0.00012776444696838639
-1172.839506  1543.209877  0.00012627501127297972
-1172.839506  1666.666667  0.00012539898600564766
-1172.839506  1790.123457  0.00012498492126180279
-1172.839506  1913.580247  0.00012463538927533874
-1172.839506  2037.037037  0.00012381945208308939
-1172.839506  2160.493827  0.00012334824498262949
-1172.839506  2283.950617  0.00012310313864414001
-1172.839506  2407.407407  0.00012379272483461785
-1172.839506  2530.864198  0.00012163331041829254
-1172.839506  2654.320988  0.00012185991372374981
-1172.839506  2777.777778  0.00012194786678409341
-1172.839506  2901.234568  0.00012174705752558548
-1172.839506  3024.691358  0.00012160892071563694
-1172.839506  3148.148148  0.00012147129666514867
-1172.839506  3271.604938  0.00012114533491315113
-1172.839506  3395.061728  0.00012142338271118951
-1172.839506  3518.518519  0.00012137327059797482
-1172.839506  3641.975309  0.00012168634307133038
-1172.839506  3765.432099  0.00012083568725623410
-1172.839506  3888.888889  0.00012257151395094607
-1172.839506  4012.345679  0.00011970924017544598
-1172.839506  4135.802469  0.00012037233204481317
-1172.839506  4259.259259  0.00012329951509822842
-1172.839506  4382.716049  0.00012116853900696447
-1172.839506  4506.172840  0.00011749859048521450
-1172.839506  4629.629630  0.00012181258386281686
-1172.839506  4753.086420  0.00012194073216508132
-1172.839506  4876.543210  0.00012813683631637216

-1049.382716 -5000.000000  0.00003051536804660219
-1049.382716 -4876.543210  0.00013038073445293408
-1049.382716 -4753.086420  0.00012393041865069824
-1049.382716 -4629.629630  0.00012376724456106977
-1049.382716 -4506.172840  0.00011940935404441180
-1049.382716 -4382.716049  0.00012319875522858259
-1049.382716 -4259.259259  0.00012539208159144112
-1049.382716 -4135.802469  0.00012239905490663962
-1049.382716 -4012.345679  0.00012170142850097520
-1049.382716 -3888.888889  0.00012461341867112873
-1049.382716 -3765.432099  0.00012281157956266485
-1049.382716 -3641.975309  0.00012370967392834212
-1049.382716 -3518.518519  0.00012337224732178467
-1049.382716 -3395.061728  0.00012343599955687884
-1049.382716 -3271.604938  0.00012320298200784553
-1049.382716 -3148.148148  0.00012355677715085970
-1049.382716 -3024.691358  0.00012367670243905446
-1049.382716 -2901.234568  0.00012378722022764809
-1049.382716 -2777.777778  0.00012401200014864998
-1049.382716 -2654.320988  0.00012398259111723927
-1049.382716 -2530.864198  0.00012361945435534135
-1049.382716 -2407.407407  0.00012540383479336367
-1049.382716 -2283.950617  0.00012472841950710722
-1049.382716 -2160.493827  0.00012507065745436498
-1049.382716 -2037.037037  0.00012558200668253750
-1049.382716 -1913.580247  0.00012643993391267235
-1049.382716 -1790.123457  0.00012688576789043652
-1049.382716 -1666.666667  0.00012745051990918255
-1049.382716 -1543.209877  0.00012850904631541514
-1049.382716 -1419.753086  0.00013014008580928307
-1049.382716 -1296.296296  0.00013032659555191784
-1049.382716 -1172.839506  0.00013294133548809168
-1049.382716 -1049.382716  0.00013421553150074614
-1049.382716  -925.925926  0.00013778870430240447
-1049.382716  -802.469136  0.00014117378273801481
-1049.382716  -679.012346  0.00014529078540501686
-1049.382716  -555.555556  0.00014958791759142804
-1049.382716  -432.098765  0.00015423302127382020
-1049.382716  -308.641975  0.00015847647740152554
-1049.382716  -185.185185  0.00016140136242908377
-1049.382716   -61.728395  0.00016308813554661962
-1049.382716    61.728395  0.00016308813554662211
-1049.382716   185.185185  0.00016140136242906881
-1049.382716   308.641975  0.00015847647740150389
-1049.382716   432.098765  0.00015423302127378784
-1049.382716   555.555556  0.00014958791759138662
-1049.382716   679.012346  0.00014529078540497176
-1049.382716   802.469136  0.00014117378273795588
-1049.382716   925.925926  0.00013778870430234256
-1049.382716  1049.382716  0.00013421553150068147
-1049.382716  1172.839506  0.00013294133548801253
-1049.382716  1296.296296  0.00013032659555184962
-1049.382716  1419.753086  0.00013014008580921344
-1049.382716  1543.209877  0.00012850904631533472
-1049.382716  1666.666667  0.00012745051990909525
-1049.382716  1790.123457  0.00012688576789033853
-1049.382716  1913.580247  0.00012643993391257249
-1049.382716  2037.037037  0.00012558200668243239
-1049.382716  2160.493827  0.00012507065745425119
-1049.382716  2283.950617  0.00012472841950698474
-1049.382716  2407.407407  0.00012540383479323232
-1049.382716  2530.864198  0.00012361945435521754
-1049.382716  2654.320988  0.00012398259111711220
-1049.382716  2777.777778  0.00012401200014851266
-1049.382716  2901.234568  0.00012378722022750516
-1049.382716  3024.691358  0.00012367670243890289
-1049.382716  3148.148148  0.00012355677715070824
-1049.382716  3271.604938  0.00012320298200768764
-1049.382716  3395.061728  0.00012343599955670924
-1049.382716  3518.518519  0.00012337224732160497
-1049.382716  3641.975309  0.00012370967392814935
-1049.382716  3765.432099  0.00012281157956247385
-1049.382716  3888.888889  0.00012461341867094566
-1049.382716  4012.345679  0.00012170142850078453
-1049.382716  4135.802469  0.00012239905490643981
-1049.382716  4259.259259  0.00012539208159122669
-1049.382716  4382.716049  0.00012319875522836160
-1049.382716  4506.172840  0.00011940935404419013
-1049.382716  4629.629630  0.00012376724456082672
-1049.382716  4753.086420  0.00012393041865045050
-1049.382716  4876.543210  0.00013038073445268347

 -925.925926 -5000.000000  0.00003101136072469414
 -925.925926 -4876.543210  0.00013240268402148471
 -925.925926 -4753.086420  0.00012575689568672667
 -925.925926 -4629.629630  0.00012556272275559074
 -925.925926 -4506.172840  0.00012115648995767909
 -925.925926 -4382.716049  0.00012504125380903227
 -925.925926 -4259.259259  0.00012728728280500559
 -925.925926 -4135.802469  0.00012424078540833813
 -925.925926 -4012.345679  0.00012351853744599218
 -925.925926 -3888.888889  0.00012647636563594298
 -925.925926 -3765.432099  0.00012463285041006741
 -925.925926 -3641.975309  0.00012553895736749007
 -925.925926 -3518.518519  0.00012520336509453073
 -925.925926 -3395.061728  0.00012527608267331647
 -925.925926 -3271.604938  0.00012505558047335450
 -925.925926 -3148.148148  0.00012543181677154191
 -925.925926 -3024.691358  0.00012556594504046294
 -925.925926 -2901.234568  0.00012567871968123111
 -925.925926 -2777.777778  0.00012590268906764130
 -925.925926 -2654.320988  0.00012587452442892696
 -925.925926 -2530.864198  0.00012554909361019647
 -925.925926 -2407.407407  0.00012748650057948407
 -925.925926 -2283.950617  0.00012679393833625900
 -925.925926 -2160.493827  0.00012718092044091797
 -925.925926 -2037.037037  0.00012776084286303258
 -925.925926 -1913.580247  0.00012871454595215213
 -925.925926 -1790.123457  0.00012924766104574457
 -925.925926 -1666.666667  0.00012993786141130909
 -925.925926 -1543.209877  0.00013118733509613623
 -925.925926 -1419.753086  0.00013313276482227875
 -925.925926 -1296.296296  0.00013358039434549452
 -925.925926 -1172.839506  0.00013756247214129341
 -925.925926 -1049.382716  0.00013943736354703838
 -925.925926  -925.925926  0.00014415976216261591
 -925.925926  -802.469136  0.00014899306185754287
 -925.925926  -679.012346  0.00015516113224721414
 -925.925926  -555.555556  0.00016196212252103805
 -925.925926  -432.098765  0.00016945259130558347
 -925.925926  -308.641975  0.00017644894931648399
 -925.925926  -185.185185  0.00018149506942696596
 -925.925926   -61.728395  0.00018433179061542014
 -925.925926    61.728395  0.00018433179061541893
 -925.925926   185.185185  0.00018149506942694745
 -925.925926   308.641975  0.00017644894931645710
 -925.925926   432.098765  0.00016945259130554576
 -925.925926   555.555556  0.00016196212252099317
 -925.925926   679.012346  0.00015516113224716747
 -925.925926   802.469136  0.00014899306185748164
 -925.925926   925.925926  0.00014415976216255129
 -925.925926  1049.382716  0.00013943736354697054
 -925.925926  1172.839506  0.00013756247214121158
 -925.925926  1296.296296  0.00013358039434542638
 -925.925926  1419.753086  0.00013313276482220950
 -925.925926  1543.209877  0.00013118733509605583
 -925.925926  1666.666667  0.00012993786141122230
 -925.925926  1790.123457  0.00012924766104564664
 -925.925926  1913.580247  0.00012871454595205558
 -925.925926  2037.037037  0.00012776084286292836
 -925.925926  2160.493827  0.00012718092044080516
 -925.925926  2283.950617  0.00012679393833613656
 -925.925926  2407.407407  0.00012748650057935185
 -925.925926  2530.864198  0.00012554909361007431
 -925.925926  2654.320988  0.00012587452442880046
 -925.925926  2777.777778  0.00012590268906750415
 -925.925926  2901.234568  0.00012567871968108943
 -925.925926  3024.691358  0.00012556594504031359
 -925.925926  3148.148148  0.00012543181677139177
 -925.925926  3271.604938  0.00012505558047319807
 -925.925926  3395.061728  0.00012527608267314869
 -925.925926  3518.518519  0.00012520336509435061
 -925.925926  3641.975309  0.00012553895736729779
 -925.925926  3765.432099  0.00012463285040987819
 -925.925926  3888.888889  0.00012647636563575948
 -925.925926  4012.345679  0.00012351853744580298
 -925.925926  4135.802469  0.00012424078540813969
 -925.925926  4259.259259  0.00012728728280479184
 -925.925926  4382.716049  0.00012504125380881305
 -925.925926  4506.172840  0.00012115648995745727
 -925.925926  4629.629630  0.00012556272275534921
 -925.925926  4753.086420  0.00012575689568647942
 -925.925926  4876.543210  0.00013240268402123421

 -802.469136 -5000.000000  0.00003144746469539261
 -802.469136 -4876.543210  0.00013443764521084160
 -802.469136 -4753.086420  0.00012760572993969363
 -802.469136 -4629.629630  0.00012735423784278685
 -802.469136 -4506.172840  0.00012291304736722719
 -802.469136 -4382.716049  0.00012690263128226762
 -802.469136 -4259.259259  0.00012919697047329874
 -802.469136 -4135.802469  0.00012608605204587908
 -802.469136 -4012.345679  0.00012533588520965123
 -802.469136 -3888.888889  0.00012835412902484559
 -802.469136 -3765.432099  0.00012644842805437765
 -802.469136 -3641.975309  0.00012739543523964259
 -802.469136 -3518.518519  0.00012703783576709169
 -802.469136 -3395.061728  0.00012711896111343429
 -802.469136 -3271.604938  0.00012692957246398964
 -802.469136 -3148.148148  0.00012733127740532598
 -802.469136 -3024.691358  0.00012745901570638803
 -802.469136 -2901.234568  0.00012755773671447690
 -802.469136 -2777.777778  0.00012780739712787599
 -802.469136 -2654.320988  0.00012781695421571312
 -802.469136 -2530.864198  0.00012736523062811044
 -802.469136 -2407.407407  0.00012905530513269070
 -802.469136 -2283.950617  0.00012833175244288965
 -802.469136 -2160.493827  0.00012881877645914353
 -802.469136 -2037.037037  0.00012945051652567163
 -802.469136 -1913.580247  0.00013046917729656811
 -802.469136 -1790.123457  0.00013109702912198794
 -802.469136 -1666.666667  0.00013194734089393424
 -802.469136 -1543.209877  0.00013340723181162167
 -802.469136 -1419.753086  0.00013559686084730753
 -802.469136 -1296.296296  0.00013646165544717092
 -802.469136 -1172.839506  0.00014084773313331457
 -802.469136 -1049.382716  0.00014362595018495560
 -802.469136  -925.925926  0.00014961041351085037
 -802.469136  -802.469136  0.00015633379061089444
 -802.469136  -679.012346  0.00016523399903340029
 -802.469136  -555.555556  0.00017569906487030428
 -802.469136  -432.098765  0.00018750513991812922
 -802.469136  -308.641975  0.00019880801963257882
 -802.469136  -185.185185  0.00020728827778446592
 -802.469136   -61.728395  0.00021203462223396888
 -802.469136    61.728395  0.00021203462223397124
 -802.469136   185.185185  0.00020728827778444551
 -802.469136   308.641975  0.00019880801963254458
 -802.469136   432.098765  0.00018750513991808431
 -802.469136   555.555556  0.00017569906487025245
 -802.469136   679.012346  0.00016523399903334689
 -802.469136   802.469136  0.00015633379061082936
 -802.469136   925.925926  0.00014961041351078139
 -802.469136  1049.382716  0.00014362595018488553
 -802.469136  1172.839506  0.00014084773313323328
 -802.469136  1296.296296  0.00013646165544710105
 -802.469136  1419.753086  0.00013559686084723655
 -802.469136  1543.209877  0.00013340723181153816
 -802.469136  1666.666667  0.00013194734089384436
 -802.469136  1790.123457  0.00013109702912188976
 -802.469136  1913.580247  0.00013046917729647148
 -802.469136  2037.037037  0.00012945051652556868
 -802.469136  2160.493827  0.00012881877645903097
 -802.469136  2283.950617  0.00012833175244276711
 -802.469136  2407.407407  0.00012905530513255992
 -802.469136  2530.864198  0.00012736523062798784
 -802.469136  2654.320988  0.00012781695421558616
 -802.469136  2777.777778  0.00012780739712773802
 -802.469136  2901.234568  0.00012755773671433503
 -802.469136  3024.691358  0.00012745901570623673
 -802.469136  3148.148148  0.00012733127740517653
 -802.469136  3271.604938  0.00012692957246383395
 -802.469136  3395.061728  0.00012711896111326670
 -802.469136  3518.518519  0.00012703783576691082
 -802.469136  3641.975309  0.00012739543523944955
 -802.469136  3765.432099  0.00012644842805418699
 -802.469136  3888.888889  0.00012835412902466003
 -802.469136  4012.345679  0.00012533588520946071
 -802.469136  4135.802469  0.00012608605204567999
 -802.469136  4259.259259  0.00012919697047308388
 -802.469136  4382.716049  0.00012690263128204793
 -802.469136  4506.172840  0.00012291304736700690
 -802.469136  4629.629630  0.00012735423784254553
 -802.469136  4753.086420  0.00012760572993944698
 -802.469136  4876.543210  0.00013443764521059012

 -679.012346 -5000.000000  0.00003183155167350346
 -679.012346 -4876.543210  0.00013622415582569688
 -679.012346 -4753.086420  0.00012921230242186841
 -679.012346 -4629.629630  0.00012890461989886358
 -679.012346 -4506.172840  0.00012444088855038143
 -679.012346 -4382.716049  0.00012853089335898132
 -679.012346 -4259.259259  0.00013086865005944900
 -679.012346 -4135.802469  0.00012769588567466747
 -679.012346 -4012.345679  0.00012691746819815209
 -679.012346 -3888.888889  0.00012999044488259555
 -679.012346 -3765.432099  0.00012802038285748325
 -679.012346 -3641.975309  0.00012901297277973428
 -679.012346 -3518.518519  0.00012863091833571113
 -679.012346 -3395.061728  0.00012872372308098595
 -679.012346 -3271.604938  0.00012856990497546835
 -679.012346 -3148.148148  0.00012899527156074223
 -679.012346 -3024.691358  0.00012910787370097964
 -679.012346 -2901.234568  0.00012918346654751186
 -679.012346 -2777.777778  0.00012946202871907801
 -679.012346 -2654.320988  0.00012952535169504591
 -679.012346 -2530.864198  0.00012895286672253846
 -679.012346 -2407.407407  0.00013045394279809103
 -679.012346 -2283.950617  0.00012969815873521210
 -679.012346 -2160.493827  0.00013029537161916499
 -679.012346 -2037.037037  0.00013098702846590696
 -679.012346 -1913.580247  0.00013206808491522171
 -679.012346 -1790.123457  0.00013276851497938256
 -679.012346 -1666.666667  0.00013376575716149216
 -679.012346 -1543.209877  0.00013545007575142722
 -679.012346 -1419.753086  0.00013793431585832448
 -679.012346 -1296.296296  0.00013914371624198943
 -679.012346 -1172.839506  0.00014424142780427066
 -679.012346 -1049.382716  0.00014792584743862609
 -679.012346  -925.925926  0.00015540457796546706
 -679.012346  -802.469136  0.00016432840027044951
 -679.012346  -679.012346  0.00017659559385941600
 -679.012346  -555.555556  0.00019176351233612959
 -679.012346  -432.098765  0.00020938889427016703
 -679.012346  -308.641975  0.00022674044103591532
 -679.012346  -185.185185  0.00024017934078425664
 -679.012346   -61.728395  0.00024768046469773571
 -679.012346    61.728395  0.00024768046469773983
 -679.012346   185.185185  0.00024017934078423181
 -679.012346   308.641975  0.00022674044103587147
 -679.012346   432.098765  0.00020938889427011396
 -679.012346   555.555556  0.00019176351233607099
 -679.012346   679.012346  0.00017659559385935737
 -679.012346   802.469136  0.00016432840027038031
 -679.012346   925.925926  0.00015540457796539656
 -679.012346  1049.382716  0.00014792584743855382
 -679.012346  1172.839506  0.00014424142780418664
 -679.012346  1296.296296  0.00013914371624191939
 -679.012346  1419.753086  0.00013793431585825241
 -679.012346  1543.209877  0.00013545007575134222
 -679.012346  1666.666667  0.00013376575716140122
 -679.012346  1790.123457  0.00013276851497928154
 -679.012346  1913.580247  0.00013206808491512357
 -679.012346  2037.037037  0.00013098702846580317
 -679.012346  2160.493827  0.00013029537161905172
 -679.012346  2283.950617  0.00012969815873508869
 -679.012346  2407.407407  0.00013045394279795835
 -679.012346  2530.864198  0.00012895286672241549
 -679.012346  2654.320988  0.00012952535169491887
 -679.012346  2777.777778  0.00012946202871894083
 -679.012346  2901.234568  0.00012918346654737170
 -679.012346  3024.691358  0.00012910787370083173
 -679.012346  3148.148148  0.00012899527156059364
 -679.012346  3271.604938  0.00012856990497531412
 -679.012346  3395.061728  0.00012872372308081990
 -679.012346  3518.518519  0.00012863091833553313
 -679.012346  3641.975309  0.00012901297277954332
 -679.012346  3765.432099  0.00012802038285729181
 -679.012346  3888.888889  0.00012999044488240852
 -679.012346  4012.345679  0.00012691746819795972
 -679.012346  4135.802469  0.00012769588567446496
 -679.012346  4259.259259  0.00013086865005923178
 -679.012346  4382.716049  0.00012853089335876350
 -679.012346  4506.172840  0.00012444088855016318
 -679.012346  4629.629630  0.00012890461989862535
 -679.012346  4753.086420  0.00012921230242162086
 -679.012346  4876.543210  0.00013622415582544459

 -555.555556 -5000.000000  0.00003214130973303833
 -555.555556 -4876.543210  0.00013747980456525400
 -555.555556 -4753.086420  0.00013033254012731574
 -555.555556 -4629.629630  0.00013000409860506733
 -555.555556 -4506.172840  0.00012551417226590243
 -555.555556 -4382.716049  0.00012966880362095707
 -555.555556 -4259.259259  0.00013204087411292637
 -555.555556 -4135.802469  0.00012883258794221233
 -555.555556 -4012.345679  0.00012803665041402737
 -555.555556 -3888.888889  0.00013113852785496375
 -555.555556 -3765.432099  0.00012913493395675334
 -555.555556 -3641.975309  0.00013014785789369423
 -555.555556 -3518.518519  0.00012975689065587961
 -555.555556 -3395.061728  0.00012985723350833988
 -555.555556 -3271.604938  0.00012972390890553454
 -555.555556 -3148.148148  0.00013016586060212988
 -555.555556 -3024.691358  0.00013027655758461959
 -555.555556 -2901.234568  0.00013034459156395476
 -555.555556 -2777.777778  0.00013063577142462826
 -555.555556 -2654.320988  0.00013072478531298988
 -555.555556 -2530.864198  0.00013010862781727631
 -555.555556 -2407.407407  0.00013150905216060695
 -555.555556 -2283.950617  0.00013076310830404888
 -555.555556 -2160.493827  0.00013142662898835462
 -555.555556 -2037.037037  0.00013217103574715650
 -555.555556 -1913.580247  0.00013331637950997585
 -555.555556 -1790.123457  0.00013410619975722350
 -555.555556 -1666.666667  0.00013523923515313202
 -555.555556 -1543.209877  0.00013711747870441936
 -555.555556 -1419.753086  0.00013986179061520795
 -555.555556 -1296.296296  0.00014149138935485371
 -555.555556 -1172.839506  0.00014694775493214693
 -555.555556 -1049.382716  0.00015163529799659778
 -555.555556  -925.925926  0.00016058895971040289
 -555.555556  -802.469136  0.00017184649626566034
 -555.555556  -679.012346  0.00018776211218565696
 -555.555556  -555.555556  0.00020823737279096748
 -555.555556  -432.098765  0.00023264440731775275
 -555.555556  -308.641975  0.00025730341479851586
 -555.555556  -185.185185  0.00027696923494141545
 -555.555556   -61.728395  0.00028795056321979039
 -555.555556    61.728395  0.00028795056321979776
 -555.555556   185.185185  0.00027696923494138819
 -555.555556   308.641975  0.00025730341479846648
 -555.555556   432.098765  0.00023264440731769108
 -555.555556   555.555556  0.00020823737279090452
 -555.555556   679.012346  0.00018776211218559722
 -555.555556   802.469136  0.00017184649626559120
 -555.555556   925.925926  0.00016058895971033410
 -555.555556  1049.382716  0.00015163529799652834
 -555.555556  1172.839506  0.00014694775493206573
 -555.555556  1296.296296  0.00014149138935478026
 -555.555556  1419.753086  0.00013986179061513485
 -555.555556  1543.209877  0.00013711747870433260
 -555.555556  1666.666667  0.00013523923515303758
 -555.555556  1790.123457  0.00013410619975711969
 -555.555556  1913.580247  0.00013331637950987632
 -555.555556  2037.037037  0.00013217103574705169
 -555.555556  2160.493827  0.00013142662898823937
 -555.555556  2283.950617  0.00013076310830392425
 -555.555556  2407.407407  0.00013150905216047416
 -555.555556  2530.864198  0.00013010862781715255
 -555.555556  2654.320988  0.00013072478531286167
 -555.555556  2777.777778  0.00013063577142449011
 -555.555556  2901.234568  0.00013034459156381259
 -555.555556  3024.691358  0.00013027655758446783
 -555.555556  3148.148148  0.00013016586060198097
 -555.555556  3271.604938  0.00012972390890538107
 -555.555556  3395.061728  0.00012985723350817337
 -555.555556  3518.518519  0.00012975689065570055
 -555.555556  3641.975309  0.00013014785789350282
 -555.555556  3765.432099  0.00012913493395656360
 -555.555556  3888.888889  0.00013113852785477868
 -555.555556  4012.345679  0.00012803665041383495
 -555.555556  4135.802469  0.00012883258794201205
 -555.555556  4259.259259  0.00013204087411271192
 -555.555556  4382.716049  0.00012966880362073825
 -555.555556  4506.172840  0.00012551417226568505
 -555.555556  4629.629630  0.00013000409860482935
 -555.555556  4753.086420  0.00013033254012706860
 -555.555556  4876.543210  0.00013747980456500192

 -432.098765 -5000.000000  0.00003237962951479467
 -432.098765 -4876.543210  0.00013804032249299653
 -432.098765 -4753.086420  0.00013080809864034524
 -432.098765 -4629.629630  0.00013051317119114499
 -432.098765 -4506.172840  0.00012598965100800539
 -432.098765 -4382.716049  0.00013016100119738789
 -432.098765 -4259.259259  0.00013255746652715659
 -432.098765 -4135.802469  0.00012935051555976800
 -432.098765 -4012.345679  0.00012855100633104731
 -432.098765 -3888.888889  0.00013164288560338830
 -432.098765 -3765.432099  0.00012965333195507148
 -432.098765 -3641.975309  0.00013063695597307268
 -432.098765 -3518.518519  0.00013027055961456141
 -432.098765 -3395.061728  0.00013037468410849617
 -432.098765 -3271.604938  0.00013023242590978710
 -432.098765 -3148.148148  0.00013067993009696773
 -432.098765 -3024.691358  0.00013081523461784514
 -432.098765 -2901.234568  0.00013090169565634752
 -432.098765 -2777.777778  0.00013116968099011824
 -432.098765 -2654.320988  0.00013123230513942678
 -432.098765 -2530.864198  0.00013077871412034436
 -432.098765 -2407.407407  0.00013242139831116847
 -432.098765 -2283.950617  0.00013173288727097194
 -432.098765 -2160.493827  0.00013238836431448068
 -432.098765 -2037.037037  0.00013318915374848869
 -432.098765 -1913.580247  0.00013441501752575421
 -432.098765 -1790.123457  0.00013529791673760948
 -432.098765 -1666.666667  0.00013652848545701852
 -432.098765 -1543.209877  0.00013855723870266116
 -432.098765 -1419.753086  0.00014157418381199118
 -432.098765 -1296.296296  0.00014357707512947728
 -432.098765 -1172.839506  0.00014968309639432840
 -432.098765 -1049.382716  0.00015527130524058233
 -432.098765  -925.925926  0.00016563572136345405
 -432.098765  -802.469136  0.00017908849089150867
 -432.098765  -679.012346  0.00019853408149491340
 -432.098765  -555.555556  0.00022423565900512639
 -432.098765  -432.098765  0.00025551350726865554
 -432.098765  -308.641975  0.00028779950612613827
 -432.098765  -185.185185  0.00031415642346548507
 -432.098765   -61.728395  0.00032895584279405571
 -432.098765    61.728395  0.00032895584279405804
 -432.098765   185.185185  0.00031415642346544620
 -432.098765   308.641975  0.00028779950612607875
 -432.098765   432.098765  0.00025551350726858740
 -432.098765   555.555556  0.00022423565900505675
 -432.098765   679.012346  0.00019853408149484889
 -432.098765   802.469136  0.00017908849089143711
 -432.098765   925.925926  0.00016563572136338262
 -432.098765  1049.382716  0.00015527130524050999
 -432.098765  1172.839506  0.00014968309639424476
 -432.098765  1296.296296  0.00014357707512940426
 -432.098765  1419.753086  0.00014157418381191832
 -432.098765  1543.209877  0.00013855723870257589
 -432.098765  1666.666667  0.00013652848545692527
 -432.098765  1790.123457  0.00013529791673750572
 -432.098765  1913.580247  0.00013441501752565644
 -432.098765  2037.037037  0.00013318915374838444
 -432.098765  2160.493827  0.00013238836431436618
 -432.098765  2283.950617  0.00013173288727084606
 -432.098765  2407.407407  0.00013242139831103538
 -432.098765  2530.864198  0.00013077871412022065
 -432.098765  2654.320988  0.00013123230513929966
 -432.098765  2777.777778  0.00013116968098998092
 -432.098765  2901.234568  0.00013090169565620544
 -432.098765  3024.691358  0.00013081523461769588
 -432.098765  3148.148148  0.00013067993009682028
 -432.098765  3271.604938  0.00013023242590963447
 -432.098765  3395.061728  0.00013037468410833256
 -432.098765  3518.518519  0.00013027055961438585
 -432.098765  3641.975309  0.00013063695597288473
 -432.098765  3765.432099  0.00012965333195488188
 -432.098765  3888.888889  0.00013164288560320339
 -432.098765  4012.345679  0.00012855100633085419
 -432.098765  4135.802469  0.00012935051555956647
 -432.098765  4259.259259  0.00013255746652694197
 -432.098765  4382.716049  0.00013016100119717021
 -432.098765  4506.172840  0.00012598965100778836
 -432.098765  4629.629630  0.00013051317119090627
 -432.098765  4753.086420  0.00013080809864010021
 -432.098765  4876.543210  0.00013804032249274757

 -308.641975 -5000.000000  0.00003255350533591526
 -308.641975 -4876.543210  0.00013809822990537630
 -308.641975 -4753.086420  0.00013081541192157619
 -308.641975 -4629.629630  0.00013058676428948164
 -308.641975 -4506.172840  0.00012602915476988939
 -308.641975 -4382.716049  0.00013018664931798682
 -308.641975 -4259.259259  0.00013259974644439011
 -308.641975 -4135.802469  0.00012941720956534010
 -308.641975 -4012.345679  0.00012862233445748062
 -308.641975 -3888.888889  0.00013167924611901986
 -308.641975 -3765.432099  0.00012973251502831416
 -308.641975 -3641.975309  0.00013065876167933407
 -308.641975 -3518.518519  0.00013033634885482569
 -308.641975 -3395.061728  0.00013044212480663089
 -308.641975 -3271.604938  0.00013027410856793423
 -308.641975 -3148.148148  0.00013071922846367358
 -308.641975 -3024.691358  0.00013089175506099721
 -308.641975 -2901.234568  0.00013100902042209717
 -308.641975 -2777.777778  0.00013123244633595440
 -308.641975 -2654.320988  0.00013124195161701339
 -308.641975 -2530.864198  0.00013107557868615840
 -308.641975 -2407.407407  0.00013310313399023818
 -308.641975 -2283.950617  0.00013249701956381197
 -308.641975 -2160.493827  0.00013310663630008380
 -308.641975 -2037.037037  0.00013395897394194965
 -308.641975 -1913.580247  0.00013526085834107831
 -308.641975 -1790.123457  0.00013622816705022452
 -308.641975 -1666.666667  0.00013752478687519871
 -308.641975 -1543.209877  0.00013966263776441485
 -308.641975 -1419.753086  0.00014292063642725120
 -308.641975 -1296.296296  0.00014523167348610245
 -308.641975 -1172.839506  0.00015196321824561775
 -308.641975 -1049.382716  0.00015829458121504334
 -308.641975  -925.925926  0.00016983927681323954
 -308.641975  -802.469136  0.00018509870289843878
 -308.641975  -679.012346  0.00020749134771035088
 -308.641975  -555.555556  0.00023761868772451841
 -308.641975  -432.098765  0.00027482658800284925
 -308.641975  -308.641975  0.00031382577264972095
 -308.641975  -185.185185  0.00034619529524943145
 -308.641975   -61.728395  0.00036454439424786440
 -308.641975    61.728395  0.00036454439424786299
 -308.641975   185.185185  0.00034619529524938943
 -308.641975   308.641975  0.00031382577264965888
 -308.641975   432.098765  0.00027482658800277699
 -308.641975   555.555556  0.00023761868772444395
 -308.641975   679.012346  0.00020749134771028252
 -308.641975   802.469136  0.00018509870289836435
 -308.641975   925.925926  0.00016983927681316744
 -308.641975  1049.382716  0.00015829458121497118
 -308.641975  1172.839506  0.00015196321824553446
 -308.641975  1296.296296  0.00014523167348602694
 -308.641975  1419.753086  0.00014292063642717986
 -308.641975  1543.209877  0.00013966263776433042
 -308.641975  1666.666667  0.00013752478687510580
 -308.641975  1790.123457  0.00013622816705012263
 -308.641975  1913.580247  0.00013526085834098168
 -308.641975  2037.037037  0.00013395897394184554
 -308.641975  2160.493827  0.00013310663629996849
 -308.641975  2283.950617  0.00013249701956368620
 -308.641975  2407.407407  0.00013310313399010414
 -308.641975  2530.864198  0.00013107557868603814
 -308.641975  2654.320988  0.00013124195161688903
 -308.641975  2777.777778  0.00013123244633581827
 -308.641975  2901.234568  0.00013100902042195644
 -308.641975  3024.691358  0.00013089175506084851
 -308.641975  3148.148148  0.00013071922846352791
 -308.641975  3271.604938  0.00013027410856778426
 -308.641975  3395.061728  0.00013044212480646836
 -308.641975  3518.518519  0.00013033634885465276
 -308.641975  3641.975309  0.00013065876167914995
 -308.641975  3765.432099  0.00012973251502812700
 -308.641975  3888.888889  0.00013167924611883465
 -308.641975  4012.345679  0.00012862233445728915
 -308.641975  4135.802469  0.00012941720956514117
 -308.641975  4259.259259  0.00013259974644417734
 -308.641975  4382.716049  0.00013018664931776979
 -308.641975  4506.172840  0.00012602915476967261
 -308.641975  4629.629630  0.00013058676428924365
 -308.641975  4753.086420  0.00013081541192133323
 -308.641975  4876.543210  0.00013809822990513022

 -185.185185 -5000.000000  0.00003267635509324711
 -185.185185 -4876.543210  0.00013821309556972559
 -185.185185 -4753.086420  0.00013088127751575721
 -185.185185 -4629.629630  0.00013068782093234987
 -185.185185 -4506.172840  0.00012611298395678804
 -185.185185 -4382.716049  0.00013027166753995742
 -185.185185 -4259.259259  0.00013269787515940001
 -185.185185 -4135.802469  0.00012952473363427380
 -185.185185 -4012.345679  0.00012872912370689353
 -185.185185 -3888.888889  0.00013176818831452027
 -185.185185 -3765.432099  0.00012983965976998976
 -185.185185 -3641.975309  0.00013073995035153236
 -185.185185 -3518.518519  0.00013043950498768612
 -185.185185 -3395.061728  0.00013054826379859083
 -185.185185 -3271.604938  0.00013037136213150805
 -185.185185 -3148.148148  0.00013081587390269094
 -185.185185 -3024.691358  0.00013100287160758221
 -185.185185 -2901.234568  0.00013113016984756635
 -185.185185 -2777.777778  0.00013133163123708910
 -185.185185 -2654.320988  0.00013132587857706907
 -185.185185 -2530.864198  0.00013131804160586175
 -185.185185 -2407.407407  0.00013346961081495869
 -185.185185 -2283.950617  0.00013290858676562512
 -185.185185 -2160.493827  0.00013351506107485796
 -185.185185 -2037.037037  0.00013440041118396127
 -185.185185 -1913.580247  0.00013574153873392459
 -185.185185 -1790.123457  0.00013676117072986232
 -185.185185 -1666.666667  0.00013811308941304599
 -185.185185 -1543.209877  0.00014033868972841007
 -185.185185 -1419.753086  0.00014374734641525329
 -185.185185 -1296.296296  0.00014627860548133218
 -185.185185 -1172.839506  0.00015316117949991140
 -185.185185 -1049.382716  0.00016003575341524788
 -185.185185  -925.925926  0.00017237940324284139
 -185.185185  -802.469136  0.00018887967871204293
 -185.185185  -679.012346  0.00021327571334265878
 -185.185185  -555.555556  0.00024646475171638809
 -185.185185  -432.098765  0.00028781226794677417
 -185.185185  -308.641975  0.00033154260124340927
 -185.185185  -185.185185  0.00036818968306870852
 -185.185185   -61.728395  0.00038911177083975594
 -185.185185    61.728395  0.00038911177083975280
 -185.185185   185.185185  0.00036818968306866754
 -185.185185   308.641975  0.00033154260124334465
 -185.185185   432.098765  0.00028781226794669671
 -185.185185   555.555556  0.00024646475171630894
 -185.185185   679.012346  0.00021327571334258782
 -185.185185   802.469136  0.00018887967871196595
 -185.185185   925.925926  0.00017237940324276788
 -185.185185  1049.382716  0.00016003575341517462
 -185.185185  1172.839506  0.00015316117949982878
 -185.185185  1296.296296  0.00014627860548125691
 -185.185185  1419.753086  0.00014374734641517807
 -185.185185  1543.209877  0.00014033868972832361
 -185.185185  1666.666667  0.00013811308941295220
 -185.185185  1790.123457  0.00013676117072976068
 -185.185185  1913.580247  0.00013574153873382980
 -185.185185  2037.037037  0.00013440041118385814
 -185.185185  2160.493827  0.00013351506107474361
 -185.185185  2283.950617  0.00013290858676549995
 -185.185185  2407.407407  0.00013346961081482688
 -185.185185  2530.864198  0.00013131804160574262
 -185.185185  2654.320988  0.00013132587857694563
 -185.185185  2777.777778  0.00013133163123695406
 -185.185185  2901.234568  0.00013113016984742660
 -185.185185  3024.691358  0.00013100287160743484
 -185.185185  3148.148148  0.00013081587390254641
 -185.185185  3271.604938  0.00013037136213135808
 -185.185185  3395.061728  0.00013054826379842860
 -185.185185  3518.518519  0.00013043950498751298
 -185.185185  3641.975309  0.00013073995035134796
 -185.185185  3765.432099  0.00012983965976980249
 -185.185185  3888.888889  0.00013176818831433409
 -185.185185  4012.345679  0.00012872912370670328
 -185.185185  4135.802469  0.00012952473363407667
 -185.185185  4259.259259  0.00013269787515918910
 -185.185185  4382.716049  0.00013027166753974158
 -185.185185  4506.172840  0.00012611298395657174
 -185.185185  4629.629630  0.00013068782093211343
 -185.185185  4753.086420  0.00013088127751551462
 -185.185185  4876.543210  0.00013821309556947791

  -61.728395 -5000.000000  0.00003275284046846965
  -61.728395 -4876.543210  0.00013934543859013746
  -61.728395 -4753.086420  0.00013194958103722795
  -61.728395 -4629.629630  0.00013165202555356421
  -61.728395 -4506.172840  0.00012709563285363777
  -61.728395 -4382.716049  0.00013133411881972420
  -61.728395 -4259.259259  0.00013377270197309884
  -61.728395 -4135.802469  0.00013053562273251482
  -61.728395 -4012.345679  0.00012971921770969292
  -61.728395 -3888.888889  0.00013283189149572420
  -61.728395 -3765.432099  0.00013081776575991729
  -61.728395 -3641.975309  0.00013181012776005544
  -61.728395 -3518.518519  0.00013144571847357832
  -61.728395 -3395.061728  0.00013155929331399327
  -61.728395 -3271.604938  0.00013143188258068244
  -61.728395 -3148.148148  0.00013189336715797973
  -61.728395 -3024.691358  0.00013203049080869162
  -61.728395 -2901.234568  0.00013211132697213873
  -61.728395 -2777.777778  0.00013238268716529253
  -61.728395 -2654.320988  0.00013247302922106958
  -61.728395 -2530.864198  0.00013207971193867859
  -61.728395 -2407.407407  0.00013376661927600334
  -61.728395 -2283.950617  0.00013310250498305539
  -61.728395 -2160.493827  0.00013382232511558186
  -61.728395 -2037.037037  0.00013470984034059412
  -61.728395 -1913.580247  0.00013604614487279574
  -61.728395 -1790.123457  0.00013706352536330401
  -61.728395 -1666.666667  0.00013848194304382102
  -61.728395 -1543.209877  0.00014079561181962855
  -61.728395 -1419.753086  0.00014424680924846132
  -61.728395 -1296.296296  0.00014686188839996200
  -61.728395 -1172.839506  0.00015385839914799367
  -61.728395 -1049.382716  0.00016097214944146379
  -61.728395  -925.925926  0.00017371785307051656
  -61.728395  -802.469136  0.00019088593850034787
  -61.728395  -679.012346  0.00021630722963093802
  -61.728395  -555.555556  0.00025100050868175473
  -61.728395  -432.098765  0.00029437137848866329
  -61.728395  -308.641975  0.00034045609269799391
  -61.728395  -185.185185  0.00037922489966542381
  -61.728395   -61.728395  0.00040098315571983009
  -61.728395    61.728395  0.00040098315571982283
  -61.728395   185.185185  0.00037922489966537724
  -61.728395   308.641975  0.00034045609269792203
  -61.728395   432.098765  0.00029437137848857677
  -61.728395   555.555556  0.00025100050868166735
  -61.728395   679.012346  0.00021630722963086294
  -61.728395   802.469136  0.00019088593850026826
  -61.728395   925.925926  0.00017371785307044189
  -61.728395  1049.382716  0.00016097214944138866
  -61.728395  1172.839506  0.00015385839914790805
  -61.728395  1296.296296  0.00014686188839988721
  -61.728395  1419.753086  0.00014424680924838608
  -61.728395  1543.209877  0.00014079561181954152
  -61.728395  1666.666667  0.00013848194304372813
  -61.728395  1790.123457  0.00013706352536320299
  -61.728395  1913.580247  0.00013604614487269971
  -61.728395  2037.037037  0.00013470984034048974
  -61.728395  2160.493827  0.00013382232511546688
  -61.728395  2283.950617  0.00013310250498293176
  -61.728395  2407.407407  0.00013376661927587213
  -61.728395  2530.864198  0.00013207971193855908
  -61.728395  2654.320988  0.00013247302922094484
  -61.728395  2777.777778  0.00013238268716515714
  -61.728395  2901.234568  0.00013211132697199957
  -61.728395  3024.691358  0.00013203049080854392
  -61.728395  3148.148148  0.00013189336715783441
  -61.728395  3271.604938  0.00013143188258053163
  -61.728395  3395.061728  0.00013155929331382972
  -61.728395  3518.518519  0.00013144571847340295
  -61.728395  3641.975309  0.00013181012775986890
  -61.728395  3765.432099  0.00013081776575972766
  -61.728395  3888.888889  0.00013283189149553793
  -61.728395  4012.345679  0.00012971921770950310
  -61.728395  4135.802469  0.00013053562273231730
  -61.728395  4259.259259  0.00013377270197288557
  -61.728395  4382.716049  0.00013133411881950495
  -61.728395  4506.172840  0.00012709563285342109
  -61.728395  4629.629630  0.00013165202555332652
  -61.728395  4753.086420  0.00013194958103698149
  -61.728395  4876.543210  0.00013934543858988487

   61.728395 -5000.000000  0.00003275284046846698
   61.728395 -4876.543210  0.00013934543859015375
   61.728395 -4753.086420  0.00013194958103724460
   61.728395 -4629.629630  0.00013165202555357779
   61.728395 -4506.172840  0.00012709563285365287
   61.728395 -4382.716049  0.00013133411881974114
   61.728395 -4259.259259  0.00013377270197311570
   61.728395 -4135.802469  0.00013053562273253157
   61.728395 -4012.345679  0.00012971921770970992
   61.728395 -3888.888889  0.00013283189149574225
   61.728395 -3765.432099  0.00013081776575993135
   61.728395 -3641.975309  0.00013181012776007360
   61.728395 -3518.518519  0.00013144571847359339
   61.728395 -3395.061728  0.00013155929331400915
   61.728395 -3271.604938  0.00013143188258070049
   61.728395 -3148.148148  0.00013189336715799721
   61.728395 -3024.691358  0.00013203049080870734
   61.728395 -2901.234568  0.00013211132697215039
   61.728395 -2777.777778  0.00013238268716530817
   61.728395 -2654.320988  0.00013247302922109124
   61.728395 -2530.864198  0.00013207971193868496
   61.728395 -2407.407407  0.00013376661927601939
   61.728395 -2283.950617  0.00013310250498306463
   61.728395 -2160.493827  0.00013382232511559877
   61.728395 -2037.037037  0.00013470984034060938
   61.728395 -1913.580247  0.00013604614487281019
   61.728395 -1790.123457  0.00013706352536331764
   61.728395 -1666.666667  0.00013848194304383603
   61.728395 -1543.209877  0.00014079561181964492
   61.728395 -1419.753086  0.00014424680924847669
   61.728395 -1296.296296  0.00014686188839997986
   61.728395 -1172.839506  0.00015385839914800790
   61.728395 -1049.382716  0.00016097214944147645
   61.728395  -925.925926  0.00017371785307052540
   61.728395  -802.469136  0.00019088593850035202
   61.728395  -679.012346  0.00021630722963093319
   61.728395  -555.555556  0.00025100050868173056
   61.728395  -432.098765  0.00029437137848862247
   61.728395  -308.641975  0.00034045609269793385
   61.728395  -185.185185  0.00037922489966534320
   61.728395   -61.728395  0.00040098315571972850
   61.728395    61.728395  0.00040098315571970638
   61.728395   185.185185  0.00037922489966527761
   61.728395   308.641975  0.00034045609269784863
   61.728395   432.098765  0.00029437137848853113
   61.728395   555.555556  0.00025100050868164355
   61.728395   679.012346  0.00021630722963086342
   61.728395   802.469136  0.00019088593850027436
   61.728395   925.925926  0.00017371785307045221
   61.728395  1049.382716  0.00016097214944140335
   61.728395  1172.839506  0.00015385839914792342
   61.728395  1296.296296  0.00014686188839990155
   61.728395  1419.753086  0.00014424680924840364
   61.728395  1543.209877  0.00014079561181956136
   61.728395  1666.666667  0.00013848194304374615
   61.728395  1790.123457  0.00013706352536321738
   61.728395  1913.580247  0.00013604614487271687
   61.728395  2037.037037  0.00013470984034050636
   61.728395  2160.493827  0.00013382232511548772
   61.728395  2283.950617  0.00013310250498294534
   61.728395  2407.407407  0.00013376661927589378
   61.728395  2530.864198  0.00013207971193856613
   61.728395  2654.320988  0.00013247302922096428
   61.728395  2777.777778  0.00013238268716517053
   61.728395  2901.234568  0.00013211132697200906
   61.728395  3024.691358  0.00013203049080855623
   61.728395  3148.148148  0.00013189336715784756
   61.728395  3271.604938  0.00013143188258054502
   61.728395  3395.061728  0.00013155929331384221
   61.728395  3518.518519  0.00013144571847341450
   61.728395  3641.975309  0.00013181012775988050
   61.728395  3765.432099  0.00013081776575974178
   61.728395  3888.888889  0.00013283189149555891
   61.728395  4012.345679  0.00012971921770952197
   61.728395  4135.802469  0.00013053562273233571
   61.728395  4259.259259  0.00013377270197290522
   61.728395  4382.716049  0.00013133411881952620
   61.728395  4506.172840  0.00012709563285343646
   61.728395  4629.629630  0.00013165202555333894
   61.728395  4753.086420  0.00013194958103699580
   61.728395  4876.543210  0.00013934543858990295

  185.185185 -5000.000000  0.00003267635509324975
  185.185185 -4876.543210  0.00013821309556976785
  185.185185 -4753.086420  0.00013088127751580131
  185.185185 -4629.629630  0.00013068782093239286
  185.185185 -4506.172840  0.00012611298395683111
  185.185185 -4382.716049  0.00013027166754000033
  185.185185 -4259.259259  0.00013269787515944132
  185.185185 -4135.802469  0.00012952473363431180
  185.185185 -4012.345679  0.00012872912370693359
  185.185185 -3888.888889  0.00013176818831456407
  185.185185 -3765.432099  0.00012983965977002906
  185.185185 -3641.975309  0.00013073995035157572
  185.185185 -3518.518519  0.00013043950498773020
  185.185185 -3395.061728  0.00013054826379863712
  185.185185 -3271.604938  0.00013037136213155164
  185.185185 -3148.148148  0.00013081587390273251
  185.185185 -3024.691358  0.00013100287160762084
  185.185185 -2901.234568  0.00013113016984760595
  185.185185 -2777.777778  0.00013133163123712981
  185.185185 -2654.320988  0.00013132587857711265
  185.185185 -2530.864198  0.00013131804160591167
  185.185185 -2407.407407  0.00013346961081499615
  185.185185 -2283.950617  0.00013290858676567077
  185.185185 -2160.493827  0.00013351506107490304
  185.185185 -2037.037037  0.00013440041118400716
  185.185185 -1913.580247  0.00013574153873396723
  185.185185 -1790.123457  0.00013676117072990523
  185.185185 -1666.666667  0.00013811308941308814
  185.185185 -1543.209877  0.00014033868972845501
  185.185185 -1419.753086  0.00014374734641530077
  185.185185 -1296.296296  0.00014627860548137777
  185.185185 -1172.839506  0.00015316117949995734
  185.185185 -1049.382716  0.00016003575341528851
  185.185185  -925.925926  0.00017237940324288275
  185.185185  -802.469136  0.00018887967871207873
  185.185185  -679.012346  0.00021327571334268572
  185.185185  -555.555556  0.00024646475171640056
  185.185185  -432.098765  0.00028781226794676924
  185.185185  -308.641975  0.00033154260124338173
  185.185185  -185.185185  0.00036818968306866662
  185.185185   -61.728395  0.00038911177083969425
  185.185185    61.728395  0.00038911177083967658
  185.185185   185.185185  0.00036818968306860162
  185.185185   308.641975  0.00033154260124330616
  185.185185   432.098765  0.00028781226794668722
  185.185185   555.555556  0.00024646475171632363
  185.185185   679.012346  0.00021327571334261731
  185.185185   802.469136  0.00018887967871200230
  185.185185   925.925926  0.00017237940324280957
  185.185185  1049.382716  0.00016003575341521671
  185.185185  1172.839506  0.00015316117949987375
  185.185185  1296.296296  0.00014627860548130546
  185.185185  1419.753086  0.00014374734641523160
  185.185185  1543.209877  0.00014033868972837581
  185.185185  1666.666667  0.00013811308941300316
  185.185185  1790.123457  0.00013676117072980768
  185.185185  1913.580247  0.00013574153873387664
  185.185185  2037.037037  0.00013440041118390820
  185.185185  2160.493827  0.00013351506107479467
  185.185185  2283.950617  0.00013290858676555408
  185.185185  2407.407407  0.00013346961081487130
  185.185185  2530.864198  0.00013131804160579331
  185.185185  2654.320988  0.00013132587857698954
  185.185185  2777.777778  0.00013133163123699369
  185.185185  2901.234568  0.00013113016984746441
  185.185185  3024.691358  0.00013100287160747206
  185.185185  3148.148148  0.00013081587390258425
  185.185185  3271.604938  0.00013037136213139833
  185.185185  3395.061728  0.00013054826379847219
  185.185185  3518.518519  0.00013043950498755439
  185.185185  3641.975309  0.00013073995035138640
  185.185185  3765.432099  0.00012983965976984298
  185.185185  3888.888889  0.00013176818831438320
  185.185185  4012.345679  0.00012872912370674947
  185.185185  4135.802469  0.00012952473363412163
  185.185185  4259.259259  0.00013269787515923347
  185.185185  4382.716049  0.00013027166753978782
  185.185185  4506.172840  0.00012611298395661557
  185.185185  4629.629630  0.00013068782093215506
  185.185185  4753.086420  0.00013088127751555663
  185.185185  4876.543210  0.00013821309556951754

  308.641975 -5000.000000  0.00003255350533592102
  308.641975 -4876.543210  0.00013809822990542688
  308.641975 -4753.086420  0.00013081541192163509
  308.641975 -4629.629630  0.00013058676428954162
  308.641975 -4506.172840  0.00012602915476994799
  308.641975 -4382.716049  0.00013018664931804360
  308.641975 -4259.259259  0.00013259974644444459
  308.641975 -4135.802469  0.00012941720956539244
  308.641975 -4012.345679  0.00012862233445753567
  308.641975 -3888.888889  0.00013167924611907805
  308.641975 -3765.432099  0.00012973251502836980
  308.641975 -3641.975309  0.00013065876167939937
  308.641975 -3518.518519  0.00013033634885488771
  308.641975 -3395.061728  0.00013044212480669420
  308.641975 -3271.604938  0.00013027410856799730
  308.641975 -3148.148148  0.00013071922846373399
  308.641975 -3024.691358  0.00013089175506105063
  308.641975 -2901.234568  0.00013100902042214829
  308.641975 -2777.777778  0.00013123244633601400
  308.641975 -2654.320988  0.00013124195161708354
  308.641975 -2530.864198  0.00013107557868621798
  308.641975 -2407.407407  0.00013310313399029041
  308.641975 -2283.950617  0.00013249701956386908
  308.641975 -2160.493827  0.00013310663630014907
  308.641975 -2037.037037  0.00013395897394201140
  308.641975 -1913.580247  0.00013526085834113542
  308.641975 -1790.123457  0.00013622816705028025
  308.641975 -1666.666667  0.00013752478687525883
  308.641975 -1543.209877  0.00013966263776447961
  308.641975 -1419.753086  0.00014292063642731498
  308.641975 -1296.296296  0.00014523167348616341
  308.641975 -1172.839506  0.00015196321824568308
  308.641975 -1049.382716  0.00015829458121510657
  308.641975  -925.925926  0.00016983927681330426
  308.641975  -802.469136  0.00018509870289850087
  308.641975  -679.012346  0.00020749134771040208
  308.641975  -555.555556  0.00023761868772455275
  308.641975  -432.098765  0.00027482658800285836
  308.641975  -308.641975  0.00031382577264970664
  308.641975  -185.185185  0.00034619529524940293
  308.641975   -61.728395  0.00036454439424782429
  308.641975    61.728395  0.00036454439424781030
  308.641975   185.185185  0.00034619529524934368
  308.641975   308.641975  0.00031382577264963719
  308.641975   432.098765  0.00027482658800278431
  308.641975   555.555556  0.00023761868772447799
  308.641975   679.012346  0.00020749134771033350
  308.641975   802.469136  0.00018509870289842593
  308.641975   925.925926  0.00016983927681323241
  308.641975  1049.382716  0.00015829458121503534
  308.641975  1172.839506  0.00015196321824560141
  308.641975  1296.296296  0.00014523167348609280
  308.641975  1419.753086  0.00014292063642724860
  308.641975  1543.209877  0.00013966263776440081
  308.641975  1666.666667  0.00013752478687517150
  308.641975  1790.123457  0.00013622816705018281
  308.641975  1913.580247  0.00013526085834104505
  308.641975  2037.037037  0.00013395897394191284
  308.641975  2160.493827  0.00013310663630003992
  308.641975  2283.950617  0.00013249701956375196
  308.641975  2407.407407  0.00013310313399016570
  308.641975  2530.864198  0.00013107557868609831
  308.641975  2654.320988  0.00013124195161695723
  308.641975  2777.777778  0.00013123244633587864
  308.641975  2901.234568  0.00013100902042201005
  308.641975  3024.691358  0.00013089175506090294
  308.641975  3148.148148  0.00013071922846358511
  308.641975  3271.604938  0.00013027410856784281
  308.641975  3395.061728  0.00013044212480652873
  308.641975  3518.518519  0.00013033634885471128
  308.641975  3641.975309  0.00013065876167920972
  308.641975  3765.432099  0.00012973251502818389
  308.641975  3888.888889  0.00013167924611889769
  308.641975  4012.345679  0.00012862233445735168
  308.641975  4135.802469  0.00012941720956520075
  308.641975  4259.259259  0.00013259974644423721
  308.641975  4382.716049  0.00013018664931782977
  308.641975  4506.172840  0.00012602915476973449
  308.641975  4629.629630  0.00013058676428930594
  308.641975  4753.086420  0.00013081541192139031
  308.641975  4876.543210  0.00013809822990517521

  432.098765 -5000.000000  0.00003237962951479887
  432.098765 -4876.543210  0.00013804032249305448
  432.098765 -4753.086420  0.00013080809864042260
  432.098765 -4629.629630  0.00013051317119122620
  432.098765 -4506.172840  0.00012598965100808190
  432.098765 -4382.716049  0.00013016100119746059
  432.098765 -4259.259259  0.00013255746652722519
  432.098765 -4135.802469  0.00012935051555983473
  432.098765 -4012.345679  0.00012855100633111770
  432.098765 -3888.888889  0.00013164288560346286
  432.098765 -3765.432099  0.00012965333195514439
  432.098765 -3641.975309  0.00013063695597315638
  432.098765 -3518.518519  0.00013027055961464110
  432.098765 -3395.061728  0.00013037468410857599
  432.098765 -3271.604938  0.00013023242590986592
  432.098765 -3148.148148  0.00013067993009704344
  432.098765 -3024.691358  0.00013081523461791491
  432.098765 -2901.234568  0.00013090169565641618
  432.098765 -2777.777778  0.00013116968099019527
  432.098765 -2654.320988  0.00013123230513951533
  432.098765 -2530.864198  0.00013077871412041912
  432.098765 -2407.407407  0.00013242139831122989
  432.098765 -2283.950617  0.00013173288727103940
  432.098765 -2160.493827  0.00013238836431455554
  432.098765 -2037.037037  0.00013318915374856035
  432.098765 -1913.580247  0.00013441501752582016
  432.098765 -1790.123457  0.00013529791673767250
  432.098765 -1666.666667  0.00013652848545708644
  432.098765 -1543.209877  0.00013855723870273413
  432.098765 -1419.753086  0.00014157418381206387
  432.098765 -1296.296296  0.00014357707512954873
  432.098765 -1172.839506  0.00014968309639440703
  432.098765 -1049.382716  0.00015527130524065923
  432.098765  -925.925926  0.00016563572136353387
  432.098765  -802.469136  0.00017908849089158819
  432.098765  -679.012346  0.00019853408149498624
  432.098765  -555.555556  0.00022423565900518160
  432.098765  -432.098765  0.00025551350726868584
  432.098765  -308.641975  0.00028779950612614445
  432.098765  -185.185185  0.00031415642346547862
  432.098765   -61.728395  0.00032895584279404508
  432.098765    61.728395  0.00032895584279403272
  432.098765   185.185185  0.00031415642346542728
  432.098765   308.641975  0.00028779950612608065
  432.098765   432.098765  0.00025551350726861580
  432.098765   555.555556  0.00022423565900510831
  432.098765   679.012346  0.00019853408149491996
  432.098765   802.469136  0.00017908849089151558
  432.098765   925.925926  0.00016563572136346432
  432.098765  1049.382716  0.00015527130524059076
  432.098765  1172.839506  0.00014968309639432653
  432.098765  1296.296296  0.00014357707512948042
  432.098765  1419.753086  0.00014157418381199823
  432.098765  1543.209877  0.00013855723870265420
  432.098765  1666.666667  0.00013652848545700008
  432.098765  1790.123457  0.00013529791673757533
  432.098765  1913.580247  0.00013441501752572925
  432.098765  2037.037037  0.00013318915374846101
  432.098765  2160.493827  0.00013238836431444576
  432.098765  2283.950617  0.00013173288727092187
  432.098765  2407.407407  0.00013242139831110510
  432.098765  2530.864198  0.00013077871412029882
  432.098765  2654.320988  0.00013123230513938902
  432.098765  2777.777778  0.00013116968099005901
  432.098765  2901.234568  0.00013090169565627602
  432.098765  3024.691358  0.00013081523461776724
  432.098765  3148.148148  0.00013067993009689363
  432.098765  3271.604938  0.00013023242590970975
  432.098765  3395.061728  0.00013037468410840818
  432.098765  3518.518519  0.00013027055961446134
  432.098765  3641.975309  0.00013063695597296377
  432.098765  3765.432099  0.00012965333195495677
  432.098765  3888.888889  0.00013164288560328069
  432.098765  4012.345679  0.00012855100633093114
  432.098765  4135.802469  0.00012935051555963971
  432.098765  4259.259259  0.00013255746652701510
  432.098765  4382.716049  0.00013016100119724532
  432.098765  4506.172840  0.00012598965100786851
  432.098765  4629.629630  0.00013051317119098881
  432.098765  4753.086420  0.00013080809864017545
  432.098765  4876.543210  0.00013804032249280259

  555.555556 -5000.000000  0.00003214130973303944
  555.555556 -4876.543210  0.00013747980456532073
  555.555556 -4753.086420  0.00013033254012741018
  555.555556 -4629.629630  0.00013000409860516944
  555.555556 -4506.172840  0.00012551417226599969
  555.555556 -4382.716049  0.00012966880362104584
  555.555556 -4259.259259  0.00013204087411300977
  555.555556 -4135.802469  0.00012883258794229403
  555.555556 -4012.345679  0.00012803665041411297
  555.555556 -3888.888889  0.00013113852785505377
  555.555556 -3765.432099  0.00012913493395684138
  555.555556 -3641.975309  0.00013014785789379268
  555.555556 -3518.518519  0.00012975689065597220
  555.555556 -3395.061728  0.00012985723350843236
  555.555556 -3271.604938  0.00012972390890562708
  555.555556 -3148.148148  0.00013016586060221849
  555.555556 -3024.691358  0.00013027655758470117
  555.555556 -2901.234568  0.00013034459156403632
  555.555556 -2777.777778  0.00013063577142472004
  555.555556 -2654.320988  0.00013072478531309556
  555.555556 -2530.864198  0.00013010862781736638
  555.555556 -2407.407407  0.00013150905216067601
  555.555556 -2283.950617  0.00013076310830412556
  555.555556 -2160.493827  0.00013142662898843894
  555.555556 -2037.037037  0.00013217103574723874
  555.555556 -1913.580247  0.00013331637951005164
  555.555556 -1790.123457  0.00013410619975729791
  555.555556 -1666.666667  0.00013523923515320864
  555.555556 -1543.209877  0.00013711747870450133
  555.555556 -1419.753086  0.00013986179061529155
  555.555556 -1296.296296  0.00014149138935493549
  555.555556 -1172.839506  0.00014694775493223738
  555.555556 -1049.382716  0.00015163529799668514
  555.555556  -925.925926  0.00016058895971048917
  555.555556  -802.469136  0.00017184649626574889
  555.555556  -679.012346  0.00018776211218574023
  555.555556  -555.555556  0.00020823737279104367
  555.555556  -432.098765  0.00023264440731780777
  555.555556  -308.641975  0.00025730341479854925
  555.555556  -185.185185  0.00027696923494143248
  555.555556   -61.728395  0.00028795056321979625
  555.555556    61.728395  0.00028795056321979104
  555.555556   185.185185  0.00027696923494138981
  555.555556   308.641975  0.00025730341479849228
  555.555556   432.098765  0.00023264440731774334
  555.555556   555.555556  0.00020823737279097827
  555.555556   679.012346  0.00018776211218567821
  555.555556   802.469136  0.00017184649626568070
  555.555556   925.925926  0.00016058895971042254
  555.555556  1049.382716  0.00015163529799661901
  555.555556  1172.839506  0.00014694775493215892
  555.555556  1296.296296  0.00014149138935486911
  555.555556  1419.753086  0.00013986179061522476
  555.555556  1543.209877  0.00013711747870442058
  555.555556  1666.666667  0.00013523923515312147
  555.555556  1790.123457  0.00013410619975720025
  555.555556  1913.580247  0.00013331637950996129
  555.555556  2037.037037  0.00013217103574713924
  555.555556  2160.493827  0.00013142662898832898
  555.555556  2283.950617  0.00013076310830400874
  555.555556  2407.407407  0.00013150905216055285
  555.555556  2530.864198  0.00013010862781724446
  555.555556  2654.320988  0.00013072478531296757
  555.555556  2777.777778  0.00013063577142458251
  555.555556  2901.234568  0.00013034459156389532
  555.555556  3024.691358  0.00013027655758455250
  555.555556  3148.148148  0.00013016586060206868
  555.555556  3271.604938  0.00012972390890547036
  555.555556  3395.061728  0.00012985723350826398
  555.555556  3518.518519  0.00012975689065579168
  555.555556  3641.975309  0.00013014785789359896
  555.555556  3765.432099  0.00012913493395665397
  555.555556  3888.888889  0.00013113852785487024
  555.555556  4012.345679  0.00012803665041392340
  555.555556  4135.802469  0.00012883258794209692
  555.555556  4259.259259  0.00013204087411279768
  555.555556  4382.716049  0.00012966880362082897
  555.555556  4506.172840  0.00012551417226578231
  555.555556  4629.629630  0.00013000409860493080
  555.555556  4753.086420  0.00013033254012716254
  555.555556  4876.543210  0.00013747980456506776

  679.012346 -5000.000000  0.00003183155167350711
  679.012346 -4876.543210  0.00013622415582578942
  679.012346 -4753.086420  0.00012921230242199353
  679.012346 -4629.629630  0.00012890461989899737
  679.012346 -4506.172840  0.00012444088855050907
  679.012346 -4382.716049  0.00012853089335910118
  679.012346 -4259.259259  0.00013086865005956287
  679.012346 -4135.802469  0.00012769588567477862
  679.012346 -4012.345679  0.00012691746819826793
  679.012346 -3888.888889  0.00012999044488271497
  679.012346 -3765.432099  0.00012802038285760029
  679.012346 -3641.975309  0.00012901297277986297
  679.012346 -3518.518519  0.00012863091833583397
  679.012346 -3395.061728  0.00012872372308111052
  679.012346 -3271.604938  0.00012856990497559228
  679.012346 -3148.148148  0.00012899527156086160
  679.012346 -3024.691358  0.00012910787370109321
  679.012346 -2901.234568  0.00012918346654762359
  679.012346 -2777.777778  0.00012946202871919862
  679.012346 -2654.320988  0.00012952535169518325
  679.012346 -2530.864198  0.00012895286672266279
  679.012346 -2407.407407  0.00013045394279819554
  679.012346 -2283.950617  0.00012969815873532767
  679.012346 -2160.493827  0.00013029537161928883
  679.012346 -2037.037037  0.00013098702846602909
  679.012346 -1913.580247  0.00013206808491533938
  679.012346 -1790.123457  0.00013276851497949377
  679.012346 -1666.666667  0.00013376575716160568
  679.012346 -1543.209877  0.00013545007575154473
  679.012346 -1419.753086  0.00013793431585844604
  679.012346 -1296.296296  0.00013914371624210761
  679.012346 -1172.839506  0.00014424142780440150
  679.012346 -1049.382716  0.00014792584743875286
  679.012346  -925.925926  0.00015540457796559562
  679.012346  -802.469136  0.00016432840027057863
  679.012346  -679.012346  0.00017659559385954280
  679.012346  -555.555556  0.00019176351233624476
  679.012346  -432.098765  0.00020938889427026615
  679.012346  -308.641975  0.00022674044103599788
  679.012346  -185.185185  0.00024017934078432402
  679.012346   -61.728395  0.00024768046469779328
  679.012346    61.728395  0.00024768046469779165
  679.012346   185.185185  0.00024017934078428976
  679.012346   308.641975  0.00022674044103595007
  679.012346   432.098765  0.00020938889427021338
  679.012346   555.555556  0.00019176351233618654
  679.012346   679.012346  0.00017659559385949062
  679.012346   802.469136  0.00016432840027051518
  679.012346   925.925926  0.00015540457796553230
  679.012346  1049.382716  0.00014792584743868916
  679.012346  1172.839506  0.00014424142780432403
  679.012346  1296.296296  0.00013914371624204500
  679.012346  1419.753086  0.00013793431585838004
  679.012346  1543.209877  0.00013545007575146590
  679.012346  1666.666667  0.00013376575716152113
  679.012346  1790.123457  0.00013276851497939971
  679.012346  1913.580247  0.00013206808491524776
  679.012346  2037.037037  0.00013098702846593076
  679.012346  2160.493827  0.00013029537161917887
  679.012346  2283.950617  0.00012969815873521082
  679.012346  2407.407407  0.00013045394279807151
  679.012346  2530.864198  0.00012895286672254394
  679.012346  2654.320988  0.00012952535169505873
  679.012346  2777.777778  0.00012946202871906540
  679.012346  2901.234568  0.00012918346654748562
  679.012346  3024.691358  0.00012910787370094620
  679.012346  3148.148148  0.00012899527156071385
  679.012346  3271.604938  0.00012856990497543656
  679.012346  3395.061728  0.00012872372308094499
  679.012346  3518.518519  0.00012863091833565710
  679.012346  3641.975309  0.00012901297277967205
  679.012346  3765.432099  0.00012802038285741353
  679.012346  3888.888889  0.00012999044488253117
  679.012346  4012.345679  0.00012691746819807833
  679.012346  4135.802469  0.00012769588567458146
  679.012346  4259.259259  0.00013086865005935036
  679.012346  4382.716049  0.00012853089335888496
  679.012346  4506.172840  0.00012444088855029163
  679.012346  4629.629630  0.00012890461989875917
  679.012346  4753.086420  0.00012921230242174717
  679.012346  4876.543210  0.00013622415582553892

  802.469136 -5000.000000  0.00003144746469540071
  802.469136 -4876.543210  0.00013443764521095416
  802.469136 -4753.086420  0.00012760572993984322
  802.469136 -4629.629630  0.00012735423784294352
  802.469136 -4506.172840  0.00012291304736737748
  802.469136 -4382.716049  0.00012690263128240992
  802.469136 -4259.259259  0.00012919697047343289
  802.469136 -4135.802469  0.00012608605204601100
  802.469136 -4012.345679  0.00012533588520978827
  802.469136 -3888.888889  0.00012835412902498656
  802.469136 -3765.432099  0.00012644842805451515
  802.469136 -3641.975309  0.00012739543523979268
  802.469136 -3518.518519  0.00012703783576723500
  802.469136 -3395.061728  0.00012711896111358261
  802.469136 -3271.604938  0.00012692957246413688
  802.469136 -3148.148148  0.00012733127740546674
  802.469136 -3024.691358  0.00012745901570651764
  802.469136 -2901.234568  0.00012755773671460494
  802.469136 -2777.777778  0.00012780739712801547
  802.469136 -2654.320988  0.00012781695421587287
  802.469136 -2530.864198  0.00012736523062825621
  802.469136 -2407.407407  0.00012905530513281912
  802.469136 -2283.950617  0.00012833175244302998
  802.469136 -2160.493827  0.00012881877645929408
  802.469136 -2037.037037  0.00012945051652582263
  802.469136 -1913.580247  0.00013046917729671285
  802.469136 -1790.123457  0.00013109702912212750
  802.469136 -1666.666667  0.00013194734089407457
  802.469136 -1543.209877  0.00013340723181176717
  802.469136 -1419.753086  0.00013559686084745694
  802.469136 -1296.296296  0.00013646165544731488
  802.469136 -1172.839506  0.00014084773313346858
  802.469136 -1049.382716  0.00014362595018510037
  802.469136  -925.925926  0.00014961041351099788
  802.469136  -802.469136  0.00015633379061104333
  802.469136  -679.012346  0.00016523399903354850
  802.469136  -555.555556  0.00017569906487044726
  802.469136  -432.098765  0.00018750513991826250
  802.469136  -308.641975  0.00019880801963270074
  802.469136  -185.185185  0.00020728827778457580
  802.469136   -61.728395  0.00021203462223406730
  802.469136    61.728395  0.00021203462223406500
  802.469136   185.185185  0.00020728827778454764
  802.469136   308.641975  0.00019880801963266282
  802.469136   432.098765  0.00018750513991821691
  802.469136   555.555556  0.00017569906487039725
  802.469136   679.012346  0.00016523399903350114
  802.469136   802.469136  0.00015633379061098668
  802.469136   925.925926  0.00014961041351094041
  802.469136  1049.382716  0.00014362595018503946
  802.469136  1172.839506  0.00014084773313339453
  802.469136  1296.296296  0.00013646165544725267
  802.469136  1419.753086  0.00013559686084739145
  802.469136  1543.209877  0.00013340723181168890
  802.469136  1666.666667  0.00013194734089398973
  802.469136  1790.123457  0.00013109702912203418
  802.469136  1913.580247  0.00013046917729662286
  802.469136  2037.037037  0.00012945051652572546
  802.469136  2160.493827  0.00012881877645918820
  802.469136  2283.950617  0.00012833175244291459
  802.469136  2407.407407  0.00012905530513269642
  802.469136  2530.864198  0.00012736523062813635
  802.469136  2654.320988  0.00012781695421574803
  802.469136  2777.777778  0.00012780739712788198
  802.469136  2901.234568  0.00012755773671446665
  802.469136  3024.691358  0.00012745901570636949
  802.469136  3148.148148  0.00012733127740531785
  802.469136  3271.604938  0.00012692957246398132
  802.469136  3395.061728  0.00012711896111341529
  802.469136  3518.518519  0.00012703783576705759
  802.469136  3641.975309  0.00012739543523960335
  802.469136  3765.432099  0.00012644842805432628
  802.469136  3888.888889  0.00012835412902480035
  802.469136  4012.345679  0.00012533588520959699
  802.469136  4135.802469  0.00012608605204581349
  802.469136  4259.259259  0.00012919697047322063
  802.469136  4382.716049  0.00012690263128219199
  802.469136  4506.172840  0.00012291304736715972
  802.469136  4629.629630  0.00012735423784270486
  802.469136  4753.086420  0.00012760572993959676
  802.469136  4876.543210  0.00013443764521070209

  925.925926 -5000.000000  0.00003101136072470676
  925.925926 -4876.543210  0.00013240268402161542
  925.925926 -4753.086420  0.00012575689568689651
  925.925926 -4629.629630  0.00012556272275577026
  925.925926 -4506.172840  0.00012115648995785187
  925.925926 -4382.716049  0.00012504125380919572
  925.925926 -4259.259259  0.00012728728280516252
  925.925926 -4135.802469  0.00012424078540849054
  925.925926 -4012.345679  0.00012351853744615223
  925.925926 -3888.888889  0.00012647636563610729
  925.925926 -3765.432099  0.00012463285041022733
  925.925926 -3641.975309  0.00012553895736766408
  925.925926 -3518.518519  0.00012520336509469753
  925.925926 -3395.061728  0.00012527608267348875
  925.925926 -3271.604938  0.00012505558047352464
  925.925926 -3148.148148  0.00012543181677170641
  925.925926 -3024.691358  0.00012556594504061592
  925.925926 -2901.234568  0.00012567871968138003
  925.925926 -2777.777778  0.00012590268906780477
  925.925926 -2654.320988  0.00012587452442911463
  925.925926 -2530.864198  0.00012554909361036436
  925.925926 -2407.407407  0.00012748650057963873
  925.925926 -2283.950617  0.00012679393833642664
  925.925926 -2160.493827  0.00012718092044110120
  925.925926 -2037.037037  0.00012776084286321413
  925.925926 -1913.580247  0.00012871454595232760
  925.925926 -1790.123457  0.00012924766104591335
  925.925926 -1666.666667  0.00012993786141148053
  925.925926 -1543.209877  0.00013118733509631425
  925.925926 -1419.753086  0.00013313276482245935
  925.925926 -1296.296296  0.00013358039434566661
  925.925926 -1172.839506  0.00013756247214147808
  925.925926 -1049.382716  0.00013943736354721540
  925.925926  -925.925926  0.00014415976216280031
  925.925926  -802.469136  0.00014899306185772542
  925.925926  -679.012346  0.00015516113224739651
  925.925926  -555.555556  0.00016196212252121621
  925.925926  -432.098765  0.00016945259130575669
  925.925926  -308.641975  0.00017644894931665282
  925.925926  -185.185185  0.00018149506942712656
  925.925926   -61.728395  0.00018433179061557193
  925.925926    61.728395  0.00018433179061556995
  925.925926   185.185185  0.00018149506942710414
  925.925926   308.641975  0.00017644894931662331
  925.925926   432.098765  0.00016945259130571905
  925.925926   555.555556  0.00016196212252117320
  925.925926   679.012346  0.00015516113224735300
  925.925926   802.469136  0.00014899306185767124
  925.925926   925.925926  0.00014415976216274355
  925.925926  1049.382716  0.00013943736354715667
  925.925926  1172.839506  0.00013756247214140427
  925.925926  1296.296296  0.00013358039434560679
  925.925926  1419.753086  0.00013313276482239376
  925.925926  1543.209877  0.00013118733509623614
  925.925926  1666.666667  0.00012993786141139604
  925.925926  1790.123457  0.00012924766104581943
  925.925926  1913.580247  0.00012871454595223783
  925.925926  2037.037037  0.00012776084286311888
  925.925926  2160.493827  0.00012718092044099690
  925.925926  2283.950617  0.00012679393833631242
  925.925926  2407.407407  0.00012748650057951453
  925.925926  2530.864198  0.00012554909361024572
  925.925926  2654.320988  0.00012587452442899092
  925.925926  2777.777778  0.00012590268906767239
  925.925926  2901.234568  0.00012567871968124288
  925.925926  3024.691358  0.00012556594504046942
  925.925926  3148.148148  0.00012543181677155671
  925.925926  3271.604938  0.00012505558047336797
  925.925926  3395.061728  0.00012527608267332100
  925.925926  3518.518519  0.00012520336509451969
  925.925926  3641.975309  0.00012553895736747511
  925.925926  3765.432099  0.00012463285041003914
  925.925926  3888.888889  0.00012647636563592303
  925.925926  4012.345679  0.00012351853744596117
  925.925926  4135.802469  0.00012424078540829284
  925.925926  4259.259259  0.00012728728280494929
  925.925926  4382.716049  0.00012504125380897899
  925.925926  4506.172840  0.00012115648995763529
  925.925926  4629.629630  0.00012556272275553369
  925.925926  4753.086420  0.00012575689568665186
  925.925926  4876.543210  0.00013240268402136567

 1049.382716 -5000.000000  0.00003051536804661509
 1049.382716 -4876.543210  0.00013038073445307915
 1049.382716 -4753.086420  0.00012393041865088660
 1049.382716 -4629.629630  0.00012376724456126891
 1049.382716 -4506.172840  0.00011940935404460460
 1049.382716 -4382.716049  0.00012319875522876487
 1049.382716 -4259.259259  0.00012539208159161483
 1049.382716 -4135.802469  0.00012239905490680768
 1049.382716 -4012.345679  0.00012170142850115125
 1049.382716 -3888.888889  0.00012461341867131252
 1049.382716 -3765.432099  0.00012281157956284291
 1049.382716 -3641.975309  0.00012370967392853806
 1049.382716 -3518.518519  0.00012337224732197129
 1049.382716 -3395.061728  0.00012343599955706854
 1049.382716 -3271.604938  0.00012320298200803288
 1049.382716 -3148.148148  0.00012355677715104106
 1049.382716 -3024.691358  0.00012367670243922568
 1049.382716 -2901.234568  0.00012378722022781720
 1049.382716 -2777.777778  0.00012401200014883435
 1049.382716 -2654.320988  0.00012398259111744695
 1049.382716 -2530.864198  0.00012361945435553055
 1049.382716 -2407.407407  0.00012540383479352270
 1049.382716 -2283.950617  0.00012472841950728143
 1049.382716 -2160.493827  0.00012507065745455292
 1049.382716 -2037.037037  0.00012558200668272483
 1049.382716 -1913.580247  0.00012643993391285024
 1049.382716 -1790.123457  0.00012688576789060760
 1049.382716 -1666.666667  0.00012745051990935649
 1049.382716 -1543.209877  0.00012850904631559582
 1049.382716 -1419.753086  0.00013014008580946755
 1049.382716 -1296.296296  0.00013032659555209345
 1049.382716 -1172.839506  0.00013294133548828665
 1049.382716 -1049.382716  0.00013421553150093352
 1049.382716  -925.925926  0.00013778870430260074
 1049.382716  -802.469136  0.00014117378273821154
 1049.382716  -679.012346  0.00014529078540521283
 1049.382716  -555.555556  0.00014958791759161761
 1049.382716  -432.098765  0.00015423302127401023
 1049.382716  -308.641975  0.00015847647740171747
 1049.382716  -185.185185  0.00016140136242927313
 1049.382716   -61.728395  0.00016308813554680396
 1049.382716    61.728395  0.00016308813554680415
 1049.382716   185.185185  0.00016140136242925407
 1049.382716   308.641975  0.00015847647740169254
 1049.382716   432.098765  0.00015423302127397793
 1049.382716   555.555556  0.00014958791759157717
 1049.382716   679.012346  0.00014529078540517063
 1049.382716   802.469136  0.00014117378273815749
 1049.382716   925.925926  0.00013778870430254517
 1049.382716  1049.382716  0.00013421553150087689
 1049.382716  1172.839506  0.00013294133548821425
 1049.382716  1296.296296  0.00013032659555203295
 1049.382716  1419.753086  0.00013014008580940287
 1049.382716  1543.209877  0.00012850904631551955
 1049.382716  1666.666667  0.00012745051990927292
 1049.382716  1790.123457  0.00012688576789051498
 1049.382716  1913.580247  0.00012643993391275865
 1049.382716  2037.037037  0.00012558200668262711
 1049.382716  2160.493827  0.00012507065745444719
 1049.382716  2283.950617  0.00012472841950716737
 1049.382716  2407.407407  0.00012540383479339766
 1049.382716  2530.864198  0.00012361945435541131
 1049.382716  2654.320988  0.00012398259111732162
 1049.382716  2777.777778  0.00012401200014870069
 1049.382716  2901.234568  0.00012378722022767823
 1049.382716  3024.691358  0.00012367670243907758
 1049.382716  3148.148148  0.00012355677715089050
 1049.382716  3271.604938  0.00012320298200787502
 1049.382716  3395.061728  0.00012343599955690036
 1049.382716  3518.518519  0.00012337224732179245
 1049.382716  3641.975309  0.00012370967392834656
 1049.382716  3765.432099  0.00012281157956265418
 1049.382716  3888.888889  0.00012461341867112761
 1049.382716  4012.345679  0.00012170142850095975
 1049.382716  4135.802469  0.00012239905490660799
 1049.382716  4259.259259  0.00012539208159140008
 1049.382716  4382.716049  0.00012319875522854803
 1049.382716  4506.172840  0.00011940935404438755
 1049.382716  4629.629630  0.00012376724456103163
 1049.382716  4753.086420  0.00012393041865064124
 1049.382716  4876.543210  0.00013038073445282767

 1172.839506 -5000.000000  0.00002995499363946296
 1172.839506 -4876.543210  0.00012813683631678058
 1172.839506 -4753.086420  0.00012194073216553409
 1172.839506 -4629.629630  0.00012181258386327787
 1172.839506 -4506.172840  0.00011749859048564715
 1172.839506 -4382.716049  0.00012116853900738633
 1172.839506 -4259.259259  0.00012329951509863234
 1172.839506 -4135.802469  0.00012037233204519706
 1172.839506 -4012.345679  0.00011970924017583057
 1172.839506 -3888.888889  0.00012257151395133272
 1172.839506 -3765.432099  0.00012083568725661868
 1172.839506 -3641.975309  0.00012168634307173751
 1172.839506 -3518.518519  0.00012137327059835910
 1172.839506 -3395.061728  0.00012142338271156648
 1172.839506 -3271.604938  0.00012114533491351376
 1172.839506 -3148.148148  0.00012147129666550059
 1172.839506 -3024.691358  0.00012160892071597708
 1172.839506 -2901.234568  0.00012174705752591328
 1172.839506 -2777.777778  0.00012194786678443401
 1172.839506 -2654.320988  0.00012185991372410677
 1172.839506 -2530.864198  0.00012163331041862495
 1172.839506 -2407.407407  0.00012379272483494408
 1172.839506 -2283.950617  0.00012310313864447812
 1172.839506 -2160.493827  0.00012334824498297692
 1172.839506 -2037.037037  0.00012381945208342552
 1172.839506 -1913.580247  0.00012463538927565642
 1172.839506 -1790.123457  0.00012498492126211062
 1172.839506 -1666.666667  0.00012539898600594823
 1172.839506 -1543.209877  0.00012627501127328118
 1172.839506 -1419.753086  0.00012776444696868219
 1172.839506 -1296.296296  0.00012755537274213816
 1172.839506 -1172.839506  0.00013093450937156620
 1172.839506 -1049.382716  0.00013148927867079595
 1172.839506  -925.925926  0.00013439595120776529
 1172.839506  -802.469136  0.00013669571503186910
 1172.839506  -679.012346  0.00013952886494653923
 1172.839506  -555.555556  0.00014222280406913835
 1172.839506  -432.098765  0.00014518509877304585
 1172.839506  -308.641975  0.00014785538426925407
 1172.839506  -185.185185  0.00014954346472643545
 1172.839506   -61.728395  0.00015059888169987007
 1172.839506    61.728395  0.00015059888169987096
 1172.839506   185.185185  0.00014954346472641892
 1172.839506   308.641975  0.00014785538426923084
 1172.839506   432.098765  0.00014518509877301623
 1172.839506   555.555556  0.00014222280406909967
 1172.839506   679.012346  0.00013952886494650118
 1172.839506   802.469136  0.00013669571503181953
 1172.839506   925.925926  0.00013439595120771374
 1172.839506  1049.382716  0.00013148927867074207
 1172.839506  1172.839506  0.00013093450937149849
 1172.839506  1296.296296  0.00012755537274207747
 1172.839506  1419.753086  0.00012776444696861752
 1172.839506  1543.209877  0.00012627501127320545
 1172.839506  1666.666667  0.00012539898600586456
 1172.839506  1790.123457  0.00012498492126201694
 1172.839506  1913.580247  0.00012463538927556366
 1172.839506  2037.037037  0.00012381945208332607
 1172.839506  2160.493827  0.00012334824498286821
 1172.839506  2283.950617  0.00012310313864436132
 1172.839506  2407.407407  0.00012379272483481910
 1172.839506  2530.864198  0.00012163331041850520
 1172.839506  2654.320988  0.00012185991372398119
 1172.839506  2777.777778  0.00012194786678429799
 1172.839506  2901.234568  0.00012174705752577353
 1172.839506  3024.691358  0.00012160892071582852
 1172.839506  3148.148148  0.00012147129666535158
 1172.839506  3271.604938  0.00012114533491335891
 1172.839506  3395.061728  0.00012142338271140012
 1172.839506  3518.518519  0.00012137327059818162
 1172.839506  3641.975309  0.00012168634307154791
 1172.839506  3765.432099  0.00012083568725643295
 1172.839506  3888.888889  0.00012257151395114784
 1172.839506  4012.345679  0.00011970924017563933
 1172.839506  4135.802469  0.00012037233204499838
 1172.839506  4259.259259  0.00012329951509842049
 1172.839506  4382.716049  0.00012116853900716906
 1172.839506  4506.172840  0.00011749859048543161
 1172.839506  4629.629630  0.00012181258386304243
 1172.839506  4753.086420  0.00012194073216529066
 1172.839506  4876.543210  0.00012813683631653100

 1296.296296 -5000.000000  0.00002929166921942010
 1296.296296 -4876.543210  0.00012660022085408249
 1296.296296 -4753.086420  0.00012051837416427911
 1296.296296 -4629.629630  0.00012034725028034441
 1296.296296 -4506.172840  0.00011611425382857802
 1296.296296 -4382.716049  0.00011976444974746890
 1296.296296 -4259.259259  0.00012184971851511286
 1296.296296 -4135.802469  0.00011891481459757535
 1296.296296 -4012.345679  0.00011825323845449494
 1296.296296 -3888.888889  0.00012112102703911156
 1296.296296 -3765.432099  0.00011933212779179569
 1296.296296 -3641.975309  0.00012029317397378889
 1296.296296 -3518.518519  0.00011989444715840430
 1296.296296 -3395.061728  0.00011995242620400115
 1296.296296 -3271.604938  0.00011974115912713130
 1296.296296 -3148.148148  0.00012006220264729681
 1296.296296 -3024.691358  0.00012009646815268542
 1296.296296 -2901.234568  0.00012013997506250140
 1296.296296 -2777.777778  0.00012043636044973580
 1296.296296 -2654.320988  0.00012051808921515179
 1296.296296 -2530.864198  0.00011982010898266971
 1296.296296 -2407.407407  0.00012097369350266614
 1296.296296 -2283.950617  0.00012040164319627806
 1296.296296 -2160.493827  0.00012087103217157828
 1296.296296 -2037.037037  0.00012106321792541685
 1296.296296 -1913.580247  0.00012165291111875165
 1296.296296 -1790.123457  0.00012203191516403181
 1296.296296 -1666.666667  0.00012255872891306211
 1296.296296 -1543.209877  0.00012321039196806815
 1296.296296 -1419.753086  0.00012387109991820027
 1296.296296 -1296.296296  0.00012470153377195178
 1296.296296 -1172.839506  0.00012497399166089981
 1296.296296 -1049.382716  0.00012626472733998491
 1296.296296  -925.925926  0.00012772593417536218
 1296.296296  -802.469136  0.00012944288511589693
 1296.296296  -679.012346  0.00013124253809025435
 1296.296296  -555.555556  0.00013311020421870892
 1296.296296  -432.098765  0.00013486128913513663
 1296.296296  -308.641975  0.00013635050450841520
 1296.296296  -185.185185  0.00013745382912738285
 1296.296296   -61.728395  0.00013812670443095272
 1296.296296    61.728395  0.00013812670443096172
 1296.296296   185.185185  0.00013745382912737120
 1296.296296   308.641975  0.00013635050450839370
 1296.296296   432.098765  0.00013486128913510825
 1296.296296   555.555556  0.00013311020421866840
 1296.296296   679.012346  0.00013124253809021570
 1296.296296   802.469136  0.00012944288511584828
 1296.296296   925.925926  0.00012772593417531024
 1296.296296  1049.382716  0.00012626472733992772
 1296.296296  1172.839506  0.00012497399166082985
 1296.296296  1296.296296  0.00012470153377188524
 1296.296296  1419.753086  0.00012387109991813096
 1296.296296  1543.209877  0.00012321039196798707
 1296.296296  1666.666667  0.00012255872891297310
 1296.296296  1790.123457  0.00012203191516393568
 1296.296296  1913.580247  0.00012165291111865826
 1296.296296  2037.037037  0.00012106321792531687
 1296.296296  2160.493827  0.00012087103217146973
 1296.296296  2283.950617  0.00012040164319616056
 1296.296296  2407.407407  0.00012097369350253985
 1296.296296  2530.864198  0.00011982010898255080
 1296.296296  2654.320988  0.00012051808921502559
 1296.296296  2777.777778  0.00012043636044960140
 1296.296296  2901.234568  0.00012013997506236273
 1296.296296  3024.691358  0.00012009646815253868
 1296.296296  3148.148148  0.00012006220264714656
 1296.296296  3271.604938  0.00011974115912697468
 1296.296296  3395.061728  0.00011995242620383249
 1296.296296  3518.518519  0.00011989444715822486
 1296.296296  3641.975309  0.00012029317397359793
 1296.296296  3765.432099  0.00011933212779160945
 1296.296296  3888.888889  0.00012112102703892596
 1296.296296  4012.345679  0.00011825323845430344
 1296.296296  4135.802469  0.00011891481459737629
 1296.296296  4259.259259  0.00012184971851489980
 1296.296296  4382.716049  0.00011976444974725082
 1296.296296  4506.172840  0.00011611425382836060
 1296.296296  4629.629630  0.00012034725028010658
 1296.296296  4753.086420  0.00012051837416403369
 1296.296296  4876.543210  0.00012660022085383019

 1419.753086 -5000.000000  0.00002858275104783180
 1419.753086 -4876.543210  0.00012413658994426044
 1419.753086 -4753.086420  0.00011841097610962237
 1419.753086 -4629.629630  0.00011825030765133797
 1419.753086 -4506.172840  0.00011406325115104338
 1419.753086 -4382.716049  0.00011756795103138368
 1419.753086 -4259.259259  0.00011957258573110365
 1419.753086 -4135.802469  0.00011671021229293774
 1419.753086 -4012.345679  0.00011609527562008231
 1419.753086 -3888.888889  0.00011892751300518812
 1419.753086 -3765.432099  0.00011721496471317932
 1419.753086 -3641.975309  0.00011812468602486144
 1419.753086 -3518.518519  0.00011774750106444076
 1419.753086 -3395.061728  0.00011777952422397808
 1419.753086 -3271.604938  0.00011750752035668154
 1419.753086 -3148.148148  0.00011779931393130696
 1419.753086 -3024.691358  0.00011786854993926220
 1419.753086 -2901.234568  0.00011796431893592812
 1419.753086 -2777.777778  0.00011824613606486034
 1419.753086 -2654.320988  0.00011823657630052883
 1419.753086 -2530.864198  0.00011760230220380792
 1419.753086 -2407.407407  0.00011912035306375812
 1419.753086 -2283.950617  0.00011849370659173211
 1419.753086 -2160.493827  0.00011885166402224377
 1419.753086 -2037.037037  0.00011900669597429552
 1419.753086 -1913.580247  0.00011958452832690380
 1419.753086 -1790.123457  0.00011990591725862618
 1419.753086 -1666.666667  0.00012031728306902243
 1419.753086 -1543.209877  0.00012081146593360587
 1419.753086 -1419.753086  0.00012137086655217692
 1419.753086 -1296.296296  0.00012197166996376467
 1419.753086 -1172.839506  0.00012328755401453236
 1419.753086 -1049.382716  0.00012413927302480488
 1419.753086  -925.925926  0.00012527393827354354
 1419.753086  -802.469136  0.00012645241960185515
 1419.753086  -679.012346  0.00012773149842900590
 1419.753086  -555.555556  0.00012895090103810821
 1419.753086  -432.098765  0.00013007193617959117
 1419.753086  -308.641975  0.00013099760464581911
 1419.753086  -185.185185  0.00013166670676699387
 1419.753086   -61.728395  0.00013214205222773185
 1419.753086    61.728395  0.00013214205222774095
 1419.753086   185.185185  0.00013166670676698306
 1419.753086   308.641975  0.00013099760464579903
 1419.753086   432.098765  0.00013007193617956477
 1419.753086   555.555556  0.00012895090103806904
 1419.753086   679.012346  0.00012773149842897129
 1419.753086   802.469136  0.00012645241960180866
 1419.753086   925.925926  0.00012527393827349093
 1419.753086  1049.382716  0.00012413927302474707
 1419.753086  1172.839506  0.00012328755401446226
 1419.753086  1296.296296  0.00012197166996369643
 1419.753086  1419.753086  0.00012137086655210673
 1419.753086  1543.209877  0.00012081146593352452
 1419.753086  1666.666667  0.00012031728306893394
 1419.753086  1790.123457  0.00011990591725852884
 1419.753086  1913.580247  0.00011958452832680835
 1419.753086  2037.037037  0.00011900669597419438
 1419.753086  2160.493827  0.00011885166402213429
 1419.753086  2283.950617  0.00011849370659161515
 1419.753086  2407.407407  0.00011912035306363349
 1419.753086  2530.864198  0.00011760230220368977
 1419.753086  2654.320988  0.00011823657630040236
 1419.753086  2777.777778  0.00011824613606472858
 1419.753086  2901.234568  0.00011796431893579266
 1419.753086  3024.691358  0.00011786854993911672
 1419.753086  3148.148148  0.00011779931393115887
 1419.753086  3271.604938  0.00011750752035652706
 1419.753086  3395.061728  0.00011777952422381179
 1419.753086  3518.518519  0.00011774750106426348
 1419.753086  3641.975309  0.00011812468602467330
 1419.753086  3765.432099  0.00011721496471299411
 1419.753086  3888.888889  0.00011892751300500570
 1419.753086  4012.345679  0.00011609527561989376
 1419.753086  4135.802469  0.00011671021229274039
 1419.753086  4259.259259  0.00011957258573089155
 1419.753086  4382.716049  0.00011756795103116862
 1419.753086  4506.172840  0.00011406325115082809
 1419.753086  4629.629630  0.00011825030765110185
 1419.753086  4753.086420  0.00011841097610937786
 1419.753086  4876.543210  0.00012413658994401145

 1543.209877 -5000.000000  0.00002777859158495820
 1543.209877 -4876.543210  0.00012142947199611832
 1543.209877 -4753.086420  0.00011617575141894767
 1543.209877 -4629.629630  0.00011603794493653999
 1543.209877 -4506.172840  0.00011187317136350439
 1543.209877 -4382.716049  0.00011518385321050775
 1543.209877 -4259.259259  0.00011709235089530417
 1543.209877 -4135.802469  0.00011432931805580718
 1543.209877 -4012.345679  0.00011378178859031798
 1543.209877 -3888.888889  0.00011657591899562792
 1543.209877 -3765.432099  0.00011497618490942949
 1543.209877 -3641.975309  0.00011582036303923793
 1543.209877 -3518.518519  0.00011546592254691055
 1543.209877 -3395.061728  0.00011544907927479791
 1543.209877 -3271.604938  0.00011509503877032957
 1543.209877 -3148.148148  0.00011535254448736934
 1543.209877 -3024.691358  0.00011548574850535708
 1543.209877 -2901.234568  0.00011568259679524371
 1543.209877 -2777.777778  0.00011594961337382094
 1543.209877 -2654.320988  0.00011578474461298572
 1543.209877 -2530.864198  0.00011505432090333362
 1543.209877 -2407.407407  0.00011634276513312711
 1543.209877 -2283.950617  0.00011565017586270362
 1543.209877 -2160.493827  0.00011581055668669016
 1543.209877 -2037.037037  0.00011596381604217365
 1543.209877 -1913.580247  0.00011654451356480189
 1543.209877 -1790.123457  0.00011687148997281940
 1543.209877 -1666.666667  0.00011718051582083614
 1543.209877 -1543.209877  0.00011752433661093464
 1543.209877 -1419.753086  0.00011794156909315896
 1543.209877 -1296.296296  0.00011842899159483579
 1543.209877 -1172.839506  0.00011891224968514023
 1543.209877 -1049.382716  0.00011960131705893416
 1543.209877  -925.925926  0.00012038809924612148
 1543.209877  -802.469136  0.00012124568221905501
 1543.209877  -679.012346  0.00012212103778057318
 1543.209877  -555.555556  0.00012294521663590315
 1543.209877  -432.098765  0.00012364578455853251
 1543.209877  -308.641975  0.00012418051905459658
 1543.209877  -185.185185  0.00012456790901798040
 1543.209877   -61.728395  0.00012494660230557368
 1543.209877    61.728395  0.00012494660230558070
 1543.209877   185.185185  0.00012456790901796939
 1543.209877   308.641975  0.00012418051905457698
 1543.209877   432.098765  0.00012364578455850749
 1543.209877   555.555556  0.00012294521663586765
 1543.209877   679.012346  0.00012212103778053978
 1543.209877   802.469136  0.00012124568221900958
 1543.209877   925.925926  0.00012038809924606986
 1543.209877  1049.382716  0.00011960131705887718
 1543.209877  1172.839506  0.00011891224968507095
 1543.209877  1296.296296  0.00011842899159476772
 1543.209877  1419.753086  0.00011794156909308819
 1543.209877  1543.209877  0.00011752433661085362
 1543.209877  1666.666667  0.00011718051582074834
 1543.209877  1790.123457  0.00011687148997272399
 1543.209877  1913.580247  0.00011654451356470820
 1543.209877  2037.037037  0.00011596381604207289
 1543.209877  2160.493827  0.00011581055668658147
 1543.209877  2283.950617  0.00011565017586258821
 1543.209877  2407.407407  0.00011634276513300161
 1543.209877  2530.864198  0.00011505432090321418
 1543.209877  2654.320988  0.00011578474461285944
 1543.209877  2777.777778  0.00011594961337368852
 1543.209877  2901.234568  0.00011568259679510724
 1543.209877  3024.691358  0.00011548574850521265
 1543.209877  3148.148148  0.00011535254448722013
 1543.209877  3271.604938  0.00011509503877017427
 1543.209877  3395.061728  0.00011544907927462981
 1543.209877  3518.518519  0.00011546592254673171
 1543.209877  3641.975309  0.00011582036303904885
 1543.209877  3765.432099  0.00011497618490924353
 1543.209877  3888.888889  0.00011657591899544464
 1543.209877  4012.345679  0.00011378178859012887
 1543.209877  4135.802469  0.00011432931805560915
 1543.209877  4259.259259  0.00011709235089509156
 1543.209877  4382.716049  0.00011518385321029057
 1543.209877  4506.172840  0.00011187317136328702
 1543.209877  4629.629630  0.00011603794493630080
 1543.209877  4753.086420  0.00011617575141870173
 1543.209877  4876.543210  0.00012142947199586827

 1666.666667 -5000.000000  0.00002704051281820862
 1666.666667 -4876.543210  0.00011918751539440579
 1666.666667 -4753.086420  0.00011409465356212023
 1666.666667 -4629.629630  0.00011387751798735561
 1666.666667 -4506.172840  0.00010985530920057454
 1666.666667 -4382.716049  0.00011313412602325957
 1666.666667 -4259.259259  0.00011497350226678463
 1666.666667 -4135.802469  0.00011220498995220898
 1666.666667 -4012.345679  0.00011165427405691006
 1666.666667 -3888.888889  0.00011445097488894811
 1666.666667 -3765.432099  0.00011278557318999209
 1666.666667 -3641.975309  0.00011374883580018973
 1666.666667 -3518.518519  0.00011331152454823842
 1666.666667 -3395.061728  0.00011331266317754799
 1666.666667 -3271.604938  0.00011302935697816634
 1666.666667 -3148.148148  0.00011327662277477408
 1666.666667 -3024.691358  0.00011329320105118568
 1666.666667 -2901.234568  0.00011338299381927115
 1666.666667 -2777.777778  0.00011374948403943971
 1666.666667 -2654.320988  0.00011378901576705597
 1666.666667 -2530.864198  0.00011266698587063901
 1666.666667 -2407.407407  0.00011349806875490238
 1666.666667 -2283.950617  0.00011275756134774999
 1666.666667 -2160.493827  0.00011312690821980804
 1666.666667 -2037.037037  0.00011319976461747934
 1666.666667 -1913.580247  0.00011364210378594344
 1666.666667 -1790.123457  0.00011382511630474929
 1666.666667 -1666.666667  0.00011411054521385726
 1666.666667 -1543.209877  0.00011444447763787960
 1666.666667 -1419.753086  0.00011471561309475095
 1666.666667 -1296.296296  0.00011503133397560096
 1666.666667 -1172.839506  0.00011529760531265986
 1666.666667 -1049.382716  0.00011577547189356530
 1666.666667  -925.925926  0.00011634521647430797
 1666.666667  -802.469136  0.00011694651008874850
 1666.666667  -679.012346  0.00011753069610955919
 1666.666667  -555.555556  0.00011807152428193085
 1666.666667  -432.098765  0.00011852774937878862
 1666.666667  -308.641975  0.00011887269293191543
 1666.666667  -185.185185  0.00011911294050205852
 1666.666667   -61.728395  0.00011934319462208873
 1666.666667    61.728395  0.00011934319462209393
 1666.666667   185.185185  0.00011911294050204588
 1666.666667   308.641975  0.00011887269293189520
 1666.666667   432.098765  0.00011852774937876469
 1666.666667   555.555556  0.00011807152428189621
 1666.666667   679.012346  0.00011753069610952516
 1666.666667   802.469136  0.00011694651008870347
 1666.666667   925.925926  0.00011634521647425649
 1666.666667  1049.382716  0.00011577547189350976
 1666.666667  1172.839506  0.00011529760531259176
 1666.666667  1296.296296  0.00011503133397553187
 1666.666667  1419.753086  0.00011471561309467951
 1666.666667  1543.209877  0.00011444447763779728
 1666.666667  1666.666667  0.00011411054521376911
 1666.666667  1790.123457  0.00011382511630465302
 1666.666667  1913.580247  0.00011364210378584925
 1666.666667  2037.037037  0.00011319976461737755
 1666.666667  2160.493827  0.00011312690821969849
 1666.666667  2283.950617  0.00011275756134763415
 1666.666667  2407.407407  0.00011349806875477863
 1666.666667  2530.864198  0.00011266698587051911
 1666.666667  2654.320988  0.00011378901576692751
 1666.666667  2777.777778  0.00011374948403930587
 1666.666667  2901.234568  0.00011338299381913359
 1666.666667  3024.691358  0.00011329320105103919
 1666.666667  3148.148148  0.00011327662277462327
 1666.666667  3271.604938  0.00011302935697800752
 1666.666667  3395.061728  0.00011331266317737752
 1666.666667  3518.518519  0.00011331152454805793
 1666.666667  3641.975309  0.00011374883579999853
 1666.666667  3765.432099  0.00011278557318980257
 1666.666667  3888.888889  0.00011445097488876195
 1666.666667  4012.345679  0.00011165427405671933
 1666.666667  4135.802469  0.00011220498995201018
 1666.666667  4259.259259  0.00011497350226657004
 1666.666667  4382.716049  0.00011313412602304004
 1666.666667  4506.172840  0.00010985530920035556
 1666.666667  4629.629630  0.00011387751798711492
 1666.666667  4753.086420  0.00011409465356187238
 1666.666667  4876.543210  0.00011918751539415316

 1790.123457 -5000.000000  0.00002624357403847615
 1790.123457 -4876.543210  0.00011633861348763803
 1790.123457 -4753.086420  0.00011145042394978188
 1790.123457 -4629.629630  0.00011120678875601289
 1790.123457 -4506.172840  0.00010731751264407437
 1790.123457 -4382.716049  0.00011052064827858413
 1790.123457 -4259.259259  0.00011228227799269361
 1790.123457 -4135.802469  0.00010954162815962764
 1790.123457 -4012.345679  0.00010900126148311577
 1790.123457 -3888.888889  0.00011176439339388231
 1790.123457 -3765.432099  0.00011008019982490051
 1790.123457 -3641.975309  0.00011111566072470753
 1790.123457 -3518.518519  0.00011063130126634704
 1790.123457 -3395.061728  0.00011064881261881996
 1790.123457 -3271.604938  0.00011040586366627216
 1790.123457 -3148.148148  0.00011063296137054718
 1790.123457 -3024.691358  0.00011056264092158072
 1790.123457 -2901.234568  0.00011057645689396520
 1790.123457 -2777.777778  0.00011100674656926049
 1790.123457 -2654.320988  0.00011119913421924766
 1790.123457 -2530.864198  0.00010990647360243775
 1790.123457 -2407.407407  0.00011057140884538454
 1790.123457 -2283.950617  0.00010985086738880927
 1790.123457 -2160.493827  0.00011035523093027109
 1790.123457 -2037.037037  0.00011036041915798025
 1790.123457 -1913.580247  0.00011069091731280129
 1790.123457 -1790.123457  0.00011076073201437983
 1790.123457 -1666.666667  0.00011101563982917953
 1790.123457 -1543.209877  0.00011132924862616240
 1790.123457 -1419.753086  0.00011150464028718046
 1790.123457 -1296.296296  0.00011169344166237558
 1790.123457 -1172.839506  0.00011208226603760505
 1790.123457 -1049.382716  0.00011238430921730645
 1790.123457  -925.925926  0.00011281083383606969
 1790.123457  -802.469136  0.00011322277845937272
 1790.123457  -679.012346  0.00011361990168716467
 1790.123457  -555.555556  0.00011397108764594866
 1790.123457  -432.098765  0.00011427613175985429
 1790.123457  -308.641975  0.00011451312182596340
 1790.123457  -185.185185  0.00011467041645358951
 1790.123457   -61.728395  0.00011479656251372057
 1790.123457    61.728395  0.00011479656251372476
 1790.123457   185.185185  0.00011467041645357740
 1790.123457   308.641975  0.00011451312182594380
 1790.123457   432.098765  0.00011427613175983101
 1790.123457   555.555556  0.00011397108764591328
 1790.123457   679.012346  0.00011361990168713198
 1790.123457   802.469136  0.00011322277845932717
 1790.123457   925.925926  0.00011281083383601838
 1790.123457  1049.382716  0.00011238430921725148
 1790.123457  1172.839506  0.00011208226603753739
 1790.123457  1296.296296  0.00011169344166230622
 1790.123457  1419.753086  0.00011150464028710871
 1790.123457  1543.209877  0.00011132924862608121
 1790.123457  1666.666667  0.00011101563982909259
 1790.123457  1790.123457  0.00011076073201428480
 1790.123457  1913.580247  0.00011069091731270679
 1790.123457  2037.037037  0.00011036041915787678
 1790.123457  2160.493827  0.00011035523093015982
 1790.123457  2283.950617  0.00010985086738869209
 1790.123457  2407.407407  0.00011057140884525906
 1790.123457  2530.864198  0.00010990647360231631
 1790.123457  2654.320988  0.00011119913421911846
 1790.123457  2777.777778  0.00011100674656912479
 1790.123457  2901.234568  0.00011057645689382687
 1790.123457  3024.691358  0.00011056264092143226
 1790.123457  3148.148148  0.00011063296137039484
 1790.123457  3271.604938  0.00011040586366611192
 1790.123457  3395.061728  0.00011064881261864849
 1790.123457  3518.518519  0.00011063130126616510
 1790.123457  3641.975309  0.00011111566072451486
 1790.123457  3765.432099  0.00011008019982470963
 1790.123457  3888.888889  0.00011176439339369578
 1790.123457  4012.345679  0.00010900126148292404
 1790.123457  4135.802469  0.00010954162815942712
 1790.123457  4259.259259  0.00011228227799247772
 1790.123457  4382.716049  0.00011052064827836581
 1790.123457  4506.172840  0.00010731751264385514
 1790.123457  4629.629630  0.00011120678875577359
 1790.123457  4753.086420  0.00011145042394953502
 1790.123457  4876.543210  0.00011633861348738646

 1913.580247 -5000.000000  0.00002529120866708569
 1913.580247 -4876.543210  0.00011216738333913356
 1913.580247 -4753.086420  0.00010781148123591051
 1913.580247 -4629.629630  0.00010770365323916329
 1913.580247 -4506.172840  0.00010383472174987355
 1913.580247 -4382.716049  0.00010676117473959286
 1913.580247 -4259.259259  0.00010840826097180398
 1913.580247 -4135.802469  0.00010583226970672542
 1913.580247 -4012.345679  0.00010538181176770456
 1913.580247 -3888.888889  0.00010802414258751431
 1913.580247 -3765.432099  0.00010653804468850390
 1913.580247 -3641.975309  0.00010742263653359378
 1913.580247 -3518.518519  0.00010703264445713276
 1913.580247 -3395.061728  0.00010700891236738335
 1913.580247 -3271.604938  0.00010663362019596432
 1913.580247 -3148.148148  0.00010680465037851872
 1913.580247 -3024.691358  0.00010684181303152809
 1913.580247 -2901.234568  0.00010700205645226633
 1913.580247 -2777.777778  0.00010734730286489027
 1913.580247 -2654.320988  0.00010731619729565052
 1913.580247 -2530.864198  0.00010641805852723179
 1913.580247 -2407.407407  0.00010744590249965887
 1913.580247 -2283.950617  0.00010683630934594824
 1913.580247 -2160.493827  0.00010701588433600233
 1913.580247 -2037.037037  0.00010705481520570212
 1913.580247 -1913.580247  0.00010743150282997473
 1913.580247 -1790.123457  0.00010755657840896882
 1913.580247 -1666.666667  0.00010769987390422066
 1913.580247 -1543.209877  0.00010787380268349133
 1913.580247 -1419.753086  0.00010806253236536076
 1913.580247 -1296.296296  0.00010818859531023961
 1913.580247 -1172.839506  0.00010861367135960342
 1913.580247 -1049.382716  0.00010881054682295268
 1913.580247  -925.925926  0.00010914490531377131
 1913.580247  -802.469136  0.00010944163517439660
 1913.580247  -679.012346  0.00010974345943614045
 1913.580247  -555.555556  0.00010998241776819668
 1913.580247  -432.098765  0.00011017436091581066
 1913.580247  -308.641975  0.00011030475150964720
 1913.580247  -185.185185  0.00011038652562603037
 1913.580247   -61.728395  0.00011052329725244672
 1913.580247    61.728395  0.00011052329725244754
 1913.580247   185.185185  0.00011038652562601583
 1913.580247   308.641975  0.00011030475150962668
 1913.580247   432.098765  0.00011017436091578733
 1913.580247   555.555556  0.00010998241776816305
 1913.580247   679.012346  0.00010974345943610848
 1913.580247   802.469136  0.00010944163517435461
 1913.580247   925.925926  0.00010914490531372252
 1913.580247  1049.382716  0.00010881054682289835
 1913.580247  1172.839506  0.00010861367135953808
 1913.580247  1296.296296  0.00010818859531017393
 1913.580247  1419.753086  0.00010806253236529068
 1913.580247  1543.209877  0.00010787380268341200
 1913.580247  1666.666667  0.00010769987390413614
 1913.580247  1790.123457  0.00010755657840887612
 1913.580247  1913.580247  0.00010743150282988219
 1913.580247  2037.037037  0.00010705481520560245
 1913.580247  2160.493827  0.00010701588433589251
 1913.580247  2283.950617  0.00010683630934583277
 1913.580247  2407.407407  0.00010744590249953643
 1913.580247  2530.864198  0.00010641805852710930
 1913.580247  2654.320988  0.00010731619729551809
 1913.580247  2777.777778  0.00010734730286475174
 1913.580247  2901.234568  0.00010700205645212435
 1913.580247  3024.691358  0.00010684181303137623
 1913.580247  3148.148148  0.00010680465037836391
 1913.580247  3271.604938  0.00010663362019580307
 1913.580247  3395.061728  0.00010700891236721118
 1913.580247  3518.518519  0.00010703264445695124
 1913.580247  3641.975309  0.00010742263653340005
 1913.580247  3765.432099  0.00010653804468831334
 1913.580247  3888.888889  0.00010802414258732676
 1913.580247  4012.345679  0.00010538181176751229
 1913.580247  4135.802469  0.00010583226970652537
 1913.580247  4259.259259  0.00010840826097158969
 1913.580247  4382.716049  0.00010676117473937416
 1913.580247  4506.172840  0.00010383472174965414
 1913.580247  4629.629630  0.00010770365323892425
 1913.580247  4753.086420  0.00010781148123566517
 1913.580247  4876.543210  0.00011216738333888226

 2037.037037 -5000.000000  0.00002411942989883256
 2037.037037 -4876.543210  0.00010620122540284356
 2037.037037 -4753.086420  0.00010249823193991971
 2037.037037 -4629.629630  0.00010261744808339943
 2037.037037 -4506.172840  0.00009877887497121531
 2037.037037 -4382.716049  0.00010132478190856278
 2037.037037 -4259.259259  0.00010283094368110310
 2037.037037 -4135.802469  0.00010050102359322639
 2037.037037 -4012.345679  0.00010016125345345028
 2037.037037 -3888.888889  0.00010260374371177873
 2037.037037 -3765.432099  0.00010139343790598003
 2037.037037 -3641.975309  0.00010206201936843361
 2037.037037 -3518.518519  0.00010178998189288526
 2037.037037 -3395.061728  0.00010171228090396714
 2037.037037 -3271.604938  0.00010119893307646623
 2037.037037 -3148.148148  0.00010130854725702438
 2037.037037 -3024.691358  0.00010146826733193954
 2037.037037 -2901.234568  0.00010177400261522574
 2037.037037 -2777.777778  0.00010203127365883675
 2037.037037 -2654.320988  0.00010176959716644118
 2037.037037 -2530.864198  0.00010141312642710522
 2037.037037 -2407.407407  0.00010368064387354774
 2037.037037 -2283.950617  0.00010315130199978999
 2037.037037 -2160.493827  0.00010303680769586730
 2037.037037 -2037.037037  0.00010307584267592722
 2037.037037 -1913.580247  0.00010354206495625837
 2037.037037 -1790.123457  0.00010371943354193116
 2037.037037 -1666.666667  0.00010375370038805962
 2037.037037 -1543.209877  0.00010379470487155491
 2037.037037 -1419.753086  0.00010400146295422701
 2037.037037 -1296.296296  0.00010411602667772289
 2037.037037 -1172.839506  0.00010432872962661510
 2037.037037 -1049.382716  0.00010448593964060426
 2037.037037  -925.925926  0.00010473607139847152
 2037.037037  -802.469136  0.00010496308247842583
 2037.037037  -679.012346  0.00010519896704641498
 2037.037037  -555.555556  0.00010537293403991714
 2037.037037  -432.098765  0.00010548777846887587
 2037.037037  -308.641975  0.00010553996528538536
 2037.037037  -185.185185  0.00010557291619564837
 2037.037037   -61.728395  0.00010573828561334079
 2037.037037    61.728395  0.00010573828561334304
 2037.037037   185.185185  0.00010557291619563360
 2037.037037   308.641975  0.00010553996528536574
 2037.037037   432.098765  0.00010548777846885183
 2037.037037   555.555556  0.00010537293403988406
 2037.037037   679.012346  0.00010519896704638383
 2037.037037   802.469136  0.00010496308247838291
 2037.037037   925.925926  0.00010473607139842346
 2037.037037  1049.382716  0.00010448593964055089
 2037.037037  1172.839506  0.00010432872962654936
 2037.037037  1296.296296  0.00010411602667765580
 2037.037037  1419.753086  0.00010400146295415775
 2037.037037  1543.209877  0.00010379470487147533
 2037.037037  1666.666667  0.00010375370038797571
 2037.037037  1790.123457  0.00010371943354183888
 2037.037037  1913.580247  0.00010354206495616632
 2037.037037  2037.037037  0.00010307584267582743
 2037.037037  2160.493827  0.00010303680769575919
 2037.037037  2283.950617  0.00010315130199967413
 2037.037037  2407.407407  0.00010368064387342544
 2037.037037  2530.864198  0.00010141312642698073
 2037.037037  2654.320988  0.00010176959716631092
 2037.037037  2777.777778  0.00010203127365869893
 2037.037037  2901.234568  0.00010177400261508338
 2037.037037  3024.691358  0.00010146826733178926
 2037.037037  3148.148148  0.00010130854725687012
 2037.037037  3271.604938  0.00010119893307630554
 2037.037037  3395.061728  0.00010171228090379629
 2037.037037  3518.518519  0.00010178998189270531
 2037.037037  3641.975309  0.00010206201936824376
 2037.037037  3765.432099  0.00010139343790579140
 2037.037037  3888.888889  0.00010260374371158997
 2037.037037  4012.345679  0.00010016125345325765
 2037.037037  4135.802469  0.00010050102359302782
 2037.037037  4259.259259  0.00010283094368089156
 2037.037037  4382.716049  0.00010132478190834633
 2037.037037  4506.172840  0.00009877887497099866
 2037.037037  4629.629630  0.00010261744808316333
 2037.037037  4753.086420  0.00010249823193967769
 2037.037037  4876.543210  0.00010620122540259707

 2160.493827 -5000.000000  0.00002312830698570695
 2160.493827 -4876.543210  0.00010227416726182160
 2160.493827 -4753.086420  0.00009902768925043606
 2160.493827 -4629.629630  0.00009922574111322005
 2160.493827 -4506.172840  0.00009545044226995929
 2160.493827 -4382.716049  0.00009777662763352932
 2160.493827 -4259.259259  0.00009917064745341353
 2160.493827 -4135.802469  0.00009696095066213093
 2160.493827 -4012.345679  0.00009669090119408145
 2160.493827 -3888.888889  0.00009904306117398273
 2160.493827 -3765.432099  0.00009796157807495025
 2160.493827 -3641.975309  0.00009856170556598194
 2160.493827 -3518.518519  0.00009833928568817937
 2160.493827 -3395.061728  0.00009824140181248179
 2160.493827 -3271.604938  0.00009764572602490676
 2160.493827 -3148.148148  0.00009770625557144065
 2160.493827 -3024.691358  0.00009791259625465232
 2160.493827 -2901.234568  0.00009830819870730181
 2160.493827 -2777.777778  0.00009852838495388161
 2160.493827 -2654.320988  0.00009816176413367505
 2160.493827 -2530.864198  0.00009799517123248421
 2160.493827 -2407.407407  0.00010007942576107990
 2160.493827 -2283.950617  0.00009968664463646077
 2160.493827 -2160.493827  0.00009936640908471121
 2160.493827 -2037.037037  0.00009943934023911532
 2160.493827 -1913.580247  0.00009989797334315509
 2160.493827 -1790.123457  0.00010010683503511588
 2160.493827 -1666.666667  0.00010007260782520728
 2160.493827 -1543.209877  0.00010003670017750330
 2160.493827 -1419.753086  0.00010025166081785128
 2160.493827 -1296.296296  0.00010032423067734280
 2160.493827 -1172.839506  0.00010027594980991659
 2160.493827 -1049.382716  0.00010039426465698373
 2160.493827  -925.925926  0.00010058784050475502
 2160.493827  -802.469136  0.00010076758031644437
 2160.493827  -679.012346  0.00010094899453689614
 2160.493827  -555.555556  0.00010107531349445395
 2160.493827  -432.098765  0.00010114298035343235
 2160.493827  -308.641975  0.00010115377924134923
 2160.493827  -185.185185  0.00010115980363432468
 2160.493827   -61.728395  0.00010132476755625908
 2160.493827    61.728395  0.00010132476755625843
 2160.493827   185.185185  0.00010115980363430836
 2160.493827   308.641975  0.00010115377924132830
 2160.493827   432.098765  0.00010114298035340836
 2160.493827   555.555556  0.00010107531349442029
 2160.493827   679.012346  0.00010094899453686466
 2160.493827   802.469136  0.00010076758031640354
 2160.493827   925.925926  0.00010058784050470710
 2160.493827  1049.382716  0.00010039426465693000
 2160.493827  1172.839506  0.00010027594980985168
 2160.493827  1296.296296  0.00010032423067727581
 2160.493827  1419.753086  0.00010025166081778211
 2160.493827  1543.209877  0.00010003670017742518
 2160.493827  1666.666667  0.00010007260782512290
 2160.493827  1790.123457  0.00010010683503502315
 2160.493827  1913.580247  0.00009989797334306280
 2160.493827  2037.037037  0.00009943934023901428
 2160.493827  2160.493827  0.00009936640908460050
 2160.493827  2283.950617  0.00009968664463634321
 2160.493827  2407.407407  0.00010007942576095750
 2160.493827  2530.864198  0.00009799517123235960
 2160.493827  2654.320988  0.00009816176413354249
 2160.493827  2777.777778  0.00009852838495374248
 2160.493827  2901.234568  0.00009830819870715852
 2160.493827  3024.691358  0.00009791259625450155
 2160.493827  3148.148148  0.00009770625557128530
 2160.493827  3271.604938  0.00009764572602474410
 2160.493827  3395.061728  0.00009824140181230931
 2160.493827  3518.518519  0.00009833928568799917
 2160.493827  3641.975309  0.00009856170556579228
 2160.493827  3765.432099  0.00009796157807476062
 2160.493827  3888.888889  0.00009904306117379245
 2160.493827  4012.345679  0.00009669090119388728
 2160.493827  4135.802469  0.00009696095066193137
 2160.493827  4259.259259  0.00009917064745320121
 2160.493827  4382.716049  0.00009777662763331191
 2160.493827  4506.172840  0.00009545044226973956
 2160.493827  4629.629630  0.00009922574111298134
 2160.493827  4753.086420  0.00009902768925019313
 2160.493827  4876.543210  0.00010227416726157473

 2283.950617 -5000.000000  0.00002212978251915283
 2283.950617 -4876.543210  0.00009966372128937009
 2283.950617 -4753.086420  0.00009635406630662754
 2283.950617 -4629.629630  0.00009630262601615863
 2283.950617 -4506.172840  0.00009285568090378262
 2283.950617 -4382.716049  0.00009530348857960975
 2283.950617 -4259.259259  0.00009662521005879811
 2283.950617 -4135.802469  0.00009429801435640278
 2283.950617 -4012.345679  0.00009394898500144597
 2283.950617 -3888.888889  0.00009636495340919296
 2283.950617 -3765.432099  0.00009499518685360839
 2283.950617 -3641.975309  0.00009597153663040043
 2283.950617 -3518.518519  0.00009549608001942220
 2283.950617 -3395.061728  0.00009548316769566903
 2283.950617 -3271.604938  0.00009517052928341766
 2283.950617 -3148.148148  0.00009525754283110114
 2283.950617 -3024.691358  0.00009510700545375872
 2283.950617 -2901.234568  0.00009512240369903880
 2283.950617 -2777.777778  0.00009565036660812593
 2283.950617 -2654.320988  0.00009598062066759300
 2283.950617 -2530.864198  0.00009476237417157805
 2283.950617 -2407.407407  0.00009617286447000913
 2283.950617 -2283.950617  0.00009562230260167466
 2283.950617 -2160.493827  0.00009613844965822714
 2283.950617 -2037.037037  0.00009601027620227776
 2283.950617 -1913.580247  0.00009618119692826233
 2283.950617 -1790.123457  0.00009606720705516173
 2283.950617 -1666.666667  0.00009616807877205999
 2283.950617 -1543.209877  0.00009634728583369510
 2283.950617 -1419.753086  0.00009638237558838019
 2283.950617 -1296.296296  0.00009633282286295923
 2283.950617 -1172.839506  0.00009654228001969215
 2283.950617 -1049.382716  0.00009654298666539008
 2283.950617  -925.925926  0.00009669977989364563
 2283.950617  -802.469136  0.00009679576031526237
 2283.950617  -679.012346  0.00009688006885886782
 2283.950617  -555.555556  0.00009693662310528748
 2283.950617  -432.098765  0.00009701308779856974
 2283.950617  -308.641975  0.00009709342164684626
 2283.950617  -185.185185  0.00009713690179660912
 2283.950617   -61.728395  0.00009712140982916048
 2283.950617    61.728395  0.00009712140982915894
 2283.950617   185.185185  0.00009713690179659068
 2283.950617   308.641975  0.00009709342164682435
 2283.950617   432.098765  0.00009701308779854453
 2283.950617   555.555556  0.00009693662310525223
 2283.950617   679.012346  0.00009688006885883566
 2283.950617   802.469136  0.00009679576031522048
 2283.950617   925.925926  0.00009669977989359746
 2283.950617  1049.382716  0.00009654298666533647
 2283.950617  1172.839506  0.00009654228001962774
 2283.950617  1296.296296  0.00009633282286289159
 2283.950617  1419.753086  0.00009638237558830858
 2283.950617  1543.209877  0.00009634728583361549
 2283.950617  1666.666667  0.00009616807877197560
 2283.950617  1790.123457  0.00009606720705506893
 2283.950617  1913.580247  0.00009618119692817016
 2283.950617  2037.037037  0.00009601027620217460
 2283.950617  2160.493827  0.00009613844965811603
 2283.950617  2283.950617  0.00009562230260155865
 2283.950617  2407.407407  0.00009617286446988690
 2283.950617  2530.864198  0.00009476237417145268
 2283.950617  2654.320988  0.00009598062066745908
 2283.950617  2777.777778  0.00009565036660798620
 2283.950617  2901.234568  0.00009512240369889574
 2283.950617  3024.691358  0.00009510700545360730
 2283.950617  3148.148148  0.00009525754283094558
 2283.950617  3271.604938  0.00009517052928325486
 2283.950617  3395.061728  0.00009548316769549510
 2283.950617  3518.518519  0.00009549608001924054
 2283.950617  3641.975309  0.00009597153663020871
 2283.950617  3765.432099  0.00009499518685341804
 2283.950617  3888.888889  0.00009636495340900073
 2283.950617  4012.345679  0.00009394898500125091
 2283.950617  4135.802469  0.00009429801435620146
 2283.950617  4259.259259  0.00009662521005858341
 2283.950617  4382.716049  0.00009530348857938946
 2283.950617  4506.172840  0.00009285568090356043
 2283.950617  4629.629630  0.00009630262601591757
 2283.950617  4753.086420  0.00009635406630638178
 2283.950617  4876.543210  0.00009966372128912090

 2407.407407 -5000.000000  0.00002100506166105313
 2407.407407 -4876.543210  0.00009995146842750483
 2407.407407 -4753.086420  0.00009738224096197842
 2407.407407 -4629.629630  0.00009696692067252911
 2407.407407 -4506.172840  0.00009355024996099783
 2407.407407 -4382.716049  0.00009591839614323882
 2407.407407 -4259.259259  0.00009710654511575972
 2407.407407 -4135.802469  0.00009471703261994178
 2407.407407 -4012.345679  0.00009444086020990484
 2407.407407 -3888.888889  0.00009709834528677824
 2407.407407 -3765.432099  0.00009567989647230290
 2407.407407 -3641.975309  0.00009677182621387127
 2407.407407 -3518.518519  0.00009619210074941919
 2407.407407 -3395.061728  0.00009608557684501716
 2407.407407 -3271.604938  0.00009568020104417495
 2407.407407 -3148.148148  0.00009575664476220770
 2407.407407 -3024.691358  0.00009568335238713817
 2407.407407 -2901.234568  0.00009588160641585954
 2407.407407 -2777.777778  0.00009652842918120218
 2407.407407 -2654.320988  0.00009664241271328714
 2407.407407 -2530.864198  0.00009419657671529564
 2407.407407 -2407.407407  0.00009310971487818755
 2407.407407 -2283.950617  0.00009213759831632373
 2407.407407 -2160.493827  0.00009247065402880282
 2407.407407 -2037.037037  0.00009245517140041931
 2407.407407 -1913.580247  0.00009267302421254183
 2407.407407 -1790.123457  0.00009264990947224228
 2407.407407 -1666.666667  0.00009275846480670237
 2407.407407 -1543.209877  0.00009288216320727067
 2407.407407 -1419.753086  0.00009284503777090852
 2407.407407 -1296.296296  0.00009272466608447003
 2407.407407 -1172.839506  0.00009304031692339110
 2407.407407 -1049.382716  0.00009301865166999860
 2407.407407  -925.925926  0.00009318700250388088
 2407.407407  -802.469136  0.00009329045689413293
 2407.407407  -679.012346  0.00009339321167726319
 2407.407407  -555.555556  0.00009344311062068613
 2407.407407  -432.098765  0.00009347222268261452
 2407.407407  -308.641975  0.00009345932627124258
 2407.407407  -185.185185  0.00009341597632216661
 2407.407407   -61.728395  0.00009350476696165202
 2407.407407    61.728395  0.00009350476696165010
 2407.407407   185.185185  0.00009341597632214937
 2407.407407   308.641975  0.00009345932627122015
 2407.407407   432.098765  0.00009347222268258827
 2407.407407   555.555556  0.00009344311062065078
 2407.407407   679.012346  0.00009339321167723057
 2407.407407   802.469136  0.00009329045689408983
 2407.407407   925.925926  0.00009318700250383297
 2407.407407  1049.382716  0.00009301865166994627
 2407.407407  1172.839506  0.00009304031692332720
 2407.407407  1296.296296  0.00009272466608440466
 2407.407407  1419.753086  0.00009284503777083844
 2407.407407  1543.209877  0.00009288216320719263
 2407.407407  1666.666667  0.00009275846480661944
 2407.407407  1790.123457  0.00009264990947215057
 2407.407407  1913.580247  0.00009267302421244891
 2407.407407  2037.037037  0.00009245517140031753
 2407.407407  2160.493827  0.00009247065402869364
 2407.407407  2283.950617  0.00009213759831620877
 2407.407407  2407.407407  0.00009310971487806540
 2407.407407  2530.864198  0.00009419657671516840
 2407.407407  2654.320988  0.00009664241271314923
 2407.407407  2777.777778  0.00009652842918105752
 2407.407407  2901.234568  0.00009588160641571227
 2407.407407  3024.691358  0.00009568335238698218
 2407.407407  3148.148148  0.00009575664476204772
 2407.407407  3271.604938  0.00009568020104400659
 2407.407407  3395.061728  0.00009608557684483813
 2407.407407  3518.518519  0.00009619210074923014
 2407.407407  3641.975309  0.00009677182621367111
 2407.407407  3765.432099  0.00009567989647210455
 2407.407407  3888.888889  0.00009709834528658129
 2407.407407  4012.345679  0.00009444086020970540
 2407.407407  4135.802469  0.00009471703261973487
 2407.407407  4259.259259  0.00009710654511553919
 2407.407407  4382.716049  0.00009591839614301254
 2407.407407  4506.172840  0.00009355024996076926
 2407.407407  4629.629630  0.00009696692067228040
 2407.407407  4753.086420  0.00009738224096172252
 2407.407407  4876.543210  0.00009995146842725031

 2530.864198 -5000.000000  0.00001888683517081457
 2530.864198 -4876.543210  0.00008372916811554424
 2530.864198 -4753.086420  0.00008439542990524711
 2530.864198 -4629.629630  0.00008517806304786458
 2530.864198 -4506.172840  0.00008112810761999382
 2530.864198 -4382.716049  0.00008159727962941469
 2530.864198 -4259.259259  0.00008229683797934337
 2530.864198 -4135.802469  0.00008114107976669145
 2530.864198 -4012.345679  0.00008160047075654261
 2530.864198 -3888.888889  0.00008355609642412537
 2530.864198 -3765.432099  0.00008343595382149531
 2530.864198 -3641.975309  0.00008341916933649724
 2530.864198 -3518.518519  0.00008311227473685523
 2530.864198 -3395.061728  0.00008250577726085194
 2530.864198 -3271.604938  0.00008139735034346818
 2530.864198 -3148.148148  0.00008140361245833747
 2530.864198 -3024.691358  0.00008225641661109918
 2530.864198 -2901.234568  0.00008339075059375611
 2530.864198 -2777.777778  0.00008396410530826089
 2530.864198 -2654.320988  0.00008230979136673637
 2530.864198 -2530.864198  0.00007975433911301071
 2530.864198 -2407.407407  0.00008864879346550366
 2530.864198 -2283.950617  0.00008545868542712151
 2530.864198 -2160.493827  0.00008492052765671630
 2530.864198 -2037.037037  0.00008475508461917565
 2530.864198 -1913.580247  0.00008623384527086450
 2530.864198 -1790.123457  0.00008662941794970880
 2530.864198 -1666.666667  0.00008652949330038975
 2530.864198 -1543.209877  0.00008616057822147329
 2530.864198 -1419.753086  0.00008598923604222917
 2530.864198 -1296.296296  0.00008624574992863335
 2530.864198 -1172.839506  0.00008554672918147434
 2530.864198 -1049.382716  0.00008590842540418092
 2530.864198  -925.925926  0.00008595287375690807
 2530.864198  -802.469136  0.00008627600231248626
 2530.864198  -679.012346  0.00008656525780924992
 2530.864198  -555.555556  0.00008673918624057785
 2530.864198  -432.098765  0.00008656359862577133
 2530.864198  -308.641975  0.00008615886481458432
 2530.864198  -185.185185  0.00008592550015361984
 2530.864198   -61.728395  0.00008653686479923973
 2530.864198    61.728395  0.00008653686479924149
 2530.864198   185.185185  0.00008592550015361191
 2530.864198   308.641975  0.00008615886481456988
 2530.864198   432.098765  0.00008656359862575039
 2530.864198   555.555556  0.00008673918624054875
 2530.864198   679.012346  0.00008656525780922111
 2530.864198   802.469136  0.00008627600231244787
 2530.864198   925.925926  0.00008595287375686399
 2530.864198  1049.382716  0.00008590842540413011
 2530.864198  1172.839506  0.00008554672918141747
 2530.864198  1296.296296  0.00008624574992856665
 2530.864198  1419.753086  0.00008598923604215786
 2530.864198  1543.209877  0.00008616057822139319
 2530.864198  1666.666667  0.00008652949330030527
 2530.864198  1790.123457  0.00008662941794961627
 2530.864198  1913.580247  0.00008623384527077176
 2530.864198  2037.037037  0.00008475508461907454
 2530.864198  2160.493827  0.00008492052765660674
 2530.864198  2283.950617  0.00008545868542700780
 2530.864198  2407.407407  0.00008864879346538099
 2530.864198  2530.864198  0.00007975433911288841
 2530.864198  2654.320988  0.00008230979136660515
 2530.864198  2777.777778  0.00008396410530812612
 2530.864198  2901.234568  0.00008339075059361989
 2530.864198  3024.691358  0.00008225641661095473
 2530.864198  3148.148148  0.00008140361245818607
 2530.864198  3271.604938  0.00008139735034330864
 2530.864198  3395.061728  0.00008250577726068295
 2530.864198  3518.518519  0.00008311227473668020
 2530.864198  3641.975309  0.00008341916933631396
 2530.864198  3765.432099  0.00008343595382130528
 2530.864198  3888.888889  0.00008355609642393326
 2530.864198  4012.345679  0.00008160047075635159
 2530.864198  4135.802469  0.00008114107976649777
 2530.864198  4259.259259  0.00008229683797913739
 2530.864198  4382.716049  0.00008159727962920269
 2530.864198  4506.172840  0.00008112810761977552
 2530.864198  4629.629630  0.00008517806304762600
 2530.864198  4753.086420  0.00008439542990500728
 2530.864198  4876.543210  0.00008372916811530896

 2654.320988 -5000.000000  0.00002032355085581786
 2654.320988 -4876.543210  0.00008286459834997024
 2654.320988 -4753.086420  0.00008488842179766462
 2654.320988 -4629.629630  0.00008692966558357975
 2654.320988 -4506.172840  0.00008199641090074575
 2654.320988 -4382.716049  0.00008141058832520112
 2654.320988 -4259.259259  0.00008191418902621578
 2654.320988 -4135.802469  0.00008136066281083094
 2654.320988 -4012.345679  0.00008245896937381009
 2654.320988 -3888.888889  0.00008402013324071657
 2654.320988 -3765.432099  0.00008440567118570401
 2654.320988 -3641.975309  0.00008403183673420191
 2654.320988 -3518.518519  0.00008380559311072509
 2654.320988 -3395.061728  0.00008310749341966026
 2654.320988 -3271.604938  0.00008138603915534042
 2654.320988 -3148.148148  0.00008127842244634719
 2654.320988 -3024.691358  0.00008268828254335529
 2654.320988 -2901.234568  0.00008462865615609904
 2654.320988 -2777.777778  0.00008506355052025057
 2654.320988 -2654.320988  0.00008210212823441563
 2654.320988 -2530.864198  0.00007937196046158628
 2654.320988 -2407.407407  0.00008873920632265749
 2654.320988 -2283.950617  0.00008490347458684864
 2654.320988 -2160.493827  0.00008315059075334201
 2654.320988 -2037.037037  0.00008325548109827241
 2654.320988 -1913.580247  0.00008529769265039702
 2654.320988 -1790.123457  0.00008615678028529992
 2654.320988 -1666.666667  0.00008584158932314560
 2654.320988 -1543.209877  0.00008507035950650663
 2654.320988 -1419.753086  0.00008497020093789532
 2654.320988 -1296.296296  0.00008530576908985612
 2654.320988 -1172.839506  0.00008423653409554180
 2654.320988 -1049.382716  0.00008469668908135116
 2654.320988  -925.925926  0.00008472067271594858
 2654.320988  -802.469136  0.00008519072878997359
 2654.320988  -679.012346  0.00008561851532262248
 2654.320988  -555.555556  0.00008580531950068750
 2654.320988  -432.098765  0.00008545678870806330
 2654.320988  -308.641975  0.00008483428701662518
 2654.320988  -185.185185  0.00008456134945315721
 2654.320988   -61.728395  0.00008541566494242786
 2654.320988    61.728395  0.00008541566494243257
 2654.320988   185.185185  0.00008456134945315624
 2654.320988   308.641975  0.00008483428701661574
 2654.320988   432.098765  0.00008545678870804597
 2654.320988   555.555556  0.00008580531950066155
 2654.320988   679.012346  0.00008561851532259664
 2654.320988   802.469136  0.00008519072878993930
 2654.320988   925.925926  0.00008472067271590748
 2654.320988  1049.382716  0.00008469668908130274
 2654.320988  1172.839506  0.00008423653409548828
 2654.320988  1296.296296  0.00008530576908979335
 2654.320988  1419.753086  0.00008497020093782765
 2654.320988  1543.209877  0.00008507035950643045
 2654.320988  1666.666667  0.00008584158932306418
 2654.320988  1790.123457  0.00008615678028521161
 2654.320988  1913.580247  0.00008529769265030652
 2654.320988  2037.037037  0.00008325548109817597
 2654.320988  2160.493827  0.00008315059075323740
 2654.320988  2283.950617  0.00008490347458673635
 2654.320988  2407.407407  0.00008873920632253343
 2654.320988  2530.864198  0.00007937196046146434
 2654.320988  2654.320988  0.00008210212823427913
 2654.320988  2777.777778  0.00008506355052010966
 2654.320988  2901.234568  0.00008462865615595814
 2654.320988  3024.691358  0.00008268828254320638
 2654.320988  3148.148148  0.00008127842244619244
 2654.320988  3271.604938  0.00008138603915517560
 2654.320988  3395.061728  0.00008310749341948409
 2654.320988  3518.518519  0.00008380559311054133
 2654.320988  3641.975309  0.00008403183673401035
 2654.320988  3765.432099  0.00008440567118550320
 2654.320988  3888.888889  0.00008402013324051554
 2654.320988  4012.345679  0.00008245896937361137
 2654.320988  4135.802469  0.00008136066281063210
 2654.320988  4259.259259  0.00008191418902600527
 2654.320988  4382.716049  0.00008141058832498185
 2654.320988  4506.172840  0.00008199641090051508
 2654.320988  4629.629630  0.00008692966558332589
 2654.320988  4753.086420  0.00008488842179741154
 2654.320988  4876.543210  0.00008286459834973356

 2777.777778 -5000.000000  0.00001857184240770203
 2777.777778 -4876.543210  0.00008069118560916959
 2777.777778 -4753.086420  0.00008289003673674803
 2777.777778 -4629.629630  0.00008437224963012663
 2777.777778 -4506.172840  0.00007987820168949395
 2777.777778 -4382.716049  0.00007950298897936711
 2777.777778 -4259.259259  0.00007988987636585541
 2777.777778 -4135.802469  0.00007910239509499255
 2777.777778 -4012.345679  0.00008005496186035086
 2777.777778 -3888.888889  0.00008184171177007229
 2777.777778 -3765.432099  0.00008194589322512450
 2777.777778 -3641.975309  0.00008197448588288007
 2777.777778 -3518.518519  0.00008150603164274499
 2777.777778 -3395.061728  0.00008086274129799076
 2777.777778 -3271.604938  0.00007942040024777907
 2777.777778 -3148.148148  0.00007931419428444647
 2777.777778 -3024.691358  0.00008034679733163468
 2777.777778 -2901.234568  0.00008192814859558731
 2777.777778 -2777.777778  0.00008269579956499281
 2777.777778 -2654.320988  0.00008050424318414612
 2777.777778 -2530.864198  0.00007658908149139711
 2777.777778 -2407.407407  0.00008367501493278555
 2777.777778 -2283.950617  0.00007987323741154329
 2777.777778 -2160.493827  0.00007889462755743697
 2777.777778 -2037.037037  0.00007888171368492712
 2777.777778 -1913.580247  0.00008056290341231496
 2777.777778 -1790.123457  0.00008113921995342036
 2777.777778 -1666.666667  0.00008098023529945145
 2777.777778 -1543.209877  0.00008044879246024720
 2777.777778 -1419.753086  0.00008021069106987120
 2777.777778 -1296.296296  0.00008042743252749411
 2777.777778 -1172.839506  0.00007960486245307593
 2777.777778 -1049.382716  0.00007996222483951519
 2777.777778  -925.925926  0.00008000853276880111
 2777.777778  -802.469136  0.00008040526357956028
 2777.777778  -679.012346  0.00008074606668428242
 2777.777778  -555.555556  0.00008089284685471635
 2777.777778  -432.098765  0.00008060079568697721
 2777.777778  -308.641975  0.00008007106018777404
 2777.777778  -185.185185  0.00007982231907663609
 2777.777778   -61.728395  0.00008058844467451412
 2777.777778    61.728395  0.00008058844467451937
 2777.777778   185.185185  0.00007982231907663539
 2777.777778   308.641975  0.00008007106018776489
 2777.777778   432.098765  0.00008060079568696110
 2777.777778   555.555556  0.00008089284685469112
 2777.777778   679.012346  0.00008074606668425812
 2777.777778   802.469136  0.00008040526357952575
 2777.777778   925.925926  0.00008000853276876016
 2777.777778  1049.382716  0.00007996222483946714
 2777.777778  1172.839506  0.00007960486245302269
 2777.777778  1296.296296  0.00008042743252743117
 2777.777778  1419.753086  0.00008021069106980440
 2777.777778  1543.209877  0.00008044879246017303
 2777.777778  1666.666667  0.00008098023529937168
 2777.777778  1790.123457  0.00008113921995333207
 2777.777778  1913.580247  0.00008056290341222484
 2777.777778  2037.037037  0.00007888171368483156
 2777.777778  2160.493827  0.00007889462755733298
 2777.777778  2283.950617  0.00007987323741143324
 2777.777778  2407.407407  0.00008367501493266291
 2777.777778  2530.864198  0.00007658908149127213
 2777.777778  2654.320988  0.00008050424318400520
 2777.777778  2777.777778  0.00008269579956484732
 2777.777778  2901.234568  0.00008192814859544226
 2777.777778  3024.691358  0.00008034679733148283
 2777.777778  3148.148148  0.00007931419428428677
 2777.777778  3271.604938  0.00007942040024760869
 2777.777778  3395.061728  0.00008086274129780852
 2777.777778  3518.518519  0.00008150603164255547
 2777.777778  3641.975309  0.00008197448588268379
 2777.777778  3765.432099  0.00008194589322491859
 2777.777778  3888.888889  0.00008184171176986723
 2777.777778  4012.345679  0.00008005496186014755
 2777.777778  4135.802469  0.00007910239509478805
 2777.777778  4259.259259  0.00007988987636563919
 2777.777778  4382.716049  0.00007950298897914273
 2777.777778  4506.172840  0.00007987820168925896
 2777.777778  4629.629630  0.00008437224962986848
 2777.777778  4753.086420  0.00008289003673648843
 2777.777778  4876.543210  0.00008069118560892774

 2901.234568 -5000.000000  0.00001567466112331468
 2901.234568 -4876.543210  0.00007498009340104162
 2901.234568 -4753.086420  0.00007729490938264462
 2901.234568 -4629.629630  0.00007795777575891411
 2901.234568 -4506.172840  0.00007414075011849860
 2901.234568 -4382.716049  0.00007405020289085792
 2901.234568 -4259.259259  0.00007432854686156333
 2901.234568 -4135.802469  0.00007333256859561453
 2901.234568 -4012.345679  0.00007403915997258535
 2901.234568 -3888.888889  0.00007603008743806164
 2901.234568 -3765.432099  0.00007591741524325440
 2901.234568 -3641.975309  0.00007618157532411644
 2901.234568 -3518.518519  0.00007564202168194551
 2901.234568 -3395.061728  0.00007499639141861582
 2901.234568 -3271.604938  0.00007381249042296903
 2901.234568 -3148.148148  0.00007372406402561816
 2901.234568 -3024.691358  0.00007449102199937449
 2901.234568 -2901.234568  0.00007575109370643097
 2901.234568 -2777.777778  0.00007665561238550959
 2901.234568 -2654.320988  0.00007507710906442242
 2901.234568 -2530.864198  0.00007076526553184219
 2901.234568 -2407.407407  0.00007648356092675975
 2901.234568 -2283.950617  0.00007295071546064906
 2901.234568 -2160.493827  0.00007247441813571216
 2901.234568 -2037.037037  0.00007238286118776394
 2901.234568 -1913.580247  0.00007377146274538423
 2901.234568 -1790.123457  0.00007414360285877470
 2901.234568 -1666.666667  0.00007407397314285891
 2901.234568 -1543.209877  0.00007371439996779179
 2901.234568 -1419.753086  0.00007343209760456162
 2901.234568 -1296.296296  0.00007355022293338169
 2901.234568 -1172.839506  0.00007293956421486744
 2901.234568 -1049.382716  0.00007321513077591814
 2901.234568  -925.925926  0.00007326825478051799
 2901.234568  -802.469136  0.00007359592478734814
 2901.234568  -679.012346  0.00007387131334360594
 2901.234568  -555.555556  0.00007398767262471776
 2901.234568  -432.098765  0.00007374732767347261
 2901.234568  -308.641975  0.00007330915248669871
 2901.234568  -185.185185  0.00007309362389707297
 2901.234568   -61.728395  0.00007373970495412891
 2901.234568    61.728395  0.00007373970495413393
 2901.234568   185.185185  0.00007309362389707091
 2901.234568   308.641975  0.00007330915248668901
 2901.234568   432.098765  0.00007374732767345624
 2901.234568   555.555556  0.00007398767262469334
 2901.234568   679.012346  0.00007387131334358069
 2901.234568   802.469136  0.00007359592478731269
 2901.234568   925.925926  0.00007326825478047622
 2901.234568  1049.382716  0.00007321513077587019
 2901.234568  1172.839506  0.00007293956421481457
 2901.234568  1296.296296  0.00007355022293331722
 2901.234568  1419.753086  0.00007343209760449430
 2901.234568  1543.209877  0.00007371439996771753
 2901.234568  1666.666667  0.00007407397314277851
 2901.234568  1790.123457  0.00007414360285868590
 2901.234568  1913.580247  0.00007377146274529348
 2901.234568  2037.037037  0.00007238286118766702
 2901.234568  2160.493827  0.00007247441813560845
 2901.234568  2283.950617  0.00007295071546054039
 2901.234568  2407.407407  0.00007648356092663968
 2901.234568  2530.864198  0.00007076526553171493
 2901.234568  2654.320988  0.00007507710906427980
 2901.234568  2777.777778  0.00007665561238536405
 2901.234568  2901.234568  0.00007575109370628587
 2901.234568  3024.691358  0.00007449102199922254
 2901.234568  3148.148148  0.00007372406402545764
 2901.234568  3271.604938  0.00007381249042279831
 2901.234568  3395.061728  0.00007499639141843388
 2901.234568  3518.518519  0.00007564202168175656
 2901.234568  3641.975309  0.00007618157532392012
 2901.234568  3765.432099  0.00007591741524305026
 2901.234568  3888.888889  0.00007603008743785748
 2901.234568  4012.345679  0.00007403915997238266
 2901.234568  4135.802469  0.00007333256859540929
 2901.234568  4259.259259  0.00007432854686134672
 2901.234568  4382.716049  0.00007405020289063299
 2901.234568  4506.172840  0.00007414075011826407
 2901.234568  4629.629630  0.00007795777575865733
 2901.234568  4753.086420  0.00007729490938238639
 2901.234568  4876.543210  0.00007498009340079897

 3024.691358 -5000.000000  0.00001304806425553774
 3024.691358 -4876.543210  0.00006779461707027350
 3024.691358 -4753.086420  0.00007060722508930220
 3024.691358 -4629.629630  0.00007087600508136348
 3024.691358 -4506.172840  0.00006747392503053203
 3024.691358 -4382.716049  0.00006732299412473515
 3024.691358 -4259.259259  0.00006745516792003485
 3024.691358 -4135.802469  0.00006649265006290468
 3024.691358 -4012.345679  0.00006712194124190401
 3024.691358 -3888.888889  0.00006912078454446648
 3024.691358 -3765.432099  0.00006910909154242211
 3024.691358 -3641.975309  0.00006928816026635989
 3024.691358 -3518.518519  0.00006887810521881329
 3024.691358 -3395.061728  0.00006817208487687927
 3024.691358 -3271.604938  0.00006697218754629431
 3024.691358 -3148.148148  0.00006684678502986058
 3024.691358 -3024.691358  0.00006764382480945956
 3024.691358 -2901.234568  0.00006892675516398175
 3024.691358 -2777.777778  0.00006973788653098651
 3024.691358 -2654.320988  0.00006817274104340730
 3024.691358 -2530.864198  0.00006436012823758277
 3024.691358 -2407.407407  0.00006976037889072555
 3024.691358 -2283.950617  0.00006662576343708383
 3024.691358 -2160.493827  0.00006594322637525215
 3024.691358 -2037.037037  0.00006591181347035289
 3024.691358 -1913.580247  0.00006724576558074257
 3024.691358 -1790.123457  0.00006765682673963273
 3024.691358 -1666.666667  0.00006753488526158475
 3024.691358 -1543.209877  0.00006714195190059130
 3024.691358 -1419.753086  0.00006695282769921677
 3024.691358 -1296.296296  0.00006703895485745208
 3024.691358 -1172.839506  0.00006645790215703731
 3024.691358 -1049.382716  0.00006670401947115485
 3024.691358  -925.925926  0.00006675373907120979
 3024.691358  -802.469136  0.00006705907318613136
 3024.691358  -679.012346  0.00006732541785063996
 3024.691358  -555.555556  0.00006743020413148333
 3024.691358  -432.098765  0.00006719881408651759
 3024.691358  -308.641975  0.00006678448389916453
 3024.691358  -185.185185  0.00006658556642533363
 3024.691358   -61.728395  0.00006717211229580398
 3024.691358    61.728395  0.00006717211229580717
 3024.691358   185.185185  0.00006658556642532986
 3024.691358   308.641975  0.00006678448389915500
 3024.691358   432.098765  0.00006719881408650145
 3024.691358   555.555556  0.00006743020413145813
 3024.691358   679.012346  0.00006732541785061293
 3024.691358   802.469136  0.00006705907318609488
 3024.691358   925.925926  0.00006675373907116724
 3024.691358  1049.382716  0.00006670401947110591
 3024.691358  1172.839506  0.00006645790215698397
 3024.691358  1296.296296  0.00006703895485738643
 3024.691358  1419.753086  0.00006695282769914786
 3024.691358  1543.209877  0.00006714195190051532
 3024.691358  1666.666667  0.00006753488526150305
 3024.691358  1790.123457  0.00006765682673954296
 3024.691358  1913.580247  0.00006724576558065044
 3024.691358  2037.037037  0.00006591181347025460
 3024.691358  2160.493827  0.00006594322637514685
 3024.691358  2283.950617  0.00006662576343697368
 3024.691358  2407.407407  0.00006976037889060578
 3024.691358  2530.864198  0.00006436012823745397
 3024.691358  2654.320988  0.00006817274104326551
 3024.691358  2777.777778  0.00006973788653084267
 3024.691358  2901.234568  0.00006892675516383764
 3024.691358  3024.691358  0.00006764382480930768
 3024.691358  3148.148148  0.00006684678502970120
 3024.691358  3271.604938  0.00006697218754612476
 3024.691358  3395.061728  0.00006817208487669958
 3024.691358  3518.518519  0.00006887810521862654
 3024.691358  3641.975309  0.00006928816026616552
 3024.691358  3765.432099  0.00006910909154222064
 3024.691358  3888.888889  0.00006912078454426334
 3024.691358  4012.345679  0.00006712194124170191
 3024.691358  4135.802469  0.00006649265006270039
 3024.691358  4259.259259  0.00006745516791981974
 3024.691358  4382.716049  0.00006732299412451202
 3024.691358  4506.172840  0.00006747392503029903
 3024.691358  4629.629630  0.00007087600508110816
 3024.691358  4753.086420  0.00007060722508904811
 3024.691358  4876.543210  0.00006779461707003371

 3148.148148 -5000.000000  0.00001123115585543425
 3148.148148 -4876.543210  0.00006065160452381890
 3148.148148 -4753.086420  0.00006418051169871874
 3148.148148 -4629.629630  0.00006456348155423343
 3148.148148 -4506.172840  0.00006131495998886568
 3148.148148 -4382.716049  0.00006082169437557849
 3148.148148 -4259.259259  0.00006076886644547482
 3148.148148 -4135.802469  0.00005999398716959876
 3148.148148 -4012.345679  0.00006069974615848839
 3148.148148 -3888.888889  0.00006252921233507893
 3148.148148 -3765.432099  0.00006279344531288049
 3148.148148 -3641.975309  0.00006279559910217393
 3148.148148 -3518.518519  0.00006252026621983813
 3148.148148 -3395.061728  0.00006178590056425527
 3148.148148 -3271.604938  0.00006047611772835119
 3148.148148 -3148.148148  0.00006026042667468101
 3148.148148 -3024.691358  0.00006111623608656740
 3148.148148 -2901.234568  0.00006250673131182837
 3148.148148 -2777.777778  0.00006324646634153880
 3148.148148 -2654.320988  0.00006161418357558062
 3148.148148 -2530.864198  0.00005851110021638185
 3148.148148 -2407.407407  0.00006425795490979955
 3148.148148 -2283.950617  0.00006155782875436154
 3148.148148 -2160.493827  0.00006060303959504757
 3148.148148 -2037.037037  0.00006062439733141815
 3148.148148 -1913.580247  0.00006193860363297683
 3148.148148 -1790.123457  0.00006240651828769407
 3148.148148 -1666.666667  0.00006221159294383046
 3148.148148 -1543.209877  0.00006175709916561513
 3148.148148 -1419.753086  0.00006168036264565849
 3148.148148 -1296.296296  0.00006176377052664626
 3148.148148 -1172.839506  0.00006118218538772501
 3148.148148 -1049.382716  0.00006140260784326669
 3148.148148  -925.925926  0.00006144881715560905
 3148.148148  -802.469136  0.00006173419936587192
 3148.148148  -679.012346  0.00006198709373471056
 3148.148148  -555.555556  0.00006208084102626090
 3148.148148  -432.098765  0.00006186160333578371
 3148.148148  -308.641975  0.00006146676721599902
 3148.148148  -185.185185  0.00006128314556976051
 3148.148148   -61.728395  0.00006181375758148402
 3148.148148    61.728395  0.00006181375758148521
 3148.148148   185.185185  0.00006128314556975478
 3148.148148   308.641975  0.00006146676721598791
 3148.148148   432.098765  0.00006186160333576673
 3148.148148   555.555556  0.00006208084102623531
 3148.148148   679.012346  0.00006198709373468230
 3148.148148   802.469136  0.00006173419936583459
 3148.148148   925.925926  0.00006144881715556604
 3148.148148  1049.382716  0.00006140260784321747
 3148.148148  1172.839506  0.00006118218538767221
 3148.148148  1296.296296  0.00006176377052658004
 3148.148148  1419.753086  0.00006168036264558810
 3148.148148  1543.209877  0.00006175709916553787
 3148.148148  1666.666667  0.00006221159294374816
 3148.148148  1790.123457  0.00006240651828760452
 3148.148148  1913.580247  0.00006193860363288456
 3148.148148  2037.037037  0.00006062439733131845
 3148.148148  2160.493827  0.00006060303959494096
 3148.148148  2283.950617  0.00006155782875425090
 3148.148148  2407.407407  0.00006425795490968017
 3148.148148  2530.864198  0.00005851110021625090
 3148.148148  2654.320988  0.00006161418357543847
 3148.148148  2777.777778  0.00006324646634139569
 3148.148148  2901.234568  0.00006250673131168604
 3148.148148  3024.691358  0.00006111623608641703
 3148.148148  3148.148148  0.00006026042667452248
 3148.148148  3271.604938  0.00006047611772818340
 3148.148148  3395.061728  0.00006178590056407731
 3148.148148  3518.518519  0.00006252026621965302
 3148.148148  3641.975309  0.00006279559910198186
 3148.148148  3765.432099  0.00006279344531268124
 3148.148148  3888.888889  0.00006252921233487688
 3148.148148  4012.345679  0.00006069974615828721
 3148.148148  4135.802469  0.00005999398716939579
 3148.148148  4259.259259  0.00006076886644526109
 3148.148148  4382.716049  0.00006082169437535546
 3148.148148  4506.172840  0.00006131495998863199
 3148.148148  4629.629630  0.00006456348155397790
 3148.148148  4753.086420  0.00006418051169846576
 3148.148148  4876.543210  0.00006065160452357987

 3271.604938 -5000.000000  0.00001047375229885549
 3271.604938 -4876.543210  0.00005492884178102772
 3271.604938 -4753.086420  0.00005878603125464130
 3271.604938 -4629.629630  0.00005955775324237957
 3271.604938 -4506.172840  0.00005637141110125749
 3271.604938 -4382.716049  0.00005555690776251598
 3271.604938 -4259.259259  0.00005536881045954518
 3271.604938 -4135.802469  0.00005479078140766984
 3271.604938 -4012.345679  0.00005559353909642859
 3271.604938 -3888.888889  0.00005717001136777190
 3271.604938 -3765.432099  0.00005749555967449869
 3271.604938 -3641.975309  0.00005757986589174254
 3271.604938 -3518.518519  0.00005728955800995464
 3271.604938 -3395.061728  0.00005665873195516338
 3271.604938 -3271.604938  0.00005532114057138748
 3271.604938 -3148.148148  0.00005503626134564815
 3271.604938 -3024.691358  0.00005579098562151408
 3271.604938 -2901.234568  0.00005715301828322034
 3271.604938 -2777.777778  0.00005792073993361620
 3271.604938 -2654.320988  0.00005646828018976846
 3271.604938 -2530.864198  0.00005375983250968310
 3271.604938 -2407.407407  0.00005937997851395294
 3271.604938 -2283.950617  0.00005708226559723144
 3271.604938 -2160.493827  0.00005619070955833233
 3271.604938 -2037.037037  0.00005618723060771704
 3271.604938 -1913.580247  0.00005737187119149544
 3271.604938 -1790.123457  0.00005777950080615816
 3271.604938 -1666.666667  0.00005757299109073422
 3271.604938 -1543.209877  0.00005715365403411279
 3271.604938 -1419.753086  0.00005711786267328293
 3271.604938 -1296.296296  0.00005718618916076730
 3271.604938 -1172.839506  0.00005670834230419000
 3271.604938 -1049.382716  0.00005683646294182575
 3271.604938  -925.925926  0.00005691090597769258
 3271.604938  -802.469136  0.00005713414947796819
 3271.604938  -679.012346  0.00005735814458763128
 3271.604938  -555.555556  0.00005742878525767664
 3271.604938  -432.098765  0.00005723759405190899
 3271.604938  -308.641975  0.00005690867752793223
 3271.604938  -185.185185  0.00005672515857204310
 3271.604938   -61.728395  0.00005720639434231862
 3271.604938    61.728395  0.00005720639434231739
 3271.604938   185.185185  0.00005672515857203559
 3271.604938   308.641975  0.00005690867752792047
 3271.604938   432.098765  0.00005723759405189219
 3271.604938   555.555556  0.00005742878525765034
 3271.604938   679.012346  0.00005735814458760222
 3271.604938   802.469136  0.00005713414947792908
 3271.604938   925.925926  0.00005691090597764816
 3271.604938  1049.382716  0.00005683646294177620
 3271.604938  1172.839506  0.00005670834230413764
 3271.604938  1296.296296  0.00005718618916070093
 3271.604938  1419.753086  0.00005711786267321139
 3271.604938  1543.209877  0.00005715365403403414
 3271.604938  1666.666667  0.00005757299109065167
 3271.604938  1790.123457  0.00005777950080606870
 3271.604938  1913.580247  0.00005737187119140220
 3271.604938  2037.037037  0.00005618723060761635
 3271.604938  2160.493827  0.00005619070955822458
 3271.604938  2283.950617  0.00005708226559711962
 3271.604938  2407.407407  0.00005937997851383317
 3271.604938  2530.864198  0.00005375983250955091
 3271.604938  2654.320988  0.00005646828018962435
 3271.604938  2777.777778  0.00005792073993347278
 3271.604938  2901.234568  0.00005715301828307694
 3271.604938  3024.691358  0.00005579098562136313
 3271.604938  3148.148148  0.00005503626134548854
 3271.604938  3271.604938  0.00005532114057121809
 3271.604938  3395.061728  0.00005665873195498458
 3271.604938  3518.518519  0.00005728955800976882
 3271.604938  3641.975309  0.00005757986589154909
 3271.604938  3765.432099  0.00005749555967429766
 3271.604938  3888.888889  0.00005717001136756765
 3271.604938  4012.345679  0.00005559353909622606
 3271.604938  4135.802469  0.00005479078140746538
 3271.604938  4259.259259  0.00005536881045932989
 3271.604938  4382.716049  0.00005555690776229146
 3271.604938  4506.172840  0.00005637141110102256
 3271.604938  4629.629630  0.00005955775324212287
 3271.604938  4753.086420  0.00005878603125438529
 3271.604938  4876.543210  0.00005492884178078666

 3395.061728 -5000.000000  0.00000975200393337287
 3395.061728 -4876.543210  0.00005026350915779147
 3395.061728 -4753.086420  0.00005434453046501614
 3395.061728 -4629.629630  0.00005541971047735850
 3395.061728 -4506.172840  0.00005234786070853676
 3395.061728 -4382.716049  0.00005131785080876082
 3395.061728 -4259.259259  0.00005098959278876471
 3395.061728 -4135.802469  0.00005048574143239611
 3395.061728 -4012.345679  0.00005138250056912598
 3395.061728 -3888.888889  0.00005277114990669816
 3395.061728 -3765.432099  0.00005315117181762233
 3395.061728 -3641.975309  0.00005333550540809599
 3395.061728 -3518.518519  0.00005297549414891299
 3395.061728 -3395.061728  0.00005245495418260037
 3395.061728 -3271.604938  0.00005120695758191649
 3395.061728 -3148.148148  0.00005084098864646842
 3395.061728 -3024.691358  0.00005137427550765257
 3395.061728 -2901.234568  0.00005257439425108394
 3395.061728 -2777.777778  0.00005349188244534589
 3395.061728 -2654.320988  0.00005247948293060518
 3395.061728 -2530.864198  0.00004983788473815216
 3395.061728 -2407.407407  0.00005480858687379255
 3395.061728 -2283.950617  0.00005295609813733428
 3395.061728 -2160.493827  0.00005235716288122865
 3395.061728 -2037.037037  0.00005231123538968739
 3395.061728 -1913.580247  0.00005323976298391153
 3395.061728 -1790.123457  0.00005350114149204275
 3395.061728 -1666.666667  0.00005333487825153581
 3395.061728 -1543.209877  0.00005302768181976402
 3395.061728 -1419.753086  0.00005302070653835093
 3395.061728 -1296.296296  0.00005300669883011641
 3395.061728 -1172.839506  0.00005268056844408801
 3395.061728 -1049.382716  0.00005275897410802043
 3395.061728  -925.925926  0.00005282438672357155
 3395.061728  -802.469136  0.00005299332441479666
 3395.061728  -679.012346  0.00005314092955496041
 3395.061728  -555.555556  0.00005318472688958305
 3395.061728  -432.098765  0.00005305527996660401
 3395.061728  -308.641975  0.00005280446870413689
 3395.061728  -185.185185  0.00005267075207788784
 3395.061728   -61.728395  0.00005301358176832129
 3395.061728    61.728395  0.00005301358176831828
 3395.061728   185.185185  0.00005267075207787872
 3395.061728   308.641975  0.00005280446870412508
 3395.061728   432.098765  0.00005305527996658714
 3395.061728   555.555556  0.00005318472688955674
 3395.061728   679.012346  0.00005314092955492912
 3395.061728   802.469136  0.00005299332441475547
 3395.061728   925.925926  0.00005282438672352565
 3395.061728  1049.382716  0.00005275897410797119
 3395.061728  1172.839506  0.00005268056844403527
 3395.061728  1296.296296  0.00005300669883004852
 3395.061728  1419.753086  0.00005302070653827730
 3395.061728  1543.209877  0.00005302768181968417
 3395.061728  1666.666667  0.00005333487825145256
 3395.061728  1790.123457  0.00005350114149195280
 3395.061728  1913.580247  0.00005323976298381749
 3395.061728  2037.037037  0.00005231123538958525
 3395.061728  2160.493827  0.00005235716288111909
 3395.061728  2283.950617  0.00005295609813722230
 3395.061728  2407.407407  0.00005480858687367170
 3395.061728  2530.864198  0.00004983788473801765
 3395.061728  2654.320988  0.00005247948293045718
 3395.061728  2777.777778  0.00005349188244519918
 3395.061728  2901.234568  0.00005257439425093827
 3395.061728  3024.691358  0.00005137427550749992
 3395.061728  3148.148148  0.00005084098864630666
 3395.061728  3271.604938  0.00005120695758174402
 3395.061728  3395.061728  0.00005245495418241879
 3395.061728  3518.518519  0.00005297549414872482
 3395.061728  3641.975309  0.00005333550540790032
 3395.061728  3765.432099  0.00005315117181741672
 3395.061728  3888.888889  0.00005277114990648934
 3395.061728  4012.345679  0.00005138250056892022
 3395.061728  4135.802469  0.00005048574143218777
 3395.061728  4259.259259  0.00005098959278854494
 3395.061728  4382.716049  0.00005131785080853128
 3395.061728  4506.172840  0.00005234786070829707
 3395.061728  4629.629630  0.00005541971047709786
 3395.061728  4753.086420  0.00005434453046475426
 3395.061728  4876.543210  0.00005026350915754532

 3518.518519 -5000.000000  0.00000908721605614554
 3518.518519 -4876.543210  0.00004531785936414750
 3518.518519 -4753.086420  0.00004902770890304586
 3518.518519 -4629.629630  0.00005020003165419358
 3518.518519 -4506.172840  0.00004738698986443307
 3518.518519 -4382.716049  0.00004636409356113880
 3518.518519 -4259.259259  0.00004600512732247355
 3518.518519 -4135.802469  0.00004555998160465704
 3518.518519 -4012.345679  0.00004645107694693591
 3518.518519 -3888.888889  0.00004767212231089593
 3518.518519 -3765.432099  0.00004775010622598837
 3518.518519 -3641.975309  0.00004826481313493540
 3518.518519 -3518.518519  0.00004780636380766423
 3518.518519 -3395.061728  0.00004744718104968278
 3518.518519 -3271.604938  0.00004631695053294771
 3518.518519 -3148.148148  0.00004597150123709036
 3518.518519 -3024.691358  0.00004632358558999510
 3518.518519 -2901.234568  0.00004735441280448966
 3518.518519 -2777.777778  0.00004828287300967538
 3518.518519 -2654.320988  0.00004756129661618263
 3518.518519 -2530.864198  0.00004492698706612202
 3518.518519 -2407.407407  0.00004876790008215962
 3518.518519 -2283.950617  0.00004721614826846884
 3518.518519 -2160.493827  0.00004681491951088289
 3518.518519 -2037.037037  0.00004675217494477873
 3518.518519 -1913.580247  0.00004749808821271349
 3518.518519 -1790.123457  0.00004766010578220396
 3518.518519 -1666.666667  0.00004751897360155010
 3518.518519 -1543.209877  0.00004730109249089235
 3518.518519 -1419.753086  0.00004730108022617530
 3518.518519 -1296.296296  0.00004720551781353142
 3518.518519 -1172.839506  0.00004705280806650153
 3518.518519 -1049.382716  0.00004704277350048105
 3518.518519  -925.925926  0.00004712797292780044
 3518.518519  -802.469136  0.00004723855722632624
 3518.518519  -679.012346  0.00004737075200260873
 3518.518519  -555.555556  0.00004739004863193264
 3518.518519  -432.098765  0.00004727635185085641
 3518.518519  -308.641975  0.00004709743012371391
 3518.518519  -185.185185  0.00004698152671651277
 3518.518519   -61.728395  0.00004725884166287485
 3518.518519    61.728395  0.00004725884166287148
 3518.518519   185.185185  0.00004698152671650413
 3518.518519   308.641975  0.00004709743012370250
 3518.518519   432.098765  0.00004727635185083937
 3518.518519   555.555556  0.00004739004863190660
 3518.518519   679.012346  0.00004737075200257671
 3518.518519   802.469136  0.00004723855722628481
 3518.518519   925.925926  0.00004712797292775475
 3518.518519  1049.382716  0.00004704277350043220
 3518.518519  1172.839506  0.00004705280806644986
 3518.518519  1296.296296  0.00004720551781346099
 3518.518519  1419.753086  0.00004730108022609924
 3518.518519  1543.209877  0.00004730109249081086
 3518.518519  1666.666667  0.00004751897360146524
 3518.518519  1790.123457  0.00004766010578211249
 3518.518519  1913.580247  0.00004749808821261682
 3518.518519  2037.037037  0.00004675217494467375
 3518.518519  2160.493827  0.00004681491951077085
 3518.518519  2283.950617  0.00004721614826835551
 3518.518519  2407.407407  0.00004876790008203833
 3518.518519  2530.864198  0.00004492698706598707
 3518.518519  2654.320988  0.00004756129661603231
 3518.518519  2777.777778  0.00004828287300952518
 3518.518519  2901.234568  0.00004735441280434100
 3518.518519  3024.691358  0.00004632358558984041
 3518.518519  3148.148148  0.00004597150123692687
 3518.518519  3271.604938  0.00004631695053277413
 3518.518519  3395.061728  0.00004744718104949915
 3518.518519  3518.518519  0.00004780636380747348
 3518.518519  3641.975309  0.00004826481313473814
 3518.518519  3765.432099  0.00004775010622578027
 3518.518519  3888.888889  0.00004767212231068370
 3518.518519  4012.345679  0.00004645107694672818
 3518.518519  4135.802469  0.00004555998160444656
 3518.518519  4259.259259  0.00004600512732225025
 3518.518519  4382.716049  0.00004636409356090522
 3518.518519  4506.172840  0.00004738698986418916
 3518.518519  4629.629630  0.00005020003165392969
 3518.518519  4753.086420  0.00004902770890278010
 3518.518519  4876.543210  0.00004531785936389791

 3641.975309 -5000.000000  0.00000707944971998081
 3641.975309 -4876.543210  0.00003868280534473643
 3641.975309 -4753.086420  0.00004336622768413497
 3641.975309 -4629.629630  0.00004461958416350039
 3641.975309 -4506.172840  0.00004193737746478720
 3641.975309 -4382.716049  0.00004052774044111943
 3641.975309 -4259.259259  0.00003992628977896681
 3641.975309 -4135.802469  0.00003962111559177335
 3641.975309 -4012.345679  0.00004063650330758352
 3641.975309 -3888.888889  0.00004174834415161019
 3641.975309 -3765.432099  0.00004218032626990959
 3641.975309 -3641.975309  0.00004249010278410375
 3641.975309 -3518.518519  0.00004213083361910621
 3641.975309 -3395.061728  0.00004171548217043532
 3641.975309 -3271.604938  0.00004049306900049102
 3641.975309 -3148.148148  0.00004002671827530908
 3641.975309 -3024.691358  0.00004040251587250559
 3641.975309 -2901.234568  0.00004153589306955634
 3641.975309 -2777.777778  0.00004250152988836263
 3641.975309 -2654.320988  0.00004179896712249924
 3641.975309 -2530.864198  0.00003950425056087334
 3641.975309 -2407.407407  0.00004312793205346239
 3641.975309 -2283.950617  0.00004196952472416922
 3641.975309 -2160.493827  0.00004136663105090991
 3641.975309 -2037.037037  0.00004137537430659488
 3641.975309 -1913.580247  0.00004205828493942050
 3641.975309 -1790.123457  0.00004226169287830157
 3641.975309 -1666.666667  0.00004207707813597626
 3641.975309 -1543.209877  0.00004182470084169925
 3641.975309 -1419.753086  0.00004193015484986356
 3641.975309 -1296.296296  0.00004180170315802833
 3641.975309 -1172.839506  0.00004165284750643498
 3641.975309 -1049.382716  0.00004165430780485293
 3641.975309  -925.925926  0.00004172194487764354
 3641.975309  -802.469136  0.00004183599522944062
 3641.975309  -679.012346  0.00004193582498285808
 3641.975309  -555.555556  0.00004194610121645510
 3641.975309  -432.098765  0.00004185849350649648
 3641.975309  -308.641975  0.00004169014084521386
 3641.975309  -185.185185  0.00004161609391222187
 3641.975309   -61.728395  0.00004181094603482704
 3641.975309    61.728395  0.00004181094603482429
 3641.975309   185.185185  0.00004161609391221435
 3641.975309   308.641975  0.00004169014084520293
 3641.975309   432.098765  0.00004185849350647953
 3641.975309   555.555556  0.00004194610121642833
 3641.975309   679.012346  0.00004193582498282505
 3641.975309   802.469136  0.00004183599522939870
 3641.975309   925.925926  0.00004172194487759810
 3641.975309  1049.382716  0.00004165430780480465
 3641.975309  1172.839506  0.00004165284750638362
 3641.975309  1296.296296  0.00004180170315795423
 3641.975309  1419.753086  0.00004193015484978509
 3641.975309  1543.209877  0.00004182470084161701
 3641.975309  1666.666667  0.00004207707813589102
 3641.975309  1790.123457  0.00004226169287820817
 3641.975309  1913.580247  0.00004205828493932076
 3641.975309  2037.037037  0.00004137537430648678
 3641.975309  2160.493827  0.00004136663105079600
 3641.975309  2283.950617  0.00004196952472405449
 3641.975309  2407.407407  0.00004312793205334043
 3641.975309  2530.864198  0.00003950425056073783
 3641.975309  2654.320988  0.00004179896712234933
 3641.975309  2777.777778  0.00004250152988821135
 3641.975309  2901.234568  0.00004153589306940548
 3641.975309  3024.691358  0.00004040251587234879
 3641.975309  3148.148148  0.00004002671827514413
 3641.975309  3271.604938  0.00004049306900031642
 3641.975309  3395.061728  0.00004171548217025044
 3641.975309  3518.518519  0.00004213083361891388
 3641.975309  3641.975309  0.00004249010278390590
 3641.975309  3765.432099  0.00004218032626969958
 3641.975309  3888.888889  0.00004174834415139551
 3641.975309  4012.345679  0.00004063650330737434
 3641.975309  4135.802469  0.00003962111559156173
 3641.975309  4259.259259  0.00003992628977874218
 3641.975309  4382.716049  0.00004052774044088356
 3641.975309  4506.172840  0.00004193737746454103
 3641.975309  4629.629630  0.00004461958416323471
 3641.975309  4753.086420  0.00004336622768386791
 3641.975309  4876.543210  0.00003868280534448562

 3765.432099 -5000.000000  0.00000613211370638717
 3765.432099 -4876.543210  0.00003302848032092990
 3765.432099 -4753.086420  0.00003759628991026170
 3765.432099 -4629.629630  0.00003881138608073251
 3765.432099 -4506.172840  0.00003644526914294103
 3765.432099 -4382.716049  0.00003500805348220474
 3765.432099 -4259.259259  0.00003437356150387962
 3765.432099 -4135.802469  0.00003419527980995309
 3765.432099 -4012.345679  0.00003503626777719844
 3765.432099 -3888.888889  0.00003601492715313833
 3765.432099 -3765.432099  0.00003612282770944861
 3765.432099 -3641.975309  0.00003688430088505995
 3765.432099 -3518.518519  0.00003631408997958818
 3765.432099 -3395.061728  0.00003615966073452662
 3765.432099 -3271.604938  0.00003500862850523957
 3765.432099 -3148.148148  0.00003456871690239317
 3765.432099 -3024.691358  0.00003468213537687742
 3765.432099 -2901.234568  0.00003564210553671911
 3765.432099 -2777.777778  0.00003666407576909908
 3765.432099 -2654.320988  0.00003635997328864039
 3765.432099 -2530.864198  0.00003392370502267291
 3765.432099 -2407.407407  0.00003569045534740019
 3765.432099 -2283.950617  0.00003472089446937229
 3765.432099 -2160.493827  0.00003467116890394537
 3765.432099 -2037.037037  0.00003453232680839232
 3765.432099 -1913.580247  0.00003496896959641650
 3765.432099 -1790.123457  0.00003499407885454982
 3765.432099 -1666.666667  0.00003492149183668211
 3765.432099 -1543.209877  0.00003482843869742318
 3765.432099 -1419.753086  0.00003475784939913311
 3765.432099 -1296.296296  0.00003478017065648475
 3765.432099 -1172.839506  0.00003484751062678430
 3765.432099 -1049.382716  0.00003451460592510971
 3765.432099  -925.925926  0.00003479751491590575
 3765.432099  -802.469136  0.00003474587319719981
 3765.432099  -679.012346  0.00003483571710044040
 3765.432099  -555.555556  0.00003480891317086824
 3765.432099  -432.098765  0.00003476185547644464
 3765.432099  -308.641975  0.00003474349640011574
 3765.432099  -185.185185  0.00003450637328760592
 3765.432099   -61.728395  0.00003488699695832256
 3765.432099    61.728395  0.00003488699695831583
 3765.432099   185.185185  0.00003450637328759463
 3765.432099   308.641975  0.00003474349640010231
 3765.432099   432.098765  0.00003476185547642633
 3765.432099   555.555556  0.00003480891317084034
 3765.432099   679.012346  0.00003483571710040619
 3765.432099   802.469136  0.00003474587319715741
 3765.432099   925.925926  0.00003479751491585964
 3765.432099  1049.382716  0.00003451460592506116
 3765.432099  1172.839506  0.00003484751062672974
 3765.432099  1296.296296  0.00003478017065640780
 3765.432099  1419.753086  0.00003475784939905458
 3765.432099  1543.209877  0.00003482843869734117
 3765.432099  1666.666667  0.00003492149183659574
 3765.432099  1790.123457  0.00003499407885445481
 3765.432099  1913.580247  0.00003496896959631456
 3765.432099  2037.037037  0.00003453232680828334
 3765.432099  2160.493827  0.00003467116890383097
 3765.432099  2283.950617  0.00003472089446925662
 3765.432099  2407.407407  0.00003569045534727585
 3765.432099  2530.864198  0.00003392370502253255
 3765.432099  2654.320988  0.00003635997328848410
 3765.432099  2777.777778  0.00003666407576894257
 3765.432099  2901.234568  0.00003564210553656281
 3765.432099  3024.691358  0.00003468213537671498
 3765.432099  3148.148148  0.00003456871690222205
 3765.432099  3271.604938  0.00003500862850505928
 3765.432099  3395.061728  0.00003615966073433642
 3765.432099  3518.518519  0.00003631408997939108
 3765.432099  3641.975309  0.00003688430088485381
 3765.432099  3765.432099  0.00003612282770923762
 3765.432099  3888.888889  0.00003601492715291972
 3765.432099  4012.345679  0.00003503626777698316
 3765.432099  4135.802469  0.00003419527980973589
 3765.432099  4259.259259  0.00003437356150365206
 3765.432099  4382.716049  0.00003500805348196837
 3765.432099  4506.172840  0.00003644526914269435
 3765.432099  4629.629630  0.00003881138608046602
 3765.432099  4753.086420  0.00003759628990999294
 3765.432099  4876.543210  0.00003302848032068110

 3888.888889 -5000.000000  0.00000070576532045874
 3888.888889 -4876.543210  0.00002471877741509576
 3888.888889 -4753.086420  0.00003005156798894618
 3888.888889 -4629.629630  0.00002979400513778305
 3888.888889 -4506.172840  0.00002843855350816931
 3888.888889 -4382.716049  0.00002736167295861783
 3888.888889 -4259.259259  0.00002642704360574403
 3888.888889 -4135.802469  0.00002580861497950401
 3888.888889 -4012.345679  0.00002645107954790783
 3888.888889 -3888.888889  0.00002790929494971424
 3888.888889 -3765.432099  0.00002792857400761073
 3888.888889 -3641.975309  0.00002876874590381225
 3888.888889 -3518.518519  0.00002830262464436254
 3888.888889 -3395.061728  0.00002791965215561903
 3888.888889 -3271.604938  0.00002703130874908869
 3888.888889 -3148.148148  0.00002655804696654299
 3888.888889 -3024.691358  0.00002650856610121787
 3888.888889 -2901.234568  0.00002718705505851113
 3888.888889 -2777.777778  0.00002835594759258139
 3888.888889 -2654.320988  0.00002863134397921228
 3888.888889 -2530.864198  0.00002595860969453612
 3888.888889 -2407.407407  0.00002726258410471322
 3888.888889 -2283.950617  0.00002677580045577374
 3888.888889 -2160.493827  0.00002685153307202673
 3888.888889 -2037.037037  0.00002677065189922238
 3888.888889 -1913.580247  0.00002697559468385019
 3888.888889 -1790.123457  0.00002688278044894248
 3888.888889 -1666.666667  0.00002680916454040203
 3888.888889 -1543.209877  0.00002681767417193758
 3888.888889 -1419.753086  0.00002692000951049077
 3888.888889 -1296.296296  0.00002662453456108800
 3888.888889 -1172.839506  0.00002686600946203084
 3888.888889 -1049.382716  0.00002669240623380387
 3888.888889  -925.925926  0.00002680197864932776
 3888.888889  -802.469136  0.00002679329257492088
 3888.888889  -679.012346  0.00002680468602663112
 3888.888889  -555.555556  0.00002676096598216624
 3888.888889  -432.098765  0.00002675803176717293
 3888.888889  -308.641975  0.00002676361007720881
 3888.888889  -185.185185  0.00002674586209727147
 3888.888889   -61.728395  0.00002673842045543772
 3888.888889    61.728395  0.00002673842045543139
 3888.888889   185.185185  0.00002674586209725929
 3888.888889   308.641975  0.00002676361007719766
 3888.888889   432.098765  0.00002675803176715673
 3888.888889   555.555556  0.00002676096598213985
 3888.888889   679.012346  0.00002680468602659668
 3888.888889   802.469136  0.00002679329257487839
 3888.888889   925.925926  0.00002680197864928277
 3888.888889  1049.382716  0.00002669240623375624
 3888.888889  1172.839506  0.00002686600946197986
 3888.888889  1296.296296  0.00002662453456101405
 3888.888889  1419.753086  0.00002692000951041337
 3888.888889  1543.209877  0.00002681767417185752
 3888.888889  1666.666667  0.00002680916454031885
 3888.888889  1790.123457  0.00002688278044885094
 3888.888889  1913.580247  0.00002697559468375028
 3888.888889  2037.037037  0.00002677065189911272
 3888.888889  2160.493827  0.00002685153307191095
 3888.888889  2283.950617  0.00002677580045565677
 3888.888889  2407.407407  0.00002726258410459037
 3888.888889  2530.864198  0.00002595860969439358
 3888.888889  2654.320988  0.00002863134397905869
 3888.888889  2777.777778  0.00002835594759242556
 3888.888889  2901.234568  0.00002718705505835474
 3888.888889  3024.691358  0.00002650856610105619
 3888.888889  3148.148148  0.00002655804696637388
 3888.888889  3271.604938  0.00002703130874890942
 3888.888889  3395.061728  0.00002791965215542979
 3888.888889  3518.518519  0.00002830262464416603
 3888.888889  3641.975309  0.00002876874590361038
 3888.888889  3765.432099  0.00002792857400739699
 3888.888889  3888.888889  0.00002790929494949536
 3888.888889  4012.345679  0.00002645107954769398
 3888.888889  4135.802469  0.00002580861497928791
 3888.888889  4259.259259  0.00002642704360551652
 3888.888889  4382.716049  0.00002736167295838051
 3888.888889  4506.172840  0.00002843855350792193
 3888.888889  4629.629630  0.00002979400513751690
 3888.888889  4753.086420  0.00003005156798868032
 3888.888889  4876.543210  0.00002471877741484592

 4012.345679 -5000.000000  -0.00000046112591041943
 4012.345679 -4876.543210  0.00001595869270870721
 4012.345679 -4753.086420  0.00002308158157691952
 4012.345679 -4629.629630  0.00002389021520743454
 4012.345679 -4506.172840  0.00002217164679173139
 4012.345679 -4382.716049  0.00002002164272977034
 4012.345679 -4259.259259  0.00001874537711974276
 4012.345679 -4135.802469  0.00001872322819005094
 4012.345679 -4012.345679  0.00001968130423311275
 4012.345679 -3888.888889  0.00002063893422003273
 4012.345679 -3765.432099  0.00002139654672144803
 4012.345679 -3641.975309  0.00002184413170544893
 4012.345679 -3518.518519  0.00002154018446585387
 4012.345679 -3395.061728  0.00002102683516993528
 4012.345679 -3271.604938  0.00001988433990313046
 4012.345679 -3148.148148  0.00001919342614165288
 4012.345679 -3024.691358  0.00001923993006661314
 4012.345679 -2901.234568  0.00002020507609713574
 4012.345679 -2777.777778  0.00002143833363660108
 4012.345679 -2654.320988  0.00002163058888227047
 4012.345679 -2530.864198  0.00001938808865235468
 4012.345679 -2407.407407  0.00002020147298112689
 4012.345679 -2283.950617  0.00002024216240838902
 4012.345679 -2160.493827  0.00001996595762861162
 4012.345679 -2037.037037  0.00001997562731337567
 4012.345679 -1913.580247  0.00002014955893434548
 4012.345679 -1790.123457  0.00002015232094796725
 4012.345679 -1666.666667  0.00002000318627046810
 4012.345679 -1543.209877  0.00001993789592135920
 4012.345679 -1419.753086  0.00002015758643621294
 4012.345679 -1296.296296  0.00001989468934410624
 4012.345679 -1172.839506  0.00002013104153189725
 4012.345679 -1049.382716  0.00001991691113179637
 4012.345679  -925.925926  0.00002004881452122915
 4012.345679  -802.469136  0.00002001278617453728
 4012.345679  -679.012346  0.00002002265003546778
 4012.345679  -555.555556  0.00001997224311063279
 4012.345679  -432.098765  0.00001998070729419091
 4012.345679  -308.641975  0.00002000870164136965
 4012.345679  -185.185185  0.00001998323020207400
 4012.345679   -61.728395  0.00001997435755371015
 4012.345679    61.728395  0.00001997435755370263
 4012.345679   185.185185  0.00001998323020206162
 4012.345679   308.641975  0.00002000870164135711
 4012.345679   432.098765  0.00001998070729417354
 4012.345679   555.555556  0.00001997224311060602
 4012.345679   679.012346  0.00002002265003543291
 4012.345679   802.469136  0.00002001278617449447
 4012.345679   925.925926  0.00002004881452118303
 4012.345679  1049.382716  0.00001991691113174731
 4012.345679  1172.839506  0.00002013104153184515
 4012.345679  1296.296296  0.00001989468934403521
 4012.345679  1419.753086  0.00002015758643614003
 4012.345679  1543.209877  0.00001993789592128248
 4012.345679  1666.666667  0.00002000318627038859
 4012.345679  1790.123457  0.00002015232094788122
 4012.345679  1913.580247  0.00002014955893425086
 4012.345679  2037.037037  0.00001997562731327131
 4012.345679  2160.493827  0.00001996595762850047
 4012.345679  2283.950617  0.00002024216240827856
 4012.345679  2407.407407  0.00002020147298101095
 4012.345679  2530.864198  0.00001938808865221657
 4012.345679  2654.320988  0.00002163058888211912
 4012.345679  2777.777778  0.00002143833363644941
 4012.345679  2901.234568  0.00002020507609698348
 4012.345679  3024.691358  0.00001923993006645450
 4012.345679  3148.148148  0.00001919342614148602
 4012.345679  3271.604938  0.00001988433990295422
 4012.345679  3395.061728  0.00002102683516974971
 4012.345679  3518.518519  0.00002154018446566008
 4012.345679  3641.975309  0.00002184413170524861
 4012.345679  3765.432099  0.00002139654672124195
 4012.345679  3888.888889  0.00002063893421981987
 4012.345679  4012.345679  0.00001968130423290578
 4012.345679  4135.802469  0.00001872322818984135
 4012.345679  4259.259259  0.00001874537711952124
 4012.345679  4382.716049  0.00002002164272953960
 4012.345679  4506.172840  0.00002217164679149256
 4012.345679  4629.629630  0.00002389021520717870
 4012.345679  4753.086420  0.00002308158157666170
 4012.345679  4876.543210  0.00001595869270846096

 4135.802469 -5000.000000  -0.00000406929784698631
 4135.802469 -4876.543210  0.00000795099295040892
 4135.802469 -4753.086420  0.00001469579917774159
 4135.802469 -4629.629630  0.00001445757022897030
 4135.802469 -4506.172840  0.00001363745094234886
 4135.802469 -4382.716049  0.00001197520156568281
 4135.802469 -4259.259259  0.00001065072971463880
 4135.802469 -4135.802469  0.00001036610767863934
 4135.802469 -4012.345679  0.00001100842303711527
 4135.802469 -3888.888889  0.00001214229550114649
 4135.802469 -3765.432099  0.00001268413367123888
 4135.802469 -3641.975309  0.00001325689621614219
 4135.802469 -3518.518519  0.00001294585911645613
 4135.802469 -3395.061728  0.00001250065225522872
 4135.802469 -3271.604938  0.00001164670862584517
 4135.802469 -3148.148148  0.00001100381263099032
 4135.802469 -3024.691358  0.00001082476099773341
 4135.802469 -2901.234568  0.00001145965617878702
 4135.802469 -2777.777778  0.00001267796898654767
 4135.802469 -2654.320988  0.00001336116573896074
 4135.802469 -2530.864198  0.00001122665378946012
 4135.802469 -2407.407407  0.00001059734524182496
 4135.802469 -2283.950617  0.00001104882944821099
 4135.802469 -2160.493827  0.00001112587009471848
 4135.802469 -2037.037037  0.00001110612374498470
 4135.802469 -1913.580247  0.00001098497104185140
 4135.802469 -1790.123457  0.00001084125191364424
 4135.802469 -1666.666667  0.00001076731679005389
 4135.802469 -1543.209877  0.00001083888299643008
 4135.802469 -1419.753086  0.00001104997817503979
 4135.802469 -1296.296296  0.00001073008450527117
 4135.802469 -1172.839506  0.00001112765997073532
 4135.802469 -1049.382716  0.00001084648951223311
 4135.802469  -925.925926  0.00001099226475939924
 4135.802469  -802.469136  0.00001090224107100141
 4135.802469  -679.012346  0.00001084069362526313
 4135.802469  -555.555556  0.00001076684657607329
 4135.802469  -432.098765  0.00001084111664476152
 4135.802469  -308.641975  0.00001095390049399263
 4135.802469  -185.185185  0.00001095957434088816
 4135.802469   -61.728395  0.00001082738492084350
 4135.802469    61.728395  0.00001082738492083329
 4135.802469   185.185185  0.00001095957434087429
 4135.802469   308.641975  0.00001095390049397787
 4135.802469   432.098765  0.00001084111664474311
 4135.802469   555.555556  0.00001076684657604644
 4135.802469   679.012346  0.00001084069362522739
 4135.802469   802.469136  0.00001090224107095701
 4135.802469   925.925926  0.00001099226475935072
 4135.802469  1049.382716  0.00001084648951218242
 4135.802469  1172.839506  0.00001112765997068230
 4135.802469  1296.296296  0.00001073008450519963
 4135.802469  1419.753086  0.00001104997817496699
 4135.802469  1543.209877  0.00001083888299635446
 4135.802469  1666.666667  0.00001076731678997542
 4135.802469  1790.123457  0.00001084125191355922
 4135.802469  1913.580247  0.00001098497104175717
 4135.802469  2037.037037  0.00001110612374488041
 4135.802469  2160.493827  0.00001112587009460777
 4135.802469  2283.950617  0.00001104882944810058
 4135.802469  2407.407407  0.00001059734524171062
 4135.802469  2530.864198  0.00001122665378932228
 4135.802469  2654.320988  0.00001336116573880963
 4135.802469  2777.777778  0.00001267796898639588
 4135.802469  2901.234568  0.00001145965617863430
 4135.802469  3024.691358  0.00001082476099757484
 4135.802469  3148.148148  0.00001100381263082419
 4135.802469  3271.604938  0.00001164670862567067
 4135.802469  3395.061728  0.00001250065225504555
 4135.802469  3518.518519  0.00001294585911626468
 4135.802469  3641.975309  0.00001325689621594370
 4135.802469  3765.432099  0.00001268413367103698
 4135.802469  3888.888889  0.00001214229550093763
 4135.802469  4012.345679  0.00001100842303691023
 4135.802469  4135.802469  0.00001036610767843233
 4135.802469  4259.259259  0.00001065072971442205
 4135.802469  4382.716049  0.00001197520156545781
 4135.802469  4506.172840  0.00001363745094211503
 4135.802469  4629.629630  0.00001445757022871862
 4135.802469  4753.086420  0.00001469579917748927
 4135.802469  4876.543210  0.00000795099295016914

 4259.259259 -5000.000000  -0.00000838458026110773
 4259.259259 -4876.543210  -0.00000018847669394559
 4259.259259 -4753.086420  0.00000630035508519897
 4259.259259 -4629.629630  0.00000475791031713428
 4259.259259 -4506.172840  0.00000498545524926952
 4259.259259 -4382.716049  0.00000388825090349706
 4259.259259 -4259.259259  0.00000244335933525986
 4259.259259 -4135.802469  0.00000178460691642684
 4259.259259 -4012.345679  0.00000208355192630077
 4259.259259 -3888.888889  0.00000354720174335042
 4259.259259 -3765.432099  0.00000355170813165546
 4259.259259 -3641.975309  0.00000461420154895563
 4259.259259 -3518.518519  0.00000420643469808628
 4259.259259 -3395.061728  0.00000387633883303375
 4259.259259 -3271.604938  0.00000329815646644790
 4259.259259 -3148.148148  0.00000271832703213187
 4259.259259 -3024.691358  0.00000223609147347606
 4259.259259 -2901.234568  0.00000248565657590443
 4259.259259 -2777.777778  0.00000375555160956446
 4259.259259 -2654.320988  0.00000507738469135835
 4259.259259 -2530.864198  0.00000296042188773081
 4259.259259 -2407.407407  0.00000150292335501658
 4259.259259 -2283.950617  0.00000236711134503107
 4259.259259 -2160.493827  0.00000293800818035492
 4259.259259 -2037.037037  0.00000282583673239840
 4259.259259 -1913.580247  0.00000240852258635535
 4259.259259 -1790.123457  0.00000204726611531359
 4259.259259 -1666.666667  0.00000204362204943423
 4259.259259 -1543.209877  0.00000229451440280522
 4259.259259 -1419.753086  0.00000250461346874083
 4259.259259 -1296.296296  0.00000207117553282958
 4259.259259 -1172.839506  0.00000274091786070212
 4259.259259 -1049.382716  0.00000232989721017691
 4259.259259  -925.925926  0.00000250768200893425
 4259.259259  -802.469136  0.00000233082842047077
 4259.259259  -679.012346  0.00000221211824300793
 4259.259259  -555.555556  0.00000210040841639602
 4259.259259  -432.098765  0.00000223137112510115
 4259.259259  -308.641975  0.00000246653935738055
 4259.259259  -185.185185  0.00000250682595689223
 4259.259259   -61.728395  0.00000222514878738771
 4259.259259    61.728395  0.00000222514878737527
 4259.259259   185.185185  0.00000250682595687643
 4259.259259   308.641975  0.00000246653935736448
 4259.259259   432.098765  0.00000223137112508208
 4259.259259   555.555556  0.00000210040841636870
 4259.259259   679.012346  0.00000221211824297026
 4259.259259   802.469136  0.00000233082842042334
 4259.259259   925.925926  0.00000250768200888242
 4259.259259  1049.382716  0.00000232989721012445
 4259.259259  1172.839506  0.00000274091786064866
 4259.259259  1296.296296  0.00000207117553275322
 4259.259259  1419.753086  0.00000250461346866279
 4259.259259  1543.209877  0.00000229451440272719
 4259.259259  1666.666667  0.00000204362204935347
 4259.259259  1790.123457  0.00000204726611522488
 4259.259259  1913.580247  0.00000240852258625580
 4259.259259  2037.037037  0.00000282583673228867
 4259.259259  2160.493827  0.00000293800818023961
 4259.259259  2283.950617  0.00000236711134491524
 4259.259259  2407.407407  0.00000150292335489762
 4259.259259  2530.864198  0.00000296042188758935
 4259.259259  2654.320988  0.00000507738469120587
 4259.259259  2777.777778  0.00000375555160941017
 4259.259259  2901.234568  0.00000248565657574824
 4259.259259  3024.691358  0.00000223609147331505
 4259.259259  3148.148148  0.00000271832703196392
 4259.259259  3271.604938  0.00000329815646627238
 4259.259259  3395.061728  0.00000387633883285020
 4259.259259  3518.518519  0.00000420643469789499
 4259.259259  3641.975309  0.00000461420154875741
 4259.259259  3765.432099  0.00000355170813145194
 4259.259259  3888.888889  0.00000354720174313941
 4259.259259  4012.345679  0.00000208355192609254
 4259.259259  4135.802469  0.00000178460691621755
 4259.259259  4259.259259  0.00000244335933504259
 4259.259259  4382.716049  0.00000388825090327159
 4259.259259  4506.172840  0.00000498545524903338
 4259.259259  4629.629630  0.00000475791031687909
 4259.259259  4753.086420  0.00000630035508494559
 4259.259259  4876.543210  -0.00000018847669418362

 4382.716049 -5000.000000  -0.00000862695681539006
 4382.716049 -4876.543210  -0.00000575377973646926
 4382.716049 -4753.086420  0.00000072536027009508
 4382.716049 -4629.629630  -0.00000026411536941799
 4382.716049 -4506.172840  -0.00000000269311828710
 4382.716049 -4382.716049  -0.00000139280492696486
 4382.716049 -4259.259259  -0.00000293911445236700
 4382.716049 -4135.802469  -0.00000340317100966776
 4382.716049 -4012.345679  -0.00000295022079464258
 4382.716049 -3888.888889  -0.00000181794268381206
 4382.716049 -3765.432099  -0.00000182200860565780
 4382.716049 -3641.975309  -0.00000062303052929132
 4382.716049 -3518.518519  -0.00000105802064065017
 4382.716049 -3395.061728  -0.00000122692682095303
 4382.716049 -3271.604938  -0.00000179715757824493
 4382.716049 -3148.148148  -0.00000243496239157974
 4382.716049 -3024.691358  -0.00000304131037332774
 4382.716049 -2901.234568  -0.00000285791509955624
 4382.716049 -2777.777778  -0.00000157178600206862
 4382.716049 -2654.320988  -0.00000004846201783839
 4382.716049 -2530.864198  -0.00000166303038379699
 4382.716049 -2407.407407  -0.00000309068492651916
 4382.716049 -2283.950617  -0.00000176355833802462
 4382.716049 -2160.493827  -0.00000113741744342619
 4382.716049 -2037.037037  -0.00000125902819278551
 4382.716049 -1913.580247  -0.00000181782478640442
 4382.716049 -1790.123457  -0.00000224195616809202
 4382.716049 -1666.666667  -0.00000226003158279833
 4382.716049 -1543.209877  -0.00000196524337787679
 4382.716049 -1419.753086  -0.00000167967716592636
 4382.716049 -1296.296296  -0.00000216735660124314
 4382.716049 -1172.839506  -0.00000138315347320732
 4382.716049 -1049.382716  -0.00000184105644471440
 4382.716049  -925.925926  -0.00000166682706355232
 4382.716049  -802.469136  -0.00000188820515450580
 4382.716049  -679.012346  -0.00000203996662081010
 4382.716049  -555.555556  -0.00000217131560070649
 4382.716049  -432.098765  -0.00000200859756992830
 4382.716049  -308.641975  -0.00000171101965719889
 4382.716049  -185.185185  -0.00000163348681621856
 4382.716049   -61.728395  -0.00000202300595016936
 4382.716049    61.728395  -0.00000202300595018200
 4382.716049   185.185185  -0.00000163348681623548
 4382.716049   308.641975  -0.00000171101965721514
 4382.716049   432.098765  -0.00000200859756994734
 4382.716049   555.555556  -0.00000217131560073410
 4382.716049   679.012346  -0.00000203996662084889
 4382.716049   802.469136  -0.00000188820515455469
 4382.716049   925.925926  -0.00000166682706360519
 4382.716049  1049.382716  -0.00000184105644476686
 4382.716049  1172.839506  -0.00000138315347325954
 4382.716049  1296.296296  -0.00000216735660132507
 4382.716049  1419.753086  -0.00000167967716601155
 4382.716049  1543.209877  -0.00000196524337795833
 4382.716049  1666.666667  -0.00000226003158288185
 4382.716049  1790.123457  -0.00000224195616818502
 4382.716049  1913.580247  -0.00000181782478650913
 4382.716049  2037.037037  -0.00000125902819289981
 4382.716049  2160.493827  -0.00000113741744354468
 4382.716049  2283.950617  -0.00000176355833814353
 4382.716049  2407.407407  -0.00000309068492664205
 4382.716049  2530.864198  -0.00000166303038393881
 4382.716049  2654.320988  -0.00000004846201799121
 4382.716049  2777.777778  -0.00000157178600222318
 4382.716049  2901.234568  -0.00000285791509971264
 4382.716049  3024.691358  -0.00000304131037348858
 4382.716049  3148.148148  -0.00000243496239174717
 4382.716049  3271.604938  -0.00000179715757841955
 4382.716049  3395.061728  -0.00000122692682113542
 4382.716049  3518.518519  -0.00000105802064084058
 4382.716049  3641.975309  -0.00000062303052948899
 4382.716049  3765.432099  -0.00000182200860586473
 4382.716049  3888.888889  -0.00000181794268402729
 4382.716049  4012.345679  -0.00000295022079485213
 4382.716049  4135.802469  -0.00000340317100987759
 4382.716049  4259.259259  -0.00000293911445258541
 4382.716049  4382.716049  -0.00000139280492719272
 4382.716049  4506.172840  -0.00000000269311852633
 4382.716049  4629.629630  -0.00000026411536967550
 4382.716049  4753.086420  0.00000072536026983883
 4382.716049  4876.543210  -0.00000575377973670698

 4506.172840 -5000.000000  -0.00000609582031782187
 4506.172840 -4876.543210  -0.00001174708385529784
 4506.172840 -4753.086420  -0.00000410613532554539
 4506.172840 -4629.629630  -0.00000265980640994183
 4506.172840 -4506.172840  -0.00000338795974648412
 4506.172840 -4382.716049  -0.00000623531825374815
 4506.172840 -4259.259259  -0.00000803295269585476
 4506.172840 -4135.802469  -0.00000761547465356824
 4506.172840 -4012.345679  -0.00000648054857783760
 4506.172840 -3888.888889  -0.00000634899670094153
 4506.172840 -3765.432099  -0.00000559256287470859
 4506.172840 -3641.975309  -0.00000469007382611818
 4506.172840 -3518.518519  -0.00000504724071643424
 4506.172840 -3395.061728  -0.00000510355547756787
 4506.172840 -3271.604938  -0.00000601795968150349
 4506.172840 -3148.148148  -0.00000691055433858619
 4506.172840 -3024.691358  -0.00000744643685314925
 4506.172840 -2901.234568  -0.00000691901809112927
 4506.172840 -2777.777778  -0.00000557852647561250
 4506.172840 -2654.320988  -0.00000425396485454293
 4506.172840 -2530.864198  -0.00000499722987130080
 4506.172840 -2407.407407  -0.00000611559400548689
 4506.172840 -2283.950617  -0.00000415245872248430
 4506.172840 -2160.493827  -0.00000395518706357099
 4506.172840 -2037.037037  -0.00000398438185239146
 4506.172840 -1913.580247  -0.00000455890599540262
 4506.172840 -1790.123457  -0.00000487777670091157
 4506.172840 -1666.666667  -0.00000500126239745875
 4506.172840 -1543.209877  -0.00000480284440347775
 4506.172840 -1419.753086  -0.00000435479891258988
 4506.172840 -1296.296296  -0.00000482068165373642
 4506.172840 -1172.839506  -0.00000405848368906660
 4506.172840 -1049.382716  -0.00000452814695525659
 4506.172840  -925.925926  -0.00000435890305781005
 4506.172840  -802.469136  -0.00000460234239482079
 4506.172840  -679.012346  -0.00000476358450180853
 4506.172840  -555.555556  -0.00000490196089278549
 4506.172840  -432.098765  -0.00000472556980924242
 4506.172840  -308.641975  -0.00000440893979401824
 4506.172840  -185.185185  -0.00000431370276936107
 4506.172840   -61.728395  -0.00000474184771341187
 4506.172840    61.728395  -0.00000474184771342393
 4506.172840   185.185185  -0.00000431370276937834
 4506.172840   308.641975  -0.00000440893979403414
 4506.172840   432.098765  -0.00000472556980926182
 4506.172840   555.555556  -0.00000490196089281424
 4506.172840   679.012346  -0.00000476358450184920
 4506.172840   802.469136  -0.00000460234239487115
 4506.172840   925.925926  -0.00000435890305786333
 4506.172840  1049.382716  -0.00000452814695530927
 4506.172840  1172.839506  -0.00000405848368911877
 4506.172840  1296.296296  -0.00000482068165382426
 4506.172840  1419.753086  -0.00000435479891268236
 4506.172840  1543.209877  -0.00000480284440356408
 4506.172840  1666.666667  -0.00000500126239754586
 4506.172840  1790.123457  -0.00000487777670100876
 4506.172840  1913.580247  -0.00000455890599551274
 4506.172840  2037.037037  -0.00000398438185251007
 4506.172840  2160.493827  -0.00000395518706369250
 4506.172840  2283.950617  -0.00000415245872260432
 4506.172840  2407.407407  -0.00000611559400561337
 4506.172840  2530.864198  -0.00000499722987144304
 4506.172840  2654.320988  -0.00000425396485469915
 4506.172840  2777.777778  -0.00000557852647576875
 4506.172840  2901.234568  -0.00000691901809128629
 4506.172840  3024.691358  -0.00000744643685331119
 4506.172840  3148.148148  -0.00000691055433875548
 4506.172840  3271.604938  -0.00000601795968168056
 4506.172840  3395.061728  -0.00000510355547775274
 4506.172840  3518.518519  -0.00000504724071662850
 4506.172840  3641.975309  -0.00000469007382632061
 4506.172840  3765.432099  -0.00000559256287492260
 4506.172840  3888.888889  -0.00000634899670116583
 4506.172840  4012.345679  -0.00000648054857805040
 4506.172840  4135.802469  -0.00000761547465378109
 4506.172840  4259.259259  -0.00000803295269607907
 4506.172840  4382.716049  -0.00000623531825398375
 4506.172840  4506.172840  -0.00000338795974673024
 4506.172840  4629.629630  -0.00000265980641020378
 4506.172840  4753.086420  -0.00000410613532581021
 4506.172840  4876.543210  -0.00001174708385554277

 4629.629630 -5000.000000  -0.00000686015463397949
 4629.629630 -4876.543210  -0.00002244668743852081
 4629.629630 -4753.086420  -0.00001264323695081399
 4629.629630 -4629.629630  -0.00000951780309693750
 4629.629630 -4506.172840  -0.00001079742804684142
 4629.629630 -4382.716049  -0.00001510328058101027
 4629.629630 -4259.259259  -0.00001738105005303552
 4629.629630 -4135.802469  -0.00001621066916679743
 4629.629630 -4012.345679  -0.00001454357755313831
 4629.629630 -3888.888889  -0.00001513124450925707
 4629.629630 -3765.432099  -0.00001359147969757387
 4629.629630 -3641.975309  -0.00001301262165831898
 4629.629630 -3518.518519  -0.00001327994334577986
 4629.629630 -3395.061728  -0.00001336213389232499
 4629.629630 -3271.604938  -0.00001459082769966448
 4629.629630 -3148.148148  -0.00001580106466594429
 4629.629630 -3024.691358  -0.00001635033039594850
 4629.629630 -2901.234568  -0.00001551952020027904
 4629.629630 -2777.777778  -0.00001398385272129985
 4629.629630 -2654.320988  -0.00001256656464123485
 4629.629630 -2530.864198  -0.00001284683704935556
 4629.629630 -2407.407407  -0.00001490625781673079
 4629.629630 -2283.950617  -0.00001209963416928239
 4629.629630 -2160.493827  -0.00001220168284541872
 4629.629630 -2037.037037  -0.00001213437975200747
 4629.629630 -1913.580247  -0.00001286115986596449
 4629.629630 -1790.123457  -0.00001313316931789107
 4629.629630 -1666.666667  -0.00001333483641974353
 4629.629630 -1543.209877  -0.00001317199142783626
 4629.629630 -1419.753086  -0.00001255550068637002
 4629.629630 -1296.296296  -0.00001304501315689187
 4629.629630 -1172.839506  -0.00001219458042863006
 4629.629630 -1049.382716  -0.00001274665829290960
 4629.629630  -925.925926  -0.00001254806991323964
 4629.629630  -802.469136  -0.00001284843018287785
 4629.629630  -679.012346  -0.00001304335055032669
 4629.629630  -555.555556  -0.00001320562545743913
 4629.629630  -432.098765  -0.00001298876477058683
 4629.629630  -308.641975  -0.00001260629446580395
 4629.629630  -185.185185  -0.00001249234744501019
 4629.629630   -61.728395  -0.00001299161551623011
 4629.629630    61.728395  -0.00001299161551624304
 4629.629630   185.185185  -0.00001249234744502817
 4629.629630   308.641975  -0.00001260629446581979
 4629.629630   432.098765  -0.00001298876477060724
 4629.629630   555.555556  -0.00001320562545747005
 4629.629630   679.012346  -0.00001304335055037089
 4629.629630   802.469136  -0.00001284843018293097
 4629.629630   925.925926  -0.00001254806991329454
 4629.629630  1049.382716  -0.00001274665829296379
 4629.629630  1172.839506  -0.00001219458042868500
 4629.629630  1296.296296  -0.00001304501315698718
 4629.629630  1419.753086  -0.00001255550068647015
 4629.629630  1543.209877  -0.00001317199142792962
 4629.629630  1666.666667  -0.00001333483641983701
 4629.629630  1790.123457  -0.00001313316931799435
 4629.629630  1913.580247  -0.00001286115986608239
 4629.629630  2037.037037  -0.00001213437975213404
 4629.629630  2160.493827  -0.00001220168284554748
 4629.629630  2283.950617  -0.00001209963416940704
 4629.629630  2407.407407  -0.00001490625781686334
 4629.629630  2530.864198  -0.00001284683704950563
 4629.629630  2654.320988  -0.00001256656464140252
 4629.629630  2777.777778  -0.00001398385272146547
 4629.629630  2901.234568  -0.00001551952020044418
 4629.629630  3024.691358  -0.00001635033039611907
 4629.629630  3148.148148  -0.00001580106466612373
 4629.629630  3271.604938  -0.00001459082769985328
 4629.629630  3395.061728  -0.00001336213389252256
 4629.629630  3518.518519  -0.00001327994334598766
 4629.629630  3641.975309  -0.00001301262165853483
 4629.629630  3765.432099  -0.00001359147969780258
 4629.629630  3888.888889  -0.00001513124450949919
 4629.629630  4012.345679  -0.00001454357755336495
 4629.629630  4135.802469  -0.00001621066916702455
 4629.629630  4259.259259  -0.00001738105005327623
 4629.629630  4382.716049  -0.00001510328058126334
 4629.629630  4506.172840  -0.00001079742804710366
 4629.629630  4629.629630  -0.00000951780309721432
 4629.629630  4753.086420  -0.00001264323695109734
 4629.629630  4876.543210  -0.00002244668743878539

 4753.086420 -5000.000000  -0.00001250694084609618
 4753.086420 -4876.543210  -0.00002615767597179640
 4753.086420 -4753.086420  -0.00001948951411109354
 4753.086420 -4629.629630  -0.00001991067964703957
 4753.086420 -4506.172840  -0.00001889854964958881
 4753.086420 -4382.716049  -0.00002078042961177030
 4753.086420 -4259.259259  -0.00002271988650030840
 4753.086420 -4135.802469  -0.00002289511779684026
 4753.086420 -4012.345679  -0.00002227740712547442
 4753.086420 -3888.888889  -0.00002178401324445371
 4753.086420 -3765.432099  -0.00002192565535163999
 4753.086420 -3641.975309  -0.00002020224802978422
 4753.086420 -3518.518519  -0.00002081899487610964
 4753.086420 -3395.061728  -0.00002054004449667388
 4753.086420 -3271.604938  -0.00002085082019033997
 4753.086420 -3148.148148  -0.00002163934233751170
 4753.086420 -3024.691358  -0.00002283225157406231
 4753.086420 -2901.234568  -0.00002308497525258363
 4753.086420 -2777.777778  -0.00002159354798988096
 4753.086420 -2654.320988  -0.00001899145785400239
 4753.086420 -2530.864198  -0.00001999248040146036
 4753.086420 -2407.407407  -0.00002423335615463437
 4753.086420 -2283.950617  -0.00002147260965116946
 4753.086420 -2160.493827  -0.00002022685567929386
 4753.086420 -2037.037037  -0.00002039262290713627
 4753.086420 -1913.580247  -0.00002165442152219614
 4753.086420 -1790.123457  -0.00002240345032560218
 4753.086420 -1666.666667  -0.00002233321043434311
 4753.086420 -1543.209877  -0.00002175302177926314
 4753.086420 -1419.753086  -0.00002135525224791635
 4753.086420 -1296.296296  -0.00002202838666441282
 4753.086420 -1172.839506  -0.00002076745090290984
 4753.086420 -1049.382716  -0.00002145319687414777
 4753.086420  -925.925926  -0.00002122924341262012
 4753.086420  -802.469136  -0.00002162264504748223
 4753.086420  -679.012346  -0.00002193160285305320
 4753.086420  -555.555556  -0.00002214008194471038
 4753.086420  -432.098765  -0.00002182823147286262
 4753.086420  -308.641975  -0.00002128461524003523
 4753.086420  -185.185185  -0.00002111107534545051
 4753.086420   -61.728395  -0.00002182034295988814
 4753.086420    61.728395  -0.00002182034295990338
 4753.086420   185.185185  -0.00002111107534546845
 4753.086420   308.641975  -0.00002128461524004976
 4753.086420   432.098765  -0.00002182823147288075
 4753.086420   555.555556  -0.00002214008194473912
 4753.086420   679.012346  -0.00002193160285309579
 4753.086420   802.469136  -0.00002162264504753311
 4753.086420   925.925926  -0.00002122924341267087
 4753.086420  1049.382716  -0.00002145319687419607
 4753.086420  1172.839506  -0.00002076745090296123
 4753.086420  1296.296296  -0.00002202838666450562
 4753.086420  1419.753086  -0.00002135525224801314
 4753.086420  1543.209877  -0.00002175302177935329
 4753.086420  1666.666667  -0.00002233321043443365
 4753.086420  1790.123457  -0.00002240345032570188
 4753.086420  1913.580247  -0.00002165442152231056
 4753.086420  2037.037037  -0.00002039262290725963
 4753.086420  2160.493827  -0.00002022685567941969
 4753.086420  2283.950617  -0.00002147260965129217
 4753.086420  2407.407407  -0.00002423335615476140
 4753.086420  2530.864198  -0.00001999248040160889
 4753.086420  2654.320988  -0.00001899145785416922
 4753.086420  2777.777778  -0.00002159354799004878
 4753.086420  2901.234568  -0.00002308497525274949
 4753.086420  3024.691358  -0.00002283225157422899
 4753.086420  3148.148148  -0.00002163934233768557
 4753.086420  3271.604938  -0.00002085082019052461
 4753.086420  3395.061728  -0.00002054004449686927
 4753.086420  3518.518519  -0.00002081899487631391
 4753.086420  3641.975309  -0.00002020224802999220
 4753.086420  3765.432099  -0.00002192565535186552
 4753.086420  3888.888889  -0.00002178401324469322
 4753.086420  4012.345679  -0.00002227740712570197
 4753.086420  4135.802469  -0.00002289511779706648
 4753.086420  4259.259259  -0.00002271988650054416
 4753.086420  4382.716049  -0.00002078042961201704
 4753.086420  4506.172840  -0.00001889854964984745
 4753.086420  4629.629630  -0.00001991067964731507
 4753.086420  4753.086420  -0.00001948951411137109
 4753.086420  4876.543210  -0.00002615767597205105

 4876.543210 -5000.000000  -0.00002649761577586991
 4876.543210 -4876.543210  -0.00004593365624624753
 4876.543210 -4753.086420  -0.00003595334930179943
 4876.543210 -4629.629630  -0.00004001412247405037
 4876.543210 -4506.172840  -0.00003692571601844879
 4876.543210 -4382.716049  -0.00003836924199588520
 4876.543210 -4259.259259  -0.00004103869686370185
 4876.543210 -4135.802469  -0.00004183701457585948
 4876.543210 -4012.345679  -0.00004204192314765599
 4876.543210 -3888.888889  -0.00004033219702394478
 4876.543210 -3765.432099  -0.00004030456818447554
 4876.543210 -3641.975309  -0.00003868675191309134
 4876.543210 -3518.518519  -0.00003907090820843139
 4876.543210 -3395.061728  -0.00003948095195090208
 4876.543210 -3271.604938  -0.00003954449789666734
 4876.543210 -3148.148148  -0.00004042281669322703
 4876.543210 -3024.691358  -0.00004176800538868895
 4876.543210 -2901.234568  -0.00004225497236440053
 4876.543210 -2777.777778  -0.00004048838857207752
 4876.543210 -2654.320988  -0.00003700418615617922
 4876.543210 -2530.864198  -0.00003914079319837566
 4876.543210 -2407.407407  -0.00004667321532122987
 4876.543210 -2283.950617  -0.00004338435062080996
 4876.543210 -2160.493827  -0.00004180818610223751
 4876.543210 -2037.037037  -0.00004194775505801959
 4876.543210 -1913.580247  -0.00004356176625896252
 4876.543210 -1790.123457  -0.00004446128675258645
 4876.543210 -1666.666667  -0.00004431988155569248
 4876.543210 -1543.209877  -0.00004357474056047435
 4876.543210 -1419.753086  -0.00004314415063687121
 4876.543210 -1296.296296  -0.00004398099999817714
 4876.543210 -1172.839506  -0.00004243310341538019
 4876.543210 -1049.382716  -0.00004323922749127325
 4876.543210  -925.925926  -0.00004297860717372399
 4876.543210  -802.469136  -0.00004343999763422884
 4876.543210  -679.012346  -0.00004380438250787035
 4876.543210  -555.555556  -0.00004405013790797271
 4876.543210  -432.098765  -0.00004367981368353250
 4876.543210  -308.641975  -0.00004302669157744701
 4876.543210  -185.185185  -0.00004280783671293276
 4876.543210   -61.728395  -0.00004366749999479853
 4876.543210    61.728395  -0.00004366749999481713
 4876.543210   185.185185  -0.00004280783671295101
 4876.543210   308.641975  -0.00004302669157746126
 4876.543210   432.098765  -0.00004367981368354930
 4876.543210   555.555556  -0.00004405013790799939
 4876.543210   679.012346  -0.00004380438250791228
 4876.543210   802.469136  -0.00004343999763427787
 4876.543210   925.925926  -0.00004297860717377319
 4876.543210  1049.382716  -0.00004323922749131976
 4876.543210  1172.839506  -0.00004243310341543090
 4876.543210  1296.296296  -0.00004398099999826226
 4876.543210  1419.753086  -0.00004314415063695802
 4876.543210  1543.209877  -0.00004357474056055780
 4876.543210  1666.666667  -0.00004431988155577760
 4876.543210  1790.123457  -0.00004446128675267868
 4876.543210  1913.580247  -0.00004356176625907031
 4876.543210  2037.037037  -0.00004194775505813862
 4876.543210  2160.493827  -0.00004180818610235980
 4876.543210  2283.950617  -0.00004338435062092851
 4876.543210  2407.407407  -0.00004667321532134815
 4876.543210  2530.864198  -0.00003914079319852529
 4876.543210  2654.320988  -0.00003700418615633770
 4876.543210  2777.777778  -0.00004048838857223633
 4876.543210  2901.234568  -0.00004225497236455932
 4876.543210  3024.691358  -0.00004176800538884933
 4876.543210  3148.148148  -0.00004042281669339617
 4876.543210  3271.604938  -0.00003954449789684719
 4876.543210  3395.061728  -0.00003948095195109005
 4876.543210  3518.518519  -0.00003907090820862375
 4876.543210  3641.975309  -0.00003868675191328337
 4876.543210  3765.432099  -0.00004030456818468334
 4876.543210  3888.888889  -0.00004033219702416600
 4876.543210  4012.345679  -0.00004204192314787595
 4876.543210  4135.802469  -0.00004183701457608018
 4876.543210  4259.259259  -0.00004103869686392707
 4876.543210  4382.716049  -0.00003836924199611557
 4876.543210  4506.172840  -0.00003692571601868899
 4876.543210  4629.629630  -0.00004001412247430889
 4876.543210  4753.086420  -0.00003595334930205366
 4876.543210  4876.543210  -0.00004593365624649233

