-5000.000000 -5000.000000  -0.00000250479354306094
-5000.000000 -4876.543210  -0.00000980148030229027
-5000.000000 -4753.086420  -0.00001129478092108758
-5000.000000 -4629.629630  -0.00001240445366026517
-5000.000000 -4506.172840  -0.00001138800501396605
-5000.000000 -4382.716049  -0.00001070499145638876
-5000.000000 -4259.259259  -0.00001052230368779556
-5000.000000 -4135.802469  -0.00001067341543394627
-5000.000000 -4012.345679  -0.00001095638590832990
-5000.000000 -3888.888889  -0.00001094539851137987
-5000.000000 -3765.432099  -0.00001126330450431328
-5000.000000 -3641.975309  -0.00001127827260238190
-5000.000000 -3518.518519  -0.00001107861915512612
-5000.000000 -3395.061728  -0.00001090224039542392
-5000.000000 -3271.604938  -0.00001081743102143288
-5000.000000 -3148.148148  -0.00001068981671269993
-5000.000000 -3024.691358  -0.00001056873536933593
-5000.000000 -2901.234568  -0.00001059556790091266
-5000.000000 -2777.777778  -0.00001111681204446926
-5000.000000 -2654.320988  -0.00001143956199288664
-5000.000000 -2530.864198  -0.00000993292414184865
-5000.000000 -2407.407407  -0.00001090855657071945
-5000.000000 -2283.950617  -0.00001030911107683919
-5000.000000 -2160.493827  -0.00001084434602729293
-5000.000000 -2037.037037  -0.00001065066168426558
-5000.000000 -1913.580247  -0.00001071599703128789
-5000.000000 -1790.123457  -0.00001057091782522978
-5000.000000 -1666.666667  -0.00001067126324870279
-5000.000000 -1543.209877  -0.00001077365982510164
-5000.000000 -1419.753086  -0.00001061111308694334
-5000.000000 -1296.296296  -0.00001068989844488893
-5000.000000 -1172.839506  -0.00001064506429940769
-5000.000000 -1049.382716  -0.00001071657728115450
-5000.000000  -925.925926  -0.00001068359209096854
-5000.000000  -802.469136  -0.00001070592168014867
-5000.000000  -679.012346  -0.00001070296038300000
-5000.000000  -555.555556  -0.00001072139646464452
-5000.000000  -432.098765  -0.00001071900242773623
-5000.000000  -308.641975  -0.00001070893129152404
-5000.000000  -185.185185  -0.00001071141027751664
-5000.000000   -61.728395  -0.00001072192390365233
-5000.000000    61.728395  -0.00001072192390365110
-5000.000000   185.185185  -0.00001071141027751655
-5000.000000   308.641975  -0.00001070893129152449
-5000.000000   432.098765  -0.00001071900242773701
-5000.000000   555.555556  -0.00001072139646464540
-5000.000000   679.012346  -0.00001070296038300307
-5000.000000   802.469136  -0.00001070592168015159
-5000.000000   925.925926  -0.00001068359209097186
-5000.000000  1049.382716  -0.00001071657728115876
-5000.000000  1172.839506  -0.00001064506429941137
-5000.000000  1296.296296  -0.00001068989844489412
-5000.000000  1419.753086  -0.00001061111308694822
-5000.000000  1543.209877  -0.00001077365982510683
-5000.000000  1666.666667  -0.00001067126324870835
-5000.000000  1790.123457  -0.00001057091782523592
-5000.000000  1913.580247  -0.00001071599703129470
-5000.000000  2037.037037  -0.00001065066168427175
-5000.000000  2160.493827  -0.00001084434602729972
-5000.000000  2283.950617  -0.00001030911107684673
-5000.000000  2407.407407  -0.00001090855657072824
-5000.000000  2530.864198  -0.00000993292414185269
-5000.000000  2654.320988  -0.00001143956199289252
-5000.000000  2777.777778  -0.00001111681204447603
-5000.000000  2901.234568  -0.00001059556790091973
-5000.000000  3024.691358  -0.00001056873536934227
-5000.000000  3148.148148  -0.00001068981671270690
-5000.000000  3271.604938  -0.00001081743102143993
-5000.000000  3395.061728  -0.00001090224039543196
-5000.000000  3518.518519  -0.00001107861915513495
-5000.000000  3641.975309  -0.00001127827260239043
-5000.000000  3765.432099  -0.00001126330450432360
-5000.000000  3888.888889  -0.00001094539851139016
-5000.000000  4012.345679  -0.00001095638590834029
-5000.000000  4135.802469  -0.00001067341543395732
-5000.000000  4259.259259  -0.00001052230368780629
-5000.000000  4382.716049  -0.00001070499145639887
-5000.000000  4506.172840  -0.00001138800501397595
-5000.000000  4629.629630  -0.00001240445366027619
-5000.000000  4753.086420  -0.00001129478092109853
-5000.000000  4876.543210  -0.00000980148030230151

-4876.543210 -5000.000000  -0.00000866419995475349
-4876.543210 -4876.543210  -0.00004496335675713335
-4876.543210 -4753.086420  -0.00005222942119971030
-4876.543210 -4629.629630  -0.00005576575568562748
-4876.543210 -4506.172840  -0.00005089878559077831
-4876.543210 -4382.716049  -0.00004764529956249093
-4876.543210 -4259.259259  -0.00004653254811326468
-4876.543210 -4135.802469  -0.00004690197074768536
-4876.543210 -4012.345679  -0.00004828164350987158
-4876.543210 -3888.888889  -0.00004866978477507614
-4876.543210 -3765.432099  -0.00005038644941723050
-4876.543210 -3641.975309  -0.00005002042094271004
-4876.543210 -3518.518519  -0.00004971299087141025
-4876.543210 -3395.061728  -0.00004869198675684518
-4876.543210 -3271.604938  -0.00004703513801410536
-4876.543210 -3148.148148  -0.00004634322714923697
-4876.543210 -3024.691358  -0.00004702077853513829
-4876.543210 -2901.234568  -0.00004859260278181484
-4876.543210 -2777.777778  -0.00004989523947329481
-4876.543210 -2654.320988  -0.00004869932787202457
-4876.543210 -2530.864198  -0.00004513324376677509
-4876.543210 -2407.407407  -0.00005177511247930720
-4876.543210 -2283.950617  -0.00004949376013960262
-4876.543210 -2160.493827  -0.00004884347722086800
-4876.543210 -2037.037037  -0.00004866243130831189
-4876.543210 -1913.580247  -0.00004982963514444520
-4876.543210 -1790.123457  -0.00005015979719563744
-4876.543210 -1666.666667  -0.00004998744721322430
-4876.543210 -1543.209877  -0.00004958585059230234
-4876.543210 -1419.753086  -0.00004944179600770154
-4876.543210 -1296.296296  -0.00004975435411957838
-4876.543210 -1172.839506  -0.00004904373322227666
-4876.543210 -1049.382716  -0.00004938375799300572
-4876.543210  -925.925926  -0.00004930135913808627
-4876.543210  -802.469136  -0.00004953851825796063
-4876.543210  -679.012346  -0.00004974120558768158
-4876.543210  -555.555556  -0.00004985529940231805
-4876.543210  -432.098765  -0.00004966721642690001
-4876.543210  -308.641975  -0.00004933494461707306
-4876.543210  -185.185185  -0.00004921387138674805
-4876.543210   -61.728395  -0.00004966748253023756
-4876.543210    61.728395  -0.00004966748253023802
-4876.543210   185.185185  -0.00004921387138674923
-4876.543210   308.641975  -0.00004933494461707449
-4876.543210   432.098765  -0.00004966721642690297
-4876.543210   555.555556  -0.00004985529940232034
-4876.543210   679.012346  -0.00004974120558769104
-4876.543210   802.469136  -0.00004953851825796925
-4876.543210   925.925926  -0.00004930135913809501
-4876.543210  1049.382716  -0.00004938375799301647
-4876.543210  1172.839506  -0.00004904373322228557
-4876.543210  1296.296296  -0.00004975435411959321
-4876.543210  1419.753086  -0.00004944179600771606
-4876.543210  1543.209877  -0.00004958585059231688
-4876.543210  1666.666667  -0.00004998744721324156
-4876.543210  1790.123457  -0.00005015979719565400
-4876.543210  1913.580247  -0.00004982963514446552
-4876.543210  2037.037037  -0.00004866243130833033
-4876.543210  2160.493827  -0.00004884347722088670
-4876.543210  2283.950617  -0.00004949376013962441
-4876.543210  2407.407407  -0.00005177511247933220
-4876.543210  2530.864198  -0.00004513324376678784
-4876.543210  2654.320988  -0.00004869932787204343
-4876.543210  2777.777778  -0.00004989523947332030
-4876.543210  2901.234568  -0.00004859260278184371
-4876.543210  3024.691358  -0.00004702077853516328
-4876.543210  3148.148148  -0.00004634322714926348
-4876.543210  3271.604938  -0.00004703513801413157
-4876.543210  3395.061728  -0.00004869198675687274
-4876.543210  3518.518519  -0.00004971299087144188
-4876.543210  3641.975309  -0.00005002042094274220
-4876.543210  3765.432099  -0.00005038644941726754
-4876.543210  3888.888889  -0.00004866978477511552
-4876.543210  4012.345679  -0.00004828164350991277
-4876.543210  4135.802469  -0.00004690197074772807
-4876.543210  4259.259259  -0.00004653254811330629
-4876.543210  4382.716049  -0.00004764529956253100
-4876.543210  4506.172840  -0.00005089878559081834
-4876.543210  4629.629630  -0.00005576575568567128
-4876.543210  4753.086420  -0.00005222942119975386
-4876.543210  4876.543210  -0.00004496335675718386

-4753.086420 -5000.000000  -0.00000841678056103777
-4753.086420 -4876.543210  -0.00004461840251200747
-4753.086420 -4753.086420  -0.00004977252412702964
-4753.086420 -4629.629630  -0.00005227633874930567
-4753.086420 -4506.172840  -0.00004808321318260062
-4753.086420 -4382.716049  -0.00004573808957877731
-4753.086420 -4259.259259  -0.00004483069368763011
-4753.086420 -4135.802469  -0.00004469065815679427
-4753.086420 -4012.345679  -0.00004567333136137921
-4753.086420 -3888.888889  -0.00004620873312314487
-4753.086420 -3765.432099  -0.00004716344173360614
-4753.086420 -3641.975309  -0.00004702635676740172
-4753.086420 -3518.518519  -0.00004658686824513963
-4753.086420 -3395.061728  -0.00004584083700683255
-4753.086420 -3271.604938  -0.00004450822277292706
-4753.086420 -3148.148148  -0.00004397297828766615
-4753.086420 -3024.691358  -0.00004440396953948774
-4753.086420 -2901.234568  -0.00004557640573944046
-4753.086420 -2777.777778  -0.00004667748855218727
-4753.086420 -2654.320988  -0.00004575327885717806
-4753.086420 -2530.864198  -0.00004238174892906292
-4753.086420 -2407.407407  -0.00004691972298243733
-4753.086420 -2283.950617  -0.00004490970953663226
-4753.086420 -2160.493827  -0.00004454546839590593
-4753.086420 -2037.037037  -0.00004435445826991717
-4753.086420 -1913.580247  -0.00004522484995459055
-4753.086420 -1790.123457  -0.00004541727992679435
-4753.086420 -1666.666667  -0.00004530409251335629
-4753.086420 -1543.209877  -0.00004501563308600177
-4753.086420 -1419.753086  -0.00004482765836421863
-4753.086420 -1296.296296  -0.00004503589951991285
-4753.086420 -1172.839506  -0.00004448806449018566
-4753.086420 -1049.382716  -0.00004472883339465002
-4753.086420  -925.925926  -0.00004465994409579422
-4753.086420  -802.469136  -0.00004483628065251576
-4753.086420  -679.012346  -0.00004497922135874572
-4753.086420  -555.555556  -0.00004505719857005372
-4753.086420  -432.098765  -0.00004490348534195367
-4753.086420  -308.641975  -0.00004463588500880044
-4753.086420  -185.185185  -0.00004453014654433753
-4753.086420   -61.728395  -0.00004489335691810573
-4753.086420    61.728395  -0.00004489335691810533
-4753.086420   185.185185  -0.00004453014654433774
-4753.086420   308.641975  -0.00004463588500880036
-4753.086420   432.098765  -0.00004490348534195472
-4753.086420   555.555556  -0.00004505719857005334
-4753.086420   679.012346  -0.00004497922135875274
-4753.086420   802.469136  -0.00004483628065252196
-4753.086420   925.925926  -0.00004465994409580024
-4753.086420  1049.382716  -0.00004472883339465712
-4753.086420  1172.839506  -0.00004448806449019092
-4753.086420  1296.296296  -0.00004503589951992365
-4753.086420  1419.753086  -0.00004482765836422834
-4753.086420  1543.209877  -0.00004501563308601207
-4753.086420  1666.666667  -0.00004530409251336901
-4753.086420  1790.123457  -0.00004541727992680671
-4753.086420  1913.580247  -0.00004522484995460678
-4753.086420  2037.037037  -0.00004435445826993217
-4753.086420  2160.493827  -0.00004454546839592089
-4753.086420  2283.950617  -0.00004490970953665012
-4753.086420  2407.407407  -0.00004691972298245804
-4753.086420  2530.864198  -0.00004238174892907472
-4753.086420  2654.320988  -0.00004575327885719395
-4753.086420  2777.777778  -0.00004667748855220915
-4753.086420  2901.234568  -0.00004557640573946621
-4753.086420  3024.691358  -0.00004440396953951053
-4753.086420  3148.148148  -0.00004397297828769111
-4753.086420  3271.604938  -0.00004450822277295203
-4753.086420  3395.061728  -0.00004584083700685873
-4753.086420  3518.518519  -0.00004658686824516910
-4753.086420  3641.975309  -0.00004702635676743073
-4753.086420  3765.432099  -0.00004716344173364009
-4753.086420  3888.888889  -0.00004620873312318260
-4753.086420  4012.345679  -0.00004567333136141862
-4753.086420  4135.802469  -0.00004469065815683580
-4753.086420  4259.259259  -0.00004483069368767075
-4753.086420  4382.716049  -0.00004573808957881674
-4753.086420  4506.172840  -0.00004808321318263963
-4753.086420  4629.629630  -0.00005227633874934779
-4753.086420  4753.086420  -0.00004977252412707210
-4753.086420  4876.543210  -0.00004461840251205990

-4629.629630 -5000.000000  -0.00000755914583492153
-4629.629630 -4876.543210  -0.00004160136974594823
-4629.629630 -4753.086420  -0.00004623036089442668
-4629.629630 -4629.629630  -0.00004831397238902127
-4629.629630 -4506.172840  -0.00004463297642882439
-4629.629630 -4382.716049  -0.00004262688162752261
-4629.629630 -4259.259259  -0.00004174760557561682
-4629.629630 -4135.802469  -0.00004143428737329183
-4629.629630 -4012.345679  -0.00004226048623492172
-4629.629630 -3888.888889  -0.00004286909740455771
-4629.629630 -3765.432099  -0.00004352675046611869
-4629.629630 -3641.975309  -0.00004392287942108275
-4629.629630 -3518.518519  -0.00004328030144208006
-4629.629630 -3395.061728  -0.00004267180003435159
-4629.629630 -3271.604938  -0.00004166209129387142
-4629.629630 -3148.148148  -0.00004119706395439408
-4629.629630 -3024.691358  -0.00004127951002175707
-4629.629630 -2901.234568  -0.00004204560072138538
-4629.629630 -2777.777778  -0.00004335462773646650
-4629.629630 -2654.320988  -0.00004313412453930930
-4629.629630 -2530.864198  -0.00003911088035531687
-4629.629630 -2407.407407  -0.00004242545846977022
-4629.629630 -2283.950617  -0.00004052215971636963
-4629.629630 -2160.493827  -0.00004089905629477680
-4629.629630 -2037.037037  -0.00004057322815760817
-4629.629630 -1913.580247  -0.00004113998001514978
-4629.629630 -1790.123457  -0.00004107494463438798
-4629.629630 -1666.666667  -0.00004111120229795322
-4629.629630 -1543.209877  -0.00004105674382031922
-4629.629630 -1419.753086  -0.00004076306068152482
-4629.629630 -1296.296296  -0.00004091846516975131
-4629.629630 -1172.839506  -0.00004058163160368839
-4629.629630 -1049.382716  -0.00004077408589944179
-4629.629630  -925.925926  -0.00004070845693524869
-4629.629630  -802.469136  -0.00004083289838018869
-4629.629630  -679.012346  -0.00004091341423528270
-4629.629630  -555.555556  -0.00004097264651500330
-4629.629630  -432.098765  -0.00004087786198042229
-4629.629630  -308.641975  -0.00004070905837241591
-4629.629630  -185.185185  -0.00004064593414474765
-4629.629630   -61.728395  -0.00004087270210792672
-4629.629630    61.728395  -0.00004087270210792646
-4629.629630   185.185185  -0.00004064593414474830
-4629.629630   308.641975  -0.00004070905837241603
-4629.629630   432.098765  -0.00004087786198042405
-4629.629630   555.555556  -0.00004097264651500446
-4629.629630   679.012346  -0.00004091341423528986
-4629.629630   802.469136  -0.00004083289838019518
-4629.629630   925.925926  -0.00004070845693525598
-4629.629630  1049.382716  -0.00004077408589945021
-4629.629630  1172.839506  -0.00004058163160369499
-4629.629630  1296.296296  -0.00004091846516976256
-4629.629630  1419.753086  -0.00004076306068153604
-4629.629630  1543.209877  -0.00004105674382033147
-4629.629630  1666.666667  -0.00004111120229796817
-4629.629630  1790.123457  -0.00004107494463440239
-4629.629630  1913.580247  -0.00004113998001516760
-4629.629630  2037.037037  -0.00004057322815762473
-4629.629630  2160.493827  -0.00004089905629479423
-4629.629630  2283.950617  -0.00004052215971638990
-4629.629630  2407.407407  -0.00004242545846979349
-4629.629630  2530.864198  -0.00003911088035533132
-4629.629630  2654.320988  -0.00004313412453932899
-4629.629630  2777.777778  -0.00004335462773649139
-4629.629630  2901.234568  -0.00004204560072141317
-4629.629630  3024.691358  -0.00004127951002178248
-4629.629630  3148.148148  -0.00004119706395442231
-4629.629630  3271.604938  -0.00004166209129389969
-4629.629630  3395.061728  -0.00004267180003438133
-4629.629630  3518.518519  -0.00004328030144211292
-4629.629630  3641.975309  -0.00004392287942111559
-4629.629630  3765.432099  -0.00004352675046615607
-4629.629630  3888.888889  -0.00004286909740459907
-4629.629630  4012.345679  -0.00004226048623496517
-4629.629630  4135.802469  -0.00004143428737333708
-4629.629630  4259.259259  -0.00004174760557566154
-4629.629630  4382.716049  -0.00004262688162756556
-4629.629630  4506.172840  -0.00004463297642886784
-4629.629630  4629.629630  -0.00004831397238906869
-4629.629630  4753.086420  -0.00004623036089447407
-4629.629630  4876.543210  -0.00004160136974600567

-4506.172840 -5000.000000  -0.00000453066543567160
-4506.172840 -4876.543210  -0.00002953477756761070
-4506.172840 -4753.086420  -0.00003424431884885033
-4506.172840 -4629.629630  -0.00003555278177916243
-4506.172840 -4506.172840  -0.00003286720458771105
-4506.172840 -4382.716049  -0.00003104674899073060
-4506.172840 -4259.259259  -0.00003011029427256265
-4506.172840 -4135.802469  -0.00002983571281086492
-4506.172840 -4012.345679  -0.00003052191465581490
-4506.172840 -3888.888889  -0.00003115335984987123
-4506.172840 -3765.432099  -0.00003169473319660094
-4506.172840 -3641.975309  -0.00003197429127926169
-4506.172840 -3518.518519  -0.00003149327957799432
-4506.172840 -3395.061728  -0.00003095422041884019
-4506.172840 -3271.604938  -0.00003004854231295582
-4506.172840 -3148.148148  -0.00002960151670338535
-4506.172840 -3024.691358  -0.00002968334725383299
-4506.172840 -2901.234568  -0.00003039694475466186
-4506.172840 -2777.777778  -0.00003149990541796555
-4506.172840 -2654.320988  -0.00003134774829334809
-4506.172840 -2530.864198  -0.00002815591438325078
-4506.172840 -2407.407407  -0.00003031650362181923
-4506.172840 -2283.950617  -0.00002904204374472765
-4506.172840 -2160.493827  -0.00002922145943855596
-4506.172840 -2037.037037  -0.00002901982700238496
-4506.172840 -1913.580247  -0.00002944237045521337
-4506.172840 -1790.123457  -0.00002942619850862495
-4506.172840 -1666.666667  -0.00002943610017910373
-4506.172840 -1543.209877  -0.00002938758944707214
-4506.172840 -1419.753086  -0.00002922747174566225
-4506.172840 -1296.296296  -0.00002932639078685279
-4506.172840 -1172.839506  -0.00002911459249381529
-4506.172840 -1049.382716  -0.00002925131137172940
-4506.172840  -925.925926  -0.00002922632078519721
-4506.172840  -802.469136  -0.00002932610476952777
-4506.172840  -679.012346  -0.00002939996060008640
-4506.172840  -555.555556  -0.00002944994987140169
-4506.172840  -432.098765  -0.00002939063714368201
-4506.172840  -308.641975  -0.00002927776531211674
-4506.172840  -185.185185  -0.00002923732748613533
-4506.172840   -61.728395  -0.00002939775703490253
-4506.172840    61.728395  -0.00002939775703490261
-4506.172840   185.185185  -0.00002923732748613681
-4506.172840   308.641975  -0.00002927776531211825
-4506.172840   432.098765  -0.00002939063714368459
-4506.172840   555.555556  -0.00002944994987140398
-4506.172840   679.012346  -0.00002939996060009360
-4506.172840   802.469136  -0.00002932610476953426
-4506.172840   925.925926  -0.00002922632078520420
-4506.172840  1049.382716  -0.00002925131137173761
-4506.172840  1172.839506  -0.00002911459249382244
-4506.172840  1296.296296  -0.00002932639078686306
-4506.172840  1419.753086  -0.00002922747174567357
-4506.172840  1543.209877  -0.00002938758944708386
-4506.172840  1666.666667  -0.00002943610017911792
-4506.172840  1790.123457  -0.00002942619850863961
-4506.172840  1913.580247  -0.00002944237045523053
-4506.172840  2037.037037  -0.00002901982700240093
-4506.172840  2160.493827  -0.00002922145943857285
-4506.172840  2283.950617  -0.00002904204374474680
-4506.172840  2407.407407  -0.00003031650362184220
-4506.172840  2530.864198  -0.00002815591438326453
-4506.172840  2654.320988  -0.00003134774829336694
-4506.172840  2777.777778  -0.00003149990541798931
-4506.172840  2901.234568  -0.00003039694475468774
-4506.172840  3024.691358  -0.00002968334725385703
-4506.172840  3148.148148  -0.00002960151670341157
-4506.172840  3271.604938  -0.00003004854231298252
-4506.172840  3395.061728  -0.00003095422041886862
-4506.172840  3518.518519  -0.00003149327957802531
-4506.172840  3641.975309  -0.00003197429127929343
-4506.172840  3765.432099  -0.00003169473319663630
-4506.172840  3888.888889  -0.00003115335984990970
-4506.172840  4012.345679  -0.00003052191465585502
-4506.172840  4135.802469  -0.00002983571281090617
-4506.172840  4259.259259  -0.00003011029427260411
-4506.172840  4382.716049  -0.00003104674899077070
-4506.172840  4506.172840  -0.00003286720458775182
-4506.172840  4629.629630  -0.00003555278177920778
-4506.172840  4753.086420  -0.00003424431884889526
-4506.172840  4876.543210  -0.00002953477756766436

-4382.716049 -5000.000000  -0.00000191578698489120
-4382.716049 -4876.543210  -0.00001946726627136271
-4382.716049 -4753.086420  -0.00002510988417093756
-4382.716049 -4629.629630  -0.00002605912941382954
-4382.716049 -4506.172840  -0.00002399712680617523
-4382.716049 -4382.716049  -0.00002199653193665634
-4382.716049 -4259.259259  -0.00002090056111349865
-4382.716049 -4135.802469  -0.00002080265840625768
-4382.716049 -4012.345679  -0.00002150599830235837
-4382.716049 -3888.888889  -0.00002214121866678245
-4382.716049 -3765.432099  -0.00002284626195805436
-4382.716049 -3641.975309  -0.00002300935231676784
-4382.716049 -3518.518519  -0.00002269703226772391
-4382.716049 -3395.061728  -0.00002213133933364076
-4382.716049 -3271.604938  -0.00002116868243815169
-4382.716049 -3148.148148  -0.00002066757671769927
-4382.716049 -3024.691358  -0.00002082232367216412
-4382.716049 -2901.234568  -0.00002164088204162905
-4382.716049 -2777.777778  -0.00002265782225354145
-4382.716049 -2654.320988  -0.00002248956253452437
-4382.716049 -2530.864198  -0.00001998594854037434
-4382.716049 -2407.407407  -0.00002197188402740516
-4382.716049 -2283.950617  -0.00002117587013713126
-4382.716049 -2160.493827  -0.00002110147375754609
-4382.716049 -2037.037037  -0.00002100051802621551
-4382.716049 -1913.580247  -0.00002139468141589697
-4382.716049 -1790.123457  -0.00002145974890578214
-4382.716049 -1666.666667  -0.00002142596978399117
-4382.716049 -1543.209877  -0.00002134809407561039
-4382.716049 -1419.753086  -0.00002132218595645086
-4382.716049 -1296.296296  -0.00002141360526172698
-4382.716049 -1172.839506  -0.00002126677978542467
-4382.716049 -1049.382716  -0.00002137381086704447
-4382.716049  -925.925926  -0.00002139149222048385
-4382.716049  -802.469136  -0.00002148527734279759
-4382.716049  -679.012346  -0.00002157380591883143
-4382.716049  -555.555556  -0.00002162821321380641
-4382.716049  -432.098765  -0.00002159537991730096
-4382.716049  -308.641975  -0.00002151997204096531
-4382.716049  -185.185185  -0.00002149236202708322
-4382.716049   -61.728395  -0.00002162886077479568
-4382.716049    61.728395  -0.00002162886077479686
-4382.716049   185.185185  -0.00002149236202708624
-4382.716049   308.641975  -0.00002151997204096822
-4382.716049   432.098765  -0.00002159537991730502
-4382.716049   555.555556  -0.00002162821321381070
-4382.716049   679.012346  -0.00002157380591883954
-4382.716049   802.469136  -0.00002148527734280503
-4382.716049   925.925926  -0.00002139149222049167
-4382.716049  1049.382716  -0.00002137381086705310
-4382.716049  1172.839506  -0.00002126677978543404
-4382.716049  1296.296296  -0.00002141360526173915
-4382.716049  1419.753086  -0.00002132218595646417
-4382.716049  1543.209877  -0.00002134809407562430
-4382.716049  1666.666667  -0.00002142596978400760
-4382.716049  1790.123457  -0.00002145974890579941
-4382.716049  1913.580247  -0.00002139468141591607
-4382.716049  2037.037037  -0.00002100051802623384
-4382.716049  2160.493827  -0.00002110147375756520
-4382.716049  2283.950617  -0.00002117587013715251
-4382.716049  2407.407407  -0.00002197188402743016
-4382.716049  2530.864198  -0.00001998594854039013
-4382.716049  2654.320988  -0.00002248956253454581
-4382.716049  2777.777778  -0.00002265782225356769
-4382.716049  2901.234568  -0.00002164088204165707
-4382.716049  3024.691358  -0.00002082232367219028
-4382.716049  3148.148148  -0.00002066757671772667
-4382.716049  3271.604938  -0.00002116868243817932
-4382.716049  3395.061728  -0.00002213133933367075
-4382.716049  3518.518519  -0.00002269703226775683
-4382.716049  3641.975309  -0.00002300935231680218
-4382.716049  3765.432099  -0.00002284626195809127
-4382.716049  3888.888889  -0.00002214121866682161
-4382.716049  4012.345679  -0.00002150599830239902
-4382.716049  4135.802469  -0.00002080265840629931
-4382.716049  4259.259259  -0.00002090056111354000
-4382.716049  4382.716049  -0.00002199653193669692
-4382.716049  4506.172840  -0.00002399712680621628
-4382.716049  4629.629630  -0.00002605912941387595
-4382.716049  4753.086420  -0.00002510988417098378
-4382.716049  4876.543210  -0.00001946726627141621

-4259.259259 -5000.000000  0.00000010346579846837
-4259.259259 -4876.543210  -0.00001132741422662523
-4259.259259 -4753.086420  -0.00001744351589216634
-4259.259259 -4629.629630  -0.00001808334532480251
-4259.259259 -4506.172840  -0.00001660313118906056
-4259.259259 -4382.716049  -0.00001457283784595598
-4259.259259 -4259.259259  -0.00001339070424975176
-4259.259259 -4135.802469  -0.00001339173301443965
-4259.259259 -4012.345679  -0.00001406740551204131
-4259.259259 -3888.888889  -0.00001469369097506156
-4259.259259 -3765.432099  -0.00001548038833625693
-4259.259259 -3641.975309  -0.00001564448246650114
-4259.259259 -3518.518519  -0.00001542628961261078
-4259.259259 -3395.061728  -0.00001489020756751463
-4259.259259 -3271.604938  -0.00001396694493972012
-4259.259259 -3148.148148  -0.00001344075621695907
-4259.259259 -3024.691358  -0.00001356346903167585
-4259.259259 -2901.234568  -0.00001434886558616203
-4259.259259 -2777.777778  -0.00001532898557774412
-4259.259259 -2654.320988  -0.00001532180621374155
-4259.259259 -2530.864198  -0.00001335617232773523
-4259.259259 -2407.407407  -0.00001518907465253366
-4259.259259 -2283.950617  -0.00001480746551775214
-4259.259259 -2160.493827  -0.00001472486050754664
-4259.259259 -2037.037037  -0.00001465616926576275
-4259.259259 -1913.580247  -0.00001495423961738110
-4259.259259 -1790.123457  -0.00001501281203341680
-4259.259259 -1666.666667  -0.00001497870140766634
-4259.259259 -1543.209877  -0.00001493308085514253
-4259.259259 -1419.753086  -0.00001498705660164867
-4259.259259 -1296.296296  -0.00001507000286177551
-4259.259259 -1172.839506  -0.00001501737179310559
-4259.259259 -1049.382716  -0.00001508861363178314
-4259.259259  -925.925926  -0.00001513947266145481
-4259.259259  -802.469136  -0.00001521381971596504
-4259.259259  -679.012346  -0.00001529290937035029
-4259.259259  -555.555556  -0.00001534696545378927
-4259.259259  -432.098765  -0.00001535630946825092
-4259.259259  -308.641975  -0.00001534014490902945
-4259.259259  -185.185185  -0.00001533658414867122
-4259.259259   -61.728395  -0.00001541769074344398
-4259.259259    61.728395  -0.00001541769074344531
-4259.259259   185.185185  -0.00001533658414867449
-4259.259259   308.641975  -0.00001534014490903352
-4259.259259   432.098765  -0.00001535630946825631
-4259.259259   555.555556  -0.00001534696545379523
-4259.259259   679.012346  -0.00001529290937035838
-4259.259259   802.469136  -0.00001521381971597332
-4259.259259   925.925926  -0.00001513947266146351
-4259.259259  1049.382716  -0.00001508861363179282
-4259.259259  1172.839506  -0.00001501737179311641
-4259.259259  1296.296296  -0.00001507000286178932
-4259.259259  1419.753086  -0.00001498705660166378
-4259.259259  1543.209877  -0.00001493308085515875
-4259.259259  1666.666667  -0.00001497870140768512
-4259.259259  1790.123457  -0.00001501281203343707
-4259.259259  1913.580247  -0.00001495423961740310
-4259.259259  2037.037037  -0.00001465616926578357
-4259.259259  2160.493827  -0.00001472486050756832
-4259.259259  2283.950617  -0.00001480746551777581
-4259.259259  2407.407407  -0.00001518907465256193
-4259.259259  2530.864198  -0.00001335617232775503
-4259.259259  2654.320988  -0.00001532180621376677
-4259.259259  2777.777778  -0.00001532898557777394
-4259.259259  2901.234568  -0.00001434886558619345
-4259.259259  3024.691358  -0.00001356346903170592
-4259.259259  3148.148148  -0.00001344075621698861
-4259.259259  3271.604938  -0.00001396694493975031
-4259.259259  3395.061728  -0.00001489020756754709
-4259.259259  3518.518519  -0.00001542628961264597
-4259.259259  3641.975309  -0.00001564448246653817
-4259.259259  3765.432099  -0.00001548038833629643
-4259.259259  3888.888889  -0.00001469369097510312
-4259.259259  4012.345679  -0.00001406740551208445
-4259.259259  4135.802469  -0.00001339173301448340
-4259.259259  4259.259259  -0.00001339070424979538
-4259.259259  4382.716049  -0.00001457283784599880
-4259.259259  4506.172840  -0.00001660313118910442
-4259.259259  4629.629630  -0.00001808334532485253
-4259.259259  4753.086420  -0.00001744351589221544
-4259.259259  4876.543210  -0.00001132741422668084

-4135.802469 -5000.000000  0.00000172040978215748
-4135.802469 -4876.543210  -0.00000447337446630599
-4135.802469 -4753.086420  -0.00001029160272962105
-4135.802469 -4629.629630  -0.00001048626619570247
-4135.802469 -4506.172840  -0.00000968500835216435
-4135.802469 -4382.716049  -0.00000791678122689067
-4135.802469 -4259.259259  -0.00000675373559818064
-4135.802469 -4135.802469  -0.00000671037721672407
-4135.802469 -4012.345679  -0.00000725847111151488
-4135.802469 -3888.888889  -0.00000788406301030482
-4135.802469 -3765.432099  -0.00000856068056402746
-4135.802469 -3641.975309  -0.00000886105253722112
-4135.802469 -3518.518519  -0.00000866066152045648
-4135.802469 -3395.061728  -0.00000823677677766153
-4135.802469 -3271.604938  -0.00000750293156960276
-4135.802469 -3148.148148  -0.00000700787681419848
-4135.802469 -3024.691358  -0.00000697507447817873
-4135.802469 -2901.234568  -0.00000754018975336719
-4135.802469 -2777.777778  -0.00000848629014055031
-4135.802469 -2654.320988  -0.00000883188202256194
-4135.802469 -2530.864198  -0.00000727972504067915
-4135.802469 -2407.407407  -0.00000850852337714207
-4135.802469 -2283.950617  -0.00000854312799069921
-4135.802469 -2160.493827  -0.00000868219020257191
-4135.802469 -2037.037037  -0.00000860200285135371
-4135.802469 -1913.580247  -0.00000869383901696515
-4135.802469 -1790.123457  -0.00000865788612461644
-4135.802469 -1666.666667  -0.00000866806595582663
-4135.802469 -1543.209877  -0.00000872294712819963
-4135.802469 -1419.753086  -0.00000881052616735757
-4135.802469 -1296.296296  -0.00000885566079012221
-4135.802469 -1172.839506  -0.00000894668797708262
-4135.802469 -1049.382716  -0.00000897627063939540
-4135.802469  -925.925926  -0.00000904435686910637
-4135.802469  -802.469136  -0.00000908417561294472
-4135.802469  -679.012346  -0.00000912444998438484
-4135.802469  -555.555556  -0.00000917002309781823
-4135.802469  -432.098765  -0.00000923799909749249
-4135.802469  -308.641975  -0.00000930595635669310
-4135.802469  -185.185185  -0.00000934569769154201
-4135.802469   -61.728395  -0.00000932036340512431
-4135.802469    61.728395  -0.00000932036340512567
-4135.802469   185.185185  -0.00000934569769154568
-4135.802469   308.641975  -0.00000930595635669756
-4135.802469   432.098765  -0.00000923799909749839
-4135.802469   555.555556  -0.00000917002309782485
-4135.802469   679.012346  -0.00000912444998439302
-4135.802469   802.469136  -0.00000908417561295314
-4135.802469   925.925926  -0.00000904435686911548
-4135.802469  1049.382716  -0.00000897627063940574
-4135.802469  1172.839506  -0.00000894668797709428
-4135.802469  1296.296296  -0.00000885566079013662
-4135.802469  1419.753086  -0.00000881052616737351
-4135.802469  1543.209877  -0.00000872294712821696
-4135.802469  1666.666667  -0.00000866806595584628
-4135.802469  1790.123457  -0.00000865788612463767
-4135.802469  1913.580247  -0.00000869383901698771
-4135.802469  2037.037037  -0.00000860200285137529
-4135.802469  2160.493827  -0.00000868219020259455
-4135.802469  2283.950617  -0.00000854312799072377
-4135.802469  2407.407407  -0.00000850852337717145
-4135.802469  2530.864198  -0.00000727972504070048
-4135.802469  2654.320988  -0.00000883188202258861
-4135.802469  2777.777778  -0.00000848629014058137
-4135.802469  2901.234568  -0.00000754018975339962
-4135.802469  3024.691358  -0.00000697507447821034
-4135.802469  3148.148148  -0.00000700787681423010
-4135.802469  3271.604938  -0.00000750293156963506
-4135.802469  3395.061728  -0.00000823677677769623
-4135.802469  3518.518519  -0.00000866066152049370
-4135.802469  3641.975309  -0.00000886105253726065
-4135.802469  3765.432099  -0.00000856068056406864
-4135.802469  3888.888889  -0.00000788406301034778
-4135.802469  4012.345679  -0.00000725847111155976
-4135.802469  4135.802469  -0.00000671037721676929
-4135.802469  4259.259259  -0.00000675373559822591
-4135.802469  4382.716049  -0.00000791678122693505
-4135.802469  4506.172840  -0.00000968500835220971
-4135.802469  4629.629630  -0.00001048626619575388
-4135.802469  4753.086420  -0.00001029160272967106
-4135.802469  4876.543210  -0.00000447337446636288

-4012.345679 -5000.000000  0.00000307913566372275
-4012.345679 -4876.543210  0.00000079029476598626
-4012.345679 -4753.086420  -0.00000483197647647735
-4012.345679 -4629.629630  -0.00000460139512033895
-4012.345679 -4506.172840  -0.00000435965140199307
-4012.345679 -4382.716049  -0.00000280381331905233
-4012.345679 -4259.259259  -0.00000163508399305590
-4012.345679 -4135.802469  -0.00000153189137330920
-4012.345679 -4012.345679  -0.00000196850548946703
-4012.345679 -3888.888889  -0.00000263640386559943
-4012.345679 -3765.432099  -0.00000310338257177339
-4012.345679 -3641.975309  -0.00000358373578167234
-4012.345679 -3518.518519  -0.00000337642167305872
-4012.345679 -3395.061728  -0.00000304357519527061
-4012.345679 -3271.604938  -0.00000244709526371843
-4012.345679 -3148.148148  -0.00000197852759558681
-4012.345679 -3024.691358  -0.00000181510138541980
-4012.345679 -2901.234568  -0.00000222102700917528
-4012.345679 -2777.777778  -0.00000313685003698676
-4012.345679 -2654.320988  -0.00000375932916059324
-4012.345679 -2530.864198  -0.00000240887539152509
-4012.345679 -2407.407407  -0.00000256239707835467
-4012.345679 -2283.950617  -0.00000296524192757845
-4012.345679 -2160.493827  -0.00000324273042341166
-4012.345679 -2037.037037  -0.00000317486641694203
-4012.345679 -1913.580247  -0.00000308706011255833
-4012.345679 -1790.123457  -0.00000298564286422600
-4012.345679 -1666.666667  -0.00000302608351966952
-4012.345679 -1543.209877  -0.00000316025750960707
-4012.345679 -1419.753086  -0.00000328037227201591
-4012.345679 -1296.296296  -0.00000327741727621503
-4012.345679 -1172.839506  -0.00000351174164089666
-4012.345679 -1049.382716  -0.00000349246606449882
-4012.345679  -925.925926  -0.00000358412016516021
-4012.345679  -802.469136  -0.00000359092860303459
-4012.345679  -679.012346  -0.00000361455875072028
-4012.345679  -555.555556  -0.00000365304204680032
-4012.345679  -432.098765  -0.00000376299990140392
-4012.345679  -308.641975  -0.00000390467821242450
-4012.345679  -185.185185  -0.00000397749975494448
-4012.345679   -61.728395  -0.00000387261796812764
-4012.345679    61.728395  -0.00000387261796812866
-4012.345679   185.185185  -0.00000397749975494788
-4012.345679   308.641975  -0.00000390467821242896
-4012.345679   432.098765  -0.00000376299990141007
-4012.345679   555.555556  -0.00000365304204680746
-4012.345679   679.012346  -0.00000361455875072815
-4012.345679   802.469136  -0.00000359092860304298
-4012.345679   925.925926  -0.00000358412016516944
-4012.345679  1049.382716  -0.00000349246606450923
-4012.345679  1172.839506  -0.00000351174164090879
-4012.345679  1296.296296  -0.00000327741727622973
-4012.345679  1419.753086  -0.00000328037227203238
-4012.345679  1543.209877  -0.00000316025750962539
-4012.345679  1666.666667  -0.00000302608351968976
-4012.345679  1790.123457  -0.00000298564286424800
-4012.345679  1913.580247  -0.00000308706011258117
-4012.345679  2037.037037  -0.00000317486641696403
-4012.345679  2160.493827  -0.00000324273042343480
-4012.345679  2283.950617  -0.00000296524192760357
-4012.345679  2407.407407  -0.00000256239707838497
-4012.345679  2530.864198  -0.00000240887539154781
-4012.345679  2654.320988  -0.00000375932916062128
-4012.345679  2777.777778  -0.00000313685003701900
-4012.345679  2901.234568  -0.00000222102700920881
-4012.345679  3024.691358  -0.00000181510138545317
-4012.345679  3148.148148  -0.00000197852759562012
-4012.345679  3271.604938  -0.00000244709526375251
-4012.345679  3395.061728  -0.00000304357519530708
-4012.345679  3518.518519  -0.00000337642167309770
-4012.345679  3641.975309  -0.00000358373578171384
-4012.345679  3765.432099  -0.00000310338257181593
-4012.345679  3888.888889  -0.00000263640386564386
-4012.345679  4012.345679  -0.00000196850548951338
-4012.345679  4135.802469  -0.00000153189137335576
-4012.345679  4259.259259  -0.00000163508399310297
-4012.345679  4382.716049  -0.00000280381331909881
-4012.345679  4506.172840  -0.00000435965140203991
-4012.345679  4629.629630  -0.00000460139512039199
-4012.345679  4753.086420  -0.00000483197647652841
-4012.345679  4876.543210  0.00000079029476592799

-3888.888889 -5000.000000  0.00000469805551699359
-3888.888889 -4876.543210  0.00000661371402596466
-3888.888889 -4753.086420  0.00000081803403020712
-3888.888889 -4629.629630  0.00000149079328782196
-3888.888889 -4506.172840  0.00000124385018230167
-3888.888889 -4382.716049  0.00000273676031929172
-3888.888889 -4259.259259  0.00000397552790584424
-3888.888889 -4135.802469  0.00000409288356038695
-3888.888889 -4012.345679  0.00000371823984411468
-3888.888889 -3888.888889  0.00000300658232588463
-3888.888889 -3765.432099  0.00000259617447248653
-3888.888889 -3641.975309  0.00000221111993000720
-3888.888889 -3518.518519  0.00000232149965349796
-3888.888889 -3395.061728  0.00000263170436755770
-3888.888889 -3271.604938  0.00000322512541221539
-3888.888889 -3148.148148  0.00000370696918521218
-3888.888889 -3024.691358  0.00000384945566479637
-3888.888889 -2901.234568  0.00000342927085440924
-3888.888889 -2777.777778  0.00000263413155222510
-3888.888889 -2654.320988  0.00000202921434286524
-3888.888889 -2530.864198  0.00000284847072728000
-3888.888889 -2407.407407  0.00000329275133721568
-3888.888889 -2283.950617  0.00000250073080568218
-3888.888889 -2160.493827  0.00000242000453891479
-3888.888889 -2037.037037  0.00000240377970188171
-3888.888889 -1913.580247  0.00000256127901428393
-3888.888889 -1790.123457  0.00000261537216801144
-3888.888889 -1666.666667  0.00000261095428227463
-3888.888889 -1543.209877  0.00000249688595732120
-3888.888889 -1419.753086  0.00000227972270890029
-3888.888889 -1296.296296  0.00000231864760781282
-3888.888889 -1172.839506  0.00000202335588454945
-3888.888889 -1049.382716  0.00000206544889840340
-3888.888889  -925.925926  0.00000195178084362172
-3888.888889  -802.469136  0.00000195238812440703
-3888.888889  -679.012346  0.00000192802331031941
-3888.888889  -555.555556  0.00000189013302835217
-3888.888889  -432.098765  0.00000175600661554186
-3888.888889  -308.641975  0.00000158070490914737
-3888.888889  -185.185185  0.00000148679081980541
-3888.888889   -61.728395  0.00000163368235751425
-3888.888889    61.728395  0.00000163368235751348
-3888.888889   185.185185  0.00000148679081980212
-3888.888889   308.641975  0.00000158070490914298
-3888.888889   432.098765  0.00000175600661553594
-3888.888889   555.555556  0.00000189013302834502
-3888.888889   679.012346  0.00000192802331031143
-3888.888889   802.469136  0.00000195238812439848
-3888.888889   925.925926  0.00000195178084361244
-3888.888889  1049.382716  0.00000206544889839301
-3888.888889  1172.839506  0.00000202335588453681
-3888.888889  1296.296296  0.00000231864760779851
-3888.888889  1419.753086  0.00000227972270888368
-3888.888889  1543.209877  0.00000249688595730290
-3888.888889  1666.666667  0.00000261095428225455
-3888.888889  1790.123457  0.00000261537216798931
-3888.888889  1913.580247  0.00000256127901426136
-3888.888889  2037.037037  0.00000240377970185984
-3888.888889  2160.493827  0.00000242000453889192
-3888.888889  2283.950617  0.00000250073080565718
-3888.888889  2407.407407  0.00000329275133718502
-3888.888889  2530.864198  0.00000284847072725701
-3888.888889  2654.320988  0.00000202921434283722
-3888.888889  2777.777778  0.00000263413155219257
-3888.888889  2901.234568  0.00000342927085437533
-3888.888889  3024.691358  0.00000384945566476246
-3888.888889  3148.148148  0.00000370696918517826
-3888.888889  3271.604938  0.00000322512541218062
-3888.888889  3395.061728  0.00000263170436752053
-3888.888889  3518.518519  0.00000232149965345855
-3888.888889  3641.975309  0.00000221111992996506
-3888.888889  3765.432099  0.00000259617447244323
-3888.888889  3888.888889  0.00000300658232583935
-3888.888889  4012.345679  0.00000371823984406734
-3888.888889  4135.802469  0.00000409288356033938
-3888.888889  4259.259259  0.00000397552790579594
-3888.888889  4382.716049  0.00000273676031924444
-3888.888889  4506.172840  0.00000124385018225426
-3888.888889  4629.629630  0.00000149079328776844
-3888.888889  4753.086420  0.00000081803403015606
-3888.888889  4876.543210  0.00000661371402590605

-3765.432099 -5000.000000  0.00000570856891963547
-3765.432099 -4876.543210  0.00001175178213214501
-3765.432099 -4753.086420  0.00000641405146721476
-3765.432099 -4629.629630  0.00000746899024148328
-3765.432099 -4506.172840  0.00000673649731440270
-3765.432099 -4382.716049  0.00000801560031834156
-3765.432099 -4259.259259  0.00000920488988305402
-3765.432099 -4135.802469  0.00000933471099081502
-3765.432099 -4012.345679  0.00000913807084174634
-3765.432099 -3888.888889  0.00000846109967102140
-3765.432099 -3765.432099  0.00000825507656584949
-3765.432099 -3641.975309  0.00000764952557100301
-3765.432099 -3518.518519  0.00000779262945846754
-3765.432099 -3395.061728  0.00000792277825838910
-3765.432099 -3271.604938  0.00000846081321792968
-3765.432099 -3148.148148  0.00000889151774500441
-3765.432099 -3024.691358  0.00000912711926339386
-3765.432099 -2901.234568  0.00000881873365629653
-3765.432099 -2777.777778  0.00000814956235804888
-3765.432099 -2654.320988  0.00000743956859743376
-3765.432099 -2530.864198  0.00000772631246351818
-3765.432099 -2407.407407  0.00000843278506916408
-3765.432099 -2283.950617  0.00000745996494753478
-3765.432099 -2160.493827  0.00000717626138250713
-3765.432099 -2037.037037  0.00000723324057951291
-3765.432099 -1913.580247  0.00000749567954091580
-3765.432099 -1790.123457  0.00000763258801179407
-3765.432099 -1666.666667  0.00000760047650631203
-3765.432099 -1543.209877  0.00000743016530791519
-3765.432099 -1419.753086  0.00000725312703478508
-3765.432099 -1296.296296  0.00000723505095057279
-3765.432099 -1172.839506  0.00000682332574141294
-3765.432099 -1049.382716  0.00000703345615404912
-3765.432099  -925.925926  0.00000681350256097663
-3765.432099  -802.469136  0.00000689033094529764
-3765.432099  -679.012346  0.00000687614565807003
-3765.432099  -555.555556  0.00000686251656845436
-3765.432099  -432.098765  0.00000669344425648265
-3765.432099  -308.641975  0.00000643751220484502
-3765.432099  -185.185185  0.00000639401851838807
-3765.432099   -61.728395  0.00000650888548020418
-3765.432099    61.728395  0.00000650888548020371
-3765.432099   185.185185  0.00000639401851838521
-3765.432099   308.641975  0.00000643751220484104
-3765.432099   432.098765  0.00000669344425647741
-3765.432099   555.555556  0.00000686251656844738
-3765.432099   679.012346  0.00000687614565806262
-3765.432099   802.469136  0.00000689033094528910
-3765.432099   925.925926  0.00000681350256096726
-3765.432099  1049.382716  0.00000703345615403851
-3765.432099  1172.839506  0.00000682332574140003
-3765.432099  1296.296296  0.00000723505095055826
-3765.432099  1419.753086  0.00000725312703476862
-3765.432099  1543.209877  0.00000743016530789687
-3765.432099  1666.666667  0.00000760047650629214
-3765.432099  1790.123457  0.00000763258801177213
-3765.432099  1913.580247  0.00000749567954089320
-3765.432099  2037.037037  0.00000723324057949070
-3765.432099  2160.493827  0.00000717626138248359
-3765.432099  2283.950617  0.00000745996494750969
-3765.432099  2407.407407  0.00000843278506913315
-3765.432099  2530.864198  0.00000772631246349393
-3765.432099  2654.320988  0.00000743956859740462
-3765.432099  2777.777778  0.00000814956235801550
-3765.432099  2901.234568  0.00000881873365626161
-3765.432099  3024.691358  0.00000912711926335801
-3765.432099  3148.148148  0.00000889151774496815
-3765.432099  3271.604938  0.00000846081321789269
-3765.432099  3395.061728  0.00000792277825834998
-3765.432099  3518.518519  0.00000779262945842664
-3765.432099  3641.975309  0.00000764952557095915
-3765.432099  3765.432099  0.00000825507656580412
-3765.432099  3888.888889  0.00000846109967097369
-3765.432099  4012.345679  0.00000913807084169626
-3765.432099  4135.802469  0.00000933471099076455
-3765.432099  4259.259259  0.00000920488988300263
-3765.432099  4382.716049  0.00000801560031829153
-3765.432099  4506.172840  0.00000673649731435250
-3765.432099  4629.629630  0.00000746899024142686
-3765.432099  4753.086420  0.00000641405146716129
-3765.432099  4876.543210  0.00001175178213208329

-3641.975309 -5000.000000  0.00000738288813284111
-3641.975309 -4876.543210  0.00001682958806495382
-3641.975309 -4753.086420  0.00001169674879538619
-3641.975309 -4629.629630  0.00001365734015726924
-3641.975309 -4506.172840  0.00001213984507355492
-3641.975309 -4382.716049  0.00001305221720097729
-3641.975309 -4259.259259  0.00001429152719371363
-3641.975309 -4135.802469  0.00001469310015905708
-3641.975309 -4012.345679  0.00001467754059812149
-3641.975309 -3888.888889  0.00001379344126644963
-3641.975309 -3765.432099  0.00001382424277721452
-3641.975309 -3641.975309  0.00001315327498465177
-3641.975309 -3518.518519  0.00001331738908453497
-3641.975309 -3395.061728  0.00001346615552017778
-3641.975309 -3271.604938  0.00001367940520077737
-3641.975309 -3148.148148  0.00001408106755186695
-3641.975309 -3024.691358  0.00001454074433984196
-3641.975309 -2901.234568  0.00001456846809061356
-3641.975309 -2777.777778  0.00001380391156804457
-3641.975309 -2654.320988  0.00001255706380543825
-3641.975309 -2530.864198  0.00001321344388684998
-3641.975309 -2407.407407  0.00001543747822998668
-3641.975309 -2283.950617  0.00001407350716911449
-3641.975309 -2160.493827  0.00001350944905569318
-3641.975309 -2037.037037  0.00001355047842062249
-3641.975309 -1913.580247  0.00001411845171475017
-3641.975309 -1790.123457  0.00001439635954292001
-3641.975309 -1666.666667  0.00001431063936100124
-3641.975309 -1543.209877  0.00001401548176520735
-3641.975309 -1419.753086  0.00001381386388893738
-3641.975309 -1296.296296  0.00001396375536940599
-3641.975309 -1172.839506  0.00001340987670145031
-3641.975309 -1049.382716  0.00001357121574894693
-3641.975309  -925.925926  0.00001344460092736197
-3641.975309  -802.469136  0.00001353983801046293
-3641.975309  -679.012346  0.00001361702544476553
-3641.975309  -555.555556  0.00001362700351661175
-3641.975309  -432.098765  0.00001340738868134854
-3641.975309  -308.641975  0.00001308330182233335
-3641.975309  -185.185185  0.00001292089203324726
-3641.975309   -61.728395  0.00001329113534785712
-3641.975309    61.728395  0.00001329113534785706
-3641.975309   185.185185  0.00001292089203324495
-3641.975309   308.641975  0.00001308330182232989
-3641.975309   432.098765  0.00001340738868134367
-3641.975309   555.555556  0.00001362700351660494
-3641.975309   679.012346  0.00001361702544475827
-3641.975309   802.469136  0.00001353983801045386
-3641.975309   925.925926  0.00001344460092735219
-3641.975309  1049.382716  0.00001357121574893680
-3641.975309  1172.839506  0.00001340987670143720
-3641.975309  1296.296296  0.00001396375536939120
-3641.975309  1419.753086  0.00001381386388892015
-3641.975309  1543.209877  0.00001401548176518816
-3641.975309  1666.666667  0.00001431063936098011
-3641.975309  1790.123457  0.00001439635954289677
-3641.975309  1913.580247  0.00001411845171472678
-3641.975309  2037.037037  0.00001355047842059966
-3641.975309  2160.493827  0.00001350944905566892
-3641.975309  2283.950617  0.00001407350716908824
-3641.975309  2407.407407  0.00001543747822995395
-3641.975309  2530.864198  0.00001321344388682427
-3641.975309  2654.320988  0.00001255706380540805
-3641.975309  2777.777778  0.00001380391156800995
-3641.975309  2901.234568  0.00001456846809057776
-3641.975309  3024.691358  0.00001454074433980507
-3641.975309  3148.148148  0.00001408106755183012
-3641.975309  3271.604938  0.00001367940520073893
-3641.975309  3395.061728  0.00001346615552013686
-3641.975309  3518.518519  0.00001331738908449299
-3641.975309  3641.975309  0.00001315327498460757
-3641.975309  3765.432099  0.00001382424277716722
-3641.975309  3888.888889  0.00001379344126640060
-3641.975309  4012.345679  0.00001467754059807016
-3641.975309  4135.802469  0.00001469310015900583
-3641.975309  4259.259259  0.00001429152719366113
-3641.975309  4382.716049  0.00001305221720092532
-3641.975309  4506.172840  0.00001213984507350258
-3641.975309  4629.629630  0.00001365734015721045
-3641.975309  4753.086420  0.00001169674879533149
-3641.975309  4876.543210  0.00001682958806489135

-3518.518519 -5000.000000  0.00000867463968302307
-3518.518519 -4876.543210  0.00002360100687628291
-3518.518519 -4753.086420  0.00001850987752719716
-3518.518519 -4629.629630  0.00002068419943864351
-3518.518519 -4506.172840  0.00001878268551714492
-3518.518519 -4382.716049  0.00001971926316536298
-3518.518519 -4259.259259  0.00002099662947426959
-3518.518519 -4135.802469  0.00002130095924693546
-3518.518519 -4012.345679  0.00002132716371474145
-3518.518519 -3888.888889  0.00002055758622825317
-3518.518519 -3765.432099  0.00002062033628538856
-3518.518519 -3641.975309  0.00001997766081276955
-3518.518519 -3518.518519  0.00002003578452793832
-3518.518519 -3395.061728  0.00002013065294289360
-3518.518519 -3271.604938  0.00002039333240211564
-3518.518519 -3148.148148  0.00002079504741811874
-3518.518519 -3024.691358  0.00002118884727603230
-3518.518519 -2901.234568  0.00002115655222616897
-3518.518519 -2777.777778  0.00002060461929770055
-3518.518519 -2654.320988  0.00001952617858139284
-3518.518519 -2530.864198  0.00001944354232455692
-3518.518519 -2407.407407  0.00002209921466167773
-3518.518519 -2283.950617  0.00002040201244375546
-3518.518519 -2160.493827  0.00002011614066660494
-3518.518519 -2037.037037  0.00002008214036750102
-3518.518519 -1913.580247  0.00002068675261628418
-3518.518519 -1790.123457  0.00002091070658098741
-3518.518519 -1666.666667  0.00002090079217888412
-3518.518519 -1543.209877  0.00002067555990812649
-3518.518519 -1419.753086  0.00002040294546049008
-3518.518519 -1296.296296  0.00002061038325204196
-3518.518519 -1172.839506  0.00002003234890442053
-3518.518519 -1049.382716  0.00002028191441170908
-3518.518519  -925.925926  0.00002015181241327854
-3518.518519  -802.469136  0.00002030862398659856
-3518.518519  -679.012346  0.00002041202213622206
-3518.518519  -555.555556  0.00002046753158709369
-3518.518519  -432.098765  0.00002027291627888177
-3518.518519  -308.641975  0.00001994789416328219
-3518.518519  -185.185185  0.00001980870521452559
-3518.518519   -61.728395  0.00002018947418000806
-3518.518519    61.728395  0.00002018947418000781
-3518.518519   185.185185  0.00001980870521452268
-3518.518519   308.641975  0.00001994789416327846
-3518.518519   432.098765  0.00002027291627887692
-3518.518519   555.555556  0.00002046753158708585
-3518.518519   679.012346  0.00002041202213621474
-3518.518519   802.469136  0.00002030862398658894
-3518.518519   925.925926  0.00002015181241326818
-3518.518519  1049.382716  0.00002028191441169833
-3518.518519  1172.839506  0.00002003234890440643
-3518.518519  1296.296296  0.00002061038325202703
-3518.518519  1419.753086  0.00002040294546047250
-3518.518519  1543.209877  0.00002067555990810709
-3518.518519  1666.666667  0.00002090079217886293
-3518.518519  1790.123457  0.00002091070658096327
-3518.518519  1913.580247  0.00002068675261626029
-3518.518519  2037.037037  0.00002008214036747749
-3518.518519  2160.493827  0.00002011614066658001
-3518.518519  2283.950617  0.00002040201244372862
-3518.518519  2407.407407  0.00002209921466164368
-3518.518519  2530.864198  0.00001944354232453027
-3518.518519  2654.320988  0.00001952617858136101
-3518.518519  2777.777778  0.00002060461929766456
-3518.518519  2901.234568  0.00002115655222613164
-3518.518519  3024.691358  0.00002118884727599328
-3518.518519  3148.148148  0.00002079504741807988
-3518.518519  3271.604938  0.00002039333240207563
-3518.518519  3395.061728  0.00002013065294285107
-3518.518519  3518.518519  0.00002003578452789475
-3518.518519  3641.975309  0.00001997766081272347
-3518.518519  3765.432099  0.00002062033628534009
-3518.518519  3888.888889  0.00002055758622820275
-3518.518519  4012.345679  0.00002132716371468870
-3518.518519  4135.802469  0.00002130095924688285
-3518.518519  4259.259259  0.00002099662947421539
-3518.518519  4382.716049  0.00001971926316530920
-3518.518519  4506.172840  0.00001878268551709120
-3518.518519  4629.629630  0.00002068419943858298
-3518.518519  4753.086420  0.00001850987752714058
-3518.518519  4876.543210  0.00002360100687621861

-3395.061728 -5000.000000  0.00001027919352670450
-3395.061728 -4876.543210  0.00003023053830178526
-3395.061728 -4753.086420  0.00002519015465618045
-3395.061728 -4629.629630  0.00002785150037211794
-3395.061728 -4506.172840  0.00002539219700189866
-3395.061728 -4382.716049  0.00002621569796382229
-3395.061728 -4259.259259  0.00002754558788483169
-3395.061728 -4135.802469  0.00002788775528770930
-3395.061728 -4012.345679  0.00002802318203202050
-3395.061728 -3888.888889  0.00002725417071883694
-3395.061728 -3765.432099  0.00002736514914040224
-3395.061728 -3641.975309  0.00002677565207473919
-3395.061728 -3518.518519  0.00002679899016743480
-3395.061728 -3395.061728  0.00002684424141537373
-3395.061728 -3271.604938  0.00002699513204055354
-3395.061728 -3148.148148  0.00002739818553100631
-3395.061728 -3024.691358  0.00002787328171487328
-3395.061728 -2901.234568  0.00002795221412727489
-3395.061728 -2777.777778  0.00002746564620624851
-3395.061728 -2654.320988  0.00002622977637711586
-3395.061728 -2530.864198  0.00002592012709406023
-3395.061728 -2407.407407  0.00002993750100317198
-3395.061728 -2283.950617  0.00002787952320240046
-3395.061728 -2160.493827  0.00002757057924904886
-3395.061728 -2037.037037  0.00002750727272675102
-3395.061728 -1913.580247  0.00002831849214980962
-3395.061728 -1790.123457  0.00002859704404758789
-3395.061728 -1666.666667  0.00002859646559213238
-3395.061728 -1543.209877  0.00002836379100068527
-3395.061728 -1419.753086  0.00002810819575144444
-3395.061728 -1296.296296  0.00002839506241410658
-3395.061728 -1172.839506  0.00002779396706756403
-3395.061728 -1049.382716  0.00002814407394484123
-3395.061728  -925.925926  0.00002808236390333421
-3395.061728  -802.469136  0.00002835787292797849
-3395.061728  -679.012346  0.00002860026471714419
-3395.061728  -555.555556  0.00002876604082876165
-3395.061728  -432.098765  0.00002861170458860530
-3395.061728  -308.641975  0.00002828985160330458
-3395.061728  -185.185185  0.00002816458487382797
-3395.061728   -61.728395  0.00002867961284768609
-3395.061728    61.728395  0.00002867961284768611
-3395.061728   185.185185  0.00002816458487382494
-3395.061728   308.641975  0.00002828985160330046
-3395.061728   432.098765  0.00002861170458860053
-3395.061728   555.555556  0.00002876604082875376
-3395.061728   679.012346  0.00002860026471713686
-3395.061728   802.469136  0.00002835787292796839
-3395.061728   925.925926  0.00002808236390332322
-3395.061728  1049.382716  0.00002814407394482979
-3395.061728  1172.839506  0.00002779396706754851
-3395.061728  1296.296296  0.00002839506241409085
-3395.061728  1419.753086  0.00002810819575142616
-3395.061728  1543.209877  0.00002836379100066512
-3395.061728  1666.666667  0.00002859646559211043
-3395.061728  1790.123457  0.00002859704404756259
-3395.061728  1913.580247  0.00002831849214978506
-3395.061728  2037.037037  0.00002750727272672664
-3395.061728  2160.493827  0.00002757057924902304
-3395.061728  2283.950617  0.00002787952320237271
-3395.061728  2407.407407  0.00002993750100313678
-3395.061728  2530.864198  0.00002592012709403239
-3395.061728  2654.320988  0.00002622977637708225
-3395.061728  2777.777778  0.00002746564620621073
-3395.061728  2901.234568  0.00002795221412723616
-3395.061728  3024.691358  0.00002787328171483258
-3395.061728  3148.148148  0.00002739818553096568
-3395.061728  3271.604938  0.00002699513204051163
-3395.061728  3395.061728  0.00002684424141532962
-3395.061728  3518.518519  0.00002679899016739005
-3395.061728  3641.975309  0.00002677565207469127
-3395.061728  3765.432099  0.00002736514914035212
-3395.061728  3888.888889  0.00002725417071878505
-3395.061728  4012.345679  0.00002802318203196640
-3395.061728  4135.802469  0.00002788775528765586
-3395.061728  4259.259259  0.00002754558788477631
-3395.061728  4382.716049  0.00002621569796376699
-3395.061728  4506.172840  0.00002539219700184334
-3395.061728  4629.629630  0.00002785150037205543
-3395.061728  4753.086420  0.00002519015465612220
-3395.061728  4876.543210  0.00003023053830171986

-3271.604938 -5000.000000  0.00001221221803106415
-3271.604938 -4876.543210  0.00003742002221654278
-3271.604938 -4753.086420  0.00003260111704410882
-3271.604938 -4629.629630  0.00003596915615161060
-3271.604938 -4506.172840  0.00003276422549509796
-3271.604938 -4382.716049  0.00003333587299719234
-3271.604938 -4259.259259  0.00003471690940257840
-3271.604938 -4135.802469  0.00003518193634271224
-3271.604938 -4012.345679  0.00003551129426008011
-3271.604938 -3888.888889  0.00003467061137208659
-3271.604938 -3765.432099  0.00003507497345259205
-3271.604938 -3641.975309  0.00003423476678893643
-3271.604938 -3518.518519  0.00003433069206351993
-3271.604938 -3395.061728  0.00003427370666724813
-3271.604938 -3271.604938  0.00003421342234604828
-3271.604938 -3148.148148  0.00003456888260059031
-3271.604938 -3024.691358  0.00003526213598564064
-3271.604938 -2901.234568  0.00003562932655373310
-3271.604938 -2777.777778  0.00003512004305799878
-3271.604938 -2654.320988  0.00003345870164914997
-3271.604938 -2530.864198  0.00003312614483003908
-3271.604938 -2407.407407  0.00003745191747358913
-3271.604938 -2283.950617  0.00003515677144644579
-3271.604938 -2160.493827  0.00003447884872788557
-3271.604938 -2037.037037  0.00003453299993361866
-3271.604938 -1913.580247  0.00003557040048228313
-3271.604938 -1790.123457  0.00003604880181423854
-3271.604938 -1666.666667  0.00003603667892589746
-3271.604938 -1543.209877  0.00003573152502983873
-3271.604938 -1419.753086  0.00003556446625315240
-3271.604938 -1296.296296  0.00003597089963856168
-3271.604938 -1172.839506  0.00003529399222369310
-3271.604938 -1049.382716  0.00003583941640836420
-3271.604938  -925.925926  0.00003590576256655918
-3271.604938  -802.469136  0.00003642123056103301
-3271.604938  -679.012346  0.00003692088613718041
-3271.604938  -555.555556  0.00003733160938583943
-3271.604938  -432.098765  0.00003732186388838445
-3271.604938  -308.641975  0.00003704200389170850
-3271.604938  -185.185185  0.00003697918416145255
-3271.604938   -61.728395  0.00003775917780220793
-3271.604938    61.728395  0.00003775917780220882
-3271.604938   185.185185  0.00003697918416144987
-3271.604938   308.641975  0.00003704200389170452
-3271.604938   432.098765  0.00003732186388838010
-3271.604938   555.555556  0.00003733160938583176
-3271.604938   679.012346  0.00003692088613717272
-3271.604938   802.469136  0.00003642123056102265
-3271.604938   925.925926  0.00003590576256654758
-3271.604938  1049.382716  0.00003583941640835239
-3271.604938  1172.839506  0.00003529399222367681
-3271.604938  1296.296296  0.00003597089963854496
-3271.604938  1419.753086  0.00003556446625313387
-3271.604938  1543.209877  0.00003573152502981732
-3271.604938  1666.666667  0.00003603667892587413
-3271.604938  1790.123457  0.00003604880181421206
-3271.604938  1913.580247  0.00003557040048225780
-3271.604938  2037.037037  0.00003453299993359348
-3271.604938  2160.493827  0.00003447884872785886
-3271.604938  2283.950617  0.00003515677144641732
-3271.604938  2407.407407  0.00003745191747355284
-3271.604938  2530.864198  0.00003312614483000966
-3271.604938  2654.320988  0.00003345870164911459
-3271.604938  2777.777778  0.00003512004305795931
-3271.604938  2901.234568  0.00003562932655369327
-3271.604938  3024.691358  0.00003526213598559858
-3271.604938  3148.148148  0.00003456888260054830
-3271.604938  3271.604938  0.00003421342234600464
-3271.604938  3395.061728  0.00003427370666720204
-3271.604938  3518.518519  0.00003433069206347355
-3271.604938  3641.975309  0.00003423476678888654
-3271.604938  3765.432099  0.00003507497345254065
-3271.604938  3888.888889  0.00003467061137203402
-3271.604938  4012.345679  0.00003551129426002565
-3271.604938  4135.802469  0.00003518193634265876
-3271.604938  4259.259259  0.00003471690940252282
-3271.604938  4382.716049  0.00003333587299713648
-3271.604938  4506.172840  0.00003276422549504118
-3271.604938  4629.629630  0.00003596915615154608
-3271.604938  4753.086420  0.00003260111704404918
-3271.604938  4876.543210  0.00003742002221647695

-3148.148148 -5000.000000  0.00001385179627635025
-3148.148148 -4876.543210  0.00004463234483096018
-3148.148148 -4753.086420  0.00003987101099660616
-3148.148148 -4629.629630  0.00004369263127344316
-3148.148148 -4506.172840  0.00003991823253980101
-3148.148148 -4382.716049  0.00004040116702852181
-3148.148148 -4259.259259  0.00004184441531157525
-3148.148148 -4135.802469  0.00004233128338530891
-3148.148148 -4012.345679  0.00004277110202382368
-3148.148148 -3888.888889  0.00004196352737317411
-3148.148148 -3765.432099  0.00004243233643402439
-3148.148148 -3641.975309  0.00004161406744817808
-3148.148148 -3518.518519  0.00004165410511339237
-3148.148148 -3395.061728  0.00004155151620186905
-3148.148148 -3271.604938  0.00004139627901914739
-3148.148148 -3148.148148  0.00004175340926652188
-3148.148148 -3024.691358  0.00004252562012616615
-3148.148148 -2901.234568  0.00004302553117970959
-3148.148148 -2777.777778  0.00004261131622948588
-3148.148148 -2654.320988  0.00004079440467332742
-3148.148148 -2530.864198  0.00003996411380418120
-3148.148148 -2407.407407  0.00004454980997635627
-3148.148148 -2283.950617  0.00004189470223704232
-3148.148148 -2160.493827  0.00004121610614756432
-3148.148148 -2037.037037  0.00004128904489807600
-3148.148148 -1913.580247  0.00004249556329907598
-3148.148148 -1790.123457  0.00004305975768849045
-3148.148148 -1666.666667  0.00004311090120764531
-3148.148148 -1543.209877  0.00004284602810087859
-3148.148148 -1419.753086  0.00004271450880541071
-3148.148148 -1296.296296  0.00004327093392414041
-3148.148148 -1172.839506  0.00004264392044700228
-3148.148148 -1049.382716  0.00004339987706156684
-3148.148148  -925.925926  0.00004369758854885503
-3148.148148  -802.469136  0.00004454572459781797
-3148.148148  -679.012346  0.00004545367539910252
-3148.148148  -555.555556  0.00004629927891868768
-3148.148148  -432.098765  0.00004665838955446793
-3148.148148  -308.641975  0.00004664997781821800
-3148.148148  -185.185185  0.00004679115474715396
-3148.148148   -61.728395  0.00004791433168112740
-3148.148148    61.728395  0.00004791433168112941
-3148.148148   185.185185  0.00004679115474715181
-3148.148148   308.641975  0.00004664997781821412
-3148.148148   432.098765  0.00004665838955446306
-3148.148148   555.555556  0.00004629927891867894
-3148.148148   679.012346  0.00004545367539909577
-3148.148148   802.469136  0.00004454572459780686
-3148.148148   925.925926  0.00004369758854884346
-3148.148148  1049.382716  0.00004339987706155502
-3148.148148  1172.839506  0.00004264392044698558
-3148.148148  1296.296296  0.00004327093392412433
-3148.148148  1419.753086  0.00004271450880539120
-3148.148148  1543.209877  0.00004284602810085669
-3148.148148  1666.666667  0.00004311090120762158
-3148.148148  1790.123457  0.00004305975768846300
-3148.148148  1913.580247  0.00004249556329905025
-3148.148148  2037.037037  0.00004128904489805008
-3148.148148  2160.493827  0.00004121610614753662
-3148.148148  2283.950617  0.00004189470223701256
-3148.148148  2407.407407  0.00004454980997631894
-3148.148148  2530.864198  0.00003996411380415007
-3148.148148  2654.320988  0.00004079440467329032
-3148.148148  2777.777778  0.00004261131622944492
-3148.148148  2901.234568  0.00004302553117966853
-3148.148148  3024.691358  0.00004252562012612223
-3148.148148  3148.148148  0.00004175340926647843
-3148.148148  3271.604938  0.00004139627901910245
-3148.148148  3395.061728  0.00004155151620182060
-3148.148148  3518.518519  0.00004165410511334312
-3148.148148  3641.975309  0.00004161406744812629
-3148.148148  3765.432099  0.00004243233643397094
-3148.148148  3888.888889  0.00004196352737312016
-3148.148148  4012.345679  0.00004277110202376759
-3148.148148  4135.802469  0.00004233128338525413
-3148.148148  4259.259259  0.00004184441531151830
-3148.148148  4382.716049  0.00004040116702846382
-3148.148148  4506.172840  0.00003991823253974243
-3148.148148  4629.629630  0.00004369263127337639
-3148.148148  4753.086420  0.00003987101099654431
-3148.148148  4876.543210  0.00004463234483089264

-3024.691358 -5000.000000  0.00001492603685265076
-3024.691358 -4876.543210  0.00005121827809930021
-3024.691358 -4753.086420  0.00004647705309803067
-3024.691358 -4629.629630  0.00005037714257138498
-3024.691358 -4506.172840  0.00004630423785195469
-3024.691358 -4382.716049  0.00004687418696210478
-3024.691358 -4259.259259  0.00004836098100889074
-3024.691358 -4135.802469  0.00004872666191765054
-3024.691358 -4012.345679  0.00004919144582068683
-3024.691358 -3888.888889  0.00004856171587179497
-3024.691358 -3765.432099  0.00004894133029959408
-3024.691358 -3641.975309  0.00004830538708920332
-3024.691358 -3518.518519  0.00004817567287017749
-3024.691358 -3395.061728  0.00004804094107855859
-3024.691358 -3271.604938  0.00004797120626693971
-3024.691358 -3148.148148  0.00004836468153900863
-3024.691358 -3024.691358  0.00004904562819023819
-3024.691358 -2901.234568  0.00004946593913084413
-3024.691358 -2777.777778  0.00004932134662494567
-3024.691358 -2654.320988  0.00004772784023281458
-3024.691358 -2530.864198  0.00004579958770941806
-3024.691358 -2407.407407  0.00005050692005557873
-3024.691358 -2283.950617  0.00004740624985393638
-3024.691358 -2160.493827  0.00004715435938234238
-3024.691358 -2037.037037  0.00004715067709720827
-3024.691358 -1913.580247  0.00004841619156919171
-3024.691358 -1790.123457  0.00004892898517384585
-3024.691358 -1666.666667  0.00004913496628232452
-3024.691358 -1543.209877  0.00004904324893826809
-3024.691358 -1419.753086  0.00004889003776569576
-3024.691358 -1296.296296  0.00004961088457845269
-3024.691358 -1172.839506  0.00004914915564150853
-3024.691358 -1049.382716  0.00005019138172598105
-3024.691358  -925.925926  0.00005079782758870957
-3024.691358  -802.469136  0.00005211968040072311
-3024.691358  -679.012346  0.00005362339747527975
-3024.691358  -555.555556  0.00005519787537810275
-3024.691358  -432.098765  0.00005629456351159394
-3024.691358  -308.641975  0.00005692017343353022
-3024.691358  -185.185185  0.00005755198823186681
-3024.691358   -61.728395  0.00005910711491622328
-3024.691358    61.728395  0.00005910711491622363
-3024.691358   185.185185  0.00005755198823186474
-3024.691358   308.641975  0.00005692017343352591
-3024.691358   432.098765  0.00005629456351158784
-3024.691358   555.555556  0.00005519787537809437
-3024.691358   679.012346  0.00005362339747527323
-3024.691358   802.469136  0.00005211968040071234
-3024.691358   925.925926  0.00005079782758869811
-3024.691358  1049.382716  0.00005019138172596907
-3024.691358  1172.839506  0.00004914915564149076
-3024.691358  1296.296296  0.00004961088457843579
-3024.691358  1419.753086  0.00004889003776567613
-3024.691358  1543.209877  0.00004904324893824498
-3024.691358  1666.666667  0.00004913496628229930
-3024.691358  1790.123457  0.00004892898517381737
-3024.691358  1913.580247  0.00004841619156916573
-3024.691358  2037.037037  0.00004715067709718151
-3024.691358  2160.493827  0.00004715435938231371
-3024.691358  2283.950617  0.00004740624985390616
-3024.691358  2407.407407  0.00005050692005553964
-3024.691358  2530.864198  0.00004579958770938616
-3024.691358  2654.320988  0.00004772784023277669
-3024.691358  2777.777778  0.00004932134662490376
-3024.691358  2901.234568  0.00004946593913080242
-3024.691358  3024.691358  0.00004904562819019361
-3024.691358  3148.148148  0.00004836468153896358
-3024.691358  3271.604938  0.00004797120626689270
-3024.691358  3395.061728  0.00004804094107850863
-3024.691358  3518.518519  0.00004817567287012661
-3024.691358  3641.975309  0.00004830538708914900
-3024.691358  3765.432099  0.00004894133029953771
-3024.691358  3888.888889  0.00004856171587173849
-3024.691358  4012.345679  0.00004919144582062802
-3024.691358  4135.802469  0.00004872666191759319
-3024.691358  4259.259259  0.00004836098100883088
-3024.691358  4382.716049  0.00004687418696204493
-3024.691358  4506.172840  0.00004630423785189439
-3024.691358  4629.629630  0.00005037714257131562
-3024.691358  4753.086420  0.00004647705309796646
-3024.691358  4876.543210  0.00005121827809923030

-2901.234568 -5000.000000  0.00001562316004650555
-2901.234568 -4876.543210  0.00005595489008896737
-2901.234568 -4753.086420  0.00005137622196837712
-2901.234568 -4629.629630  0.00005531792239634762
-2901.234568 -4506.172840  0.00005103749319115903
-2901.234568 -4382.716049  0.00005164211114056223
-2901.234568 -4259.259259  0.00005314274388806005
-2901.234568 -4135.802469  0.00005342919561426458
-2901.234568 -4012.345679  0.00005392768232039984
-2901.234568 -3888.888889  0.00005345665419519736
-2901.234568 -3765.432099  0.00005376940450034374
-2901.234568 -3641.975309  0.00005331887975903523
-2901.234568 -3518.518519  0.00005303642181303137
-2901.234568 -3395.061728  0.00005285903017285665
-2901.234568 -3271.604938  0.00005287148602458190
-2901.234568 -3148.148148  0.00005330287458867564
-2901.234568 -3024.691358  0.00005390216147063183
-2901.234568 -2901.234568  0.00005423744610647963
-2901.234568 -2777.777778  0.00005436273713996569
-2901.234568 -2654.320988  0.00005299735463886642
-2901.234568 -2530.864198  0.00005008314842452593
-2901.234568 -2407.407407  0.00005558875326909307
-2901.234568 -2283.950617  0.00005201445212505089
-2901.234568 -2160.493827  0.00005221645122930626
-2901.234568 -2037.037037  0.00005211436515698924
-2901.234568 -1913.580247  0.00005347657290734209
-2901.234568 -1790.123457  0.00005393327630389326
-2901.234568 -1666.666667  0.00005429681641111783
-2901.234568 -1543.209877  0.00005439086362821613
-2901.234568 -1419.753086  0.00005423966391632049
-2901.234568 -1296.296296  0.00005515968451074650
-2901.234568 -1172.839506  0.00005490401461787372
-2901.234568 -1049.382716  0.00005631809127157271
-2901.234568  -925.925926  0.00005733294141486886
-2901.234568  -802.469136  0.00005930858139159551
-2901.234568  -679.012346  0.00006169336254545391
-2901.234568  -555.555556  0.00006439944265968659
-2901.234568  -432.098765  0.00006670915705379179
-2901.234568  -308.641975  0.00006843847836140059
-2901.234568  -185.185185  0.00006994879244427328
-2901.234568   -61.728395  0.00007222008573473159
-2901.234568    61.728395  0.00007222008573473275
-2901.234568   185.185185  0.00006994879244427134
-2901.234568   308.641975  0.00006843847836139691
-2901.234568   432.098765  0.00006670915705378595
-2901.234568   555.555556  0.00006439944265967856
-2901.234568   679.012346  0.00006169336254544827
-2901.234568   802.469136  0.00005930858139158509
-2901.234568   925.925926  0.00005733294141485797
-2901.234568  1049.382716  0.00005631809127156114
-2901.234568  1172.839506  0.00005490401461785559
-2901.234568  1296.296296  0.00005515968451073011
-2901.234568  1419.753086  0.00005423966391630021
-2901.234568  1543.209877  0.00005439086362819323
-2901.234568  1666.666667  0.00005429681641109310
-2901.234568  1790.123457  0.00005393327630386383
-2901.234568  1913.580247  0.00005347657290731547
-2901.234568  2037.037037  0.00005211436515696200
-2901.234568  2160.493827  0.00005221645122927611
-2901.234568  2283.950617  0.00005201445212501952
-2901.234568  2407.407407  0.00005558875326905258
-2901.234568  2530.864198  0.00005008314842449262
-2901.234568  2654.320988  0.00005299735463882754
-2901.234568  2777.777778  0.00005436273713992326
-2901.234568  2901.234568  0.00005423744610643727
-2901.234568  3024.691358  0.00005390216147058609
-2901.234568  3148.148148  0.00005330287458862923
-2901.234568  3271.604938  0.00005287148602453328
-2901.234568  3395.061728  0.00005285903017280453
-2901.234568  3518.518519  0.00005303642181297876
-2901.234568  3641.975309  0.00005331887975897902
-2901.234568  3765.432099  0.00005376940450028515
-2901.234568  3888.888889  0.00005345665419513923
-2901.234568  4012.345679  0.00005392768232033911
-2901.234568  4135.802469  0.00005342919561420523
-2901.234568  4259.259259  0.00005314274388799814
-2901.234568  4382.716049  0.00005164211114050022
-2901.234568  4506.172840  0.00005103749319109718
-2901.234568  4629.629630  0.00005531792239627634
-2901.234568  4753.086420  0.00005137622196831039
-2901.234568  4876.543210  0.00005595489008889412

-2777.777778 -5000.000000  0.00001679699146960558
-2777.777778 -4876.543210  0.00005891456051572957
-2777.777778 -4753.086420  0.00005489144180638742
-2777.777778 -4629.629630  0.00005958528355336162
-2777.777778 -4506.172840  0.00005469334620575907
-2777.777778 -4382.716049  0.00005488107641407174
-2777.777778 -4259.259259  0.00005638029955218025
-2777.777778 -4135.802469  0.00005694624538785490
-2777.777778 -4012.345679  0.00005768168556056716
-2777.777778 -3888.888889  0.00005704654808145812
-2777.777778 -3765.432099  0.00005776293078790004
-2777.777778 -3641.975309  0.00005701789929526568
-2777.777778 -3518.518519  0.00005689603814598069
-2777.777778 -3395.061728  0.00005660714319886835
-2777.777778 -3271.604938  0.00005633502024830337
-2777.777778 -3148.148148  0.00005670154997297428
-2777.777778 -3024.691358  0.00005760141848634868
-2777.777778 -2901.234568  0.00005832429937137975
-2777.777778 -2777.777778  0.00005834656061252399
-2777.777778 -2654.320988  0.00005643078683280724
-2777.777778 -2530.864198  0.00005392009903864741
-2777.777778 -2407.407407  0.00006017479048611442
-2777.777778 -2283.950617  0.00005650993178482042
-2777.777778 -2160.493827  0.00005615977521292515
-2777.777778 -2037.037037  0.00005623485156905641
-2777.777778 -1913.580247  0.00005790650451678260
-2777.777778 -1790.123457  0.00005865495078614573
-2777.777778 -1666.666667  0.00005899809472352544
-2777.777778 -1543.209877  0.00005902559223612235
-2777.777778 -1419.753086  0.00005911658875721118
-2777.777778 -1296.296296  0.00006028007726713286
-2777.777778 -1172.839506  0.00006011412263080089
-2777.777778 -1049.382716  0.00006198087324019572
-2777.777778  -925.925926  0.00006355316059061170
-2777.777778  -802.469136  0.00006640746177631981
-2777.777778  -679.012346  0.00007005823925684444
-2777.777778  -555.555556  0.00007437248548469140
-2777.777778  -432.098765  0.00007841960307493338
-2777.777778  -308.641975  0.00008175029721676081
-2777.777778  -185.185185  0.00008458247017327268
-2777.777778   -61.728395  0.00008814081610210285
-2777.777778    61.728395  0.00008814081610210344
-2777.777778   185.185185  0.00008458247017327073
-2777.777778   308.641975  0.00008175029721675767
-2777.777778   432.098765  0.00007841960307492861
-2777.777778   555.555556  0.00007437248548468420
-2777.777778   679.012346  0.00007005823925683799
-2777.777778   802.469136  0.00006640746177630874
-2777.777778   925.925926  0.00006355316059060057
-2777.777778  1049.382716  0.00006198087324018411
-2777.777778  1172.839506  0.00006011412263078239
-2777.777778  1296.296296  0.00006028007726711607
-2777.777778  1419.753086  0.00005911658875719107
-2777.777778  1543.209877  0.00005902559223609869
-2777.777778  1666.666667  0.00005899809472350006
-2777.777778  1790.123457  0.00005865495078611610
-2777.777778  1913.580247  0.00005790650451675522
-2777.777778  2037.037037  0.00005623485156902824
-2777.777778  2160.493827  0.00005615977521289503
-2777.777778  2283.950617  0.00005650993178478906
-2777.777778  2407.407407  0.00006017479048607343
-2777.777778  2530.864198  0.00005392009903861296
-2777.777778  2654.320988  0.00005643078683276761
-2777.777778  2777.777778  0.00005834656061248097
-2777.777778  2901.234568  0.00005832429937133764
-2777.777778  3024.691358  0.00005760141848630195
-2777.777778  3148.148148  0.00005670154997292714
-2777.777778  3271.604938  0.00005633502024825311
-2777.777778  3395.061728  0.00005660714319881466
-2777.777778  3518.518519  0.00005689603814592748
-2777.777778  3641.975309  0.00005701789929520796
-2777.777778  3765.432099  0.00005776293078784070
-2777.777778  3888.888889  0.00005704654808139870
-2777.777778  4012.345679  0.00005768168556050520
-2777.777778  4135.802469  0.00005694624538779459
-2777.777778  4259.259259  0.00005638029955211725
-2777.777778  4382.716049  0.00005488107641400875
-2777.777778  4506.172840  0.00005469334620569555
-2777.777778  4629.629630  0.00005958528355328868
-2777.777778  4753.086420  0.00005489144180631950
-2777.777778  4876.543210  0.00005891456051565529

-2654.320988 -5000.000000  0.00001828401143956260
-2654.320988 -4876.543210  0.00006110549122743055
-2654.320988 -4753.086420  0.00005765113230898576
-2654.320988 -4629.629630  0.00006341309148208283
-2654.320988 -4506.172840  0.00005777364670837306
-2654.320988 -4382.716049  0.00005740376089376333
-2654.320988 -4259.259259  0.00005891132200975937
-2654.320988 -4135.802469  0.00005987888848354506
-2654.320988 -4012.345679  0.00006090023148867647
-2654.320988 -3888.888889  0.00005994019855470342
-2654.320988 -3765.432099  0.00006126184670689028
-2654.320988 -3641.975309  0.00005998441322506028
-2654.320988 -3518.518519  0.00006017860673589880
-2654.320988 -3395.061728  0.00005978254891645698
-2654.320988 -3271.604938  0.00005909635158638057
-2654.320988 -3148.148148  0.00005934634381407707
-2654.320988 -3024.691358  0.00006066431912443885
-2654.320988 -2901.234568  0.00006190719026516083
-2654.320988 -2777.777778  0.00006164628607555696
-2654.320988 -2654.320988  0.00005895163368276612
-2654.320988 -2530.864198  0.00005781867048418572
-2654.320988 -2407.407407  0.00006539778607635581
-2654.320988 -2283.950617  0.00006193002267014912
-2654.320988 -2160.493827  0.00006066207458689197
-2654.320988 -2037.037037  0.00006100426667047429
-2654.320988 -1913.580247  0.00006305950220712781
-2654.320988 -1790.123457  0.00006423045463372037
-2654.320988 -1666.666667  0.00006449142254129053
-2654.320988 -1543.209877  0.00006437571981351323
-2654.320988 -1419.753086  0.00006484848991331241
-2654.320988 -1296.296296  0.00006634341985064364
-2654.320988 -1172.839506  0.00006627767716054647
-2654.320988 -1049.382716  0.00006871537761916952
-2654.320988  -925.925926  0.00007101835922537146
-2654.320988  -802.469136  0.00007500285135592593
-2654.320988  -679.012346  0.00008031494465196321
-2654.320988  -555.555556  0.00008679106752927241
-2654.320988  -432.098765  0.00009327334483282442
-2654.320988  -308.641975  0.00009895251024154603
-2654.320988  -185.185185  0.00010377061323462616
-2654.320988   -61.728395  0.00010911086937295738
-2654.320988    61.728395  0.00010911086937295992
-2654.320988   185.185185  0.00010377061323462595
-2654.320988   308.641975  0.00009895251024154457
-2654.320988   432.098765  0.00009327334483282118
-2654.320988   555.555556  0.00008679106752926590
-2654.320988   679.012346  0.00008031494465195710
-2654.320988   802.469136  0.00007500285135591450
-2654.320988   925.925926  0.00007101835922536011
-2654.320988  1049.382716  0.00006871537761915823
-2654.320988  1172.839506  0.00006627767716052824
-2654.320988  1296.296296  0.00006634341985062670
-2654.320988  1419.753086  0.00006484848991329285
-2654.320988  1543.209877  0.00006437571981348939
-2654.320988  1666.666667  0.00006449142254126435
-2654.320988  1790.123457  0.00006423045463368968
-2654.320988  1913.580247  0.00006305950220709945
-2654.320988  2037.037037  0.00006100426667044568
-2654.320988  2160.493827  0.00006066207458686099
-2654.320988  2283.950617  0.00006193002267011700
-2654.320988  2407.407407  0.00006539778607631340
-2654.320988  2530.864198  0.00005781867048414968
-2654.320988  2654.320988  0.00005895163368272560
-2654.320988  2777.777778  0.00006164628607551404
-2654.320988  2901.234568  0.00006190719026511828
-2654.320988  3024.691358  0.00006066431912439176
-2654.320988  3148.148148  0.00005934634381402952
-2654.320988  3271.604938  0.00005909635158632955
-2654.320988  3395.061728  0.00005978254891640254
-2654.320988  3518.518519  0.00006017860673584504
-2654.320988  3641.975309  0.00005998441322500239
-2654.320988  3765.432099  0.00006126184670683128
-2654.320988  3888.888889  0.00005994019855464388
-2654.320988  4012.345679  0.00006090023148861463
-2654.320988  4135.802469  0.00005987888848348545
-2654.320988  4259.259259  0.00005891132200969689
-2654.320988  4382.716049  0.00005740376089370103
-2654.320988  4506.172840  0.00005777364670830951
-2654.320988  4629.629630  0.00006341309148200987
-2654.320988  4753.086420  0.00005765113230891873
-2654.320988  4876.543210  0.00006110549122735711

-2530.864198 -5000.000000  0.00001864907717030917
-2530.864198 -4876.543210  0.00006783322147079572
-2530.864198 -4753.086420  0.00006315439584147002
-2530.864198 -4629.629630  0.00006809452943595827
-2530.864198 -4506.172840  0.00006299576409089390
-2530.864198 -4382.716049  0.00006357524001198545
-2530.864198 -4259.259259  0.00006522459577345798
-2530.864198 -4135.802469  0.00006550997857297395
-2530.864198 -4012.345679  0.00006609670395802551
-2530.864198 -3888.888889  0.00006561266632552740
-2530.864198 -3765.432099  0.00006613147428401711
-2530.864198 -3641.975309  0.00006574313462012090
-2530.864198 -3518.518519  0.00006550254436188444
-2530.864198 -3395.061728  0.00006535385502023869
-2530.864198 -3271.604938  0.00006533060156608874
-2530.864198 -3148.148148  0.00006571388460887358
-2530.864198 -3024.691358  0.00006623970333097212
-2530.864198 -2901.234568  0.00006653019360658336
-2530.864198 -2777.777778  0.00006683439159240420
-2530.864198 -2654.320988  0.00006585713609236056
-2530.864198 -2530.864198  0.00006372538975248916
-2530.864198 -2407.407407  0.00007297372203526177
-2530.864198 -2283.950617  0.00006964830581320120
-2530.864198 -2160.493827  0.00007007210370247016
-2530.864198 -2037.037037  0.00006999529240916766
-2530.864198 -1913.580247  0.00007171830004892961
-2530.864198 -1790.123457  0.00007238994900841490
-2530.864198 -1666.666667  0.00007303881583247601
-2530.864198 -1543.209877  0.00007356940577683722
-2530.864198 -1419.753086  0.00007410141287894847
-2530.864198 -1296.296296  0.00007595029354580309
-2530.864198 -1172.839506  0.00007675994352467407
-2530.864198 -1049.382716  0.00007980246515883889
-2530.864198  -925.925926  0.00008311618401208009
-2530.864198  -802.469136  0.00008843461562606315
-2530.864198  -679.012346  0.00009569293434668136
-2530.864198  -555.555556  0.00010497014089643592
-2530.864198  -432.098765  0.00011510670837380275
-2530.864198  -308.641975  0.00012476890641441505
-2530.864198  -185.185185  0.00013284896486646393
-2530.864198   -61.728395  0.00013946681085378156
-2530.864198    61.728395  0.00013946681085378687
-2530.864198   185.185185  0.00013284896486646675
-2530.864198   308.641975  0.00012476890641441494
-2530.864198   432.098765  0.00011510670837379981
-2530.864198   555.555556  0.00010497014089642920
-2530.864198   679.012346  0.00009569293434667770
-2530.864198   802.469136  0.00008843461562605232
-2530.864198   925.925926  0.00008311618401206746
-2530.864198  1049.382716  0.00007980246515882708
-2530.864198  1172.839506  0.00007675994352465229
-2530.864198  1296.296296  0.00007595029354578650
-2530.864198  1419.753086  0.00007410141287892801
-2530.864198  1543.209877  0.00007356940577681268
-2530.864198  1666.666667  0.00007303881583244891
-2530.864198  1790.123457  0.00007238994900838254
-2530.864198  1913.580247  0.00007171830004890045
-2530.864198  2037.037037  0.00006999529240913741
-2530.864198  2160.493827  0.00007007210370243670
-2530.864198  2283.950617  0.00006964830581316640
-2530.864198  2407.407407  0.00007297372203521816
-2530.864198  2530.864198  0.00006372538975245259
-2530.864198  2654.320988  0.00006585713609231830
-2530.864198  2777.777778  0.00006683439159235925
-2530.864198  2901.234568  0.00006653019360653967
-2530.864198  3024.691358  0.00006623970333092384
-2530.864198  3148.148148  0.00006571388460882513
-2530.864198  3271.604938  0.00006533060156603750
-2530.864198  3395.061728  0.00006535385502018358
-2530.864198  3518.518519  0.00006550254436182940
-2530.864198  3641.975309  0.00006574313462006166
-2530.864198  3765.432099  0.00006613147428395683
-2530.864198  3888.888889  0.00006561266632546691
-2530.864198  4012.345679  0.00006609670395796229
-2530.864198  4135.802469  0.00006550997857291221
-2530.864198  4259.259259  0.00006522459577339320
-2530.864198  4382.716049  0.00006357524001192087
-2530.864198  4506.172840  0.00006299576409082961
-2530.864198  4629.629630  0.00006809452943588566
-2530.864198  4753.086420  0.00006315439584140242
-2530.864198  4876.543210  0.00006783322147072133

-2407.407407 -5000.000000  0.00002048345973320730
-2407.407407 -4876.543210  0.00008015530192832367
-2407.407407 -4753.086420  0.00007333205288427805
-2407.407407 -4629.629630  0.00007823334290048484
-2407.407407 -4506.172840  0.00007314442117416877
-2407.407407 -4382.716049  0.00007484314224057860
-2407.407407 -4259.259259  0.00007688002821946520
-2407.407407 -4135.802469  0.00007653055618529498
-2407.407407 -4012.345679  0.00007673671066684963
-2407.407407 -3888.888889  0.00007649026235173014
-2407.407407 -3765.432099  0.00007660077639279121
-2407.407407 -3641.975309  0.00007652971871827641
-2407.407407 -3518.518519  0.00007648030058289012
-2407.407407 -3395.061728  0.00007665655188502639
-2407.407407 -3271.604938  0.00007690816167009771
-2407.407407 -3148.148148  0.00007719256031986363
-2407.407407 -3024.691358  0.00007731285302486316
-2407.407407 -2901.234568  0.00007733784403542540
-2407.407407 -2777.777778  0.00007737131732844710
-2407.407407 -2654.320988  0.00007730905516864731
-2407.407407 -2530.864198  0.00007675134023703491
-2407.407407 -2407.407407  0.00007484816319282966
-2407.407407 -2283.950617  0.00007445023161014100
-2407.407407 -2160.493827  0.00007477837438100566
-2407.407407 -2037.037037  0.00007524434690097180
-2407.407407 -1913.580247  0.00007578130645945949
-2407.407407 -1790.123457  0.00007641416758437193
-2407.407407 -1666.666667  0.00007722150826113398
-2407.407407 -1543.209877  0.00007821141960322825
-2407.407407 -1419.753086  0.00007940151357225313
-2407.407407 -1296.296296  0.00008095610251506840
-2407.407407 -1172.839506  0.00008335400799026511
-2407.407407 -1049.382716  0.00008647048041861646
-2407.407407  -925.925926  0.00009090254510113715
-2407.407407  -802.469136  0.00009711338105327212
-2407.407407  -679.012346  0.00010587477333156050
-2407.407407  -555.555556  0.00011750581521645987
-2407.407407  -432.098765  0.00013136521996367595
-2407.407407  -308.641975  0.00014546647050200936
-2407.407407  -185.185185  0.00015706601367707646
-2407.407407   -61.728395  0.00016401403565453670
-2407.407407    61.728395  0.00016401403565453608
-2407.407407   185.185185  0.00015706601367707681
-2407.407407   308.641975  0.00014546647050200784
-2407.407407   432.098765  0.00013136521996367140
-2407.407407   555.555556  0.00011750581521645236
-2407.407407   679.012346  0.00010587477333155837
-2407.407407   802.469136  0.00009711338105326261
-2407.407407   925.925926  0.00009090254510112502
-2407.407407  1049.382716  0.00008647048041860354
-2407.407407  1172.839506  0.00008335400799024191
-2407.407407  1296.296296  0.00008095610251505133
-2407.407407  1419.753086  0.00007940151357223301
-2407.407407  1543.209877  0.00007821141960320429
-2407.407407  1666.666667  0.00007722150826110746
-2407.407407  1790.123457  0.00007641416758434086
-2407.407407  1913.580247  0.00007578130645942949
-2407.407407  2037.037037  0.00007524434690093766
-2407.407407  2160.493827  0.00007477837438096982
-2407.407407  2283.950617  0.00007445023161010353
-2407.407407  2407.407407  0.00007484816319278201
-2407.407407  2530.864198  0.00007675134023699541
-2407.407407  2654.320988  0.00007730905516860444
-2407.407407  2777.777778  0.00007737131732840013
-2407.407407  2901.234568  0.00007733784403537850
-2407.407407  3024.691358  0.00007731285302481126
-2407.407407  3148.148148  0.00007719256031981183
-2407.407407  3271.604938  0.00007690816167004439
-2407.407407  3395.061728  0.00007665655188497021
-2407.407407  3518.518519  0.00007648030058283374
-2407.407407  3641.975309  0.00007652971871821313
-2407.407407  3765.432099  0.00007660077639272727
-2407.407407  3888.888889  0.00007649026235166700
-2407.407407  4012.345679  0.00007673671066678226
-2407.407407  4135.802469  0.00007653055618522774
-2407.407407  4259.259259  0.00007688002821939300
-2407.407407  4382.716049  0.00007484314224050772
-2407.407407  4506.172840  0.00007314442117410018
-2407.407407  4629.629630  0.00007823334290040900
-2407.407407  4753.086420  0.00007333205288420591
-2407.407407  4876.543210  0.00008015530192824065

-2283.950617 -5000.000000  0.00002060894837416886
-2283.950617 -4876.543210  0.00008051412554999764
-2283.950617 -4753.086420  0.00007356405580402435
-2283.950617 -4629.629630  0.00007844193477773531
-2283.950617 -4506.172840  0.00007346332636511295
-2283.950617 -4382.716049  0.00007526585144347155
-2283.950617 -4259.259259  0.00007731241157544607
-2283.950617 -4135.802469  0.00007688964537994243
-2283.950617 -4012.345679  0.00007701658251279571
-2283.950617 -3888.888889  0.00007680195414366754
-2283.950617 -3765.432099  0.00007679820963793325
-2283.950617 -3641.975309  0.00007689140183362714
-2283.950617 -3518.518519  0.00007681596250500054
-2283.950617 -3395.061728  0.00007704708205517739
-2283.950617 -3271.604938  0.00007740756074274424
-2283.950617 -3148.148148  0.00007771413903867133
-2283.950617 -3024.691358  0.00007767521327903371
-2283.950617 -2901.234568  0.00007745270732705152
-2283.950617 -2777.777778  0.00007759435897253655
-2283.950617 -2654.320988  0.00007796491060207480
-2283.950617 -2530.864198  0.00007797754315445117
-2283.950617 -2407.407407  0.00007933280187859157
-2283.950617 -2283.950617  0.00007909052473297757
-2283.950617 -2160.493827  0.00008004476777885064
-2283.950617 -2037.037037  0.00008030644587783053
-2283.950617 -1913.580247  0.00008086393858306828
-2283.950617 -1790.123457  0.00008136932599536968
-2283.950617 -1666.666667  0.00008235904438722746
-2283.950617 -1543.209877  0.00008366126097092797
-2283.950617 -1419.753086  0.00008503977662051591
-2283.950617 -1296.296296  0.00008699413540666387
-2283.950617 -1172.839506  0.00008972835533876027
-2283.950617 -1049.382716  0.00009350434637739940
-2283.950617  -925.925926  0.00009879098830807844
-2283.950617  -802.469136  0.00010624938578214149
-2283.950617  -679.012346  0.00011684298179977339
-2283.950617  -555.555556  0.00013108052138562928
-2283.950617  -432.098765  0.00014826654365509529
-2283.950617  -308.641975  0.00016601428267115631
-2283.950617  -185.185185  0.00018074292789398353
-2283.950617   -61.728395  0.00018926430984269715
-2283.950617    61.728395  0.00018926430984269666
-2283.950617   185.185185  0.00018074292789398570
-2283.950617   308.641975  0.00016601428267115637
-2283.950617   432.098765  0.00014826654365509141
-2283.950617   555.555556  0.00013108052138562204
-2283.950617   679.012346  0.00011684298179977324
-2283.950617   802.469136  0.00010624938578213225
-2283.950617   925.925926  0.00009879098830806571
-2283.950617  1049.382716  0.00009350434637738710
-2283.950617  1172.839506  0.00008972835533873721
-2283.950617  1296.296296  0.00008699413540664630
-2283.950617  1419.753086  0.00008503977662049446
-2283.950617  1543.209877  0.00008366126097090150
-2283.950617  1666.666667  0.00008235904438719927
-2283.950617  1790.123457  0.00008136932599533728
-2283.950617  1913.580247  0.00008086393858303787
-2283.950617  2037.037037  0.00008030644587779747
-2283.950617  2160.493827  0.00008004476777881399
-2283.950617  2283.950617  0.00007909052473293967
-2283.950617  2407.407407  0.00007933280187854464
-2283.950617  2530.864198  0.00007797754315441205
-2283.950617  2654.320988  0.00007796491060203303
-2283.950617  2777.777778  0.00007759435897249027
-2283.950617  2901.234568  0.00007745270732700495
-2283.950617  3024.691358  0.00007767521327898135
-2283.950617  3148.148148  0.00007771413903862060
-2283.950617  3271.604938  0.00007740756074269295
-2283.950617  3395.061728  0.00007704708205512266
-2283.950617  3518.518519  0.00007681596250494436
-2283.950617  3641.975309  0.00007689140183356457
-2283.950617  3765.432099  0.00007679820963787233
-2283.950617  3888.888889  0.00007680195414360592
-2283.950617  4012.345679  0.00007701658251273019
-2283.950617  4135.802469  0.00007688964537987690
-2283.950617  4259.259259  0.00007731241157537654
-2283.950617  4382.716049  0.00007526585144340221
-2283.950617  4506.172840  0.00007346332636504728
-2283.950617  4629.629630  0.00007844193477766173
-2283.950617  4753.086420  0.00007356405580395430
-2283.950617  4876.543210  0.00008051412554991744

-2160.493827 -5000.000000  0.00002238233863095700
-2160.493827 -4876.543210  0.00008413273454136312
-2160.493827 -4753.086420  0.00007756809162177076
-2160.493827 -4629.629630  0.00008358306500784304
-2160.493827 -4506.172840  0.00007776624374838980
-2160.493827 -4382.716049  0.00007906956039727397
-2160.493827 -4259.259259  0.00008117379337844713
-2160.493827 -4135.802469  0.00008113878735636801
-2160.493827 -4012.345679  0.00008156006725619023
-2160.493827 -3888.888889  0.00008101290570700227
-2160.493827 -3765.432099  0.00008165546347939949
-2160.493827 -3641.975309  0.00008116683712710237
-2160.493827 -3518.518519  0.00008143066626467758
-2160.493827 -3395.061728  0.00008156474741900617
-2160.493827 -3271.604938  0.00008149658671354016
-2160.493827 -3148.148148  0.00008167247218566989
-2160.493827 -3024.691358  0.00008208355585100047
-2160.493827 -2901.234568  0.00008246470636190000
-2160.493827 -2777.777778  0.00008226023680380810
-2160.493827 -2654.320988  0.00008175299118685209
-2160.493827 -2530.864198  0.00008300475128477120
-2160.493827 -2407.407407  0.00008416377781464780
-2160.493827 -2283.950617  0.00008451329108095601
-2160.493827 -2160.493827  0.00008419326931703331
-2160.493827 -2037.037037  0.00008486625247137703
-2160.493827 -1913.580247  0.00008577554357594098
-2160.493827 -1790.123457  0.00008683389409438494
-2160.493827 -1666.666667  0.00008771622075884194
-2160.493827 -1543.209877  0.00008885207991214116
-2160.493827 -1419.753086  0.00009078496252587307
-2160.493827 -1296.296296  0.00009308697127250853
-2160.493827 -1172.839506  0.00009600528468364654
-2160.493827 -1049.382716  0.00010043724723787584
-2160.493827  -925.925926  0.00010668800087381074
-2160.493827  -802.469136  0.00011553553351675487
-2160.493827  -679.012346  0.00012813579037653102
-2160.493827  -555.555556  0.00014502272400776891
-2160.493827  -432.098765  0.00016540769586644155
-2160.493827  -308.641975  0.00018652121100225263
-2160.493827  -185.185185  0.00020420975199804815
-2160.493827   -61.728395  0.00021472184178512497
-2160.493827    61.728395  0.00021472184178512985
-2160.493827   185.185185  0.00020420975199805360
-2160.493827   308.641975  0.00018652121100225656
-2160.493827   432.098765  0.00016540769586643978
-2160.493827   555.555556  0.00014502272400776021
-2160.493827   679.012346  0.00012813579037652820
-2160.493827   802.469136  0.00011553553351674262
-2160.493827   925.925926  0.00010668800087379728
-2160.493827  1049.382716  0.00010043724723786254
-2160.493827  1172.839506  0.00009600528468362312
-2160.493827  1296.296296  0.00009308697127248943
-2160.493827  1419.753086  0.00009078496252585015
-2160.493827  1543.209877  0.00008885207991211383
-2160.493827  1666.666667  0.00008771622075881266
-2160.493827  1790.123457  0.00008683389409435025
-2160.493827  1913.580247  0.00008577554357590861
-2160.493827  2037.037037  0.00008486625247134294
-2160.493827  2160.493827  0.00008419326931699501
-2160.493827  2283.950617  0.00008451329108091462
-2160.493827  2407.407407  0.00008416377781459683
-2160.493827  2530.864198  0.00008300475128473198
-2160.493827  2654.320988  0.00008175299118681023
-2160.493827  2777.777778  0.00008226023680376129
-2160.493827  2901.234568  0.00008246470636185253
-2160.493827  3024.691358  0.00008208355585094805
-2160.493827  3148.148148  0.00008167247218561808
-2160.493827  3271.604938  0.00008149658671348778
-2160.493827  3395.061728  0.00008156474741895060
-2160.493827  3518.518519  0.00008143066626462082
-2160.493827  3641.975309  0.00008116683712703901
-2160.493827  3765.432099  0.00008165546347933684
-2160.493827  3888.888889  0.00008101290570693987
-2160.493827  4012.345679  0.00008156006725612343
-2160.493827  4135.802469  0.00008113878735630148
-2160.493827  4259.259259  0.00008117379337837731
-2160.493827  4382.716049  0.00007906956039720481
-2160.493827  4506.172840  0.00007776624374832366
-2160.493827  4629.629630  0.00008358306500776764
-2160.493827  4753.086420  0.00007756809162170016
-2160.493827  4876.543210  0.00008413273454128340

-2037.037037 -5000.000000  0.00002307010734569628
-2037.037037 -4876.543210  0.00008828919131832978
-2037.037037 -4753.086420  0.00008176413846105798
-2037.037037 -4629.629630  0.00008783360474463695
-2037.037037 -4506.172840  0.00008187714118901831
-2037.037037 -4382.716049  0.00008326381369849623
-2037.037037 -4259.259259  0.00008540308376909063
-2037.037037 -4135.802469  0.00008529068829382533
-2037.037037 -4012.345679  0.00008572391815051061
-2037.037037 -3888.888889  0.00008531229672810651
-2037.037037 -3765.432099  0.00008586444900011446
-2037.037037 -3641.975309  0.00008555951707744373
-2037.037037 -3518.518519  0.00008572127528697142
-2037.037037 -3395.061728  0.00008585864335189780
-2037.037037 -3271.604938  0.00008586133016432543
-2037.037037 -3148.148148  0.00008606978005286742
-2037.037037 -3024.691358  0.00008640013791464742
-2037.037037 -2901.234568  0.00008669843280931770
-2037.037037 -2777.777778  0.00008669255503868845
-2037.037037 -2654.320988  0.00008642898524301045
-2037.037037 -2530.864198  0.00008717217761830515
-2037.037037 -2407.407407  0.00008897775419727233
-2037.037037 -2283.950617  0.00008907988375597570
-2037.037037 -2160.493827  0.00008916318523378934
-2037.037037 -2037.037037  0.00008978363030585795
-2037.037037 -1913.580247  0.00009077893311194376
-2037.037037 -1790.123457  0.00009183653091025947
-2037.037037 -1666.666667  0.00009292094510191640
-2037.037037 -1543.209877  0.00009431643690951219
-2037.037037 -1419.753086  0.00009639787616516424
-2037.037037 -1296.296296  0.00009903666133139296
-2037.037037 -1172.839506  0.00010261431410713642
-2037.037037 -1049.382716  0.00010768935231110931
-2037.037037  -925.925926  0.00011485308261067093
-2037.037037  -802.469136  0.00012499617443058960
-2037.037037  -679.012346  0.00013947263227800547
-2037.037037  -555.555556  0.00015892694562908590
-2037.037037  -432.098765  0.00018251452670487215
-2037.037037  -308.641975  0.00020709159732214060
-2037.037037  -185.185185  0.00022779150429060274
-2037.037037   -61.728395  0.00024003445743046661
-2037.037037    61.728395  0.00024003445743047607
-2037.037037   185.185185  0.00022779150429060930
-2037.037037   308.641975  0.00020709159732214469
-2037.037037   432.098765  0.00018251452670487006
-2037.037037   555.555556  0.00015892694562907585
-2037.037037   679.012346  0.00013947263227800005
-2037.037037   802.469136  0.00012499617443057409
-2037.037037   925.925926  0.00011485308261065594
-2037.037037  1049.382716  0.00010768935231109578
-2037.037037  1172.839506  0.00010261431410711128
-2037.037037  1296.296296  0.00009903666133137321
-2037.037037  1419.753086  0.00009639787616514072
-2037.037037  1543.209877  0.00009431643690948301
-2037.037037  1666.666667  0.00009292094510188445
-2037.037037  1790.123457  0.00009183653091022249
-2037.037037  1913.580247  0.00009077893311190940
-2037.037037  2037.037037  0.00008978363030582105
-2037.037037  2160.493827  0.00008916318523374928
-2037.037037  2283.950617  0.00008907988375593397
-2037.037037  2407.407407  0.00008897775419722072
-2037.037037  2530.864198  0.00008717217761826326
-2037.037037  2654.320988  0.00008642898524296548
-2037.037037  2777.777778  0.00008669255503863795
-2037.037037  2901.234568  0.00008669843280926754
-2037.037037  3024.691358  0.00008640013791459270
-2037.037037  3148.148148  0.00008606978005281317
-2037.037037  3271.604938  0.00008586133016427069
-2037.037037  3395.061728  0.00008585864335183934
-2037.037037  3518.518519  0.00008572127528691273
-2037.037037  3641.975309  0.00008555951707737793
-2037.037037  3765.432099  0.00008586444900004782
-2037.037037  3888.888889  0.00008531229672804261
-2037.037037  4012.345679  0.00008572391815044152
-2037.037037  4135.802469  0.00008529068829375687
-2037.037037  4259.259259  0.00008540308376901810
-2037.037037  4382.716049  0.00008326381369842573
-2037.037037  4506.172840  0.00008187714118895039
-2037.037037  4629.629630  0.00008783360474455926
-2037.037037  4753.086420  0.00008176413846098530
-2037.037037  4876.543210  0.00008828919131824768

-1913.580247 -5000.000000  0.00002394990342938593
-1913.580247 -4876.543210  0.00009380594944562355
-1913.580247 -4753.086420  0.00008718449092889184
-1913.580247 -4629.629630  0.00009331653138911404
-1913.580247 -4506.172840  0.00008718001124957819
-1913.580247 -4382.716049  0.00008872519680843651
-1913.580247 -4259.259259  0.00009093380585191095
-1913.580247 -4135.802469  0.00009069917286869979
-1913.580247 -4012.345679  0.00009113848388194072
-1913.580247 -3888.888889  0.00009088803738950064
-1913.580247 -3765.432099  0.00009136143837033441
-1913.580247 -3641.975309  0.00009121839090267971
-1913.580247 -3518.518519  0.00009130153181505365
-1913.580247 -3395.061728  0.00009144959005929691
-1913.580247 -3271.604938  0.00009152757078635907
-1913.580247 -3148.148148  0.00009175508236247600
-1913.580247 -3024.691358  0.00009200868208087707
-1913.580247 -2901.234568  0.00009225797175102109
-1913.580247 -2777.777778  0.00009241991458653100
-1913.580247 -2654.320988  0.00009238924641816056
-1913.580247 -2530.864198  0.00009259070520943252
-1913.580247 -2407.407407  0.00009324836462742340
-1913.580247 -2283.950617  0.00009328740563355005
-1913.580247 -2160.493827  0.00009366874142610210
-1913.580247 -2037.037037  0.00009433245275624025
-1913.580247 -1913.580247  0.00009529915018053555
-1913.580247 -1790.123457  0.00009637932947671413
-1913.580247 -1666.666667  0.00009766216721375528
-1913.580247 -1543.209877  0.00009931324370615339
-1913.580247 -1419.753086  0.00010155603088976193
-1913.580247 -1296.296296  0.00010443481361173183
-1913.580247 -1172.839506  0.00010857213641747125
-1913.580247 -1049.382716  0.00011421982386353851
-1913.580247  -925.925926  0.00012223365589077574
-1913.580247  -802.469136  0.00013355520356963949
-1913.580247  -679.012346  0.00014972086864301382
-1913.580247  -555.555556  0.00017152654388689263
-1913.580247  -432.098765  0.00019811075927877460
-1913.580247  -308.641975  0.00022596443440025591
-1913.580247  -185.185185  0.00024952035095375877
-1913.580247   -61.728395  0.00026330792430198950
-1913.580247    61.728395  0.00026330792430200083
-1913.580247   185.185185  0.00024952035095376337
-1913.580247   308.641975  0.00022596443440025670
-1913.580247   432.098765  0.00019811075927876943
-1913.580247   555.555556  0.00017152654388688279
-1913.580247   679.012346  0.00014972086864300705
-1913.580247   802.469136  0.00013355520356962285
-1913.580247   925.925926  0.00012223365589075996
-1913.580247  1049.382716  0.00011421982386352257
-1913.580247  1172.839506  0.00010857213641744372
-1913.580247  1296.296296  0.00010443481361170943
-1913.580247  1419.753086  0.00010155603088973573
-1913.580247  1543.209877  0.00009931324370612032
-1913.580247  1666.666667  0.00009766216721372117
-1913.580247  1790.123457  0.00009637932947667396
-1913.580247  1913.580247  0.00009529915018049862
-1913.580247  2037.037037  0.00009433245275620037
-1913.580247  2160.493827  0.00009366874142605809
-1913.580247  2283.950617  0.00009328740563350529
-1913.580247  2407.407407  0.00009324836462736870
-1913.580247  2530.864198  0.00009259070520938947
-1913.580247  2654.320988  0.00009238924641811351
-1913.580247  2777.777778  0.00009241991458647776
-1913.580247  2901.234568  0.00009225797175096708
-1913.580247  3024.691358  0.00009200868208081859
-1913.580247  3148.148148  0.00009175508236241796
-1913.580247  3271.604938  0.00009152757078629982
-1913.580247  3395.061728  0.00009144959005923454
-1913.580247  3518.518519  0.00009130153181499068
-1913.580247  3641.975309  0.00009121839090261036
-1913.580247  3765.432099  0.00009136143837026409
-1913.580247  3888.888889  0.00009088803738943256
-1913.580247  4012.345679  0.00009113848388186807
-1913.580247  4135.802469  0.00009069917286862676
-1913.580247  4259.259259  0.00009093380585183432
-1913.580247  4382.716049  0.00008872519680836105
-1913.580247  4506.172840  0.00008718001124950511
-1913.580247  4629.629630  0.00009331653138903103
-1913.580247  4753.086420  0.00008718449092881524
-1913.580247  4876.543210  0.00009380594944553693

-1790.123457 -5000.000000  0.00002455858642595000
-1790.123457 -4876.543210  0.00009811820350256302
-1790.123457 -4753.086420  0.00009145068754659832
-1790.123457 -4629.629630  0.00009754409001787372
-1790.123457 -4506.172840  0.00009132880260812111
-1790.123457 -4382.716049  0.00009302921042250062
-1790.123457 -4259.259259  0.00009528130469643721
-1790.123457 -4135.802469  0.00009492032878153087
-1790.123457 -4012.345679  0.00009534349708012188
-1790.123457 -3888.888889  0.00009526583294699065
-1790.123457 -3765.432099  0.00009559723828693901
-1790.123457 -3641.975309  0.00009568966174746516
-1790.123457 -3518.518519  0.00009564794128561921
-1790.123457 -3395.061728  0.00009581265744693268
-1790.123457 -3271.604938  0.00009600176134908301
-1790.123457 -3148.148148  0.00009626834513498259
-1790.123457 -3024.691358  0.00009639969797899792
-1790.123457 -2901.234568  0.00009652226240548345
-1790.123457 -2777.777778  0.00009690239546660384
-1790.123457 -2654.320988  0.00009719432995808278
-1790.123457 -2530.864198  0.00009676768587764528
-1790.123457 -2407.407407  0.00009745149505679990
-1790.123457 -2283.950617  0.00009726925464867111
-1790.123457 -2160.493827  0.00009813025994679342
-1790.123457 -2037.037037  0.00009873515887588911
-1790.123457 -1913.580247  0.00009970908547340800
-1790.123457 -1790.123457  0.00010074416247732814
-1790.123457 -1666.666667  0.00010223244892952441
-1790.123457 -1543.209877  0.00010415153067987714
-1790.123457 -1419.753086  0.00010647783080073416
-1790.123457 -1296.296296  0.00010962846680014646
-1790.123457 -1172.839506  0.00011401791922299991
-1790.123457 -1049.382716  0.00012021778549353779
-1790.123457  -925.925926  0.00012895912617287561
-1790.123457  -802.469136  0.00014134333598391614
-1790.123457  -679.012346  0.00015901721098457997
-1790.123457  -555.555556  0.00018294640902715906
-1790.123457  -432.098765  0.00021221969325978590
-1790.123457  -308.641975  0.00024302538632650221
-1790.123457  -185.185185  0.00026918159157140927
-1790.123457   -61.728395  0.00028442993692760115
-1790.123457    61.728395  0.00028442993692761107
-1790.123457   185.185185  0.00026918159157141464
-1790.123457   308.641975  0.00024302538632650346
-1790.123457   432.098765  0.00021221969325978086
-1790.123457   555.555556  0.00018294640902714993
-1790.123457   679.012346  0.00015901721098457376
-1790.123457   802.469136  0.00014134333598389806
-1790.123457   925.925926  0.00012895912617285604
-1790.123457  1049.382716  0.00012021778549351670
-1790.123457  1172.839506  0.00011401791922296844
-1790.123457  1296.296296  0.00010962846680012124
-1790.123457  1419.753086  0.00010647783080070528
-1790.123457  1543.209877  0.00010415153067984309
-1790.123457  1666.666667  0.00010223244892948753
-1790.123457  1790.123457  0.00010074416247728486
-1790.123457  1913.580247  0.00009970908547337042
-1790.123457  2037.037037  0.00009873515887584793
-1790.123457  2160.493827  0.00009813025994674906
-1790.123457  2283.950617  0.00009726925464862466
-1790.123457  2407.407407  0.00009745149505674486
-1790.123457  2530.864198  0.00009676768587759787
-1790.123457  2654.320988  0.00009719432995802999
-1790.123457  2777.777778  0.00009690239546654584
-1790.123457  2901.234568  0.00009652226240542531
-1790.123457  3024.691358  0.00009639969797893520
-1790.123457  3148.148148  0.00009626834513492228
-1790.123457  3271.604938  0.00009600176134902258
-1790.123457  3395.061728  0.00009581265744686898
-1790.123457  3518.518519  0.00009564794128555428
-1790.123457  3641.975309  0.00009568966174739326
-1790.123457  3765.432099  0.00009559723828686703
-1790.123457  3888.888889  0.00009526583294692017
-1790.123457  4012.345679  0.00009534349708004658
-1790.123457  4135.802469  0.00009492032878145640
-1790.123457  4259.259259  0.00009528130469635709
-1790.123457  4382.716049  0.00009302921042242274
-1790.123457  4506.172840  0.00009132880260804558
-1790.123457  4629.629630  0.00009754409001778844
-1790.123457  4753.086420  0.00009145068754651759
-1790.123457  4876.543210  0.00009811820350247335

-1666.666667 -5000.000000  0.00002550064433503716
-1666.666667 -4876.543210  0.00010157352543192049
-1666.666667 -4753.086420  0.00009505401409042677
-1666.666667 -4629.629630  0.00010153724040548598
-1666.666667 -4506.172840  0.00009497995007864937
-1666.666667 -4382.716049  0.00009656989562709094
-1666.666667 -4259.259259  0.00009886174242678962
-1666.666667 -4135.802469  0.00009858269653811003
-1666.666667 -4012.345679  0.00009910946277608194
-1666.666667 -3888.888889  0.00009900369212607413
-1666.666667 -3765.432099  0.00009949602084053157
-1666.666667 -3641.975309  0.00009950630582244979
-1666.666667 -3518.518519  0.00009951574446610206
-1666.666667 -3395.061728  0.00009965112350040769
-1666.666667 -3271.604938  0.00009974145764938230
-1666.666667 -3148.148148  0.00009998296173732687
-1666.666667 -3024.691358  0.00010021473909205221
-1666.666667 -2901.234568  0.00010049028656468785
-1666.666667 -2777.777778  0.00010086685480849995
-1666.666667 -2654.320988  0.00010100362500300426
-1666.666667 -2530.864198  0.00010065503454714369
-1666.666667 -2407.407407  0.00010143111567203850
-1666.666667 -2283.950617  0.00010130434190036992
-1666.666667 -2160.493827  0.00010195734398270689
-1666.666667 -2037.037037  0.00010266928347507862
-1666.666667 -1913.580247  0.00010378645795310988
-1666.666667 -1790.123457  0.00010499021588882369
-1666.666667 -1666.666667  0.00010653387442636291
-1666.666667 -1543.209877  0.00010851415760807186
-1666.666667 -1419.753086  0.00011105933422693733
-1666.666667 -1296.296296  0.00011446083503209940
-1666.666667 -1172.839506  0.00011893693274498210
-1666.666667 -1049.382716  0.00012561958384104324
-1666.666667  -925.925926  0.00013501315239812937
-1666.666667  -802.469136  0.00014835773236090529
-1666.666667  -679.012346  0.00016740210873879234
-1666.666667  -555.555556  0.00019320931715794491
-1666.666667  -432.098765  0.00022481073206784993
-1666.666667  -308.641975  0.00025814084448356952
-1666.666667  -185.185185  0.00028655758093340658
-1666.666667   -61.728395  0.00030325081856220627
-1666.666667    61.728395  0.00030325081856221516
-1666.666667   185.185185  0.00028655758093340918
-1666.666667   308.641975  0.00025814084448356572
-1666.666667   432.098765  0.00022481073206784123
-1666.666667   555.555556  0.00019320931715793372
-1666.666667   679.012346  0.00016740210873878307
-1666.666667   802.469136  0.00014835773236088429
-1666.666667   925.925926  0.00013501315239810606
-1666.666667  1049.382716  0.00012561958384101909
-1666.666667  1172.839506  0.00011893693274494784
-1666.666667  1296.296296  0.00011446083503207159
-1666.666667  1419.753086  0.00011105933422690725
-1666.666667  1543.209877  0.00010851415760803484
-1666.666667  1666.666667  0.00010653387442632356
-1666.666667  1790.123457  0.00010499021588877724
-1666.666667  1913.580247  0.00010378645795306909
-1666.666667  2037.037037  0.00010266928347503604
-1666.666667  2160.493827  0.00010195734398265746
-1666.666667  2283.950617  0.00010130434190032004
-1666.666667  2407.407407  0.00010143111567197871
-1666.666667  2530.864198  0.00010065503454709076
-1666.666667  2654.320988  0.00010100362500294674
-1666.666667  2777.777778  0.00010086685480843655
-1666.666667  2901.234568  0.00010049028656462584
-1666.666667  3024.691358  0.00010021473909198470
-1666.666667  3148.148148  0.00009998296173726320
-1666.666667  3271.604938  0.00009974145764931891
-1666.666667  3395.061728  0.00009965112350034114
-1666.666667  3518.518519  0.00009951574446603450
-1666.666667  3641.975309  0.00009950630582237528
-1666.666667  3765.432099  0.00009949602084045821
-1666.666667  3888.888889  0.00009900369212600129
-1666.666667  4012.345679  0.00009910946277600448
-1666.666667  4135.802469  0.00009858269653803312
-1666.666667  4259.259259  0.00009886174242670754
-1666.666667  4382.716049  0.00009656989562700956
-1666.666667  4506.172840  0.00009497995007856965
-1666.666667  4629.629630  0.00010153724040539736
-1666.666667  4753.086420  0.00009505401409034436
-1666.666667  4876.543210  0.00010157352543182843

-1543.209877 -5000.000000  0.00002637790436438652
-1543.209877 -4876.543210  0.00010429438228152867
-1543.209877 -4753.086420  0.00009794089485504828
-1543.209877 -4629.629630  0.00010485689858083868
-1543.209877 -4506.172840  0.00009795663905744590
-1543.209877 -4382.716049  0.00009939714055283074
-1543.209877 -4259.259259  0.00010172280803088503
-1543.209877 -4135.802469  0.00010155916434522403
-1543.209877 -4012.345679  0.00010219759474054941
-1543.209877 -3888.888889  0.00010202202653847718
-1543.209877 -3765.432099  0.00010271664878277525
-1543.209877 -3641.975309  0.00010258421998835141
-1543.209877 -3518.518519  0.00010268333741909061
-1543.209877 -3395.061728  0.00010278600738429873
-1543.209877 -3271.604938  0.00010274722550642359
-1543.209877 -3148.148148  0.00010295195975887881
-1543.209877 -3024.691358  0.00010331355192987151
-1543.209877 -2901.234568  0.00010376997086621596
-1543.209877 -2777.777778  0.00010409237612153530
-1543.209877 -2654.320988  0.00010400855759000144
-1543.209877 -2530.864198  0.00010396786632213050
-1543.209877 -2407.407407  0.00010507939739829179
-1543.209877 -2283.950617  0.00010508408908071696
-1543.209877 -2160.493827  0.00010543500086484012
-1543.209877 -2037.037037  0.00010626103272556247
-1543.209877 -1913.580247  0.00010752750871271941
-1543.209877 -1790.123457  0.00010890823702887586
-1543.209877 -1666.666667  0.00011046356936083046
-1543.209877 -1543.209877  0.00011245067851854213
-1543.209877 -1419.753086  0.00011521987377876150
-1543.209877 -1296.296296  0.00011883883113829513
-1543.209877 -1172.839506  0.00012366211073592631
-1543.209877 -1049.382716  0.00013074128144955800
-1543.209877  -925.925926  0.00014070833003401893
-1543.209877  -802.469136  0.00015486793154661141
-1543.209877  -679.012346  0.00017510612952239207
-1543.209877  -555.555556  0.00020252024532754905
-1543.209877  -432.098765  0.00023610998768125425
-1543.209877  -308.641975  0.00027159224436777994
-1543.209877  -185.185185  0.00030193762095390977
-1543.209877   -61.728395  0.00031986571421784281
-1543.209877    61.728395  0.00031986571421784601
-1543.209877   185.185185  0.00030193762095390988
-1543.209877   308.641975  0.00027159224436777414
-1543.209877   432.098765  0.00023610998768124061
-1543.209877   555.555556  0.00020252024532753290
-1543.209877   679.012346  0.00017510612952237914
-1543.209877   802.469136  0.00015486793154658484
-1543.209877   925.925926  0.00014070833003399259
-1543.209877  1049.382716  0.00013074128144953100
-1543.209877  1172.839506  0.00012366211073588771
-1543.209877  1296.296296  0.00011883883113826325
-1543.209877  1419.753086  0.00011521987377872834
-1543.209877  1543.209877  0.00011245067851850166
-1543.209877  1666.666667  0.00011046356936078716
-1543.209877  1790.123457  0.00010890823702882622
-1543.209877  1913.580247  0.00010752750871267565
-1543.209877  2037.037037  0.00010626103272551508
-1543.209877  2160.493827  0.00010543500086478862
-1543.209877  2283.950617  0.00010508408908066507
-1543.209877  2407.407407  0.00010507939739822938
-1543.209877  2530.864198  0.00010396786632207731
-1543.209877  2654.320988  0.00010400855758994039
-1543.209877  2777.777778  0.00010409237612146949
-1543.209877  2901.234568  0.00010376997086615164
-1543.209877  3024.691358  0.00010331355192980220
-1543.209877  3148.148148  0.00010295195975881326
-1543.209877  3271.604938  0.00010274722550635859
-1543.209877  3395.061728  0.00010278600738422950
-1543.209877  3518.518519  0.00010268333741902045
-1543.209877  3641.975309  0.00010258421998827301
-1543.209877  3765.432099  0.00010271664878269940
-1543.209877  3888.888889  0.00010202202653840208
-1543.209877  4012.345679  0.00010219759474046952
-1543.209877  4135.802469  0.00010155916434514559
-1543.209877  4259.259259  0.00010172280803080152
-1543.209877  4382.716049  0.00009939714055274766
-1543.209877  4506.172840  0.00009795663905736460
-1543.209877  4629.629630  0.00010485689858074704
-1543.209877  4753.086420  0.00009794089485496323
-1543.209877  4876.543210  0.00010429438228143642

-1419.753086 -5000.000000  0.00002675513580421377
-1419.753086 -4876.543210  0.00010673949031281347
-1419.753086 -4753.086420  0.00010034538746325339
-1419.753086 -4629.629630  0.00010726082767405580
-1419.753086 -4506.172840  0.00010032932805178456
-1419.753086 -4382.716049  0.00010186939894060189
-1419.753086 -4259.259259  0.00010422485405213358
-1419.753086 -4135.802469  0.00010398700623174997
-1419.753086 -4012.345679  0.00010460859951647341
-1419.753086 -3888.888889  0.00010452647990896613
-1419.753086 -3765.432099  0.00010514606018988153
-1419.753086 -3641.975309  0.00010513265916513436
-1419.753086 -3518.518519  0.00010518446081147683
-1419.753086 -3395.061728  0.00010530354956624401
-1419.753086 -3271.604938  0.00010533072965869284
-1419.753086 -3148.148148  0.00010555141647388297
-1419.753086 -3024.691358  0.00010583116710453180
-1419.753086 -2901.234568  0.00010618903858521656
-1419.753086 -2777.777778  0.00010662510372625591
-1419.753086 -2654.320988  0.00010676794275334221
-1419.753086 -2530.864198  0.00010660756012492545
-1419.753086 -2407.407407  0.00010826222316928827
-1419.753086 -2283.950617  0.00010821778367650559
-1419.753086 -2160.493827  0.00010889757742350721
-1419.753086 -2037.037037  0.00010967009461994171
-1419.753086 -1913.580247  0.00011092395235530532
-1419.753086 -1790.123457  0.00011223340732679014
-1419.753086 -1666.666667  0.00011388485076725811
-1419.753086 -1543.209877  0.00011602721454466718
-1419.753086 -1419.753086  0.00011888041488736279
-1419.753086 -1296.296296  0.00012260162720678221
-1419.753086 -1172.839506  0.00012825540693632627
-1419.753086 -1049.382716  0.00013557747717582162
-1419.753086  -925.925926  0.00014603309230311787
-1419.753086  -802.469136  0.00016077970503013342
-1419.753086  -679.012346  0.00018191426946775590
-1419.753086  -555.555556  0.00021054294449447520
-1419.753086  -432.098765  0.00024571705053930051
-1419.753086  -308.641975  0.00028294861192239144
-1419.753086  -185.185185  0.00031478381323786774
-1419.753086   -61.728395  0.00033342675239489942
-1419.753086    61.728395  0.00033342675239489823
-1419.753086   185.185185  0.00031478381323786427
-1419.753086   308.641975  0.00028294861192238303
-1419.753086   432.098765  0.00024571705053928381
-1419.753086   555.555556  0.00021054294449444932
-1419.753086   679.012346  0.00018191426946773635
-1419.753086   802.469136  0.00016077970503010439
-1419.753086   925.925926  0.00014603309230308716
-1419.753086  1049.382716  0.00013557747717578929
-1419.753086  1172.839506  0.00012825540693628173
-1419.753086  1296.296296  0.00012260162720674763
-1419.753086  1419.753086  0.00011888041488732737
-1419.753086  1543.209877  0.00011602721454462482
-1419.753086  1666.666667  0.00011388485076721411
-1419.753086  1790.123457  0.00011223340732673772
-1419.753086  1913.580247  0.00011092395235526020
-1419.753086  2037.037037  0.00010967009461989219
-1419.753086  2160.493827  0.00010889757742345529
-1419.753086  2283.950617  0.00010821778367645089
-1419.753086  2407.407407  0.00010826222316922389
-1419.753086  2530.864198  0.00010660756012486945
-1419.753086  2654.320988  0.00010676794275328030
-1419.753086  2777.777778  0.00010662510372618820
-1419.753086  2901.234568  0.00010618903858514888
-1419.753086  3024.691358  0.00010583116710446075
-1419.753086  3148.148148  0.00010555141647381539
-1419.753086  3271.604938  0.00010533072965862426
-1419.753086  3395.061728  0.00010530354956617281
-1419.753086  3518.518519  0.00010518446081140374
-1419.753086  3641.975309  0.00010513265916505439
-1419.753086  3765.432099  0.00010514606018980199
-1419.753086  3888.888889  0.00010452647990888888
-1419.753086  4012.345679  0.00010460859951639121
-1419.753086  4135.802469  0.00010398700623167088
-1419.753086  4259.259259  0.00010422485405204902
-1419.753086  4382.716049  0.00010186939894051807
-1419.753086  4506.172840  0.00010032932805170250
-1419.753086  4629.629630  0.00010726082767396216
-1419.753086  4753.086420  0.00010034538746316655
-1419.753086  4876.543210  0.00010673949031272016

-1296.296296 -5000.000000  0.00002745143670143089
-1296.296296 -4876.543210  0.00010997349020792986
-1296.296296 -4753.086420  0.00010355430365440250
-1296.296296 -4629.629630  0.00011064602074113256
-1296.296296 -4506.172840  0.00010353258993937996
-1296.296296 -4382.716049  0.00010510288957013722
-1296.296296 -4259.259259  0.00010750409325019423
-1296.296296 -4135.802469  0.00010724794179677785
-1296.296296 -4012.345679  0.00010790119739141357
-1296.296296 -3888.888889  0.00010785841869356087
-1296.296296 -3765.432099  0.00010850922530833362
-1296.296296 -3641.975309  0.00010855069375108326
-1296.296296 -3518.518519  0.00010859212476925196
-1296.296296 -3395.061728  0.00010871441517276508
-1296.296296 -3271.604938  0.00010873712237312173
-1296.296296 -3148.148148  0.00010895127865623355
-1296.296296 -3024.691358  0.00010922177721646662
-1296.296296 -2901.234568  0.00010959968556918591
-1296.296296 -2777.777778  0.00011008336646561363
-1296.296296 -2654.320988  0.00011027637459923332
-1296.296296 -2530.864198  0.00011000017233588511
-1296.296296 -2407.407407  0.00011115294691439788
-1296.296296 -2283.950617  0.00011117322928769158
-1296.296296 -2160.493827  0.00011189448164688492
-1296.296296 -2037.037037  0.00011270577201984424
-1296.296296 -1913.580247  0.00011394598268571341
-1296.296296 -1790.123457  0.00011528176829254450
-1296.296296 -1666.666667  0.00011697465251214594
-1296.296296 -1543.209877  0.00011918016428611231
-1296.296296 -1419.753086  0.00012206042805578161
-1296.296296 -1296.296296  0.00012589676063953678
-1296.296296 -1172.839506  0.00013040175868084453
-1296.296296 -1049.382716  0.00013795571224919169
-1296.296296  -925.925926  0.00014850194481968052
-1296.296296  -802.469136  0.00016350831305816834
-1296.296296  -679.012346  0.00018487389097610583
-1296.296296  -555.555556  0.00021390087226168673
-1296.296296  -432.098765  0.00024952123511072239
-1296.296296  -308.641975  0.00028717682769934286
-1296.296296  -185.185185  0.00031930681134641572
-1296.296296   -61.728395  0.00033799887967783790
-1296.296296    61.728395  0.00033799887967784429
-1296.296296   185.185185  0.00031930681134640526
-1296.296296   308.641975  0.00028717682769932611
-1296.296296   432.098765  0.00024952123511069930
-1296.296296   555.555556  0.00021390087226165453
-1296.296296   679.012346  0.00018487389097608114
-1296.296296   802.469136  0.00016350831305813319
-1296.296296   925.925926  0.00014850194481964623
-1296.296296  1049.382716  0.00013795571224915740
-1296.296296  1172.839506  0.00013040175868079832
-1296.296296  1296.296296  0.00012589676063949962
-1296.296296  1419.753086  0.00012206042805574210
-1296.296296  1543.209877  0.00011918016428606722
-1296.296296  1666.666667  0.00011697465251209864
-1296.296296  1790.123457  0.00011528176829249069
-1296.296296  1913.580247  0.00011394598268566530
-1296.296296  2037.037037  0.00011270577201979296
-1296.296296  2160.493827  0.00011189448164682791
-1296.296296  2283.950617  0.00011117322928763520
-1296.296296  2407.407407  0.00011115294691432888
-1296.296296  2530.864198  0.00011000017233582445
-1296.296296  2654.320988  0.00011027637459916599
-1296.296296  2777.777778  0.00011008336646554007
-1296.296296  2901.234568  0.00010959968556911311
-1296.296296  3024.691358  0.00010922177721638884
-1296.296296  3148.148148  0.00010895127865616281
-1296.296296  3271.604938  0.00010873712237305140
-1296.296296  3395.061728  0.00010871441517269005
-1296.296296  3518.518519  0.00010859212476917621
-1296.296296  3641.975309  0.00010855069375099919
-1296.296296  3765.432099  0.00010850922530825154
-1296.296296  3888.888889  0.00010785841869347992
-1296.296296  4012.345679  0.00010790119739132790
-1296.296296  4135.802469  0.00010724794179669319
-1296.296296  4259.259259  0.00010750409325010541
-1296.296296  4382.716049  0.00010510288957004956
-1296.296296  4506.172840  0.00010353258993929477
-1296.296296  4629.629630  0.00011064602074103753
-1296.296296  4753.086420  0.00010355430365431379
-1296.296296  4876.543210  0.00010997349020783285

-1172.839506 -5000.000000  0.00002811717313356663
-1172.839506 -4876.543210  0.00011131013857109826
-1172.839506 -4753.086420  0.00010508143616119831
-1172.839506 -4629.629630  0.00011236909540862308
-1172.839506 -4506.172840  0.00010511220844807410
-1172.839506 -4382.716049  0.00010658018132387921
-1172.839506 -4259.259259  0.00010898563520227067
-1172.839506 -4135.802469  0.00010879756047734326
-1172.839506 -4012.345679  0.00010951192276747626
-1172.839506 -3888.888889  0.00010944740738360112
-1172.839506 -3765.432099  0.00011020637374575922
-1172.839506 -3641.975309  0.00011013812430786533
-1172.839506 -3518.518519  0.00011024799060595180
-1172.839506 -3395.061728  0.00011034482810062183
-1172.839506 -3271.604938  0.00011028072947434094
-1172.839506 -3148.148148  0.00011046692263442945
-1172.839506 -3024.691358  0.00011081776216157362
-1172.839506 -2901.234568  0.00011129577624468630
-1172.839506 -2777.777778  0.00011173992720972455
-1172.839506 -2654.320988  0.00011179779207189329
-1172.839506 -2530.864198  0.00011182954907238191
-1172.839506 -2407.407407  0.00011408769182715544
-1172.839506 -2283.950617  0.00011397314185987155
-1172.839506 -2160.493827  0.00011448645260467034
-1172.839506 -2037.037037  0.00011551579037750712
-1172.839506 -1913.580247  0.00011692718809136961
-1172.839506 -1790.123457  0.00011815750429016845
-1172.839506 -1666.666667  0.00011963016491614485
-1172.839506 -1543.209877  0.00012192850259020416
-1172.839506 -1419.753086  0.00012543096770655855
-1172.839506 -1296.296296  0.00012807641254855185
-1172.839506 -1172.839506  0.00013533928394876015
-1172.839506 -1049.382716  0.00014186411587956293
-1172.839506  -925.925926  0.00015346191234559558
-1172.839506  -802.469136  0.00016856779986328579
-1172.839506  -679.012346  0.00019034025452294224
-1172.839506  -555.555556  0.00021943592733331553
-1172.839506  -432.098765  0.00025551002376030955
-1172.839506  -308.641975  0.00029360080663580577
-1172.839506  -185.185185  0.00032542742556443399
-1172.839506   -61.728395  0.00034377485127090330
-1172.839506    61.728395  0.00034377485127091235
-1172.839506   185.185185  0.00032542742556442413
-1172.839506   308.641975  0.00029360080663577996
-1172.839506   432.098765  0.00025551002376027670
-1172.839506   555.555556  0.00021943592733327999
-1172.839506   679.012346  0.00019034025452290909
-1172.839506   802.469136  0.00016856779986324194
-1172.839506   925.925926  0.00015346191234555203
-1172.839506  1049.382716  0.00014186411587952202
-1172.839506  1172.839506  0.00013533928394870659
-1172.839506  1296.296296  0.00012807641254851282
-1172.839506  1419.753086  0.00012543096770651491
-1172.839506  1543.209877  0.00012192850259015453
-1172.839506  1666.666667  0.00011963016491609366
-1172.839506  1790.123457  0.00011815750429011082
-1172.839506  1913.580247  0.00011692718809131844
-1172.839506  2037.037037  0.00011551579037745369
-1172.839506  2160.493827  0.00011448645260461156
-1172.839506  2283.950617  0.00011397314185981204
-1172.839506  2407.407407  0.00011408769182708643
-1172.839506  2530.864198  0.00011182954907232083
-1172.839506  2654.320988  0.00011179779207182860
-1172.839506  2777.777778  0.00011173992720965455
-1172.839506  2901.234568  0.00011129577624461638
-1172.839506  3024.691358  0.00011081776216149797
-1172.839506  3148.148148  0.00011046692263435667
-1172.839506  3271.604938  0.00011028072947426739
-1172.839506  3395.061728  0.00011034482810054324
-1172.839506  3518.518519  0.00011024799060587258
-1172.839506  3641.975309  0.00011013812430777875
-1172.839506  3765.432099  0.00011020637374567466
-1172.839506  3888.888889  0.00010944740738351981
-1172.839506  4012.345679  0.00010951192276738990
-1172.839506  4135.802469  0.00010879756047725613
-1172.839506  4259.259259  0.00010898563520217836
-1172.839506  4382.716049  0.00010658018132378879
-1172.839506  4506.172840  0.00010511220844798845
-1172.839506  4629.629630  0.00011236909540852957
-1172.839506  4753.086420  0.00010508143616110961
-1172.839506  4876.543210  0.00011131013857100034

-1049.382716 -5000.000000  0.00002872333199123456
-1049.382716 -4876.543210  0.00011419599774362408
-1049.382716 -4753.086420  0.00010797254219971079
-1049.382716 -4629.629630  0.00011541361650473114
-1049.382716 -4506.172840  0.00010798826721132424
-1049.382716 -4382.716049  0.00010947233196728161
-1049.382716 -4259.259259  0.00011191427389179774
-1049.382716 -4135.802469  0.00011171512813524398
-1049.382716 -4012.345679  0.00011246457146896632
-1049.382716 -3888.888889  0.00011243968955576156
-1049.382716 -3765.432099  0.00011321539243508976
-1049.382716 -3641.975309  0.00011321253337501702
-1049.382716 -3518.518519  0.00011330240221334953
-1049.382716 -3395.061728  0.00011339583715553347
-1049.382716 -3271.604938  0.00011332328766920317
-1049.382716 -3148.148148  0.00011350603419666801
-1049.382716 -3024.691358  0.00011385231187970824
-1049.382716 -2901.234568  0.00011435404687864677
-1049.382716 -2777.777778  0.00011484567388097849
-1049.382716 -2654.320988  0.00011492801709243656
-1049.382716 -2530.864198  0.00011476013479108165
-1049.382716 -2407.407407  0.00011650615274138581
-1049.382716 -2283.950617  0.00011638663070758821
-1049.382716 -2160.493827  0.00011692495244807444
-1049.382716 -2037.037037  0.00011797478466500733
-1049.382716 -1913.580247  0.00011937056415052532
-1049.382716 -1790.123457  0.00012060555416560497
-1049.382716 -1666.666667  0.00012207543811416241
-1049.382716 -1543.209877  0.00012435788946875393
-1049.382716 -1419.753086  0.00012778545681990287
-1049.382716 -1296.296296  0.00013050869679857025
-1049.382716 -1172.839506  0.00013664399776271946
-1049.382716 -1049.382716  0.00014324108515378946
-1049.382716  -925.925926  0.00015459581192429285
-1049.382716  -802.469136  0.00016950348829458163
-1049.382716  -679.012346  0.00019078564215854456
-1049.382716  -555.555556  0.00021913885116164663
-1049.382716  -432.098765  0.00025399673784431726
-1049.382716  -308.641975  0.00029043167544637717
-1049.382716  -185.185185  0.00032045062757758892
-1049.382716   -61.728395  0.00033742606138575238
-1049.382716    61.728395  0.00033742606138575113
-1049.382716   185.185185  0.00032045062757756138
-1049.382716   308.641975  0.00029043167544633738
-1049.382716   432.098765  0.00025399673784427010
-1049.382716   555.555556  0.00021913885116159993
-1049.382716   679.012346  0.00019078564215850531
-1049.382716   802.469136  0.00016950348829453113
-1049.382716   925.925926  0.00015459581192424368
-1049.382716  1049.382716  0.00014324108515374431
-1049.382716  1172.839506  0.00013664399776266257
-1049.382716  1296.296296  0.00013050869679852591
-1049.382716  1419.753086  0.00012778545681985706
-1049.382716  1543.209877  0.00012435788946870083
-1049.382716  1666.666667  0.00012207543811410860
-1049.382716  1790.123457  0.00012060555416554326
-1049.382716  1913.580247  0.00011937056415046894
-1049.382716  2037.037037  0.00011797478466494929
-1049.382716  2160.493827  0.00011692495244801204
-1049.382716  2283.950617  0.00011638663070752522
-1049.382716  2407.407407  0.00011650615274131444
-1049.382716  2530.864198  0.00011476013479101714
-1049.382716  2654.320988  0.00011492801709236766
-1049.382716  2777.777778  0.00011484567388090316
-1049.382716  2901.234568  0.00011435404687857060
-1049.382716  3024.691358  0.00011385231187962738
-1049.382716  3148.148148  0.00011350603419659009
-1049.382716  3271.604938  0.00011332328766912638
-1049.382716  3395.061728  0.00011339583715545215
-1049.382716  3518.518519  0.00011330240221326666
-1049.382716  3641.975309  0.00011321253337492710
-1049.382716  3765.432099  0.00011321539243500323
-1049.382716  3888.888889  0.00011243968955567765
-1049.382716  4012.345679  0.00011246457146887740
-1049.382716  4135.802469  0.00011171512813515346
-1049.382716  4259.259259  0.00011191427389170077
-1049.382716  4382.716049  0.00010947233196718804
-1049.382716  4506.172840  0.00010798826721123604
-1049.382716  4629.629630  0.00011541361650463398
-1049.382716  4753.086420  0.00010797254219961949
-1049.382716  4876.543210  0.00011419599774352369

 -925.925926 -5000.000000  0.00002911384913372173
 -925.925926 -4876.543210  0.00011606952457519455
 -925.925926 -4753.086420  0.00010990702739408902
 -925.925926 -4629.629630  0.00011744352647026359
 -925.925926 -4506.172840  0.00010991342976976386
 -925.925926 -4382.716049  0.00011139786613520952
 -925.925926 -4259.259259  0.00011385818885692170
 -925.925926 -4135.802469  0.00011365575950249893
 -925.925926 -4012.345679  0.00011443172927973086
 -925.925926 -3888.888889  0.00011444158518374555
 -925.925926 -3765.432099  0.00011523803055976026
 -925.925926 -3641.975309  0.00011523819731020344
 -925.925926 -3518.518519  0.00011531931186082256
 -925.925926 -3395.061728  0.00011540352315823266
 -925.925926 -3271.604938  0.00011532464133850229
 -925.925926 -3148.148148  0.00011550380019342843
 -925.925926 -3024.691358  0.00011584765904872574
 -925.925926 -2901.234568  0.00011635332839328170
 -925.925926 -2777.777778  0.00011688847019012414
 -925.925926 -2654.320988  0.00011699341407624380
 -925.925926 -2530.864198  0.00011674081937936285
 -925.925926 -2407.407407  0.00011874915229755984
 -925.925926 -2283.950617  0.00011852839815943592
 -925.925926 -2160.493827  0.00011913036955804239
 -925.925926 -2037.037037  0.00012018511365515854
 -925.925926 -1913.580247  0.00012160013843117057
 -925.925926 -1790.123457  0.00012277771813224529
 -925.925926 -1666.666667  0.00012419684232222201
 -925.925926 -1543.209877  0.00012644526099570515
 -925.925926 -1419.753086  0.00012987226173741877
 -925.925926 -1296.296296  0.00013245845518887285
 -925.925926 -1172.839506  0.00013935937447558591
 -925.925926 -1049.382716  0.00014573710219391775
 -925.925926  -925.925926  0.00015702250431816572
 -925.925926  -802.469136  0.00017160018029002336
 -925.925926  -679.012346  0.00019232995154099263
 -925.925926  -555.555556  0.00021958387859331993
 -925.925926  -432.098765  0.00025271804245052891
 -925.925926  -308.641975  0.00028675577700851138
 -925.925926  -185.185185  0.00031400344981733766
 -925.925926   -61.728395  0.00032887718844387275
 -925.925926    61.728395  0.00032887718844386478
 -925.925926   185.185185  0.00031400344981729261
 -925.925926   308.641975  0.00028675577700845191
 -925.925926   432.098765  0.00025271804245046548
 -925.925926   555.555556  0.00021958387859326086
 -925.925926   679.012346  0.00019232995154094002
 -925.925926   802.469136  0.00017160018028996598
 -925.925926   925.925926  0.00015702250431810923
 -925.925926  1049.382716  0.00014573710219386506
 -925.925926  1172.839506  0.00013935937447552468
 -925.925926  1296.296296  0.00013245845518882450
 -925.925926  1419.753086  0.00012987226173736950
 -925.925926  1543.209877  0.00012644526099564842
 -925.925926  1666.666667  0.00012419684232216398
 -925.925926  1790.123457  0.00012277771813218032
 -925.925926  1913.580247  0.00012160013843111321
 -925.925926  2037.037037  0.00012018511365509796
 -925.925926  2160.493827  0.00011913036955797842
 -925.925926  2283.950617  0.00011852839815937040
 -925.925926  2407.407407  0.00011874915229748547
 -925.925926  2530.864198  0.00011674081937929539
 -925.925926  2654.320988  0.00011699341407617039
 -925.925926  2777.777778  0.00011688847019004403
 -925.925926  2901.234568  0.00011635332839320177
 -925.925926  3024.691358  0.00011584765904864056
 -925.925926  3148.148148  0.00011550380019334759
 -925.925926  3271.604938  0.00011532464133842102
 -925.925926  3395.061728  0.00011540352315814591
 -925.925926  3518.518519  0.00011531931186073590
 -925.925926  3641.975309  0.00011523819731010959
 -925.925926  3765.432099  0.00011523803055967015
 -925.925926  3888.888889  0.00011444158518365826
 -925.925926  4012.345679  0.00011443172927963832
 -925.925926  4135.802469  0.00011365575950240611
 -925.925926  4259.259259  0.00011385818885682317
 -925.925926  4382.716049  0.00011139786613511528
 -925.925926  4506.172840  0.00010991342976967332
 -925.925926  4629.629630  0.00011744352647016456
 -925.925926  4753.086420  0.00010990702739399472
 -925.925926  4876.543210  0.00011606952457509152

 -802.469136 -5000.000000  0.00002953767982261772
 -802.469136 -4876.543210  0.00011828505094617212
 -802.469136 -4753.086420  0.00011214904283992029
 -802.469136 -4629.629630  0.00011977063907000389
 -802.469136 -4506.172840  0.00011212743167393704
 -802.469136 -4382.716049  0.00011363066185000070
 -802.469136 -4259.259259  0.00011611471367394068
 -802.469136 -4135.802469  0.00011589544182561098
 -802.469136 -4012.345679  0.00011669573300324760
 -802.469136 -3888.888889  0.00011675234517729198
 -802.469136 -3765.432099  0.00011754588113763760
 -802.469136 -3641.975309  0.00011759453357879470
 -802.469136 -3518.518519  0.00011765100504276578
 -802.469136 -3395.061728  0.00011772906308027211
 -802.469136 -3271.604938  0.00011765008739301898
 -802.469136 -3148.148148  0.00011782958868634041
 -802.469136 -3024.691358  0.00011816322767818249
 -802.469136 -2901.234568  0.00011867303854986436
 -802.469136 -2777.777778  0.00011925846841336412
 -802.469136 -2654.320988  0.00011939227921973559
 -802.469136 -2530.864198  0.00011893848992075793
 -802.469136 -2407.407407  0.00012068310600555783
 -802.469136 -2283.950617  0.00012036446554553156
 -802.469136 -2160.493827  0.00012103898626765217
 -802.469136 -2037.037037  0.00012209576650256833
 -802.469136 -1913.580247  0.00012349344020584968
 -802.469136 -1790.123457  0.00012461901504863882
 -802.469136 -1666.666667  0.00012599333279592230
 -802.469136 -1543.209877  0.00012818407962797863
 -802.469136 -1419.753086  0.00013150461485300164
 -802.469136 -1296.296296  0.00013402271281928263
 -802.469136 -1172.839506  0.00014067261339924481
 -802.469136 -1049.382716  0.00014686489698920028
 -802.469136  -925.925926  0.00015776412421498976
 -802.469136  -802.469136  0.00017174314937576065
 -802.469136  -679.012346  0.00019138582020496739
 -802.469136  -555.555556  0.00021678338915125811
 -802.469136  -432.098765  0.00024701267868219070
 -802.469136  -308.641975  0.00027712348749474774
 -802.469136  -185.185185  0.00030003753564981597
 -802.469136   -61.728395  0.00031171320276326123
 -802.469136    61.728395  0.00031171320276325061
 -802.469136   185.185185  0.00030003753564975520
 -802.469136   308.641975  0.00027712348749466762
 -802.469136   432.098765  0.00024701267868210944
 -802.469136   555.555556  0.00021678338915118167
 -802.469136   679.012346  0.00019138582020490386
 -802.469136   802.469136  0.00017174314937569115
 -802.469136   925.925926  0.00015776412421492493
 -802.469136  1049.382716  0.00014686489698914317
 -802.469136  1172.839506  0.00014067261339917761
 -802.469136  1296.296296  0.00013402271281923083
 -802.469136  1419.753086  0.00013150461485294886
 -802.469136  1543.209877  0.00012818407962791791
 -802.469136  1666.666667  0.00012599333279585874
 -802.469136  1790.123457  0.00012461901504856948
 -802.469136  1913.580247  0.00012349344020579013
 -802.469136  2037.037037  0.00012209576650250509
 -802.469136  2160.493827  0.00012103898626758564
 -802.469136  2283.950617  0.00012036446554546175
 -802.469136  2407.407407  0.00012068310600547975
 -802.469136  2530.864198  0.00011893848992068634
 -802.469136  2654.320988  0.00011939227921965960
 -802.469136  2777.777778  0.00011925846841328123
 -802.469136  2901.234568  0.00011867303854978139
 -802.469136  3024.691358  0.00011816322767809381
 -802.469136  3148.148148  0.00011782958868625571
 -802.469136  3271.604938  0.00011765008739293386
 -802.469136  3395.061728  0.00011772906308018257
 -802.469136  3518.518519  0.00011765100504267442
 -802.469136  3641.975309  0.00011759453357869704
 -802.469136  3765.432099  0.00011754588113754463
 -802.469136  3888.888889  0.00011675234517720452
 -802.469136  4012.345679  0.00011669573300315230
 -802.469136  4135.802469  0.00011589544182551639
 -802.469136  4259.259259  0.00011611471367383996
 -802.469136  4382.716049  0.00011363066184990387
 -802.469136  4506.172840  0.00011212743167384336
 -802.469136  4629.629630  0.00011977063906990131
 -802.469136  4753.086420  0.00011214904283982277
 -802.469136  4876.543210  0.00011828505094606639

 -679.012346 -5000.000000  0.00002987095536726370
 -679.012346 -4876.543210  0.00012014105135862735
 -679.012346 -4753.086420  0.00011401818998061466
 -679.012346 -4629.629630  0.00012168259151653624
 -679.012346 -4506.172840  0.00011396453176636972
 -679.012346 -4382.716049  0.00011549885480250573
 -679.012346 -4259.259259  0.00011800214777928000
 -679.012346 -4135.802469  0.00011775615239028479
 -679.012346 -4012.345679  0.00011856932688363200
 -679.012346 -3888.888889  0.00011867617514124280
 -679.012346 -3765.432099  0.00011945362240846497
 -679.012346 -3641.975309  0.00011955190665001325
 -679.012346 -3518.518519  0.00011957998682480200
 -679.012346 -3395.061728  0.00011965409110238512
 -679.012346 -3271.604938  0.00011958763284262798
 -679.012346 -3148.148148  0.00011976945611658464
 -679.012346 -3024.691358  0.00012008074857711730
 -679.012346 -2901.234568  0.00012057487074206576
 -679.012346 -2777.777778  0.00012121284887362613
 -679.012346 -2654.320988  0.00012139788654595133
 -679.012346 -2530.864198  0.00012074644245779338
 -679.012346 -2407.407407  0.00012231951254226589
 -679.012346 -2283.950617  0.00012188858462094669
 -679.012346 -2160.493827  0.00012266308920340081
 -679.012346 -2037.037037  0.00012372210657450854
 -679.012346 -1913.580247  0.00012509412910478569
 -679.012346 -1790.123457  0.00012613392301157687
 -679.012346 -1666.666667  0.00012744202731901352
 -679.012346 -1543.209877  0.00012957577218593522
 -679.012346 -1419.753086  0.00013280364659900087
 -679.012346 -1296.296296  0.00013513828402855147
 -679.012346 -1172.839506  0.00014172840072402868
 -679.012346 -1049.382716  0.00014759556645502014
 -679.012346  -925.925926  0.00015806727673337541
 -679.012346  -802.469136  0.00017126814322678099
 -679.012346  -679.012346  0.00018953871500407930
 -679.012346  -555.555556  0.00021255878103854201
 -679.012346  -432.098765  0.00023909387485523227
 -679.012346  -308.641975  0.00026417976686498207
 -679.012346  -185.185185  0.00028146897930052749
 -679.012346   -61.728395  0.00028896681666094659
 -679.012346    61.728395  0.00028896681666093038
 -679.012346   185.185185  0.00028146897930045024
 -679.012346   308.641975  0.00026417976686488281
 -679.012346   432.098765  0.00023909387485513141
 -679.012346   555.555556  0.00021255878103844741
 -679.012346   679.012346  0.00018953871500400368
 -679.012346   802.469136  0.00017126814322670426
 -679.012346   925.925926  0.00015806727673330428
 -679.012346  1049.382716  0.00014759556645495620
 -679.012346  1172.839506  0.00014172840072395755
 -679.012346  1296.296296  0.00013513828402849420
 -679.012346  1419.753086  0.00013280364659894067
 -679.012346  1543.209877  0.00012957577218587017
 -679.012346  1666.666667  0.00012744202731894706
 -679.012346  1790.123457  0.00012613392301150569
 -679.012346  1913.580247  0.00012509412910472332
 -679.012346  2037.037037  0.00012372210657444371
 -679.012346  2160.493827  0.00012266308920333191
 -679.012346  2283.950617  0.00012188858462087589
 -679.012346  2407.407407  0.00012231951254218693
 -679.012346  2530.864198  0.00012074644245772021
 -679.012346  2654.320988  0.00012139788654587408
 -679.012346  2777.777778  0.00012121284887354156
 -679.012346  2901.234568  0.00012057487074198088
 -679.012346  3024.691358  0.00012008074857702704
 -679.012346  3148.148148  0.00011976945611649776
 -679.012346  3271.604938  0.00011958763284254033
 -679.012346  3395.061728  0.00011965409110229334
 -679.012346  3518.518519  0.00011957998682470999
 -679.012346  3641.975309  0.00011955190664991398
 -679.012346  3765.432099  0.00011945362240836917
 -679.012346  3888.888889  0.00011867617514114979
 -679.012346  4012.345679  0.00011856932688353503
 -679.012346  4135.802469  0.00011775615239018766
 -679.012346  4259.259259  0.00011800214777917686
 -679.012346  4382.716049  0.00011549885480240538
 -679.012346  4506.172840  0.00011396453176627406
 -679.012346  4629.629630  0.00012168259151643206
 -679.012346  4753.086420  0.00011401818998051685
 -679.012346  4876.543210  0.00012014105135851793

 -555.555556 -5000.000000  0.00003017582124758113
 -555.555556 -4876.543210  0.00012160142564558496
 -555.555556 -4753.086420  0.00011549331857190779
 -555.555556 -4629.629630  0.00012323209601371944
 -555.555556 -4506.172840  0.00011543010783527588
 -555.555556 -4382.716049  0.00011697070549952628
 -555.555556 -4259.259259  0.00011949099867935529
 -555.555556 -4135.802469  0.00011923934358523511
 -555.555556 -4012.345679  0.00012007065784119350
 -555.555556 -3888.888889  0.00012019958170406294
 -555.555556 -3765.432099  0.00012098807766279052
 -555.555556 -3641.975309  0.00012110878973888401
 -555.555556 -3518.518519  0.00012112583260445759
 -555.555556 -3395.061728  0.00012119499242148891
 -555.555556 -3271.604938  0.00012112335485401650
 -555.555556 -3148.148148  0.00012130135707066360
 -555.555556 -3024.691358  0.00012160740976654947
 -555.555556 -2901.234568  0.00012210624266574459
 -555.555556 -2777.777778  0.00012276812127177126
 -555.555556 -2654.320988  0.00012296233793237800
 -555.555556 -2530.864198  0.00012220831759413234
 -555.555556 -2407.407407  0.00012363172391810682
 -555.555556 -2283.950617  0.00012315217753462021
 -555.555556 -2160.493827  0.00012395994198608360
 -555.555556 -2037.037037  0.00012502423143752691
 -555.555556 -1913.580247  0.00012637391772910871
 -555.555556 -1790.123457  0.00012735479666559367
 -555.555556 -1666.666667  0.00012858545943203567
 -555.555556 -1543.209877  0.00013062758580775373
 -555.555556 -1419.753086  0.00013373604532326984
 -555.555556 -1296.296296  0.00013595287951315781
 -555.555556 -1172.839506  0.00014214181941054870
 -555.555556 -1049.382716  0.00014771820376401857
 -555.555556  -925.925926  0.00015762676645050136
 -555.555556  -802.469136  0.00016993255392988015
 -555.555556  -679.012346  0.00018660157535437682
 -555.555556  -555.555556  0.00020688144829151143
 -555.555556  -432.098765  0.00022909070031451630
 -555.555556  -308.641975  0.00024824852089392544
 -555.555556  -185.185185  0.00025890316484886676
 -555.555556   -61.728395  0.00026147166731594555
 -555.555556    61.728395  0.00026147166731591264
 -555.555556   185.185185  0.00025890316484877319
 -555.555556   308.641975  0.00024824852089380396
 -555.555556   432.098765  0.00022909070031438978
 -555.555556   555.555556  0.00020688144829140369
 -555.555556   679.012346  0.00018660157535428787
 -555.555556   802.469136  0.00016993255392979488
 -555.555556   925.925926  0.00015762676645042218
 -555.555556  1049.382716  0.00014771820376394818
 -555.555556  1172.839506  0.00014214181941046993
 -555.555556  1296.296296  0.00013595287951309866
 -555.555556  1419.753086  0.00013373604532320821
 -555.555556  1543.209877  0.00013062758580768640
 -555.555556  1666.666667  0.00012858545943196986
 -555.555556  1790.123457  0.00012735479666552374
 -555.555556  1913.580247  0.00012637391772904539
 -555.555556  2037.037037  0.00012502423143746021
 -555.555556  2160.493827  0.00012395994198601470
 -555.555556  2283.950617  0.00012315217753454841
 -555.555556  2407.407407  0.00012363172391802527
 -555.555556  2530.864198  0.00012220831759405566
 -555.555556  2654.320988  0.00012296233793229725
 -555.555556  2777.777778  0.00012276812127168444
 -555.555556  2901.234568  0.00012210624266565843
 -555.555556  3024.691358  0.00012160740976645594
 -555.555556  3148.148148  0.00012130135707057548
 -555.555556  3271.604938  0.00012112335485392756
 -555.555556  3395.061728  0.00012119499242139626
 -555.555556  3518.518519  0.00012112583260436343
 -555.555556  3641.975309  0.00012110878973878203
 -555.555556  3765.432099  0.00012098807766269233
 -555.555556  3888.888889  0.00012019958170396740
 -555.555556  4012.345679  0.00012007065784109317
 -555.555556  4135.802469  0.00011923934358513619
 -555.555556  4259.259259  0.00011949099867925101
 -555.555556  4382.716049  0.00011697070549942541
 -555.555556  4506.172840  0.00011543010783517887
 -555.555556  4629.629630  0.00012323209601361422
 -555.555556  4753.086420  0.00011549331857180740
 -555.555556  4876.543210  0.00012160142564547491

 -432.098765 -5000.000000  0.00003038961976927113
 -432.098765 -4876.543210  0.00012225886779879954
 -432.098765 -4753.086420  0.00011618381620078880
 -432.098765 -4629.629630  0.00012402059361456120
 -432.098765 -4506.172840  0.00011614585065341090
 -432.098765 -4382.716049  0.00011765800179830160
 -432.098765 -4259.259259  0.00012018712581437649
 -432.098765 -4135.802469  0.00011995825731582013
 -432.098765 -4012.345679  0.00012081042638225599
 -432.098765 -3888.888889  0.00012092505066118119
 -432.098765 -3765.432099  0.00012175495581411968
 -432.098765 -3641.975309  0.00012184755351271587
 -432.098765 -3518.518519  0.00012188261525761179
 -432.098765 -3395.061728  0.00012194541458636104
 -432.098765 -3271.604938  0.00012184603061302738
 -432.098765 -3148.148148  0.00012201237562671834
 -432.098765 -3024.691358  0.00012233489358151478
 -432.098765 -2901.234568  0.00012285579993678145
 -432.098765 -2777.777778  0.00012350268546621092
 -432.098765 -2654.320988  0.00012365902171985999
 -432.098765 -2530.864198  0.00012300135775798537
 -432.098765 -2407.407407  0.00012463503903463290
 -432.098765 -2283.950617  0.00012416267016813397
 -432.098765 -2160.493827  0.00012493966936628778
 -432.098765 -2037.037037  0.00012601341364012285
 -432.098765 -1913.580247  0.00012736240789019732
 -432.098765 -1790.123457  0.00012829886144175259
 -432.098765 -1666.666667  0.00012943233361208898
 -432.098765 -1543.209877  0.00013136404269296757
 -432.098765 -1419.753086  0.00013439097376673759
 -432.098765 -1296.296296  0.00013648221090528862
 -432.098765 -1172.839506  0.00014259438838201509
 -432.098765 -1049.382716  0.00014785468397756219
 -432.098765  -925.925926  0.00015724654125378755
 -432.098765  -802.469136  0.00016866056028887831
 -432.098765  -679.012346  0.00018376528635865962
 -432.098765  -555.555556  0.00020129636135618191
 -432.098765  -432.098765  0.00021911900460879684
 -432.098765  -308.641975  0.00023218679050883306
 -432.098765  -185.185185  0.00023593718020071020
 -432.098765   -61.728395  0.00023332591137113377
 -432.098765    61.728395  0.00023332591137109282
 -432.098765   185.185185  0.00023593718020059308
 -432.098765   308.641975  0.00023218679050868919
 -432.098765   432.098765  0.00021911900460865256
 -432.098765   555.555556  0.00020129636135605354
 -432.098765   679.012346  0.00018376528635855946
 -432.098765   802.469136  0.00016866056028878222
 -432.098765   925.925926  0.00015724654125370136
 -432.098765  1049.382716  0.00014785468397748630
 -432.098765  1172.839506  0.00014259438838193082
 -432.098765  1296.296296  0.00013648221090522313
 -432.098765  1419.753086  0.00013439097376667083
 -432.098765  1543.209877  0.00013136404269289606
 -432.098765  1666.666667  0.00012943233361201859
 -432.098765  1790.123457  0.00012829886144167821
 -432.098765  1913.580247  0.00012736240789013194
 -432.098765  2037.037037  0.00012601341364005470
 -432.098765  2160.493827  0.00012493966936621715
 -432.098765  2283.950617  0.00012416267016806092
 -432.098765  2407.407407  0.00012463503903454917
 -432.098765  2530.864198  0.00012300135775790864
 -432.098765  2654.320988  0.00012365902171977859
 -432.098765  2777.777778  0.00012350268546612299
 -432.098765  2901.234568  0.00012285579993669374
 -432.098765  3024.691358  0.00012233489358141994
 -432.098765  3148.148148  0.00012201237562662718
 -432.098765  3271.604938  0.00012184603061293566
 -432.098765  3395.061728  0.00012194541458626580
 -432.098765  3518.518519  0.00012188261525751607
 -432.098765  3641.975309  0.00012184755351261287
 -432.098765  3765.432099  0.00012175495581401944
 -432.098765  3888.888889  0.00012092505066108471
 -432.098765  4012.345679  0.00012081042638215454
 -432.098765  4135.802469  0.00011995825731571930
 -432.098765  4259.259259  0.00012018712581427162
 -432.098765  4382.716049  0.00011765800179819938
 -432.098765  4506.172840  0.00011614585065331273
 -432.098765  4629.629630  0.00012402059361445376
 -432.098765  4753.086420  0.00011618381620068801
 -432.098765  4876.543210  0.00012225886779869053

 -308.641975 -5000.000000  0.00003053639862477217
 -308.641975 -4876.543210  0.00012239398647630821
 -308.641975 -4753.086420  0.00011635349843529291
 -308.641975 -4629.629630  0.00012429666838793498
 -308.641975 -4506.172840  0.00011636114742853503
 -308.641975 -4382.716049  0.00011782825791431703
 -308.641975 -4259.259259  0.00012036114781342431
 -308.641975 -4135.802469  0.00012016853759469057
 -308.641975 -4012.345679  0.00012104233721445183
 -308.641975 -3888.888889  0.00012112064993944976
 -308.641975 -3765.432099  0.00012201112811303703
 -308.641975 -3641.975309  0.00012204291875811705
 -308.641975 -3518.518519  0.00012211699323546791
 -308.641975 -3395.061728  0.00012217211319323298
 -308.641975 -3271.604938  0.00012203302431778760
 -308.641975 -3148.148148  0.00012218243932479001
 -308.641975 -3024.691358  0.00012253496058666795
 -308.641975 -2901.234568  0.00012308776004508660
 -308.641975 -2777.777778  0.00012369342837183531
 -308.641975 -2654.320988  0.00012378496211970768
 -308.641975 -2530.864198  0.00012335995029461513
 -308.641975 -2407.407407  0.00012533882867876670
 -308.641975 -2283.950617  0.00012491534427511202
 -308.641975 -2160.493827  0.00012562448762467964
 -308.641975 -2037.037037  0.00012671301043086326
 -308.641975 -1913.580247  0.00012806816554489391
 -308.641975 -1790.123457  0.00012897543704489016
 -308.641975 -1666.666667  0.00013001294535202590
 -308.641975 -1543.209877  0.00013183718996934049
 -308.641975 -1419.753086  0.00013481366905605547
 -308.641975 -1296.296296  0.00013678850441644074
 -308.641975 -1172.839506  0.00014291700601716677
 -308.641975 -1049.382716  0.00014789632557142316
 -308.641975  -925.925926  0.00015683742865899285
 -308.641975  -802.469136  0.00016745856039797981
 -308.641975  -679.012346  0.00018117599093984187
 -308.641975  -555.555556  0.00019624161597128138
 -308.641975  -432.098765  0.00021009305285172290
 -308.641975  -308.641975  0.00021759649471287811
 -308.641975  -185.185185  0.00021498223970189270
 -308.641975   -61.728395  0.00020753940419537185
 -308.641975    61.728395  0.00020753940419531913
 -308.641975   185.185185  0.00021498223970175520
 -308.641975   308.641975  0.00021759649471271057
 -308.641975   432.098765  0.00021009305285155845
 -308.641975   555.555556  0.00019624161597113802
 -308.641975   679.012346  0.00018117599093973335
 -308.641975   802.469136  0.00016745856039787681
 -308.641975   925.925926  0.00015683742865890257
 -308.641975  1049.382716  0.00014789632557134260
 -308.641975  1172.839506  0.00014291700601707879
 -308.641975  1296.296296  0.00013678850441637213
 -308.641975  1419.753086  0.00013481366905598665
 -308.641975  1543.209877  0.00013183718996926703
 -308.641975  1666.666667  0.00013001294535195420
 -308.641975  1790.123457  0.00012897543704481224
 -308.641975  1913.580247  0.00012806816554482715
 -308.641975  2037.037037  0.00012671301043079404
 -308.641975  2160.493827  0.00012562448762460691
 -308.641975  2283.950617  0.00012491534427503558
 -308.641975  2407.407407  0.00012533882867868135
 -308.641975  2530.864198  0.00012335995029453563
 -308.641975  2654.320988  0.00012378496211962366
 -308.641975  2777.777778  0.00012369342837174579
 -308.641975  2901.234568  0.00012308776004499710
 -308.641975  3024.691358  0.00012253496058657211
 -308.641975  3148.148148  0.00012218243932469867
 -308.641975  3271.604938  0.00012203302431769616
 -308.641975  3395.061728  0.00012217211319313670
 -308.641975  3518.518519  0.00012211699323537187
 -308.641975  3641.975309  0.00012204291875801252
 -308.641975  3765.432099  0.00012201112811293833
 -308.641975  3888.888889  0.00012112064993935238
 -308.641975  4012.345679  0.00012104233721434907
 -308.641975  4135.802469  0.00012016853759458966
 -308.641975  4259.259259  0.00012036114781331830
 -308.641975  4382.716049  0.00011782825791421583
 -308.641975  4506.172840  0.00011636114742843833
 -308.641975  4629.629630  0.00012429666838782743
 -308.641975  4753.086420  0.00011635349843519122
 -308.641975  4876.543210  0.00012239398647619751

 -185.185185 -5000.000000  0.00003065547566953949
 -185.185185 -4876.543210  0.00012265208086567104
 -185.185185 -4753.086420  0.00011661923694529330
 -185.185185 -4629.629630  0.00012462683722535550
 -185.185185 -4506.172840  0.00011665127002837181
 -185.185185 -4382.716049  0.00011809900747533362
 -185.185185 -4259.259259  0.00012063676483804338
 -185.185185 -4135.802469  0.00012046083173658826
 -185.185185 -4012.345679  0.00012134618032752154
 -185.185185 -3888.888889  0.00012140832373409698
 -185.185185 -3765.432099  0.00012231966181105495
 -185.185185 -3641.975309  0.00012233776974549836
 -185.185185 -3518.518519  0.00012243140321729592
 -185.185185 -3395.061728  0.00012248444822937258
 -185.185185 -3271.604938  0.00012232153786969930
 -185.185185 -3148.148148  0.00012246156035342453
 -185.185185 -3024.691358  0.00012282758925735512
 -185.185185 -2901.234568  0.00012339697847004919
 -185.185185 -2777.777778  0.00012397875022413516
 -185.185185 -2654.320988  0.00012403892294789246
 -185.185185 -2530.864198  0.00012374647652285833
 -185.185185 -2407.407407  0.00012579575259659241
 -185.185185 -2283.950617  0.00012539555409076677
 -185.185185 -2160.493827  0.00012607642062690248
 -185.185185 -2037.037037  0.00012717530257621356
 -185.185185 -1913.580247  0.00012852191506271973
 -185.185185 -1790.123457  0.00012940375900714914
 -185.185185 -1666.666667  0.00013037982140095910
 -185.185185 -1543.209877  0.00013213695035018828
 -185.185185 -1419.753086  0.00013505819023701705
 -185.185185 -1296.296296  0.00013694659162384758
 -185.185185 -1172.839506  0.00014281685543919036
 -185.185185 -1049.382716  0.00014759398568887195
 -185.185185  -925.925926  0.00015615984102667214
 -185.185185  -802.469136  0.00016616447716252071
 -185.185185  -679.012346  0.00017878950111727360
 -185.185185  -555.555556  0.00019194275927518633
 -185.185185  -432.098765  0.00020270718015659016
 -185.185185  -308.641975  0.00020587708135013454
 -185.185185  -185.185185  0.00019829477665313361
 -185.185185   -61.728395  0.00018703866571849644
 -185.185185    61.728395  0.00018703866571843808
 -185.185185   185.185185  0.00019829477665297976
 -185.185185   308.641975  0.00020587708134994762
 -185.185185   432.098765  0.00020270718015640981
 -185.185185   555.555556  0.00019194275927502904
 -185.185185   679.012346  0.00017878950111715781
 -185.185185   802.469136  0.00016616447716241454
 -185.185185   925.925926  0.00015615984102657733
 -185.185185  1049.382716  0.00014759398568878719
 -185.185185  1172.839506  0.00014281685543909939
 -185.185185  1296.296296  0.00013694659162377770
 -185.185185  1419.753086  0.00013505819023694820
 -185.185185  1543.209877  0.00013213695035011407
 -185.185185  1666.666667  0.00013037982140088404
 -185.185185  1790.123457  0.00012940375900707097
 -185.185185  1913.580247  0.00012852191506265113
 -185.185185  2037.037037  0.00012717530257614227
 -185.185185  2160.493827  0.00012607642062682875
 -185.185185  2283.950617  0.00012539555409069017
 -185.185185  2407.407407  0.00012579575259650543
 -185.185185  2530.864198  0.00012374647652277888
 -185.185185  2654.320988  0.00012403892294780616
 -185.185185  2777.777778  0.00012397875022404322
 -185.185185  2901.234568  0.00012339697846995901
 -185.185185  3024.691358  0.00012282758925725963
 -185.185185  3148.148148  0.00012246156035333240
 -185.185185  3271.604938  0.00012232153786960765
 -185.185185  3395.061728  0.00012248444822927584
 -185.185185  3518.518519  0.00012243140321719690
 -185.185185  3641.975309  0.00012233776974539227
 -185.185185  3765.432099  0.00012231966181095412
 -185.185185  3888.888889  0.00012140832373399873
 -185.185185  4012.345679  0.00012134618032741758
 -185.185185  4135.802469  0.00012046083173648792
 -185.185185  4259.259259  0.00012063676483793704
 -185.185185  4382.716049  0.00011809900747523294
 -185.185185  4506.172840  0.00011665127002827472
 -185.185185  4629.629630  0.00012462683722524749
 -185.185185  4753.086420  0.00011661923694519105
 -185.185185  4876.543210  0.00012265208086556200

  -61.728395 -5000.000000  0.00003073711608815436
  -61.728395 -4876.543210  0.00012374097755486334
  -61.728395 -4753.086420  0.00011768826057470458
  -61.728395 -4629.629630  0.00012562577371852125
  -61.728395 -4506.172840  0.00011765610623716922
  -61.728395 -4382.716049  0.00011916541717758236
  -61.728395 -4259.259259  0.00012171240978626678
  -61.728395 -4135.802469  0.00012148500025241058
  -61.728395 -4012.345679  0.00012235912322646785
  -61.728395 -3888.888889  0.00012248663032190623
  -61.728395 -3765.432099  0.00012334768946060403
  -61.728395 -3641.975309  0.00012344185445014108
  -61.728395 -3518.518519  0.00012347536991338902
  -61.728395 -3395.061728  0.00012353050091159509
  -61.728395 -3271.604938  0.00012341797954566850
  -61.728395 -3148.148148  0.00012357183793572908
  -61.728395 -3024.691358  0.00012388710335919408
  -61.728395 -2901.234568  0.00012440847192448024
  -61.728395 -2777.777778  0.00012506966738635273
  -61.728395 -2654.320988  0.00012523307752385299
  -61.728395 -2530.864198  0.00012455317074334414
  -61.728395 -2407.407407  0.00012616993018603519
  -61.728395 -2283.950617  0.00012562800172021815
  -61.728395 -2160.493827  0.00012642789925646067
  -61.728395 -2037.037037  0.00012750866768457888
  -61.728395 -1913.580247  0.00012882818383087402
  -61.728395 -1790.123457  0.00012966327872692638
  -61.728395 -1666.666667  0.00013065060127999485
  -61.728395 -1543.209877  0.00013241498336569014
  -61.728395 -1419.753086  0.00013526004356628031
  -61.728395 -1296.296296  0.00013709322607951654
  -61.728395 -1172.839506  0.00014281973390877617
  -61.728395 -1049.382716  0.00014749192110126980
  -61.728395  -925.925926  0.00015585835875570387
  -61.728395  -802.469136  0.00016554461763708373
  -61.728395  -679.012346  0.00017758875516714427
  -61.728395  -555.555556  0.00018974248898553076
  -61.728395  -432.098765  0.00019887875850232116
  -61.728395  -308.641975  0.00019972646573536369
  -61.728395  -185.185185  0.00018943505135162120
  -61.728395   -61.728395  0.00017609414830355310
  -61.728395    61.728395  0.00017609414830349073
  -61.728395   185.185185  0.00018943505135145966
  -61.728395   308.641975  0.00019972646573517106
  -61.728395   432.098765  0.00019887875850213484
  -61.728395   555.555556  0.00018974248898536683
  -61.728395   679.012346  0.00017758875516702826
  -61.728395   802.469136  0.00016554461763697409
  -61.728395   925.925926  0.00015585835875560786
  -61.728395  1049.382716  0.00014749192110118429
  -61.728395  1172.839506  0.00014281973390868562
  -61.728395  1296.296296  0.00013709322607944466
  -61.728395  1419.753086  0.00013526004356620558
  -61.728395  1543.209877  0.00013241498336561227
  -61.728395  1666.666667  0.00013065060127991795
  -61.728395  1790.123457  0.00012966327872684509
  -61.728395  1913.580247  0.00012882818383080341
  -61.728395  2037.037037  0.00012750866768450848
  -61.728395  2160.493827  0.00012642789925638596
  -61.728395  2283.950617  0.00012562800172014060
  -61.728395  2407.407407  0.00012616993018594916
  -61.728395  2530.864198  0.00012455317074326234
  -61.728395  2654.320988  0.00012523307752376363
  -61.728395  2777.777778  0.00012506966738626003
  -61.728395  2901.234568  0.00012440847192438822
  -61.728395  3024.691358  0.00012388710335909568
  -61.728395  3148.148148  0.00012357183793563627
  -61.728395  3271.604938  0.00012341797954557504
  -61.728395  3395.061728  0.00012353050091149640
  -61.728395  3518.518519  0.00012347536991329109
  -61.728395  3641.975309  0.00012344185445003643
  -61.728395  3765.432099  0.00012334768946050060
  -61.728395  3888.888889  0.00012248663032180700
  -61.728395  4012.345679  0.00012235912322636477
  -61.728395  4135.802469  0.00012148500025230791
  -61.728395  4259.259259  0.00012171240978615858
  -61.728395  4382.716049  0.00011916541717747829
  -61.728395  4506.172840  0.00011765610623707052
  -61.728395  4629.629630  0.00012562577371841302
  -61.728395  4753.086420  0.00011768826057460222
  -61.728395  4876.543210  0.00012374097755475297

   61.728395 -5000.000000  0.00003073711608815653
   61.728395 -4876.543210  0.00012374097755486811
   61.728395 -4753.086420  0.00011768826057470744
   61.728395 -4629.629630  0.00012562577371852418
   61.728395 -4506.172840  0.00011765610623717138
   61.728395 -4382.716049  0.00011916541717758531
   61.728395 -4259.259259  0.00012171240978627080
   61.728395 -4135.802469  0.00012148500025241542
   61.728395 -4012.345679  0.00012235912322647470
   61.728395 -3888.888889  0.00012248663032191244
   61.728395 -3765.432099  0.00012334768946060823
   61.728395 -3641.975309  0.00012344185445014756
   61.728395 -3518.518519  0.00012347536991339371
   61.728395 -3395.061728  0.00012353050091159826
   61.728395 -3271.604938  0.00012341797954567194
   61.728395 -3148.148148  0.00012357183793573244
   61.728395 -3024.691358  0.00012388710335919505
   61.728395 -2901.234568  0.00012440847192448000
   61.728395 -2777.777778  0.00012506966738635287
   61.728395 -2654.320988  0.00012523307752385164
   61.728395 -2530.864198  0.00012455317074334268
   61.728395 -2407.407407  0.00012616993018604245
   61.728395 -2283.950617  0.00012562800172022379
   61.728395 -2160.493827  0.00012642789925646701
   61.728395 -2037.037037  0.00012750866768458717
   61.728395 -1913.580247  0.00012882818383088085
   61.728395 -1790.123457  0.00012966327872693023
   61.728395 -1666.666667  0.00013065060127999829
   61.728395 -1543.209877  0.00013241498336569418
   61.728395 -1419.753086  0.00013526004356628676
   61.728395 -1296.296296  0.00013709322607952573
   61.728395 -1172.839506  0.00014281973390878000
   61.728395 -1049.382716  0.00014749192110127119
   61.728395  -925.925926  0.00015585835875570300
   61.728395  -802.469136  0.00016554461763708793
   61.728395  -679.012346  0.00017758875516714532
   61.728395  -555.555556  0.00018974248898551941
   61.728395  -432.098765  0.00019887875850230224
   61.728395  -308.641975  0.00019972646573533507
   61.728395  -185.185185  0.00018943505135158513
   61.728395   -61.728395  0.00017609414830350610
   61.728395    61.728395  0.00017609414830344888
   61.728395   185.185185  0.00018943505135142193
   61.728395   308.641975  0.00019972646573513693
   61.728395   432.098765  0.00019887875850211094
   61.728395   555.555556  0.00018974248898535328
   61.728395   679.012346  0.00017758875516702991
   61.728395   802.469136  0.00016554461763697994
   61.728395   925.925926  0.00015585835875561008
   61.728395  1049.382716  0.00014749192110118778
   61.728395  1172.839506  0.00014281973390869326
   61.728395  1296.296296  0.00013709322607944555
   61.728395  1419.753086  0.00013526004356620726
   61.728395  1543.209877  0.00013241498336561176
   61.728395  1666.666667  0.00013065060127991594
   61.728395  1790.123457  0.00012966327872684444
   61.728395  1913.580247  0.00012882818383080474
   61.728395  2037.037037  0.00012750866768450721
   61.728395  2160.493827  0.00012642789925638515
   61.728395  2283.950617  0.00012562800172014160
   61.728395  2407.407407  0.00012616993018595027
   61.728395  2530.864198  0.00012455317074326250
   61.728395  2654.320988  0.00012523307752376650
   61.728395  2777.777778  0.00012506966738626250
   61.728395  2901.234568  0.00012440847192439049
   61.728395  3024.691358  0.00012388710335909872
   61.728395  3148.148148  0.00012357183793563827
   61.728395  3271.604938  0.00012341797954557718
   61.728395  3395.061728  0.00012353050091149870
   61.728395  3518.518519  0.00012347536991329312
   61.728395  3641.975309  0.00012344185445003998
   61.728395  3765.432099  0.00012334768946050255
   61.728395  3888.888889  0.00012248663032180801
   61.728395  4012.345679  0.00012235912322636574
   61.728395  4135.802469  0.00012148500025230940
   61.728395  4259.259259  0.00012171240978616071
   61.728395  4382.716049  0.00011916541717747867
   61.728395  4506.172840  0.00011765610623707015
   61.728395  4629.629630  0.00012562577371841416
   61.728395  4753.086420  0.00011768826057460320
   61.728395  4876.543210  0.00012374097755475327

  185.185185 -5000.000000  0.00003065547566954121
  185.185185 -4876.543210  0.00012265208086567129
  185.185185 -4753.086420  0.00011661923694529126
  185.185185 -4629.629630  0.00012462683722535208
  185.185185 -4506.172840  0.00011665127002836954
  185.185185 -4382.716049  0.00011809900747533317
  185.185185 -4259.259259  0.00012063676483804339
  185.185185 -4135.802469  0.00012046083173658914
  185.185185 -4012.345679  0.00012134618032752150
  185.185185 -3888.888889  0.00012140832373409654
  185.185185 -3765.432099  0.00012231966181105563
  185.185185 -3641.975309  0.00012233776974549394
  185.185185 -3518.518519  0.00012243140321729120
  185.185185 -3395.061728  0.00012248444822936965
  185.185185 -3271.604938  0.00012232153786969531
  185.185185 -3148.148148  0.00012246156035341965
  185.185185 -3024.691358  0.00012282758925735086
  185.185185 -2901.234568  0.00012339697847004651
  185.185185 -2777.777778  0.00012397875022413118
  185.185185 -2654.320988  0.00012403892294788528
  185.185185 -2530.864198  0.00012374647652285480
  185.185185 -2407.407407  0.00012579575259659298
  185.185185 -2283.950617  0.00012539555409076615
  185.185185 -2160.493827  0.00012607642062690153
  185.185185 -2037.037037  0.00012717530257621253
  185.185185 -1913.580247  0.00012852191506272024
  185.185185 -1790.123457  0.00012940375900714706
  185.185185 -1666.666667  0.00013037982140095538
  185.185185 -1543.209877  0.00013213695035018468
  185.185185 -1419.753086  0.00013505819023701805
  185.185185 -1296.296296  0.00013694659162384446
  185.185185 -1172.839506  0.00014281685543917629
  185.185185 -1049.382716  0.00014759398568885306
  185.185185  -925.925926  0.00015615984102665103
  185.185185  -802.469136  0.00016616447716249515
  185.185185  -679.012346  0.00017878950111723966
  185.185185  -555.555556  0.00019194275927514055
  185.185185  -432.098765  0.00020270718015652300
  185.185185  -308.641975  0.00020587708135004105
  185.185185  -185.185185  0.00019829477665301204
  185.185185   -61.728395  0.00018703866571834947
  185.185185    61.728395  0.00018703866571829041
  185.185185   185.185185  0.00019829477665284930
  185.185185   308.641975  0.00020587708134984638
  185.185185   432.098765  0.00020270718015633817
  185.185185   555.555556  0.00019194275927497925
  185.185185   679.012346  0.00017878950111712634
  185.185185   802.469136  0.00016616447716239120
  185.185185   925.925926  0.00015615984102655955
  185.185185  1049.382716  0.00014759398568877497
  185.185185  1172.839506  0.00014281685543909197
  185.185185  1296.296296  0.00013694659162376925
  185.185185  1419.753086  0.00013505819023693994
  185.185185  1543.209877  0.00013213695035010551
  185.185185  1666.666667  0.00013037982140087637
  185.185185  1790.123457  0.00012940375900706273
  185.185185  1913.580247  0.00012852191506264364
  185.185185  2037.037037  0.00012717530257613606
  185.185185  2160.493827  0.00012607642062682220
  185.185185  2283.950617  0.00012539555409068478
  185.185185  2407.407407  0.00012579575259650272
  185.185185  2530.864198  0.00012374647652277539
  185.185185  2654.320988  0.00012403892294780432
  185.185185  2777.777778  0.00012397875022404387
  185.185185  2901.234568  0.00012339697846995855
  185.185185  3024.691358  0.00012282758925725743
  185.185185  3148.148148  0.00012246156035332920
  185.185185  3271.604938  0.00012232153786960326
  185.185185  3395.061728  0.00012248444822927232
  185.185185  3518.518519  0.00012243140321719473
  185.185185  3641.975309  0.00012233776974539091
  185.185185  3765.432099  0.00012231966181095133
  185.185185  3888.888889  0.00012140832373399571
  185.185185  4012.345679  0.00012134618032741507
  185.185185  4135.802469  0.00012046083173648472
  185.185185  4259.259259  0.00012063676483793390
  185.185185  4382.716049  0.00011809900747522966
  185.185185  4506.172840  0.00011665127002826912
  185.185185  4629.629630  0.00012462683722524236
  185.185185  4753.086420  0.00011661923694518754
  185.185185  4876.543210  0.00012265208086555834

  308.641975 -5000.000000  0.00003053639862477587
  308.641975 -4876.543210  0.00012239398647630756
  308.641975 -4753.086420  0.00011635349843529159
  308.641975 -4629.629630  0.00012429666838793352
  308.641975 -4506.172840  0.00011636114742853344
  308.641975 -4382.716049  0.00011782825791431664
  308.641975 -4259.259259  0.00012036114781342407
  308.641975 -4135.802469  0.00012016853759469049
  308.641975 -4012.345679  0.00012104233721445211
  308.641975 -3888.888889  0.00012112064993945143
  308.641975 -3765.432099  0.00012201112811303898
  308.641975 -3641.975309  0.00012204291875811453
  308.641975 -3518.518519  0.00012211699323546509
  308.641975 -3395.061728  0.00012217211319322965
  308.641975 -3271.604938  0.00012203302431778319
  308.641975 -3148.148148  0.00012218243932478475
  308.641975 -3024.691358  0.00012253496058666223
  308.641975 -2901.234568  0.00012308776004508296
  308.641975 -2777.777778  0.00012369342837183033
  308.641975 -2654.320988  0.00012378496211969960
  308.641975 -2530.864198  0.00012335995029460906
  308.641975 -2407.407407  0.00012533882867876725
  308.641975 -2283.950617  0.00012491534427511031
  308.641975 -2160.493827  0.00012562448762467587
  308.641975 -2037.037037  0.00012671301043086055
  308.641975 -1913.580247  0.00012806816554489217
  308.641975 -1790.123457  0.00012897543704488848
  308.641975 -1666.666667  0.00013001294535202316
  308.641975 -1543.209877  0.00013183718996933648
  308.641975 -1419.753086  0.00013481366905605203
  308.641975 -1296.296296  0.00013678850441643312
  308.641975 -1172.839506  0.00014291700601715140
  308.641975 -1049.382716  0.00014789632557140426
  308.641975  -925.925926  0.00015683742865896870
  308.641975  -802.469136  0.00016745856039794812
  308.641975  -679.012346  0.00018117599093979493
  308.641975  -555.555556  0.00019624161597121495
  308.641975  -432.098765  0.00021009305285162033
  308.641975  -308.641975  0.00021759649471273415
  308.641975  -185.185185  0.00021498223970170419
  308.641975   -61.728395  0.00020753940419514696
  308.641975    61.728395  0.00020753940419509042
  308.641975   185.185185  0.00021498223970155519
  308.641975   308.641975  0.00021759649471255886
  308.641975   432.098765  0.00021009305285145255
  308.641975   555.555556  0.00019624161597106343
  308.641975   679.012346  0.00018117599093968588
  308.641975   802.469136  0.00016745856039784368
  308.641975   925.925926  0.00015683742865887945
  308.641975  1049.382716  0.00014789632557132547
  308.641975  1172.839506  0.00014291700601706513
  308.641975  1296.296296  0.00013678850441635763
  308.641975  1419.753086  0.00013481366905597611
  308.641975  1543.209877  0.00013183718996925725
  308.641975  1666.666667  0.00013001294535194393
  308.641975  1790.123457  0.00012897543704480473
  308.641975  1913.580247  0.00012806816554481913
  308.641975  2037.037037  0.00012671301043078628
  308.641975  2160.493827  0.00012562448762460073
  308.641975  2283.950617  0.00012491534427503198
  308.641975  2407.407407  0.00012533882867867948
  308.641975  2530.864198  0.00012335995029452929
  308.641975  2654.320988  0.00012378496211961924
  308.641975  2777.777778  0.00012369342837174272
  308.641975  2901.234568  0.00012308776004499577
  308.641975  3024.691358  0.00012253496058656997
  308.641975  3148.148148  0.00012218243932469498
  308.641975  3271.604938  0.00012203302431769199
  308.641975  3395.061728  0.00012217211319313331
  308.641975  3518.518519  0.00012211699323536992
  308.641975  3641.975309  0.00012204291875801107
  308.641975  3765.432099  0.00012201112811293430
  308.641975  3888.888889  0.00012112064993934955
  308.641975  4012.345679  0.00012104233721434614
  308.641975  4135.802469  0.00012016853759458668
  308.641975  4259.259259  0.00012036114781331582
  308.641975  4382.716049  0.00011782825791421174
  308.641975  4506.172840  0.00011636114742843329
  308.641975  4629.629630  0.00012429666838782353
  308.641975  4753.086420  0.00011635349843518772
  308.641975  4876.543210  0.00012239398647619472

  432.098765 -5000.000000  0.00003038961976927492
  432.098765 -4876.543210  0.00012225886779880160
  432.098765 -4753.086420  0.00011618381620078957
  432.098765 -4629.629630  0.00012402059361456326
  432.098765 -4506.172840  0.00011614585065341183
  432.098765 -4382.716049  0.00011765800179830088
  432.098765 -4259.259259  0.00012018712581437809
  432.098765 -4135.802469  0.00011995825731582122
  432.098765 -4012.345679  0.00012081042638225912
  432.098765 -3888.888889  0.00012092505066118393
  432.098765 -3765.432099  0.00012175495581412117
  432.098765 -3641.975309  0.00012184755351271597
  432.098765 -3518.518519  0.00012188261525761076
  432.098765 -3395.061728  0.00012194541458636010
  432.098765 -3271.604938  0.00012184603061302573
  432.098765 -3148.148148  0.00012201237562671545
  432.098765 -3024.691358  0.00012233489358151156
  432.098765 -2901.234568  0.00012285579993677896
  432.098765 -2777.777778  0.00012350268546620807
  432.098765 -2654.320988  0.00012365902171985584
  432.098765 -2530.864198  0.00012300135775798101
  432.098765 -2407.407407  0.00012463503903463428
  432.098765 -2283.950617  0.00012416267016813332
  432.098765 -2160.493827  0.00012493966936628505
  432.098765 -2037.037037  0.00012601341364012065
  432.098765 -1913.580247  0.00012736240789019485
  432.098765 -1790.123457  0.00012829886144175061
  432.098765 -1666.666667  0.00012943233361208603
  432.098765 -1543.209877  0.00013136404269296231
  432.098765 -1419.753086  0.00013439097376673036
  432.098765 -1296.296296  0.00013648221090527940
  432.098765 -1172.839506  0.00014259438838200146
  432.098765 -1049.382716  0.00014785468397754352
  432.098765  -925.925926  0.00015724654125376356
  432.098765  -802.469136  0.00016866056028884608
  432.098765  -679.012346  0.00018376528635860749
  432.098765  -555.555556  0.00020129636135610000
  432.098765  -432.098765  0.00021911900460867245
  432.098765  -308.641975  0.00023218679050865569
  432.098765  -185.185185  0.00023593718020047908
  432.098765   -61.728395  0.00023332591137085893
  432.098765    61.728395  0.00023332591137080705
  432.098765   185.185185  0.00023593718020035212
  432.098765   308.641975  0.00023218679050850320
  432.098765   432.098765  0.00021911900460852264
  432.098765   555.555556  0.00020129636135596222
  432.098765   679.012346  0.00018376528635850292
  432.098765   802.469136  0.00016866056028874428
  432.098765   925.925926  0.00015724654125367642
  432.098765  1049.382716  0.00014785468397746678
  432.098765  1172.839506  0.00014259438838191635
  432.098765  1296.296296  0.00013648221090520581
  432.098765  1419.753086  0.00013439097376665687
  432.098765  1543.209877  0.00013136404269288444
  432.098765  1666.666667  0.00012943233361200951
  432.098765  1790.123457  0.00012829886144166951
  432.098765  1913.580247  0.00012736240789012400
  432.098765  2037.037037  0.00012601341364004722
  432.098765  2160.493827  0.00012493966936620969
  432.098765  2283.950617  0.00012416267016805525
  432.098765  2407.407407  0.00012463503903454665
  432.098765  2530.864198  0.00012300135775790568
  432.098765  2654.320988  0.00012365902171977480
  432.098765  2777.777778  0.00012350268546612139
  432.098765  2901.234568  0.00012285579993669376
  432.098765  3024.691358  0.00012233489358142016
  432.098765  3148.148148  0.00012201237562662666
  432.098765  3271.604938  0.00012184603061293368
  432.098765  3395.061728  0.00012194541458626483
  432.098765  3518.518519  0.00012188261525751560
  432.098765  3641.975309  0.00012184755351261344
  432.098765  3765.432099  0.00012175495581401772
  432.098765  3888.888889  0.00012092505066108268
  432.098765  4012.345679  0.00012081042638215248
  432.098765  4135.802469  0.00011995825731571765
  432.098765  4259.259259  0.00012018712581426987
  432.098765  4382.716049  0.00011765800179819799
  432.098765  4506.172840  0.00011614585065331167
  432.098765  4629.629630  0.00012402059361445311
  432.098765  4753.086420  0.00011618381620068669
  432.098765  4876.543210  0.00012225886779869134

  555.555556 -5000.000000  0.00003017582124758398
  555.555556 -4876.543210  0.00012160142564558206
  555.555556 -4753.086420  0.00011549331857190414
  555.555556 -4629.629630  0.00012323209601371778
  555.555556 -4506.172840  0.00011543010783527268
  555.555556 -4382.716049  0.00011697070549952420
  555.555556 -4259.259259  0.00011949099867935453
  555.555556 -4135.802469  0.00011923934358523524
  555.555556 -4012.345679  0.00012007065784119397
  555.555556 -3888.888889  0.00012019958170406386
  555.555556 -3765.432099  0.00012098807766278903
  555.555556 -3641.975309  0.00012110878973887895
  555.555556 -3518.518519  0.00012112583260445233
  555.555556 -3395.061728  0.00012119499242148422
  555.555556 -3271.604938  0.00012112335485401107
  555.555556 -3148.148148  0.00012130135707065795
  555.555556 -3024.691358  0.00012160740976654318
  555.555556 -2901.234568  0.00012210624266573869
  555.555556 -2777.777778  0.00012276812127176348
  555.555556 -2654.320988  0.00012296233793236949
  555.555556 -2530.864198  0.00012220831759412467
  555.555556 -2407.407407  0.00012363172391810243
  555.555556 -2283.950617  0.00012315217753461493
  555.555556 -2160.493827  0.00012395994198607639
  555.555556 -2037.037037  0.00012502423143751978
  555.555556 -1913.580247  0.00012637391772910245
  555.555556 -1790.123457  0.00012735479666558565
  555.555556 -1666.666667  0.00012858545943202591
  555.555556 -1543.209877  0.00013062758580774196
  555.555556 -1419.753086  0.00013373604532325716
  555.555556 -1296.296296  0.00013595287951314304
  555.555556 -1172.839506  0.00014214181941052311
  555.555556 -1049.382716  0.00014771820376398675
  555.555556  -925.925926  0.00015762676645046262
  555.555556  -802.469136  0.00016993255392982985
  555.555556  -679.012346  0.00018660157535430136
  555.555556  -555.555556  0.00020688144829142065
  555.555556  -432.098765  0.00022909070031437758
  555.555556  -308.641975  0.00024824852089372888
  555.555556  -185.185185  0.00025890316484861121
  555.555556   -61.728395  0.00026147166731564148
  555.555556    61.728395  0.00026147166731560267
  555.555556   185.185185  0.00025890316484850442
  555.555556   308.641975  0.00024824852089359287
  555.555556   432.098765  0.00022909070031424013
  555.555556   555.555556  0.00020688144829129876
  555.555556   679.012346  0.00018660157535421316
  555.555556   802.469136  0.00016993255392973888
  555.555556   925.925926  0.00015762676645038302
  555.555556  1049.382716  0.00014771820376391703
  555.555556  1172.839506  0.00014214181941044388
  555.555556  1296.296296  0.00013595287951307357
  555.555556  1419.753086  0.00013373604532318539
  555.555556  1543.209877  0.00013062758580766675
  555.555556  1666.666667  0.00012858545943195132
  555.555556  1790.123457  0.00012735479666550794
  555.555556  1913.580247  0.00012637391772902997
  555.555556  2037.037037  0.00012502423143744739
  555.555556  2160.493827  0.00012395994198600166
  555.555556  2283.950617  0.00012315217753453678
  555.555556  2407.407407  0.00012363172391801535
  555.555556  2530.864198  0.00012220831759405057
  555.555556  2654.320988  0.00012296233793229202
  555.555556  2777.777778  0.00012276812127167986
  555.555556  2901.234568  0.00012210624266565463
  555.555556  3024.691358  0.00012160740976645328
  555.555556  3148.148148  0.00012130135707056971
  555.555556  3271.604938  0.00012112335485392076
  555.555556  3395.061728  0.00012119499242139098
  555.555556  3518.518519  0.00012112583260435878
  555.555556  3641.975309  0.00012110878973877730
  555.555556  3765.432099  0.00012098807766268705
  555.555556  3888.888889  0.00012019958170396212
  555.555556  4012.345679  0.00012007065784108813
  555.555556  4135.802469  0.00011923934358513113
  555.555556  4259.259259  0.00011949099867924677
  555.555556  4382.716049  0.00011697070549941946
  555.555556  4506.172840  0.00011543010783517293
  555.555556  4629.629630  0.00012323209601360898
  555.555556  4753.086420  0.00011549331857180149
  555.555556  4876.543210  0.00012160142564547038

  679.012346 -5000.000000  0.00002987095536726740
  679.012346 -4876.543210  0.00012014105135863437
  679.012346 -4753.086420  0.00011401818998062083
  679.012346 -4629.629630  0.00012168259151654333
  679.012346 -4506.172840  0.00011396453176637560
  679.012346 -4382.716049  0.00011549885480251168
  679.012346 -4259.259259  0.00011800214777928623
  679.012346 -4135.802469  0.00011775615239029216
  679.012346 -4012.345679  0.00011856932688364137
  679.012346 -3888.888889  0.00011867617514124934
  679.012346 -3765.432099  0.00011945362240847060
  679.012346 -3641.975309  0.00011955190665001938
  679.012346 -3518.518519  0.00011957998682480697
  679.012346 -3395.061728  0.00011965409110239030
  679.012346 -3271.604938  0.00011958763284263365
  679.012346 -3148.148148  0.00011976945611658947
  679.012346 -3024.691358  0.00012008074857712085
  679.012346 -2901.234568  0.00012057487074206823
  679.012346 -2777.777778  0.00012121284887362862
  679.012346 -2654.320988  0.00012139788654595299
  679.012346 -2530.864198  0.00012074644245779527
  679.012346 -2407.407407  0.00012231951254226960
  679.012346 -2283.950617  0.00012188858462094887
  679.012346 -2160.493827  0.00012266308920340252
  679.012346 -2037.037037  0.00012372210657451025
  679.012346 -1913.580247  0.00012509412910478675
  679.012346 -1790.123457  0.00012613392301157614
  679.012346 -1666.666667  0.00012744202731901030
  679.012346 -1543.209877  0.00012957577218593094
  679.012346 -1419.753086  0.00013280364659899776
  679.012346 -1296.296296  0.00013513828402854545
  679.012346 -1172.839506  0.00014172840072401640
  679.012346 -1049.382716  0.00014759556645499981
  679.012346  -925.925926  0.00015806727673334676
  679.012346  -802.469136  0.00017126814322674131
  679.012346  -679.012346  0.00018953871500402336
  679.012346  -555.555556  0.00021255878103845693
  679.012346  -432.098765  0.00023909387485510086
  679.012346  -308.641975  0.00026417976686479619
  679.012346  -185.185185  0.00028146897930028463
  679.012346   -61.728395  0.00028896681666065732
  679.012346    61.728395  0.00028896681666063445
  679.012346   185.185185  0.00028146897930019334
  679.012346   308.641975  0.00026417976686468018
  679.012346   432.098765  0.00023909387485498548
  679.012346   555.555556  0.00021255878103835162
  679.012346   679.012346  0.00018953871500394215
  679.012346   802.469136  0.00017126814322665989
  679.012346   925.925926  0.00015806727673327357
  679.012346  1049.382716  0.00014759556645493562
  679.012346  1172.839506  0.00014172840072394197
  679.012346  1296.296296  0.00013513828402848203
  679.012346  1419.753086  0.00013280364659893270
  679.012346  1543.209877  0.00012957577218586274
  679.012346  1666.666667  0.00012744202731894392
  679.012346  1790.123457  0.00012613392301150426
  679.012346  1913.580247  0.00012509412910472232
  679.012346  2037.037037  0.00012372210657444327
  679.012346  2160.493827  0.00012266308920333210
  679.012346  2283.950617  0.00012188858462087608
  679.012346  2407.407407  0.00012231951254218883
  679.012346  2530.864198  0.00012074644245772244
  679.012346  2654.320988  0.00012139788654587696
  679.012346  2777.777778  0.00012121284887354531
  679.012346  2901.234568  0.00012057487074198600
  679.012346  3024.691358  0.00012008074857703199
  679.012346  3148.148148  0.00011976945611650349
  679.012346  3271.604938  0.00011958763284254645
  679.012346  3395.061728  0.00011965409110229948
  679.012346  3518.518519  0.00011957998682471636
  679.012346  3641.975309  0.00011955190664992097
  679.012346  3765.432099  0.00011945362240837412
  679.012346  3888.888889  0.00011867617514115321
  679.012346  4012.345679  0.00011856932688354012
  679.012346  4135.802469  0.00011775615239019367
  679.012346  4259.259259  0.00011800214777918188
  679.012346  4382.716049  0.00011549885480240963
  679.012346  4506.172840  0.00011396453176627835
  679.012346  4629.629630  0.00012168259151643707
  679.012346  4753.086420  0.00011401818998052191
  679.012346  4876.543210  0.00012014105135852547

  802.469136 -5000.000000  0.00002953767982262156
  802.469136 -4876.543210  0.00011828505094617619
  802.469136 -4753.086420  0.00011214904283992162
  802.469136 -4629.629630  0.00011977063907000507
  802.469136 -4506.172840  0.00011212743167393913
  802.469136 -4382.716049  0.00011363066185000553
  802.469136 -4259.259259  0.00011611471367394471
  802.469136 -4135.802469  0.00011589544182561644
  802.469136 -4012.345679  0.00011669573300325300
  802.469136 -3888.888889  0.00011675234517729713
  802.469136 -3765.432099  0.00011754588113763975
  802.469136 -3641.975309  0.00011759453357879721
  802.469136 -3518.518519  0.00011765100504276776
  802.469136 -3395.061728  0.00011772906308027520
  802.469136 -3271.604938  0.00011765008739302138
  802.469136 -3148.148148  0.00011782958868634232
  802.469136 -3024.691358  0.00011816322767818299
  802.469136 -2901.234568  0.00011867303854986399
  802.469136 -2777.777778  0.00011925846841336318
  802.469136 -2654.320988  0.00011939227921973494
  802.469136 -2530.864198  0.00011893848992075748
  802.469136 -2407.407407  0.00012068310600555809
  802.469136 -2283.950617  0.00012036446554553150
  802.469136 -2160.493827  0.00012103898626765158
  802.469136 -2037.037037  0.00012209576650256876
  802.469136 -1913.580247  0.00012349344020584955
  802.469136 -1790.123457  0.00012461901504863600
  802.469136 -1666.666667  0.00012599333279591699
  802.469136 -1543.209877  0.00012818407962797269
  802.469136 -1419.753086  0.00013150461485299735
  802.469136 -1296.296296  0.00013402271281927490
  802.469136 -1172.839506  0.00014067261339922513
  802.469136 -1049.382716  0.00014686489698917561
  802.469136  -925.925926  0.00015776412421495426
  802.469136  -802.469136  0.00017174314937571408
  802.469136  -679.012346  0.00019138582020490128
  802.469136  -555.555556  0.00021678338915117012
  802.469136  -432.098765  0.00024701267868206130
  802.469136  -308.641975  0.00027712348749457200
  802.469136  -185.185185  0.00030003753564959197
  802.469136   -61.728395  0.00031171320276299241
  802.469136    61.728395  0.00031171320276297772
  802.469136   185.185185  0.00030003753564951700
  802.469136   308.641975  0.00027712348749447442
  802.469136   432.098765  0.00024701267868196540
  802.469136   555.555556  0.00021678338915108206
  802.469136   679.012346  0.00019138582020483496
  802.469136   802.469136  0.00017174314937564285
  802.469136   925.925926  0.00015776412421488869
  802.469136  1049.382716  0.00014686489698911663
  802.469136  1172.839506  0.00014067261339915815
  802.469136  1296.296296  0.00013402271281921403
  802.469136  1419.753086  0.00013150461485293523
  802.469136  1543.209877  0.00012818407962790680
  802.469136  1666.666667  0.00012599333279584985
  802.469136  1790.123457  0.00012461901504856382
  802.469136  1913.580247  0.00012349344020578544
  802.469136  2037.037037  0.00012209576650250138
  802.469136  2160.493827  0.00012103898626758274
  802.469136  2283.950617  0.00012036446554546054
  802.469136  2407.407407  0.00012068310600547986
  802.469136  2530.864198  0.00011893848992068569
  802.469136  2654.320988  0.00011939227921966032
  802.469136  2777.777778  0.00011925846841328304
  802.469136  2901.234568  0.00011867303854978410
  802.469136  3024.691358  0.00011816322767809659
  802.469136  3148.148148  0.00011782958868625908
  802.469136  3271.604938  0.00011765008739293610
  802.469136  3395.061728  0.00011772906308018514
  802.469136  3518.518519  0.00011765100504267818
  802.469136  3641.975309  0.00011759453357870102
  802.469136  3765.432099  0.00011754588113754643
  802.469136  3888.888889  0.00011675234517720561
  802.469136  4012.345679  0.00011669573300315414
  802.469136  4135.802469  0.00011589544182551868
  802.469136  4259.259259  0.00011611471367384289
  802.469136  4382.716049  0.00011363066184990460
  802.469136  4506.172840  0.00011212743167384362
  802.469136  4629.629630  0.00011977063906990125
  802.469136  4753.086420  0.00011214904283982365
  802.469136  4876.543210  0.00011828505094606929

  925.925926 -5000.000000  0.00002911384913372516
  925.925926 -4876.543210  0.00011606952457519905
  925.925926 -4753.086420  0.00010990702739409077
  925.925926 -4629.629630  0.00011744352647026707
  925.925926 -4506.172840  0.00010991342976976677
  925.925926 -4382.716049  0.00011139786613521558
  925.925926 -4259.259259  0.00011385818885692674
  925.925926 -4135.802469  0.00011365575950250530
  925.925926 -4012.345679  0.00011443172927973788
  925.925926 -3888.888889  0.00011444158518375001
  925.925926 -3765.432099  0.00011523803055976363
  925.925926 -3641.975309  0.00011523819731020921
  925.925926 -3518.518519  0.00011531931186082782
  925.925926 -3395.061728  0.00011540352315823712
  925.925926 -3271.604938  0.00011532464133850582
  925.925926 -3148.148148  0.00011550380019343203
  925.925926 -3024.691358  0.00011584765904872829
  925.925926 -2901.234568  0.00011635332839328247
  925.925926 -2777.777778  0.00011688847019012418
  925.925926 -2654.320988  0.00011699341407624420
  925.925926 -2530.864198  0.00011674081937936329
  925.925926 -2407.407407  0.00011874915229756078
  925.925926 -2283.950617  0.00011852839815943668
  925.925926 -2160.493827  0.00011913036955804217
  925.925926 -2037.037037  0.00012018511365515852
  925.925926 -1913.580247  0.00012160013843117084
  925.925926 -1790.123457  0.00012277771813224485
  925.925926 -1666.666667  0.00012419684232221903
  925.925926 -1543.209877  0.00012644526099570057
  925.925926 -1419.753086  0.00012987226173741641
  925.925926 -1296.296296  0.00013245845518886727
  925.925926 -1172.839506  0.00013935937447557084
  925.925926 -1049.382716  0.00014573710219389579
  925.925926  -925.925926  0.00015702250431813553
  925.925926  -802.469136  0.00017160018028998327
  925.925926  -679.012346  0.00019232995154093598
  925.925926  -555.555556  0.00021958387859324140
  925.925926  -432.098765  0.00025271804245041479
  925.925926  -308.641975  0.00028675577700835845
  925.925926  -185.185185  0.00031400344981714326
  925.925926   -61.728395  0.00032887718844364636
  925.925926    61.728395  0.00032887718844363390
  925.925926   185.185185  0.00031400344981708807
  925.925926   308.641975  0.00028675577700828527
  925.925926   432.098765  0.00025271804245034069
  925.925926   555.555556  0.00021958387859316906
  925.925926   679.012346  0.00019232995154087933
  925.925926   802.469136  0.00017160018028992142
  925.925926   925.925926  0.00015702250431807760
  925.925926  1049.382716  0.00014573710219384272
  925.925926  1172.839506  0.00013935937447550961
  925.925926  1296.296296  0.00013245845518881002
  925.925926  1419.753086  0.00012987226173735754
  925.925926  1543.209877  0.00012644526099563788
  925.925926  1666.666667  0.00012419684232215677
  925.925926  1790.123457  0.00012277771813217622
  925.925926  1913.580247  0.00012160013843111053
  925.925926  2037.037037  0.00012018511365509692
  925.925926  2160.493827  0.00011913036955797878
  925.925926  2283.950617  0.00011852839815937051
  925.925926  2407.407407  0.00011874915229748491
  925.925926  2530.864198  0.00011674081937929304
  925.925926  2654.320988  0.00011699341407617094
  925.925926  2777.777778  0.00011688847019004656
  925.925926  2901.234568  0.00011635332839320533
  925.925926  3024.691358  0.00011584765904864422
  925.925926  3148.148148  0.00011550380019335120
  925.925926  3271.604938  0.00011532464133842498
  925.925926  3395.061728  0.00011540352315815070
  925.925926  3518.518519  0.00011531931186074102
  925.925926  3641.975309  0.00011523819731011451
  925.925926  3765.432099  0.00011523803055967410
  925.925926  3888.888889  0.00011444158518366019
  925.925926  4012.345679  0.00011443172927964149
  925.925926  4135.802469  0.00011365575950241152
  925.925926  4259.259259  0.00011385818885682699
  925.925926  4382.716049  0.00011139786613511787
  925.925926  4506.172840  0.00010991342976967402
  925.925926  4629.629630  0.00011744352647016569
  925.925926  4753.086420  0.00010990702739399505
  925.925926  4876.543210  0.00011606952457509476

 1049.382716 -5000.000000  0.00002872333199124112
 1049.382716 -4876.543210  0.00011419599774362905
 1049.382716 -4753.086420  0.00010797254219971253
 1049.382716 -4629.629630  0.00011541361650473405
 1049.382716 -4506.172840  0.00010798826721132811
 1049.382716 -4382.716049  0.00010947233196728648
 1049.382716 -4259.259259  0.00011191427389180359
 1049.382716 -4135.802469  0.00011171512813525184
 1049.382716 -4012.345679  0.00011246457146897464
 1049.382716 -3888.888889  0.00011243968955576824
 1049.382716 -3765.432099  0.00011321539243509540
 1049.382716 -3641.975309  0.00011321253337502438
 1049.382716 -3518.518519  0.00011330240221335559
 1049.382716 -3395.061728  0.00011339583715554026
 1049.382716 -3271.604938  0.00011332328766920996
 1049.382716 -3148.148148  0.00011350603419667382
 1049.382716 -3024.691358  0.00011385231187971377
 1049.382716 -2901.234568  0.00011435404687865074
 1049.382716 -2777.777778  0.00011484567388098146
 1049.382716 -2654.320988  0.00011492801709243928
 1049.382716 -2530.864198  0.00011476013479108395
 1049.382716 -2407.407407  0.00011650615274139012
 1049.382716 -2283.950617  0.00011638663070759082
 1049.382716 -2160.493827  0.00011692495244807621
 1049.382716 -2037.037037  0.00011797478466500928
 1049.382716 -1913.580247  0.00011937056415052675
 1049.382716 -1790.123457  0.00012060555416560619
 1049.382716 -1666.666667  0.00012207543811416260
 1049.382716 -1543.209877  0.00012435788946875168
 1049.382716 -1419.753086  0.00012778545681990064
 1049.382716 -1296.296296  0.00013050869679856797
 1049.382716 -1172.839506  0.00013664399776271033
 1049.382716 -1049.382716  0.00014324108515377567
 1049.382716  -925.925926  0.00015459581192427263
 1049.382716  -802.469136  0.00016950348829455089
 1049.382716  -679.012346  0.00019078564215850130
 1049.382716  -555.555556  0.00021913885116158109
 1049.382716  -432.098765  0.00025399673784422461
 1049.382716  -308.641975  0.00029043167544625531
 1049.382716  -185.185185  0.00032045062757743670
 1049.382716   -61.728395  0.00033742606138557326
 1049.382716    61.728395  0.00033742606138556540
 1049.382716   185.185185  0.00032045062757739636
 1049.382716   308.641975  0.00029043167544620283
 1049.382716   432.098765  0.00025399673784416829
 1049.382716   555.555556  0.00021913885116152433
 1049.382716   679.012346  0.00019078564215845717
 1049.382716   802.469136  0.00016950348829449766
 1049.382716   925.925926  0.00015459581192422232
 1049.382716  1049.382716  0.00014324108515372942
 1049.382716  1172.839506  0.00013664399776265411
 1049.382716  1296.296296  0.00013050869679851536
 1049.382716  1419.753086  0.00012778545681984619
 1049.382716  1543.209877  0.00012435788946869319
 1049.382716  1666.666667  0.00012207543811410297
 1049.382716  1790.123457  0.00012060555416554146
 1049.382716  1913.580247  0.00011937056415046883
 1049.382716  2037.037037  0.00011797478466494999
 1049.382716  2160.493827  0.00011692495244801353
 1049.382716  2283.950617  0.00011638663070752701
 1049.382716  2407.407407  0.00011650615274131595
 1049.382716  2530.864198  0.00011476013479101818
 1049.382716  2654.320988  0.00011492801709237021
 1049.382716  2777.777778  0.00011484567388090807
 1049.382716  2901.234568  0.00011435404687857682
 1049.382716  3024.691358  0.00011385231187963245
 1049.382716  3148.148148  0.00011350603419659766
 1049.382716  3271.604938  0.00011332328766913274
 1049.382716  3395.061728  0.00011339583715545818
 1049.382716  3518.518519  0.00011330240221327299
 1049.382716  3641.975309  0.00011321253337493263
 1049.382716  3765.432099  0.00011321539243500931
 1049.382716  3888.888889  0.00011243968955568138
 1049.382716  4012.345679  0.00011246457146888212
 1049.382716  4135.802469  0.00011171512813515896
 1049.382716  4259.259259  0.00011191427389170630
 1049.382716  4382.716049  0.00010947233196719155
 1049.382716  4506.172840  0.00010798826721123760
 1049.382716  4629.629630  0.00011541361650463506
 1049.382716  4753.086420  0.00010797254219961958
 1049.382716  4876.543210  0.00011419599774352776

 1172.839506 -5000.000000  0.00002811717313357173
 1172.839506 -4876.543210  0.00011131013857110066
 1172.839506 -4753.086420  0.00010508143616119792
 1172.839506 -4629.629630  0.00011236909540862490
 1172.839506 -4506.172840  0.00010511220844807523
 1172.839506 -4382.716049  0.00010658018132388054
 1172.839506 -4259.259259  0.00010898563520227136
 1172.839506 -4135.802469  0.00010879756047734538
 1172.839506 -4012.345679  0.00010951192276748141
 1172.839506 -3888.888889  0.00010944740738360441
 1172.839506 -3765.432099  0.00011020637374575975
 1172.839506 -3641.975309  0.00011013812430786738
 1172.839506 -3518.518519  0.00011024799060595319
 1172.839506 -3395.061728  0.00011034482810062307
 1172.839506 -3271.604938  0.00011028072947434307
 1172.839506 -3148.148148  0.00011046692263443185
 1172.839506 -3024.691358  0.00011081776216157710
 1172.839506 -2901.234568  0.00011129577624468847
 1172.839506 -2777.777778  0.00011173992720972519
 1172.839506 -2654.320988  0.00011179779207189231
 1172.839506 -2530.864198  0.00011182954907238205
 1172.839506 -2407.407407  0.00011408769182715398
 1172.839506 -2283.950617  0.00011397314185986949
 1172.839506 -2160.493827  0.00011448645260466763
 1172.839506 -2037.037037  0.00011551579037750523
 1172.839506 -1913.580247  0.00011692718809136609
 1172.839506 -1790.123457  0.00011815750429016425
 1172.839506 -1666.666667  0.00011963016491613887
 1172.839506 -1543.209877  0.00012192850259019643
 1172.839506 -1419.753086  0.00012543096770655323
 1172.839506 -1296.296296  0.00012807641254854391
 1172.839506 -1172.839506  0.00013533928394874635
 1172.839506 -1049.382716  0.00014186411587954390
 1172.839506  -925.925926  0.00015346191234557130
 1172.839506  -802.469136  0.00016856779986325224
 1172.839506  -679.012346  0.00019034025452289646
 1172.839506  -555.555556  0.00021943592733326365
 1172.839506  -432.098765  0.00025551002376023496
 1172.839506  -308.641975  0.00029360080663571242
 1172.839506  -185.185185  0.00032542742556431609
 1172.839506   -61.728395  0.00034377485127077005
 1172.839506    61.728395  0.00034377485127076463
 1172.839506   185.185185  0.00032542742556428811
 1172.839506   308.641975  0.00029360080663567317
 1172.839506   432.098765  0.00025551002376019317
 1172.839506   555.555556  0.00021943592733321898
 1172.839506   679.012346  0.00019034025452286082
 1172.839506   802.469136  0.00016856779986320681
 1172.839506   925.925926  0.00015346191234552644
 1172.839506  1049.382716  0.00014186411587950170
 1172.839506  1172.839506  0.00013533928394869260
 1172.839506  1296.296296  0.00012807641254849672
 1172.839506  1419.753086  0.00012543096770650200
 1172.839506  1543.209877  0.00012192850259014187
 1172.839506  1666.666667  0.00011963016491608260
 1172.839506  1790.123457  0.00011815750429010321
 1172.839506  1913.580247  0.00011692718809131333
 1172.839506  2037.037037  0.00011551579037744964
 1172.839506  2160.493827  0.00011448645260460856
 1172.839506  2283.950617  0.00011397314185980949
 1172.839506  2407.407407  0.00011408769182708526
 1172.839506  2530.864198  0.00011182954907231811
 1172.839506  2654.320988  0.00011179779207182644
 1172.839506  2777.777778  0.00011173992720965344
 1172.839506  2901.234568  0.00011129577624461635
 1172.839506  3024.691358  0.00011081776216149897
 1172.839506  3148.148148  0.00011046692263435944
 1172.839506  3271.604938  0.00011028072947426841
 1172.839506  3395.061728  0.00011034482810054382
 1172.839506  3518.518519  0.00011024799060587253
 1172.839506  3641.975309  0.00011013812430777976
 1172.839506  3765.432099  0.00011020637374567484
 1172.839506  3888.888889  0.00010944740738351990
 1172.839506  4012.345679  0.00010951192276739056
 1172.839506  4135.802469  0.00010879756047725755
 1172.839506  4259.259259  0.00010898563520217947
 1172.839506  4382.716049  0.00010658018132378879
 1172.839506  4506.172840  0.00010511220844798716
 1172.839506  4629.629630  0.00011236909540852793
 1172.839506  4753.086420  0.00010508143616110805
 1172.839506  4876.543210  0.00011131013857100236

 1296.296296 -5000.000000  0.00002745143670143861
 1296.296296 -4876.543210  0.00010997349020794752
 1296.296296 -4753.086420  0.00010355430365441413
 1296.296296 -4629.629630  0.00011064602074114465
 1296.296296 -4506.172840  0.00010353258993939287
 1296.296296 -4382.716049  0.00010510288957015297
 1296.296296 -4259.259259  0.00010750409325021016
 1296.296296 -4135.802469  0.00010724794179679336
 1296.296296 -4012.345679  0.00010790119739142959
 1296.296296 -3888.888889  0.00010785841869357609
 1296.296296 -3765.432099  0.00010850922530834961
 1296.296296 -3641.975309  0.00010855069375109602
 1296.296296 -3518.518519  0.00010859212476926682
 1296.296296 -3395.061728  0.00010871441517278038
 1296.296296 -3271.604938  0.00010873712237313714
 1296.296296 -3148.148148  0.00010895127865624876
 1296.296296 -3024.691358  0.00010922177721648070
 1296.296296 -2901.234568  0.00010959968556919976
 1296.296296 -2777.777778  0.00011008336646562549
 1296.296296 -2654.320988  0.00011027637459924386
 1296.296296 -2530.864198  0.00011000017233589687
 1296.296296 -2407.407407  0.00011115294691441072
 1296.296296 -2283.950617  0.00011117322928770493
 1296.296296 -2160.493827  0.00011189448164689650
 1296.296296 -2037.037037  0.00011270577201985532
 1296.296296 -1913.580247  0.00011394598268572547
 1296.296296 -1790.123457  0.00011528176829255705
 1296.296296 -1666.666667  0.00011697465251215768
 1296.296296 -1543.209877  0.00011918016428612452
 1296.296296 -1419.753086  0.00012206042805579287
 1296.296296 -1296.296296  0.00012589676063954499
 1296.296296 -1172.839506  0.00013040175868084800
 1296.296296 -1049.382716  0.00013795571224919101
 1296.296296  -925.925926  0.00014850194481967678
 1296.296296  -802.469136  0.00016350831305816046
 1296.296296  -679.012346  0.00018487389097609008
 1296.296296  -555.555556  0.00021390087226165214
 1296.296296  -432.098765  0.00024952123511067653
 1296.296296  -308.641975  0.00028717682769928323
 1296.296296  -185.185185  0.00031930681134634107
 1296.296296   -61.728395  0.00033799887967774487
 1296.296296    61.728395  0.00033799887967774774
 1296.296296   185.185185  0.00031930681134632335
 1296.296296   308.641975  0.00028717682769925640
 1296.296296   432.098765  0.00024952123511064471
 1296.296296   555.555556  0.00021390087226161222
 1296.296296   679.012346  0.00018487389097605382
 1296.296296   802.469136  0.00016350831305811782
 1296.296296   925.925926  0.00014850194481963531
 1296.296296  1049.382716  0.00013795571224915044
 1296.296296  1172.839506  0.00013040175868079631
 1296.296296  1296.296296  0.00012589676063950160
 1296.296296  1419.753086  0.00012206042805574567
 1296.296296  1543.209877  0.00011918016428607245
 1296.296296  1666.666667  0.00011697465251210364
 1296.296296  1790.123457  0.00011528176829249834
 1296.296296  1913.580247  0.00011394598268567224
 1296.296296  2037.037037  0.00011270577201979930
 1296.296296  2160.493827  0.00011189448164683571
 1296.296296  2283.950617  0.00011117322928764431
 1296.296296  2407.407407  0.00011115294691433948
 1296.296296  2530.864198  0.00011000017233583632
 1296.296296  2654.320988  0.00011027637459918185
 1296.296296  2777.777778  0.00011008336646555572
 1296.296296  2901.234568  0.00010959968556912939
 1296.296296  3024.691358  0.00010922177721640471
 1296.296296  3148.148148  0.00010895127865617780
 1296.296296  3271.604938  0.00010873712237306658
 1296.296296  3395.061728  0.00010871441517270541
 1296.296296  3518.518519  0.00010859212476919200
 1296.296296  3641.975309  0.00010855069375101403
 1296.296296  3765.432099  0.00010850922530826659
 1296.296296  3888.888889  0.00010785841869349335
 1296.296296  4012.345679  0.00010790119739134149
 1296.296296  4135.802469  0.00010724794179670769
 1296.296296  4259.259259  0.00010750409325012001
 1296.296296  4382.716049  0.00010510288957006389
 1296.296296  4506.172840  0.00010353258993930702
 1296.296296  4629.629630  0.00011064602074105100
 1296.296296  4753.086420  0.00010355430365432679
 1296.296296  4876.543210  0.00010997349020784940

 1419.753086 -5000.000000  0.00002675513580422118
 1419.753086 -4876.543210  0.00010673949031282912
 1419.753086 -4753.086420  0.00010034538746326338
 1419.753086 -4629.629630  0.00010726082767406608
 1419.753086 -4506.172840  0.00010032932805179616
 1419.753086 -4382.716049  0.00010186939894061597
 1419.753086 -4259.259259  0.00010422485405214961
 1419.753086 -4135.802469  0.00010398700623176538
 1419.753086 -4012.345679  0.00010460859951648603
 1419.753086 -3888.888889  0.00010452647990897803
 1419.753086 -3765.432099  0.00010514606018989549
 1419.753086 -3641.975309  0.00010513265916514671
 1419.753086 -3518.518519  0.00010518446081149071
 1419.753086 -3395.061728  0.00010530354956625980
 1419.753086 -3271.604938  0.00010533072965870842
 1419.753086 -3148.148148  0.00010555141647389768
 1419.753086 -3024.691358  0.00010583116710454468
 1419.753086 -2901.234568  0.00010618903858522842
 1419.753086 -2777.777778  0.00010662510372626657
 1419.753086 -2654.320988  0.00010676794275335083
 1419.753086 -2530.864198  0.00010660756012493553
 1419.753086 -2407.407407  0.00010826222316929774
 1419.753086 -2283.950617  0.00010821778367651551
 1419.753086 -2160.493827  0.00010889757742351723
 1419.753086 -2037.037037  0.00010967009461994930
 1419.753086 -1913.580247  0.00011092395235531411
 1419.753086 -1790.123457  0.00011223340732679714
 1419.753086 -1666.666667  0.00011388485076726590
 1419.753086 -1543.209877  0.00011602721454467508
 1419.753086 -1419.753086  0.00011888041488737158
 1419.753086 -1296.296296  0.00012260162720678696
 1419.753086 -1172.839506  0.00012825540693632407
 1419.753086 -1049.382716  0.00013557747717581506
 1419.753086  -925.925926  0.00014603309230310901
 1419.753086  -802.469136  0.00016077970503011965
 1419.753086  -679.012346  0.00018191426946773863
 1419.753086  -555.555556  0.00021054294449445306
 1419.753086  -432.098765  0.00024571705053927004
 1419.753086  -308.641975  0.00028294861192235154
 1419.753086  -185.185185  0.00031478381323781537
 1419.753086   -61.728395  0.00033342675239483367
 1419.753086    61.728395  0.00033342675239483378
 1419.753086   185.185185  0.00031478381323780285
 1419.753086   308.641975  0.00028294861192233040
 1419.753086   432.098765  0.00024571705053924266
 1419.753086   555.555556  0.00021054294449441785
 1419.753086   679.012346  0.00018191426946771106
 1419.753086   802.469136  0.00016077970503008135
 1419.753086   925.925926  0.00014603309230307301
 1419.753086  1049.382716  0.00013557747717577937
 1419.753086  1172.839506  0.00012825540693627561
 1419.753086  1296.296296  0.00012260162720674798
 1419.753086  1419.753086  0.00011888041488732724
 1419.753086  1543.209877  0.00011602721454462534
 1419.753086  1666.666667  0.00011388485076721546
 1419.753086  1790.123457  0.00011223340732674175
 1419.753086  1913.580247  0.00011092395235526535
 1419.753086  2037.037037  0.00010967009461989730
 1419.753086  2160.493827  0.00010889757742346138
 1419.753086  2283.950617  0.00010821778367645635
 1419.753086  2407.407407  0.00010826222316923078
 1419.753086  2530.864198  0.00010660756012487971
 1419.753086  2654.320988  0.00010676794275329271
 1419.753086  2777.777778  0.00010662510372620222
 1419.753086  2901.234568  0.00010618903858516367
 1419.753086  3024.691358  0.00010583116710447525
 1419.753086  3148.148148  0.00010555141647382910
 1419.753086  3271.604938  0.00010533072965863833
 1419.753086  3395.061728  0.00010530354956618645
 1419.753086  3518.518519  0.00010518446081141732
 1419.753086  3641.975309  0.00010513265916506680
 1419.753086  3765.432099  0.00010514606018981556
 1419.753086  3888.888889  0.00010452647990889897
 1419.753086  4012.345679  0.00010460859951640165
 1419.753086  4135.802469  0.00010398700623168152
 1419.753086  4259.259259  0.00010422485405206065
 1419.753086  4382.716049  0.00010186939894052867
 1419.753086  4506.172840  0.00010032932805171154
 1419.753086  4629.629630  0.00010726082767397356
 1419.753086  4753.086420  0.00010034538746317670
 1419.753086  4876.543210  0.00010673949031273206

 1543.209877 -5000.000000  0.00002637790436439445
 1543.209877 -4876.543210  0.00010429438228154222
 1543.209877 -4753.086420  0.00009794089485505708
 1543.209877 -4629.629630  0.00010485689858084905
 1543.209877 -4506.172840  0.00009795663905745652
 1543.209877 -4382.716049  0.00009939714055284359
 1543.209877 -4259.259259  0.00010172280803089922
 1543.209877 -4135.802469  0.00010155916434523853
 1543.209877 -4012.345679  0.00010219759474056321
 1543.209877 -3888.888889  0.00010202202653849000
 1543.209877 -3765.432099  0.00010271664878279010
 1543.209877 -3641.975309  0.00010258421998836382
 1543.209877 -3518.518519  0.00010268333741910469
 1543.209877 -3395.061728  0.00010278600738431289
 1543.209877 -3271.604938  0.00010274722550643764
 1543.209877 -3148.148148  0.00010295195975889159
 1543.209877 -3024.691358  0.00010331355192988589
 1543.209877 -2901.234568  0.00010376997086623021
 1543.209877 -2777.777778  0.00010409237612154776
 1543.209877 -2654.320988  0.00010400855759001169
 1543.209877 -2530.864198  0.00010396786632214177
 1543.209877 -2407.407407  0.00010507939739830257
 1543.209877 -2283.950617  0.00010508408908072800
 1543.209877 -2160.493827  0.00010543500086484962
 1543.209877 -2037.037037  0.00010626103272557094
 1543.209877 -1913.580247  0.00010752750871272874
 1543.209877 -1790.123457  0.00010890823702888362
 1543.209877 -1666.666667  0.00011046356936083803
 1543.209877 -1543.209877  0.00011245067851855011
 1543.209877 -1419.753086  0.00011521987377876974
 1543.209877 -1296.296296  0.00011883883113830139
 1543.209877 -1172.839506  0.00012366211073592967
 1543.209877 -1049.382716  0.00013074128144955838
 1543.209877  -925.925926  0.00014070833003401790
 1543.209877  -802.469136  0.00015486793154660702
 1543.209877  -679.012346  0.00017510612952238524
 1543.209877  -555.555556  0.00020252024532753894
 1543.209877  -432.098765  0.00023610998768124077
 1543.209877  -308.641975  0.00027159224436776211
 1543.209877  -185.185185  0.00030193762095388494
 1543.209877   -61.728395  0.00031986571421780785
 1543.209877    61.728395  0.00031986571421780953
 1543.209877   185.185185  0.00030193762095387611
 1543.209877   308.641975  0.00027159224436774715
 1543.209877   432.098765  0.00023610998768122064
 1543.209877   555.555556  0.00020252024532751501
 1543.209877   679.012346  0.00017510612952236249
 1543.209877   802.469136  0.00015486793154657281
 1543.209877   925.925926  0.00014070833003398513
 1543.209877  1049.382716  0.00013074128144952571
 1543.209877  1172.839506  0.00012366211073588744
 1543.209877  1296.296296  0.00011883883113826602
 1543.209877  1419.753086  0.00011521987377872891
 1543.209877  1543.209877  0.00011245067851850529
 1543.209877  1666.666667  0.00011046356936079102
 1543.209877  1790.123457  0.00010890823702883128
 1543.209877  1913.580247  0.00010752750871267973
 1543.209877  2037.037037  0.00010626103272552145
 1543.209877  2160.493827  0.00010543500086479578
 1543.209877  2283.950617  0.00010508408908067290
 1543.209877  2407.407407  0.00010507939739823743
 1543.209877  2530.864198  0.00010396786632208810
 1543.209877  2654.320988  0.00010400855758995440
 1543.209877  2777.777778  0.00010409237612148405
 1543.209877  2901.234568  0.00010376997086616524
 1543.209877  3024.691358  0.00010331355192981662
 1543.209877  3148.148148  0.00010295195975882658
 1543.209877  3271.604938  0.00010274722550637152
 1543.209877  3395.061728  0.00010278600738424166
 1543.209877  3518.518519  0.00010268333741903235
 1543.209877  3641.975309  0.00010258421998828466
 1543.209877  3765.432099  0.00010271664878271323
 1543.209877  3888.888889  0.00010202202653841241
 1543.209877  4012.345679  0.00010219759474048078
 1543.209877  4135.802469  0.00010155916434515842
 1543.209877  4259.259259  0.00010172280803081446
 1543.209877  4382.716049  0.00009939714055275932
 1543.209877  4506.172840  0.00009795663905737498
 1543.209877  4629.629630  0.00010485689858075844
 1543.209877  4753.086420  0.00009794089485497265
 1543.209877  4876.543210  0.00010429438228144858

 1666.666667 -5000.000000  0.00002550064433504730
 1666.666667 -4876.543210  0.00010157352543193629
 1666.666667 -4753.086420  0.00009505401409043876
 1666.666667 -4629.629630  0.00010153724040550032
 1666.666667 -4506.172840  0.00009497995007866307
 1666.666667 -4382.716049  0.00009656989562710677
 1666.666667 -4259.259259  0.00009886174242680707
 1666.666667 -4135.802469  0.00009858269653812745
 1666.666667 -4012.345679  0.00009910946277609810
 1666.666667 -3888.888889  0.00009900369212609021
 1666.666667 -3765.432099  0.00009949602084054881
 1666.666667 -3641.975309  0.00009950630582246656
 1666.666667 -3518.518519  0.00009951574446612042
 1666.666667 -3395.061728  0.00009965112350042573
 1666.666667 -3271.604938  0.00009974145764939939
 1666.666667 -3148.148148  0.00009998296173734438
 1666.666667 -3024.691358  0.00010021473909206904
 1666.666667 -2901.234568  0.00010049028656470496
 1666.666667 -2777.777778  0.00010086685480851616
 1666.666667 -2654.320988  0.00010100362500301796
 1666.666667 -2530.864198  0.00010065503454715782
 1666.666667 -2407.407407  0.00010143111567205245
 1666.666667 -2283.950617  0.00010130434190038382
 1666.666667 -2160.493827  0.00010195734398271963
 1666.666667 -2037.037037  0.00010266928347509130
 1666.666667 -1913.580247  0.00010378645795312198
 1666.666667 -1790.123457  0.00010499021588883530
 1666.666667 -1666.666667  0.00010653387442637505
 1666.666667 -1543.209877  0.00010851415760808381
 1666.666667 -1419.753086  0.00011105933422694950
 1666.666667 -1296.296296  0.00011446083503211191
 1666.666667 -1172.839506  0.00011893693274499383
 1666.666667 -1049.382716  0.00012561958384105308
 1666.666667  -925.925926  0.00013501315239813696
 1666.666667  -802.469136  0.00014835773236091405
 1666.666667  -679.012346  0.00016740210873879854
 1666.666667  -555.555556  0.00019320931715794724
 1666.666667  -432.098765  0.00022481073206785207
 1666.666667  -308.641975  0.00025814084448357076
 1666.666667  -185.185185  0.00028655758093340587
 1666.666667   -61.728395  0.00030325081856220443
 1666.666667    61.728395  0.00030325081856220681
 1666.666667   185.185185  0.00028655758093340132
 1666.666667   308.641975  0.00025814084448356084
 1666.666667   432.098765  0.00022481073206783781
 1666.666667   555.555556  0.00019320931715793158
 1666.666667   679.012346  0.00016740210873878079
 1666.666667   802.469136  0.00014835773236088445
 1666.666667   925.925926  0.00013501315239810796
 1666.666667  1049.382716  0.00012561958384102481
 1666.666667  1172.839506  0.00011893693274495505
 1666.666667  1296.296296  0.00011446083503207738
 1666.666667  1419.753086  0.00011105933422691305
 1666.666667  1543.209877  0.00010851415760804146
 1666.666667  1666.666667  0.00010653387442633164
 1666.666667  1790.123457  0.00010499021588878634
 1666.666667  1913.580247  0.00010378645795307608
 1666.666667  2037.037037  0.00010266928347504372
 1666.666667  2160.493827  0.00010195734398266756
 1666.666667  2283.950617  0.00010130434190033078
 1666.666667  2407.407407  0.00010143111567199061
 1666.666667  2530.864198  0.00010065503454710554
 1666.666667  2654.320988  0.00010100362500296241
 1666.666667  2777.777778  0.00010086685480845296
 1666.666667  2901.234568  0.00010049028656464256
 1666.666667  3024.691358  0.00010021473909200112
 1666.666667  3148.148148  0.00009998296173728027
 1666.666667  3271.604938  0.00009974145764933579
 1666.666667  3395.061728  0.00009965112350035733
 1666.666667  3518.518519  0.00009951574446605010
 1666.666667  3641.975309  0.00009950630582238962
 1666.666667  3765.432099  0.00009949602084047457
 1666.666667  3888.888889  0.00009900369212601641
 1666.666667  4012.345679  0.00009910946277601979
 1666.666667  4135.802469  0.00009858269653804923
 1666.666667  4259.259259  0.00009886174242672395
 1666.666667  4382.716049  0.00009656989562702516
 1666.666667  4506.172840  0.00009497995007858440
 1666.666667  4629.629630  0.00010153724040541246
 1666.666667  4753.086420  0.00009505401409035691
 1666.666667  4876.543210  0.00010157352543184370

 1790.123457 -5000.000000  0.00002455858642595959
 1790.123457 -4876.543210  0.00009811820350257625
 1790.123457 -4753.086420  0.00009145068754660674
 1790.123457 -4629.629630  0.00009754409001788388
 1790.123457 -4506.172840  0.00009132880260813253
 1790.123457 -4382.716049  0.00009302921042251255
 1790.123457 -4259.259259  0.00009528130469645159
 1790.123457 -4135.802469  0.00009492032878154525
 1790.123457 -4012.345679  0.00009534349708013614
 1790.123457 -3888.888889  0.00009526583294700438
 1790.123457 -3765.432099  0.00009559723828695217
 1790.123457 -3641.975309  0.00009568966174747902
 1790.123457 -3518.518519  0.00009564794128563350
 1790.123457 -3395.061728  0.00009581265744694690
 1790.123457 -3271.604938  0.00009600176134909715
 1790.123457 -3148.148148  0.00009626834513499699
 1790.123457 -3024.691358  0.00009639969797901433
 1790.123457 -2901.234568  0.00009652226240549879
 1790.123457 -2777.777778  0.00009690239546661875
 1790.123457 -2654.320988  0.00009719432995809548
 1790.123457 -2530.864198  0.00009676768587765947
 1790.123457 -2407.407407  0.00009745149505681221
 1790.123457 -2283.950617  0.00009726925464868375
 1790.123457 -2160.493827  0.00009813025994680579
 1790.123457 -2037.037037  0.00009873515887590109
 1790.123457 -1913.580247  0.00009970908547341887
 1790.123457 -1790.123457  0.00010074416247733966
 1790.123457 -1666.666667  0.00010223244892953372
 1790.123457 -1543.209877  0.00010415153067988847
 1790.123457 -1419.753086  0.00010647783080074605
 1790.123457 -1296.296296  0.00010962846680015643
 1790.123457 -1172.839506  0.00011401791922300876
 1790.123457 -1049.382716  0.00012021778549354661
 1790.123457  -925.925926  0.00012895912617288263
 1790.123457  -802.469136  0.00014134333598391988
 1790.123457  -679.012346  0.00015901721098458493
 1790.123457  -555.555556  0.00018294640902716920
 1790.123457  -432.098765  0.00021221969325979618
 1790.123457  -308.641975  0.00024302538632651455
 1790.123457  -185.185185  0.00026918159157142060
 1790.123457   -61.728395  0.00028442993692761389
 1790.123457    61.728395  0.00028442993692761746
 1790.123457   185.185185  0.00026918159157141930
 1790.123457   308.641975  0.00024302538632650931
 1790.123457   432.098765  0.00021221969325978515
 1790.123457   555.555556  0.00018294640902715659
 1790.123457   679.012346  0.00015901721098456924
 1790.123457   802.469136  0.00014134333598389288
 1790.123457   925.925926  0.00012895912617285466
 1790.123457  1049.382716  0.00012021778549352015
 1790.123457  1172.839506  0.00011401791922297216
 1790.123457  1296.296296  0.00010962846680012673
 1790.123457  1419.753086  0.00010647783080071050
 1790.123457  1543.209877  0.00010415153067984866
 1790.123457  1666.666667  0.00010223244892949397
 1790.123457  1790.123457  0.00010074416247729236
 1790.123457  1913.580247  0.00009970908547337746
 1790.123457  2037.037037  0.00009873515887585645
 1790.123457  2160.493827  0.00009813025994675741
 1790.123457  2283.950617  0.00009726925464863332
 1790.123457  2407.407407  0.00009745149505675468
 1790.123457  2530.864198  0.00009676768587761050
 1790.123457  2654.320988  0.00009719432995804292
 1790.123457  2777.777778  0.00009690239546655911
 1790.123457  2901.234568  0.00009652226240543940
 1790.123457  3024.691358  0.00009639969797895034
 1790.123457  3148.148148  0.00009626834513493605
 1790.123457  3271.604938  0.00009600176134903585
 1790.123457  3395.061728  0.00009581265744688157
 1790.123457  3518.518519  0.00009564794128556613
 1790.123457  3641.975309  0.00009568966174740526
 1790.123457  3765.432099  0.00009559723828688090
 1790.123457  3888.888889  0.00009526583294693239
 1790.123457  4012.345679  0.00009534349708006005
 1790.123457  4135.802469  0.00009492032878147038
 1790.123457  4259.259259  0.00009528130469637006
 1790.123457  4382.716049  0.00009302921042243389
 1790.123457  4506.172840  0.00009132880260805593
 1790.123457  4629.629630  0.00009754409001779954
 1790.123457  4753.086420  0.00009145068754652735
 1790.123457  4876.543210  0.00009811820350248583

 1913.580247 -5000.000000  0.00002394990342939693
 1913.580247 -4876.543210  0.00009380594944564502
 1913.580247 -4753.086420  0.00008718449092890885
 1913.580247 -4629.629630  0.00009331653138913221
 1913.580247 -4506.172840  0.00008718001124959613
 1913.580247 -4382.716049  0.00008872519680845539
 1913.580247 -4259.259259  0.00009093380585193116
 1913.580247 -4135.802469  0.00009069917286871982
 1913.580247 -4012.345679  0.00009113848388196125
 1913.580247 -3888.888889  0.00009088803738952041
 1913.580247 -3765.432099  0.00009136143837035301
 1913.580247 -3641.975309  0.00009121839090270081
 1913.580247 -3518.518519  0.00009130153181507464
 1913.580247 -3395.061728  0.00009144959005931820
 1913.580247 -3271.604938  0.00009152757078638094
 1913.580247 -3148.148148  0.00009175508236249815
 1913.580247 -3024.691358  0.00009200868208090042
 1913.580247 -2901.234568  0.00009225797175104417
 1913.580247 -2777.777778  0.00009241991458655198
 1913.580247 -2654.320988  0.00009238924641818032
 1913.580247 -2530.864198  0.00009259070520945448
 1913.580247 -2407.407407  0.00009324836462744275
 1913.580247 -2283.950617  0.00009328740563356952
 1913.580247 -2160.493827  0.00009366874142612095
 1913.580247 -2037.037037  0.00009433245275625922
 1913.580247 -1913.580247  0.00009529915018055381
 1913.580247 -1790.123457  0.00009637932947673400
 1913.580247 -1666.666667  0.00009766216721377554
 1913.580247 -1543.209877  0.00009931324370617358
 1913.580247 -1419.753086  0.00010155603088978418
 1913.580247 -1296.296296  0.00010443481361175185
 1913.580247 -1172.839506  0.00010857213641748954
 1913.580247 -1049.382716  0.00011421982386355930
 1913.580247  -925.925926  0.00012223365589079574
 1913.580247  -802.469136  0.00013355520356965998
 1913.580247  -679.012346  0.00014972086864303391
 1913.580247  -555.555556  0.00017152654388691112
 1913.580247  -432.098765  0.00019811075927879464
 1913.580247  -308.641975  0.00022596443440027811
 1913.580247  -185.185185  0.00024952035095378327
 1913.580247   -61.728395  0.00026330792430201481
 1913.580247    61.728395  0.00026330792430202360
 1913.580247   185.185185  0.00024952035095378831
 1913.580247   308.641975  0.00022596443440027665
 1913.580247   432.098765  0.00019811075927878379
 1913.580247   555.555556  0.00017152654388689328
 1913.580247   679.012346  0.00014972086864302182
 1913.580247   802.469136  0.00013355520356963919
 1913.580247   925.925926  0.00012223365589077227
 1913.580247  1049.382716  0.00011421982386353418
 1913.580247  1172.839506  0.00010857213641745629
 1913.580247  1296.296296  0.00010443481361172438
 1913.580247  1419.753086  0.00010155603088975049
 1913.580247  1543.209877  0.00009931324370613571
 1913.580247  1666.666667  0.00009766216721373736
 1913.580247  1790.123457  0.00009637932947669002
 1913.580247  1913.580247  0.00009529915018051700
 1913.580247  2037.037037  0.00009433245275621791
 1913.580247  2160.493827  0.00009366874142607696
 1913.580247  2283.950617  0.00009328740563352349
 1913.580247  2407.407407  0.00009324836462738808
 1913.580247  2530.864198  0.00009259070520941038
 1913.580247  2654.320988  0.00009238924641813304
 1913.580247  2777.777778  0.00009241991458649842
 1913.580247  2901.234568  0.00009225797175098965
 1913.580247  3024.691358  0.00009200868208084161
 1913.580247  3148.148148  0.00009175508236244091
 1913.580247  3271.604938  0.00009152757078632202
 1913.580247  3395.061728  0.00009144959005925562
 1913.580247  3518.518519  0.00009130153181501145
 1913.580247  3641.975309  0.00009121839090263109
 1913.580247  3765.432099  0.00009136143837028476
 1913.580247  3888.888889  0.00009088803738945198
 1913.580247  4012.345679  0.00009113848388188875
 1913.580247  4135.802469  0.00009069917286864712
 1913.580247  4259.259259  0.00009093380585185284
 1913.580247  4382.716049  0.00008872519680837861
 1913.580247  4506.172840  0.00008718001124952264
 1913.580247  4629.629630  0.00009331653138905017
 1913.580247  4753.086420  0.00008718449092883190
 1913.580247  4876.543210  0.00009380594944555753

 2037.037037 -5000.000000  0.00002307010734570754
 2037.037037 -4876.543210  0.00008828919131835064
 2037.037037 -4753.086420  0.00008176413846107428
 2037.037037 -4629.629630  0.00008783360474465557
 2037.037037 -4506.172840  0.00008187714118903631
 2037.037037 -4382.716049  0.00008326381369851527
 2037.037037 -4259.259259  0.00008540308376911040
 2037.037037 -4135.802469  0.00008529068829384563
 2037.037037 -4012.345679  0.00008572391815053166
 2037.037037 -3888.888889  0.00008531229672812709
 2037.037037 -3765.432099  0.00008586444900013330
 2037.037037 -3641.975309  0.00008555951707746460
 2037.037037 -3518.518519  0.00008572127528699254
 2037.037037 -3395.061728  0.00008585864335191920
 2037.037037 -3271.604938  0.00008586133016434688
 2037.037037 -3148.148148  0.00008606978005288904
 2037.037037 -3024.691358  0.00008640013791466927
 2037.037037 -2901.234568  0.00008669843280933849
 2037.037037 -2777.777778  0.00008669255503870710
 2037.037037 -2654.320988  0.00008642898524302851
 2037.037037 -2530.864198  0.00008717217761832531
 2037.037037 -2407.407407  0.00008897775419729114
 2037.037037 -2283.950617  0.00008907988375599471
 2037.037037 -2160.493827  0.00008916318523380765
 2037.037037 -2037.037037  0.00008978363030587735
 2037.037037 -1913.580247  0.00009077893311196140
 2037.037037 -1790.123457  0.00009183653091027850
 2037.037037 -1666.666667  0.00009292094510193446
 2037.037037 -1543.209877  0.00009431643690953177
 2037.037037 -1419.753086  0.00009639787616518570
 2037.037037 -1296.296296  0.00009903666133141192
 2037.037037 -1172.839506  0.00010261431410715598
 2037.037037 -1049.382716  0.00010768935231112819
 2037.037037  -925.925926  0.00011485308261069001
 2037.037037  -802.469136  0.00012499617443060971
 2037.037037  -679.012346  0.00013947263227802399
 2037.037037  -555.555556  0.00015892694562910442
 2037.037037  -432.098765  0.00018251452670489462
 2037.037037  -308.641975  0.00020709159732216595
 2037.037037  -185.185185  0.00022779150429063058
 2037.037037   -61.728395  0.00024003445743049431
 2037.037037    61.728395  0.00024003445743050263
 2037.037037   185.185185  0.00022779150429063627
 2037.037037   308.641975  0.00020709159732216649
 2037.037037   432.098765  0.00018251452670488738
 2037.037037   555.555556  0.00015892694562909165
 2037.037037   679.012346  0.00013947263227801491
 2037.037037   802.469136  0.00012499617443058930
 2037.037037   925.925926  0.00011485308261066822
 2037.037037  1049.382716  0.00010768935231110704
 2037.037037  1172.839506  0.00010261431410712152
 2037.037037  1296.296296  0.00009903666133138781
 2037.037037  1419.753086  0.00009639787616515575
 2037.037037  1543.209877  0.00009431643690949835
 2037.037037  1666.666667  0.00009292094510190087
 2037.037037  1790.123457  0.00009183653091023916
 2037.037037  1913.580247  0.00009077893311192742
 2037.037037  2037.037037  0.00008978363030583895
 2037.037037  2160.493827  0.00008916318523376688
 2037.037037  2283.950617  0.00008907988375595227
 2037.037037  2407.407407  0.00008897775419724056
 2037.037037  2530.864198  0.00008717217761828310
 2037.037037  2654.320988  0.00008642898524298314
 2037.037037  2777.777778  0.00008669255503865702
 2037.037037  2901.234568  0.00008669843280928643
 2037.037037  3024.691358  0.00008640013791461317
 2037.037037  3148.148148  0.00008606978005283339
 2037.037037  3271.604938  0.00008586133016429132
 2037.037037  3395.061728  0.00008585864335185933
 2037.037037  3518.518519  0.00008572127528693222
 2037.037037  3641.975309  0.00008555951707739784
 2037.037037  3765.432099  0.00008586444900006887
 2037.037037  3888.888889  0.00008531229672806283
 2037.037037  4012.345679  0.00008572391815046204
 2037.037037  4135.802469  0.00008529068829377631
 2037.037037  4259.259259  0.00008540308376903740
 2037.037037  4382.716049  0.00008326381369844233
 2037.037037  4506.172840  0.00008187714118896734
 2037.037037  4629.629630  0.00008783360474457814
 2037.037037  4753.086420  0.00008176413846100194
 2037.037037  4876.543210  0.00008828919131826841

 2160.493827 -5000.000000  0.00002238233863096827
 2160.493827 -4876.543210  0.00008413273454138476
 2160.493827 -4753.086420  0.00007756809162178718
 2160.493827 -4629.629630  0.00008358306500786292
 2160.493827 -4506.172840  0.00007776624374840908
 2160.493827 -4382.716049  0.00007906956039729394
 2160.493827 -4259.259259  0.00008117379337846834
 2160.493827 -4135.802469  0.00008113878735638962
 2160.493827 -4012.345679  0.00008156006725621205
 2160.493827 -3888.888889  0.00008101290570702277
 2160.493827 -3765.432099  0.00008165546347941980
 2160.493827 -3641.975309  0.00008116683712712351
 2160.493827 -3518.518519  0.00008143066626469803
 2160.493827 -3395.061728  0.00008156474741902800
 2160.493827 -3271.604938  0.00008149658671356327
 2160.493827 -3148.148148  0.00008167247218569217
 2160.493827 -3024.691358  0.00008208355585102162
 2160.493827 -2901.234568  0.00008246470636192045
 2160.493827 -2777.777778  0.00008226023680382677
 2160.493827 -2654.320988  0.00008175299118687018
 2160.493827 -2530.864198  0.00008300475128479228
 2160.493827 -2407.407407  0.00008416377781466545
 2160.493827 -2283.950617  0.00008451329108097467
 2160.493827 -2160.493827  0.00008419326931705170
 2160.493827 -2037.037037  0.00008486625247139688
 2160.493827 -1913.580247  0.00008577554357596061
 2160.493827 -1790.123457  0.00008683389409440537
 2160.493827 -1666.666667  0.00008771622075886191
 2160.493827 -1543.209877  0.00008885207991216114
 2160.493827 -1419.753086  0.00009078496252589302
 2160.493827 -1296.296296  0.00009308697127252847
 2160.493827 -1172.839506  0.00009600528468366651
 2160.493827 -1049.382716  0.00010043724723789578
 2160.493827  -925.925926  0.00010668800087383158
 2160.493827  -802.469136  0.00011553553351677523
 2160.493827  -679.012346  0.00012813579037655270
 2160.493827  -555.555556  0.00014502272400778975
 2160.493827  -432.098765  0.00016540769586646659
 2160.493827  -308.641975  0.00018652121100228120
 2160.493827  -185.185185  0.00020420975199807843
 2160.493827   -61.728395  0.00021472184178515560
 2160.493827    61.728395  0.00021472184178516218
 2160.493827   185.185185  0.00020420975199808398
 2160.493827   308.641975  0.00018652121100228494
 2160.493827   432.098765  0.00016540769586646404
 2160.493827   555.555556  0.00014502272400778037
 2160.493827   679.012346  0.00012813579037654558
 2160.493827   802.469136  0.00011553553351675769
 2160.493827   925.925926  0.00010668800087381169
 2160.493827  1049.382716  0.00010043724723787586
 2160.493827  1172.839506  0.00009600528468363654
 2160.493827  1296.296296  0.00009308697127250448
 2160.493827  1419.753086  0.00009078496252586617
 2160.493827  1543.209877  0.00008885207991213010
 2160.493827  1666.666667  0.00008771622075883002
 2160.493827  1790.123457  0.00008683389409436800
 2160.493827  1913.580247  0.00008577554357592800
 2160.493827  2037.037037  0.00008486625247136120
 2160.493827  2160.493827  0.00008419326931701395
 2160.493827  2283.950617  0.00008451329108093558
 2160.493827  2407.407407  0.00008416377781461910
 2160.493827  2530.864198  0.00008300475128475303
 2160.493827  2654.320988  0.00008175299118682825
 2160.493827  2777.777778  0.00008226023680377947
 2160.493827  2901.234568  0.00008246470636187236
 2160.493827  3024.691358  0.00008208355585096955
 2160.493827  3148.148148  0.00008167247218563918
 2160.493827  3271.604938  0.00008149658671350859
 2160.493827  3395.061728  0.00008156474741896998
 2160.493827  3518.518519  0.00008143066626464045
 2160.493827  3641.975309  0.00008116683712705984
 2160.493827  3765.432099  0.00008165546347935754
 2160.493827  3888.888889  0.00008101290570695985
 2160.493827  4012.345679  0.00008156006725614439
 2160.493827  4135.802469  0.00008113878735632252
 2160.493827  4259.259259  0.00008117379337839657
 2160.493827  4382.716049  0.00007906956039722358
 2160.493827  4506.172840  0.00007776624374834085
 2160.493827  4629.629630  0.00008358306500778713
 2160.493827  4753.086420  0.00007756809162171702
 2160.493827  4876.543210  0.00008413273454130501

 2283.950617 -5000.000000  0.00002060894837418084
 2283.950617 -4876.543210  0.00008051412555002267
 2283.950617 -4753.086420  0.00007356405580404387
 2283.950617 -4629.629630  0.00007844193477775794
 2283.950617 -4506.172840  0.00007346332636513488
 2283.950617 -4382.716049  0.00007526585144349398
 2283.950617 -4259.259259  0.00007731241157547053
 2283.950617 -4135.802469  0.00007688964537996732
 2283.950617 -4012.345679  0.00007701658251281992
 2283.950617 -3888.888889  0.00007680195414369076
 2283.950617 -3765.432099  0.00007679820963795586
 2283.950617 -3641.975309  0.00007689140183365072
 2283.950617 -3518.518519  0.00007681596250502398
 2283.950617 -3395.061728  0.00007704708205520166
 2283.950617 -3271.604938  0.00007740756074277006
 2283.950617 -3148.148148  0.00007771413903869686
 2283.950617 -3024.691358  0.00007767521327905845
 2283.950617 -2901.234568  0.00007745270732707544
 2283.950617 -2777.777778  0.00007759435897255921
 2283.950617 -2654.320988  0.00007796491060209689
 2283.950617 -2530.864198  0.00007797754315447485
 2283.950617 -2407.407407  0.00007933280187861192
 2283.950617 -2283.950617  0.00007909052473299870
 2283.950617 -2160.493827  0.00008004476777887197
 2283.950617 -2037.037037  0.00008030644587785151
 2283.950617 -1913.580247  0.00008086393858308984
 2283.950617 -1790.123457  0.00008136932599539268
 2283.950617 -1666.666667  0.00008235904438725037
 2283.950617 -1543.209877  0.00008366126097095068
 2283.950617 -1419.753086  0.00008503977662053893
 2283.950617 -1296.296296  0.00008699413540668677
 2283.950617 -1172.839506  0.00008972835533878421
 2283.950617 -1049.382716  0.00009350434637742330
 2283.950617  -925.925926  0.00009879098830810377
 2283.950617  -802.469136  0.00010624938578216762
 2283.950617  -679.012346  0.00011684298179980155
 2283.950617  -555.555556  0.00013108052138565348
 2283.950617  -432.098765  0.00014826654365512245
 2283.950617  -308.641975  0.00016601428267118699
 2283.950617  -185.185185  0.00018074292789401532
 2283.950617   -61.728395  0.00018926430984272821
 2283.950617    61.728395  0.00018926430984273187
 2283.950617   185.185185  0.00018074292789402156
 2283.950617   308.641975  0.00016601428267119242
 2283.950617   432.098765  0.00014826654365512364
 2283.950617   555.555556  0.00013108052138564784
 2283.950617   679.012346  0.00011684298179979609
 2283.950617   802.469136  0.00010624938578215015
 2283.950617   925.925926  0.00009879098830808561
 2283.950617  1049.382716  0.00009350434637740747
 2283.950617  1172.839506  0.00008972835533875711
 2283.950617  1296.296296  0.00008699413540666460
 2283.950617  1419.753086  0.00008503977662051330
 2283.950617  1543.209877  0.00008366126097092063
 2283.950617  1666.666667  0.00008235904438721881
 2283.950617  1790.123457  0.00008136932599535724
 2283.950617  1913.580247  0.00008086393858305847
 2283.950617  2037.037037  0.00008030644587781741
 2283.950617  2160.493827  0.00008004476777883540
 2283.950617  2283.950617  0.00007909052473296204
 2283.950617  2407.407407  0.00007933280187856797
 2283.950617  2530.864198  0.00007797754315443640
 2283.950617  2654.320988  0.00007796491060205738
 2283.950617  2777.777778  0.00007759435897251335
 2283.950617  2901.234568  0.00007745270732702915
 2283.950617  3024.691358  0.00007767521327900763
 2283.950617  3148.148148  0.00007771413903864564
 2283.950617  3271.604938  0.00007740756074271718
 2283.950617  3395.061728  0.00007704708205514558
 2283.950617  3518.518519  0.00007681596250496764
 2283.950617  3641.975309  0.00007689140183358840
 2283.950617  3765.432099  0.00007679820963789539
 2283.950617  3888.888889  0.00007680195414362884
 2283.950617  4012.345679  0.00007701658251275389
 2283.950617  4135.802469  0.00007688964537990101
 2283.950617  4259.259259  0.00007731241157539952
 2283.950617  4382.716049  0.00007526585144342495
 2283.950617  4506.172840  0.00007346332636506804
 2283.950617  4629.629630  0.00007844193477768405
 2283.950617  4753.086420  0.00007356405580397336
 2283.950617  4876.543210  0.00008051412554994174

 2407.407407 -5000.000000  0.00002048345973321855
 2407.407407 -4876.543210  0.00008015530192834705
 2407.407407 -4753.086420  0.00007333205288429690
 2407.407407 -4629.629630  0.00007823334290050586
 2407.407407 -4506.172840  0.00007314442117418773
 2407.407407 -4382.716049  0.00007484314224059849
 2407.407407 -4259.259259  0.00007688002821948682
 2407.407407 -4135.802469  0.00007653055618531691
 2407.407407 -4012.345679  0.00007673671066687152
 2407.407407 -3888.888889  0.00007649026235175136
 2407.407407 -3765.432099  0.00007660077639281249
 2407.407407 -3641.975309  0.00007652971871830022
 2407.407407 -3518.518519  0.00007648030058291513
 2407.407407 -3395.061728  0.00007665655188505117
 2407.407407 -3271.604938  0.00007690816167012340
 2407.407407 -3148.148148  0.00007719256031988855
 2407.407407 -3024.691358  0.00007731285302488790
 2407.407407 -2901.234568  0.00007733784403544957
 2407.407407 -2777.777778  0.00007737131732847020
 2407.407407 -2654.320988  0.00007730905516866875
 2407.407407 -2530.864198  0.00007675134023705822
 2407.407407 -2407.407407  0.00007484816319284701
 2407.407407 -2283.950617  0.00007445023161015919
 2407.407407 -2160.493827  0.00007477837438102329
 2407.407407 -2037.037037  0.00007524434690098862
 2407.407407 -1913.580247  0.00007578130645947737
 2407.407407 -1790.123457  0.00007641416758439293
 2407.407407 -1666.666667  0.00007722150826115406
 2407.407407 -1543.209877  0.00007821141960324940
 2407.407407 -1419.753086  0.00007940151357227437
 2407.407407 -1296.296296  0.00008095610251508768
 2407.407407 -1172.839506  0.00008335400799028392
 2407.407407 -1049.382716  0.00008647048041863438
 2407.407407  -925.925926  0.00009090254510115610
 2407.407407  -802.469136  0.00009711338105329188
 2407.407407  -679.012346  0.00010587477333157926
 2407.407407  -555.555556  0.00011750581521648266
 2407.407407  -432.098765  0.00013136521996370194
 2407.407407  -308.641975  0.00014546647050203644
 2407.407407  -185.185185  0.00015706601367710513
 2407.407407   -61.728395  0.00016401403565456256
 2407.407407    61.728395  0.00016401403565456389
 2407.407407   185.185185  0.00015706601367710803
 2407.407407   308.641975  0.00014546647050203901
 2407.407407   432.098765  0.00013136521996370026
 2407.407407   555.555556  0.00011750581521647696
 2407.407407   679.012346  0.00010587477333157378
 2407.407407   802.469136  0.00009711338105327641
 2407.407407   925.925926  0.00009090254510113996
 2407.407407  1049.382716  0.00008647048041861931
 2407.407407  1172.839506  0.00008335400799025875
 2407.407407  1296.296296  0.00008095610251506678
 2407.407407  1419.753086  0.00007940151357224888
 2407.407407  1543.209877  0.00007821141960322017
 2407.407407  1666.666667  0.00007722150826112402
 2407.407407  1790.123457  0.00007641416758435762
 2407.407407  1913.580247  0.00007578130645944815
 2407.407407  2037.037037  0.00007524434690095668
 2407.407407  2160.493827  0.00007477837438098950
 2407.407407  2283.950617  0.00007445023161012396
 2407.407407  2407.407407  0.00007484816319280358
 2407.407407  2530.864198  0.00007675134023701838
 2407.407407  2654.320988  0.00007730905516862764
 2407.407407  2777.777778  0.00007737131732842236
 2407.407407  2901.234568  0.00007733784403540168
 2407.407407  3024.691358  0.00007731285302483537
 2407.407407  3148.148148  0.00007719256031983755
 2407.407407  3271.604938  0.00007690816167006942
 2407.407407  3395.061728  0.00007665655188499293
 2407.407407  3518.518519  0.00007648030058285524
 2407.407407  3641.975309  0.00007652971871823504
 2407.407407  3765.432099  0.00007660077639274930
 2407.407407  3888.888889  0.00007649026235168731
 2407.407407  4012.345679  0.00007673671066680301
 2407.407407  4135.802469  0.00007653055618524936
 2407.407407  4259.259259  0.00007688002821941402
 2407.407407  4382.716049  0.00007484314224052651
 2407.407407  4506.172840  0.00007314442117411902
 2407.407407  4629.629630  0.00007823334290042898
 2407.407407  4753.086420  0.00007333205288422311
 2407.407407  4876.543210  0.00008015530192826282

 2530.864198 -5000.000000  0.00001864907717032108
 2530.864198 -4876.543210  0.00006783322147081471
 2530.864198 -4753.086420  0.00006315439584148608
 2530.864198 -4629.629630  0.00006809452943597790
 2530.864198 -4506.172840  0.00006299576409091173
 2530.864198 -4382.716049  0.00006357524001200331
 2530.864198 -4259.259259  0.00006522459577347688
 2530.864198 -4135.802469  0.00006550997857299374
 2530.864198 -4012.345679  0.00006609670395804607
 2530.864198 -3888.888889  0.00006561266632554676
 2530.864198 -3765.432099  0.00006613147428403625
 2530.864198 -3641.975309  0.00006574313462013917
 2530.864198 -3518.518519  0.00006550254436190314
 2530.864198 -3395.061728  0.00006535385502025708
 2530.864198 -3271.604938  0.00006533060156610836
 2530.864198 -3148.148148  0.00006571388460889434
 2530.864198 -3024.691358  0.00006623970333099276
 2530.864198 -2901.234568  0.00006653019360660368
 2530.864198 -2777.777778  0.00006683439159242277
 2530.864198 -2654.320988  0.00006585713609237797
 2530.864198 -2530.864198  0.00006372538975250821
 2530.864198 -2407.407407  0.00007297372203529137
 2530.864198 -2283.950617  0.00006964830581322925
 2530.864198 -2160.493827  0.00007007210370249833
 2530.864198 -2037.037037  0.00006999529240919492
 2530.864198 -1913.580247  0.00007171830004895765
 2530.864198 -1790.123457  0.00007238994900844229
 2530.864198 -1666.666667  0.00007303881583250300
 2530.864198 -1543.209877  0.00007356940577686458
 2530.864198 -1419.753086  0.00007410141287897535
 2530.864198 -1296.296296  0.00007595029354582970
 2530.864198 -1172.839506  0.00007675994352469911
 2530.864198 -1049.382716  0.00007980246515886610
 2530.864198  -925.925926  0.00008311618401210650
 2530.864198  -802.469136  0.00008843461562608992
 2530.864198  -679.012346  0.00009569293434670826
 2530.864198  -555.555556  0.00010497014089646170
 2530.864198  -432.098765  0.00011510670837382944
 2530.864198  -308.641975  0.00012476890641444153
 2530.864198  -185.185185  0.00013284896486648993
 2530.864198   -61.728395  0.00013946681085380948
 2530.864198    61.728395  0.00013946681085381647
 2530.864198   185.185185  0.00013284896486649635
 2530.864198   308.641975  0.00012476890641444416
 2530.864198   432.098765  0.00011510670837382759
 2530.864198   555.555556  0.00010497014089645765
 2530.864198   679.012346  0.00009569293434670284
 2530.864198   802.469136  0.00008843461562607732
 2530.864198   925.925926  0.00008311618401209293
 2530.864198  1049.382716  0.00007980246515885209
 2530.864198  1172.839506  0.00007675994352467697
 2530.864198  1296.296296  0.00007595029354581346
 2530.864198  1419.753086  0.00007410141287895585
 2530.864198  1543.209877  0.00007356940577683999
 2530.864198  1666.666667  0.00007303881583247683
 2530.864198  1790.123457  0.00007238994900841050
 2530.864198  1913.580247  0.00007171830004892836
 2530.864198  2037.037037  0.00006999529240916455
 2530.864198  2160.493827  0.00007007210370246484
 2530.864198  2283.950617  0.00006964830581319446
 2530.864198  2407.407407  0.00007297372203524806
 2530.864198  2530.864198  0.00006372538975247407
 2530.864198  2654.320988  0.00006585713609234048
 2530.864198  2777.777778  0.00006683439159238258
 2530.864198  2901.234568  0.00006653019360656363
 2530.864198  3024.691358  0.00006623970333094794
 2530.864198  3148.148148  0.00006571388460885021
 2530.864198  3271.604938  0.00006533060156606328
 2530.864198  3395.061728  0.00006535385502020924
 2530.864198  3518.518519  0.00006550254436185531
 2530.864198  3641.975309  0.00006574313462008747
 2530.864198  3765.432099  0.00006613147428398355
 2530.864198  3888.888889  0.00006561266632549360
 2530.864198  4012.345679  0.00006609670395798937
 2530.864198  4135.802469  0.00006550997857293822
 2530.864198  4259.259259  0.00006522459577341824
 2530.864198  4382.716049  0.00006357524001194443
 2530.864198  4506.172840  0.00006299576409085347
 2530.864198  4629.629630  0.00006809452943591070
 2530.864198  4753.086420  0.00006315439584142355
 2530.864198  4876.543210  0.00006783322147074628

 2654.320988 -5000.000000  0.00001828401143957418
 2654.320988 -4876.543210  0.00006110549122744645
 2654.320988 -4753.086420  0.00005765113230899757
 2654.320988 -4629.629630  0.00006341309148209913
 2654.320988 -4506.172840  0.00005777364670838720
 2654.320988 -4382.716049  0.00005740376089377688
 2654.320988 -4259.259259  0.00005891132200977351
 2654.320988 -4135.802469  0.00005987888848356046
 2654.320988 -4012.345679  0.00006090023148869209
 2654.320988 -3888.888889  0.00005994019855471713
 2654.320988 -3765.432099  0.00006126184670690493
 2654.320988 -3641.975309  0.00005998441322507169
 2654.320988 -3518.518519  0.00006017860673591122
 2654.320988 -3395.061728  0.00005978254891646913
 2654.320988 -3271.604938  0.00005909635158639235
 2654.320988 -3148.148148  0.00005934634381409013
 2654.320988 -3024.691358  0.00006066431912445482
 2654.320988 -2901.234568  0.00006190719026517752
 2654.320988 -2777.777778  0.00006164628607557207
 2654.320988 -2654.320988  0.00005895163368277815
 2654.320988 -2530.864198  0.00005781867048419754
 2654.320988 -2407.407407  0.00006539778607637921
 2654.320988 -2283.950617  0.00006193002267016852
 2654.320988 -2160.493827  0.00006066207458690911
 2654.320988 -2037.037037  0.00006100426667049155
 2654.320988 -1913.580247  0.00006305950220714624
 2654.320988 -1790.123457  0.00006423045463373826
 2654.320988 -1666.666667  0.00006449142254130783
 2654.320988 -1543.209877  0.00006437571981353040
 2654.320988 -1419.753086  0.00006484848991333016
 2654.320988 -1296.296296  0.00006634341985066084
 2654.320988 -1172.839506  0.00006627767716056116
 2654.320988 -1049.382716  0.00006871537761918497
 2654.320988  -925.925926  0.00007101835922538614
 2654.320988  -802.469136  0.00007500285135593968
 2654.320988  -679.012346  0.00008031494465197657
 2654.320988  -555.555556  0.00008679106752928567
 2654.320988  -432.098765  0.00009327334483283660
 2654.320988  -308.641975  0.00009895251024155674
 2654.320988  -185.185185  0.00010377061323463568
 2654.320988   -61.728395  0.00010911086937296970
 2654.320988    61.728395  0.00010911086937297491
 2654.320988   185.185185  0.00010377061323463961
 2654.320988   308.641975  0.00009895251024155818
 2654.320988   432.098765  0.00009327334483283441
 2654.320988   555.555556  0.00008679106752928097
 2654.320988   679.012346  0.00008031494465197186
 2654.320988   802.469136  0.00007500285135592950
 2654.320988   925.925926  0.00007101835922537436
 2654.320988  1049.382716  0.00006871537761917181
 2654.320988  1172.839506  0.00006627767716054217
 2654.320988  1296.296296  0.00006634341985064574
 2654.320988  1419.753086  0.00006484848991331318
 2654.320988  1543.209877  0.00006437571981350998
 2654.320988  1666.666667  0.00006449142254128521
 2654.320988  1790.123457  0.00006423045463371062
 2654.320988  1913.580247  0.00006305950220712065
 2654.320988  2037.037037  0.00006100426667046493
 2654.320988  2160.493827  0.00006066207458688006
 2654.320988  2283.950617  0.00006193002267013839
 2654.320988  2407.407407  0.00006539778607633838
 2654.320988  2530.864198  0.00005781867048416462
 2654.320988  2654.320988  0.00005895163368273995
 2654.320988  2777.777778  0.00006164628607553141
 2654.320988  2901.234568  0.00006190719026513755
 2654.320988  3024.691358  0.00006066431912441110
 2654.320988  3148.148148  0.00005934634381404815
 2654.320988  3271.604938  0.00005909635158634895
 2654.320988  3395.061728  0.00005978254891642234
 2654.320988  3518.518519  0.00006017860673586464
 2654.320988  3641.975309  0.00005998441322502124
 2654.320988  3765.432099  0.00006126184670685316
 2654.320988  3888.888889  0.00005994019855466528
 2654.320988  4012.345679  0.00006090023148863682
 2654.320988  4135.802469  0.00005987888848350661
 2654.320988  4259.259259  0.00005891132200971671
 2654.320988  4382.716049  0.00005740376089371929
 2654.320988  4506.172840  0.00005777364670832879
 2654.320988  4629.629630  0.00006341309148203170
 2654.320988  4753.086420  0.00005765113230893621
 2654.320988  4876.543210  0.00006110549122737901

 2777.777778 -5000.000000  0.00001679699146961814
 2777.777778 -4876.543210  0.00005891456051575032
 2777.777778 -4753.086420  0.00005489144180640389
 2777.777778 -4629.629630  0.00005958528355338188
 2777.777778 -4506.172840  0.00005469334620577744
 2777.777778 -4382.716049  0.00005488107641408949
 2777.777778 -4259.259259  0.00005638029955219939
 2777.777778 -4135.802469  0.00005694624538787484
 2777.777778 -4012.345679  0.00005768168556058749
 2777.777778 -3888.888889  0.00005704654808147683
 2777.777778 -3765.432099  0.00005776293078791941
 2777.777778 -3641.975309  0.00005701789929528144
 2777.777778 -3518.518519  0.00005689603814599751
 2777.777778 -3395.061728  0.00005660714319888502
 2777.777778 -3271.604938  0.00005633502024832077
 2777.777778 -3148.148148  0.00005670154997299307
 2777.777778 -3024.691358  0.00005760141848636883
 2777.777778 -2901.234568  0.00005832429937140032
 2777.777778 -2777.777778  0.00005834656061254364
 2777.777778 -2654.320988  0.00005643078683282459
 2777.777778 -2530.864198  0.00005392009903866189
 2777.777778 -2407.407407  0.00006017479048613745
 2777.777778 -2283.950617  0.00005650993178483905
 2777.777778 -2160.493827  0.00005615977521294273
 2777.777778 -2037.037037  0.00005623485156907398
 2777.777778 -1913.580247  0.00005790650451680150
 2777.777778 -1790.123457  0.00005865495078616428
 2777.777778 -1666.666667  0.00005899809472354331
 2777.777778 -1543.209877  0.00005902559223614004
 2777.777778 -1419.753086  0.00005911658875722828
 2777.777778 -1296.296296  0.00006028007726715017
 2777.777778 -1172.839506  0.00006011412263081719
 2777.777778 -1049.382716  0.00006198087324021230
 2777.777778  -925.925926  0.00006355316059062777
 2777.777778  -802.469136  0.00006640746177633430
 2777.777778  -679.012346  0.00007005823925685794
 2777.777778  -555.555556  0.00007437248548470602
 2777.777778  -432.098765  0.00007841960307494649
 2777.777778  -308.641975  0.00008175029721677171
 2777.777778  -185.185185  0.00008458247017328095
 2777.777778   -61.728395  0.00008814081610211260
 2777.777778    61.728395  0.00008814081610211848
 2777.777778   185.185185  0.00008458247017328562
 2777.777778   308.641975  0.00008175029721677313
 2777.777778   432.098765  0.00007841960307494393
 2777.777778   555.555556  0.00007437248548470169
 2777.777778   679.012346  0.00007005823925685218
 2777.777778   802.469136  0.00006640746177632452
 2777.777778   925.925926  0.00006355316059061607
 2777.777778  1049.382716  0.00006198087324019955
 2777.777778  1172.839506  0.00006011412263079788
 2777.777778  1296.296296  0.00006028007726713508
 2777.777778  1419.753086  0.00005911658875721101
 2777.777778  1543.209877  0.00005902559223611896
 2777.777778  1666.666667  0.00005899809472352105
 2777.777778  1790.123457  0.00005865495078613701
 2777.777778  1913.580247  0.00005790650451677604
 2777.777778  2037.037037  0.00005623485156904752
 2777.777778  2160.493827  0.00005615977521291413
 2777.777778  2283.950617  0.00005650993178480946
 2777.777778  2407.407407  0.00006017479048609784
 2777.777778  2530.864198  0.00005392009903863115
 2777.777778  2654.320988  0.00005643078683278675
 2777.777778  2777.777778  0.00005834656061250259
 2777.777778  2901.234568  0.00005832429937136020
 2777.777778  3024.691358  0.00005760141848632476
 2777.777778  3148.148148  0.00005670154997295056
 2777.777778  3271.604938  0.00005633502024827688
 2777.777778  3395.061728  0.00005660714319883823
 2777.777778  3518.518519  0.00005689603814595090
 2777.777778  3641.975309  0.00005701789929523092
 2777.777778  3765.432099  0.00005776293078786663
 2777.777778  3888.888889  0.00005704654808142297
 2777.777778  4012.345679  0.00005768168556053054
 2777.777778  4135.802469  0.00005694624538781908
 2777.777778  4259.259259  0.00005638029955214054
 2777.777778  4382.716049  0.00005488107641402993
 2777.777778  4506.172840  0.00005469334620571695
 2777.777778  4629.629630  0.00005958528355331304
 2777.777778  4753.086420  0.00005489144180634000
 2777.777778  4876.543210  0.00005891456051568009

 2901.234568 -5000.000000  0.00001562316004651914
 2901.234568 -4876.543210  0.00005595489008899193
 2901.234568 -4753.086420  0.00005137622196839758
 2901.234568 -4629.629630  0.00005531792239637191
 2901.234568 -4506.172840  0.00005103749319118140
 2901.234568 -4382.716049  0.00005164211114058405
 2901.234568 -4259.259259  0.00005314274388808350
 2901.234568 -4135.802469  0.00005342919561428887
 2901.234568 -4012.345679  0.00005392768232042431
 2901.234568 -3888.888889  0.00005345665419522028
 2901.234568 -3765.432099  0.00005376940450036709
 2901.234568 -3641.975309  0.00005331887975905645
 2901.234568 -3518.518519  0.00005303642181305288
 2901.234568 -3395.061728  0.00005285903017287807
 2901.234568 -3271.604938  0.00005287148602460439
 2901.234568 -3148.148148  0.00005330287458869918
 2901.234568 -3024.691358  0.00005390216147065663
 2901.234568 -2901.234568  0.00005423744610650456
 2901.234568 -2777.777778  0.00005436273713999034
 2901.234568 -2654.320988  0.00005299735463888841
 2901.234568 -2530.864198  0.00005008314842454485
 2901.234568 -2407.407407  0.00005558875326912125
 2901.234568 -2283.950617  0.00005201445212507420
 2901.234568 -2160.493827  0.00005221645122932925
 2901.234568 -2037.037037  0.00005211436515701199
 2901.234568 -1913.580247  0.00005347657290736636
 2901.234568 -1790.123457  0.00005393327630391621
 2901.234568 -1666.666667  0.00005429681641114096
 2901.234568 -1543.209877  0.00005439086362823824
 2901.234568 -1419.753086  0.00005423966391634187
 2901.234568 -1296.296296  0.00005515968451076853
 2901.234568 -1172.839506  0.00005490401461789632
 2901.234568 -1049.382716  0.00005631809127159595
 2901.234568  -925.925926  0.00005733294141489135
 2901.234568  -802.469136  0.00005930858139161648
 2901.234568  -679.012346  0.00006169336254547478
 2901.234568  -555.555556  0.00006439944265970563
 2901.234568  -432.098765  0.00006670915705380918
 2901.234568  -308.641975  0.00006843847836141547
 2901.234568  -185.185185  0.00006994879244428597
 2901.234568   -61.728395  0.00007222008573474436
 2901.234568    61.728395  0.00007222008573475059
 2901.234568   185.185185  0.00006994879244429024
 2901.234568   308.641975  0.00006843847836141662
 2901.234568   432.098765  0.00006670915705380715
 2901.234568   555.555556  0.00006439944265970226
 2901.234568   679.012346  0.00006169336254546979
 2901.234568   802.469136  0.00005930858139160721
 2901.234568   925.925926  0.00005733294141487985
 2901.234568  1049.382716  0.00005631809127158335
 2901.234568  1172.839506  0.00005490401461787818
 2901.234568  1296.296296  0.00005515968451075352
 2901.234568  1419.753086  0.00005423966391632471
 2901.234568  1543.209877  0.00005439086362821779
 2901.234568  1666.666667  0.00005429681641111859
 2901.234568  1790.123457  0.00005393327630388936
 2901.234568  1913.580247  0.00005347657290734109
 2901.234568  2037.037037  0.00005211436515698636
 2901.234568  2160.493827  0.00005221645122930067
 2901.234568  2283.950617  0.00005201445212504458
 2901.234568  2407.407407  0.00005558875326908170
 2901.234568  2530.864198  0.00005008314842451523
 2901.234568  2654.320988  0.00005299735463885221
 2901.234568  2777.777778  0.00005436273713994985
 2901.234568  2901.234568  0.00005423744610646499
 2901.234568  3024.691358  0.00005390216147061369
 2901.234568  3148.148148  0.00005330287458865796
 2901.234568  3271.604938  0.00005287148602456156
 2901.234568  3395.061728  0.00005285903017283268
 2901.234568  3518.518519  0.00005303642181300699
 2901.234568  3641.975309  0.00005331887975900649
 2901.234568  3765.432099  0.00005376940450031499
 2901.234568  3888.888889  0.00005345665419516653
 2901.234568  4012.345679  0.00005392768232036807
 2901.234568  4135.802469  0.00005342919561423345
 2901.234568  4259.259259  0.00005314274388802503
 2901.234568  4382.716049  0.00005164211114052521
 2901.234568  4506.172840  0.00005103749319112203
 2901.234568  4629.629630  0.00005531792239630415
 2901.234568  4753.086420  0.00005137622196833438
 2901.234568  4876.543210  0.00005595489008892265

 3024.691358 -5000.000000  0.00001492603685266493
 3024.691358 -4876.543210  0.00005121827809932055
 3024.691358 -4753.086420  0.00004647705309804746
 3024.691358 -4629.629630  0.00005037714257140584
 3024.691358 -4506.172840  0.00004630423785197327
 3024.691358 -4382.716049  0.00004687418696212303
 3024.691358 -4259.259259  0.00004836098100891082
 3024.691358 -4135.802469  0.00004872666191767202
 3024.691358 -4012.345679  0.00004919144582070852
 3024.691358 -3888.888889  0.00004856171587181479
 3024.691358 -3765.432099  0.00004894133029961497
 3024.691358 -3641.975309  0.00004830538708922164
 3024.691358 -3518.518519  0.00004817567287019629
 3024.691358 -3395.061728  0.00004804094107857762
 3024.691358 -3271.604938  0.00004797120626695891
 3024.691358 -3148.148148  0.00004836468153902861
 3024.691358 -3024.691358  0.00004904562819026014
 3024.691358 -2901.234568  0.00004946593913086648
 3024.691358 -2777.777778  0.00004932134662496673
 3024.691358 -2654.320988  0.00004772784023283323
 3024.691358 -2530.864198  0.00004579958770943557
 3024.691358 -2407.407407  0.00005050692005560667
 3024.691358 -2283.950617  0.00004740624985395998
 3024.691358 -2160.493827  0.00004715435938236449
 3024.691358 -2037.037037  0.00004715067709723008
 3024.691358 -1913.580247  0.00004841619156921530
 3024.691358 -1790.123457  0.00004892898517386912
 3024.691358 -1666.666667  0.00004913496628234728
 3024.691358 -1543.209877  0.00004904324893828982
 3024.691358 -1419.753086  0.00004889003776571703
 3024.691358 -1296.296296  0.00004961088457847374
 3024.691358 -1172.839506  0.00004914915564152853
 3024.691358 -1049.382716  0.00005019138172600180
 3024.691358  -925.925926  0.00005079782758872976
 3024.691358  -802.469136  0.00005211968040074229
 3024.691358  -679.012346  0.00005362339747529844
 3024.691358  -555.555556  0.00005519787537812132
 3024.691358  -432.098765  0.00005629456351161146
 3024.691358  -308.641975  0.00005692017343354537
 3024.691358  -185.185185  0.00005755198823188050
 3024.691358   -61.728395  0.00005910711491623735
 3024.691358    61.728395  0.00005910711491624169
 3024.691358   185.185185  0.00005755198823188377
 3024.691358   308.641975  0.00005692017343354562
 3024.691358   432.098765  0.00005629456351160860
 3024.691358   555.555556  0.00005519787537811751
 3024.691358   679.012346  0.00005362339747529347
 3024.691358   802.469136  0.00005211968040073302
 3024.691358   925.925926  0.00005079782758871889
 3024.691358  1049.382716  0.00005019138172598957
 3024.691358  1172.839506  0.00004914915564151147
 3024.691358  1296.296296  0.00004961088457845975
 3024.691358  1419.753086  0.00004889003776569978
 3024.691358  1543.209877  0.00004904324893827002
 3024.691358  1666.666667  0.00004913496628232533
 3024.691358  1790.123457  0.00004892898517384319
 3024.691358  1913.580247  0.00004841619156919086
 3024.691358  2037.037037  0.00004715067709720523
 3024.691358  2160.493827  0.00004715435938233757
 3024.691358  2283.950617  0.00004740624985393066
 3024.691358  2407.407407  0.00005050692005556787
 3024.691358  2530.864198  0.00004579958770940694
 3024.691358  2654.320988  0.00004772784023279837
 3024.691358  2777.777778  0.00004932134662492840
 3024.691358  2901.234568  0.00004946593913082809
 3024.691358  3024.691358  0.00004904562819021877
 3024.691358  3148.148148  0.00004836468153898894
 3024.691358  3271.604938  0.00004797120626691758
 3024.691358  3395.061728  0.00004804094107853359
 3024.691358  3518.518519  0.00004817567287015212
 3024.691358  3641.975309  0.00004830538708917333
 3024.691358  3765.432099  0.00004894133029956408
 3024.691358  3888.888889  0.00004856171587176324
 3024.691358  4012.345679  0.00004919144582065388
 3024.691358  4135.802469  0.00004872666191761812
 3024.691358  4259.259259  0.00004836098100885439
 3024.691358  4382.716049  0.00004687418696206695
 3024.691358  4506.172840  0.00004630423785191606
 3024.691358  4629.629630  0.00005037714257134013
 3024.691358  4753.086420  0.00004647705309798626
 3024.691358  4876.543210  0.00005121827809925415

 3148.148148 -5000.000000  0.00001385179627636426
 3148.148148 -4876.543210  0.00004463234483097941
 3148.148148 -4753.086420  0.00003987101099662098
 3148.148148 -4629.629630  0.00004369263127346296
 3148.148148 -4506.172840  0.00003991823253981798
 3148.148148 -4382.716049  0.00004040116702853837
 3148.148148 -4259.259259  0.00004184441531159402
 3148.148148 -4135.802469  0.00004233128338532928
 3148.148148 -4012.345679  0.00004277110202384424
 3148.148148 -3888.888889  0.00004196352737319216
 3148.148148 -3765.432099  0.00004243233643404381
 3148.148148 -3641.975309  0.00004161406744819513
 3148.148148 -3518.518519  0.00004165410511340943
 3148.148148 -3395.061728  0.00004155151620188619
 3148.148148 -3271.604938  0.00004139627901916520
 3148.148148 -3148.148148  0.00004175340926654011
 3148.148148 -3024.691358  0.00004252562012618584
 3148.148148 -2901.234568  0.00004302553117972983
 3148.148148 -2777.777778  0.00004261131622950499
 3148.148148 -2654.320988  0.00004079440467334337
 3148.148148 -2530.864198  0.00003996411380419799
 3148.148148 -2407.407407  0.00004454980997638433
 3148.148148 -2283.950617  0.00004189470223706591
 3148.148148 -2160.493827  0.00004121610614758589
 3148.148148 -2037.037037  0.00004128904489809757
 3148.148148 -1913.580247  0.00004249556329909913
 3148.148148 -1790.123457  0.00004305975768851361
 3148.148148 -1666.666667  0.00004311090120766830
 3148.148148 -1543.209877  0.00004284602810090045
 3148.148148 -1419.753086  0.00004271450880543148
 3148.148148 -1296.296296  0.00004327093392416136
 3148.148148 -1172.839506  0.00004264392044702131
 3148.148148 -1049.382716  0.00004339987706158548
 3148.148148  -925.925926  0.00004369758854887314
 3148.148148  -802.469136  0.00004454572459783546
 3148.148148  -679.012346  0.00004545367539911967
 3148.148148  -555.555556  0.00004629927891870454
 3148.148148  -432.098765  0.00004665838955448332
 3148.148148  -308.641975  0.00004664997781823089
 3148.148148  -185.185185  0.00004679115474716584
 3148.148148   -61.728395  0.00004791433168114033
 3148.148148    61.728395  0.00004791433168114443
 3148.148148   185.185185  0.00004679115474716711
 3148.148148   308.641975  0.00004664997781823002
 3148.148148   432.098765  0.00004665838955448138
 3148.148148   555.555556  0.00004629927891869867
 3148.148148   679.012346  0.00004545367539911621
 3148.148148   802.469136  0.00004454572459782773
 3148.148148   925.925926  0.00004369758854886395
 3148.148148  1049.382716  0.00004339987706157519
 3148.148148  1172.839506  0.00004264392044700551
 3148.148148  1296.296296  0.00004327093392414792
 3148.148148  1419.753086  0.00004271450880541542
 3148.148148  1543.209877  0.00004284602810088133
 3148.148148  1666.666667  0.00004311090120764736
 3148.148148  1790.123457  0.00004305975768848920
 3148.148148  1913.580247  0.00004249556329907583
 3148.148148  2037.037037  0.00004128904489807365
 3148.148148  2160.493827  0.00004121610614755974
 3148.148148  2283.950617  0.00004189470223703806
 3148.148148  2407.407407  0.00004454980997634824
 3148.148148  2530.864198  0.00003996411380416965
 3148.148148  2654.320988  0.00004079440467331040
 3148.148148  2777.777778  0.00004261131622946811
 3148.148148  2901.234568  0.00004302553117969299
 3148.148148  3024.691358  0.00004252562012614663
 3148.148148  3148.148148  0.00004175340926650151
 3148.148148  3271.604938  0.00004139627901912482
 3148.148148  3395.061728  0.00004155151620184298
 3148.148148  3518.518519  0.00004165410511336591
 3148.148148  3641.975309  0.00004161406744814825
 3148.148148  3765.432099  0.00004243233643399471
 3148.148148  3888.888889  0.00004196352737314253
 3148.148148  4012.345679  0.00004277110202379152
 3148.148148  4135.802469  0.00004233128338527716
 3148.148148  4259.259259  0.00004184441531153973
 3148.148148  4382.716049  0.00004040116702848385
 3148.148148  4506.172840  0.00003991823253976250
 3148.148148  4629.629630  0.00004369263127339926
 3148.148148  4753.086420  0.00003987101099656240
 3148.148148  4876.543210  0.00004463234483091572

 3271.604938 -5000.000000  0.00001221221803107822
 3271.604938 -4876.543210  0.00003742002221656038
 3271.604938 -4753.086420  0.00003260111704412104
 3271.604938 -4629.629630  0.00003596915615162712
 3271.604938 -4506.172840  0.00003276422549511168
 3271.604938 -4382.716049  0.00003333587299720603
 3271.604938 -4259.259259  0.00003471690940259447
 3271.604938 -4135.802469  0.00003518193634273008
 3271.604938 -4012.345679  0.00003551129426009810
 3271.604938 -3888.888889  0.00003467061137210160
 3271.604938 -3765.432099  0.00003507497345260837
 3271.604938 -3641.975309  0.00003423476678894966
 3271.604938 -3518.518519  0.00003433069206353393
 3271.604938 -3395.061728  0.00003427370666726181
 3271.604938 -3271.604938  0.00003421342234606217
 3271.604938 -3148.148148  0.00003456888260060511
 3271.604938 -3024.691358  0.00003526213598565683
 3271.604938 -2901.234568  0.00003562932655374978
 3271.604938 -2777.777778  0.00003512004305801400
 3271.604938 -2654.320988  0.00003345870164916213
 3271.604938 -2530.864198  0.00003312614483005246
 3271.604938 -2407.407407  0.00003745191747361250
 3271.604938 -2283.950617  0.00003515677144646467
 3271.604938 -2160.493827  0.00003447884872790255
 3271.604938 -2037.037037  0.00003453299993363536
 3271.604938 -1913.580247  0.00003557040048230160
 3271.604938 -1790.123457  0.00003604880181425752
 3271.604938 -1666.666667  0.00003603667892591598
 3271.604938 -1543.209877  0.00003573152502985633
 3271.604938 -1419.753086  0.00003556446625316921
 3271.604938 -1296.296296  0.00003597089963857782
 3271.604938 -1172.839506  0.00003529399222370654
 3271.604938 -1049.382716  0.00003583941640837776
 3271.604938  -925.925926  0.00003590576256657207
 3271.604938  -802.469136  0.00003642123056104588
 3271.604938  -679.012346  0.00003692088613719234
 3271.604938  -555.555556  0.00003733160938585171
 3271.604938  -432.098765  0.00003732186388839545
 3271.604938  -308.641975  0.00003704200389171733
 3271.604938  -185.185185  0.00003697918416145989
 3271.604938   -61.728395  0.00003775917780221606
 3271.604938    61.728395  0.00003775917780221942
 3271.604938   185.185185  0.00003697918416146117
 3271.604938   308.641975  0.00003704200389171625
 3271.604938   432.098765  0.00003732186388839365
 3271.604938   555.555556  0.00003733160938584587
 3271.604938   679.012346  0.00003692088613718816
 3271.604938   802.469136  0.00003642123056103841
 3271.604938   925.925926  0.00003590576256656334
 3271.604938  1049.382716  0.00003583941640836787
 3271.604938  1172.839506  0.00003529399222369224
 3271.604938  1296.296296  0.00003597089963856452
 3271.604938  1419.753086  0.00003556446625315434
 3271.604938  1543.209877  0.00003573152502983794
 3271.604938  1666.666667  0.00003603667892589577
 3271.604938  1790.123457  0.00003604880181423437
 3271.604938  1913.580247  0.00003557040048227885
 3271.604938  2037.037037  0.00003453299993361245
 3271.604938  2160.493827  0.00003447884872787760
 3271.604938  2283.950617  0.00003515677144643810
 3271.604938  2407.407407  0.00003745191747357810
 3271.604938  2530.864198  0.00003312614483002550
 3271.604938  2654.320988  0.00003345870164913064
 3271.604938  2777.777778  0.00003512004305797859
 3271.604938  2901.234568  0.00003562932655371368
 3271.604938  3024.691358  0.00003526213598561905
 3271.604938  3148.148148  0.00003456888260056728
 3271.604938  3271.604938  0.00003421342234602325
 3271.604938  3395.061728  0.00003427370666722019
 3271.604938  3518.518519  0.00003433069206349155
 3271.604938  3641.975309  0.00003423476678890388
 3271.604938  3765.432099  0.00003507497345256076
 3271.604938  3888.888889  0.00003467061137205328
 3271.604938  4012.345679  0.00003551129426004655
 3271.604938  4135.802469  0.00003518193634267897
 3271.604938  4259.259259  0.00003471690940254145
 3271.604938  4382.716049  0.00003333587299715305
 3271.604938  4506.172840  0.00003276422549505817
 3271.604938  4629.629630  0.00003596915615156548
 3271.604938  4753.086420  0.00003260111704406402
 3271.604938  4876.543210  0.00003742002221649778

 3395.061728 -5000.000000  0.00001027919352671789
 3395.061728 -4876.543210  0.00003023053830180194
 3395.061728 -4753.086420  0.00002519015465619023
 3395.061728 -4629.629630  0.00002785150037213194
 3395.061728 -4506.172840  0.00002539219700191008
 3395.061728 -4382.716049  0.00002621569796383347
 3395.061728 -4259.259259  0.00002754558788484508
 3395.061728 -4135.802469  0.00002788775528772416
 3395.061728 -4012.345679  0.00002802318203203538
 3395.061728 -3888.888889  0.00002725417071884926
 3395.061728 -3765.432099  0.00002736514914041543
 3395.061728 -3641.975309  0.00002677565207474976
 3395.061728 -3518.518519  0.00002679899016744583
 3395.061728 -3395.061728  0.00002684424141538453
 3395.061728 -3271.604938  0.00002699513204056471
 3395.061728 -3148.148148  0.00002739818553101829
 3395.061728 -3024.691358  0.00002787328171488648
 3395.061728 -2901.234568  0.00002795221412728790
 3395.061728 -2777.777778  0.00002746564620626035
 3395.061728 -2654.320988  0.00002622977637712538
 3395.061728 -2530.864198  0.00002592012709406920
 3395.061728 -2407.407407  0.00002993750100318903
 3395.061728 -2283.950617  0.00002787952320241283
 3395.061728 -2160.493827  0.00002757057924905992
 3395.061728 -2037.037037  0.00002750727272676178
 3395.061728 -1913.580247  0.00002831849214982166
 3395.061728 -1790.123457  0.00002859704404760041
 3395.061728 -1666.666667  0.00002859646559214446
 3395.061728 -1543.209877  0.00002836379100069677
 3395.061728 -1419.753086  0.00002810819575145482
 3395.061728 -1296.296296  0.00002839506241411651
 3395.061728 -1172.839506  0.00002779396706757061
 3395.061728 -1049.382716  0.00002814407394484793
 3395.061728  -925.925926  0.00002808236390334029
 3395.061728  -802.469136  0.00002835787292798411
 3395.061728  -679.012346  0.00002860026471714912
 3395.061728  -555.555556  0.00002876604082876695
 3395.061728  -432.098765  0.00002861170458860976
 3395.061728  -308.641975  0.00002828985160330710
 3395.061728  -185.185185  0.00002816458487382890
 3395.061728   -61.728395  0.00002867961284768773
 3395.061728    61.728395  0.00002867961284768985
 3395.061728   185.185185  0.00002816458487382957
 3395.061728   308.641975  0.00002828985160330594
 3395.061728   432.098765  0.00002861170458860693
 3395.061728   555.555556  0.00002876604082876115
 3395.061728   679.012346  0.00002860026471714462
 3395.061728   802.469136  0.00002835787292797689
 3395.061728   925.925926  0.00002808236390333174
 3395.061728  1049.382716  0.00002814407394483852
 3395.061728  1172.839506  0.00002779396706755721
 3395.061728  1296.296296  0.00002839506241410373
 3395.061728  1419.753086  0.00002810819575144001
 3395.061728  1543.209877  0.00002836379100067894
 3395.061728  1666.666667  0.00002859646559212483
 3395.061728  1790.123457  0.00002859704404757789
 3395.061728  1913.580247  0.00002831849214979944
 3395.061728  2037.037037  0.00002750727272673944
 3395.061728  2160.493827  0.00002757057924903558
 3395.061728  2283.950617  0.00002787952320238720
 3395.061728  2407.407407  0.00002993750100315593
 3395.061728  2530.864198  0.00002592012709404361
 3395.061728  2654.320988  0.00002622977637709387
 3395.061728  2777.777778  0.00002746564620622491
 3395.061728  2901.234568  0.00002795221412725215
 3395.061728  3024.691358  0.00002787328171484913
 3395.061728  3148.148148  0.00002739818553098103
 3395.061728  3271.604938  0.00002699513204052633
 3395.061728  3395.061728  0.00002684424141534370
 3395.061728  3518.518519  0.00002679899016740390
 3395.061728  3641.975309  0.00002677565207470456
 3395.061728  3765.432099  0.00002736514914036828
 3395.061728  3888.888889  0.00002725417071880076
 3395.061728  4012.345679  0.00002802318203198421
 3395.061728  4135.802469  0.00002788775528767332
 3395.061728  4259.259259  0.00002754558788479220
 3395.061728  4382.716049  0.00002621569796378073
 3395.061728  4506.172840  0.00002539219700185693
 3395.061728  4629.629630  0.00002785150037207141
 3395.061728  4753.086420  0.00002519015465613390
 3395.061728  4876.543210  0.00003023053830173899

 3518.518519 -5000.000000  0.00000867463968303664
 3518.518519 -4876.543210  0.00002360100687629921
 3518.518519 -4753.086420  0.00001850987752720560
 3518.518519 -4629.629630  0.00002068419943865586
 3518.518519 -4506.172840  0.00001878268551715435
 3518.518519 -4382.716049  0.00001971926316537244
 3518.518519 -4259.259259  0.00002099662947428116
 3518.518519 -4135.802469  0.00002130095924694829
 3518.518519 -4012.345679  0.00002132716371475420
 3518.518519 -3888.888889  0.00002055758622826328
 3518.518519 -3765.432099  0.00002062033628539899
 3518.518519 -3641.975309  0.00001997766081277862
 3518.518519 -3518.518519  0.00002003578452794731
 3518.518519 -3395.061728  0.00002013065294290247
 3518.518519 -3271.604938  0.00002039333240212520
 3518.518519 -3148.148148  0.00002079504741812893
 3518.518519 -3024.691358  0.00002118884727604332
 3518.518519 -2901.234568  0.00002115655222617954
 3518.518519 -2777.777778  0.00002060461929770986
 3518.518519 -2654.320988  0.00001952617858140000
 3518.518519 -2530.864198  0.00001944354232456260
 3518.518519 -2407.407407  0.00002209921466169094
 3518.518519 -2283.950617  0.00002040201244376407
 3518.518519 -2160.493827  0.00002011614066661229
 3518.518519 -2037.037037  0.00002008214036750785
 3518.518519 -1913.580247  0.00002068675261629226
 3518.518519 -1790.123457  0.00002091070658099572
 3518.518519 -1666.666667  0.00002090079217889233
 3518.518519 -1543.209877  0.00002067555990813378
 3518.518519 -1419.753086  0.00002040294546049608
 3518.518519 -1296.296296  0.00002061038325204784
 3518.518519 -1172.839506  0.00002003234890442376
 3518.518519 -1049.382716  0.00002028191441171239
 3518.518519  -925.925926  0.00002015181241328066
 3518.518519  -802.469136  0.00002030862398660067
 3518.518519  -679.012346  0.00002041202213622353
 3518.518519  -555.555556  0.00002046753158709485
 3518.518519  -432.098765  0.00002027291627888237
 3518.518519  -308.641975  0.00001994789416328107
 3518.518519  -185.185185  0.00001980870521452356
 3518.518519   -61.728395  0.00002018947418000664
 3518.518519    61.728395  0.00002018947418000777
 3518.518519   185.185185  0.00001980870521452340
 3518.518519   308.641975  0.00001994789416327965
 3518.518519   432.098765  0.00002027291627887935
 3518.518519   555.555556  0.00002046753158708950
 3518.518519   679.012346  0.00002041202213621882
 3518.518519   802.469136  0.00002030862398659369
 3518.518519   925.925926  0.00002015181241327278
 3518.518519  1049.382716  0.00002028191441170333
 3518.518519  1172.839506  0.00002003234890441118
 3518.518519  1296.296296  0.00002061038325203523
 3518.518519  1419.753086  0.00002040294546048144
 3518.518519  1543.209877  0.00002067555990811664
 3518.518519  1666.666667  0.00002090079217887335
 3518.518519  1790.123457  0.00002091070658097407
 3518.518519  1913.580247  0.00002068675261627072
 3518.518519  2037.037037  0.00002008214036748654
 3518.518519  2160.493827  0.00002011614066658909
 3518.518519  2283.950617  0.00002040201244373932
 3518.518519  2407.407407  0.00002209921466165956
 3518.518519  2530.864198  0.00001944354232453835
 3518.518519  2654.320988  0.00001952617858136899
 3518.518519  2777.777778  0.00002060461929767519
 3518.518519  2901.234568  0.00002115655222614427
 3518.518519  3024.691358  0.00002118884727600695
 3518.518519  3148.148148  0.00002079504741809284
 3518.518519  3271.604938  0.00002039333240208800
 3518.518519  3395.061728  0.00002013065294286309
 3518.518519  3518.518519  0.00002003578452790650
 3518.518519  3641.975309  0.00001997766081273469
 3518.518519  3765.432099  0.00002062033628535324
 3518.518519  3888.888889  0.00002055758622821562
 3518.518519  4012.345679  0.00002132716371470406
 3518.518519  4135.802469  0.00002130095924689801
 3518.518519  4259.259259  0.00002099662947422907
 3518.518519  4382.716049  0.00001971926316532078
 3518.518519  4506.172840  0.00001878268551710224
 3518.518519  4629.629630  0.00002068419943859709
 3518.518519  4753.086420  0.00001850987752715071
 3518.518519  4876.543210  0.00002360100687623679

 3641.975309 -5000.000000  0.00000738288813285471
 3641.975309 -4876.543210  0.00001682958806496753
 3641.975309 -4753.086420  0.00001169674879539167
 3641.975309 -4629.629630  0.00001365734015727839
 3641.975309 -4506.172840  0.00001213984507356082
 3641.975309 -4382.716049  0.00001305221720098306
 3641.975309 -4259.259259  0.00001429152719372145
 3641.975309 -4135.802469  0.00001469310015906618
 3641.975309 -4012.345679  0.00001467754059813040
 3641.975309 -3888.888889  0.00001379344126645534
 3641.975309 -3765.432099  0.00001382424277722120
 3641.975309 -3641.975309  0.00001315327498465666
 3641.975309 -3518.518519  0.00001331738908454001
 3641.975309 -3395.061728  0.00001346615552018250
 3641.975309 -3271.604938  0.00001367940520078260
 3641.975309 -3148.148148  0.00001408106755187301
 3641.975309 -3024.691358  0.00001454074433984887
 3641.975309 -2901.234568  0.00001456846809062022
 3641.975309 -2777.777778  0.00001380391156804963
 3641.975309 -2654.320988  0.00001255706380544057
 3641.975309 -2530.864198  0.00001321344388685189
 3641.975309 -2407.407407  0.00001543747822999477
 3641.975309 -2283.950617  0.00001407350716911802
 3641.975309 -2160.493827  0.00001350944905569507
 3641.975309 -2037.037037  0.00001355047842062383
 3641.975309 -1913.580247  0.00001411845171475269
 3641.975309 -1790.123457  0.00001439635954292324
 3641.975309 -1666.666667  0.00001431063936100425
 3641.975309 -1543.209877  0.00001401548176520903
 3641.975309 -1419.753086  0.00001381386388893771
 3641.975309 -1296.296296  0.00001396375536940617
 3641.975309 -1172.839506  0.00001340987670144813
 3641.975309 -1049.382716  0.00001357121574894496
 3641.975309  -925.925926  0.00001344460092735864
 3641.975309  -802.469136  0.00001353983801045951
 3641.975309  -679.012346  0.00001361702544476172
 3641.975309  -555.555556  0.00001362700351660789
 3641.975309  -432.098765  0.00001340738868134378
 3641.975309  -308.641975  0.00001308330182232713
 3641.975309  -185.185185  0.00001292089203324055
 3641.975309   -61.728395  0.00001329113534785129
 3641.975309    61.728395  0.00001329113534785157
 3641.975309   185.185185  0.00001292089203323999
 3641.975309   308.641975  0.00001308330182232522
 3641.975309   432.098765  0.00001340738868134055
 3641.975309   555.555556  0.00001362700351660251
 3641.975309   679.012346  0.00001361702544475670
 3641.975309   802.469136  0.00001353983801045280
 3641.975309   925.925926  0.00001344460092735083
 3641.975309  1049.382716  0.00001357121574893586
 3641.975309  1172.839506  0.00001340987670143620
 3641.975309  1296.296296  0.00001396375536939373
 3641.975309  1419.753086  0.00001381386388892351
 3641.975309  1543.209877  0.00001401548176519235
 3641.975309  1666.666667  0.00001431063936098546
 3641.975309  1790.123457  0.00001439635954290257
 3641.975309  1913.580247  0.00001411845171473210
 3641.975309  2037.037037  0.00001355047842060341
 3641.975309  2160.493827  0.00001350944905567296
 3641.975309  2283.950617  0.00001407350716909422
 3641.975309  2407.407407  0.00001543747822996472
 3641.975309  2530.864198  0.00001321344388682782
 3641.975309  2654.320988  0.00001255706380541018
 3641.975309  2777.777778  0.00001380391156801541
 3641.975309  2901.234568  0.00001456846809058540
 3641.975309  3024.691358  0.00001454074433981367
 3641.975309  3148.148148  0.00001408106755183791
 3641.975309  3271.604938  0.00001367940520074650
 3641.975309  3395.061728  0.00001346615552014418
 3641.975309  3518.518519  0.00001331738908450039
 3641.975309  3641.975309  0.00001315327498461414
 3641.975309  3765.432099  0.00001382424277717676
 3641.975309  3888.888889  0.00001379344126640923
 3641.975309  4012.345679  0.00001467754059808137
 3641.975309  4135.802469  0.00001469310015901696
 3641.975309  4259.259259  0.00001429152719367086
 3641.975309  4382.716049  0.00001305221720093297
 3641.975309  4506.172840  0.00001213984507351027
 3641.975309  4629.629630  0.00001365734015722138
 3641.975309  4753.086420  0.00001169674879533821
 3641.975309  4876.543210  0.00001682958806490625

 3765.432099 -5000.000000  0.00000570856891964986
 3765.432099 -4876.543210  0.00001175178213216229
 3765.432099 -4753.086420  0.00000641405146722297
 3765.432099 -4629.629630  0.00000746899024149489
 3765.432099 -4506.172840  0.00000673649731441088
 3765.432099 -4382.716049  0.00000801560031835000
 3765.432099 -4259.259259  0.00000920488988306405
 3765.432099 -4135.802469  0.00000933471099082596
 3765.432099 -4012.345679  0.00000913807084175677
 3765.432099 -3888.888889  0.00000846109967102942
 3765.432099 -3765.432099  0.00000825507656585723
 3765.432099 -3641.975309  0.00000764952557100761
 3765.432099 -3518.518519  0.00000779262945847208
 3765.432099 -3395.061728  0.00000792277825839418
 3765.432099 -3271.604938  0.00000846081321793496
 3765.432099 -3148.148148  0.00000889151774501035
 3765.432099 -3024.691358  0.00000912711926340050
 3765.432099 -2901.234568  0.00000881873365630278
 3765.432099 -2777.777778  0.00000814956235805340
 3765.432099 -2654.320988  0.00000743956859743512
 3765.432099 -2530.864198  0.00000772631246351914
 3765.432099 -2407.407407  0.00000843278506917414
 3765.432099 -2283.950617  0.00000745996494753915
 3765.432099 -2160.493827  0.00000717626138251054
 3765.432099 -2037.037037  0.00000723324057951524
 3765.432099 -1913.580247  0.00000749567954091967
 3765.432099 -1790.123457  0.00000763258801179740
 3765.432099 -1666.666667  0.00000760047650631513
 3765.432099 -1543.209877  0.00000743016530791721
 3765.432099 -1419.753086  0.00000725312703478555
 3765.432099 -1296.296296  0.00000723505095057326
 3765.432099 -1172.839506  0.00000682332574141091
 3765.432099 -1049.382716  0.00000703345615404638
 3765.432099  -925.925926  0.00000681350256097329
 3765.432099  -802.469136  0.00000689033094529358
 3765.432099  -679.012346  0.00000687614565806561
 3765.432099  -555.555556  0.00000686251656844911
 3765.432099  -432.098765  0.00000669344425647703
 3765.432099  -308.641975  0.00000643751220483843
 3765.432099  -185.185185  0.00000639401851838068
 3765.432099   -61.728395  0.00000650888548019815
 3765.432099    61.728395  0.00000650888548019907
 3765.432099   185.185185  0.00000639401851838059
 3765.432099   308.641975  0.00000643751220483724
 3765.432099   432.098765  0.00000669344425647432
 3765.432099   555.555556  0.00000686251656844493
 3765.432099   679.012346  0.00000687614565805986
 3765.432099   802.469136  0.00000689033094528636
 3765.432099   925.925926  0.00000681350256096484
 3765.432099  1049.382716  0.00000703345615403654
 3765.432099  1172.839506  0.00000682332574139845
 3765.432099  1296.296296  0.00000723505095055937
 3765.432099  1419.753086  0.00000725312703476932
 3765.432099  1543.209877  0.00000743016530789897
 3765.432099  1666.666667  0.00000760047650629517
 3765.432099  1790.123457  0.00000763258801177570
 3765.432099  1913.580247  0.00000749567954089702
 3765.432099  2037.037037  0.00000723324057949329
 3765.432099  2160.493827  0.00000717626138248706
 3765.432099  2283.950617  0.00000745996494751369
 3765.432099  2407.407407  0.00000843278506914276
 3765.432099  2530.864198  0.00000772631246349845
 3765.432099  2654.320988  0.00000743956859740811
 3765.432099  2777.777778  0.00000814956235802196
 3765.432099  2901.234568  0.00000881873365627045
 3765.432099  3024.691358  0.00000912711926336799
 3765.432099  3148.148148  0.00000889151774497780
 3765.432099  3271.604938  0.00000846081321790165
 3765.432099  3395.061728  0.00000792277825835859
 3765.432099  3518.518519  0.00000779262945843471
 3765.432099  3641.975309  0.00000764952557096742
 3765.432099  3765.432099  0.00000825507656581309
 3765.432099  3888.888889  0.00000846109967098255
 3765.432099  4012.345679  0.00000913807084170754
 3765.432099  4135.802469  0.00000933471099077626
 3765.432099  4259.259259  0.00000920488988301311
 3765.432099  4382.716049  0.00000801560031829963
 3765.432099  4506.172840  0.00000673649731436064
 3765.432099  4629.629630  0.00000746899024143820
 3765.432099  4753.086420  0.00000641405146716854
 3765.432099  4876.543210  0.00001175178213209980

 3888.888889 -5000.000000  0.00000469805551700878
 3888.888889 -4876.543210  0.00000661371402597824
 3888.888889 -4753.086420  0.00000081803403021125
 3888.888889 -4629.629630  0.00000149079328782954
 3888.888889 -4506.172840  0.00000124385018230585
 3888.888889 -4382.716049  0.00000273676031929563
 3888.888889 -4259.259259  0.00000397552790584984
 3888.888889 -4135.802469  0.00000409288356039342
 3888.888889 -4012.345679  0.00000371823984412079
 3888.888889 -3888.888889  0.00000300658232588771
 3888.888889 -3765.432099  0.00000259617447249004
 3888.888889 -3641.975309  0.00000221111993000610
 3888.888889 -3518.518519  0.00000232149965349732
 3888.888889 -3395.061728  0.00000263170436755718
 3888.888889 -3271.604938  0.00000322512541221530
 3888.888889 -3148.148148  0.00000370696918521264
 3888.888889 -3024.691358  0.00000384945566479753
 3888.888889 -2901.234568  0.00000342927085440996
 3888.888889 -2777.777778  0.00000263413155222364
 3888.888889 -2654.320988  0.00000202921434286008
 3888.888889 -2530.864198  0.00000284847072727583
 3888.888889 -2407.407407  0.00000329275133722058
 3888.888889 -2283.950617  0.00000250073080568242
 3888.888889 -2160.493827  0.00000242000453891286
 3888.888889 -2037.037037  0.00000240377970187901
 3888.888889 -1913.580247  0.00000256127901428277
 3888.888889 -1790.123457  0.00000261537216801003
 3888.888889 -1666.666667  0.00000261095428227273
 3888.888889 -1543.209877  0.00000249688595731800
 3888.888889 -1419.753086  0.00000227972270889623
 3888.888889 -1296.296296  0.00000231864760780873
 3888.888889 -1172.839506  0.00000202335588454314
 3888.888889 -1049.382716  0.00000206544889839728
 3888.888889  -925.925926  0.00000195178084361443
 3888.888889  -802.469136  0.00000195238812439930
 3888.888889  -679.012346  0.00000192802331031131
 3888.888889  -555.555556  0.00000189013302834327
 3888.888889  -432.098765  0.00000175600661553227
 3888.888889  -308.641975  0.00000158070490913695
 3888.888889  -185.185185  0.00000148679081979475
 3888.888889   -61.728395  0.00000163368235750447
 3888.888889    61.728395  0.00000163368235750583
 3888.888889   185.185185  0.00000148679081979462
 3888.888889   308.641975  0.00000158070490913608
 3888.888889   432.098765  0.00000175600661553010
 3888.888889   555.555556  0.00000189013302833987
 3888.888889   679.012346  0.00000192802331030550
 3888.888889   802.469136  0.00000195238812439246
 3888.888889   925.925926  0.00000195178084360642
 3888.888889  1049.382716  0.00000206544889838802
 3888.888889  1172.839506  0.00000202335588453145
 3888.888889  1296.296296  0.00000231864760779440
 3888.888889  1419.753086  0.00000227972270887944
 3888.888889  1543.209877  0.00000249688595729983
 3888.888889  1666.666667  0.00000261095428225289
 3888.888889  1790.123457  0.00000261537216798857
 3888.888889  1913.580247  0.00000256127901426020
 3888.888889  2037.037037  0.00000240377970185716
 3888.888889  2160.493827  0.00000242000453888953
 3888.888889  2283.950617  0.00000250073080565682
 3888.888889  2407.407407  0.00000329275133718963
 3888.888889  2530.864198  0.00000284847072725613
 3888.888889  2654.320988  0.00000202921434283438
 3888.888889  2777.777778  0.00000263413155219327
 3888.888889  2901.234568  0.00000342927085437876
 3888.888889  3024.691358  0.00000384945566476685
 3888.888889  3148.148148  0.00000370696918518179
 3888.888889  3271.604938  0.00000322512541218350
 3888.888889  3395.061728  0.00000263170436752306
 3888.888889  3518.518519  0.00000232149965346121
 3888.888889  3641.975309  0.00000221111992996746
 3888.888889  3765.432099  0.00000259617447244735
 3888.888889  3888.888889  0.00000300658232584249
 3888.888889  4012.345679  0.00000371823984407319
 3888.888889  4135.802469  0.00000409288356034544
 3888.888889  4259.259259  0.00000397552790580088
 3888.888889  4382.716049  0.00000273676031924754
 3888.888889  4506.172840  0.00000124385018225720
 3888.888889  4629.629630  0.00000149079328777465
 3888.888889  4753.086420  0.00000081803403015841
 3888.888889  4876.543210  0.00000661371402591768

 4012.345679 -5000.000000  0.00000307913566373894
 4012.345679 -4876.543210  0.00000079029476600037
 4012.345679 -4753.086420  -0.00000483197647647417
 4012.345679 -4629.629630  -0.00000460139512033220
 4012.345679 -4506.172840  -0.00000435965140198960
 4012.345679 -4382.716049  -0.00000280381331904911
 4012.345679 -4259.259259  -0.00000163508399305082
 4012.345679 -4135.802469  -0.00000153189137330353
 4012.345679 -4012.345679  -0.00000196850548946214
 4012.345679 -3888.888889  -0.00000263640386559778
 4012.345679 -3765.432099  -0.00000310338257177159
 4012.345679 -3641.975309  -0.00000358373578167417
 4012.345679 -3518.518519  -0.00000337642167306033
 4012.345679 -3395.061728  -0.00000304357519527181
 4012.345679 -3271.604938  -0.00000244709526371923
 4012.345679 -3148.148148  -0.00000197852759558705
 4012.345679 -3024.691358  -0.00000181510138541993
 4012.345679 -2901.234568  -0.00000222102700917634
 4012.345679 -2777.777778  -0.00000313685003699002
 4012.345679 -2654.320988  -0.00000375932916059948
 4012.345679 -2530.864198  -0.00000240887539153036
 4012.345679 -2407.407407  -0.00000256239707835228
 4012.345679 -2283.950617  -0.00000296524192758065
 4012.345679 -2160.493827  -0.00000324273042341546
 4012.345679 -2037.037037  -0.00000317486641694671
 4012.345679 -1913.580247  -0.00000308706011256209
 4012.345679 -1790.123457  -0.00000298564286422998
 4012.345679 -1666.666667  -0.00000302608351967366
 4012.345679 -1543.209877  -0.00000316025750961226
 4012.345679 -1419.753086  -0.00000328037227202218
 4012.345679 -1296.296296  -0.00000327741727622128
 4012.345679 -1172.839506  -0.00000351174164090473
 4012.345679 -1049.382716  -0.00000349246606450686
 4012.345679  -925.925926  -0.00000358412016516943
 4012.345679  -802.469136  -0.00000359092860304415
 4012.345679  -679.012346  -0.00000361455875073009
 4012.345679  -555.555556  -0.00000365304204681076
 4012.345679  -432.098765  -0.00000376299990141489
 4012.345679  -308.641975  -0.00000390467821243603
 4012.345679  -185.185185  -0.00000397749975495631
 4012.345679   -61.728395  -0.00000387261796813832
 4012.345679    61.728395  -0.00000387261796813767
 4012.345679   185.185185  -0.00000397749975495697
 4012.345679   308.641975  -0.00000390467821243761
 4012.345679   432.098765  -0.00000376299990141758
 4012.345679   555.555556  -0.00000365304204681461
 4012.345679   679.012346  -0.00000361455875073593
 4012.345679   802.469136  -0.00000359092860305084
 4012.345679   925.925926  -0.00000358412016517724
 4012.345679  1049.382716  -0.00000349246606451626
 4012.345679  1172.839506  -0.00000351174164091602
 4012.345679  1296.296296  -0.00000327741727623526
 4012.345679  1419.753086  -0.00000328037227203795
 4012.345679  1543.209877  -0.00000316025750962944
 4012.345679  1666.666667  -0.00000302608351969253
 4012.345679  1790.123457  -0.00000298564286425013
 4012.345679  1913.580247  -0.00000308706011258332
 4012.345679  2037.037037  -0.00000317486641696749
 4012.345679  2160.493827  -0.00000324273042343764
 4012.345679  2283.950617  -0.00000296524192760507
 4012.345679  2407.407407  -0.00000256239707838169
 4012.345679  2530.864198  -0.00000240887539155015
 4012.345679  2654.320988  -0.00000375932916062546
 4012.345679  2777.777778  -0.00000313685003702030
 4012.345679  2901.234568  -0.00000222102700920750
 4012.345679  3024.691358  -0.00000181510138545063
 4012.345679  3148.148148  -0.00000197852759561853
 4012.345679  3271.604938  -0.00000244709526375154
 4012.345679  3395.061728  -0.00000304357519530645
 4012.345679  3518.518519  -0.00000337642167309696
 4012.345679  3641.975309  -0.00000358373578171324
 4012.345679  3765.432099  -0.00000310338257181365
 4012.345679  3888.888889  -0.00000263640386564219
 4012.345679  4012.345679  -0.00000196850548950867
 4012.345679  4135.802469  -0.00000153189137335075
 4012.345679  4259.259259  -0.00000163508399309883
 4012.345679  4382.716049  -0.00000280381331909635
 4012.345679  4506.172840  -0.00000435965140203786
 4012.345679  4629.629630  -0.00000460139512038667
 4012.345679  4753.086420  -0.00000483197647652691
 4012.345679  4876.543210  0.00000079029476593993

 4135.802469 -5000.000000  0.00000172040978217371
 4135.802469 -4876.543210  -0.00000447337446629699
 4135.802469 -4753.086420  -0.00001029160272962412
 4135.802469 -4629.629630  -0.00001048626619570202
 4135.802469 -4506.172840  -0.00000968500835216739
 4135.802469 -4382.716049  -0.00000791678122689351
 4135.802469 -4259.259259  -0.00000675373559818231
 4135.802469 -4135.802469  -0.00000671037721672551
 4135.802469 -4012.345679  -0.00000725847111151735
 4135.802469 -3888.888889  -0.00000788406301031074
 4135.802469 -3765.432099  -0.00000856068056403296
 4135.802469 -3641.975309  -0.00000886105253723036
 4135.802469 -3518.518519  -0.00000866066152046533
 4135.802469 -3395.061728  -0.00000823677677767020
 4135.802469 -3271.604938  -0.00000750293156961100
 4135.802469 -3148.148148  -0.00000700787681420626
 4135.802469 -3024.691358  -0.00000697507447818639
 4135.802469 -2901.234568  -0.00000754018975337572
 4135.802469 -2777.777778  -0.00000848629014056158
 4135.802469 -2654.320988  -0.00000883188202257650
 4135.802469 -2530.864198  -0.00000727972504069114
 4135.802469 -2407.407407  -0.00000850852337714648
 4135.802469 -2283.950617  -0.00000854312799070797
 4135.802469 -2160.493827  -0.00000868219020258275
 4135.802469 -2037.037037  -0.00000860200285136524
 4135.802469 -1913.580247  -0.00000869383901697599
 4135.802469 -1790.123457  -0.00000865788612462742
 4135.802469 -1666.666667  -0.00000866806595583777
 4135.802469 -1543.209877  -0.00000872294712821181
 4135.802469 -1419.753086  -0.00000881052616737078
 4135.802469 -1296.296296  -0.00000885566079013566
 4135.802469 -1172.839506  -0.00000894668797709753
 4135.802469 -1049.382716  -0.00000897627063941003
 4135.802469  -925.925926  -0.00000904435686912222
 4135.802469  -802.469136  -0.00000908417561296093
 4135.802469  -679.012346  -0.00000912444998440129
 4135.802469  -555.555556  -0.00000917002309783512
 4135.802469  -432.098765  -0.00000923799909750976
 4135.802469  -308.641975  -0.00000930595635671103
 4135.802469  -185.185185  -0.00000934569769156018
 4135.802469   -61.728395  -0.00000932036340514158
 4135.802469    61.728395  -0.00000932036340514140
 4135.802469   185.185185  -0.00000934569769156154
 4135.802469   308.641975  -0.00000930595635671292
 4135.802469   432.098765  -0.00000923799909751274
 4135.802469   555.555556  -0.00000917002309783882
 4135.802469   679.012346  -0.00000912444998440758
 4135.802469   802.469136  -0.00000908417561296773
 4135.802469   925.925926  -0.00000904435686913005
 4135.802469  1049.382716  -0.00000897627063941940
 4135.802469  1172.839506  -0.00000894668797710831
 4135.802469  1296.296296  -0.00000885566079014892
 4135.802469  1419.753086  -0.00000881052616738559
 4135.802469  1543.209877  -0.00000872294712822765
 4135.802469  1666.666667  -0.00000866806595585538
 4135.802469  1790.123457  -0.00000865788612464593
 4135.802469  1913.580247  -0.00000869383901699579
 4135.802469  2037.037037  -0.00000860200285138441
 4135.802469  2160.493827  -0.00000868219020260326
 4135.802469  2283.950617  -0.00000854312799073090
 4135.802469  2407.407407  -0.00000850852337717392
 4135.802469  2530.864198  -0.00000727972504071006
 4135.802469  2654.320988  -0.00000883188202260118
 4135.802469  2777.777778  -0.00000848629014059075
 4135.802469  2901.234568  -0.00000754018975340621
 4135.802469  3024.691358  -0.00000697507447821595
 4135.802469  3148.148148  -0.00000700787681423664
 4135.802469  3271.604938  -0.00000750293156964235
 4135.802469  3395.061728  -0.00000823677677770380
 4135.802469  3518.518519  -0.00000866066152050119
 4135.802469  3641.975309  -0.00000886105253726841
 4135.802469  3765.432099  -0.00000856068056407355
 4135.802469  3888.888889  -0.00000788406301035344
 4135.802469  4012.345679  -0.00000725847111156191
 4135.802469  4135.802469  -0.00000671037721677082
 4135.802469  4259.259259  -0.00000675373559822835
 4135.802469  4382.716049  -0.00000791678122693919
 4135.802469  4506.172840  -0.00000968500835221377
 4135.802469  4629.629630  -0.00001048626619575469
 4135.802469  4753.086420  -0.00001029160272967552
 4135.802469  4876.543210  -0.00000447337446635587

 4259.259259 -5000.000000  0.00000010346579848428
 4259.259259 -4876.543210  -0.00001132741422662388
 4259.259259 -4753.086420  -0.00001744351589217884
 4259.259259 -4629.629630  -0.00001808334532481163
 4259.259259 -4506.172840  -0.00001660313118907314
 4259.259259 -4382.716049  -0.00001457283784596891
 4259.259259 -4259.259259  -0.00001339070424976342
 4259.259259 -4135.802469  -0.00001339173301445091
 4259.259259 -4012.345679  -0.00001406740551205406
 4259.259259 -3888.888889  -0.00001469369097507863
 4259.259259 -3765.432099  -0.00001548038833627357
 4259.259259 -3641.975309  -0.00001564448246652186
 4259.259259 -3518.518519  -0.00001542628961263106
 4259.259259 -3395.061728  -0.00001489020756753483
 4259.259259 -3271.604938  -0.00001396694493974023
 4259.259259 -3148.148148  -0.00001344075621697861
 4259.259259 -3024.691358  -0.00001356346903169512
 4259.259259 -2901.234568  -0.00001434886558618235
 4259.259259 -2777.777778  -0.00001532898557776748
 4259.259259 -2654.320988  -0.00001532180621376876
 4259.259259 -2530.864198  -0.00001335617232775886
 4259.259259 -2407.407407  -0.00001518907465254935
 4259.259259 -2283.950617  -0.00001480746551777212
 4259.259259 -2160.493827  -0.00001472486050756936
 4259.259259 -2037.037037  -0.00001465616926578651
 4259.259259 -1913.580247  -0.00001495423961740358
 4259.259259 -1790.123457  -0.00001501281203343933
 4259.259259 -1666.666667  -0.00001497870140768928
 4259.259259 -1543.209877  -0.00001493308085516656
 4259.259259 -1419.753086  -0.00001498705660167358
 4259.259259 -1296.296296  -0.00001507000286180061
 4259.259259 -1172.839506  -0.00001501737179313239
 4259.259259 -1049.382716  -0.00001508861363180939
 4259.259259  -925.925926  -0.00001513947266148252
 4259.259259  -802.469136  -0.00001521381971599314
 4259.259259  -679.012346  -0.00001529290937037816
 4259.259259  -555.555556  -0.00001534696545381741
 4259.259259  -432.098765  -0.00001535630946827943
 4259.259259  -308.641975  -0.00001534014490905862
 4259.259259  -185.185185  -0.00001533658414870065
 4259.259259   -61.728395  -0.00001541769074347244
 4259.259259    61.728395  -0.00001541769074347274
 4259.259259   185.185185  -0.00001533658414870214
 4259.259259   308.641975  -0.00001534014490906047
 4259.259259   432.098765  -0.00001535630946828243
 4259.259259   555.555556  -0.00001534696545382080
 4259.259259   679.012346  -0.00001529290937038461
 4259.259259   802.469136  -0.00001521381971599986
 4259.259259   925.925926  -0.00001513947266149033
 4259.259259  1049.382716  -0.00001508861363181850
 4259.259259  1172.839506  -0.00001501737179314238
 4259.259259  1296.296296  -0.00001507000286181297
 4259.259259  1419.753086  -0.00001498705660168737
 4259.259259  1543.209877  -0.00001493308085518104
 4259.259259  1666.666667  -0.00001497870140770554
 4259.259259  1790.123457  -0.00001501281203345610
 4259.259259  1913.580247  -0.00001495423961742261
 4259.259259  2037.037037  -0.00001465616926580420
 4259.259259  2160.493827  -0.00001472486050758866
 4259.259259  2283.950617  -0.00001480746551779406
 4259.259259  2407.407407  -0.00001518907465257535
 4259.259259  2530.864198  -0.00001335617232777641
 4259.259259  2654.320988  -0.00001532180621379207
 4259.259259  2777.777778  -0.00001532898557779502
 4259.259259  2901.234568  -0.00001434886558621140
 4259.259259  3024.691358  -0.00001356346903172310
 4259.259259  3148.148148  -0.00001344075621700754
 4259.259259  3271.604938  -0.00001396694493977007
 4259.259259  3395.061728  -0.00001489020756756687
 4259.259259  3518.518519  -0.00001542628961266569
 4259.259259  3641.975309  -0.00001564448246655833
 4259.259259  3765.432099  -0.00001548038833631280
 4259.259259  3888.888889  -0.00001469369097511972
 4259.259259  4012.345679  -0.00001406740551209693
 4259.259259  4135.802469  -0.00001339173301449476
 4259.259259  4259.259259  -0.00001339070424980780
 4259.259259  4382.716049  -0.00001457283784601279
 4259.259259  4506.172840  -0.00001660313118911801
 4259.259259  4629.629630  -0.00001808334532486245
 4259.259259  4753.086420  -0.00001744351589222883
 4259.259259  4876.543210  -0.00001132741422668159

 4382.716049 -5000.000000  -0.00000191578698487618
 4382.716049 -4876.543210  -0.00001946726627136909
 4382.716049 -4753.086420  -0.00002510988417096026
 4382.716049 -4629.629630  -0.00002605912941385012
 4382.716049 -4506.172840  -0.00002399712680619948
 4382.716049 -4382.716049  -0.00002199653193668061
 4382.716049 -4259.259259  -0.00002090056111352163
 4382.716049 -4135.802469  -0.00002080265840628073
 4382.716049 -4012.345679  -0.00002150599830238360
 4382.716049 -3888.888889  -0.00002214121866681246
 4382.716049 -3765.432099  -0.00002284626195808493
 4382.716049 -3641.975309  -0.00002300935231680237
 4382.716049 -3518.518519  -0.00002269703226775860
 4382.716049 -3395.061728  -0.00002213133933367533
 4382.716049 -3271.604938  -0.00002116868243818554
 4382.716049 -3148.148148  -0.00002066757671773289
 4382.716049 -3024.691358  -0.00002082232367219643
 4382.716049 -2901.234568  -0.00002164088204166281
 4382.716049 -2777.777778  -0.00002265782225357880
 4382.716049 -2654.320988  -0.00002248956253456590
 4382.716049 -2530.864198  -0.00001998594854041142
 4382.716049 -2407.407407  -0.00002197188402743824
 4382.716049 -2283.950617  -0.00002117587013716868
 4382.716049 -2160.493827  -0.00002110147375758696
 4382.716049 -2037.037037  -0.00002100051802625685
 4382.716049 -1913.580247  -0.00002139468141593672
 4382.716049 -1790.123457  -0.00002145974890582212
 4382.716049 -1666.666667  -0.00002142596978403182
 4382.716049 -1543.209877  -0.00002134809407565202
 4382.716049 -1419.753086  -0.00002132218595649366
 4382.716049 -1296.296296  -0.00002141360526177000
 4382.716049 -1172.839506  -0.00002126677978546907
 4382.716049 -1049.382716  -0.00002137381086708855
 4382.716049  -925.925926  -0.00002139149222052916
 4382.716049  -802.469136  -0.00002148527734284290
 4382.716049  -679.012346  -0.00002157380591887730
 4382.716049  -555.555556  -0.00002162821321385172
 4382.716049  -432.098765  -0.00002159537991734667
 4382.716049  -308.641975  -0.00002151997204101218
 4382.716049  -185.185185  -0.00002149236202713052
 4382.716049   -61.728395  -0.00002162886077484190
 4382.716049    61.728395  -0.00002162886077484185
 4382.716049   185.185185  -0.00002149236202713151
 4382.716049   308.641975  -0.00002151997204101353
 4382.716049   432.098765  -0.00002159537991734903
 4382.716049   555.555556  -0.00002162821321385372
 4382.716049   679.012346  -0.00002157380591888284
 4382.716049   802.469136  -0.00002148527734284836
 4382.716049   925.925926  -0.00002139149222053519
 4382.716049  1049.382716  -0.00002137381086709585
 4382.716049  1172.839506  -0.00002126677978547679
 4382.716049  1296.296296  -0.00002141360526178106
 4382.716049  1419.753086  -0.00002132218595650607
 4382.716049  1543.209877  -0.00002134809407566513
 4382.716049  1666.666667  -0.00002142596978404651
 4382.716049  1790.123457  -0.00002145974890583675
 4382.716049  1913.580247  -0.00002139468141595313
 4382.716049  2037.037037  -0.00002100051802627246
 4382.716049  2160.493827  -0.00002110147375760338
 4382.716049  2283.950617  -0.00002117587013718773
 4382.716049  2407.407407  -0.00002197188402746070
 4382.716049  2530.864198  -0.00001998594854042749
 4382.716049  2654.320988  -0.00002248956253458669
 4382.716049  2777.777778  -0.00002265782225360416
 4382.716049  2901.234568  -0.00002164088204169020
 4382.716049  3024.691358  -0.00002082232367222263
 4382.716049  3148.148148  -0.00002066757671775902
 4382.716049  3271.604938  -0.00002116868243821241
 4382.716049  3395.061728  -0.00002213133933370396
 4382.716049  3518.518519  -0.00002269703226778951
 4382.716049  3641.975309  -0.00002300935231683479
 4382.716049  3765.432099  -0.00002284626195812073
 4382.716049  3888.888889  -0.00002214121866685061
 4382.716049  4012.345679  -0.00002150599830242356
 4382.716049  4135.802469  -0.00002080265840632207
 4382.716049  4259.259259  -0.00002090056111356350
 4382.716049  4382.716049  -0.00002199653193672169
 4382.716049  4506.172840  -0.00002399712680624140
 4382.716049  4629.629630  -0.00002605912941389742
 4382.716049  4753.086420  -0.00002510988417100712
 4382.716049  4876.543210  -0.00001946726627142453

 4506.172840 -5000.000000  -0.00000453066543565707
 4506.172840 -4876.543210  -0.00002953477756762354
 4506.172840 -4753.086420  -0.00003424431884888355
 4506.172840 -4629.629630  -0.00003555278177919505
 4506.172840 -4506.172840  -0.00003286720458774719
 4506.172840 -4382.716049  -0.00003104674899076648
 4506.172840 -4259.259259  -0.00003011029427259714
 4506.172840 -4135.802469  -0.00002983571281089986
 4506.172840 -4012.345679  -0.00003052191465585285
 4506.172840 -3888.888889  -0.00003115335984991455
 4506.172840 -3765.432099  -0.00003169473319664611
 4506.172840 -3641.975309  -0.00003197429127930961
 4506.172840 -3518.518519  -0.00003149327957804301
 4506.172840 -3395.061728  -0.00003095422041888882
 4506.172840 -3271.604938  -0.00003004854231300351
 4506.172840 -3148.148148  -0.00002960151670343235
 4506.172840 -3024.691358  -0.00002968334725387895
 4506.172840 -2901.234568  -0.00003039694475470966
 4506.172840 -2777.777778  -0.00003149990541801765
 4506.172840 -2654.320988  -0.00003134774829340394
 4506.172840 -2530.864198  -0.00002815591438330306
 4506.172840 -2407.407407  -0.00003031650362187182
 4506.172840 -2283.950617  -0.00002904204374478518
 4506.172840 -2160.493827  -0.00002922145943861574
 4506.172840 -2037.037037  -0.00002901982700244537
 4506.172840 -1913.580247  -0.00002944237045527322
 4506.172840 -1790.123457  -0.00002942619850868490
 4506.172840 -1666.666667  -0.00002943610017916406
 4506.172840 -1543.209877  -0.00002938758944713341
 4506.172840 -1419.753086  -0.00002922747174572499
 4506.172840 -1296.296296  -0.00002932639078691520
 4506.172840 -1172.839506  -0.00002911459249387998
 4506.172840 -1049.382716  -0.00002925131137179451
 4506.172840  -925.925926  -0.00002922632078526272
 4506.172840  -802.469136  -0.00002932610476959352
 4506.172840  -679.012346  -0.00002939996060015226
 4506.172840  -555.555556  -0.00002944994987146701
 4506.172840  -432.098765  -0.00002939063714374798
 4506.172840  -308.641975  -0.00002927776531218422
 4506.172840  -185.185185  -0.00002923732748620330
 4506.172840   -61.728395  -0.00002939775703496919
 4506.172840    61.728395  -0.00002939775703496815
 4506.172840   185.185185  -0.00002923732748620245
 4506.172840   308.641975  -0.00002927776531218356
 4506.172840   432.098765  -0.00002939063714374874
 4506.172840   555.555556  -0.00002944994987146720
 4506.172840   679.012346  -0.00002939996060015743
 4506.172840   802.469136  -0.00002932610476959778
 4506.172840   925.925926  -0.00002922632078526778
 4506.172840  1049.382716  -0.00002925131137180033
 4506.172840  1172.839506  -0.00002911459249388552
 4506.172840  1296.296296  -0.00002932639078692467
 4506.172840  1419.753086  -0.00002922747174573530
 4506.172840  1543.209877  -0.00002938758944714387
 4506.172840  1666.666667  -0.00002943610017917605
 4506.172840  1790.123457  -0.00002942619850869663
 4506.172840  1913.580247  -0.00002944237045528770
 4506.172840  2037.037037  -0.00002901982700245905
 4506.172840  2160.493827  -0.00002922145943862975
 4506.172840  2283.950617  -0.00002904204374480172
 4506.172840  2407.407407  -0.00003031650362189168
 4506.172840  2530.864198  -0.00002815591438331709
 4506.172840  2654.320988  -0.00003134774829342187
 4506.172840  2777.777778  -0.00003149990541804017
 4506.172840  2901.234568  -0.00003039694475473498
 4506.172840  3024.691358  -0.00002968334725390302
 4506.172840  3148.148148  -0.00002960151670345760
 4506.172840  3271.604938  -0.00003004854231302889
 4506.172840  3395.061728  -0.00003095422041891577
 4506.172840  3518.518519  -0.00003149327957807229
 4506.172840  3641.975309  -0.00003197429127933997
 4506.172840  3765.432099  -0.00003169473319667894
 4506.172840  3888.888889  -0.00003115335984995094
 4506.172840  4012.345679  -0.00003052191465589083
 4506.172840  4135.802469  -0.00002983571281093965
 4506.172840  4259.259259  -0.00003011029427263730
 4506.172840  4382.716049  -0.00003104674899080562
 4506.172840  4506.172840  -0.00003286720458778708
 4506.172840  4629.629630  -0.00003555278177923971
 4506.172840  4753.086420  -0.00003424431884892792
 4506.172840  4876.543210  -0.00002953477756767793

 4629.629630 -5000.000000  -0.00000755914583490504
 4629.629630 -4876.543210  -0.00004160136974596155
 4629.629630 -4753.086420  -0.00004623036089446410
 4629.629630 -4629.629630  -0.00004831397238905817
 4629.629630 -4506.172840  -0.00004463297642886577
 4629.629630 -4382.716049  -0.00004262688162756330
 4629.629630 -4259.259259  -0.00004174760557565676
 4629.629630 -4135.802469  -0.00004143428737333284
 4629.629630 -4012.345679  -0.00004226048623496594
 4629.629630 -3888.888889  -0.00004286909740460816
 4629.629630 -3765.432099  -0.00004352675046617115
 4629.629630 -3641.975309  -0.00004392287942113753
 4629.629630 -3518.518519  -0.00004328030144213643
 4629.629630 -3395.061728  -0.00004267180003440788
 4629.629630 -3271.604938  -0.00004166209129392634
 4629.629630 -3148.148148  -0.00004119706395444821
 4629.629630 -3024.691358  -0.00004127951002181059
 4629.629630 -2901.234568  -0.00004204560072144144
 4629.629630 -2777.777778  -0.00004335462773652667
 4629.629630 -2654.320988  -0.00004313412453937386
 4629.629630 -2530.864198  -0.00003911088035537947
 4629.629630 -2407.407407  -0.00004242545846983456
 4629.629630 -2283.950617  -0.00004052215971643985
 4629.629630 -2160.493827  -0.00004089905629484871
 4629.629630 -2037.037037  -0.00004057322815768086
 4629.629630 -1913.580247  -0.00004113998001522164
 4629.629630 -1790.123457  -0.00004107494463445929
 4629.629630 -1666.666667  -0.00004111120229802504
 4629.629630 -1543.209877  -0.00004105674382039201
 4629.629630 -1419.753086  -0.00004076306068159894
 4629.629630 -1296.296296  -0.00004091846516982589
 4629.629630 -1172.839506  -0.00004058163160376532
 4629.629630 -1049.382716  -0.00004077408589951917
 4629.629630  -925.925926  -0.00004070845693532722
 4629.629630  -802.469136  -0.00004083289838026745
 4629.629630  -679.012346  -0.00004091341423536066
 4629.629630  -555.555556  -0.00004097264651508122
 4629.629630  -432.098765  -0.00004087786198050046
 4629.629630  -308.641975  -0.00004070905837249584
 4629.629630  -185.185185  -0.00004064593414482826
 4629.629630   -61.728395  -0.00004087270210800617
 4629.629630    61.728395  -0.00004087270210800377
 4629.629630   185.185185  -0.00004064593414482637
 4629.629630   308.641975  -0.00004070905837249380
 4629.629630   432.098765  -0.00004087786198050094
 4629.629630   555.555556  -0.00004097264651508009
 4629.629630   679.012346  -0.00004091341423536602
 4629.629630   802.469136  -0.00004083289838027091
 4629.629630   925.925926  -0.00004070845693533163
 4629.629630  1049.382716  -0.00004077408589952496
 4629.629630  1172.839506  -0.00004058163160377019
 4629.629630  1296.296296  -0.00004091846516983520
 4629.629630  1419.753086  -0.00004076306068160876
 4629.629630  1543.209877  -0.00004105674382040145
 4629.629630  1666.666667  -0.00004111120229803690
 4629.629630  1790.123457  -0.00004107494463446998
 4629.629630  1913.580247  -0.00004113998001523679
 4629.629630  2037.037037  -0.00004057322815769389
 4629.629630  2160.493827  -0.00004089905629486217
 4629.629630  2283.950617  -0.00004052215971645651
 4629.629630  2407.407407  -0.00004242545846985367
 4629.629630  2530.864198  -0.00003911088035539287
 4629.629630  2654.320988  -0.00004313412453939276
 4629.629630  2777.777778  -0.00004335462773655061
 4629.629630  2901.234568  -0.00004204560072146851
 4629.629630  3024.691358  -0.00004127951002183571
 4629.629630  3148.148148  -0.00004119706395447522
 4629.629630  3271.604938  -0.00004166209129395336
 4629.629630  3395.061728  -0.00004267180003443623
 4629.629630  3518.518519  -0.00004328030144216750
 4629.629630  3641.975309  -0.00004392287942116943
 4629.629630  3765.432099  -0.00004352675046620534
 4629.629630  3888.888889  -0.00004286909740464645
 4629.629630  4012.345679  -0.00004226048623500586
 4629.629630  4135.802469  -0.00004143428737337499
 4629.629630  4259.259259  -0.00004174760557569888
 4629.629630  4382.716049  -0.00004262688162760483
 4629.629630  4506.172840  -0.00004463297642890820
 4629.629630  4629.629630  -0.00004831397238910529
 4629.629630  4753.086420  -0.00004623036089451112
 4629.629630  4876.543210  -0.00004160136974601959

 4753.086420 -5000.000000  -0.00000841678056102296
 4753.086420 -4876.543210  -0.00004461840251202988
 4753.086420 -4753.086420  -0.00004977252412707618
 4753.086420 -4629.629630  -0.00005227633874935186
 4753.086420 -4506.172840  -0.00004808321318265096
 4753.086420 -4382.716049  -0.00004573808957882729
 4753.086420 -4259.259259  -0.00004483069368767920
 4753.086420 -4135.802469  -0.00004469065815684426
 4753.086420 -4012.345679  -0.00004567333136143262
 4753.086420 -3888.888889  -0.00004620873312320445
 4753.086420 -3765.432099  -0.00004716344173366771
 4753.086420 -3641.975309  -0.00004702635676746700
 4753.086420 -3518.518519  -0.00004658686824520655
 4753.086420 -3395.061728  -0.00004584083700689930
 4753.086420 -3271.604938  -0.00004450822277299299
 4753.086420 -3148.148148  -0.00004397297828773088
 4753.086420 -3024.691358  -0.00004440396953955188
 4753.086420 -2901.234568  -0.00004557640573950609
 4753.086420 -2777.777778  -0.00004667748855225749
 4753.086420 -2654.320988  -0.00004575327885725377
 4753.086420 -2530.864198  -0.00004238174892913659
 4753.086420 -2407.407407  -0.00004691972298251071
 4753.086420 -2283.950617  -0.00004490970953671137
 4753.086420 -2160.493827  -0.00004454546839598806
 4753.086420 -2037.037037  -0.00004435445827000051
 4753.086420 -1913.580247  -0.00004522484995467231
 4753.086420 -1790.123457  -0.00004541727992687455
 4753.086420 -1666.666667  -0.00004530409251343773
 4753.086420 -1543.209877  -0.00004501563308608427
 4753.086420 -1419.753086  -0.00004482765836430220
 4753.086420 -1296.296296  -0.00004503589951999738
 4753.086420 -1172.839506  -0.00004448806449027176
 4753.086420 -1049.382716  -0.00004472883339473636
 4753.086420  -925.925926  -0.00004465994409588156
 4753.086420  -802.469136  -0.00004483628065260307
 4753.086420  -679.012346  -0.00004497922135883238
 4753.086420  -555.555556  -0.00004505719857014032
 4753.086420  -432.098765  -0.00004490348534204164
 4753.086420  -308.641975  -0.00004463588500889014
 4753.086420  -185.185185  -0.00004453014654442807
 4753.086420   -61.728395  -0.00004489335691819432
 4753.086420    61.728395  -0.00004489335691819196
 4753.086420   185.185185  -0.00004453014654442571
 4753.086420   308.641975  -0.00004463588500888716
 4753.086420   432.098765  -0.00004490348534204063
 4753.086420   555.555556  -0.00004505719857013847
 4753.086420   679.012346  -0.00004497922135883760
 4753.086420   802.469136  -0.00004483628065260677
 4753.086420   925.925926  -0.00004465994409588530
 4753.086420  1049.382716  -0.00004472883339474117
 4753.086420  1172.839506  -0.00004448806449027514
 4753.086420  1296.296296  -0.00004503589952000529
 4753.086420  1419.753086  -0.00004482765836430954
 4753.086420  1543.209877  -0.00004501563308609157
 4753.086420  1666.666667  -0.00004530409251344678
 4753.086420  1790.123457  -0.00004541727992688339
 4753.086420  1913.580247  -0.00004522484995468504
 4753.086420  2037.037037  -0.00004435445827001144
 4753.086420  2160.493827  -0.00004454546839599940
 4753.086420  2283.950617  -0.00004490970953672487
 4753.086420  2407.407407  -0.00004691972298252700
 4753.086420  2530.864198  -0.00004238174892914644
 4753.086420  2654.320988  -0.00004575327885726939
 4753.086420  2777.777778  -0.00004667748855227864
 4753.086420  2901.234568  -0.00004557640573953076
 4753.086420  3024.691358  -0.00004440396953957378
 4753.086420  3148.148148  -0.00004397297828775407
 4753.086420  3271.604938  -0.00004450822277301603
 4753.086420  3395.061728  -0.00004584083700692370
 4753.086420  3518.518519  -0.00004658686824523364
 4753.086420  3641.975309  -0.00004702635676749468
 4753.086420  3765.432099  -0.00004716344173369823
 4753.086420  3888.888889  -0.00004620873312323869
 4753.086420  4012.345679  -0.00004567333136146841
 4753.086420  4135.802469  -0.00004469065815688257
 4753.086420  4259.259259  -0.00004483069368771711
 4753.086420  4382.716049  -0.00004573808957886438
 4753.086420  4506.172840  -0.00004808321318268881
 4753.086420  4629.629630  -0.00005227633874939354
 4753.086420  4753.086420  -0.00004977252412711796
 4753.086420  4876.543210  -0.00004461840251208254

 4876.543210 -5000.000000  -0.00000866419995473365
 4876.543210 -4876.543210  -0.00004496335675714169
 4876.543210 -4753.086420  -0.00005222942119974060
 4876.543210 -4629.629630  -0.00005576575568565529
 4876.543210 -4506.172840  -0.00005089878559081057
 4876.543210 -4382.716049  -0.00004764529956252295
 4876.543210 -4259.259259  -0.00004653254811329463
 4876.543210 -4135.802469  -0.00004690197074771542
 4876.543210 -4012.345679  -0.00004828164350990460
 4876.543210 -3888.888889  -0.00004866978477511518
 4876.543210 -3765.432099  -0.00005038644941727038
 4876.543210 -3641.975309  -0.00005002042094275416
 4876.543210 -3518.518519  -0.00004971299087145477
 4876.543210 -3395.061728  -0.00004869198675688934
 4876.543210 -3271.604938  -0.00004703513801414915
 4876.543210 -3148.148148  -0.00004634322714928002
 4876.543210 -3024.691358  -0.00004702077853517990
 4876.543210 -2901.234568  -0.00004859260278185683
 4876.543210 -2777.777778  -0.00004989523947334146
 4876.543210 -2654.320988  -0.00004869932787207749
 4876.543210 -2530.864198  -0.00004513324376682501
 4876.543210 -2407.407407  -0.00005177511247934920
 4876.543210 -2283.950617  -0.00004949376013965000
 4876.543210 -2160.493827  -0.00004884347722091885
 4876.543210 -2037.037037  -0.00004866243130836351
 4876.543210 -1913.580247  -0.00004982963514449546
 4876.543210 -1790.123457  -0.00005015979719568655
 4876.543210 -1666.666667  -0.00004998744721327492
 4876.543210 -1543.209877  -0.00004958585059235474
 4876.543210 -1419.753086  -0.00004944179600775514
 4876.543210 -1296.296296  -0.00004975435411963210
 4876.543210 -1172.839506  -0.00004904373322233238
 4876.543210 -1049.382716  -0.00004938375799306157
 4876.543210  -925.925926  -0.00004930135913814254
 4876.543210  -802.469136  -0.00004953851825801617
 4876.543210  -679.012346  -0.00004974120558773706
 4876.543210  -555.555556  -0.00004985529940237207
 4876.543210  -432.098765  -0.00004966721642695529
 4876.543210  -308.641975  -0.00004933494461713025
 4876.543210  -185.185185  -0.00004921387138680640
 4876.543210   -61.728395  -0.00004966748253029347
 4876.543210    61.728395  -0.00004966748253029218
 4876.543210   185.185185  -0.00004921387138680469
 4876.543210   308.641975  -0.00004933494461712876
 4876.543210   432.098765  -0.00004966721642695586
 4876.543210   555.555556  -0.00004985529940237227
 4876.543210   679.012346  -0.00004974120558774374
 4876.543210   802.469136  -0.00004953851825802196
 4876.543210   925.925926  -0.00004930135913814819
 4876.543210  1049.382716  -0.00004938375799306844
 4876.543210  1172.839506  -0.00004904373322233788
 4876.543210  1296.296296  -0.00004975435411964304
 4876.543210  1419.753086  -0.00004944179600776559
 4876.543210  1543.209877  -0.00004958585059236565
 4876.543210  1666.666667  -0.00004998744721328872
 4876.543210  1790.123457  -0.00005015979719569964
 4876.543210  1913.580247  -0.00004982963514451201
 4876.543210  2037.037037  -0.00004866243130837932
 4876.543210  2160.493827  -0.00004884347722093536
 4876.543210  2283.950617  -0.00004949376013966830
 4876.543210  2407.407407  -0.00005177511247937009
 4876.543210  2530.864198  -0.00004513324376683668
 4876.543210  2654.320988  -0.00004869932787209695
 4876.543210  2777.777778  -0.00004989523947336790
 4876.543210  2901.234568  -0.00004859260278188651
 4876.543210  3024.691358  -0.00004702077853520534
 4876.543210  3148.148148  -0.00004634322714930577
 4876.543210  3271.604938  -0.00004703513801417498
 4876.543210  3395.061728  -0.00004869198675691714
 4876.543210  3518.518519  -0.00004971299087148637
 4876.543210  3641.975309  -0.00005002042094278632
 4876.543210  3765.432099  -0.00005038644941730567
 4876.543210  3888.888889  -0.00004866978477515300
 4876.543210  4012.345679  -0.00004828164350994363
 4876.543210  4135.802469  -0.00004690197074775655
 4876.543210  4259.259259  -0.00004653254811333533
 4876.543210  4382.716049  -0.00004764529956256201
 4876.543210  4506.172840  -0.00005089878559085090
 4876.543210  4629.629630  -0.00005576575568570021
 4876.543210  4753.086420  -0.00005222942119978655
 4876.543210  4876.543210  -0.00004496335675719570

