-5000.000000 -5000.000000  0.00001444376415157761
-5000.000000 -4876.543210  0.00003656374939132938
-5000.000000 -4753.086420  0.00003630106140952576
-5000.000000 -4629.629630  0.00003392347499619259
-5000.000000 -4506.172840  0.00003429551138106383
-5000.000000 -4382.716049  0.00003572024645547563
-5000.000000 -4259.259259  0.00003583002394465496
-5000.000000 -4135.802469  0.00003452607353040178
-5000.000000 -4012.345679  0.00003396703392416273
-5000.000000 -3888.888889  0.00003560638089049836
-5000.000000 -3765.432099  0.00003427876022094098
-5000.000000 -3641.975309  0.00003511806334642638
-5000.000000 -3518.518519  0.00003511143392090241
-5000.000000 -3395.061728  0.00003497611727655610
-5000.000000 -3271.604938  0.00003494244913375707
-5000.000000 -3148.148148  0.00003494241960561810
-5000.000000 -3024.691358  0.00003489783679457066
-5000.000000 -2901.234568  0.00003484851715326580
-5000.000000 -2777.777778  0.00003492050260980070
-5000.000000 -2654.320988  0.00003513430445727064
-5000.000000 -2530.864198  0.00003505317400764623
-5000.000000 -2407.407407  0.00003482883040426225
-5000.000000 -2283.950617  0.00003499001210575915
-5000.000000 -2160.493827  0.00003506700144582092
-5000.000000 -2037.037037  0.00003503986421530169
-5000.000000 -1913.580247  0.00003497417657955249
-5000.000000 -1790.123457  0.00003493505502085350
-5000.000000 -1666.666667  0.00003494245526860258
-5000.000000 -1543.209877  0.00003496774021725991
-5000.000000 -1419.753086  0.00003497151683204998
-5000.000000 -1296.296296  0.00003498274204241905
-5000.000000 -1172.839506  0.00003500383064253471
-5000.000000 -1049.382716  0.00003499949211394865
-5000.000000  -925.925926  0.00003498787072847536
-5000.000000  -802.469136  0.00003496901946785618
-5000.000000  -679.012346  0.00003495216246136021
-5000.000000  -555.555556  0.00003494790681497337
-5000.000000  -432.098765  0.00003496143629810831
-5000.000000  -308.641975  0.00003498668688783497
-5000.000000  -185.185185  0.00003500150417063212
-5000.000000   -61.728395  0.00003496378260165904
-5000.000000    61.728395  0.00003496378173771280
-5000.000000   185.185185  0.00003500150159424023
-5000.000000   308.641975  0.00003498668305787159
-5000.000000   432.098765  0.00003496143141452232
-5000.000000   555.555556  0.00003494790083020420
-5000.000000   679.012346  0.00003495215519127911
-5000.000000   802.469136  0.00003496901073870303
-5000.000000   925.925926  0.00003498786049626053
-5000.000000  1049.382716  0.00003499948049278943
-5000.000000  1172.839506  0.00003500381777839549
-5000.000000  1296.296296  0.00003498272815410250
-5000.000000  1419.753086  0.00003497150204096451
-5000.000000  1543.209877  0.00003496772462210636
-5000.000000  1666.666667  0.00003494243911231448
-5000.000000  1790.123457  0.00003493503828347872
-5000.000000  1913.580247  0.00003497415903238320
-5000.000000  2037.037037  0.00003503984570561422
-5000.000000  2160.493827  0.00003506698218158554
-5000.000000  2283.950617  0.00003498999270967952
-5000.000000  2407.407407  0.00003482881150650648
-5000.000000  2530.864198  0.00003505315601297279
-5000.000000  2654.320988  0.00003513428406771392
-5000.000000  2777.777778  0.00003492048248167881
-5000.000000  2901.234568  0.00003484849797723311
-5000.000000  3024.691358  0.00003489781861737213
-5000.000000  3148.148148  0.00003494240243932462
-5000.000000  3271.604938  0.00003494243309013318
-5000.000000  3395.061728  0.00003497610246421129
-5000.000000  3518.518519  0.00003511142034287671
-5000.000000  3641.975309  0.00003511805103586112
-5000.000000  3765.432099  0.00003427874949981642
-5000.000000  3888.888889  0.00003560637252150343
-5000.000000  4012.345679  0.00003396702756017874
-5000.000000  4135.802469  0.00003452606996454784
-5000.000000  4259.259259  0.00003583002358244810
-5000.000000  4382.716049  0.00003572024914072270
-5000.000000  4506.172840  0.00003429551692340033
-5000.000000  4629.629630  0.00003392348374817884
-5000.000000  4753.086420  0.00003630107424121480
-5000.000000  4876.543210  0.00003656376641021736

-4876.543210 -5000.000000  0.00003204777921147226
-4876.543210 -4876.543210  0.00009245075889201622
-4876.543210 -4753.086420  0.00009591918826219065
-4876.543210 -4629.629630  0.00009103063168625443
-4876.543210 -4506.172840  0.00009085018216905641
-4876.543210 -4382.716049  0.00009289294231998776
-4876.543210 -4259.259259  0.00009248799228020834
-4876.543210 -4135.802469  0.00008954384461313699
-4876.543210 -4012.345679  0.00008871538615820567
-4876.543210 -3888.888889  0.00009297230684787823
-4876.543210 -3765.432099  0.00009056901548793318
-4876.543210 -3641.975309  0.00009261737019663352
-4876.543210 -3518.518519  0.00009253588829486435
-4876.543210 -3395.061728  0.00009181131649829211
-4876.543210 -3271.604938  0.00009116274372353423
-4876.543210 -3148.148148  0.00009077244269616008
-4876.543210 -3024.691358  0.00009071779112331859
-4876.543210 -2901.234568  0.00009110923496574941
-4876.543210 -2777.777778  0.00009193429380917768
-4876.543210 -2654.320988  0.00009260760833509248
-4876.543210 -2530.864198  0.00009122702989090826
-4876.543210 -2407.407407  0.00009103886026746606
-4876.543210 -2283.950617  0.00009153142890749199
-4876.543210 -2160.493827  0.00009163190698228542
-4876.543210 -2037.037037  0.00009155487215278701
-4876.543210 -1913.580247  0.00009144047441796476
-4876.543210 -1790.123457  0.00009136376702570665
-4876.543210 -1666.666667  0.00009134761888111304
-4876.543210 -1543.209877  0.00009137920845218846
-4876.543210 -1419.753086  0.00009143009917293352
-4876.543210 -1296.296296  0.00009147989634383650
-4876.543210 -1172.839506  0.00009150974653053148
-4876.543210 -1049.382716  0.00009150507785848535
-4876.543210  -925.925926  0.00009147131330246805
-4876.543210  -802.469136  0.00009142215107845010
-4876.543210  -679.012346  0.00009138114052241608
-4876.543210  -555.555556  0.00009137190697027681
-4876.543210  -432.098765  0.00009140642835308807
-4876.543210  -308.641975  0.00009147136350757753
-4876.543210  -185.185185  0.00009151243220197843
-4876.543210   -61.728395  0.00009141684687717104
-4876.543210    61.728395  0.00009141684671999045
-4876.543210   185.185185  0.00009151243263528495
-4876.543210   308.641975  0.00009147136725320162
-4876.543210   432.098765  0.00009140643592035867
-4876.543210   555.555556  0.00009137191721582107
-4876.543210   679.012346  0.00009138115159780863
-4876.543210   802.469136  0.00009142216142132637
-4876.543210   925.925926  0.00009147132232671612
-4876.543210  1049.382716  0.00009150508599912958
-4876.543210  1172.839506  0.00009150975429892335
-4876.543210  1296.296296  0.00009147990472636614
-4876.543210  1419.753086  0.00009143010761555806
-4876.543210  1543.209877  0.00009137921571680016
-4876.543210  1666.666667  0.00009134762548542477
-4876.543210  1790.123457  0.00009136377074105915
-4876.543210  1913.580247  0.00009144047101823413
-4876.543210  2037.037037  0.00009155485877369632
-4876.543210  2160.493827  0.00009163188545042480
-4876.543210  2283.950617  0.00009153140639835148
-4876.543210  2407.407407  0.00009103884465178567
-4876.543210  2530.864198  0.00009122697985742936
-4876.543210  2654.320988  0.00009260754495928128
-4876.543210  2777.777778  0.00009193423821522941
-4876.543210  2901.234568  0.00009110918219962248
-4876.543210  3024.691358  0.00009071772935436869
-4876.543210  3148.148148  0.00009077236276402304
-4876.543210  3271.604938  0.00009116264189997117
-4876.543210  3395.061728  0.00009181119333371051
-4876.543210  3518.518519  0.00009253574641922768
-4876.543210  3641.975309  0.00009261721394447293
-4876.543210  3765.432099  0.00009056885172974094
-4876.543210  3888.888889  0.00009297214656152278
-4876.543210  4012.345679  0.00008871522241895017
-4876.543210  4135.802469  0.00008954368218614136
-4876.543210  4259.259259  0.00009248782829493767
-4876.543210  4382.716049  0.00009289276666275697
-4876.543210  4506.172840  0.00009084998920081337
-4876.543210  4629.629630  0.00009103043489270324
-4876.543210  4753.086420  0.00009591902944335677
-4876.543210  4876.543210  0.00009245070349835659

-4753.086420 -5000.000000  0.00002732143168258319
-4753.086420 -4876.543210  0.00008395816405349102
-4753.086420 -4753.086420  0.00008881572384840393
-4753.086420 -4629.629630  0.00008484992037603958
-4753.086420 -4506.172840  0.00008422511550547751
-4753.086420 -4382.716049  0.00008543264636511066
-4753.086420 -4259.259259  0.00008478018712835990
-4753.086420 -4135.802469  0.00008225204988614345
-4753.086420 -4012.345679  0.00008174042460610081
-4753.086420 -3888.888889  0.00008564755817857133
-4753.086420 -3765.432099  0.00008385887254932717
-4753.086420 -3641.975309  0.00008569351823426307
-4753.086420 -3518.518519  0.00008559179554774041
-4753.086420 -3395.061728  0.00008477864222591642
-4753.086420 -3271.604938  0.00008395986800571962
-4753.086420 -3148.148148  0.00008344184489456410
-4753.086420 -3024.691358  0.00008340804284218669
-4753.086420 -2901.234568  0.00008396914249337212
-4753.086420 -2777.777778  0.00008498672502156630
-4753.086420 -2654.320988  0.00008567053904337795
-4753.086420 -2530.864198  0.00008394934461396816
-4753.086420 -2407.407407  0.00008392172103495670
-4753.086420 -2283.950617  0.00008442548159179543
-4753.086420 -2160.493827  0.00008448849023911021
-4753.086420 -2037.037037  0.00008441158779271464
-4753.086420 -1913.580247  0.00008432026421025707
-4753.086420 -1790.123457  0.00008425461822505998
-4753.086420 -1666.666667  0.00008422675951989875
-4753.086420 -1543.209877  0.00008424565344072001
-4753.086420 -1419.753086  0.00008430940825030018
-4753.086420 -1296.296296  0.00008436500492184316
-4753.086420 -1172.839506  0.00008438535080034805
-4753.086420 -1049.382716  0.00008438318381812472
-4753.086420  -925.925926  0.00008434922850444372
-4753.086420  -802.469136  0.00008430151947264027
-4753.086420  -679.012346  0.00008426277208093346
-4753.086420  -555.555556  0.00008425454860173596
-4753.086420  -432.098765  0.00008428796215388485
-4753.086420  -308.641975  0.00008435091839779139
-4753.086420  -185.185185  0.00008439189499351194
-4753.086420   -61.728395  0.00008430025882173838
-4753.086420    61.728395  0.00008430025862536936
-4753.086420   185.185185  0.00008439189555617003
-4753.086420   308.641975  0.00008435092309169251
-4753.086420   432.098765  0.00008428797153727580
-4753.086420   555.555556  0.00008425456118192066
-4753.086420   679.012346  0.00008426278550937573
-4753.086420   802.469136  0.00008430153176586132
-4753.086420   925.925926  0.00008434923888443289
-4753.086420  1049.382716  0.00008438319276598272
-4753.086420  1172.839506  0.00008438535891687989
-4753.086420  1296.296296  0.00008436501328844826
-4753.086420  1419.753086  0.00008430941618166161
-4753.086420  1543.209877  0.00008424565931910124
-4753.086420  1666.666667  0.00008422676363814715
-4753.086420  1790.123457  0.00008425461762772217
-4753.086420  1913.580247  0.00008432025361297827
-4753.086420  2037.037037  0.00008441156355984159
-4753.086420  2160.493827  0.00008448845439941596
-4753.086420  2283.950617  0.00008442544287224478
-4753.086420  2407.407407  0.00008392168989243154
-4753.086420  2530.864198  0.00008394926863767305
-4753.086420  2654.320988  0.00008567044032086028
-4753.086420  2777.777778  0.00008498663586388776
-4753.086420  2901.234568  0.00008396905788101805
-4753.086420  3024.691358  0.00008340794636646995
-4753.086420  3148.148148  0.00008344172248968595
-4753.086420  3271.604938  0.00008395971286415196
-4753.086420  3395.061728  0.00008477845428977013
-4753.086420  3518.518519  0.00008559157896878320
-4753.086420  3641.975309  0.00008569328019525169
-4753.086420  3765.432099  0.00008385862271588428
-4753.086420  3888.888889  0.00008564731362574658
-4753.086420  4012.345679  0.00008174017530126679
-4753.086420  4135.802469  0.00008225180247476751
-4753.086420  4259.259259  0.00008477993658731143
-4753.086420  4382.716049  0.00008543237669090921
-4753.086420  4506.172840  0.00008422481724181002
-4753.086420  4629.629630  0.00008484961278487524
-4753.086420  4753.086420  0.00008881546952903437
-4753.086420  4876.543210  0.00008395806381382438

-4629.629630 -5000.000000  0.00002058841513192359
-4629.629630 -4876.543210  0.00006645254909120907
-4629.629630 -4753.086420  0.00007129997235746208
-4629.629630 -4629.629630  0.00006844326694073648
-4629.629630 -4506.172840  0.00006768188686312973
-4629.629630 -4382.716049  0.00006825860658319538
-4629.629630 -4259.259259  0.00006757341242928206
-4629.629630 -4135.802469  0.00006565483704179149
-4629.629630 -4012.345679  0.00006538873682435545
-4629.629630 -3888.888889  0.00006850451240393227
-4629.629630 -3765.432099  0.00006731877209982148
-4629.629630 -3641.975309  0.00006876196791577366
-4629.629630 -3518.518519  0.00006866450202125297
-4629.629630 -3395.061728  0.00006793262733729488
-4629.629630 -3271.604938  0.00006715331205590690
-4629.629630 -3148.148148  0.00006664545935711324
-4629.629630 -3024.691358  0.00006661969523967819
-4629.629630 -2901.234568  0.00006717647691381688
-4629.629630 -2777.777778  0.00006814252175589152
-4629.629630 -2654.320988  0.00006874555682509543
-4629.629630 -2530.864198  0.00006712738894212194
-4629.629630 -2407.407407  0.00006717320872960734
-4629.629630 -2283.950617  0.00006762777548159736
-4629.629630 -2160.493827  0.00006767276939503251
-4629.629630 -2037.037037  0.00006760447755905641
-4629.629630 -1913.580247  0.00006753051842903753
-4629.629630 -1790.123457  0.00006747572652615492
-4629.629630 -1666.666667  0.00006744752696838911
-4629.629630 -1543.209877  0.00006746079983291834
-4629.629630 -1419.753086  0.00006752223434991989
-4629.629630 -1296.296296  0.00006757417292777708
-4629.629630 -1172.839506  0.00006758964995336632
-4629.629630 -1049.382716  0.00006758880677034238
-4629.629630  -925.925926  0.00006755862821722079
-4629.629630  -802.469136  0.00006751665474017371
-4629.629630  -679.012346  0.00006748294272177471
-4629.629630  -555.555556  0.00006747611933399092
-4629.629630  -432.098765  0.00006750585068783188
-4629.629630  -308.641975  0.00006756172327965370
-4629.629630  -185.185185  0.00006759853873411946
-4629.629630   -61.728395  0.00006751802184381637
-4629.629630    61.728395  0.00006751802207256693
-4629.629630   185.185185  0.00006759854047715343
-4629.629630   308.641975  0.00006756172964966749
-4629.629630   432.098765  0.00006750586218197058
-4629.629630   555.555556  0.00006747613454530868
-4629.629630   679.012346  0.00006748295944061200
-4629.629630   802.469136  0.00006751667107679165
-4629.629630   925.925926  0.00006755864337703479
-4629.629630  1049.382716  0.00006758882111309682
-4629.629630  1172.839506  0.00006758966396759188
-4629.629630  1296.296296  0.00006757418746547545
-4629.629630  1419.753086  0.00006752224877901973
-4629.629630  1543.209877  0.00006746081262612313
-4629.629630  1666.666667  0.00006744753814152065
-4629.629630  1790.123457  0.00006747573324639576
-4629.629630  1913.580247  0.00006753051583098712
-4629.629630  2037.037037  0.00006760446220670092
-4629.629630  2160.493827  0.00006767274282772782
-4629.629630  2283.950617  0.00006762774528216570
-4629.629630  2407.407407  0.00006717318455264700
-4629.629630  2530.864198  0.00006712732378752505
-4629.629630  2654.320988  0.00006874546706740887
-4629.629630  2777.777778  0.00006814244019142113
-4629.629630  2901.234568  0.00006717639976792237
-4629.629630  3024.691358  0.00006661960670890200
-4629.629630  3148.148148  0.00006664534509854346
-4629.629630  3271.604938  0.00006715316454255307
-4629.629630  3395.061728  0.00006793244599825307
-4629.629630  3518.518519  0.00006866429108543930
-4629.629630  3641.975309  0.00006876173487800218
-4629.629630  3765.432099  0.00006731852607601586
-4629.629630  3888.888889  0.00006850427182538361
-4629.629630  4012.345679  0.00006538849095494263
-4629.629630  4135.802469  0.00006565459339741270
-4629.629630  4259.259259  0.00006757316631255532
-4629.629630  4382.716049  0.00006825834154023251
-4629.629630  4506.172840  0.00006768159299148510
-4629.629630  4629.629630  0.00006844296397762992
-4629.629630  4753.086420  0.00007129972447737578
-4629.629630  4876.543210  0.00006645245834195858

-4506.172840 -5000.000000  0.00001672737189930942
-4506.172840 -4876.543210  0.00005474088344401924
-4506.172840 -4753.086420  0.00005896387018817529
-4506.172840 -4629.629630  0.00005668058522045855
-4506.172840 -4506.172840  0.00005599827016819997
-4506.172840 -4382.716049  0.00005638904375125624
-4506.172840 -4259.259259  0.00005578363739120759
-4506.172840 -4135.802469  0.00005421697787587254
-4506.172840 -4012.345679  0.00005402561707913804
-4506.172840 -3888.888889  0.00005659700873610698
-4506.172840 -3765.432099  0.00005567063227356152
-4506.172840 -3641.975309  0.00005686769739981201
-4506.172840 -3518.518519  0.00005678184790250846
-4506.172840 -3395.061728  0.00005616309180719689
-4506.172840 -3271.604938  0.00005549732951923089
-4506.172840 -3148.148148  0.00005505401913534643
-4506.172840 -3024.691358  0.00005501971497154188
-4506.172840 -2901.234568  0.00005549140356058492
-4506.172840 -2777.777778  0.00005632963711914586
-4506.172840 -2654.320988  0.00005687146448455861
-4506.172840 -2530.864198  0.00005550315952120722
-4506.172840 -2407.407407  0.00005551611416712464
-4506.172840 -2283.950617  0.00005593754241891594
-4506.172840 -2160.493827  0.00005599282524407348
-4506.172840 -2037.037037  0.00005592985644652476
-4506.172840 -1913.580247  0.00005585396120064662
-4506.172840 -1790.123457  0.00005579992686759242
-4506.172840 -1666.666667  0.00005577824149736187
-4506.172840 -1543.209877  0.00005579554001661309
-4506.172840 -1419.753086  0.00005584925810221680
-4506.172840 -1296.296296  0.00005589649374055369
-4506.172840 -1172.839506  0.00005591462177809210
-4506.172840 -1049.382716  0.00005591355862944393
-4506.172840  -925.925926  0.00005588591910030906
-4506.172840  -802.469136  0.00005584669307018281
-4506.172840  -679.012346  0.00005581488022596252
-4506.172840  -555.555556  0.00005580853990114921
-4506.172840  -432.098765  0.00005583697864307071
-4506.172840  -308.641975  0.00005589007550812556
-4506.172840  -185.185185  0.00005592474508504794
-4506.172840   -61.728395  0.00005584853824619407
-4506.172840    61.728395  0.00005584853999702030
-4506.172840   185.185185  0.00005592475117467166
-4506.172840   308.641975  0.00005589008826975391
-4506.172840   432.098765  0.00005583699844792973
-4506.172840   555.555556  0.00005580856565637531
-4506.172840   679.012346  0.00005581491019116299
-4506.172840   802.469136  0.00005584672570704396
-4506.172840   925.925926  0.00005588595366963046
-4506.172840  1049.382716  0.00005591359524997800
-4506.172840  1172.839506  0.00005591466066156718
-4506.172840  1296.296296  0.00005589653535147046
-4506.172840  1419.753086  0.00005584930183993231
-4506.172840  1543.209877  0.00005579558460994973
-4506.172840  1666.666667  0.00005577828678856341
-4506.172840  1790.123457  0.00005579997058179187
-4506.172840  1913.580247  0.00005585399952728466
-4506.172840  2037.037037  0.00005592988655675093
-4506.172840  2160.493827  0.00005599284786816186
-4506.172840  2283.950617  0.00005593756260772782
-4506.172840  2407.407407  0.00005551613836165043
-4506.172840  2530.864198  0.00005550315393181583
-4506.172840  2654.320988  0.00005687144168983941
-4506.172840  2777.777778  0.00005632961956865760
-4506.172840  2901.234568  0.00005549138788333359
-4506.172840  3024.691358  0.00005501968938515963
-4506.172840  3148.148148  0.00005505397303360621
-4506.172840  3271.604938  0.00005549725728578966
-4506.172840  3395.061728  0.00005616299290345787
-4506.172840  3518.518519  0.00005678172527749519
-4506.172840  3641.975309  0.00005686755626994526
-4506.172840  3765.432099  0.00005567047851276739
-4506.172840  3888.888889  0.00005659685784022185
-4506.172840  4012.345679  0.00005402545916559690
-4506.172840  4135.802469  0.00005421682087567617
-4506.172840  4259.259259  0.00005578347955046266
-4506.172840  4382.716049  0.00005638887331778978
-4506.172840  4506.172840  0.00005599808038178832
-4506.172840  4629.629630  0.00005668039272520908
-4506.172840  4753.086420  0.00005896372498560148
-4506.172840  4876.543210  0.00005474085850534768

-4382.716049 -5000.000000  0.00001403744717308244
-4382.716049 -4876.543210  0.00004589618926302104
-4382.716049 -4753.086420  0.00004943035886607702
-4382.716049 -4629.629630  0.00004752127844650838
-4382.716049 -4506.172840  0.00004695924983231132
-4382.716049 -4382.716049  0.00004729294064577511
-4382.716049 -4259.259259  0.00004678334292794905
-4382.716049 -4135.802469  0.00004546230395701629
-4382.716049 -4012.345679  0.00004529562926057426
-4382.716049 -3888.888889  0.00004745075782182271
-4382.716049 -3765.432099  0.00004666900947965808
-4382.716049 -3641.975309  0.00004768786357528280
-4382.716049 -3518.518519  0.00004761271219522951
-4382.716049 -3395.061728  0.00004710057619735827
-4382.716049 -3271.604938  0.00004655272557894322
-4382.716049 -3148.148148  0.00004617840759856513
-4382.716049 -3024.691358  0.00004613061190753885
-4382.716049 -2901.234568  0.00004650726552193977
-4382.716049 -2777.777778  0.00004721785763522811
-4382.716049 -2654.320988  0.00004771549427147199
-4382.716049 -2530.864198  0.00004659438277916851
-4382.716049 -2407.407407  0.00004652832056444136
-4382.716049 -2283.950617  0.00004692686724500619
-4382.716049 -2160.493827  0.00004700149369640208
-4382.716049 -2037.037037  0.00004694202304155603
-4382.716049 -1913.580247  0.00004685746755161182
-4382.716049 -1790.123457  0.00004680046784584617
-4382.716049 -1666.666667  0.00004678700423883662
-4382.716049 -1543.209877  0.00004681138023488253
-4382.716049 -1419.753086  0.00004685647816967774
-4382.716049 -1296.296296  0.00004689928699923604
-4382.716049 -1172.839506  0.00004692252224719996
-4382.716049 -1049.382716  0.00004692074811065135
-4382.716049  -925.925926  0.00004689490904581442
-4382.716049  -802.469136  0.00004685701608220972
-4382.716049  -679.012346  0.00004682573240769605
-4382.716049  -555.555556  0.00004681948712565143
-4382.716049  -432.098765  0.00004684766919556004
-4382.716049  -308.641975  0.00004689990155700365
-4382.716049  -185.185185  0.00004693339543705934
-4382.716049   -61.728395  0.00004685838484110166
-4382.716049    61.728395  0.00004685838937904100
-4382.716049   185.185185  0.00004693340967945436
-4382.716049   308.641975  0.00004689992675531474
-4382.716049   432.098765  0.00004684770553391853
-4382.716049   555.555556  0.00004681953392291237
-4382.716049   679.012346  0.00004682578854812111
-4382.716049   802.469136  0.00004685708049688053
-4382.716049   925.925926  0.00004689498106687418
-4382.716049  1049.382716  0.00004692082752047524
-4382.716049  1172.839506  0.00004692260884459260
-4382.716049  1296.296296  0.00004689938077327294
-4382.716049  1419.753086  0.00004685657843762548
-4382.716049  1543.209877  0.00004681148597981619
-4382.716049  1666.666667  0.00004678711523570462
-4382.716049  1790.123457  0.00004680058255564721
-4382.716049  1913.580247  0.00004685758341276631
-4382.716049  2037.037037  0.00004694213794176082
-4382.716049  2160.493827  0.00004700160740825871
-4382.716049  2283.950617  0.00004692698160871085
-4382.716049  2407.407407  0.00004652843720082689
-4382.716049  2530.864198  0.00004659448391113184
-4382.716049  2654.320988  0.00004771559380746568
-4382.716049  2777.777778  0.00004721795882450039
-4382.716049  2901.234568  0.00004650736382805987
-4382.716049  3024.691358  0.00004613070155455594
-4382.716049  3148.148148  0.00004617848461383192
-4382.716049  3271.604938  0.00004655278839772374
-4382.716049  3395.061728  0.00004710062489433926
-4382.716049  3518.518519  0.00004761274740805554
-4382.716049  3641.975309  0.00004768788618523400
-4382.716049  3765.432099  0.00004666902019268778
-4382.716049  3888.888889  0.00004745076599184548
-4382.716049  4012.345679  0.00004529562670639671
-4382.716049  4135.802469  0.00004546229884554731
-4382.716049  4259.259259  0.00004678333852616267
-4382.716049  4382.716049  0.00004729293381101578
-4382.716049  4506.172840  0.00004695923983242236
-4382.716049  4629.629630  0.00004752127670126288
-4382.716049  4753.086420  0.00004943039020139204
-4382.716049  4876.543210  0.00004589627526943491

-4259.259259 -5000.000000  0.00001014487322659915
-4259.259259 -4876.543210  0.00003453431040390708
-4259.259259 -4753.086420  0.00003760416122598442
-4259.259259 -4629.629630  0.00003629036310101405
-4259.259259 -4506.172840  0.00003576637174868684
-4259.259259 -4382.716049  0.00003586571110836240
-4259.259259 -4259.259259  0.00003541009689048243
-4259.259259 -4135.802469  0.00003444313377123319
-4259.259259 -4012.345679  0.00003436958623045704
-4259.259259 -3888.888889  0.00003600022303281257
-4259.259259 -3765.432099  0.00003550223535218435
-4259.259259 -3641.975309  0.00003628171068013986
-4259.259259 -3518.518519  0.00003621355686895470
-4259.259259 -3395.061728  0.00003579820569378735
-4259.259259 -3271.604938  0.00003534285014763409
-4259.259259 -3148.148148  0.00003501819193401725
-4259.259259 -3024.691358  0.00003496270994823605
-4259.259259 -2901.234568  0.00003527360650055215
-4259.259259 -2777.777778  0.00003588443128130936
-4259.259259 -2654.320988  0.00003632938306798853
-4259.259259 -2530.864198  0.00003539428917419661
-4259.259259 -2407.407407  0.00003526558286558799
-4259.259259 -2283.950617  0.00003563147548824897
-4259.259259 -2160.493827  0.00003571601236245327
-4259.259259 -2037.037037  0.00003566178459253670
-4259.259259 -1913.580247  0.00003557544347915106
-4259.259259 -1790.123457  0.00003551923559531977
-4259.259259 -1666.666667  0.00003551210474189458
-4259.259259 -1543.209877  0.00003554036078241433
-4259.259259 -1419.753086  0.00003557791535736480
-4259.259259 -1296.296296  0.00003561608447784053
-4259.259259 -1172.839506  0.00003564189531963750
-4259.259259 -1049.382716  0.00003563990904930833
-4259.259259  -925.925926  0.00003561657935843168
-4259.259259  -802.469136  0.00003558139707274163
-4259.259259  -679.012346  0.00003555196993633489
-4259.259259  -555.555556  0.00003554615198999187
-4259.259259  -432.098765  0.00003557296625130736
-4259.259259  -308.641975  0.00003562232069662861
-4259.259259  -185.185185  0.00003565351754480264
-4259.259259   -61.728395  0.00003558255584273183
-4259.259259    61.728395  0.00003558256425522800
-4259.259259   185.185185  0.00003565354327615787
-4259.259259   308.641975  0.00003562236375638887
-4259.259259   432.098765  0.00003557302657863210
-4259.259259   555.555556  0.00003554622933535648
-4259.259259   679.012346  0.00003555206386239667
-4259.259259   802.469136  0.00003558150701958270
-4259.259259   925.925926  0.00003561670471839140
-4259.259259  1049.382716  0.00003564004919661965
-4259.259259  1172.839506  0.00003564204954007937
-4259.259259  1296.296296  0.00003561625223077689
-4259.259259  1419.753086  0.00003557809575252978
-4259.259259  1543.209877  0.00003554055298467034
-4259.259259  1666.666667  0.00003551230851425354
-4259.259259  1790.123457  0.00003551945016276679
-4259.259259  1913.580247  0.00003557566751407384
-4259.259259  2037.037037  0.00003566201666880596
-4259.259259  2160.493827  0.00003571625122520046
-4259.259259  2283.950617  0.00003563171948638609
-4259.259259  2407.407407  0.00003526582789411600
-4259.259259  2530.864198  0.00003539453366355976
-4259.259259  2654.320988  0.00003632964724994783
-4259.259259  2777.777778  0.00003588469344122200
-4259.259259  2901.234568  0.00003527385949987012
-4259.259259  3024.691358  0.00003496295489326608
-4259.259259  3148.148148  0.00003501843312583989
-4259.259259  3271.604938  0.00003534309140085072
-4259.259259  3395.061728  0.00003579844811176288
-4259.259259  3518.518519  0.00003621379816322498
-4259.259259  3641.975309  0.00003628194612165167
-4259.259259  3765.432099  0.00003550245932797430
-4259.259259  3888.888889  0.00003600043690499892
-4259.259259  4012.345679  0.00003436978375905091
-4259.259259  4135.802469  0.00003444332334269669
-4259.259259  4259.259259  0.00003541028805504318
-4259.259259  4382.716049  0.00003586591159905015
-4259.259259  4506.172840  0.00003576658861020194
-4259.259259  4629.629630  0.00003629060155653701
-4259.259259  4753.086420  0.00003760441491003654
-4259.259259  4876.543210  0.00003453453658937149

-4135.802469 -5000.000000  0.00000495058381548265
-4135.802469 -4876.543210  0.00002054178292278130
-4135.802469 -4753.086420  0.00002342496085990110
-4135.802469 -4629.629630  0.00002294921520992827
-4135.802469 -4506.172840  0.00002236543325241673
-4135.802469 -4382.716049  0.00002202874896226455
-4135.802469 -4259.259259  0.00002157635809258552
-4135.802469 -4135.802469  0.00002108069134157380
-4135.802469 -4012.345679  0.00002117794560336109
-4135.802469 -3888.888889  0.00002217197330286687
-4135.802469 -3765.432099  0.00002211352981464155
-4135.802469 -3641.975309  0.00002258772651088845
-4135.802469 -3518.518519  0.00002252297018619637
-4135.802469 -3395.061728  0.00002218998469130396
-4135.802469 -3271.604938  0.00002179379628108819
-4135.802469 -3148.148148  0.00002149443972474947
-4135.802469 -3024.691358  0.00002143900881181795
-4135.802469 -2901.234568  0.00002172096693383577
-4135.802469 -2777.777778  0.00002226671774171494
-4135.802469 -2654.320988  0.00002264943587877119
-4135.802469 -2530.864198  0.00002183015778943336
-4135.802469 -2407.407407  0.00002167898878503312
-4135.802469 -2283.950617  0.00002200308225977077
-4135.802469 -2160.493827  0.00002208462122028944
-4135.802469 -2037.037037  0.00002203737212926193
-4135.802469 -1913.580247  0.00002195818684571381
-4135.802469 -1790.123457  0.00002190750492193822
-4135.802469 -1666.666667  0.00002190372571041496
-4135.802469 -1543.209877  0.00002193145028073346
-4135.802469 -1419.753086  0.00002196359314652003
-4135.802469 -1296.296296  0.00002199736380236900
-4135.802469 -1172.839506  0.00002202228564777539
-4135.802469 -1049.382716  0.00002202077537519276
-4135.802469  -925.925926  0.00002200062265951462
-4135.802469  -802.469136  0.00002196965417724746
-4135.802469  -679.012346  0.00002194361414334081
-4135.802469  -555.555556  0.00002193863280128314
-4135.802469  -432.098765  0.00002196283214381216
-4135.802469  -308.641975  0.00002200706886423984
-4135.802469  -185.185185  0.00002203481453839195
-4135.802469   -61.728395  0.00002197117303716247
-4135.802469    61.728395  0.00002197118601313026
-4135.802469   185.185185  0.00002203485390450870
-4135.802469   308.641975  0.00002200713334712974
-4135.802469   432.098765  0.00002196292140150005
-4135.802469   555.555556  0.00002193874699345028
-4135.802469   679.012346  0.00002194375349901880
-4135.802469   802.469136  0.00002196981863391463
-4135.802469   925.925926  0.00002200081164755928
-4135.802469  1049.382716  0.00002202098782170775
-4135.802469  1172.839506  0.00002202252027364852
-4135.802469  1296.296296  0.00002199761951347282
-4135.802469  1419.753086  0.00002196386875645642
-4135.802469  1543.209877  0.00002193174505610533
-4135.802469  1666.666667  0.00002190403941189705
-4135.802469  1790.123457  0.00002190783748786046
-4135.802469  1913.580247  0.00002195853807811651
-4135.802469  2037.037037  0.00002203774120281942
-4135.802469  2160.493827  0.00002208500583449836
-4135.802469  2283.950617  0.00002200347725479955
-4135.802469  2407.407407  0.00002167938404162879
-4135.802469  2530.864198  0.00002183056696341868
-4135.802469  2654.320988  0.00002264988866872654
-4135.802469  2777.777778  0.00002226716509402910
-4135.802469  2901.234568  0.00002172139823047303
-4135.802469  3024.691358  0.00002143943210885596
-4135.802469  3148.148148  0.00002149486809216399
-4135.802469  3271.604938  0.00002179423940455451
-4135.802469  3395.061728  0.00002219044489678470
-4135.802469  3518.518519  0.00002252344204808576
-4135.802469  3641.975309  0.00002258819920448245
-4135.802469  3765.432099  0.00002211399096086818
-4135.802469  3888.888889  0.00002217241575708833
-4135.802469  4012.345679  0.00002117836480604513
-4135.802469  4135.802469  0.00002108109601326973
-4135.802469  4259.259259  0.00002157676451405723
-4135.802469  4382.716049  0.00002202917638703228
-4135.802469  4506.172840  0.00002236589704686486
-4135.802469  4629.629630  0.00002294971431613552
-4135.802469  4753.086420  0.00002342545617635084
-4135.802469  4876.543210  0.00002054216319810843

-4012.345679 -5000.000000  0.00000061885873563714
-4012.345679 -4876.543210  0.00000925480707545234
-4012.345679 -4753.086420  0.00001212298483026111
-4012.345679 -4629.629630  0.00001236093906938997
-4012.345679 -4506.172840  0.00001169251204482737
-4012.345679 -4382.716049  0.00001095285677971771
-4012.345679 -4259.259259  0.00001048050913053049
-4012.345679 -4135.802469  0.00001037651632290390
-4012.345679 -4012.345679  0.00001063062196116262
-4012.345679 -3888.888889  0.00001111450751150983
-4012.345679 -3765.432099  0.00001144209025889360
-4012.345679 -3641.975309  0.00001166804622279920
-4012.345679 -3518.518519  0.00001160420920755696
-4012.345679 -3395.061728  0.00001132552192531157
-4012.345679 -3271.604938  0.00001095880381477645
-4012.345679 -3148.148148  0.00001066681860512721
-4012.345679 -3024.691358  0.00001061263679091506
-4012.345679 -2901.234568  0.00001088745337497426
-4012.345679 -2777.777778  0.00001140186087932284
-4012.345679 -2654.320988  0.00001174057762405743
-4012.345679 -2530.864198  0.00001098063127424143
-4012.345679 -2407.407407  0.00001082710156849258
-4012.345679 -2283.950617  0.00001112330235679549
-4012.345679 -2160.493827  0.00001120011736620570
-4012.345679 -2037.037037  0.00001115774563162667
-4012.345679 -1913.580247  0.00001108522909756123
-4012.345679 -1790.123457  0.00001103921769027366
-4012.345679 -1666.666667  0.00001103694492272723
-4012.345679 -1543.209877  0.00001106341403229786
-4012.345679 -1419.753086  0.00001109279465126320
-4012.345679 -1296.296296  0.00001112403001006781
-4012.345679 -1172.839506  0.00001114765418960581
-4012.345679 -1049.382716  0.00001114670274193771
-4012.345679  -925.925926  0.00001112874651522394
-4012.345679  -802.469136  0.00001110081044771574
-4012.345679  -679.012346  0.00001107728981417790
-4012.345679  -555.555556  0.00001107296344866617
-4012.345679  -432.098765  0.00001109526078672101
-4012.345679  -308.641975  0.00001113578272697751
-4012.345679  -185.185185  0.00001116107631219165
-4012.345679   -61.728395  0.00001110266322968286
-4012.345679    61.728395  0.00001110268096915861
-4012.345679   185.185185  0.00001116112996195671
-4012.345679   308.641975  0.00001113586979474284
-4012.345679   432.098765  0.00001109538064964372
-4012.345679   555.555556  0.00001107311663432018
-4012.345679   679.012346  0.00001107747716136505
-4012.345679   802.469136  0.00001110103234336725
-4012.345679   925.925926  0.00001112900240364228
-4012.345679  1049.382716  0.00001114699110262921
-4012.345679  1172.839506  0.00001114797317995390
-4012.345679  1296.296296  0.00001112437799329617
-4012.345679  1419.753086  0.00001109317011467072
-4012.345679  1543.209877  0.00001106381629166305
-4012.345679  1666.666667  0.00001103737372422470
-4012.345679  1790.123457  0.00001103967360317262
-4012.345679  1913.580247  0.00001108571292123812
-4012.345679  2037.037037  0.00001115825704568069
-4012.345679  2160.493827  0.00001120065305246648
-4012.345679  2283.950617  0.00001112385382201194
-4012.345679  2407.407407  0.00001082765289649195
-4012.345679  2530.864198  0.00001098121001697966
-4012.345679  2654.320988  0.00001174122367794572
-4012.345679  2777.777778  0.00001140249853489756
-4012.345679  2901.234568  0.00001088806834032276
-4012.345679  3024.691358  0.00001061324360829534
-4012.345679  3148.148148  0.00001066743871604329
-4012.345679  3271.604938  0.00001095945257623067
-4012.345679  3395.061728  0.00001132620287995470
-4012.345679  3518.518519  0.00001160491391045772
-4012.345679  3641.975309  0.00001166875792755395
-4012.345679  3765.432099  0.00001144278995071663
-4012.345679  3888.888889  0.00001111518011582098
-4012.345679  4012.345679  0.00001063126399411925
-4012.345679  4135.802469  0.00001037713705018426
-4012.345679  4259.259259  0.00001048113133941453
-4012.345679  4382.716049  0.00001095351056335777
-4012.345679  4506.172840  0.00001169322061533417
-4012.345679  4629.629630  0.00001236169561635920
-4012.345679  4753.086420  0.00001212371944136608
-4012.345679  4876.543210  0.00000925534273572787

-3888.888889 -5000.000000  -0.00000139300145797480
-3888.888889 -4876.543210  0.00000408932082020266
-3888.888889 -4753.086420  0.00000697698964851468
-3888.888889 -4629.629630  0.00000755035840544845
-3888.888889 -4506.172840  0.00000683833408195377
-3888.888889 -4382.716049  0.00000590555450014854
-3888.888889 -4259.259259  0.00000541911799683069
-3888.888889 -4135.802469  0.00000549486557179624
-3888.888889 -4012.345679  0.00000582321550096329
-3888.888889 -3888.888889  0.00000607455041430198
-3888.888889 -3765.432099  0.00000658415683857054
-3888.888889 -3641.975309  0.00000670010372083312
-3888.888889 -3518.518519  0.00000663574147480301
-3888.888889 -3395.061728  0.00000638118615080257
-3888.888889 -3271.604938  0.00000602686822298238
-3888.888889 -3148.148148  0.00000573497899402238
-3888.888889 -3024.691358  0.00000567689447945060
-3888.888889 -2901.234568  0.00000594708113463943
-3888.888889 -2777.777778  0.00000645348342447888
-3888.888889 -2654.320988  0.00000678439323572724
-3888.888889 -2530.864198  0.00000605180113203886
-3888.888889 -2407.407407  0.00000588278447120755
-3888.888889 -2283.950617  0.00000617912157372782
-3888.888889 -2160.493827  0.00000626036384857902
-3888.888889 -2037.037037  0.00000621828924754917
-3888.888889 -1913.580247  0.00000614365780738470
-3888.888889 -1790.123457  0.00000609678846420554
-3888.888889 -1666.666667  0.00000609603433318026
-3888.888889 -1543.209877  0.00000612415645346167
-3888.888889 -1419.753086  0.00000615259599838273
-3888.888889 -1296.296296  0.00000618364495091276
-3888.888889 -1172.839506  0.00000620849672598836
-3888.888889 -1049.382716  0.00000620753681156028
-3888.888889  -925.925926  0.00000618974278875237
-3888.888889  -802.469136  0.00000616176084569421
-3888.888889  -679.012346  0.00000613810296517037
-3888.888889  -555.555556  0.00000613377675356500
-3888.888889  -432.098765  0.00000615630628169499
-3888.888889  -308.641975  0.00000619714393753119
-3888.888889  -185.185185  0.00000622247329080816
-3888.888889   -61.728395  0.00000616340296952218
-3888.888889    61.728395  0.00000616342522974643
-3888.888889   185.185185  0.00000622254050783793
-3888.888889   308.641975  0.00000619725251992200
-3888.888889   432.098765  0.00000615645535098642
-3888.888889   555.555556  0.00000613396716197179
-3888.888889   679.012346  0.00000613833608932039
-3888.888889   802.469136  0.00000616203746218288
-3888.888889   925.925926  0.00000619006233728276
-3888.888889  1049.382716  0.00000620789735143868
-3888.888889  1172.839506  0.00000620889589174453
-3888.888889  1296.296296  0.00000618408059378156
-3888.888889  1419.753086  0.00000615306630586369
-3888.888889  1543.209877  0.00000612466077850862
-3888.888889  1666.666667  0.00000609657237628191
-3888.888889  1790.123457  0.00000609736134690494
-3888.888889  1913.580247  0.00000614426722303025
-3888.888889  2037.037037  0.00000621893531184192
-3888.888889  2160.493827  0.00000626104227248105
-3888.888889  2283.950617  0.00000617982078129642
-3888.888889  2407.407407  0.00000588348328492012
-3888.888889  2530.864198  0.00000605253991517361
-3888.888889  2654.320988  0.00000678522052486418
-3888.888889  2777.777778  0.00000645429982067769
-3888.888889  2901.234568  0.00000594786911125245
-3888.888889  3024.691358  0.00000567767431945588
-3888.888889  3148.148148  0.00000573577950275122
-3888.888889  3271.604938  0.00000602770971527783
-3888.888889  3395.061728  0.00000638207321164529
-3888.888889  3518.518519  0.00000663666299244117
-3888.888889  3641.975309  0.00000670103769145246
-3888.888889  3765.432099  0.00000658507816369981
-3888.888889  3888.888889  0.00000607543736498202
-3888.888889  4012.345679  0.00000582406496898607
-3888.888889  4135.802469  0.00000549568755493134
-3888.888889  4259.259259  0.00000541994105065666
-3888.888889  4382.716049  0.00000590641797989659
-3888.888889  4506.172840  0.00000683926786443273
-3888.888889  4629.629630  0.00000755135078111984
-3888.888889  4753.086420  0.00000697794407378698
-3888.888889  4876.543210  0.00000409000222001351

-3765.432099 -5000.000000  -0.00000626397057179206
-3765.432099 -4876.543210  -0.00000837782517596672
-3765.432099 -4753.086420  -0.00000542534948094453
-3765.432099 -4629.629630  -0.00000404137003284980
-3765.432099 -4506.172840  -0.00000486901957288566
-3765.432099 -4382.716049  -0.00000627773210077897
-3765.432099 -4259.259259  -0.00000679957151195797
-3765.432099 -4135.802469  -0.00000628389380846161
-3765.432099 -4012.345679  -0.00000577034288358079
-3765.432099 -3888.888889  -0.00000608017988023143
-3765.432099 -3765.432099  -0.00000512594612305939
-3765.432099 -3641.975309  -0.00000528446935872197
-3765.432099 -3518.518519  -0.00000535021412810238
-3765.432099 -3395.061728  -0.00000555230763140343
-3765.432099 -3271.604938  -0.00000588444529943626
-3765.432099 -3148.148148  -0.00000617578009433078
-3765.432099 -3024.691358  -0.00000623211053049581
-3765.432099 -2901.234568  -0.00000596010981659972
-3765.432099 -2777.777778  -0.00000547459611857208
-3765.432099 -2654.320988  -0.00000518884394362596
-3765.432099 -2530.864198  -0.00000588793664530126
-3765.432099 -2407.407407  -0.00000606529304630855
-3765.432099 -2283.950617  -0.00000580007077903176
-3765.432099 -2160.493827  -0.00000572424741503903
-3765.432099 -2037.037037  -0.00000576110343987277
-3765.432099 -1913.580247  -0.00000582857995903739
-3765.432099 -1790.123457  -0.00000587056259888482
-3765.432099 -1666.666667  -0.00000586994364437250
-3765.432099 -1543.209877  -0.00000584346241369379
-3765.432099 -1419.753086  -0.00000581832386978072
-3765.432099 -1296.296296  -0.00000579059546867925
-3765.432099 -1172.839506  -0.00000576733471705661
-3765.432099 -1049.382716  -0.00000576807180590141
-3765.432099  -925.925926  -0.00000578367728337222
-3765.432099  -802.469136  -0.00000580855384916967
-3765.432099  -679.012346  -0.00000582965639468147
-3765.432099  -555.555556  -0.00000583339708721377
-3765.432099  -432.098765  -0.00000581297301851099
-3765.432099  -308.641975  -0.00000577611641756479
-3765.432099  -185.185185  -0.00000575326742771160
-3765.432099   -61.728395  -0.00000580616944801901
-3765.432099    61.728395  -0.00000580614316424012
-3765.432099   185.185185  -0.00000575318813095284
-3765.432099   308.641975  -0.00000577598875121580
-3765.432099   432.098765  -0.00000581279812648324
-3765.432099   555.555556  -0.00000583317382179759
-3765.432099   679.012346  -0.00000582938286863478
-3765.432099   802.469136  -0.00000580822891183994
-3765.432099   925.925926  -0.00000578330150065351
-3765.432099  1049.382716  -0.00000576764752382791
-3765.432099  1172.839506  -0.00000576686478883455
-3765.432099  1296.296296  -0.00000579008256447730
-3765.432099  1419.753086  -0.00000581777003997897
-3765.432099  1543.209877  -0.00000584286824252425
-3765.432099  1666.666667  -0.00000586930958584897
-3765.432099  1790.123457  -0.00000586988701756785
-3765.432099  1913.580247  -0.00000582786023520845
-3765.432099  2037.037037  -0.00000576033899950823
-3765.432099  2160.493827  -0.00000572344354497439
-3765.432099  2283.950617  -0.00000579924208770676
-3765.432099  2407.407407  -0.00000606446543048363
-3765.432099  2530.864198  -0.00000588705705671362
-3765.432099  2654.320988  -0.00000518785871024393
-3765.432099  2777.777778  -0.00000547362411453000
-3765.432099  2901.234568  -0.00000595917082306508
-3765.432099  3024.691358  -0.00000623117933390636
-3765.432099  3148.148148  -0.00000617482194253735
-3765.432099  3271.604938  -0.00000588343607004280
-3765.432099  3395.061728  -0.00000555124206659587
-3765.432099  3518.518519  -0.00000534910549025776
-3765.432099  3641.975309  -0.00000528334386108982
-3765.432099  3765.432099  -0.00000512483413477627
-3765.432099  3888.888889  -0.00000607910828165145
-3765.432099  4012.345679  -0.00000576931481870811
-3765.432099  4135.802469  -0.00000628289867512034
-3765.432099  4259.259259  -0.00000679857619888309
-3765.432099  4382.716049  -0.00000627669004482726
-3765.432099  4506.172840  -0.00000486789578795136
-3765.432099  4629.629630  -0.00000404018026207007
-3765.432099  4753.086420  -0.00000542421162377964
-3765.432099  4876.543210  -0.00000837702114174003

-3641.975309 -5000.000000  -0.00000884589823914467
-3641.975309 -4876.543210  -0.00001542295377100527
-3641.975309 -4753.086420  -0.00001259536998249902
-3641.975309 -4629.629630  -0.00001079768179668981
-3641.975309 -4506.172840  -0.00001164648641404129
-3641.975309 -4382.716049  -0.00001326212590269962
-3641.975309 -4259.259259  -0.00001377627933716420
-3641.975309 -4135.802469  -0.00001302546448534411
-3641.975309 -4012.345679  -0.00001243044904400053
-3641.975309 -3888.888889  -0.00001306157142257513
-3641.975309 -3765.432099  -0.00001188997107540462
-3641.975309 -3641.975309  -0.00001220760097143780
-3641.975309 -3518.518519  -0.00001226450108703059
-3641.975309 -3395.061728  -0.00001242226064942452
-3641.975309 -3271.604938  -0.00001272491804518963
-3641.975309 -3148.148148  -0.00001300123674665986
-3641.975309 -3024.691358  -0.00001305293885601543
-3641.975309 -2901.234568  -0.00001279595441547771
-3641.975309 -2777.777778  -0.00001235468648361637
-3641.975309 -2654.320988  -0.00001210929197776943
-3641.975309 -2530.864198  -0.00001269597828257549
-3641.975309 -2407.407407  -0.00001277748269402393
-3641.975309 -2283.950617  -0.00001252645354883246
-3641.975309 -2160.493827  -0.00001246235271302986
-3641.975309 -2037.037037  -0.00001249676446090242
-3641.975309 -1913.580247  -0.00001255547795046929
-3641.975309 -1790.123457  -0.00001259255890968848
-3641.975309 -1666.666667  -0.00001259412271208648
-3641.975309 -1543.209877  -0.00001257180884181175
-3641.975309 -1419.753086  -0.00001254595674811191
-3641.975309 -1296.296296  -0.00001251848308923460
-3641.975309 -1172.839506  -0.00001249890640672803
-3641.975309 -1049.382716  -0.00001249899942056650
-3641.975309  -925.925926  -0.00001251382886350841
-3641.975309  -802.469136  -0.00001253694079576251
-3641.975309  -679.012346  -0.00001255629317394507
-3641.975309  -555.555556  -0.00001255967611515094
-3641.975309  -432.098765  -0.00001254094284902698
-3641.975309  -308.641975  -0.00001250705135784815
-3641.975309  -185.185185  -0.00001248591670459581
-3641.975309   -61.728395  -0.00001253507404903890
-3641.975309    61.728395  -0.00001253504416452128
-3641.975309   185.185185  -0.00001248582666914346
-3641.975309   308.641975  -0.00001250690674973806
-3641.975309   432.098765  -0.00001254074502255775
-3641.975309   555.555556  -0.00001255942362913723
-3641.975309   679.012346  -0.00001255598366418715
-3641.975309   802.469136  -0.00001253657276972029
-3641.975309   925.925926  -0.00001251340289541026
-3641.975309  1049.382716  -0.00001249851822518258
-3641.975309  1172.839506  -0.00001249837327003830
-3641.975309  1296.296296  -0.00001251790119744949
-3641.975309  1419.753086  -0.00001254532830849446
-3641.975309  1543.209877  -0.00001257113433763460
-3641.975309  1666.666667  -0.00001259340283474297
-3641.975309  1790.123457  -0.00001259179154717730
-3641.975309  1913.580247  -0.00001255465954178282
-3641.975309  2037.037037  -0.00001249589395818210
-3641.975309  2160.493827  -0.00001246143639335141
-3641.975309  2283.950617  -0.00001252550891748406
-3641.975309  2407.407407  -0.00001277653972114058
-3641.975309  2530.864198  -0.00001269497102990983
-3641.975309  2654.320988  -0.00001210816580581038
-3641.975309  2777.777778  -0.00001235357538566541
-3641.975309  2901.234568  -0.00001279487930251912
-3641.975309  3024.691358  -0.00001305187027228735
-3641.975309  3148.148148  -0.00001300013532190547
-3641.975309  3271.604938  -0.00001272375694821453
-3641.975309  3395.061728  -0.00001242103430758588
-3641.975309  3518.518519  -0.00001226322443628424
-3641.975309  3641.975309  -0.00001220630350156901
-3641.975309  3765.432099  -0.00001188868787936856
-3641.975309  3888.888889  -0.00001306033250232523
-3641.975309  4012.345679  -0.00001242925878527941
-3641.975309  4135.802469  -0.00001302431123549715
-3641.975309  4259.259259  -0.00001377512641308229
-3641.975309  4382.716049  -0.00001326092192320278
-3641.975309  4506.172840  -0.00001164519322241297
-3641.975309  4629.629630  -0.00001079631823907097
-3641.975309  4753.086420  -0.00001259406980785199
-3641.975309  4876.543210  -0.00001542203591835716

-3518.518519 -5000.000000  -0.00001216106970562546
-3518.518519 -4876.543210  -0.00002455605901884781
-3518.518519 -4753.086420  -0.00002192276670612224
-3518.518519 -4629.629630  -0.00001959570172571307
-3518.518519 -4506.172840  -0.00002046066471178603
-3518.518519 -4382.716049  -0.00002233162771635889
-3518.518519 -4259.259259  -0.00002283223722039413
-3518.518519 -4135.802469  -0.00002178194041403100
-3518.518519 -4012.345679  -0.00002108673474595686
-3518.518519 -3888.888889  -0.00002213454074191797
-3518.518519 -3765.432099  -0.00002069519809236980
-3518.518519 -3641.975309  -0.00002120285137439381
-3518.518519 -3518.518519  -0.00002125960186257129
-3518.518519 -3395.061728  -0.00002135467225876378
-3518.518519 -3271.604938  -0.00002160397490730165
-3518.518519 -3148.148148  -0.00002185778942980672
-3518.518519 -3024.691358  -0.00002191862022764079
-3518.518519 -2901.234568  -0.00002169684107316081
-3518.518519 -2777.777778  -0.00002130412678978038
-3518.518519 -2654.320988  -0.00002108467202083783
-3518.518519 -2530.864198  -0.00002158419708727073
-3518.518519 -2407.407407  -0.00002173577895425949
-3518.518519 -2283.950617  -0.00002150154474225497
-3518.518519 -2160.493827  -0.00002142480033179337
-3518.518519 -2037.037037  -0.00002145701488689263
-3518.518519 -1913.580247  -0.00002152184372406310
-3518.518519 -1790.123457  -0.00002156138604453778
-3518.518519 -1666.666667  -0.00002155796867653630
-3518.518519 -1543.209877  -0.00002153145582756333
-3518.518519 -1419.753086  -0.00002151208484674057
-3518.518519 -1296.296296  -0.00002148882799717315
-3518.518519 -1172.839506  -0.00002146619654756330
-3518.518519 -1049.382716  -0.00002146764692814346
-3518.518519  -925.925926  -0.00002148176228380089
-3518.518519  -802.469136  -0.00002150448819512673
-3518.518519  -679.012346  -0.00002152400416655253
-3518.518519  -555.555556  -0.00002152773462793219
-3518.518519  -432.098765  -0.00002150940455780634
-3518.518519  -308.641975  -0.00002147613972834901
-3518.518519  -185.185185  -0.00002145561157199658
-3518.518519   -61.728395  -0.00002150322666975930
-3518.518519    61.728395  -0.00002150319407099160
-3518.518519   185.185185  -0.00002145551343147758
-3518.518519   308.641975  -0.00002147598252196116
-3518.518519   432.098765  -0.00002150918986725050
-3518.518519   555.555556  -0.00002152746075541330
-3518.518519   679.012346  -0.00002152366830467995
-3518.518519   802.469136  -0.00002150408852669048
-3518.518519   925.925926  -0.00002148129938608592
-3518.518519  1049.382716  -0.00002146712385644373
-3518.518519  1172.839506  -0.00002146561697255734
-3518.518519  1296.296296  -0.00002148819558329455
-3518.518519  1419.753086  -0.00002151140188785742
-3518.518519  1543.209877  -0.00002153072264876173
-3518.518519  1666.666667  -0.00002155718622095678
-3518.518519  1790.123457  -0.00002156055171044785
-3518.518519  1913.580247  -0.00002152095296555453
-3518.518519  2037.037037  -0.00002145606614105920
-3518.518519  2160.493827  -0.00002142380083524488
-3518.518519  2283.950617  -0.00002150051479982303
-3518.518519  2407.407407  -0.00002173475222275078
-3518.518519  2530.864198  -0.00002158309480975115
-3518.518519  2654.320988  -0.00002108344129406114
-3518.518519  2777.777778  -0.00002130291338948110
-3518.518519  2901.234568  -0.00002169566625011451
-3518.518519  3024.691358  -0.00002191745080029502
-3518.518519  3148.148148  -0.00002185658233005047
-3518.518519  3271.604938  -0.00002160270132371113
-3518.518519  3395.061728  -0.00002135332652166219
-3518.518519  3518.518519  -0.00002125820021524047
-3518.518519  3641.975309  -0.00002120142577477530
-3518.518519  3765.432099  -0.00002069378736504316
-3518.518519  3888.888889  -0.00002213317781919127
-3518.518519  4012.345679  -0.00002108542429429951
-3518.518519  4135.802469  -0.00002178067057062071
-3518.518519  4259.259259  -0.00002283096877845990
-3518.518519  4382.716049  -0.00002233030527592383
-3518.518519  4506.172840  -0.00002045924741109150
-3518.518519  4629.629630  -0.00001959421116860481
-3518.518519  4753.086420  -0.00002192134970068016
-3518.518519  4876.543210  -0.00002455506274254051

-3395.061728 -5000.000000  -0.00001548838440587936
-3395.061728 -4876.543210  -0.00003409090570899822
-3395.061728 -4753.086420  -0.00003178733146605100
-3395.061728 -4629.629630  -0.00002894381604425766
-3395.061728 -4506.172840  -0.00002979263412992101
-3395.061728 -4382.716049  -0.00003188218130083242
-3395.061728 -4259.259259  -0.00003234621162719615
-3395.061728 -4135.802469  -0.00003099231230106813
-3395.061728 -4012.345679  -0.00003020961529430985
-3395.061728 -3888.888889  -0.00003169574604505680
-3395.061728 -3765.432099  -0.00003000300917270180
-3395.061728 -3641.975309  -0.00003071522229571334
-3395.061728 -3518.518519  -0.00003076436871542597
-3395.061728 -3395.061728  -0.00003078391632430754
-3395.061728 -3271.604938  -0.00003096584298714246
-3395.061728 -3148.148148  -0.00003118376593100776
-3395.061728 -3024.691358  -0.00003124753439663308
-3395.061728 -2901.234568  -0.00003107148652708717
-3395.061728 -2777.777778  -0.00003075637049379121
-3395.061728 -2654.320988  -0.00003058492985985854
-3395.061728 -2530.864198  -0.00003093115318076150
-3395.061728 -2407.407407  -0.00003108070981004272
-3395.061728 -2283.950617  -0.00003087305526113612
-3395.061728 -2160.493827  -0.00003079530466231915
-3395.061728 -2037.037037  -0.00003082398169068484
-3395.061728 -1913.580247  -0.00003088729685327361
-3395.061728 -1790.123457  -0.00003092528600780952
-3395.061728 -1666.666667  -0.00003091963526119808
-3395.061728 -1543.209877  -0.00003089319224578572
-3395.061728 -1419.753086  -0.00003087916377338109
-3395.061728 -1296.296296  -0.00003085999986703806
-3395.061728 -1172.839506  -0.00003083802277600187
-3395.061728 -1049.382716  -0.00003084034339559102
-3395.061728  -925.925926  -0.00003085343630997871
-3395.061728  -802.469136  -0.00003087458736867128
-3395.061728  -679.012346  -0.00003089299097293341
-3395.061728  -555.555556  -0.00003089689413933467
-3395.061728  -432.098765  -0.00003088045113854042
-3395.061728  -308.641975  -0.00003085028870934684
-3395.061728  -185.185185  -0.00003083178184796005
-3395.061728   -61.728395  -0.00003087504017251960
-3395.061728    61.728395  -0.00003087500494976961
-3395.061728   185.185185  -0.00003083167593315658
-3395.061728   308.641975  -0.00003085011945267454
-3395.061728   432.098765  -0.00003088022032461687
-3395.061728   555.555556  -0.00003089659979810398
-3395.061728   679.012346  -0.00003089262984782968
-3395.061728   802.469136  -0.00003087415731694676
-3395.061728   925.925926  -0.00003085293791009151
-3395.061728  1049.382716  -0.00003083978003654728
-3395.061728  1172.839506  -0.00003083739850354706
-3395.061728  1296.296296  -0.00003085931884032201
-3395.061728  1419.753086  -0.00003087842834924158
-3395.061728  1543.209877  -0.00003089240257999450
-3395.061728  1666.666667  -0.00003091879259320905
-3395.061728  1790.123457  -0.00003092438725181743
-3395.061728  1913.580247  -0.00003088633644685447
-3395.061728  2037.037037  -0.00003082295752875250
-3395.061728  2160.493827  -0.00003079422494413221
-3395.061728  2283.950617  -0.00003087194307808968
-3395.061728  2407.407407  -0.00003107960230197917
-3395.061728  2530.864198  -0.00003092995843520380
-3395.061728  2654.320988  -0.00003058359847611132
-3395.061728  2777.777778  -0.00003075505849220001
-3395.061728  2901.234568  -0.00003107021503112342
-3395.061728  3024.691358  -0.00003124626668878776
-3395.061728  3148.148148  -0.00003118245570406473
-3395.061728  3271.604938  -0.00003096445985834527
-3395.061728  3395.061728  -0.00003078245467993439
-3395.061728  3518.518519  -0.00003076284595328709
-3395.061728  3641.975309  -0.00003071367253308545
-3395.061728  3765.432099  -0.00003000147484283428
-3395.061728  3888.888889  -0.00003169426228725181
-3395.061728  4012.345679  -0.00003020818757176440
-3395.061728  4135.802469  -0.00003099092839924894
-3395.061728  4259.259259  -0.00003234483020638220
-3395.061728  4382.716049  -0.00003188074386834198
-3395.061728  4506.172840  -0.00002979109789100425
-3395.061728  4629.629630  -0.00002894220509063538
-3395.061728  4753.086420  -0.00003178580376108005
-3395.061728  4876.543210  -0.00003408983332844511

-3271.604938 -5000.000000  -0.00001859681110306679
-3271.604938 -4876.543210  -0.00004321241892131348
-3271.604938 -4753.086420  -0.00004129559383808003
-3271.604938 -4629.629630  -0.00003797820378047446
-3271.604938 -4506.172840  -0.00003879264445349894
-3271.604938 -4382.716049  -0.00004106394720826925
-3271.604938 -4259.259259  -0.00004148013054872091
-3271.604938 -4135.802469  -0.00003984079527679638
-3271.604938 -4012.345679  -0.00003898396327611429
-3271.604938 -3888.888889  -0.00004089115993412025
-3271.604938 -3765.432099  -0.00003897074020271946
-3271.604938 -3641.975309  -0.00003988189483213351
-3271.604938 -3518.518519  -0.00003991983047820993
-3271.604938 -3395.061728  -0.00003986143941137686
-3271.604938 -3271.604938  -0.00003997208103198725
-3271.604938 -3148.148148  -0.00004014860874664112
-3271.604938 -3024.691358  -0.00004021170913224576
-3271.604938 -2901.234568  -0.00004008470468606260
-3271.604938 -2777.777778  -0.00003985882016174072
-3271.604938 -2654.320988  -0.00003974491249133677
-3271.604938 -2530.864198  -0.00003991166429332149
-3271.604938 -2407.407407  -0.00004002681629578252
-3271.604938 -2283.950617  -0.00003985037847650749
-3271.604938 -2160.493827  -0.00003977831269353199
-3271.604938 -2037.037037  -0.00003980303851037006
-3271.604938 -1913.580247  -0.00003986085967845101
-3271.604938 -1790.123457  -0.00003989532717623600
-3271.604938 -1666.666667  -0.00003988927514798425
-3271.604938 -1543.209877  -0.00003986552974216833
-3271.604938 -1419.753086  -0.00003985629084953902
-3271.604938 -1296.296296  -0.00003984118674083970
-3271.604938 -1172.839506  -0.00003982221585488248
-3271.604938 -1049.382716  -0.00003982532507720993
-3271.604938  -925.925926  -0.00003983752122878849
-3271.604938  -802.469136  -0.00003985672602779562
-3271.604938  -679.012346  -0.00003987355277162858
-3271.604938  -555.555556  -0.00003987771887221836
-3271.604938  -432.098765  -0.00003986410792441817
-3271.604938  -308.641975  -0.00003983848130746651
-3271.604938  -185.185185  -0.00003982283931952468
-3271.604938   -61.728395  -0.00003986043184528920
-3271.604938    61.728395  -0.00003986039379475665
-3271.604938   185.185185  -0.00003982272504741431
-3271.604938   308.641975  -0.00003983829903827915
-3271.604938   432.098765  -0.00003986385963420063
-3271.604938   555.555556  -0.00003987740231079726
-3271.604938   679.012346  -0.00003987316423299700
-3271.604938   802.469136  -0.00003985626304862413
-3271.604938   925.925926  -0.00003983698439503314
-3271.604938  1049.382716  -0.00003982471811878934
-3271.604938  1172.839506  -0.00003982154320839599
-3271.604938  1296.296296  -0.00003984045306775439
-3271.604938  1419.753086  -0.00003985549860189638
-3271.604938  1543.209877  -0.00003986467893541194
-3271.604938  1666.666667  -0.00003988836730266264
-3271.604938  1790.123457  -0.00003989435873603284
-3271.604938  1913.580247  -0.00003985982410065898
-3271.604938  2037.037037  -0.00003980193316611274
-3271.604938  2160.493827  -0.00003977714671503820
-3271.604938  2283.950617  -0.00003984917768874307
-3271.604938  2407.407407  -0.00004002562136974380
-3271.604938  2530.864198  -0.00003991037044349650
-3271.604938  2654.320988  -0.00003974347299179092
-3271.604938  2777.777778  -0.00003985740197454743
-3271.604938  2901.234568  -0.00004008332903888928
-3271.604938  3024.691358  -0.00004021033569441660
-3271.604938  3148.148148  -0.00004014718775681103
-3271.604938  3271.604938  -0.00003997058033929534
-3271.604938  3395.061728  -0.00003985985339194676
-3271.604938  3518.518519  -0.00003991817778886540
-3271.604938  3641.975309  -0.00003988021196319640
-3271.604938  3765.432099  -0.00003896907336854432
-3271.604938  3888.888889  -0.00004088954673219428
-3271.604938  4012.345679  -0.00003898241005439413
-3271.604938  4135.802469  -0.00003983928946370044
-3271.604938  4259.259259  -0.00004147862853310573
-3271.604938  4382.716049  -0.00004106238718042240
-3271.604938  4506.172840  -0.00003879098151275844
-3271.604938  4629.629630  -0.00003797646461508373
-3271.604938  4753.086420  -0.00004129394828288840
-3271.604938  4876.543210  -0.00004321126569893176

-3148.148148 -5000.000000  -0.00002155511647601133
-3148.148148 -4876.543210  -0.00005172054759766373
-3148.148148 -4753.086420  -0.00005010827315901855
-3148.148148 -4629.629630  -0.00004633210349286879
-3148.148148 -4506.172840  -0.00004712806168259009
-3148.148148 -4382.716049  -0.00004958934428409247
-3148.148148 -4259.259259  -0.00004997050710326998
-3148.148148 -4135.802469  -0.00004806087602894238
-3148.148148 -4012.345679  -0.00004712718292128921
-3148.148148 -3888.888889  -0.00004942542655577600
-3148.148148 -3765.432099  -0.00004728195862257295
-3148.148148 -3641.975309  -0.00004837373031159104
-3148.148148 -3518.518519  -0.00004840643685271110
-3148.148148 -3395.061728  -0.00004827954901351307
-3148.148148 -3271.604938  -0.00004832715453310430
-3148.148148 -3148.148148  -0.00004847038358711968
-3148.148148 -3024.691358  -0.00004853784603595519
-3148.148148 -2901.234568  -0.00004845436541267170
-3148.148148 -2777.777778  -0.00004829800965056867
-3148.148148 -2654.320988  -0.00004822541855042731
-3148.148148 -2530.864198  -0.00004826542798742432
-3148.148148 -2407.407407  -0.00004842157111149875
-3148.148148 -2283.950617  -0.00004827202099849792
-3148.148148 -2160.493827  -0.00004819656894076983
-3148.148148 -2037.037037  -0.00004821856180085246
-3148.148148 -1913.580247  -0.00004827747817852754
-3148.148148 -1790.123457  -0.00004831208247906559
-3148.148148 -1666.666667  -0.00004830373991442403
-3148.148148 -1543.209877  -0.00004827989243739812
-3148.148148 -1419.753086  -0.00004827769560872460
-3148.148148 -1296.296296  -0.00004826781639713854
-3148.148148 -1172.839506  -0.00004824965499316008
-3148.148148 -1049.382716  -0.00004825466871745715
-3148.148148  -925.925926  -0.00004826675282939418
-3148.148148  -802.469136  -0.00004828539534503328
-3148.148148  -679.012346  -0.00004830209910576503
-3148.148148  -555.555556  -0.00004830719984579755
-3148.148148  -432.098765  -0.00004829590834532505
-3148.148148  -308.641975  -0.00004827357666937560
-3148.148148  -185.185185  -0.00004826018849233830
-3148.148148   -61.728395  -0.00004829407350816986
-3148.148148    61.728395  -0.00004829403233013752
-3148.148148   185.185185  -0.00004826006491336303
-3148.148148   308.641975  -0.00004827337980385399
-3148.148148   432.098765  -0.00004829564038162838
-3148.148148   555.555556  -0.00004830685828104332
-3148.148148   679.012346  -0.00004830167981388258
-3148.148148   802.469136  -0.00004828489556761857
-3148.148148   925.925926  -0.00004826617317884878
-3148.148148  1049.382716  -0.00004825401328190684
-3148.148148  1172.839506  -0.00004824892863264774
-3148.148148  1296.296296  -0.00004826702425093141
-3148.148148  1419.753086  -0.00004827684030978277
-3148.148148  1543.209877  -0.00004827897392704602
-3148.148148  1666.666667  -0.00004830275989610465
-3148.148148  1790.123457  -0.00004831103695087254
-3148.148148  1913.580247  -0.00004827635974621118
-3148.148148  2037.037037  -0.00004821736739094428
-3148.148148  2160.493827  -0.00004819530853346997
-3148.148148  2283.950617  -0.00004827072299997064
-3148.148148  2407.407407  -0.00004842027998522016
-3148.148148  2530.864198  -0.00004826402740801576
-3148.148148  2654.320988  -0.00004822386070931292
-3148.148148  2777.777778  -0.00004829647518721176
-3148.148148  2901.234568  -0.00004845287664918042
-3148.148148  3024.691358  -0.00004853635878213186
-3148.148148  3148.148148  -0.00004846884378726962
-3148.148148  3271.604938  -0.00004832552746141066
-3148.148148  3395.061728  -0.00004827782872478472
-3148.148148  3518.518519  -0.00004840464359531108
-3148.148148  3641.975309  -0.00004837190360935181
-3148.148148  3765.432099  -0.00004728014868577607
-3148.148148  3888.888889  -0.00004942367500424499
-3148.148148  4012.345679  -0.00004712549609245223
-3148.148148  4135.802469  -0.00004805924146267755
-3148.148148  4259.259259  -0.00004996887837019375
-3148.148148  4382.716049  -0.00004958765464136832
-3148.148148  4506.172840  -0.00004712626273162550
-3148.148148  4629.629630  -0.00004633022501326901
-3148.148148  4753.086420  -0.00005010650029316573
-3148.148148  4876.543210  -0.00005171931156028953

-3024.691358 -5000.000000  -0.00002444175737959078
-3024.691358 -4876.543210  -0.00005954107792277607
-3024.691358 -4753.086420  -0.00005804846368771383
-3024.691358 -4629.629630  -0.00005380463397309467
-3024.691358 -4506.172840  -0.00005462493700147260
-3024.691358 -4382.716049  -0.00005732067718398981
-3024.691358 -4259.259259  -0.00005769682224714886
-3024.691358 -4135.802469  -0.00005552609022162326
-3024.691358 -4012.345679  -0.00005449941629310901
-3024.691358 -3888.888889  -0.00005715279951521549
-3024.691358 -3765.432099  -0.00005477052938439645
-3024.691358 -3641.975309  -0.00005602282772635205
-3024.691358 -3518.518519  -0.00005605921922899657
-3024.691358 -3395.061728  -0.00005588272389101828
-3024.691358 -3271.604938  -0.00005588842296427835
-3024.691358 -3148.148148  -0.00005601631763876636
-3024.691358 -3024.691358  -0.00005609372501813127
-3024.691358 -2901.234568  -0.00005603701546045731
-3024.691358 -2777.777778  -0.00005591269128428363
-3024.691358 -2654.320988  -0.00005585780683986915
-3024.691358 -2530.864198  -0.00005585972994570193
-3024.691358 -2407.407407  -0.00005614189994111578
-3024.691358 -2283.950617  -0.00005601129158969423
-3024.691358 -2160.493827  -0.00005592225266976996
-3024.691358 -2037.037037  -0.00005594328746037908
-3024.691358 -1913.580247  -0.00005601097079970400
-3024.691358 -1790.123457  -0.00005605009288054540
-3024.691358 -1666.666667  -0.00005603762962925386
-3024.691358 -1543.209877  -0.00005601053866812260
-3024.691358 -1419.753086  -0.00005601738086123947
-3024.691358 -1296.296296  -0.00005601376744379973
-3024.691358 -1172.839506  -0.00005599386557841586
-3024.691358 -1049.382716  -0.00005600209505223270
-3024.691358  -925.925926  -0.00005601515592920022
-3024.691358  -802.469136  -0.00005603508674598814
-3024.691358  -679.012346  -0.00005605355379425847
-3024.691358  -555.555556  -0.00005606041714346142
-3024.691358  -432.098765  -0.00005605069163279213
-3024.691358  -308.641975  -0.00005602990283230922
-3024.691358  -185.185185  -0.00005601783797321419
-3024.691358   -61.728395  -0.00005605069184729174
-3024.691358    61.728395  -0.00005605064702031481
-3024.691358   185.185185  -0.00005601770343493419
-3024.691358   308.641975  -0.00005602968859766355
-3024.691358   432.098765  -0.00005605040013681252
-3024.691358   555.555556  -0.00005606004568148284
-3024.691358   679.012346  -0.00005605309787501270
-3024.691358   802.469136  -0.00005603454336267828
-3024.691358   925.925926  -0.00005601452575365406
-3024.691358  1049.382716  -0.00005600138255723064
-3024.691358  1172.839506  -0.00005599307609329079
-3024.691358  1296.296296  -0.00005601290655090321
-3024.691358  1419.753086  -0.00005601645149871573
-3024.691358  1543.209877  -0.00005600954080609243
-3024.691358  1666.666667  -0.00005603656502463493
-3024.691358  1790.123457  -0.00005604895713908881
-3024.691358  1913.580247  -0.00005600975588159971
-3024.691358  2037.037037  -0.00005594198998011213
-3024.691358  2160.493827  -0.00005592088334091051
-3024.691358  2283.950617  -0.00005600988116530264
-3024.691358  2407.407407  -0.00005614049700044557
-3024.691358  2530.864198  -0.00005585820872409945
-3024.691358  2654.320988  -0.00005585611297268147
-3024.691358  2777.777778  -0.00005591102291915805
-3024.691358  2901.234568  -0.00005603539745691721
-3024.691358  3024.691358  -0.00005609210905216831
-3024.691358  3148.148148  -0.00005601464424126152
-3024.691358  3271.604938  -0.00005588665373483482
-3024.691358  3395.061728  -0.00005588085212878922
-3024.691358  3518.518519  -0.00005605726722209203
-3024.691358  3641.975309  -0.00005602083894140804
-3024.691358  3765.432099  -0.00005476855836493032
-3024.691358  3888.888889  -0.00005715089386211265
-3024.691358  4012.345679  -0.00005449758132849136
-3024.691358  4135.802469  -0.00005552431406783224
-3024.691358  4259.259259  -0.00005769505484390500
-3024.691358  4382.716049  -0.00005731884473978028
-3024.691358  4506.172840  -0.00005462298580327830
-3024.691358  4629.629630  -0.00005380259747856919
-3024.691358  4753.086420  -0.00005804654682392510
-3024.691358  4876.543210  -0.00005953975251562374

-2901.234568 -5000.000000  -0.00002721619936526622
-2901.234568 -4876.543210  -0.00006656282037861884
-2901.234568 -4753.086420  -0.00006500221550932359
-2901.234568 -4629.629630  -0.00006028972300887253
-2901.234568 -4506.172840  -0.00006117895993261311
-2901.234568 -4382.716049  -0.00006415119259648984
-2901.234568 -4259.259259  -0.00006455131483299866
-2901.234568 -4135.802469  -0.00006213043404634870
-2901.234568 -4012.345679  -0.00006099506506682997
-2901.234568 -3888.888889  -0.00006396293180438777
-2901.234568 -3765.432099  -0.00006132537670140337
-2901.234568 -3641.975309  -0.00006272584790366427
-2901.234568 -3518.518519  -0.00006276774610386065
-2901.234568 -3395.061728  -0.00006256302302285184
-2901.234568 -3271.604938  -0.00006255555733386534
-2901.234568 -3148.148148  -0.00006268625986560811
-2901.234568 -3024.691358  -0.00006276941891967007
-2901.234568 -2901.234568  -0.00006271439769885391
-2901.234568 -2777.777778  -0.00006259268384643105
-2901.234568 -2654.320988  -0.00006255029109632409
-2901.234568 -2530.864198  -0.00006256551303421549
-2901.234568 -2407.407407  -0.00006293722528015912
-2901.234568 -2283.950617  -0.00006282136679519228
-2901.234568 -2160.493827  -0.00006272627728144548
-2901.234568 -2037.037037  -0.00006274729258341954
-2901.234568 -1913.580247  -0.00006282030250691155
-2901.234568 -1790.123457  -0.00006286274101714479
-2901.234568 -1666.666667  -0.00006284925311068432
-2901.234568 -1543.209877  -0.00006282203836113982
-2901.234568 -1419.753086  -0.00006283587113865370
-2901.234568 -1296.296296  -0.00006283779750317641
-2901.234568 -1172.839506  -0.00006281875109155983
-2901.234568 -1049.382716  -0.00006283044706631243
-2901.234568  -925.925926  -0.00006284545639057557
-2901.234568  -802.469136  -0.00006286734501307304
-2901.234568  -679.012346  -0.00006288798662469185
-2901.234568  -555.555556  -0.00006289707766684182
-2901.234568  -432.098765  -0.00006288955531250441
-2901.234568  -308.641975  -0.00006287091841997229
-2901.234568  -185.185185  -0.00006286045145927875
-2901.234568   -61.728395  -0.00006289235141131710
-2901.234568    61.728395  -0.00006289230211993917
-2901.234568   185.185185  -0.00006286030346301419
-2901.234568   308.641975  -0.00006287068261043634
-2901.234568   432.098765  -0.00006288923438807250
-2901.234568   555.555556  -0.00006289666877268948
-2901.234568   679.012346  -0.00006288748497238121
-2901.234568   802.469136  -0.00006286674741058633
-2901.234568   925.925926  -0.00006284476361369641
-2901.234568  1049.382716  -0.00006282966400225374
-2901.234568  1172.839506  -0.00006281788358573956
-2901.234568  1296.296296  -0.00006283685156912533
-2901.234568  1419.753086  -0.00006283485014285682
-2901.234568  1543.209877  -0.00006282094242416152
-2901.234568  1666.666667  -0.00006284808396747256
-2901.234568  1790.123457  -0.00006286149397498465
-2901.234568  1913.580247  -0.00006281896911053323
-2901.234568  2037.037037  -0.00006274586928822216
-2901.234568  2160.493827  -0.00006272477543579990
-2901.234568  2283.950617  -0.00006281981923278410
-2901.234568  2407.407407  -0.00006293568482333401
-2901.234568  2530.864198  -0.00006256384663158179
-2901.234568  2654.320988  -0.00006254843314776380
-2901.234568  2777.777778  -0.00006259085305748425
-2901.234568  2901.234568  -0.00006271262271837634
-2901.234568  3024.691358  -0.00006276764720791885
-2901.234568  3148.148148  -0.00006268442576660414
-2901.234568  3271.604938  -0.00006255361796573586
-2901.234568  3395.061728  -0.00006256097059985626
-2901.234568  3518.518519  -0.00006276560530380235
-2901.234568  3641.975309  -0.00006272366689439201
-2901.234568  3765.432099  -0.00006132321486248389
-2901.234568  3888.888889  -0.00006396084359034621
-2901.234568  4012.345679  -0.00006099305494199514
-2901.234568  4135.802469  -0.00006212849052570576
-2901.234568  4259.259259  -0.00006454938347483593
-2901.234568  4382.716049  -0.00006414919143817798
-2901.234568  4506.172840  -0.00006117682902653505
-2901.234568  4629.629630  -0.00006028749971552310
-2901.234568  4753.086420  -0.00006500012720459691
-2901.234568  4876.543210  -0.00006656138623230189

-2777.777778 -5000.000000  -0.00002975166146174847
-2777.777778 -4876.543210  -0.00007280117047232533
-2777.777778 -4753.086420  -0.00007111151118283694
-2777.777778 -4629.629630  -0.00006596514420703003
-2777.777778 -4506.172840  -0.00006693579567543921
-2777.777778 -4382.716049  -0.00007017956417112267
-2777.777778 -4259.259259  -0.00007061017901560498
-2777.777778 -4135.802469  -0.00006795840990501967
-2777.777778 -4012.345679  -0.00006671562789645205
-2777.777778 -3888.888889  -0.00006996151774448126
-2777.777778 -3765.432099  -0.00006707594158792301
-2777.777778 -3641.975309  -0.00006862310441393183
-2777.777778 -3518.518519  -0.00006866087309861527
-2777.777778 -3395.061728  -0.00006843959317188288
-2777.777778 -3271.604938  -0.00006843938805037887
-2777.777778 -3148.148148  -0.00006857906335108940
-2777.777778 -3024.691358  -0.00006865331827858842
-2777.777778 -2901.234568  -0.00006858086862587587
-2777.777778 -2777.777778  -0.00006846348138880779
-2777.777778 -2654.320988  -0.00006845592099411933
-2777.777778 -2530.864198  -0.00006844680714103879
-2777.777778 -2407.407407  -0.00006871903277285477
-2777.777778 -2283.950617  -0.00006861973328933930
-2777.777778 -2160.493827  -0.00006854575185745226
-2777.777778 -2037.037037  -0.00006856660233989599
-2777.777778 -1913.580247  -0.00006862918405804933
-2777.777778 -1790.123457  -0.00006866753498952067
-2777.777778 -1666.666667  -0.00006866149884734391
-2777.777778 -1543.209877  -0.00006864430604081540
-2777.777778 -1419.753086  -0.00006865906851797388
-2777.777778 -1296.296296  -0.00006866418848972161
-2777.777778 -1172.839506  -0.00006865445920372570
-2777.777778 -1049.382716  -0.00006866884300692574
-2777.777778  -925.925926  -0.00006868668162847874
-2777.777778  -802.469136  -0.00006870987770105108
-2777.777778  -679.012346  -0.00006873147282786923
-2777.777778  -555.555556  -0.00006874292837612854
-2777.777778  -432.098765  -0.00006873996248436895
-2777.777778  -308.641975  -0.00006872694328381943
-2777.777778  -185.185185  -0.00006871983833371017
-2777.777778   -61.728395  -0.00006874772027055220
-2777.777778    61.728395  -0.00006874766576403576
-2777.777778   185.185185  -0.00006871967466077513
-2777.777778   308.641975  -0.00006872668211941333
-2777.777778   432.098765  -0.00006873960677217453
-2777.777778   555.555556  -0.00006874247515772556
-2777.777778   679.012346  -0.00006873091709824766
-2777.777778   802.469136  -0.00006870921616143484
-2777.777778   925.925926  -0.00006868591520741795
-2777.777778  1049.382716  -0.00006866797702061465
-2777.777778  1172.839506  -0.00006865350002650562
-2777.777778  1296.296296  -0.00006866314258725596
-2777.777778  1419.753086  -0.00006865793973055747
-2777.777778  1543.209877  -0.00006864309472456954
-2777.777778  1666.666667  -0.00006866020677088000
-2777.777778  1790.123457  -0.00006866615728562560
-2777.777778  1913.580247  -0.00006862771202131072
-2777.777778  2037.037037  -0.00006856503237887422
-2777.777778  2160.493827  -0.00006854409591000493
-2777.777778  2283.950617  -0.00006861802600970504
-2777.777778  2407.407407  -0.00006871733079910251
-2777.777778  2530.864198  -0.00006844497147408984
-2777.777778  2654.320988  -0.00006845387446702497
-2777.777778  2777.777778  -0.00006846146253881997
-2777.777778  2901.234568  -0.00006857890999887196
-2777.777778  3024.691358  -0.00006865136356469634
-2777.777778  3148.148148  -0.00006857704116269876
-2777.777778  3271.604938  -0.00006843725131014386
-2777.777778  3395.061728  -0.00006843733307832223
-2777.777778  3518.518519  -0.00006865851663691387
-2777.777778  3641.975309  -0.00006862070437954967
-2777.777778  3765.432099  -0.00006707356250054926
-2777.777778  3888.888889  -0.00006995921935010669
-2777.777778  4012.345679  -0.00006671341575991612
-2777.777778  4135.802469  -0.00006795627184504150
-2777.777778  4259.259259  -0.00007060805619781692
-2777.777778  4382.716049  -0.00007017736789188491
-2777.777778  4506.172840  -0.00006693346103311093
-2777.777778  4629.629630  -0.00006596271185737314
-2777.777778  4753.086420  -0.00007110922837522914
-2777.777778  4876.543210  -0.00007279960256345777

-2654.320988 -5000.000000  -0.00003202928721580269
-2654.320988 -4876.543210  -0.00007888804313765714
-2654.320988 -4753.086420  -0.00007725963813184390
-2654.320988 -4629.629630  -0.00007174166187666702
-2654.320988 -4506.172840  -0.00007274080662990179
-2654.320988 -4382.716049  -0.00007617780615216678
-2654.320988 -4259.259259  -0.00007660616900518516
-2654.320988 -4135.802469  -0.00007374470622492444
-2654.320988 -4012.345679  -0.00007242385336961614
-2654.320988 -3888.888889  -0.00007594578694265545
-2654.320988 -3765.432099  -0.00007285833519038021
-2654.320988 -3641.975309  -0.00007455342121641258
-2654.320988 -3518.518519  -0.00007457628757622196
-2654.320988 -3395.061728  -0.00007432227506349974
-2654.320988 -3271.604938  -0.00007431018310160858
-2654.320988 -3148.148148  -0.00007444188967970424
-2654.320988 -3024.691358  -0.00007450296624158086
-2654.320988 -2901.234568  -0.00007443171416856015
-2654.320988 -2777.777778  -0.00007435662285642458
-2654.320988 -2654.320988  -0.00007440224938639543
-2654.320988 -2530.864198  -0.00007426351979015383
-2654.320988 -2407.407407  -0.00007429696005863102
-2654.320988 -2283.950617  -0.00007421200693916668
-2654.320988 -2160.493827  -0.00007416960486654577
-2654.320988 -2037.037037  -0.00007419142198076262
-2654.320988 -1913.580247  -0.00007423899650099708
-2654.320988 -1790.123457  -0.00007427180230922365
-2654.320988 -1666.666667  -0.00007427761658189903
-2654.320988 -1543.209877  -0.00007427518946972698
-2654.320988 -1419.753086  -0.00007428921582550172
-2654.320988 -1296.296296  -0.00007429760898002896
-2654.320988 -1172.839506  -0.00007430138205535920
-2654.320988 -1049.382716  -0.00007431950415347987
-2654.320988  -925.925926  -0.00007434194960898319
-2654.320988  -802.469136  -0.00007436772086437889
-2654.320988  -679.012346  -0.00007439118033404549
-2654.320988  -555.555556  -0.00007440604501663147
-2654.320988  -432.098765  -0.00007440900389014213
-2654.320988  -308.641975  -0.00007440295808971295
-2654.320988  -185.185185  -0.00007439988386806828
-2654.320988   -61.728395  -0.00007442331833866712
-2654.320988    61.728395  -0.00007442325909822676
-2654.320988   185.185185  -0.00007439970605220043
-2654.320988   308.641975  -0.00007440267395716779
-2654.320988   432.098765  -0.00007440861660029003
-2654.320988   555.555556  -0.00007440555158841244
-2654.320988   679.012346  -0.00007439057567009250
-2654.320988   802.469136  -0.00007436700166399067
-2654.320988   925.925926  -0.00007434111699362617
-2654.320988  1049.382716  -0.00007431856382849630
-2654.320988  1172.839506  -0.00007430034083156018
-2654.320988  1296.296296  -0.00007429647378205529
-2654.320988  1419.753086  -0.00007428799080955275
-2654.320988  1543.209877  -0.00007427387516367049
-2654.320988  1666.666667  -0.00007427621500220574
-2654.320988  1790.123457  -0.00007427030851668666
-2654.320988  1913.580247  -0.00007423740151798794
-2654.320988  2037.037037  -0.00007418972214848884
-2654.320988  2160.493827  -0.00007416781272077596
-2654.320988  2283.950617  -0.00007421015868288859
-2654.320988  2407.407407  -0.00007429511471010855
-2654.320988  2530.864198  -0.00007426153219509130
-2654.320988  2654.320988  -0.00007440003917292678
-2654.320988  2777.777778  -0.00007435443959226894
-2654.320988  2901.234568  -0.00007442959202591343
-2654.320988  3024.691358  -0.00007450084659938411
-2654.320988  3148.148148  -0.00007443969822455032
-2654.320988  3271.604938  -0.00007430787090089511
-2654.320988  3395.061728  -0.00007431983308443410
-2654.320988  3518.518519  -0.00007457374412428481
-2654.320988  3641.975309  -0.00007455083176688677
-2654.320988  3765.432099  -0.00007285576836671454
-2654.320988  3888.888889  -0.00007594330326335346
-2654.320988  4012.345679  -0.00007242146223310992
-2654.320988  4135.802469  -0.00007374239356947158
-2654.320988  4259.259259  -0.00007660387352206211
-2654.320988  4382.716049  -0.00007617543747227634
-2654.320988  4506.172840  -0.00007273829912437636
-2654.320988  4629.629630  -0.00007173905771204915
-2654.320988  4753.086420  -0.00007725719322042430
-2654.320988  4876.543210  -0.00007888634962355372

-2530.864198 -5000.000000  -0.00003449374199319025
-2530.864198 -4876.543210  -0.00008688818081000840
-2530.864198 -4753.086420  -0.00008584895677855349
-2530.864198 -4629.629630  -0.00007997228397244328
-2530.864198 -4506.172840  -0.00008085815810482877
-2530.864198 -4382.716049  -0.00008435261571798000
-2530.864198 -4259.259259  -0.00008470261116815321
-2530.864198 -4135.802469  -0.00008162351140573124
-2530.864198 -4012.345679  -0.00008027920855063701
-2530.864198 -3888.888889  -0.00008417485026302027
-2530.864198 -3765.432099  -0.00008096218790921679
-2530.864198 -3641.975309  -0.00008278475704243778
-2530.864198 -3518.518519  -0.00008281484785776579
-2530.864198 -3395.061728  -0.00008245930817757515
-2530.864198 -3271.604938  -0.00008232535654726954
-2530.864198 -3148.148148  -0.00008240243535854722
-2530.864198 -3024.691358  -0.00008251070362053817
-2530.864198 -2901.234568  -0.00008255236377116309
-2530.864198 -2777.777778  -0.00008256582252871404
-2530.864198 -2654.320988  -0.00008258268578365743
-2530.864198 -2530.864198  -0.00008228758753065818
-2530.864198 -2407.407407  -0.00008256140812802339
-2530.864198 -2283.950617  -0.00008245512858451323
-2530.864198 -2160.493827  -0.00008234237003172854
-2530.864198 -2037.037037  -0.00008237399396993520
-2530.864198 -1913.580247  -0.00008247504089340379
-2530.864198 -1790.123457  -0.00008253879400014539
-2530.864198 -1666.666667  -0.00008253190955735104
-2530.864198 -1543.209877  -0.00008251061392253532
-2530.864198 -1419.753086  -0.00008254796722038337
-2530.864198 -1296.296296  -0.00008257219367530195
-2530.864198 -1172.839506  -0.00008256229071749763
-2530.864198 -1049.382716  -0.00008259425734342874
-2530.864198  -925.925926  -0.00008262644633870454
-2530.864198  -802.469136  -0.00008266646109635344
-2530.864198  -679.012346  -0.00008270468481083189
-2530.864198  -555.555556  -0.00008272799633159033
-2530.864198  -432.098765  -0.00008272981476861695
-2530.864198  -308.641975  -0.00008271647284995809
-2530.864198  -185.185185  -0.00008270991903121591
-2530.864198   -61.728395  -0.00008274674835702351
-2530.864198    61.728395  -0.00008274668844904965
-2530.864198   185.185185  -0.00008270973925380557
-2530.864198   308.641975  -0.00008271618570519531
-2530.864198   432.098765  -0.00008272942367987221
-2530.864198   555.555556  -0.00008272749852331463
-2530.864198   679.012346  -0.00008270407534372816
-2530.864198   802.469136  -0.00008266573683115255
-2530.864198   925.925926  -0.00008262560860177361
-2530.864198  1049.382716  -0.00008259331206744038
-2530.864198  1172.839506  -0.00008256124483038692
-2530.864198  1296.296296  -0.00008257105441538679
-2530.864198  1419.753086  -0.00008254673851150507
-2530.864198  1543.209877  -0.00008250929606222770
-2530.864198  1666.666667  -0.00008253050511904441
-2530.864198  1790.123457  -0.00008253729794293414
-2530.864198  1913.580247  -0.00008247344360373947
-2530.864198  2037.037037  -0.00008237229144270682
-2530.864198  2160.493827  -0.00008234057539819254
-2530.864198  2283.950617  -0.00008245327919453616
-2530.864198  2407.407407  -0.00008255956239409854
-2530.864198  2530.864198  -0.00008228559207069373
-2530.864198  2654.320988  -0.00008258047895998882
-2530.864198  2777.777778  -0.00008256364227389285
-2530.864198  2901.234568  -0.00008255023974784036
-2530.864198  3024.691358  -0.00008250857804097478
-2530.864198  3148.148148  -0.00008240023748121943
-2530.864198  3271.604938  -0.00008232304104768388
-2530.864198  3395.061728  -0.00008245686759040525
-2530.864198  3518.518519  -0.00008281230928742477
-2530.864198  3641.975309  -0.00008278217333919996
-2530.864198  3765.432099  -0.00008095962713416499
-2530.864198  3888.888889  -0.00008417236723044444
-2530.864198  4012.345679  -0.00008027681627866515
-2530.864198  4135.802469  -0.00008162119513557688
-2530.864198  4259.259259  -0.00008470031283157347
-2530.864198  4382.716049  -0.00008435025209438920
-2530.864198  4506.172840  -0.00008085566965512341
-2530.864198  4629.629630  -0.00007996971133659257
-2530.864198  4753.086420  -0.00008584654192401129
-2530.864198  4876.543210  -0.00008688648981800077

-2407.407407 -5000.000000  -0.00003699709419251978
-2407.407407 -4876.543210  -0.00009321835951595587
-2407.407407 -4753.086420  -0.00009212915228926998
-2407.407407 -4629.629630  -0.00008580599115958961
-2407.407407 -4506.172840  -0.00008671617383361188
-2407.407407 -4382.716049  -0.00009044251188927111
-2407.407407 -4259.259259  -0.00009083092527178560
-2407.407407 -4135.802469  -0.00008756089647407428
-2407.407407 -4012.345679  -0.00008613878440154329
-2407.407407 -3888.888889  -0.00009031399792124255
-2407.407407 -3765.432099  -0.00008691802909539211
-2407.407407 -3641.975309  -0.00008876007037994497
-2407.407407 -3518.518519  -0.00008884765140100905
-2407.407407 -3395.061728  -0.00008843727130617695
-2407.407407 -3271.604938  -0.00008822334942698143
-2407.407407 -3148.148148  -0.00008831690038421219
-2407.407407 -3024.691358  -0.00008854820547799052
-2407.407407 -2901.234568  -0.00008869456557910106
-2407.407407 -2777.777778  -0.00008863313552158038
-2407.407407 -2654.320988  -0.00008841883999656283
-2407.407407 -2530.864198  -0.00008828737094738310
-2407.407407 -2407.407407  -0.00008915841816725571
-2407.407407 -2283.950617  -0.00008889672851601505
-2407.407407 -2160.493827  -0.00008859145039257598
-2407.407407 -2037.037037  -0.00008865535342478687
-2407.407407 -1913.580247  -0.00008889906085740735
-2407.407407 -1790.123457  -0.00008904406237335786
-2407.407407 -1666.666667  -0.00008900188528428040
-2407.407407 -1543.209877  -0.00008891942409040633
-2407.407407 -1419.753086  -0.00008899042840973346
-2407.407407 -1296.296296  -0.00008903314927651237
-2407.407407 -1172.839506  -0.00008897163314058523
-2407.407407 -1049.382716  -0.00008902715991125119
-2407.407407  -925.925926  -0.00008907843294066301
-2407.407407  -802.469136  -0.00008915324279994224
-2407.407407  -679.012346  -0.00008922811757252094
-2407.407407  -555.555556  -0.00008926876302803592
-2407.407407  -432.098765  -0.00008925865181194139
-2407.407407  -308.641975  -0.00008921576165083750
-2407.407407  -185.185185  -0.00008919746257351798
-2407.407407   -61.728395  -0.00008929355314773360
-2407.407407    61.728395  -0.00008929349374614727
-2407.407407   185.185185  -0.00008919728437180618
-2407.407407   308.641975  -0.00008921547809301194
-2407.407407   432.098765  -0.00008925826658926994
-2407.407407   555.555556  -0.00008926827314998977
-2407.407407   679.012346  -0.00008922751766464396
-2407.407407   802.469136  -0.00008915252933361415
-2407.407407   925.925926  -0.00008907760709972484
-2407.407407  1049.382716  -0.00008902622780046408
-2407.407407  1172.839506  -0.00008897060204089203
-2407.407407  1296.296296  -0.00008903202671426615
-2407.407407  1419.753086  -0.00008898921885161832
-2407.407407  1543.209877  -0.00008891812818697197
-2407.407407  1666.666667  -0.00008900050564226658
-2407.407407  1790.123457  -0.00008904259389084257
-2407.407407  1913.580247  -0.00008889749377946924
-2407.407407  2037.037037  -0.00008865368350748324
-2407.407407  2160.493827  -0.00008858969056303860
-2407.407407  2283.950617  -0.00008889491641646820
-2407.407407  2407.407407  -0.00008915661397075562
-2407.407407  2530.864198  -0.00008828542323465876
-2407.407407  2654.320988  -0.00008841667894433738
-2407.407407  2777.777778  -0.00008863100449181950
-2407.407407  2901.234568  -0.00008869249600519647
-2407.407407  3024.691358  -0.00008854613882747008
-2407.407407  3148.148148  -0.00008831476402439060
-2407.407407  3271.604938  -0.00008822109628217899
-2407.407407  3395.061728  -0.00008843489319513229
-2407.407407  3518.518519  -0.00008884517594311334
-2407.407407  3641.975309  -0.00008875755135892318
-2407.407407  3765.432099  -0.00008691553368943041
-2407.407407  3888.888889  -0.00009031158764451390
-2407.407407  4012.345679  -0.00008613646590391806
-2407.407407  4135.802469  -0.00008755865929910236
-2407.407407  4259.259259  -0.00009082871147392335
-2407.407407  4382.716049  -0.00009044023282737130
-2407.407407  4506.172840  -0.00008671376476707975
-2407.407407  4629.629630  -0.00008580349427360693
-2407.407407  4753.086420  -0.00009212681877548921
-2407.407407  4876.543210  -0.00009321676133506701

-2283.950617 -5000.000000  -0.00003898149210669920
-2283.950617 -4876.543210  -0.00009855372145284483
-2283.950617 -4753.086420  -0.00009753075743914768
-2283.950617 -4629.629630  -0.00009087929913627636
-2283.950617 -4506.172840  -0.00009180321620142681
-2283.950617 -4382.716049  -0.00009569049657003372
-2283.950617 -4259.259259  -0.00009607752361586434
-2283.950617 -4135.802469  -0.00009263068277948467
-2283.950617 -4012.345679  -0.00009114529766509710
-2283.950617 -3888.888889  -0.00009556189560575097
-2283.950617 -3765.432099  -0.00009199980269692410
-2283.950617 -3641.975309  -0.00009395135654367793
-2283.950617 -3518.518519  -0.00009403447414754271
-2283.950617 -3395.061728  -0.00009358926060264012
-2283.950617 -3271.604938  -0.00009335204422479838
-2283.950617 -3148.148148  -0.00009344080488014841
-2283.950617 -3024.691358  -0.00009368230331283333
-2283.950617 -2901.234568  -0.00009385044184420200
-2283.950617 -2777.777778  -0.00009381585644348603
-2283.950617 -2654.320988  -0.00009360674016996038
-2283.950617 -2530.864198  -0.00009338089798658760
-2283.950617 -2407.407407  -0.00009412322295068464
-2283.950617 -2283.950617  -0.00009384582151790556
-2283.950617 -2160.493827  -0.00009353826056586126
-2283.950617 -2037.037037  -0.00009361199776618144
-2283.950617 -1913.580247  -0.00009387038077410609
-2283.950617 -1790.123457  -0.00009402838131230663
-2283.950617 -1666.666667  -0.00009399527320622411
-2283.950617 -1543.209877  -0.00009392025437092028
-2283.950617 -1419.753086  -0.00009400101274944588
-2283.950617 -1296.296296  -0.00009405523620272217
-2283.950617 -1172.839506  -0.00009400301124922768
-2283.950617 -1049.382716  -0.00009407232260741961
-2283.950617  -925.925926  -0.00009413748174665530
-2283.950617  -802.469136  -0.00009422678084971455
-2283.950617  -679.012346  -0.00009431519083872943
-2283.950617  -555.555556  -0.00009436645903459907
-2283.950617  -432.098765  -0.00009436299226299475
-2283.950617  -308.641975  -0.00009432352540695319
-2283.950617  -185.185185  -0.00009430857540605990
-2283.950617   -61.728395  -0.00009441368070222120
-2283.950617    61.728395  -0.00009441361615976791
-2283.950617   185.185185  -0.00009430838188456609
-2283.950617   308.641975  -0.00009432321648717833
-2283.950617   432.098765  -0.00009436257163273952
-2283.950617   555.555556  -0.00009436592367400138
-2283.950617   679.012346  -0.00009431453541374567
-2283.950617   802.469136  -0.00009422600200919285
-2283.950617   925.925926  -0.00009413658101840734
-2283.950617  1049.382716  -0.00009407130658869835
-2283.950617  1172.839506  -0.00009400188778701664
-2283.950617  1296.296296  -0.00009405401334563371
-2283.950617  1419.753086  -0.00009399969551206663
-2283.950617  1543.209877  -0.00009391884382226944
-2283.950617  1666.666667  -0.00009399377214602300
-2283.950617  1790.123457  -0.00009402678475673648
-2283.950617  1913.580247  -0.00009386867905347617
-2283.950617  2037.037037  -0.00009361018672153703
-2283.950617  2160.493827  -0.00009353635333155724
-2283.950617  2283.950617  -0.00009384385637717614
-2283.950617  2407.407407  -0.00009412126175123489
-2283.950617  2530.864198  -0.00009337878781852492
-2283.950617  2654.320988  -0.00009360440314852392
-2283.950617  2777.777778  -0.00009381354753746679
-2283.950617  2901.234568  -0.00009384819518872811
-2283.950617  3024.691358  -0.00009368005866199526
-2283.950617  3148.148148  -0.00009343848661995288
-2283.950617  3271.604938  -0.00009334960301743037
-2283.950617  3395.061728  -0.00009358668773301025
-2283.950617  3518.518519  -0.00009403179864310024
-2283.950617  3641.975309  -0.00009394863513846584
-2283.950617  3765.432099  -0.00009199710652321160
-2283.950617  3888.888889  -0.00009555928726166848
-2283.950617  4012.345679  -0.00009114278790276316
-2283.950617  4135.802469  -0.00009262825928277843
-2283.950617  4259.259259  -0.00009607512592648071
-2283.950617  4382.716049  -0.00009568803430136419
-2283.950617  4506.172840  -0.00009180062374002389
-2283.950617  4629.629630  -0.00009087662003065631
-2283.950617  4753.086420  -0.00009752825167568914
-2283.950617  4876.543210  -0.00009855198881853812

-2160.493827 -5000.000000  -0.00004093253463982881
-2160.493827 -4876.543210  -0.00010399591247035039
-2160.493827 -4753.086420  -0.00010311019769268810
-2160.493827 -4629.629630  -0.00009614629481474888
-2160.493827 -4506.172840  -0.00009706904858351803
-2160.493827 -4382.716049  -0.00010109498373624972
-2160.493827 -4259.259259  -0.00010146622977600250
-2160.493827 -4135.802469  -0.00009784063077150909
-2160.493827 -4012.345679  -0.00009629804018138076
-2160.493827 -3888.888889  -0.00010096280070264615
-2160.493827 -3765.432099  -0.00009724240914362495
-2160.493827 -3641.975309  -0.00009931780657203019
-2160.493827 -3518.518519  -0.00009939026025284060
-2160.493827 -3395.061728  -0.00009890695955661868
-2160.493827 -3271.604938  -0.00009864406432494798
-2160.493827 -3148.148148  -0.00009871935670387945
-2160.493827 -3024.691358  -0.00009895853301103579
-2160.493827 -2901.234568  -0.00009914580858283842
-2160.493827 -2777.777778  -0.00009915883560185411
-2160.493827 -2654.320988  -0.00009898793390426399
-2160.493827 -2530.864198  -0.00009863963476745278
-2160.493827 -2407.407407  -0.00009923173301607103
-2160.493827 -2283.950617  -0.00009896594343731097
-2160.493827 -2160.493827  -0.00009867717071944409
-2160.493827 -2037.037037  -0.00009875819755688722
-2160.493827 -1913.580247  -0.00009901860211710393
-2160.493827 -1790.123457  -0.00009918375414357692
-2160.493827 -1666.666667  -0.00009916616824801157
-2160.493827 -1543.209877  -0.00009910921439176772
-2160.493827 -1419.753086  -0.00009920318555652238
-2160.493827 -1296.296296  -0.00009927372260416156
-2160.493827 -1172.839506  -0.00009924244725865040
-2160.493827 -1049.382716  -0.00009932975443943440
-2160.493827  -925.925926  -0.00009941329470901971
-2160.493827  -802.469136  -0.00009951989263366290
-2160.493827  -679.012346  -0.00009962441688619011
-2160.493827  -555.555556  -0.00009969077358364906
-2160.493827  -432.098765  -0.00009970105735012510
-2160.493827  -308.641975  -0.00009967286010472059
-2160.493827  -185.185185  -0.00009966473757469933
-2160.493827   -61.728395  -0.00009976983353379374
-2160.493827    61.728395  -0.00009976976582115943
-2160.493827   185.185185  -0.00009966453395477119
-2160.493827   308.641975  -0.00009967253406232783
-2160.493827   432.098765  -0.00009970061293339968
-2160.493827   555.555556  -0.00009969020837162486
-2160.493827   679.012346  -0.00009962372623339313
-2160.493827   802.469136  -0.00009951907387087515
-2160.493827   925.925926  -0.00009941234997939590
-2160.493827  1049.382716  -0.00009932869084915282
-2160.493827  1172.839506  -0.00009924127302127942
-2160.493827  1296.296296  -0.00009927244600915326
-2160.493827  1419.753086  -0.00009920181173270461
-2160.493827  1543.209877  -0.00009910774444724643
-2160.493827  1666.666667  -0.00009916460502821739
-2160.493827  1790.123457  -0.00009918209268393315
-2160.493827  1913.580247  -0.00009901683278596047
-2160.493827  2037.037037  -0.00009875631632560921
-2160.493827  2160.493827  -0.00009867519099654230
-2160.493827  2283.950617  -0.00009896390390350457
-2160.493827  2407.407407  -0.00009922969589716885
-2160.493827  2530.864198  -0.00009863744576966319
-2160.493827  2654.320988  -0.00009898551436912997
-2160.493827  2777.777778  -0.00009915644350286025
-2160.493827  2901.234568  -0.00009914347857282516
-2160.493827  3024.691358  -0.00009895620431799300
-2160.493827  3148.148148  -0.00009871695301693522
-2160.493827  3271.604938  -0.00009864153588394926
-2160.493827  3395.061728  -0.00009890429765869754
-2160.493827  3518.518519  -0.00009938749438936404
-2160.493827  3641.975309  -0.00009931499440932628
-2160.493827  3765.432099  -0.00009723962341919334
-2160.493827  3888.888889  -0.00010096010374600775
-2160.493827  4012.345679  -0.00009629544515040292
-2160.493827  4135.802469  -0.00009783812457710720
-2160.493827  4259.259259  -0.00010146375152770603
-2160.493827  4382.716049  -0.00010109244352712720
-2160.493827  4506.172840  -0.00009706638143391669
-2160.493827  4629.629630  -0.00009614354459430405
-2160.493827  4753.086420  -0.00010310762584005787
-2160.493827  4876.543210  -0.00010399412633013092

-2037.037037 -5000.000000  -0.00004287327004074667
-2037.037037 -4876.543210  -0.00010930100464657013
-2037.037037 -4753.086420  -0.00010851292845245478
-2037.037037 -4629.629630  -0.00010123215872585223
-2037.037037 -4506.172840  -0.00010216068865442553
-2037.037037 -4382.716049  -0.00010633444023830064
-2037.037037 -4259.259259  -0.00010669770847902830
-2037.037037 -4135.802469  -0.00010289699686524638
-2037.037037 -4012.345679  -0.00010129424415504145
-2037.037037 -3888.888889  -0.00010619944245500940
-2037.037037 -3765.432099  -0.00010232264659601669
-2037.037037 -3641.975309  -0.00010450397071894659
-2037.037037 -3518.518519  -0.00010457876227166540
-2037.037037 -3395.061728  -0.00010405958005446671
-2037.037037 -3271.604938  -0.00010376570155362092
-2037.037037 -3148.148148  -0.00010383128895398573
-2037.037037 -3024.691358  -0.00010408272677863896
-2037.037037 -2901.234568  -0.00010429638729632474
-2037.037037 -2777.777778  -0.00010433682369671018
-2037.037037 -2654.320988  -0.00010417539103345461
-2037.037037 -2530.864198  -0.00010378929493509001
-2037.037037 -2407.407407  -0.00010444427956893593
-2037.037037 -2283.950617  -0.00010418824560954660
-2037.037037 -2160.493827  -0.00010389343958859661
-2037.037037 -2037.037037  -0.00010398477533834850
-2037.037037 -1913.580247  -0.00010426613335144570
-2037.037037 -1790.123457  -0.00010444958911157189
-2037.037037 -1666.666667  -0.00010444349284877715
-2037.037037 -1543.209877  -0.00010439940071946854
-2037.037037 -1419.753086  -0.00010451785741106834
-2037.037037 -1296.296296  -0.00010461303017133563
-2037.037037 -1172.839506  -0.00010460140510359723
-2037.037037 -1049.382716  -0.00010471535660331414
-2037.037037  -925.925926  -0.00010482525546332420
-2037.037037  -802.469136  -0.00010495933682546232
-2037.037037  -679.012346  -0.00010509096675731010
-2037.037037  -555.555556  -0.00010518175476693020
-2037.037037  -432.098765  -0.00010521204896796387
-2037.037037  -308.641975  -0.00010519881389508694
-2037.037037  -185.185185  -0.00010520089096982804
-2037.037037   -61.728395  -0.00010531164161674669
-2037.037037    61.728395  -0.00010531157197970955
-2037.037037   185.185185  -0.00010520068122338499
-2037.037037   308.641975  -0.00010519847781455817
-2037.037037   432.098765  -0.00010521159125070929
-2037.037037   555.555556  -0.00010518117378105169
-2037.037037   679.012346  -0.00010509025864323733
-2037.037037   802.469136  -0.00010495849961257724
-2037.037037   925.925926  -0.00010482429186377917
-2037.037037  1049.382716  -0.00010471427414519931
-2037.037037  1172.839506  -0.00010460021226561132
-2037.037037  1296.296296  -0.00010461173537823078
-2037.037037  1419.753086  -0.00010451646583448783
-2037.037037  1543.209877  -0.00010439791345803875
-2037.037037  1666.666667  -0.00010444191276579895
-2037.037037  1790.123457  -0.00010444791126391488
-2037.037037  1913.580247  -0.00010426434815016681
-2037.037037  2037.037037  -0.00010398287883842241
-2037.037037  2160.493827  -0.00010389144530514338
-2037.037037  2283.950617  -0.00010418619225794385
-2037.037037  2407.407407  -0.00010444222912620157
-2037.037037  2530.864198  -0.00010378709285630193
-2037.037037  2654.320988  -0.00010417296052536558
-2037.037037  2777.777778  -0.00010433442101615336
-2037.037037  2901.234568  -0.00010429404668952742
-2037.037037  3024.691358  -0.00010408038775720492
-2037.037037  3148.148148  -0.00010382887572094867
-2037.037037  3271.604938  -0.00010376316478456462
-2037.037037  3395.061728  -0.00010405691123870416
-2037.037037  3518.518519  -0.00010457599081847258
-2037.037037  3641.975309  -0.00010450115403384350
-2037.037037  3765.432099  -0.00010231985717136036
-2037.037037  3888.888889  -0.00010619674265076533
-2037.037037  4012.345679  -0.00010129164713275476
-2037.037037  4135.802469  -0.00010289449023060102
-2037.037037  4259.259259  -0.00010669523224715329
-2037.037037  4382.716049  -0.00010633190537842075
-2037.037037  4506.172840  -0.00010215803080700992
-2037.037037  4629.629630  -0.00010122942168541533
-2037.037037  4753.086420  -0.00010851037200916420
-2037.037037  4876.543210  -0.00010929923137981458

-1913.580247 -5000.000000  -0.00004473835001443858
-1913.580247 -4876.543210  -0.00011432554062951768
-1913.580247 -4753.086420  -0.00011360458431417473
-1913.580247 -4629.629630  -0.00010601500161385760
-1913.580247 -4506.172840  -0.00010695370030907709
-1913.580247 -4382.716049  -0.00011127611877919728
-1913.580247 -4259.259259  -0.00011163682726483042
-1913.580247 -4135.802469  -0.00010766958702882705
-1913.580247 -4012.345679  -0.00010600686741585795
-1913.580247 -3888.888889  -0.00011113882081059139
-1913.580247 -3765.432099  -0.00010711171549446310
-1913.580247 -3641.975309  -0.00010938489290473283
-1913.580247 -3518.518519  -0.00010946888339058231
-1913.580247 -3395.061728  -0.00010891674243578002
-1913.580247 -3271.604938  -0.00010859099419698544
-1913.580247 -3148.148148  -0.00010865021878040823
-1913.580247 -3024.691358  -0.00010892204871895985
-1913.580247 -2901.234568  -0.00010916522370663286
-1913.580247 -2777.777778  -0.00010922070359010903
-1913.580247 -2654.320988  -0.00010905183961759765
-1913.580247 -2530.864198  -0.00010867360394490115
-1913.580247 -2407.407407  -0.00010949405901575588
-1913.580247 -2283.950617  -0.00010924478804637627
-1913.580247 -2160.493827  -0.00010893163960624288
-1913.580247 -2037.037037  -0.00010903649808766194
-1913.580247 -1913.580247  -0.00010935065939053154
-1913.580247 -1790.123457  -0.00010956036385035536
-1913.580247 -1666.666667  -0.00010956591343690210
-1913.580247 -1543.209877  -0.00010953437322351241
-1913.580247 -1419.753086  -0.00010968585712705072
-1913.580247 -1296.296296  -0.00010981339791850415
-1913.580247 -1172.839506  -0.00010982482300456704
-1913.580247 -1049.382716  -0.00010997494533946392
-1913.580247  -925.925926  -0.00011012114242636630
-1913.580247  -802.469136  -0.00011029448509345652
-1913.580247  -679.012346  -0.00011046589706117450
-1913.580247  -555.555556  -0.00011059306175922575
-1913.580247  -432.098765  -0.00011065339583797367
-1913.580247  -308.641975  -0.00011066308937421638
-1913.580247  -185.185185  -0.00011068221277134860
-1913.580247   -61.728395  -0.00011080589035390834
-1913.580247    61.728395  -0.00011080581917492977
-1913.580247   185.185185  -0.00011068199860127397
-1913.580247   308.641975  -0.00011066274665306536
-1913.580247   432.098765  -0.00011065293000679481
-1913.580247   555.555556  -0.00011059247192157882
-1913.580247   679.012346  -0.00011046518002879022
-1913.580247   802.469136  -0.00011029363947217916
-1913.580247   925.925926  -0.00011012017139848420
-1913.580247  1049.382716  -0.00010997385679853308
-1913.580247  1172.839506  -0.00010982362569883402
-1913.580247  1296.296296  -0.00010981210045214882
-1913.580247  1419.753086  -0.00010968446481438817
-1913.580247  1543.209877  -0.00010953288726350152
-1913.580247  1666.666667  -0.00010956433676572152
-1913.580247  1790.123457  -0.00010955869159684881
-1913.580247  1913.580247  -0.00010934888202473314
-1913.580247  2037.037037  -0.00010903461166876227
-1913.580247  2160.493827  -0.00010892965753636025
-1913.580247  2283.950617  -0.00010924274873649480
-1913.580247  2407.407407  -0.00010949202387019323
-1913.580247  2530.864198  -0.00010867141945959021
-1913.580247  2654.320988  -0.00010904943142429095
-1913.580247  2777.777778  -0.00010921832385718511
-1913.580247  2901.234568  -0.00010916290594722804
-1913.580247  3024.691358  -0.00010891973325797369
-1913.580247  3148.148148  -0.00010864783099531239
-1913.580247  3271.604938  -0.00010858848562016233
-1913.580247  3395.061728  -0.00010891410480611163
-1913.580247  3518.518519  -0.00010946614574201534
-1913.580247  3641.975309  -0.00010938211177954205
-1913.580247  3765.432099  -0.00010710896221303248
-1913.580247  3888.888889  -0.00011113615772204615
-1913.580247  4012.345679  -0.00010600430673063736
-1913.580247  4135.802469  -0.00010766711762680418
-1913.580247  4259.259259  -0.00011163439071505290
-1913.580247  4382.716049  -0.00011127362728788504
-1913.580247  4506.172840  -0.00010695109027625094
-1913.580247  4629.629630  -0.00010601231647897085
-1913.580247  4753.086420  -0.00011360208037112173
-1913.580247  4876.543210  -0.00011432380949139196

-1790.123457 -5000.000000  -0.00004646220991567756
-1790.123457 -4876.543210  -0.00011899917836958691
-1790.123457 -4753.086420  -0.00011835079531749803
-1790.123457 -4629.629630  -0.00011047696422179158
-1790.123457 -4506.172840  -0.00011142246765084309
-1790.123457 -4382.716049  -0.00011587896314016528
-1790.123457 -4259.259259  -0.00011623481497256483
-1790.123457 -4135.802469  -0.00011211276187730117
-1790.123457 -4012.345679  -0.00011039542064824676
-1790.123457 -3888.888889  -0.00011573862568104973
-1790.123457 -3765.432099  -0.00011157260442929770
-1790.123457 -3641.975309  -0.00011393520346914439
-1790.123457 -3518.518519  -0.00011402476000272042
-1790.123457 -3395.061728  -0.00011344187622648396
-1790.123457 -3271.604938  -0.00011308820152937317
-1790.123457 -3148.148148  -0.00011314092312807766
-1790.123457 -3024.691358  -0.00011342854139432599
-1790.123457 -2901.234568  -0.00011369807803732657
-1790.123457 -2777.777778  -0.00011377371714135876
-1790.123457 -2654.320988  -0.00011360687905851741
-1790.123457 -2530.864198  -0.00011321772715660686
-1790.123457 -2407.407407  -0.00011414478990537930
-1790.123457 -2283.950617  -0.00011390548960291183
-1790.123457 -2160.493827  -0.00011358478236017182
-1790.123457 -2037.037037  -0.00011370525707334760
-1790.123457 -1913.580247  -0.00011404976467372368
-1790.123457 -1790.123457  -0.00011428666768086971
-1790.123457 -1666.666667  -0.00011431085923023581
-1790.123457 -1543.209877  -0.00011430055157515518
-1790.123457 -1419.753086  -0.00011448983406325058
-1790.123457 -1296.296296  -0.00011465700058724962
-1790.123457 -1172.839506  -0.00011470368490060349
-1790.123457 -1049.382716  -0.00011490064238106355
-1790.123457  -925.925926  -0.00011509567003707122
-1790.123457  -802.469136  -0.00011532141679482049
-1790.123457  -679.012346  -0.00011554633508770973
-1790.123457  -555.555556  -0.00011572424138028652
-1790.123457  -432.098765  -0.00011582908376273215
-1790.123457  -308.641975  -0.00011587491661588405
-1790.123457  -185.185185  -0.00011592108234679981
-1790.123457   -61.728395  -0.00011606260019485873
-1790.123457    61.728395  -0.00011606252730921047
-1790.123457   185.185185  -0.00011592086371527706
-1790.123457   308.641975  -0.00011587456741796977
-1790.123457   432.098765  -0.00011582861011510102
-1790.123457   555.555556  -0.00011572364302589879
-1790.123457   679.012346  -0.00011554560943891479
-1790.123457   802.469136  -0.00011532056300165115
-1790.123457   925.925926  -0.00011509469175190392
-1790.123457  1049.382716  -0.00011489954789082423
-1790.123457  1172.839506  -0.00011470248329769765
-1790.123457  1296.296296  -0.00011465570076603017
-1790.123457  1419.753086  -0.00011448844160212865
-1790.123457  1543.209877  -0.00011429906789912310
-1790.123457  1666.666667  -0.00011430928740800789
-1790.123457  1790.123457  -0.00011428500296108817
-1790.123457  1913.580247  -0.00011404799760082024
-1790.123457  2037.037037  -0.00011370338364254009
-1790.123457  2160.493827  -0.00011358281567107574
-1790.123457  2283.950617  -0.00011390346747124796
-1790.123457  2407.407407  -0.00011414277289225683
-1790.123457  2530.864198  -0.00011321556397310797
-1790.123457  2654.320988  -0.00011360449763584382
-1790.123457  2777.777778  -0.00011377136433770583
-1790.123457  2901.234568  -0.00011369578653255645
-1790.123457  3024.691358  -0.00011342625269543521
-1790.123457  3148.148148  -0.00011313856421274456
-1790.123457  3271.604938  -0.00011308572505190772
-1790.123457  3395.061728  -0.00011343927421050057
-1790.123457  3518.518519  -0.00011402206094485723
-1790.123457  3641.975309  -0.00011393246277814772
-1790.123457  3765.432099  -0.00011156989203619289
-1790.123457  3888.888889  -0.00011573600316411981
-1790.123457  4012.345679  -0.00011039289979578538
-1790.123457  4135.802469  -0.00011211033251775900
-1790.123457  4259.259259  -0.00011623242043067596
-1790.123457  4382.716049  -0.00011587651763569191
-1790.123457  4506.172840  -0.00011141990899415260
-1790.123457  4629.629630  -0.00011047433516047615
-1790.123457  4753.086420  -0.00011834834688824817
-1790.123457  4876.543210  -0.00011899748860953148

-1666.666667 -5000.000000  -0.00004802499684727396
-1666.666667 -4876.543210  -0.00012330138285619518
-1666.666667 -4753.086420  -0.00012274221761812619
-1666.666667 -4629.629630  -0.00011461379506295064
-1666.666667 -4506.172840  -0.00011556039945339216
-1666.666667 -4382.716049  -0.00012013168494237909
-1666.666667 -4259.259259  -0.00012047802346425489
-1666.666667 -4135.802469  -0.00011621382095982063
-1666.666667 -4012.345679  -0.00011444880193521036
-1666.666667 -3888.888889  -0.00011998726235459947
-1666.666667 -3765.432099  -0.00011569529086674515
-1666.666667 -3641.975309  -0.00011814858617138858
-1666.666667 -3518.518519  -0.00011823673642273200
-1666.666667 -3395.061728  -0.00011762509689590954
-1666.666667 -3271.604938  -0.00011724899121570953
-1666.666667 -3148.148148  -0.00011729400021534602
-1666.666667 -3024.691358  -0.00011758879239290619
-1666.666667 -2901.234568  -0.00011787954492894172
-1666.666667 -2777.777778  -0.00011798595526520799
-1666.666667 -2654.320988  -0.00011783884324454658
-1666.666667 -2530.864198  -0.00011739934381191533
-1666.666667 -2407.407407  -0.00011832214107656876
-1666.666667 -2283.950617  -0.00011809790158082023
-1666.666667 -2160.493827  -0.00011778780620231221
-1666.666667 -2037.037037  -0.00011792581434714329
-1666.666667 -1913.580247  -0.00011829397033588060
-1666.666667 -1790.123457  -0.00011855725899180567
-1666.666667 -1666.666667  -0.00011860995260199929
-1666.666667 -1543.209877  -0.00011863344925126201
-1666.666667 -1419.753086  -0.00011886560252887286
-1666.666667 -1296.296296  -0.00011908154260818653
-1666.666667 -1172.839506  -0.00011918116777410311
-1666.666667 -1049.382716  -0.00011943927664334433
-1666.666667  -925.925926  -0.00011970041491900692
-1666.666667  -802.469136  -0.00011999651647440123
-1666.666667  -679.012346  -0.00012029341999589633
-1666.666667  -555.555556  -0.00012054121130186157
-1666.666667  -432.098765  -0.00012070965057288525
-1666.666667  -308.641975  -0.00012080868449327234
-1666.666667  -185.185185  -0.00012089404330382161
-1666.666667   -61.728395  -0.00012105792276588026
-1666.666667    61.728395  -0.00012105784792424856
-1666.666667   185.185185  -0.00012089381959467142
-1666.666667   308.641975  -0.00012080832760631377
-1666.666667   432.098765  -0.00012070916720777231
-1666.666667   555.555556  -0.00012054060188624651
-1666.666667   679.012346  -0.00012029268268382536
-1666.666667   802.469136  -0.00011999565113562450
-1666.666667   925.925926  -0.00011969942582976993
-1666.666667  1049.382716  -0.00011943817258923128
-1666.666667  1172.839506  -0.00011917995827550183
-1666.666667  1296.296296  -0.00011908023692116874
-1666.666667  1419.753086  -0.00011886420653276842
-1666.666667  1543.209877  -0.00011863196463433004
-1666.666667  1666.666667  -0.00011860838254550035
-1666.666667  1790.123457  -0.00011855559886943438
-1666.666667  1913.580247  -0.00011829221078542072
-1666.666667  2037.037037  -0.00011792395127138206
-1666.666667  2160.493827  -0.00011778585225625355
-1666.666667  2283.950617  -0.00011809589370223772
-1666.666667  2407.407407  -0.00011832013861693600
-1666.666667  2530.864198  -0.00011739719881893556
-1666.666667  2654.320988  -0.00011783648573772389
-1666.666667  2777.777778  -0.00011798362585129331
-1666.666667  2901.234568  -0.00011787727540794624
-1666.666667  3024.691358  -0.00011758652577663793
-1666.666667  3148.148148  -0.00011729166543977079
-1666.666667  3271.604938  -0.00011724654227475689
-1666.666667  3395.061728  -0.00011762252612434627
-1666.666667  3518.518519  -0.00011823407165572293
-1666.666667  3641.975309  -0.00011814588150836685
-1666.666667  3765.432099  -0.00011569261482454088
-1666.666667  3888.888889  -0.00011998467476875902
-1666.666667  4012.345679  -0.00011444631511988670
-1666.666667  4135.802469  -0.00011621142509641447
-1666.666667  4259.259259  -0.00012047566369845168
-1666.666667  4382.716049  -0.00012012927839771578
-1666.666667  4506.172840  -0.00011555788614344118
-1666.666667  4629.629630  -0.00011461121668420833
-1666.666667  4753.086420  -0.00012273981820569210
-1666.666667  4876.543210  -0.00012329972528433007

-1543.209877 -5000.000000  -0.00004945624566293632
-1543.209877 -4876.543210  -0.00012724216485860749
-1543.209877 -4753.086420  -0.00012676477858131432
-1543.209877 -4629.629630  -0.00011840290617860167
-1543.209877 -4506.172840  -0.00011935006409634568
-1543.209877 -4382.716049  -0.00012402601194484332
-1543.209877 -4259.259259  -0.00012436329258578766
-1543.209877 -4135.802469  -0.00011996876624011559
-1543.209877 -4012.345679  -0.00011816013861672687
-1543.209877 -3888.888889  -0.00012387748306207628
-1543.209877 -3765.432099  -0.00011946975673063726
-1543.209877 -3641.975309  -0.00012200761943704186
-1543.209877 -3518.518519  -0.00012209323174195040
-1543.209877 -3395.061728  -0.00012145555863786262
-1543.209877 -3271.604938  -0.00012106033958818427
-1543.209877 -3148.148148  -0.00012109891674721786
-1543.209877 -3024.691358  -0.00012139972090063664
-1543.209877 -2901.234568  -0.00012170990298881252
-1543.209877 -2777.777778  -0.00012184711121299625
-1543.209877 -2654.320988  -0.00012172141372434962
-1543.209877 -2530.864198  -0.00012122736689583187
-1543.209877 -2407.407407  -0.00012211893101166912
-1543.209877 -2283.950617  -0.00012190980476783923
-1543.209877 -2160.493827  -0.00012161542601006833
-1543.209877 -2037.037037  -0.00012177411587181966
-1543.209877 -1913.580247  -0.00012216818546881872
-1543.209877 -1790.123457  -0.00012246213770412368
-1543.209877 -1666.666667  -0.00012255085101237103
-1543.209877 -1543.209877  -0.00012261774504319421
-1543.209877 -1419.753086  -0.00012290292828381503
-1543.209877 -1296.296296  -0.00012318132762080962
-1543.209877 -1172.839506  -0.00012335236486764057
-1543.209877 -1049.382716  -0.00012369279715375751
-1543.209877  -925.925926  -0.00012404512696452048
-1543.209877  -802.469136  -0.00012443957416823331
-1543.209877  -679.012346  -0.00012483800007603090
-1543.209877  -555.555556  -0.00012518494989982820
-1543.209877  -432.098765  -0.00012544384576676883
-1543.209877  -308.641975  -0.00012561833029016911
-1543.209877  -185.185185  -0.00012575876069696214
-1543.209877   -61.728395  -0.00012595385351163834
-1543.209877    61.728395  -0.00012595377668114750
-1543.209877   185.185185  -0.00012575853159803608
-1543.209877   308.641975  -0.00012561796480623036
-1543.209877   432.098765  -0.00012544335126176532
-1543.209877   555.555556  -0.00012518432781440228
-1543.209877   679.012346  -0.00012483724973360002
-1543.209877   802.469136  -0.00012443869655840600
-1543.209877   925.925926  -0.00012404412727127020
-1543.209877  1049.382716  -0.00012369168479577647
-1543.209877  1172.839506  -0.00012335114981829685
-1543.209877  1296.296296  -0.00012318001943572503
-1543.209877  1419.753086  -0.00012290153303513856
-1543.209877  1543.209877  -0.00012261626457318292
-1543.209877  1666.666667  -0.00012254928846029629
-1543.209877  1790.123457  -0.00012246048851216140
-1543.209877  1913.580247  -0.00012216644040084613
-1543.209877  2037.037037  -0.00012177227076274244
-1543.209877  2160.493827  -0.00012161349296330226
-1543.209877  2283.950617  -0.00012190781951857213
-1543.209877  2407.407407  -0.00012211695117352538
-1543.209877  2530.864198  -0.00012122524908028317
-1543.209877  2654.320988  -0.00012171908993013538
-1543.209877  2777.777778  -0.00012184481459295717
-1543.209877  2901.234568  -0.00012170766440488761
-1543.209877  3024.691358  -0.00012139748523058915
-1543.209877  3148.148148  -0.00012109661525385202
-1543.209877  3271.604938  -0.00012105792780225526
-1543.209877  3395.061728  -0.00012145302920588569
-1543.209877  3518.518519  -0.00012209061169011419
-1543.209877  3641.975309  -0.00012200496130242917
-1543.209877  3765.432099  -0.00011946712730027213
-1543.209877  3888.888889  -0.00012387493990862207
-1543.209877  4012.345679  -0.00011815769479664417
-1543.209877  4135.802469  -0.00011996641210797876
-1543.209877  4259.259259  -0.00012436097529184033
-1543.209877  4382.716049  -0.00012402365205322214
-1543.209877  4506.172840  -0.00011934760424948090
-1543.209877  4629.629630  -0.00011840038673329955
-1543.209877  4753.086420  -0.00012676243514202977
-1543.209877  4876.543210  -0.00012724054263341136

-1419.753086 -5000.000000  -0.00005079630287474332
-1419.753086 -4876.543210  -0.00013084686667094093
-1419.753086 -4753.086420  -0.00013041513629674190
-1419.753086 -4629.629630  -0.00012182990688186676
-1419.753086 -4506.172840  -0.00012278325497473225
-1419.753086 -4382.716049  -0.00012756510787842305
-1419.753086 -4259.259259  -0.00012789991836530522
-1419.753086 -4135.802469  -0.00012338544477026597
-1419.753086 -4012.345679  -0.00012153363646258162
-1419.753086 -3888.888889  -0.00012741362469641167
-1419.753086 -3765.432099  -0.00012289681883992222
-1419.753086 -3641.975309  -0.00012550399185188275
-1419.753086 -3518.518519  -0.00012559349882374673
-1419.753086 -3395.061728  -0.00012493328317568202
-1419.753086 -3271.604938  -0.00012451914479716855
-1419.753086 -3148.148148  -0.00012455544086338341
-1419.753086 -3024.691358  -0.00012487048427824428
-1419.753086 -2901.234568  -0.00012520269397534292
-1419.753086 -2777.777778  -0.00012535749707676838
-1419.753086 -2654.320988  -0.00012523498290982005
-1419.753086 -2530.864198  -0.00012472830888160969
-1419.753086 -2407.407407  -0.00012567409839640099
-1419.753086 -2283.950617  -0.00012547462991360125
-1419.753086 -2160.493827  -0.00012518434509971641
-1419.753086 -2037.037037  -0.00012536817128501799
-1419.753086 -1913.580247  -0.00012580157247470209
-1419.753086 -1790.123457  -0.00012613663281922497
-1419.753086 -1666.666667  -0.00012626550050575549
-1419.753086 -1543.209877  -0.00012638119207074154
-1419.753086 -1419.753086  -0.00012673575713359396
-1419.753086 -1296.296296  -0.00012709580355148471
-1419.753086 -1172.839506  -0.00012735758479281322
-1419.753086 -1049.382716  -0.00012781069722303033
-1419.753086  -925.925926  -0.00012829042534049111
-1419.753086  -802.469136  -0.00012882638851173224
-1419.753086  -679.012346  -0.00012937408608603758
-1419.753086  -555.555556  -0.00012986839275142497
-1419.753086  -432.098765  -0.00013026195484269914
-1419.753086  -308.641975  -0.00013054848760156820
-1419.753086  -185.185185  -0.00013077097338882511
-1419.753086   -61.728395  -0.00013101476084859318
-1419.753086    61.728395  -0.00013101468204418978
-1419.753086   185.185185  -0.00013077073858051079
-1419.753086   308.641975  -0.00013054811283928384
-1419.753086   432.098765  -0.00013026144862369197
-1419.753086   555.555556  -0.00012986775821554960
-1419.753086   679.012346  -0.00012937332441720193
-1419.753086   802.469136  -0.00012882550236943709
-1419.753086   925.925926  -0.00012828942114541075
-1419.753086  1049.382716  -0.00012780958512058306
-1419.753086  1172.839506  -0.00012735637511866765
-1419.753086  1296.296296  -0.00012709450591578725
-1419.753086  1419.753086  -0.00012673437753612550
-1419.753086  1543.209877  -0.00012637973224846166
-1419.753086  1666.666667  -0.00012626396327687121
-1419.753086  1790.123457  -0.00012613501358679883
-1419.753086  1913.580247  -0.00012579986218039360
-1419.753086  2037.037037  -0.00012536636577154309
-1419.753086  2160.493827  -0.00012518245584060473
-1419.753086  2283.950617  -0.00012547269106883777
-1419.753086  2407.407407  -0.00012567216515253172
-1419.753086  2530.864198  -0.00012472624375068074
-1419.753086  2654.320988  -0.00012523272002038581
-1419.753086  2777.777778  -0.00012535526044843396
-1419.753086  2901.234568  -0.00012520051341286242
-1419.753086  3024.691358  -0.00012486830695322809
-1419.753086  3148.148148  -0.00012455320079322876
-1419.753086  3271.604938  -0.00012451679926262386
-1419.753086  3395.061728  -0.00012493082511845345
-1419.753086  3518.518519  -0.00012559095426555779
-1419.753086  3641.975309  -0.00012550141137639503
-1419.753086  3765.432099  -0.00012289426678458335
-1419.753086  3888.888889  -0.00012741115639468203
-1419.753086  4012.345679  -0.00012153126497685866
-1419.753086  4135.802469  -0.00012338316100021410
-1419.753086  4259.259259  -0.00012789767184495806
-1419.753086  4382.716049  -0.00012756282275207430
-1419.753086  4506.172840  -0.00012278087651047663
-1419.753086  4629.629630  -0.00012182747388165733
-1419.753086  4753.086420  -0.00013041287476182873
-1419.753086  4876.543210  -0.00013084530008155562

-1296.296296 -5000.000000  -0.00005201549846522620
-1296.296296 -4876.543210  -0.00013414499486134947
-1296.296296 -4753.086420  -0.00013376135351475779
-1296.296296 -4629.629630  -0.00012497361548779472
-1296.296296 -4506.172840  -0.00012593098638224079
-1296.296296 -4382.716049  -0.00013080716381602174
-1296.296296 -4259.259259  -0.00013113822444899055
-1296.296296 -4135.802469  -0.00012651407055776771
-1296.296296 -4012.345679  -0.00012462343615964085
-1296.296296 -3888.888889  -0.00013065245268552262
-1296.296296 -3765.432099  -0.00012603677420196886
-1296.296296 -3641.975309  -0.00012870909190263705
-1296.296296 -3518.518519  -0.00012880127543908352
-1296.296296 -3395.061728  -0.00012812046459128877
-1296.296296 -3271.604938  -0.00012768955283637203
-1296.296296 -3148.148148  -0.00012772346082105267
-1296.296296 -3024.691358  -0.00012805050464336426
-1296.296296 -2901.234568  -0.00012840303161672332
-1296.296296 -2777.777778  -0.00012857732351635124
-1296.296296 -2654.320988  -0.00012846276730805174
-1296.296296 -2530.864198  -0.00012794029335934105
-1296.296296 -2407.407407  -0.00012892544388578105
-1296.296296 -2283.950617  -0.00012873970164176558
-1296.296296 -2160.493827  -0.00012845982929186357
-1296.296296 -2037.037037  -0.00012867150029910991
-1296.296296 -1913.580247  -0.00012914582651135905
-1296.296296 -1790.123457  -0.00012952650505077671
-1296.296296 -1666.666667  -0.00012970480077373388
-1296.296296 -1543.209877  -0.00012988236430109854
-1296.296296 -1419.753086  -0.00013032188561893127
-1296.296296 -1296.296296  -0.00013078558324957864
-1296.296296 -1172.839506  -0.00013116922653110192
-1296.296296 -1049.382716  -0.00013177444985711285
-1296.296296  -925.925926  -0.00013243187941570263
-1296.296296  -802.469136  -0.00013317087265256219
-1296.296296  -679.012346  -0.00013394006066182946
-1296.296296  -555.555556  -0.00013466153577758419
-1296.296296  -432.098765  -0.00013527078832393133
-1296.296296  -308.641975  -0.00013574239252367099
-1296.296296  -185.185185  -0.00013610144156555709
-1296.296296   -61.728395  -0.00013642073183014322
-1296.296296    61.728395  -0.00013642065016828111
-1296.296296   185.185185  -0.00013610119830145443
-1296.296296   308.641975  -0.00013574200461098041
-1296.296296   432.098765  -0.00013527026643339314
-1296.296296   555.555556  -0.00013466088577598917
-1296.296296   679.012346  -0.00013393928642201387
-1296.296296   802.469136  -0.00013316997904719475
-1296.296296   925.925926  -0.00013243087434762225
-1296.296296  1049.382716  -0.00013177334417897583
-1296.296296  1172.839506  -0.00013116803070709835
-1296.296296  1296.296296  -0.00013078430654679766
-1296.296296  1419.753086  -0.00013032053358080634
-1296.296296  1543.209877  -0.00012988093820914221
-1296.296296  1666.666667  -0.00012970330283188622
-1296.296296  1790.123457  -0.00012952493051467825
-1296.296296  1913.580247  -0.00012914416656019059
-1296.296296  2037.037037  -0.00012866975089333629
-1296.296296  2160.493827  -0.00012845800126021255
-1296.296296  2283.950617  -0.00012873782724077973
-1296.296296  2407.407407  -0.00012892357507527576
-1296.296296  2530.864198  -0.00012793829959972596
-1296.296296  2654.320988  -0.00012846058577734319
-1296.296296  2777.777778  -0.00012857516705317112
-1296.296296  2901.234568  -0.00012840092866396537
-1296.296296  3024.691358  -0.00012804840510732577
-1296.296296  3148.148148  -0.00012772130203948489
-1296.296296  3271.604938  -0.00012768729420613428
-1296.296296  3395.061728  -0.00012811809940628852
-1296.296296  3518.518519  -0.00012879882848918577
-1296.296296  3641.975309  -0.00012870661138422460
-1296.296296  3765.432099  -0.00012603432147190427
-1296.296296  3888.888889  -0.00013065008019769850
-1296.296296  4012.345679  -0.00012462115701653760
-1296.296296  4135.802469  -0.00012651187611267465
-1296.296296  4259.259259  -0.00013113606697195653
-1296.296296  4382.716049  -0.00013080497174145880
-1296.296296  4506.172840  -0.00012592870814545539
-1296.296296  4629.629630  -0.00012497128795772329
-1296.296296  4753.086420  -0.00013375919103018129
-1296.296296  4876.543210  -0.00013414349487786433

-1172.839506 -5000.000000  -0.00005311156533837898
-1172.839506 -4876.543210  -0.00013715879218570870
-1172.839506 -4753.086420  -0.00013683618719094725
-1172.839506 -4629.629630  -0.00012786888120777375
-1172.839506 -4506.172840  -0.00012882610813207983
-1172.839506 -4382.716049  -0.00013378202649557978
-1172.839506 -4259.259259  -0.00013410593879409864
-1172.839506 -4135.802469  -0.00012938190855052174
-1172.839506 -4012.345679  -0.00012745777511240743
-1172.839506 -3888.888889  -0.00013362356618426300
-1172.839506 -3765.432099  -0.00012891930809448202
-1172.839506 -3641.975309  -0.00013165684587975287
-1172.839506 -3518.518519  -0.00013174728936117251
-1172.839506 -3395.061728  -0.00013104732541277124
-1172.839506 -3271.604938  -0.00013060305495556015
-1172.839506 -3148.148148  -0.00013063344007142636
-1172.839506 -3024.691358  -0.00013096656362355071
-1172.839506 -2901.234568  -0.00013133591875381831
-1172.839506 -2777.777778  -0.00013153672825722440
-1172.839506 -2654.320988  -0.00013144229383327320
-1172.839506 -2530.864198  -0.00013088037521437218
-1172.839506 -2407.407407  -0.00013183931734426794
-1172.839506 -2283.950617  -0.00013167222839044650
-1172.839506 -2160.493827  -0.00013141547629947589
-1172.839506 -2037.037037  -0.00013165733763442333
-1172.839506 -1913.580247  -0.00013217010159822357
-1172.839506 -1790.123457  -0.00013259904687681388
-1172.839506 -1666.666667  -0.00013283842664354637
-1172.839506 -1543.209877  -0.00013309446172487721
-1172.839506 -1419.753086  -0.00013363534192733270
-1172.839506 -1296.296296  -0.00013422823552575180
-1172.839506 -1172.839506  -0.00013477526878353529
-1172.839506 -1049.382716  -0.00013558309505396968
-1172.839506  -925.925926  -0.00013648705858577582
-1172.839506  -802.469136  -0.00013751565093611098
-1172.839506  -679.012346  -0.00013860591722838269
-1172.839506  -555.555556  -0.00013965941786761864
-1172.839506  -432.098765  -0.00014058484112411724
-1172.839506  -308.641975  -0.00014132726658538274
-1172.839506  -185.185185  -0.00014188407947634120
-1172.839506   -61.728395  -0.00014230753584783929
-1172.839506    61.728395  -0.00014230745048551759
-1172.839506   185.185185  -0.00014188382519559795
-1172.839506   308.641975  -0.00014132686226324141
-1172.839506   432.098765  -0.00014058430081116409
-1172.839506   555.555556  -0.00013965875126472035
-1172.839506   679.012346  -0.00013860513173421146
-1172.839506   802.469136  -0.00013751475412684331
-1172.839506   925.925926  -0.00013648605998833232
-1172.839506  1049.382716  -0.00013558200607416038
-1172.839506  1172.839506  -0.00013477409965047832
-1172.839506  1296.296296  -0.00013422699468735241
-1172.839506  1419.753086  -0.00013363403401614238
-1172.839506  1543.209877  -0.00013309308718628207
-1172.839506  1666.666667  -0.00013283698678525618
-1172.839506  1790.123457  -0.00013259753671157964
-1172.839506  1913.580247  -0.00013216851260975369
-1172.839506  2037.037037  -0.00013165566602070630
-1172.839506  2160.493827  -0.00013141373224771771
-1172.839506  2283.950617  -0.00013167044193782723
-1172.839506  2407.407407  -0.00013183753637872637
-1172.839506  2530.864198  -0.00013087847707168868
-1172.839506  2654.320988  -0.00013144022016994852
-1172.839506  2777.777778  -0.00013153467827014916
-1172.839506  2901.234568  -0.00013133391908421856
-1172.839506  3024.691358  -0.00013096456738976380
-1172.839506  3148.148148  -0.00013063138860648147
-1172.839506  3271.604938  -0.00013060091023828492
-1172.839506  3395.061728  -0.00013104508118114906
-1172.839506  3518.518519  -0.00013174496889667162
-1172.839506  3641.975309  -0.00013165449445135281
-1172.839506  3765.432099  -0.00012891698343413840
-1172.839506  3888.888889  -0.00013362131716798797
-1172.839506  4012.345679  -0.00012745561480393731
-1172.839506  4135.802469  -0.00012937982872506971
-1172.839506  4259.259259  -0.00013410389490847908
-1172.839506  4382.716049  -0.00013377995207552808
-1172.839506  4506.172840  -0.00012882395537961510
-1172.839506  4629.629630  -0.00012786668463144466
-1172.839506  4753.086420  -0.00013683414706180743
-1172.839506  4876.543210  -0.00013715737462186329

-1049.382716 -5000.000000  -0.00005412060102675011
-1049.382716 -4876.543210  -0.00013989891621692813
-1049.382716 -4753.086420  -0.00013962002296029401
-1049.382716 -4629.629630  -0.00013048542901266918
-1049.382716 -4506.172840  -0.00013144476794339416
-1049.382716 -4382.716049  -0.00013647730144481841
-1049.382716 -4259.259259  -0.00013679711178281022
-1049.382716 -4135.802469  -0.00013198198438827294
-1049.382716 -4012.345679  -0.00013002598058966749
-1049.382716 -3888.888889  -0.00013631570048654160
-1049.382716 -3765.432099  -0.00013153023596406487
-1049.382716 -3641.975309  -0.00013432246078410061
-1049.382716 -3518.518519  -0.00013441547344327144
-1049.382716 -3395.061728  -0.00013369866529224089
-1049.382716 -3271.604938  -0.00013324061115399359
-1049.382716 -3148.148148  -0.00013326919552028663
-1049.382716 -3024.691358  -0.00013361283725795494
-1049.382716 -2901.234568  -0.00013400042188565025
-1049.382716 -2777.777778  -0.00013421994142101694
-1049.382716 -2654.320988  -0.00013413584179830130
-1049.382716 -2530.864198  -0.00013356507785639769
-1049.382716 -2407.407407  -0.00013456745762814324
-1049.382716 -2283.950617  -0.00013441888415520627
-1049.382716 -2160.493827  -0.00013417875839600329
-1049.382716 -2037.037037  -0.00013445394469222184
-1049.382716 -1913.580247  -0.00013501448119862037
-1049.382716 -1790.123457  -0.00013550035580989323
-1049.382716 -1666.666667  -0.00013580739502062173
-1049.382716 -1543.209877  -0.00013615226571831026
-1049.382716 -1419.753086  -0.00013681658990950899
-1049.382716 -1296.296296  -0.00013757017237902024
-1049.382716 -1172.839506  -0.00013832226879617599
-1049.382716 -1049.382716  -0.00013940177881207873
-1049.382716  -925.925926  -0.00014064757129634331
-1049.382716  -802.469136  -0.00014209772731054430
-1049.382716  -679.012346  -0.00014368666152749554
-1049.382716  -555.555556  -0.00014529272383296765
-1049.382716  -432.098765  -0.00014677904669681497
-1049.382716  -308.641975  -0.00014802763831351124
-1049.382716  -185.185185  -0.00014896672151209453
-1049.382716   -61.728395  -0.00014959131843552046
-1049.382716    61.728395  -0.00014959122632382752
-1049.382716   185.185185  -0.00014896644851429669
-1049.382716   308.641975  -0.00014802720908150909
-1049.382716   432.098765  -0.00014677848159031005
-1049.382716   555.555556  -0.00014529203816701807
-1049.382716   679.012346  -0.00014368586696562505
-1049.382716   802.469136  -0.00014209683413006174
-1049.382716   925.925926  -0.00014064659025252944
-1049.382716  1049.382716  -0.00013940072132789894
-1049.382716  1172.839506  -0.00013832114420417478
-1049.382716  1296.296296  -0.00013756898748532538
-1049.382716  1419.753086  -0.00013681534794027567
-1049.382716  1543.209877  -0.00013615096587222920
-1049.382716  1666.666667  -0.00013580603744109019
-1049.382716  1790.123457  -0.00013549893522448066
-1049.382716  1913.580247  -0.00013501298951726058
-1049.382716  2037.037037  -0.00013445237848621640
-1049.382716  2160.493827  -0.00013417712717991398
-1049.382716  2283.950617  -0.00013441721539372010
-1049.382716  2407.407407  -0.00013456579438998815
-1049.382716  2530.864198  -0.00013356330654270833
-1049.382716  2654.320988  -0.00013413390951097409
-1049.382716  2777.777778  -0.00013421803140035386
-1049.382716  2901.234568  -0.00013399855863282937
-1049.382716  3024.691358  -0.00013361097758345496
-1049.382716  3148.148148  -0.00013326728535468341
-1049.382716  3271.604938  -0.00013323861543674669
-1049.382716  3395.061728  -0.00013369657825409366
-1049.382716  3518.518519  -0.00013441331659788246
-1049.382716  3641.975309  -0.00013432027594452868
-1049.382716  3765.432099  -0.00013152807642754789
-1049.382716  3888.888889  -0.00013631361132176247
-1049.382716  4012.345679  -0.00013002397415625238
-1049.382716  4135.802469  -0.00013198005319691082
-1049.382716  4259.259259  -0.00013679521496509268
-1049.382716  4382.716049  -0.00013647537802246188
-1049.382716  4506.172840  -0.00013144277410153299
-1049.382716  4629.629630  -0.00013048339658190708
-1049.382716  4753.086420  -0.00013961813631220181
-1049.382716  4876.543210  -0.00013989760477767620

 -925.925926 -5000.000000  -0.00005502444150301527
 -925.925926 -4876.543210  -0.00014236350655206630
 -925.925926 -4753.086420  -0.00014212755555816648
 -925.925926 -4629.629630  -0.00013284359222462893
 -925.925926 -4506.172840  -0.00013380391198028981
 -925.925926 -4382.716049  -0.00013890390399489899
 -925.925926 -4259.259259  -0.00013921920655901934
 -925.925926 -4135.802469  -0.00013432221582841640
 -925.925926 -4012.345679  -0.00013233794793294381
 -925.925926 -3888.888889  -0.00013873925444991863
 -925.925926 -3765.432099  -0.00013388139124199117
 -925.925926 -3641.975309  -0.00013672359034869107
 -925.925926 -3518.518519  -0.00013681867071549338
 -925.925926 -3395.061728  -0.00013608675727445931
 -925.925926 -3271.604938  -0.00013561647665611288
 -925.925926 -3148.148148  -0.00013564330376233670
 -925.925926 -3024.691358  -0.00013599611005105981
 -925.925926 -2901.234568  -0.00013640046864604879
 -925.925926 -2777.777778  -0.00013663871627179840
 -925.925926 -2654.320988  -0.00013656677201352379
 -925.925926 -2530.864198  -0.00013598771290225422
 -925.925926 -2407.407407  -0.00013702894047886485
 -925.925926 -2283.950617  -0.00013690062675438623
 -925.925926 -2160.493827  -0.00013668028792475047
 -925.925926 -2037.037037  -0.00013699077411743213
 -925.925926 -1913.580247  -0.00013760121567299674
 -925.925926 -1790.123457  -0.00013814852670433167
 -925.925926 -1666.666667  -0.00013853165609829264
 -925.925926 -1543.209877  -0.00013897858595976616
 -925.925926 -1419.753086  -0.00013978607749814972
 -925.925926 -1296.296296  -0.00014073216435624673
 -925.925926 -1172.839506  -0.00014174106914506405
 -925.925926 -1049.382716  -0.00014317037669751782
 -925.925926  -925.925926  -0.00014487499574447203
 -925.925926  -802.469136  -0.00014691300454899194
 -925.925926  -679.012346  -0.00014921763689529897
 -925.925926  -555.555556  -0.00015163267474534924
 -925.925926  -432.098765  -0.00015395107069747215
 -925.925926  -308.641975  -0.00015595680024707209
 -925.925926  -185.185185  -0.00015746994384939342
 -925.925926   -61.728395  -0.00015839499878434683
 -925.925926    61.728395  -0.00015839489762022572
 -925.925926   185.185185  -0.00015746964668493112
 -925.925926   308.641975  -0.00015595634097450805
 -925.925926   432.098765  -0.00015395047840471436
 -925.925926   555.555556  -0.00015163197168780986
 -925.925926   679.012346  -0.00014921683939804679
 -925.925926   802.469136  -0.00014691212533902919
 -925.925926   925.925926  -0.00014487404621294181
 -925.925926  1049.382716  -0.00014316936759164856
 -925.925926  1172.839506  -0.00014174000818965990
 -925.925926  1296.296296  -0.00014073105601916677
 -925.925926  1419.753086  -0.00013978492319413074
 -925.925926  1543.209877  -0.00013897738337412260
 -925.925926  1666.666667  -0.00013853040408822267
 -925.925926  1790.123457  -0.00013814721974696377
 -925.925926  1913.580247  -0.00013759984622725051
 -925.925926  2037.037037  -0.00013698933922448312
 -925.925926  2160.493827  -0.00013667879637188513
 -925.925926  2283.950617  -0.00013689910312703320
 -925.925926  2407.407407  -0.00013702742242559200
 -925.925926  2530.864198  -0.00013598609693039993
 -925.925926  2654.320988  -0.00013656501177209293
 -925.925926  2777.777778  -0.00013663697677240020
 -925.925926  2901.234568  -0.00013639877186659506
 -925.925926  3024.691358  -0.00013599441695072464
 -925.925926  3148.148148  -0.00013564156549418152
 -925.925926  3271.604938  -0.00013561466154356493
 -925.925926  3395.061728  -0.00013608486011783483
 -925.925926  3518.518519  -0.00013681671099475675
 -925.925926  3641.975309  -0.00013672160588863781
 -925.925926  3765.432099  -0.00013387943019378624
 -925.925926  3888.888889  -0.00013873735764924214
 -925.925926  4012.345679  -0.00013233612661959723
 -925.925926  4135.802469  -0.00013432046341675452
 -925.925926  4259.259259  -0.00013921748632043590
 -925.925926  4382.716049  -0.00013890216100747172
 -925.925926  4506.172840  -0.00013380210678377345
 -925.925926  4629.629630  -0.00013284175361898885
 -925.925926  4753.086420  -0.00014212584998383917
 -925.925926  4876.543210  -0.00014236232149014024

 -802.469136 -5000.000000  -0.00005582339443152874
 -802.469136 -4876.543210  -0.00014453821582877100
 -802.469136 -4753.086420  -0.00014433884451508244
 -802.469136 -4629.629630  -0.00013492256212563103
 -802.469136 -4506.172840  -0.00013588388948032479
 -802.469136 -4382.716049  -0.00014104377851816187
 -802.469136 -4259.259259  -0.00014135533514992202
 -802.469136 -4135.802469  -0.00013638607302918386
 -802.469136 -4012.345679  -0.00013437669824166836
 -802.469136 -3888.888889  -0.00014087642491290920
 -802.469136 -3765.432099  -0.00013595482173424782
 -802.469136 -3641.975309  -0.00013884030785212052
 -802.469136 -3518.518519  -0.00013893819173530509
 -802.469136 -3395.061728  -0.00013819313331409199
 -802.469136 -3271.604938  -0.00013771173446474480
 -802.469136 -3148.148148  -0.00013773733308875059
 -802.469136 -3024.691358  -0.00013809942330140240
 -802.469136 -2901.234568  -0.00013851959204421195
 -802.469136 -2777.777778  -0.00013877397212115584
 -802.469136 -2654.320988  -0.00013871221165875417
 -802.469136 -2530.864198  -0.00013813295998998034
 -802.469136 -2407.407407  -0.00013922646201072598
 -802.469136 -2283.950617  -0.00013911839423955323
 -802.469136 -2160.493827  -0.00013891735525855018
 -802.469136 -2037.037037  -0.00013926436481585141
 -802.469136 -1913.580247  -0.00013992753940984687
 -802.469136 -1790.123457  -0.00014054029679094702
 -802.469136 -1666.666667  -0.00014100529132860508
 -802.469136 -1543.209877  -0.00014156408024359850
 -802.469136 -1419.753086  -0.00014253252070557006
 -802.469136 -1296.296296  -0.00014370189779582663
 -802.469136 -1172.839506  -0.00014501889044905888
 -802.469136 -1049.382716  -0.00014688700131199316
 -802.469136  -925.925926  -0.00014919059626086241
 -802.469136  -802.469136  -0.00015203369476120087
 -802.469136  -679.012346  -0.00015536604810170972
 -802.469136  -555.555556  -0.00015898881328322653
 -802.469136  -432.098765  -0.00016258471864745761
 -802.469136  -308.641975  -0.00016577272124547357
 -802.469136  -185.185185  -0.00016818715594596736
 -802.469136   -61.728395  -0.00016958137628327564
 -802.469136    61.728395  -0.00016958126381359838
 -802.469136   185.185185  -0.00016818682988964696
 -802.469136   308.641975  -0.00016577222871154987
 -802.469136   432.098765  -0.00016258409986312869
 -802.469136   555.555556  -0.00015898809840358627
 -802.469136   679.012346  -0.00015536525796422314
 -802.469136   802.469136  -0.00015203284373823843
 -802.469136   925.925926  -0.00014918969536361796
 -802.469136  1049.382716  -0.00014688605969910744
 -802.469136  1172.839506  -0.00014501791349327137
 -802.469136  1296.296296  -0.00014370088700633768
 -802.469136  1419.753086  -0.00014253147545784730
 -802.469136  1543.209877  -0.00014156299663159412
 -802.469136  1666.666667  -0.00014100416696848341
 -802.469136  1790.123457  -0.00014053912604371967
 -802.469136  1913.580247  -0.00013992631542379327
 -802.469136  2037.037037  -0.00013926308515324653
 -802.469136  2160.493827  -0.00013891602787121979
 -802.469136  2283.950617  -0.00013911704055777775
 -802.469136  2407.407407  -0.00013922511391001503
 -802.469136  2530.864198  -0.00013813152516454615
 -802.469136  2654.320988  -0.00013871065095792638
 -802.469136  2777.777778  -0.00013877243047709939
 -802.469136  2901.234568  -0.00013851808862775880
 -802.469136  3024.691358  -0.00013809792362326411
 -802.469136  3148.148148  -0.00013773579405465904
 -802.469136  3271.604938  -0.00013771012813490338
 -802.469136  3395.061728  -0.00013819145511731996
 -802.469136  3518.518519  -0.00013893645888825748
 -802.469136  3641.975309  -0.00013883855373396703
 -802.469136  3765.432099  -0.00013595308872890491
 -802.469136  3888.888889  -0.00014087474929889740
 -802.469136  4012.345679  -0.00013437508972723088
 -802.469136  4135.802469  -0.00013638452610429059
 -802.469136  4259.259259  -0.00014135381761946553
 -802.469136  4382.716049  -0.00014104224194955633
 -802.469136  4506.172840  -0.00013588229904235502
 -802.469136  4629.629630  -0.00013492094329538691
 -802.469136  4753.086420  -0.00014433734412982294
 -802.469136  4876.543210  -0.00014453717495955767

 -679.012346 -5000.000000  -0.00005650852252740457
 -679.012346 -4876.543210  -0.00014639935520234783
 -679.012346 -4753.086420  -0.00014622995546396066
 -679.012346 -4629.629630  -0.00013669992256322322
 -679.012346 -4506.172840  -0.00013766228074439291
 -679.012346 -4382.716049  -0.00014287381560841423
 -679.012346 -4259.259259  -0.00014318238973210585
 -679.012346 -4135.802469  -0.00013815123754310832
 -679.012346 -4012.345679  -0.00013612023945059273
 -679.012346 -3888.888889  -0.00014270417523173110
 -679.012346 -3765.432099  -0.00013772795667392682
 -679.012346 -3641.975309  -0.00014065014875258211
 -679.012346 -3518.518519  -0.00014075086850013848
 -679.012346 -3395.061728  -0.00013999473826877809
 -679.012346 -3271.604938  -0.00013950386942062032
 -679.012346 -3148.148148  -0.00013952878220539449
 -679.012346 -3024.691358  -0.00013989955940701965
 -679.012346 -2901.234568  -0.00014033391368612562
 -679.012346 -2777.777778  -0.00014060216861851670
 -679.012346 -2654.320988  -0.00014054915342957591
 -679.012346 -2530.864198  -0.00013997301142461209
 -679.012346 -2407.407407  -0.00014111803359663432
 -679.012346 -2283.950617  -0.00014102882698880718
 -679.012346 -2160.493827  -0.00014084672811918354
 -679.012346 -2037.037037  -0.00014123009496112211
 -679.012346 -1913.580247  -0.00014194635353393813
 -679.012346 -1790.123457  -0.00014262593217347259
 -679.012346 -1666.666667  -0.00014317568997291200
 -679.012346 -1543.209877  -0.00014385183939386116
 -679.012346 -1419.753086  -0.00014499236304766838
 -679.012346 -1296.296296  -0.00014640892464700249
 -679.012346 -1172.839506  -0.00014807443922393122
 -679.012346 -1049.382716  -0.00015046948705329860
 -679.012346  -925.925926  -0.00015351487019671435
 -679.012346  -802.469136  -0.00015740375929732927
 -679.012346  -679.012346  -0.00016214952600916488
 -679.012346  -555.555556  -0.00016751908021751601
 -679.012346  -432.098765  -0.00017303504687284416
 -679.012346  -308.641975  -0.00017804678243816640
 -679.012346  -185.185185  -0.00018187023094993679
 -679.012346   -61.728395  -0.00018399661969242115
 -679.012346    61.728395  -0.00018399649324028999
 -679.012346   185.185185  -0.00018186987094489444
 -679.012346   308.641975  -0.00017804625411477952
 -679.012346   432.098765  -0.00017303440414318745
 -679.012346   555.555556  -0.00016751836165251205
 -679.012346   679.012346  -0.00016214875607937666
 -679.012346   802.469136  -0.00015740295249162039
 -679.012346   925.925926  -0.00015351403563719195
 -679.012346  1049.382716  -0.00015046863122494914
 -679.012346  1172.839506  -0.00014807356443736800
 -679.012346  1296.296296  -0.00014640802890240298
 -679.012346  1419.753086  -0.00014499144370076937
 -679.012346  1543.209877  -0.00014385089108793155
 -679.012346  1666.666667  -0.00014317470931524633
 -679.012346  1790.123457  -0.00014262491365679250
 -679.012346  1913.580247  -0.00014194529116122161
 -679.012346  2037.037037  -0.00014122898682249714
 -679.012346  2160.493827  -0.00014084558116951882
 -679.012346  2283.950617  -0.00014102765927463361
 -679.012346  2407.407407  -0.00014111687118103380
 -679.012346  2530.864198  -0.00013997177437854517
 -679.012346  2654.320988  -0.00014054780965636065
 -679.012346  2777.777778  -0.00014060084186893028
 -679.012346  2901.234568  -0.00014033262022122766
 -679.012346  3024.691358  -0.00013989826959955737
 -679.012346  3148.148148  -0.00013952745907485666
 -679.012346  3271.604938  -0.00013950248898808514
 -679.012346  3395.061728  -0.00013999329661770114
 -679.012346  3518.518519  -0.00014074938042922706
 -679.012346  3641.975309  -0.00014064864290689948
 -679.012346  3765.432099  -0.00013772646930004161
 -679.012346  3888.888889  -0.00014270273771924870
 -679.012346  4012.345679  -0.00013611885987366648
 -679.012346  4135.802469  -0.00013814991145926772
 -679.012346  4259.259259  -0.00014318108969269309
 -679.012346  4382.716049  -0.00014287250002694454
 -679.012346  4506.172840  -0.00013766091967227281
 -679.012346  4629.629630  -0.00013669853792225978
 -679.012346  4753.086420  -0.00014622867328509473
 -679.012346  4876.543210  -0.00014639846742004565

 -555.555556 -5000.000000  -0.00005706946086051515
 -555.555556 -4876.543210  -0.00014792331933380205
 -555.555556 -4753.086420  -0.00014777842433083752
 -555.555556 -4629.629630  -0.00013815517635339586
 -555.555556 -4506.172840  -0.00013911828902121121
 -555.555556 -4382.716049  -0.00014437201940019131
 -555.555556 -4259.259259  -0.00014467808120336836
 -555.555556 -4135.802469  -0.00013959624086456958
 -555.555556 -4012.345679  -0.00013754759648480799
 -555.555556 -3888.888889  -0.00014420053965139389
 -555.555556 -3765.432099  -0.00013917940012976687
 -555.555556 -3641.975309  -0.00014213234665181611
 -555.555556 -3518.518519  -0.00014223479422725973
 -555.555556 -3395.061728  -0.00014146972997334647
 -555.555556 -3271.604938  -0.00014097177058928763
 -555.555556 -3148.148148  -0.00014099641997961996
 -555.555556 -3024.691358  -0.00014137406376319331
 -555.555556 -2901.234568  -0.00014182006692396040
 -555.555556 -2777.777778  -0.00014210097460356835
 -555.555556 -2654.320988  -0.00014205681603575321
 -555.555556 -2530.864198  -0.00014147951162253597
 -555.555556 -2407.407407  -0.00014265431161259806
 -555.555556 -2283.950617  -0.00014258136672587603
 -555.555556 -2160.493827  -0.00014241870757206789
 -555.555556 -2037.037037  -0.00014283649340272894
 -555.555556 -1913.580247  -0.00014360258945368508
 -555.555556 -1790.123457  -0.00014434662331987540
 -555.555556 -1666.666667  -0.00014498019681376587
 -555.555556 -1543.209877  -0.00014577325330733250
 -555.555556 -1419.753086  -0.00014708660055761584
 -555.555556 -1296.296296  -0.00014876058901584527
 -555.555556 -1172.839506  -0.00015079363987476518
 -555.555556 -1049.382716  -0.00015378033296278281
 -555.555556  -925.925926  -0.00015767667486836205
 -555.555556  -802.469136  -0.00016281282971048632
 -555.555556  -679.012346  -0.00016933049518926403
 -555.555556  -555.555556  -0.00017698746270803305
 -555.555556  -432.098765  -0.00018510301525676525
 -555.555556  -308.641975  -0.00019264416305677176
 -555.555556  -185.185185  -0.00019845271696670709
 -555.555556   -61.728395  -0.00020161319964987420
 -555.555556    61.728395  -0.00020161305834922119
 -555.555556   185.185185  -0.00019845232321809449
 -555.555556   308.641975  -0.00019264360369009831
 -555.555556   432.098765  -0.00018510235893576287
 -555.555556   555.555556  -0.00017698675569928704
 -555.555556   679.012346  -0.00016932976385841623
 -555.555556   802.469136  -0.00016281208667576571
 -555.555556   925.925926  -0.00015767592574158397
 -555.555556  1049.382716  -0.00015377958060795981
 -555.555556  1172.839506  -0.00015079288311447143
 -555.555556  1296.296296  -0.00014875982213097161
 -555.555556  1419.753086  -0.00014708581922382390
 -555.555556  1543.209877  -0.00014577245112965440
 -555.555556  1666.666667  -0.00014497936981453595
 -555.555556  1790.123457  -0.00014434576646325421
 -555.555556  1913.580247  -0.00014360169776409982
 -555.555556  2037.037037  -0.00014283556545400424
 -555.555556  2160.493827  -0.00014241774912402232
 -555.555556  2283.950617  -0.00014258039228515765
 -555.555556  2407.407407  -0.00014265334169453550
 -555.555556  2530.864198  -0.00014147847987512206
 -555.555556  2654.320988  -0.00014205569658576339
 -555.555556  2777.777778  -0.00014209986963563347
 -555.555556  2901.234568  -0.00014181898984726176
 -555.555556  3024.691358  -0.00014137299002579384
 -555.555556  3148.148148  -0.00014099531891362607
 -555.555556  3271.604938  -0.00014097062228242625
 -555.555556  3395.061728  -0.00014146853116254424
 -555.555556  3518.518519  -0.00014223355720981016
 -555.555556  3641.975309  -0.00014213109520971935
 -555.555556  3765.432099  -0.00013917816424966072
 -555.555556  3888.888889  -0.00014419934548801970
 -555.555556  4012.345679  -0.00013754645067759109
 -555.555556  4135.802469  -0.00013959513985733538
 -555.555556  4259.259259  -0.00014467700233576712
 -555.555556  4382.716049  -0.00014437092822155902
 -555.555556  4506.172840  -0.00013911716070558988
 -555.555556  4629.629630  -0.00013815402909443815
 -555.555556  4753.086420  -0.00014777736259532061
 -555.555556  4876.543210  -0.00014792258485247533

 -432.098765 -5000.000000  -0.00005750121765922753
 -432.098765 -4876.543210  -0.00014909835035163628
 -432.098765 -4753.086420  -0.00014897289294826262
 -432.098765 -4629.629630  -0.00013927789685447167
 -432.098765 -4506.172840  -0.00014024138861297436
 -432.098765 -4382.716049  -0.00014552734552280921
 -432.098765 -4259.259259  -0.00014583126948307368
 -432.098765 -4135.802469  -0.00014071035906138704
 -432.098765 -4012.345679  -0.00013864827978708909
 -432.098765 -3888.888889  -0.00014535453266917083
 -432.098765 -3765.432099  -0.00014029842093893951
 -432.098765 -3641.975309  -0.00014327642434064613
 -432.098765 -3518.518519  -0.00014337892870066403
 -432.098765 -3395.061728  -0.00014260707181865012
 -432.098765 -3271.604938  -0.00014210471518167996
 -432.098765 -3148.148148  -0.00014212942850872604
 -432.098765 -3024.691358  -0.00014251148414993594
 -432.098765 -2901.234568  -0.00014296607338385543
 -432.098765 -2777.777778  -0.00014325874461259782
 -432.098765 -2654.320988  -0.00014322406345495896
 -432.098765 -2530.864198  -0.00014263749473747916
 -432.098765 -2407.407407  -0.00014381036298086579
 -432.098765 -2283.950617  -0.00014375014620302015
 -432.098765 -2160.493827  -0.00014360706988815456
 -432.098765 -2037.037037  -0.00014405537653099863
 -432.098765 -1913.580247  -0.00014486477373578516
 -432.098765 -1790.123457  -0.00014566688840273435
 -432.098765 -1666.666667  -0.00014637830036522170
 -432.098765 -1543.209877  -0.00014728015547762975
 -432.098765 -1419.753086  -0.00014875435815388599
 -432.098765 -1296.296296  -0.00015067634335668228
 -432.098765 -1172.839506  -0.00015306569679832067
 -432.098765 -1049.382716  -0.00015665974840441770
 -432.098765  -925.925926  -0.00016144219825562348
 -432.098765  -802.469136  -0.00016791374472922415
 -432.098765  -679.012346  -0.00017640138857440371
 -432.098765  -555.555556  -0.00018668708753701697
 -432.098765  -432.098765  -0.00019786915403828989
 -432.098765  -308.641975  -0.00020845639590745012
 -432.098765  -185.185185  -0.00021669500016828597
 -432.098765   -61.728395  -0.00022112815987963797
 -432.098765    61.728395  -0.00022112800839407850
 -432.098765   185.185185  -0.00021669458722955933
 -432.098765   308.641975  -0.00020845582799972645
 -432.098765   432.098765  -0.00019786851166325435
 -432.098765   555.555556  -0.00018668642163232658
 -432.098765   679.012346  -0.00017640072481091504
 -432.098765   802.469136  -0.00016791309198353676
 -432.098765   925.925926  -0.00016144155755448347
 -432.098765  1049.382716  -0.00015665911863752625
 -432.098765  1172.839506  -0.00015306507349609482
 -432.098765  1296.296296  -0.00015067571760652655
 -432.098765  1419.753086  -0.00014875372465364859
 -432.098765  1543.209877  -0.00014727950751222059
 -432.098765  1666.666667  -0.00014637763395773667
 -432.098765  1790.123457  -0.00014566619936557903
 -432.098765  1913.580247  -0.00014486405824322399
 -432.098765  2037.037037  -0.00014405463354670207
 -432.098765  2160.493827  -0.00014360630378131351
 -432.098765  2283.950617  -0.00014374936788659620
 -432.098765  2407.407407  -0.00014380958790554936
 -432.098765  2530.864198  -0.00014263667113800628
 -432.098765  2654.320988  -0.00014322317061849150
 -432.098765  2777.777778  -0.00014325786318429118
 -432.098765  2901.234568  -0.00014296521404487489
 -432.098765  3024.691358  -0.00014251062756228238
 -432.098765  3148.148148  -0.00014212855042076760
 -432.098765  3271.604938  -0.00014210379979457389
 -432.098765  3395.061728  -0.00014260611651383906
 -432.098765  3518.518519  -0.00014337794322863100
 -432.098765  3641.975309  -0.00014327542757111239
 -432.098765  3765.432099  -0.00014029743660710299
 -432.098765  3888.888889  -0.00014535358138280540
 -432.098765  4012.345679  -0.00013864736705055490
 -432.098765  4135.802469  -0.00014070948197400027
 -432.098765  4259.259259  -0.00014583041013387375
 -432.098765  4382.716049  -0.00014552647681570152
 -432.098765  4506.172840  -0.00014024049104511505
 -432.098765  4629.629630  -0.00013927698477076171
 -432.098765  4753.086420  -0.00014897204879481542
 -432.098765  4876.543210  -0.00014909776545108774

 -308.641975 -5000.000000  -0.00005780995861388003
 -308.641975 -4876.543210  -0.00014993864078740671
 -308.641975 -4753.086420  -0.00014982691609137248
 -308.641975 -4629.629630  -0.00014008050471201136
 -308.641975 -4506.172840  -0.00014104422920217628
 -308.641975 -4382.716049  -0.00014635320968921361
 -308.641975 -4259.259259  -0.00014665558554104868
 -308.641975 -4135.802469  -0.00014150676349046219
 -308.641975 -4012.345679  -0.00013943519221756300
 -308.641975 -3888.888889  -0.00014617966339045137
 -308.641975 -3765.432099  -0.00014109813916407808
 -308.641975 -3641.975309  -0.00014409513992610107
 -308.641975 -3518.518519  -0.00014419656918499696
 -308.641975 -3395.061728  -0.00014341991783501561
 -308.641975 -3271.604938  -0.00014291533400833959
 -308.641975 -3148.148148  -0.00014294034951008866
 -308.641975 -3024.691358  -0.00014332482760921793
 -308.641975 -2901.234568  -0.00014378517287209409
 -308.641975 -2777.777778  -0.00014408780303874999
 -308.641975 -2654.320988  -0.00014406188294181722
 -308.641975 -2530.864198  -0.00014346132046813754
 -308.641975 -2407.407407  -0.00014461186651172135
 -308.641975 -2283.950617  -0.00014456066954774666
 -308.641975 -2160.493827  -0.00014443489427303627
 -308.641975 -2037.037037  -0.00014490781059909775
 -308.641975 -1913.580247  -0.00014575179430711138
 -308.641975 -1790.123457  -0.00014660198448867429
 -308.641975 -1666.666667  -0.00014737936158154791
 -308.641975 -1543.209877  -0.00014837324600041214
 -308.641975 -1419.753086  -0.00014998321736262301
 -308.641975 -1296.296296  -0.00015212045430897591
 -308.641975 -1172.839506  -0.00015481948659535870
 -308.641975 -1049.382716  -0.00015896680157546892
 -308.641975  -925.925926  -0.00016456377345386758
 -308.641975  -802.469136  -0.00017228370323997400
 -308.641975  -679.012346  -0.00018266070914440248
 -308.641975  -555.555556  -0.00019552875927973784
 -308.641975  -432.098765  -0.00020978624465781647
 -308.641975  -308.641975  -0.00022348609248351177
 -308.641975  -185.185185  -0.00023425141974502467
 -308.641975   -61.728395  -0.00024001672710068057
 -308.641975    61.728395  -0.00024001657960257369
 -308.641975   185.185185  -0.00023425102593967084
 -308.641975   308.641975  -0.00022348556677640269
 -308.641975   432.098765  -0.00020978566997181182
 -308.641975   555.555556  -0.00019552818499326278
 -308.641975   679.012346  -0.00018266015701385780
 -308.641975   802.469136  -0.00017228317739807365
 -308.641975   925.925926  -0.00016456327057561340
 -308.641975  1049.382716  -0.00015896631730347846
 -308.641975  1172.839506  -0.00015481901431625792
 -308.641975  1296.296296  -0.00015211998355014230
 -308.641975  1419.753086  -0.00014998274288846965
 -308.641975  1543.209877  -0.00014837276177186160
 -308.641975  1666.666667  -0.00014737886428590918
 -308.641975  1790.123457  -0.00014660147111471910
 -308.641975  1913.580247  -0.00014575126222765483
 -308.641975  2037.037037  -0.00014490725904793631
 -308.641975  2160.493827  -0.00014443432610309763
 -308.641975  2283.950617  -0.00014456009215729982
 -308.641975  2407.407407  -0.00014461129082550368
 -308.641975  2530.864198  -0.00014346070988957679
 -308.641975  2654.320988  -0.00014406122128069195
 -308.641975  2777.777778  -0.00014408714934389119
 -308.641975  2901.234568  -0.00014378453514594919
 -308.641975  3024.691358  -0.00014332419183536572
 -308.641975  3148.148148  -0.00014293969796764965
 -308.641975  3271.604938  -0.00014291465508834594
 -308.641975  3395.061728  -0.00014341920957380998
 -308.641975  3518.518519  -0.00014419583872972544
 -308.641975  3641.975309  -0.00014409440114736586
 -308.641975  3765.432099  -0.00014109740950744894
 -308.641975  3888.888889  -0.00014617895769325552
 -308.641975  4012.345679  -0.00013943451497143203
 -308.641975  4135.802469  -0.00014150611233669567
 -308.641975  4259.259259  -0.00014665494733095941
 -308.641975  4382.716049  -0.00014635256484095779
 -308.641975  4506.172840  -0.00014104356367367101
 -308.641975  4629.629630  -0.00014007982890954469
 -308.641975  4753.086420  -0.00014982629003350799
 -308.641975  4876.543210  -0.00014993820484378686

 -185.185185 -5000.000000  -0.00005801777467999632
 -185.185185 -4876.543210  -0.00015050077548503694
 -185.185185 -4753.086420  -0.00015039693993664267
 -185.185185 -4629.629630  -0.00014061566977473792
 -185.185185 -4506.172840  -0.00014157979639960002
 -185.185185 -4382.716049  -0.00014690466691962115
 -185.185185 -4259.259259  -0.00014720634515501732
 -185.185185 -4135.802469  -0.00014203892759747036
 -185.185185 -4012.345679  -0.00013996097432570175
 -185.185185 -3888.888889  -0.00014673105487697865
 -185.185185 -3765.432099  -0.00014163240907455273
 -185.185185 -3641.975309  -0.00014464178804012205
 -185.185185 -3518.518519  -0.00014474268690650057
 -185.185185 -3395.061728  -0.00014396279028030921
 -185.185185 -3271.604938  -0.00014345655846729848
 -185.185185 -3148.148148  -0.00014348183403295722
 -185.185185 -3024.691358  -0.00014386823481193464
 -185.185185 -2901.234568  -0.00014433260665966662
 -185.185185 -2777.777778  -0.00014464153594620740
 -185.185185 -2654.320988  -0.00014462092179226530
 -185.185185 -2530.864198  -0.00014401260804744223
 -185.185185 -2407.407407  -0.00014515575004393102
 -185.185185 -2283.950617  -0.00014511128327333295
 -185.185185 -2160.493827  -0.00014499627646326311
 -185.185185 -2037.037037  -0.00014548589950203364
 -185.185185 -1913.580247  -0.00014635486798386722
 -185.185185 -1790.123457  -0.00014724032657686021
 -185.185185 -1666.666667  -0.00014806588306434817
 -185.185185 -1543.209877  -0.00014912679305967251
 -185.185185 -1419.753086  -0.00015083629539435097
 -185.185185 -1296.296296  -0.00015313309817964826
 -185.185185 -1172.839506  -0.00015606028039292789
 -185.185185 -1049.382716  -0.00016062867084876861
 -185.185185  -925.925926  -0.00016684853687979731
 -185.185185  -802.469136  -0.00017552903327943466
 -185.185185  -679.012346  -0.00018737993864811837
 -185.185185  -555.555556  -0.00020229494341218336
 -185.185185  -432.098765  -0.00021903101464898684
 -185.185185  -308.641975  -0.00023528383771827190
 -185.185185  -185.185185  -0.00024815933469978055
 -185.185185   -61.728395  -0.00025504125963710339
 -185.185185    61.728395  -0.00025504114282277521
 -185.185185   185.185185  -0.00024815902872131360
 -185.185185   308.641975  -0.00023528343977922544
 -185.185185   432.098765  -0.00021903059249749575
 -185.185185   555.555556  -0.00020229453513876403
 -185.185185   679.012346  -0.00018737955876215484
 -185.185185   802.469136  -0.00017552868183718943
 -185.185185   925.925926  -0.00016684820843677672
 -185.185185  1049.382716  -0.00016062836000928438
 -185.185185  1172.839506  -0.00015605998072968968
 -185.185185  1296.296296  -0.00015313280059809143
 -185.185185  1419.753086  -0.00015083599599572815
 -185.185185  1543.209877  -0.00014912648762354936
 -185.185185  1666.666667  -0.00014806556952571219
 -185.185185  1790.123457  -0.00014724000326588223
 -185.185185  1913.580247  -0.00014635453341278168
 -185.185185  2037.037037  -0.00014548555309056995
 -185.185185  2160.493827  -0.00014499591959405594
 -185.185185  2283.950617  -0.00014511092006874236
 -185.185185  2407.407407  -0.00014515538725570377
 -185.185185  2530.864198  -0.00014401222419447446
 -185.185185  2654.320988  -0.00014462050572839507
 -185.185185  2777.777778  -0.00014464112438437608
 -185.185185  2901.234568  -0.00014433220474006014
 -185.185185  3024.691358  -0.00014386783397483922
 -185.185185  3148.148148  -0.00014348142333761316
 -185.185185  3271.604938  -0.00014345613069907491
 -185.185185  3395.061728  -0.00014396234418852753
 -185.185185  3518.518519  -0.00014474222691522912
 -185.185185  3641.975309  -0.00014464132277426691
 -185.185185  3765.432099  -0.00014163194941769081
 -185.185185  3888.888889  -0.00014673060977477156
 -185.185185  4012.345679  -0.00013996054696665080
 -185.185185  4135.802469  -0.00014203851630496364
 -185.185185  4259.259259  -0.00014720594174377422
 -185.185185  4382.716049  -0.00014690425947932385
 -185.185185  4506.172840  -0.00014157937643894918
 -185.185185  4629.629630  -0.00014061524365916969
 -185.185185  4753.086420  -0.00015039654455294634
 -185.185185  4876.543210  -0.00015050049806610851

  -61.728395 -5000.000000  -0.00005816643338123952
  -61.728395 -4876.543210  -0.00015090251248388764
  -61.728395 -4753.086420  -0.00015080445194331869
  -61.728395 -4629.629630  -0.00014099833818147559
  -61.728395 -4506.172840  -0.00014196282851347384
  -61.728395 -4382.716049  -0.00014729926139995532
  -61.728395 -4259.259259  -0.00014760075439657443
  -61.728395 -4135.802469  -0.00014242028980060076
  -61.728395 -4012.345679  -0.00014033778799463938
  -61.728395 -3888.888889  -0.00014712616848746733
  -61.728395 -3765.432099  -0.00014201639865198682
  -61.728395 -3641.975309  -0.00014503185612985554
  -61.728395 -3518.518519  -0.00014513512910098553
  -61.728395 -3395.061728  -0.00014435254973261963
  -61.728395 -3271.604938  -0.00014384254906561433
  -61.728395 -3148.148148  -0.00014386719549191931
  -61.728395 -3024.691358  -0.00014425687191461524
  -61.728395 -2901.234568  -0.00014472535414522382
  -61.728395 -2777.777778  -0.00014503529053828889
  -61.728395 -2654.320988  -0.00014501408286322901
  -61.728395 -2530.864198  -0.00014442016841346316
  -61.728395 -2407.407407  -0.00014562526338384693
  -61.728395 -2283.950617  -0.00014558943795316007
  -61.728395 -2160.493827  -0.00014547392818986933
  -61.728395 -2037.037037  -0.00014597039801265494
  -61.728395 -1913.580247  -0.00014685470932799879
  -61.728395 -1790.123457  -0.00014776091448654918
  -61.728395 -1666.666667  -0.00014861231876809090
  -61.728395 -1543.209877  -0.00014970961289511979
  -61.728395 -1419.753086  -0.00015147607557502188
  -61.728395 -1296.296296  -0.00015385984607085683
  -61.728395 -1172.839506  -0.00015690679627661255
  -61.728395 -1049.382716  -0.00016169799894658795
  -61.728395  -925.925926  -0.00016824693023094917
  -61.728395  -802.469136  -0.00017743357703690679
  -61.728395  -679.012346  -0.00019006129336005800
  -61.728395  -555.555556  -0.00020605919435582890
  -61.728395  -432.098765  -0.00022411484657711776
  -61.728395  -308.641975  -0.00024173725437814499
  -61.728395  -185.185185  -0.00025575014248450565
  -61.728395   -61.728395  -0.00026321553472942661
  -61.728395    61.728395  -0.00026321548864650848
  -61.728395   185.185185  -0.00025575002401756366
  -61.728395   308.641975  -0.00024173710339112878
  -61.728395   432.098765  -0.00022411468990636956
  -61.728395   555.555556  -0.00020605904633467698
  -61.728395   679.012346  -0.00019006115869692612
  -61.728395   802.469136  -0.00017743345476815904
  -61.728395   925.925926  -0.00016824681746968433
  -61.728395  1049.382716  -0.00016169789314859684
  -61.728395  1172.839506  -0.00015690669474471757
  -61.728395  1296.296296  -0.00015385974520333904
  -61.728395  1419.753086  -0.00015147597406145485
  -61.728395  1543.209877  -0.00014970950934509156
  -61.728395  1666.666667  -0.00014861221261692795
  -61.728395  1790.123457  -0.00014776080526700958
  -61.728395  1913.580247  -0.00014685459652441892
  -61.728395  2037.037037  -0.00014597028129594857
  -61.728395  2160.493827  -0.00014547380783177648
  -61.728395  2283.950617  -0.00014558931521814358
  -61.728395  2407.407407  -0.00014562514069703364
  -61.728395  2530.864198  -0.00014442003860918110
  -61.728395  2654.320988  -0.00014501394219989923
  -61.728395  2777.777778  -0.00014503515135217877
  -61.728395  2901.234568  -0.00014472521815001672
  -61.728395  3024.691358  -0.00014425673623686842
  -61.728395  3148.148148  -0.00014386705647615776
  -61.728395  3271.604938  -0.00014384240431245494
  -61.728395  3395.061728  -0.00014435239883332066
  -61.728395  3518.518519  -0.00014513497353181939
  -61.728395  3641.975309  -0.00014503169876969846
  -61.728395  3765.432099  -0.00014201624317021738
  -61.728395  3888.888889  -0.00014712601784371956
  -61.728395  4012.345679  -0.00014033764329619621
  -61.728395  4135.802469  -0.00014242015047875194
  -61.728395  4259.259259  -0.00014760061772073579
  -61.728395  4382.716049  -0.00014729912341655254
  -61.728395  4506.172840  -0.00014196268641395441
  -61.728395  4629.629630  -0.00014099819410380834
  -61.728395  4753.086420  -0.00015080431821134238
  -61.728395  4876.543210  -0.00015090241828886816

   61.728395 -5000.000000  -0.00005816643290997983
   61.728395 -4876.543210  -0.00015090241828893586
   61.728395 -4753.086420  -0.00015080431821143657
   61.728395 -4629.629630  -0.00014099819410390077
   61.728395 -4506.172840  -0.00014196268641403583
   61.728395 -4382.716049  -0.00014729912341662378
   61.728395 -4259.259259  -0.00014760061772080014
   61.728395 -4135.802469  -0.00014242015047881166
   61.728395 -4012.345679  -0.00014033764329625181
   61.728395 -3888.888889  -0.00014712601784377426
   61.728395 -3765.432099  -0.00014201624317028419
   61.728395 -3641.975309  -0.00014503169876977129
   61.728395 -3518.518519  -0.00014513497353188973
   61.728395 -3395.061728  -0.00014435239883338195
   61.728395 -3271.604938  -0.00014384240431250910
   61.728395 -3148.148148  -0.00014386705647620828
   61.728395 -3024.691358  -0.00014425673623691754
   61.728395 -2901.234568  -0.00014472521815006573
   61.728395 -2777.777778  -0.00014503515135222850
   61.728395 -2654.320988  -0.00014501394219995105
   61.728395 -2530.864198  -0.00014442003860923577
   61.728395 -2407.407407  -0.00014562514069708178
   61.728395 -2283.950617  -0.00014558931521819346
   61.728395 -2160.493827  -0.00014547380783181866
   61.728395 -2037.037037  -0.00014597028129598592
   61.728395 -1913.580247  -0.00014685459652445760
   61.728395 -1790.123457  -0.00014776080526705229
   61.728395 -1666.666667  -0.00014861221261697110
   61.728395 -1543.209877  -0.00014970950934512780
   61.728395 -1419.753086  -0.00015147597406148190
   61.728395 -1296.296296  -0.00015385974520337698
   61.728395 -1172.839506  -0.00015690669474475148
   61.728395 -1049.382716  -0.00016169789314862934
   61.728395  -925.925926  -0.00016824681746971628
   61.728395  -802.469136  -0.00017743345476819164
   61.728395  -679.012346  -0.00019006115869696098
   61.728395  -555.555556  -0.00020605904633471496
   61.728395  -432.098765  -0.00022411468990640940
   61.728395  -308.641975  -0.00024173710339116502
   61.728395  -185.185185  -0.00025575002401758958
   61.728395   -61.728395  -0.00026321548864651851
   61.728395    61.728395  -0.00026321553472941951
   61.728395   185.185185  -0.00025575014248447952
   61.728395   308.641975  -0.00024173725437810737
   61.728395   432.098765  -0.00022411484657707738
   61.728395   555.555556  -0.00020605919435579193
   61.728395   679.012346  -0.00019006129336002594
   61.728395   802.469136  -0.00017743357703687827
   61.728395   925.925926  -0.00016824693023092231
   61.728395  1049.382716  -0.00016169799894656084
   61.728395  1172.839506  -0.00015690679627658333
   61.728395  1296.296296  -0.00015385984607083005
   61.728395  1419.753086  -0.00015147607557500396
   61.728395  1543.209877  -0.00014970961289509154
   61.728395  1666.666667  -0.00014861231876805734
   61.728395  1790.123457  -0.00014776091448651753
   61.728395  1913.580247  -0.00014685470932797011
   61.728395  2037.037037  -0.00014597039801262482
   61.728395  2160.493827  -0.00014547392818983328
   61.728395  2283.950617  -0.00014558943795311977
   61.728395  2407.407407  -0.00014562526338381270
   61.728395  2530.864198  -0.00014442016841341974
   61.728395  2654.320988  -0.00014501408286318886
   61.728395  2777.777778  -0.00014503529053824685
   61.728395  2901.234568  -0.00014472535414517898
   61.728395  3024.691358  -0.00014425687191456843
   61.728395  3148.148148  -0.00014386719549187133
   61.728395  3271.604938  -0.00014384254906556372
   61.728395  3395.061728  -0.00014435254973256252
   61.728395  3518.518519  -0.00014513512910091888
   61.728395  3641.975309  -0.00014503185612978425
   61.728395  3765.432099  -0.00014201639865191938
   61.728395  3888.888889  -0.00014712616848741434
   61.728395  4012.345679  -0.00014033778799458528
   61.728395  4135.802469  -0.00014242028980054314
   61.728395  4259.259259  -0.00014760075439651291
   61.728395  4382.716049  -0.00014729926139988707
   61.728395  4506.172840  -0.00014196282851339462
   61.728395  4629.629630  -0.00014099833818138454
   61.728395  4753.086420  -0.00015080445194322589
   61.728395  4876.543210  -0.00015090251248382275

  185.185185 -5000.000000  -0.00005801777672295504
  185.185185 -4876.543210  -0.00015050049806618552
  185.185185 -4753.086420  -0.00015039654455304937
  185.185185 -4629.629630  -0.00014061524365926930
  185.185185 -4506.172840  -0.00014157937643903711
  185.185185 -4382.716049  -0.00014690425947940229
  185.185185 -4259.259259  -0.00014720594174384726
  185.185185 -4135.802469  -0.00014203851630503324
  185.185185 -4012.345679  -0.00013996054696671650
  185.185185 -3888.888889  -0.00014673060977483531
  185.185185 -3765.432099  -0.00014163194941776774
  185.185185 -3641.975309  -0.00014464132277435129
  185.185185 -3518.518519  -0.00014474222691530922
  185.185185 -3395.061728  -0.00014396234418859817
  185.185185 -3271.604938  -0.00014345613069913929
  185.185185 -3148.148148  -0.00014348142333767488
  185.185185 -3024.691358  -0.00014386783397489971
  185.185185 -2901.234568  -0.00014433220474011936
  185.185185 -2777.777778  -0.00014464112438443525
  185.185185 -2654.320988  -0.00014462050572845671
  185.185185 -2530.864198  -0.00014401222419453959
  185.185185 -2407.407407  -0.00014515538725575844
  185.185185 -2283.950617  -0.00014511092006879852
  185.185185 -2160.493827  -0.00014499591959410532
  185.185185 -2037.037037  -0.00014548555309061554
  185.185185 -1913.580247  -0.00014635453341282841
  185.185185 -1790.123457  -0.00014724000326593202
  185.185185 -1666.666667  -0.00014806556952576201
  185.185185 -1543.209877  -0.00014912648762359314
  185.185185 -1419.753086  -0.00015083599599576437
  185.185185 -1296.296296  -0.00015313280059813715
  185.185185 -1172.839506  -0.00015605998072972522
  185.185185 -1049.382716  -0.00016062836000931856
  185.185185  -925.925926  -0.00016684820843681020
  185.185185  -802.469136  -0.00017552868183722212
  185.185185  -679.012346  -0.00018737955876218845
  185.185185  -555.555556  -0.00020229453513879992
  185.185185  -432.098765  -0.00021903059249753318
  185.185185  -308.641975  -0.00023528343977925875
  185.185185  -185.185185  -0.00024815902872133425
  185.185185   -61.728395  -0.00025504114282277895
  185.185185    61.728395  -0.00025504125963709358
  185.185185   185.185185  -0.00024815933469975426
  185.185185   308.641975  -0.00023528383771823571
  185.185185   432.098765  -0.00021903101464894808
  185.185185   555.555556  -0.00020229494341214807
  185.185185   679.012346  -0.00018737993864808829
  185.185185   802.469136  -0.00017552903327940897
  185.185185   925.925926  -0.00016684853687977302
  185.185185  1049.382716  -0.00016062867084874269
  185.185185  1172.839506  -0.00015606028039289978
  185.185185  1296.296296  -0.00015313309817962858
  185.185185  1419.753086  -0.00015083629539434075
  185.185185  1543.209877  -0.00014912679305965231
  185.185185  1666.666667  -0.00014806588306432152
  185.185185  1790.123457  -0.00014724032657683465
  185.185185  1913.580247  -0.00014635486798384473
  185.185185  2037.037037  -0.00014548589950201049
  185.185185  2160.493827  -0.00014499627646323392
  185.185185  2283.950617  -0.00014511128327329763
  185.185185  2407.407407  -0.00014515575004390047
  185.185185  2530.864198  -0.00014401260804740656
  185.185185  2654.320988  -0.00014462092179223213
  185.185185  2777.777778  -0.00014464153594617200
  185.185185  2901.234568  -0.00014433260665962878
  185.185185  3024.691358  -0.00014386823481189610
  185.185185  3148.148148  -0.00014348183403291870
  185.185185  3271.604938  -0.00014345655846725752
  185.185185  3395.061728  -0.00014396279028026115
  185.185185  3518.518519  -0.00014474268690644189
  185.185185  3641.975309  -0.00014464178804005778
  185.185185  3765.432099  -0.00014163240907449120
  185.185185  3888.888889  -0.00014673105487693363
  185.185185  4012.345679  -0.00013996097432565378
  185.185185  4135.802469  -0.00014203892759741884
  185.185185  4259.259259  -0.00014720634515496314
  185.185185  4382.716049  -0.00014690466691956097
  185.185185  4506.172840  -0.00014157979639952783
  185.185185  4629.629630  -0.00014061566977465232
  185.185185  4753.086420  -0.00015039693993655531
  185.185185  4876.543210  -0.00015050077548497924

  308.641975 -5000.000000  -0.00005780996913851980
  308.641975 -4876.543210  -0.00014993820484386183
  308.641975 -4753.086420  -0.00014982629003360882
  308.641975 -4629.629630  -0.00014007982890964176
  308.641975 -4506.172840  -0.00014104356367375560
  308.641975 -4382.716049  -0.00014635256484103279
  308.641975 -4259.259259  -0.00014665494733102994
  308.641975 -4135.802469  -0.00014150611233676398
  308.641975 -4012.345679  -0.00013943451497149675
  308.641975 -3888.888889  -0.00014617895769331781
  308.641975 -3765.432099  -0.00014109740950752679
  308.641975 -3641.975309  -0.00014409440114745016
  308.641975 -3518.518519  -0.00014419583872980570
  308.641975 -3395.061728  -0.00014341920957388149
  308.641975 -3271.604938  -0.00014291465508841126
  308.641975 -3148.148148  -0.00014293969796771221
  308.641975 -3024.691358  -0.00014332419183542660
  308.641975 -2901.234568  -0.00014378453514600828
  308.641975 -2777.777778  -0.00014408714934394974
  308.641975 -2654.320988  -0.00014406122128075266
  308.641975 -2530.864198  -0.00014346070988963954
  308.641975 -2407.407407  -0.00014461129082555150
  308.641975 -2283.950617  -0.00014456009215735010
  308.641975 -2160.493827  -0.00014443432610314254
  308.641975 -2037.037037  -0.00014490725904797770
  308.641975 -1913.580247  -0.00014575126222769692
  308.641975 -1790.123457  -0.00014660147111476442
  308.641975 -1666.666667  -0.00014737886428595475
  308.641975 -1543.209877  -0.00014837276177190087
  308.641975 -1419.753086  -0.00014998274288850069
  308.641975 -1296.296296  -0.00015211998355018253
  308.641975 -1172.839506  -0.00015481901431629627
  308.641975 -1049.382716  -0.00015896631730351516
  308.641975  -925.925926  -0.00016456327057564818
  308.641975  -802.469136  -0.00017228317739810661
  308.641975  -679.012346  -0.00018266015701389035
  308.641975  -555.555556  -0.00019552818499329612
  308.641975  -432.098765  -0.00020978566997184500
  308.641975  -308.641975  -0.00022348556677643101
  308.641975  -185.185185  -0.00023425102593968713
  308.641975   -61.728395  -0.00024001657960257390
  308.641975    61.728395  -0.00024001672710066840
  308.641975   185.185185  -0.00023425141974500003
  308.641975   308.641975  -0.00022348609248348011
  308.641975   432.098765  -0.00020978624465778299
  308.641975   555.555556  -0.00019552875927970640
  308.641975   679.012346  -0.00018266070914437486
  308.641975   802.469136  -0.00017228370323994974
  308.641975   925.925926  -0.00016456377345384400
  308.641975  1049.382716  -0.00015896680157544325
  308.641975  1172.839506  -0.00015481948659533089
  308.641975  1296.296296  -0.00015212045430895122
  308.641975  1419.753086  -0.00014998321736260748
  308.641975  1543.209877  -0.00014837324600038715
  308.641975  1666.666667  -0.00014737936158151614
  308.641975  1790.123457  -0.00014660198448864298
  308.641975  1913.580247  -0.00014575179430708417
  308.641975  2037.037037  -0.00014490781059907162
  308.641975  2160.493827  -0.00014443489427300472
  308.641975  2283.950617  -0.00014456066954770692
  308.641975  2407.407407  -0.00014461186651168378
  308.641975  2530.864198  -0.00014346132046810060
  308.641975  2654.320988  -0.00014406188294178134
  308.641975  2777.777778  -0.00014408780303871261
  308.641975  2901.234568  -0.00014378517287205633
  308.641975  3024.691358  -0.00014332482760918110
  308.641975  3148.148148  -0.00014294034951005188
  308.641975  3271.604938  -0.00014291533400829915
  308.641975  3395.061728  -0.00014341991783496644
  308.641975  3518.518519  -0.00014419656918493638
  308.641975  3641.975309  -0.00014409513992603558
  308.641975  3765.432099  -0.00014109813916401423
  308.641975  3888.888889  -0.00014617966339040497
  308.641975  4012.345679  -0.00013943519221751318
  308.641975  4135.802469  -0.00014150676349040933
  308.641975  4259.259259  -0.00014665558554099390
  308.641975  4382.716049  -0.00014635320968915273
  308.641975  4506.172840  -0.00014104422920210207
  308.641975  4629.629630  -0.00014008050471192235
  308.641975  4753.086420  -0.00014982691609128154
  308.641975  4876.543210  -0.00014993864078734776

  432.098765 -5000.000000  -0.00005750123803074352
  432.098765 -4876.543210  -0.00014909776545116182
  432.098765 -4753.086420  -0.00014897204879491419
  432.098765 -4629.629630  -0.00013927698477085687
  432.098765 -4506.172840  -0.00014024049104519872
  432.098765 -4382.716049  -0.00014552647681577601
  432.098765 -4259.259259  -0.00014583041013394344
  432.098765 -4135.802469  -0.00014070948197406725
  432.098765 -4012.345679  -0.00013864736705061832
  432.098765 -3888.888889  -0.00014535358138286695
  432.098765 -3765.432099  -0.00014029743660717920
  432.098765 -3641.975309  -0.00014327542757119373
  432.098765 -3518.518519  -0.00014337794322870961
  432.098765 -3395.061728  -0.00014260611651390942
  432.098765 -3271.604938  -0.00014210379979463764
  432.098765 -3148.148148  -0.00014212855042082816
  432.098765 -3024.691358  -0.00014251062756234179
  432.098765 -2901.234568  -0.00014296521404493366
  432.098765 -2777.777778  -0.00014325786318434926
  432.098765 -2654.320988  -0.00014322317061855029
  432.098765 -2530.864198  -0.00014263667113806756
  432.098765 -2407.407407  -0.00014380958790559495
  432.098765 -2283.950617  -0.00014374936788664439
  432.098765 -2160.493827  -0.00014360630378135647
  432.098765 -2037.037037  -0.00014405463354674112
  432.098765 -1913.580247  -0.00014486405824326359
  432.098765 -1790.123457  -0.00014566619936562207
  432.098765 -1666.666667  -0.00014637763395778029
  432.098765 -1543.209877  -0.00014727950751225780
  432.098765 -1419.753086  -0.00014875372465367670
  432.098765 -1296.296296  -0.00015067571760656463
  432.098765 -1172.839506  -0.00015306507349613553
  432.098765 -1049.382716  -0.00015665911863756450
  432.098765  -925.925926  -0.00016144155755451955
  432.098765  -802.469136  -0.00016791309198357077
  432.098765  -679.012346  -0.00017640072481094754
  432.098765  -555.555556  -0.00018668642163235786
  432.098765  -432.098765  -0.00019786851166328333
  432.098765  -308.641975  -0.00020845582799974922
  432.098765  -185.185185  -0.00021669458722957177
  432.098765   -61.728395  -0.00022112800839407809
  432.098765    61.728395  -0.00022112815987962783
  432.098765   185.185185  -0.00021669500016826713
  432.098765   308.641975  -0.00020845639590742540
  432.098765   432.098765  -0.00019786915403826355
  432.098765   555.555556  -0.00018668708753699192
  432.098765   679.012346  -0.00017640138857438108
  432.098765   802.469136  -0.00016791374472920338
  432.098765   925.925926  -0.00016144219825560283
  432.098765  1049.382716  -0.00015665974840439466
  432.098765  1172.839506  -0.00015306569679829555
  432.098765  1296.296296  -0.00015067634335665580
  432.098765  1419.753086  -0.00014875435815386769
  432.098765  1543.209877  -0.00014728015547760316
  432.098765  1666.666667  -0.00014637830036518871
  432.098765  1790.123457  -0.00014566688840270204
  432.098765  1913.580247  -0.00014486477373575665
  432.098765  2037.037037  -0.00014405537653097125
  432.098765  2160.493827  -0.00014360706988812233
  432.098765  2283.950617  -0.00014375014620297965
  432.098765  2407.407407  -0.00014381036298082698
  432.098765  2530.864198  -0.00014263749473744191
  432.098765  2654.320988  -0.00014322406345492294
  432.098765  2777.777778  -0.00014325874461256055
  432.098765  2901.234568  -0.00014296607338381857
  432.098765  3024.691358  -0.00014251148414990019
  432.098765  3148.148148  -0.00014212942850868983
  432.098765  3271.604938  -0.00014210471518163895
  432.098765  3395.061728  -0.00014260707181859949
  432.098765  3518.518519  -0.00014337892870060223
  432.098765  3641.975309  -0.00014327642434058043
  432.098765  3765.432099  -0.00014029842093887519
  432.098765  3888.888889  -0.00014535453266912343
  432.098765  4012.345679  -0.00013864827978703873
  432.098765  4135.802469  -0.00014071035906133397
  432.098765  4259.259259  -0.00014583126948301858
  432.098765  4382.716049  -0.00014552734552274716
  432.098765  4506.172840  -0.00014024138861289795
  432.098765  4629.629630  -0.00013927789685438019
  432.098765  4753.086420  -0.00014897289294817009
  432.098765  4876.543210  -0.00014909835035157725

  555.555556 -5000.000000  -0.00005706948923499612
  555.555556 -4876.543210  -0.00014792258485255195
  555.555556 -4753.086420  -0.00014777736259542019
  555.555556 -4629.629630  -0.00013815402909453427
  555.555556 -4506.172840  -0.00013911716070567608
  555.555556 -4382.716049  -0.00014437092822163717
  555.555556 -4259.259259  -0.00014467700233584022
  555.555556 -4135.802469  -0.00013959513985740442
  555.555556 -4012.345679  -0.00013754645067765633
  555.555556 -3888.888889  -0.00014419934548808404
  555.555556 -3765.432099  -0.00013917816424973705
  555.555556 -3641.975309  -0.00014213109520979985
  555.555556 -3518.518519  -0.00014223355720988865
  555.555556 -3395.061728  -0.00014146853116261461
  555.555556 -3271.604938  -0.00014097062228248975
  555.555556 -3148.148148  -0.00014099531891368665
  555.555556 -3024.691358  -0.00014137299002585433
  555.555556 -2901.234568  -0.00014181898984732234
  555.555556 -2777.777778  -0.00014209986963569337
  555.555556 -2654.320988  -0.00014205569658582280
  555.555556 -2530.864198  -0.00014147847987518587
  555.555556 -2407.407407  -0.00014265334169458665
  555.555556 -2283.950617  -0.00014258039228521043
  555.555556 -2160.493827  -0.00014241774912406878
  555.555556 -2037.037037  -0.00014283556545404639
  555.555556 -1913.580247  -0.00014360169776414270
  555.555556 -1790.123457  -0.00014434576646330069
  555.555556 -1666.666667  -0.00014497936981458282
  555.555556 -1543.209877  -0.00014577245112969489
  555.555556 -1419.753086  -0.00014708581922385542
  555.555556 -1296.296296  -0.00014875982213101367
  555.555556 -1172.839506  -0.00015079288311451328
  555.555556 -1049.382716  -0.00015377958060799836
  555.555556  -925.925926  -0.00015767592574162057
  555.555556  -802.469136  -0.00016281208667580035
  555.555556  -679.012346  -0.00016932976385844876
  555.555556  -555.555556  -0.00017698675569931702
  555.555556  -432.098765  -0.00018510235893578922
  555.555556  -308.641975  -0.00019264360369011807
  555.555556  -185.185185  -0.00019845232321810509
  555.555556   -61.728395  -0.00020161305834922328
  555.555556    61.728395  -0.00020161319964987002
  555.555556   185.185185  -0.00019845271696669603
  555.555556   308.641975  -0.00019264416305675539
  555.555556   432.098765  -0.00018510301525674689
  555.555556   555.555556  -0.00017698746270801530
  555.555556   679.012346  -0.00016933049518924815
  555.555556   802.469136  -0.00016281282971047112
  555.555556   925.925926  -0.00015767667486834568
  555.555556  1049.382716  -0.00015378033296276368
  555.555556  1172.839506  -0.00015079363987474404
  555.555556  1296.296296  -0.00014876058901582332
  555.555556  1419.753086  -0.00014708660055760166
  555.555556  1543.209877  -0.00014577325330731089
  555.555556  1666.666667  -0.00014498019681373866
  555.555556  1790.123457  -0.00014434662331984862
  555.555556  1913.580247  -0.00014360258945366106
  555.555556  2037.037037  -0.00014283649340270544
  555.555556  2160.493827  -0.00014241870757203948
  555.555556  2283.950617  -0.00014258136672584066
  555.555556  2407.407407  -0.00014265431161256464
  555.555556  2530.864198  -0.00014147951162250127
  555.555556  2654.320988  -0.00014205681603572087
  555.555556  2777.777778  -0.00014210097460353463
  555.555556  2901.234568  -0.00014182006692392646
  555.555556  3024.691358  -0.00014137406376315984
  555.555556  3148.148148  -0.00014099641997958521
  555.555556  3271.604938  -0.00014097177058924767
  555.555556  3395.061728  -0.00014146972997329687
  555.555556  3518.518519  -0.00014223479422719959
  555.555556  3641.975309  -0.00014213234665175290
  555.555556  3765.432099  -0.00013917940012970570
  555.555556  3888.888889  -0.00014420053965134836
  555.555556  4012.345679  -0.00013754759648476009
  555.555556  4135.802469  -0.00013959624086451908
  555.555556  4259.259259  -0.00014467808120331507
  555.555556  4382.716049  -0.00014437201940013003
  555.555556  4506.172840  -0.00013911828902113553
  555.555556  4629.629630  -0.00013815517635330549
  555.555556  4753.086420  -0.00014777842433074713
  555.555556  4876.543210  -0.00014792331933374605

  679.012346 -5000.000000  -0.00005650855587913312
  679.012346 -4876.543210  -0.00014639846742012577
  679.012346 -4753.086420  -0.00014622867328519627
  679.012346 -4629.629630  -0.00013669853792235776
  679.012346 -4506.172840  -0.00013766091967236201
  679.012346 -4382.716049  -0.00014287250002702678
  679.012346 -4259.259259  -0.00014318108969277047
  679.012346 -4135.802469  -0.00013814991145934076
  679.012346 -4012.345679  -0.00013611885987373560
  679.012346 -3888.888889  -0.00014270273771931720
  679.012346 -3765.432099  -0.00013772646930012073
  679.012346 -3641.975309  -0.00014064864290698207
  679.012346 -3518.518519  -0.00014074938042930697
  679.012346 -3395.061728  -0.00013999329661777267
  679.012346 -3271.604938  -0.00013950248898815049
  679.012346 -3148.148148  -0.00013952745907491989
  679.012346 -3024.691358  -0.00013989826959962085
  679.012346 -2901.234568  -0.00014033262022129138
  679.012346 -2777.777778  -0.00014060084186899281
  679.012346 -2654.320988  -0.00014054780965642270
  679.012346 -2530.864198  -0.00013997177437861293
  679.012346 -2407.407407  -0.00014111687118109343
  679.012346 -2283.950617  -0.00014102765927469335
  679.012346 -2160.493827  -0.00014084558116957114
  679.012346 -2037.037037  -0.00014122898682254517
  679.012346 -1913.580247  -0.00014194529116127080
  679.012346 -1790.123457  -0.00014262491365684473
  679.012346 -1666.666667  -0.00014317470931529829
  679.012346 -1543.209877  -0.00014385089108797690
  679.012346 -1419.753086  -0.00014499144370080694
  679.012346 -1296.296296  -0.00014640802890245074
  679.012346 -1172.839506  -0.00014807356443740966
  679.012346 -1049.382716  -0.00015046863122498719
  679.012346  -925.925926  -0.00015351403563722762
  679.012346  -802.469136  -0.00015740295249165427
  679.012346  -679.012346  -0.00016214875607940840
  679.012346  -555.555556  -0.00016751836165254127
  679.012346  -432.098765  -0.00017303440414321271
  679.012346  -308.641975  -0.00017804625411479847
  679.012346  -185.185185  -0.00018186987094490574
  679.012346   -61.728395  -0.00018399649324029587
  679.012346    61.728395  -0.00018399661969242348
  679.012346   185.185185  -0.00018187023094993357
  679.012346   308.641975  -0.00017804678243815735
  679.012346   432.098765  -0.00017303504687283256
  679.012346   555.555556  -0.00016751908021750490
  679.012346   679.012346  -0.00016214952600915493
  679.012346   802.469136  -0.00015740375929731900
  679.012346   925.925926  -0.00015351487019670199
  679.012346  1049.382716  -0.00015046948705328263
  679.012346  1172.839506  -0.00014807443922391323
  679.012346  1296.296296  -0.00014640892464698845
  679.012346  1419.753086  -0.00014499236304766255
  679.012346  1543.209877  -0.00014385183939384817
  679.012346  1666.666667  -0.00014317568997289305
  679.012346  1790.123457  -0.00014262593217345305
  679.012346  1913.580247  -0.00014194635353392045
  679.012346  2037.037037  -0.00014123009496110436
  679.012346  2160.493827  -0.00014084672811916140
  679.012346  2283.950617  -0.00014102882698877885
  679.012346  2407.407407  -0.00014111803359660786
  679.012346  2530.864198  -0.00013997301142458081
  679.012346  2654.320988  -0.00014054915342954642
  679.012346  2777.777778  -0.00014060216861848664
  679.012346  2901.234568  -0.00014033391368609534
  679.012346  3024.691358  -0.00013989955940698883
  679.012346  3148.148148  -0.00013952878220536158
  679.012346  3271.604938  -0.00013950386942058175
  679.012346  3395.061728  -0.00013999473826873041
  679.012346  3518.518519  -0.00014075086850008089
  679.012346  3641.975309  -0.00014065014875252159
  679.012346  3765.432099  -0.00013772795667386901
  679.012346  3888.888889  -0.00014270417523168881
  679.012346  4012.345679  -0.00013612023945054827
  679.012346  4135.802469  -0.00013815123754306081
  679.012346  4259.259259  -0.00014318238973205500
  679.012346  4382.716049  -0.00014287381560835493
  679.012346  4506.172840  -0.00013766228074431919
  679.012346  4629.629630  -0.00013669992256313553
  679.012346  4753.086420  -0.00014622995546387363
  679.012346  4876.543210  -0.00014639935520229547

  802.469136 -5000.000000  -0.00005582343055546618
  802.469136 -4876.543210  -0.00014453717495963896
  802.469136 -4753.086420  -0.00014433734412992478
  802.469136 -4629.629630  -0.00013492094329548479
  802.469136 -4506.172840  -0.00013588229904244419
  802.469136 -4382.716049  -0.00014104224194963944
  802.469136 -4259.259259  -0.00014135381761954459
  802.469136 -4135.802469  -0.00013638452610436634
  802.469136 -4012.345679  -0.00013437508972730255
  802.469136 -3888.888889  -0.00014087474929896796
  802.469136 -3765.432099  -0.00013595308872898685
  802.469136 -3641.975309  -0.00013883855373405239
  802.469136 -3518.518519  -0.00013893645888833853
  802.469136 -3395.061728  -0.00013819145511739260
  802.469136 -3271.604938  -0.00013771012813497107
  802.469136 -3148.148148  -0.00013773579405472548
  802.469136 -3024.691358  -0.00013809792362333030
  802.469136 -2901.234568  -0.00013851808862782390
  802.469136 -2777.777778  -0.00013877243047716301
  802.469136 -2654.320988  -0.00013871065095799032
  802.469136 -2530.864198  -0.00013813152516461527
  802.469136 -2407.407407  -0.00013922511391007973
  802.469136 -2283.950617  -0.00013911704055784166
  802.469136 -2160.493827  -0.00013891602787127524
  802.469136 -2037.037037  -0.00013926308515329792
  802.469136 -1913.580247  -0.00013992631542384632
  802.469136 -1790.123457  -0.00014053912604377553
  802.469136 -1666.666667  -0.00014100416696853806
  802.469136 -1543.209877  -0.00014156299663164174
  802.469136 -1419.753086  -0.00014253147545788779
  802.469136 -1296.296296  -0.00014370088700638758
  802.469136 -1172.839506  -0.00014501791349331254
  802.469136 -1049.382716  -0.00014688605969914498
  802.469136  -925.925926  -0.00014918969536365201
  802.469136  -802.469136  -0.00015203284373827003
  802.469136  -679.012346  -0.00015536525796425331
  802.469136  -555.555556  -0.00015898809840361500
  802.469136  -432.098765  -0.00016258409986315435
  802.469136  -308.641975  -0.00016577222871157017
  802.469136  -185.185185  -0.00016818682988966027
  802.469136   -61.728395  -0.00016958126381360784
  802.469136    61.728395  -0.00016958137628328323
  802.469136   185.185185  -0.00016818715594597001
  802.469136   308.641975  -0.00016577272124547015
  802.469136   432.098765  -0.00016258471864745132
  802.469136   555.555556  -0.00015898881328322044
  802.469136   679.012346  -0.00015536604810170444
  802.469136   802.469136  -0.00015203369476119461
  802.469136   925.925926  -0.00014919059626085287
  802.469136  1049.382716  -0.00014688700131197915
  802.469136  1172.839506  -0.00014501889044904256
  802.469136  1296.296296  -0.00014370189779581746
  802.469136  1419.753086  -0.00014253252070557028
  802.469136  1543.209877  -0.00014156408024359129
  802.469136  1666.666667  -0.00014100529132859082
  802.469136  1790.123457  -0.00014054029679093125
  802.469136  1913.580247  -0.00013992753940983245
  802.469136  2037.037037  -0.00013926436481583691
  802.469136  2160.493827  -0.00013891735525853167
  802.469136  2283.950617  -0.00013911839423952845
  802.469136  2407.407407  -0.00013922646201070256
  802.469136  2530.864198  -0.00013813295998995018
  802.469136  2654.320988  -0.00013871221165872384
  802.469136  2777.777778  -0.00013877397212112651
  802.469136  2901.234568  -0.00013851959204418284
  802.469136  3024.691358  -0.00013809942330137245
  802.469136  3148.148148  -0.00013773733308871771
  802.469136  3271.604938  -0.00013771173446470634
  802.469136  3395.061728  -0.00013819313331404491
  802.469136  3518.518519  -0.00013893819173524827
  802.469136  3641.975309  -0.00013884030785206024
  802.469136  3765.432099  -0.00013595482173419063
  802.469136  3888.888889  -0.00014087642491286825
  802.469136  4012.345679  -0.00013437669824162504
  802.469136  4135.802469  -0.00013638607302913697
  802.469136  4259.259259  -0.00014135533514987150
  802.469136  4382.716049  -0.00014104377851810291
  802.469136  4506.172840  -0.00013588388948025158
  802.469136  4629.629630  -0.00013492256212554400
  802.469136  4753.086420  -0.00014433884451499625
  802.469136  4876.543210  -0.00014453821582871950

  925.925926 -5000.000000  -0.00005502448033351809
  925.925926 -4876.543210  -0.00014236232149021936
  925.925926 -4753.086420  -0.00014212584998393832
  925.925926 -4629.629630  -0.00013284175361908375
  925.925926 -4506.172840  -0.00013380210678385962
  925.925926 -4382.716049  -0.00013890216100755187
  925.925926 -4259.259259  -0.00013921748632051290
  925.925926 -4135.802469  -0.00013432046341682846
  925.925926 -4012.345679  -0.00013233612661966700
  925.925926 -3888.888889  -0.00013873735764931031
  925.925926 -3765.432099  -0.00013387943019386778
  925.925926 -3641.975309  -0.00013672160588872303
  925.925926 -3518.518519  -0.00013681671099483660
  925.925926 -3395.061728  -0.00013608486011790661
  925.925926 -3271.604938  -0.00013561466154363253
  925.925926 -3148.148148  -0.00013564156549424815
  925.925926 -3024.691358  -0.00013599441695079034
  925.925926 -2901.234568  -0.00013639877186665859
  925.925926 -2777.777778  -0.00013663697677246192
  925.925926 -2654.320988  -0.00013656501177215549
  925.925926 -2530.864198  -0.00013598609693046617
  925.925926 -2407.407407  -0.00013702742242565537
  925.925926 -2283.950617  -0.00013689910312709519
  925.925926 -2160.493827  -0.00013667879637193768
  925.925926 -2037.037037  -0.00013698933922453172
  925.925926 -1913.580247  -0.00013759984622730133
  925.925926 -1790.123457  -0.00013814721974701808
  925.925926 -1666.666667  -0.00013853040408827577
  925.925926 -1543.209877  -0.00013897738337416792
  925.925926 -1419.753086  -0.00013978492319416795
  925.925926 -1296.296296  -0.00014073105601921293
  925.925926 -1172.839506  -0.00014174000818970139
  925.925926 -1049.382716  -0.00014316936759168659
  925.925926  -925.925926  -0.00014487404621297485
  925.925926  -802.469136  -0.00014691212533905876
  925.925926  -679.012346  -0.00014921683939807519
  925.925926  -555.555556  -0.00015163197168783802
  925.925926  -432.098765  -0.00015395047840474106
  925.925926  -308.641975  -0.00015595634097453017
  925.925926  -185.185185  -0.00015746964668494610
  925.925926   -61.728395  -0.00015839489762023648
  925.925926    61.728395  -0.00015839499878435718
  925.925926   185.185185  -0.00015746994384939901
  925.925926   308.641975  -0.00015595680024707185
  925.925926   432.098765  -0.00015395107069746933
  925.925926   555.555556  -0.00015163267474534677
  925.925926   679.012346  -0.00014921763689529680
  925.925926   802.469136  -0.00014691300454898809
  925.925926   925.925926  -0.00014487499574446477
  925.925926  1049.382716  -0.00014317037669750592
  925.925926  1172.839506  -0.00014174106914504911
  925.925926  1296.296296  -0.00014073216435623611
  925.925926  1419.753086  -0.00013978607749814858
  925.925926  1543.209877  -0.00013897858595975681
  925.925926  1666.666667  -0.00013853165609827581
  925.925926  1790.123457  -0.00013814852670431313
  925.925926  1913.580247  -0.00013760121567297956
  925.925926  2037.037037  -0.00013699077411741495
  925.925926  2160.493827  -0.00013668028792472901
  925.925926  2283.950617  -0.00013690062675435858
  925.925926  2407.407407  -0.00013702894047883864
  925.925926  2530.864198  -0.00013598771290222161
  925.925926  2654.320988  -0.00013656677201348953
  925.925926  2777.777778  -0.00013663871627176609
  925.925926  2901.234568  -0.00013640046864601756
  925.925926  3024.691358  -0.00013599611005102780
  925.925926  3148.148148  -0.00013564330376230181
  925.925926  3271.604938  -0.00013561647665607249
  925.925926  3395.061728  -0.00013608675727441017
  925.925926  3518.518519  -0.00013681867071543407
  925.925926  3641.975309  -0.00013672359034862795
  925.925926  3765.432099  -0.00013388139124193070
  925.925926  3888.888889  -0.00013873925444987450
  925.925926  4012.345679  -0.00013233794793289746
  925.925926  4135.802469  -0.00013432221582836698
  925.925926  4259.259259  -0.00013921920655896633
  925.925926  4382.716049  -0.00013890390399483757
  925.925926  4506.172840  -0.00013380391198021356
  925.925926  4629.629630  -0.00013284359222453826
  925.925926  4753.086420  -0.00014212755555807643
  925.925926  4876.543210  -0.00014236350655201166

 1049.382716 -5000.000000  -0.00005412064461356229
 1049.382716 -4876.543210  -0.00013989760477775323
 1049.382716 -4753.086420  -0.00013961813631229746
 1049.382716 -4629.629630  -0.00013048339658199855
 1049.382716 -4506.172840  -0.00013144277410161636
 1049.382716 -4382.716049  -0.00013647537802253940
 1049.382716 -4259.259259  -0.00013679521496516656
 1049.382716 -4135.802469  -0.00013198005319698078
 1049.382716 -4012.345679  -0.00013002397415631781
 1049.382716 -3888.888889  -0.00013631361132182660
 1049.382716 -3765.432099  -0.00013152807642762544
 1049.382716 -3641.975309  -0.00013432027594461056
 1049.382716 -3518.518519  -0.00013441331659795985
 1049.382716 -3395.061728  -0.00013369657825416340
 1049.382716 -3271.604938  -0.00013323861543681210
 1049.382716 -3148.148148  -0.00013326728535474714
 1049.382716 -3024.691358  -0.00013361097758351760
 1049.382716 -2901.234568  -0.00013399855863289006
 1049.382716 -2777.777778  -0.00013421803140041265
 1049.382716 -2654.320988  -0.00013413390951103331
 1049.382716 -2530.864198  -0.00013356330654277015
 1049.382716 -2407.407407  -0.00013456579439004640
 1049.382716 -2283.950617  -0.00013441721539377702
 1049.382716 -2160.493827  -0.00013417712717996079
 1049.382716 -2037.037037  -0.00013445237848625836
 1049.382716 -1913.580247  -0.00013501298951730523
 1049.382716 -1790.123457  -0.00013549893522453037
 1049.382716 -1666.666667  -0.00013580603744114007
 1049.382716 -1543.209877  -0.00013615096587227076
 1049.382716 -1419.753086  -0.00013681534794030662
 1049.382716 -1296.296296  -0.00013756898748536539
 1049.382716 -1172.839506  -0.00013832114420421764
 1049.382716 -1049.382716  -0.00013940072132793822
 1049.382716  -925.925926  -0.00014064659025256313
 1049.382716  -802.469136  -0.00014209683413009117
 1049.382716  -679.012346  -0.00014368586696565286
 1049.382716  -555.555556  -0.00014529203816704601
 1049.382716  -432.098765  -0.00014677848159033735
 1049.382716  -308.641975  -0.00014802720908153202
 1049.382716  -185.185185  -0.00014896644851431138
 1049.382716   -61.728395  -0.00014959122632383735
 1049.382716    61.728395  -0.00014959131843553201
 1049.382716   185.185185  -0.00014896672151210125
 1049.382716   308.641975  -0.00014802763831351244
 1049.382716   432.098765  -0.00014677904669681429
 1049.382716   555.555556  -0.00014529272383296759
 1049.382716   679.012346  -0.00014368666152749581
 1049.382716   802.469136  -0.00014209772731054276
 1049.382716   925.925926  -0.00014064757129633848
 1049.382716  1049.382716  -0.00013940177881207035
 1049.382716  1172.839506  -0.00013832226879616319
 1049.382716  1296.296296  -0.00013757017237900381
 1049.382716  1419.753086  -0.00013681658990950064
 1049.382716  1543.209877  -0.00013615226571829292
 1049.382716  1666.666667  -0.00013580739502059796
 1049.382716  1790.123457  -0.00013550035580986929
 1049.382716  1913.580247  -0.00013501448119859804
 1049.382716  2037.037037  -0.00013445394469219820
 1049.382716  2160.493827  -0.00013417875839597432
 1049.382716  2283.950617  -0.00013441888415517201
 1049.382716  2407.407407  -0.00013456745762811245
 1049.382716  2530.864198  -0.00013356507785636129
 1049.382716  2654.320988  -0.00013413584179826409
 1049.382716  2777.777778  -0.00013421994142098062
 1049.382716  2901.234568  -0.00013400042188561512
 1049.382716  3024.691358  -0.00013361283725791981
 1049.382716  3148.148148  -0.00013326919552024942
 1049.382716  3271.604938  -0.00013324061115395063
 1049.382716  3395.061728  -0.00013369866529218871
 1049.382716  3518.518519  -0.00013441547344320880
 1049.382716  3641.975309  -0.00013432246078403393
 1049.382716  3765.432099  -0.00013153023596400017
 1049.382716  3888.888889  -0.00013631570048649165
 1049.382716  4012.345679  -0.00013002598058961667
 1049.382716  4135.802469  -0.00013198198438822023
 1049.382716  4259.259259  -0.00013679711178275417
 1049.382716  4382.716049  -0.00013647730144475314
 1049.382716  4506.172840  -0.00013144476794331314
 1049.382716  4629.629630  -0.00013048542901257298
 1049.382716  4753.086420  -0.00013962002296019835
 1049.382716  4876.543210  -0.00013989891621686917

 1172.839506 -5000.000000  -0.00005311161582094749
 1172.839506 -4876.543210  -0.00013715737462194761
 1172.839506 -4753.086420  -0.00013683414706190805
 1172.839506 -4629.629630  -0.00012786668463154018
 1172.839506 -4506.172840  -0.00012882395537970305
 1172.839506 -4382.716049  -0.00013377995207561119
 1172.839506 -4259.259259  -0.00013410389490855788
 1172.839506 -4135.802469  -0.00012937982872514314
 1172.839506 -4012.345679  -0.00012745561480400572
 1172.839506 -3888.888889  -0.00013362131716805647
 1172.839506 -3765.432099  -0.00012891698343421741
 1172.839506 -3641.975309  -0.00013165449445143705
 1172.839506 -3518.518519  -0.00013174496889675240
 1172.839506 -3395.061728  -0.00013104508118122205
 1172.839506 -3271.604938  -0.00013060091023835309
 1172.839506 -3148.148148  -0.00013063138860654766
 1172.839506 -3024.691358  -0.00013096456738982882
 1172.839506 -2901.234568  -0.00013133391908428182
 1172.839506 -2777.777778  -0.00013153467827021060
 1172.839506 -2654.320988  -0.00013144022017001024
 1172.839506 -2530.864198  -0.00013087847707175348
 1172.839506 -2407.407407  -0.00013183753637878708
 1172.839506 -2283.950617  -0.00013167044193788759
 1172.839506 -2160.493827  -0.00013141373224776829
 1172.839506 -2037.037037  -0.00013165566602075154
 1172.839506 -1913.580247  -0.00013216851260980066
 1172.839506 -1790.123457  -0.00013259753671163174
 1172.839506 -1666.666667  -0.00013283698678530936
 1172.839506 -1543.209877  -0.00013309308718632756
 1172.839506 -1419.753086  -0.00013363403401617653
 1172.839506 -1296.296296  -0.00013422699468739410
 1172.839506 -1172.839506  -0.00013477409965052188
 1172.839506 -1049.382716  -0.00013558200607419961
 1172.839506  -925.925926  -0.00013648605998836617
 1172.839506  -802.469136  -0.00013751475412687259
 1172.839506  -679.012346  -0.00013860513173423884
 1172.839506  -555.555556  -0.00013965875126474789
 1172.839506  -432.098765  -0.00014058430081119105
 1172.839506  -308.641975  -0.00014132686226326382
 1172.839506  -185.185185  -0.00014188382519561161
 1172.839506   -61.728395  -0.00014230745048552759
 1172.839506    61.728395  -0.00014230753584785184
 1172.839506   185.185185  -0.00014188407947634987
 1172.839506   308.641975  -0.00014132726658538567
 1172.839506   432.098765  -0.00014058484112411797
 1172.839506   555.555556  -0.00013965941786761991
 1172.839506   679.012346  -0.00013860591722838442
 1172.839506   802.469136  -0.00013751565093611084
 1172.839506   925.925926  -0.00013648705858577235
 1172.839506  1049.382716  -0.00013558309505396247
 1172.839506  1172.839506  -0.00013477526878352371
 1172.839506  1296.296296  -0.00013422823552573822
 1172.839506  1419.753086  -0.00013363534192732676
 1172.839506  1543.209877  -0.00013309446172486122
 1172.839506  1666.666667  -0.00013283842664352498
 1172.839506  1790.123457  -0.00013259904687679363
 1172.839506  1913.580247  -0.00013217010159820481
 1172.839506  2037.037037  -0.00013165733763440205
 1172.839506  2160.493827  -0.00013141547629944817
 1172.839506  2283.950617  -0.00013167222839041451
 1172.839506  2407.407407  -0.00013183931734424127
 1172.839506  2530.864198  -0.00013088037521433762
 1172.839506  2654.320988  -0.00013144229383323959
 1172.839506  2777.777778  -0.00013153672825719036
 1172.839506  2901.234568  -0.00013133591875378497
 1172.839506  3024.691358  -0.00013096656362351797
 1172.839506  3148.148148  -0.00013063344007139215
 1172.839506  3271.604938  -0.00013060305495552003
 1172.839506  3395.061728  -0.00013104732541272131
 1172.839506  3518.518519  -0.00013174728936111174
 1172.839506  3641.975309  -0.00013165684587968828
 1172.839506  3765.432099  -0.00012891930809441960
 1172.839506  3888.888889  -0.00013362356618421489
 1172.839506  4012.345679  -0.00012745777511235934
 1172.839506  4135.802469  -0.00012938190855047319
 1172.839506  4259.259259  -0.00013410593879404750
 1172.839506  4382.716049  -0.00013378202649551863
 1172.839506  4506.172840  -0.00012882610813200125
 1172.839506  4629.629630  -0.00012786888120767893
 1172.839506  4753.086420  -0.00013683618719085374
 1172.839506  4876.543210  -0.00013715879218565411

 1296.296296 -5000.000000  -0.00005201555982025269
 1296.296296 -4876.543210  -0.00013414349487795549
 1296.296296 -4753.086420  -0.00013375919103028730
 1296.296296 -4629.629630  -0.00012497128795782323
 1296.296296 -4506.172840  -0.00012592870814554815
 1296.296296 -4382.716049  -0.00013080497174154749
 1296.296296 -4259.259259  -0.00013113606697204197
 1296.296296 -4135.802469  -0.00012651187611275553
 1296.296296 -4012.345679  -0.00012462115701661379
 1296.296296 -3888.888889  -0.00013065008019777483
 1296.296296 -3765.432099  -0.00012603432147199065
 1296.296296 -3641.975309  -0.00012870661138431332
 1296.296296 -3518.518519  -0.00012879882848926982
 1296.296296 -3395.061728  -0.00012811809940636515
 1296.296296 -3271.604938  -0.00012768729420620665
 1296.296296 -3148.148148  -0.00012772130203955555
 1296.296296 -3024.691358  -0.00012804840510739491
 1296.296296 -2901.234568  -0.00012840092866403166
 1296.296296 -2777.777778  -0.00012857516705323463
 1296.296296 -2654.320988  -0.00012846058577740724
 1296.296296 -2530.864198  -0.00012793829959979513
 1296.296296 -2407.407407  -0.00012892357507533574
 1296.296296 -2283.950617  -0.00012873782724084261
 1296.296296 -2160.493827  -0.00012845800126027094
 1296.296296 -2037.037037  -0.00012866975089338993
 1296.296296 -1913.580247  -0.00012914416656024287
 1296.296296 -1790.123457  -0.00012952493051473178
 1296.296296 -1666.666667  -0.00012970330283193962
 1296.296296 -1543.209877  -0.00012988093820919027
 1296.296296 -1419.753086  -0.00013032053358084567
 1296.296296 -1296.296296  -0.00013078430654684184
 1296.296296 -1172.839506  -0.00013116803070714608
 1296.296296 -1049.382716  -0.00013177334417902213
 1296.296296  -925.925926  -0.00013243087434765887
 1296.296296  -802.469136  -0.00013316997904722525
 1296.296296  -679.012346  -0.00013393928642204406
 1296.296296  -555.555556  -0.00013466088577602188
 1296.296296  -432.098765  -0.00013527026643342542
 1296.296296  -308.641975  -0.00013574200461100600
 1296.296296  -185.185185  -0.00013610119830147015
 1296.296296   -61.728395  -0.00013642065016829854
 1296.296296    61.728395  -0.00013642073183016071
 1296.296296   185.185185  -0.00013610144156557332
 1296.296296   308.641975  -0.00013574239252367920
 1296.296296   432.098765  -0.00013527078832393383
 1296.296296   555.555556  -0.00013466153577758569
 1296.296296   679.012346  -0.00013394006066183223
 1296.296296   802.469136  -0.00013317087265256450
 1296.296296   925.925926  -0.00013243187941569971
 1296.296296  1049.382716  -0.00013177444985710171
 1296.296296  1172.839506  -0.00013116922653108961
 1296.296296  1296.296296  -0.00013078558324957108
 1296.296296  1419.753086  -0.00013032188561893138
 1296.296296  1543.209877  -0.00012988236430109005
 1296.296296  1666.666667  -0.00012970480077371808
 1296.296296  1790.123457  -0.00012952650505075976
 1296.296296  1913.580247  -0.00012914582651134385
 1296.296296  2037.037037  -0.00012867150029909459
 1296.296296  2160.493827  -0.00012845982929184289
 1296.296296  2283.950617  -0.00012873970164173693
 1296.296296  2407.407407  -0.00012892544388575436
 1296.296296  2530.864198  -0.00012794029335931188
 1296.296296  2654.320988  -0.00012846276730801959
 1296.296296  2777.777778  -0.00012857732351632102
 1296.296296  2901.234568  -0.00012840303161669423
 1296.296296  3024.691358  -0.00012805050464333452
 1296.296296  3148.148148  -0.00012772346082102042
 1296.296296  3271.604938  -0.00012768955283633501
 1296.296296  3395.061728  -0.00012812046459124374
 1296.296296  3518.518519  -0.00012880127543902814
 1296.296296  3641.975309  -0.00012870909190257574
 1296.296296  3765.432099  -0.00012603677420190923
 1296.296296  3888.888889  -0.00013065245268548026
 1296.296296  4012.345679  -0.00012462343615959737
 1296.296296  4135.802469  -0.00012651407055772407
 1296.296296  4259.259259  -0.00013113822444894521
 1296.296296  4382.716049  -0.00013080716381596707
 1296.296296  4506.172840  -0.00012593098638216801
 1296.296296  4629.629630  -0.00012497361548770470
 1296.296296  4753.086420  -0.00013376135351466899
 1296.296296  4876.543210  -0.00013414499486130111

 1419.753086 -5000.000000  -0.00005079637444290728
 1419.753086 -4876.543210  -0.00013084530008165314
 1419.753086 -4753.086420  -0.00013041287476193988
 1419.753086 -4629.629630  -0.00012182747388176263
 1419.753086 -4506.172840  -0.00012278087651057575
 1419.753086 -4382.716049  -0.00012756282275216998
 1419.753086 -4259.259259  -0.00012789767184504989
 1419.753086 -4135.802469  -0.00012338316100030022
 1419.753086 -4012.345679  -0.00012153126497693991
 1419.753086 -3888.888889  -0.00012741115639476429
 1419.753086 -3765.432099  -0.00012289426678467453
 1419.753086 -3641.975309  -0.00012550141137648797
 1419.753086 -3518.518519  -0.00012559095426564843
 1419.753086 -3395.061728  -0.00012493082511853720
 1419.753086 -3271.604938  -0.00012451679926270246
 1419.753086 -3148.148148  -0.00012455320079330501
 1419.753086 -3024.691358  -0.00012486830695330301
 1419.753086 -2901.234568  -0.00012520051341293527
 1419.753086 -2777.777778  -0.00012535526044850408
 1419.753086 -2654.320988  -0.00012523272002045463
 1419.753086 -2530.864198  -0.00012472624375075493
 1419.753086 -2407.407407  -0.00012567216515259962
 1419.753086 -2283.950617  -0.00012547269106890789
 1419.753086 -2160.493827  -0.00012518245584066984
 1419.753086 -2037.037037  -0.00012536636577160283
 1419.753086 -1913.580247  -0.00012579986218045144
 1419.753086 -1790.123457  -0.00012613501358685718
 1419.753086 -1666.666667  -0.00012626396327692916
 1419.753086 -1543.209877  -0.00012637973224851476
 1419.753086 -1419.753086  -0.00012673437753617104
 1419.753086 -1296.296296  -0.00012709450591583731
 1419.753086 -1172.839506  -0.00012735637511872430
 1419.753086 -1049.382716  -0.00012780958512063892
 1419.753086  -925.925926  -0.00012828942114545631
 1419.753086  -802.469136  -0.00012882550236947591
 1419.753086  -679.012346  -0.00012937332441724067
 1419.753086  -555.555556  -0.00012986775821559153
 1419.753086  -432.098765  -0.00013026144862373425
 1419.753086  -308.641975  -0.00013054811283931908
 1419.753086  -185.185185  -0.00013077073858053481
 1419.753086   -61.728395  -0.00013101468204421480
 1419.753086    61.728395  -0.00013101476084862051
 1419.753086   185.185185  -0.00013077097338885012
 1419.753086   308.641975  -0.00013054848760158538
 1419.753086   432.098765  -0.00013026195484271103
 1419.753086   555.555556  -0.00012986839275143641
 1419.753086   679.012346  -0.00012937408608605056
 1419.753086   802.469136  -0.00012882638851174457
 1419.753086   925.925926  -0.00012829042534049805
 1419.753086  1049.382716  -0.00012781069722302916
 1419.753086  1172.839506  -0.00012735758479281111
 1419.753086  1296.296296  -0.00012709580355148487
 1419.753086  1419.753086  -0.00012673575713359819
 1419.753086  1543.209877  -0.00012638119207073766
 1419.753086  1666.666667  -0.00012626550050574500
 1419.753086  1790.123457  -0.00012613663281921367
 1419.753086  1913.580247  -0.00012580157247469315
 1419.753086  2037.037037  -0.00012536817128500993
 1419.753086  2160.493827  -0.00012518434509970383
 1419.753086  2283.950617  -0.00012547462991358075
 1419.753086  2407.407407  -0.00012567409839638109
 1419.753086  2530.864198  -0.00012472830888158627
 1419.753086  2654.320988  -0.00012523498290979248
 1419.753086  2777.777778  -0.00012535749707674236
 1419.753086  2901.234568  -0.00012520269397531879
 1419.753086  3024.691358  -0.00012487048427822038
 1419.753086  3148.148148  -0.00012455544086335709
 1419.753086  3271.604938  -0.00012451914479713651
 1419.753086  3395.061728  -0.00012493328317564076
 1419.753086  3518.518519  -0.00012559349882369534
 1419.753086  3641.975309  -0.00012550399185182732
 1419.753086  3765.432099  -0.00012289681883987107
 1419.753086  3888.888889  -0.00012741362469637562
 1419.753086  4012.345679  -0.00012153363646254447
 1419.753086  4135.802469  -0.00012338544477022881
 1419.753086  4259.259259  -0.00012789991836526624
 1419.753086  4382.716049  -0.00012756510787837429
 1419.753086  4506.172840  -0.00012278325497466500
 1419.753086  4629.629630  -0.00012182990688178206
 1419.753086  4753.086420  -0.00013041513629665893
 1419.753086  4876.543210  -0.00013084686667089870

 1543.209877 -5000.000000  -0.00004945632556769983
 1543.209877 -4876.543210  -0.00012724054263350506
 1543.209877 -4753.086420  -0.00012676243514213708
 1543.209877 -4629.629630  -0.00011840038673340094
 1543.209877 -4506.172840  -0.00011934760424957538
 1543.209877 -4382.716049  -0.00012402365205331251
 1543.209877 -4259.259259  -0.00012436097529192717
 1543.209877 -4135.802469  -0.00011996641210806112
 1543.209877 -4012.345679  -0.00011815769479672218
 1543.209877 -3888.888889  -0.00012387493990870021
 1543.209877 -3765.432099  -0.00011946712730035743
 1543.209877 -3641.975309  -0.00012200496130251762
 1543.209877 -3518.518519  -0.00012209061169020003
 1543.209877 -3395.061728  -0.00012145302920596546
 1543.209877 -3271.604938  -0.00012105792780233071
 1543.209877 -3148.148148  -0.00012109661525392527
 1543.209877 -3024.691358  -0.00012139748523066025
 1543.209877 -2901.234568  -0.00012170766440495546
 1543.209877 -2777.777778  -0.00012184481459302217
 1543.209877 -2654.320988  -0.00012171908993019989
 1543.209877 -2530.864198  -0.00012122524908035169
 1543.209877 -2407.407407  -0.00012211695117359008
 1543.209877 -2283.950617  -0.00012190781951863767
 1543.209877 -2160.493827  -0.00012161349296336112
 1543.209877 -2037.037037  -0.00012177227076279600
 1543.209877 -1913.580247  -0.00012216644040089866
 1543.209877 -1790.123457  -0.00012246048851221502
 1543.209877 -1666.666667  -0.00012254928846034934
 1543.209877 -1543.209877  -0.00012261626457323087
 1543.209877 -1419.753086  -0.00012290153303517917
 1543.209877 -1296.296296  -0.00012318001943576910
 1543.209877 -1172.839506  -0.00012335114981834540
 1543.209877 -1049.382716  -0.00012369168479582488
 1543.209877  -925.925926  -0.00012404412727130923
 1543.209877  -802.469136  -0.00012443869655843852
 1543.209877  -679.012346  -0.00012483724973363157
 1543.209877  -555.555556  -0.00012518432781443600
 1543.209877  -432.098765  -0.00012544335126179847
 1543.209877  -308.641975  -0.00012561796480625725
 1543.209877  -185.185185  -0.00012575853159805367
 1543.209877   -61.728395  -0.00012595377668116629
 1543.209877    61.728395  -0.00012595385351166108
 1543.209877   185.185185  -0.00012575876069698385
 1543.209877   308.641975  -0.00012561833029018073
 1543.209877   432.098765  -0.00012544384576677344
 1543.209877   555.555556  -0.00012518494989983232
 1543.209877   679.012346  -0.00012483800007603740
 1543.209877   802.469136  -0.00012443957416824038
 1543.209877   925.925926  -0.00012404512696452254
 1543.209877  1049.382716  -0.00012369279715375079
 1543.209877  1172.839506  -0.00012335236486763276
 1543.209877  1296.296296  -0.00012318132762080612
 1543.209877  1419.753086  -0.00012290292828381484
 1543.209877  1543.209877  -0.00012261774504318621
 1543.209877  1666.666667  -0.00012255085101235723
 1543.209877  1790.123457  -0.00012246213770410918
 1543.209877  1913.580247  -0.00012216818546880592
 1543.209877  2037.037037  -0.00012177411587180665
 1543.209877  2160.493827  -0.00012161542601005072
 1543.209877  2283.950617  -0.00012190980476781504
 1543.209877  2407.407407  -0.00012211893101164636
 1543.209877  2530.864198  -0.00012122736689580296
 1543.209877  2654.320988  -0.00012172141372431599
 1543.209877  2777.777778  -0.00012184711121296404
 1543.209877  2901.234568  -0.00012170990298878299
 1543.209877  3024.691358  -0.00012139972090060831
 1543.209877  3148.148148  -0.00012109891674718757
 1543.209877  3271.604938  -0.00012106033958814808
 1543.209877  3395.061728  -0.00012145555863781652
 1543.209877  3518.518519  -0.00012209323174189367
 1543.209877  3641.975309  -0.00012200761943698139
 1543.209877  3765.432099  -0.00011946975673058296
 1543.209877  3888.888889  -0.00012387748306203725
 1543.209877  4012.345679  -0.00011816013861668706
 1543.209877  4135.802469  -0.00011996876624007576
 1543.209877  4259.259259  -0.00012436329258574602
 1543.209877  4382.716049  -0.00012402601194479155
 1543.209877  4506.172840  -0.00011935006409627524
 1543.209877  4629.629630  -0.00011840290617851361
 1543.209877  4753.086420  -0.00012676477858122837
 1543.209877  4876.543210  -0.00012724216485856296

 1666.666667 -5000.000000  -0.00004802508915693947
 1666.666667 -4876.543210  -0.00012329972528442123
 1666.666667 -4753.086420  -0.00012273981820579635
 1666.666667 -4629.629630  -0.00011461121668430627
 1666.666667 -4506.172840  -0.00011555788614353159
 1666.666667 -4382.716049  -0.00012012927839780221
 1666.666667 -4259.259259  -0.00012047566369853567
 1666.666667 -4135.802469  -0.00011621142509649502
 1666.666667 -4012.345679  -0.00011444631511996304
 1666.666667 -3888.888889  -0.00011998467476883394
 1666.666667 -3765.432099  -0.00011569261482462359
 1666.666667 -3641.975309  -0.00011814588150845254
 1666.666667 -3518.518519  -0.00011823407165580631
 1666.666667 -3395.061728  -0.00011762252612442390
 1666.666667 -3271.604938  -0.00011724654227483018
 1666.666667 -3148.148148  -0.00011729166543984144
 1666.666667 -3024.691358  -0.00011758652577670623
 1666.666667 -2901.234568  -0.00011787727540801139
 1666.666667 -2777.777778  -0.00011798362585135533
 1666.666667 -2654.320988  -0.00011783648573778520
 1666.666667 -2530.864198  -0.00011739719881900072
 1666.666667 -2407.407407  -0.00011832013861699609
 1666.666667 -2283.950617  -0.00011809589370229872
 1666.666667 -2160.493827  -0.00011778585225630809
 1666.666667 -2037.037037  -0.00011792395127143187
 1666.666667 -1913.580247  -0.00011829221078547004
 1666.666667 -1790.123457  -0.00011855559886948529
 1666.666667 -1666.666667  -0.00011860838254555072
 1666.666667 -1543.209877  -0.00011863196463437495
 1666.666667 -1419.753086  -0.00011886420653280551
 1666.666667 -1296.296296  -0.00011908023692120902
 1666.666667 -1172.839506  -0.00011917995827554524
 1666.666667 -1049.382716  -0.00011943817258927480
 1666.666667  -925.925926  -0.00011969942582980460
 1666.666667  -802.469136  -0.00011999565113565296
 1666.666667  -679.012346  -0.00012029268268385254
 1666.666667  -555.555556  -0.00012054060188627455
 1666.666667  -432.098765  -0.00012070916720779925
 1666.666667  -308.641975  -0.00012080832760633515
 1666.666667  -185.185185  -0.00012089381959468540
 1666.666667   -61.728395  -0.00012105784792426324
 1666.666667    61.728395  -0.00012105792276589907
 1666.666667   185.185185  -0.00012089404330384052
 1666.666667   308.641975  -0.00012080868449328075
 1666.666667   432.098765  -0.00012070965057288625
 1666.666667   555.555556  -0.00012054121130186175
 1666.666667   679.012346  -0.00012029341999589888
 1666.666667   802.469136  -0.00011999651647440424
 1666.666667   925.925926  -0.00011970041491900516
 1666.666667  1049.382716  -0.00011943927664333395
 1666.666667  1172.839506  -0.00011918116777409167
 1666.666667  1296.296296  -0.00011908154260817909
 1666.666667  1419.753086  -0.00011886560252886948
 1666.666667  1543.209877  -0.00011863344925125120
 1666.666667  1666.666667  -0.00011860995260198304
 1666.666667  1790.123457  -0.00011855725899178856
 1666.666667  1913.580247  -0.00011829397033586453
 1666.666667  2037.037037  -0.00011792581434712621
 1666.666667  2160.493827  -0.00011778780620228992
 1666.666667  2283.950617  -0.00011809790158079154
 1666.666667  2407.407407  -0.00011832214107654260
 1666.666667  2530.864198  -0.00011739934381188382
 1666.666667  2654.320988  -0.00011783884324450942
 1666.666667  2777.777778  -0.00011798595526517286
 1666.666667  2901.234568  -0.00011787954492890995
 1666.666667  3024.691358  -0.00011758879239287579
 1666.666667  3148.148148  -0.00011729400021531360
 1666.666667  3271.604938  -0.00011724899121567063
 1666.666667  3395.061728  -0.00011762509689586062
 1666.666667  3518.518519  -0.00011823673642267247
 1666.666667  3641.975309  -0.00011814858617132511
 1666.666667  3765.432099  -0.00011569529086668589
 1666.666667  3888.888889  -0.00011998726235455666
 1666.666667  4012.345679  -0.00011444880193516706
 1666.666667  4135.802469  -0.00011621382095977770
 1666.666667  4259.259259  -0.00012047802346421058
 1666.666667  4382.716049  -0.00012013168494232434
 1666.666667  4506.172840  -0.00011556039945331778
 1666.666667  4629.629630  -0.00011461379506285829
 1666.666667  4753.086420  -0.00012274221761803691
 1666.666667  4876.543210  -0.00012330138285614989

 1790.123457 -5000.000000  -0.00004646231128741721
 1790.123457 -4876.543210  -0.00011899748860962325
 1790.123457 -4753.086420  -0.00011834834688835158
 1790.123457 -4629.629630  -0.00011047433516057259
 1790.123457 -4506.172840  -0.00011141990899424226
 1790.123457 -4382.716049  -0.00011587651763577861
 1790.123457 -4259.259259  -0.00011623242043076107
 1790.123457 -4135.802469  -0.00011211033251784091
 1790.123457 -4012.345679  -0.00011039289979586235
 1790.123457 -3888.888889  -0.00011573600316419490
 1790.123457 -3765.432099  -0.00011156989203627695
 1790.123457 -3641.975309  -0.00011393246277823361
 1790.123457 -3518.518519  -0.00011402206094494134
 1790.123457 -3395.061728  -0.00011343927421057898
 1790.123457 -3271.604938  -0.00011308572505198116
 1790.123457 -3148.148148  -0.00011313856421281507
 1790.123457 -3024.691358  -0.00011342625269550361
 1790.123457 -2901.234568  -0.00011369578653262232
 1790.123457 -2777.777778  -0.00011377136433776861
 1790.123457 -2654.320988  -0.00011360449763590474
 1790.123457 -2530.864198  -0.00011321556397317353
 1790.123457 -2407.407407  -0.00011414277289231553
 1790.123457 -2283.950617  -0.00011390346747130808
 1790.123457 -2160.493827  -0.00011358281567113053
 1790.123457 -2037.037037  -0.00011370338364259067
 1790.123457 -1913.580247  -0.00011404799760087039
 1790.123457 -1790.123457  -0.00011428500296113979
 1790.123457 -1666.666667  -0.00011430928740805915
 1790.123457 -1543.209877  -0.00011429906789916886
 1790.123457 -1419.753086  -0.00011448844160216616
 1790.123457 -1296.296296  -0.00011465570076607126
 1790.123457 -1172.839506  -0.00011470248329774193
 1790.123457 -1049.382716  -0.00011489954789086801
 1790.123457  -925.925926  -0.00011509469175193932
 1790.123457  -802.469136  -0.00011532056300168072
 1790.123457  -679.012346  -0.00011554560943894306
 1790.123457  -555.555556  -0.00011572364302592743
 1790.123457  -432.098765  -0.00011582861011512837
 1790.123457  -308.641975  -0.00011587456741799178
 1790.123457  -185.185185  -0.00011592086371529209
 1790.123457   -61.728395  -0.00011606252730922612
 1790.123457    61.728395  -0.00011606260019487710
 1790.123457   185.185185  -0.00011592108234681900
 1790.123457   308.641975  -0.00011587491661589417
 1790.123457   432.098765  -0.00011582908376273578
 1790.123457   555.555556  -0.00011572424138028905
 1790.123457   679.012346  -0.00011554633508771367
 1790.123457   802.469136  -0.00011532141679482397
 1790.123457   925.925926  -0.00011509567003706982
 1790.123457  1049.382716  -0.00011490064238105455
 1790.123457  1172.839506  -0.00011470368490059340
 1790.123457  1296.296296  -0.00011465700058724131
 1790.123457  1419.753086  -0.00011448983406324734
 1790.123457  1543.209877  -0.00011430055157514506
 1790.123457  1666.666667  -0.00011431085923022010
 1790.123457  1790.123457  -0.00011428666768085258
 1790.123457  1913.580247  -0.00011404976467370723
 1790.123457  2037.037037  -0.00011370525707332973
 1790.123457  2160.493827  -0.00011358478236014837
 1790.123457  2283.950617  -0.00011390548960288158
 1790.123457  2407.407407  -0.00011414478990535224
 1790.123457  2530.864198  -0.00011321772715657623
 1790.123457  2654.320988  -0.00011360687905848082
 1790.123457  2777.777778  -0.00011377371714132485
 1790.123457  2901.234568  -0.00011369807803729620
 1790.123457  3024.691358  -0.00011342854139429695
 1790.123457  3148.148148  -0.00011314092312804578
 1790.123457  3271.604938  -0.00011308820152933459
 1790.123457  3395.061728  -0.00011344187622643523
 1790.123457  3518.518519  -0.00011402476000266139
 1790.123457  3641.975309  -0.00011393520346908139
 1790.123457  3765.432099  -0.00011157260442923520
 1790.123457  3888.888889  -0.00011573862568100497
 1790.123457  4012.345679  -0.00011039542064820114
 1790.123457  4135.802469  -0.00011211276187725645
 1790.123457  4259.259259  -0.00011623481497251944
 1790.123457  4382.716049  -0.00011587896314010939
 1790.123457  4506.172840  -0.00011142246765076664
 1790.123457  4629.629630  -0.00011047696422169631
 1790.123457  4753.086420  -0.00011835079531740704
 1790.123457  4876.543210  -0.00011899917836954306

 1913.580247 -5000.000000  -0.00004473845140843138
 1913.580247 -4876.543210  -0.00011432380949148637
 1913.580247 -4753.086420  -0.00011360208037122541
 1913.580247 -4629.629630  -0.00010601231647906683
 1913.580247 -4506.172840  -0.00010695109027634137
 1913.580247 -4382.716049  -0.00011127362728797397
 1913.580247 -4259.259259  -0.00011163439071514059
 1913.580247 -4135.802469  -0.00010766711762688763
 1913.580247 -4012.345679  -0.00010600430673071512
 1913.580247 -3888.888889  -0.00011113615772212262
 1913.580247 -3765.432099  -0.00010710896221311820
 1913.580247 -3641.975309  -0.00010938211177962835
 1913.580247 -3518.518519  -0.00010946614574210007
 1913.580247 -3395.061728  -0.00010891410480619073
 1913.580247 -3271.604938  -0.00010858848562023627
 1913.580247 -3148.148148  -0.00010864783099538373
 1913.580247 -3024.691358  -0.00010891973325804325
 1913.580247 -2901.234568  -0.00010916290594729534
 1913.580247 -2777.777778  -0.00010921832385724909
 1913.580247 -2654.320988  -0.00010904943142435247
 1913.580247 -2530.864198  -0.00010867141945965634
 1913.580247 -2407.407407  -0.00010949202387025378
 1913.580247 -2283.950617  -0.00010924274873655643
 1913.580247 -2160.493827  -0.00010892965753641662
 1913.580247 -2037.037037  -0.00010903461166881468
 1913.580247 -1913.580247  -0.00010934888202478525
 1913.580247 -1790.123457  -0.00010955869159690241
 1913.580247 -1666.666667  -0.00010956433676577448
 1913.580247 -1543.209877  -0.00010953288726354929
 1913.580247 -1419.753086  -0.00010968446481442820
 1913.580247 -1296.296296  -0.00010981210045219226
 1913.580247 -1172.839506  -0.00010982362569888040
 1913.580247 -1049.382716  -0.00010997385679857850
 1913.580247  -925.925926  -0.00011012017139852151
 1913.580247  -802.469136  -0.00011029363947221101
 1913.580247  -679.012346  -0.00011046518002882104
 1913.580247  -555.555556  -0.00011059247192161050
 1913.580247  -432.098765  -0.00011065293000682507
 1913.580247  -308.641975  -0.00011066274665308987
 1913.580247  -185.185185  -0.00011068199860129109
 1913.580247   -61.728395  -0.00011080581917494796
 1913.580247    61.728395  -0.00011080589035392730
 1913.580247   185.185185  -0.00011068221277136843
 1913.580247   308.641975  -0.00011066308937422897
 1913.580247   432.098765  -0.00011065339583798102
 1913.580247   555.555556  -0.00011059306175923178
 1913.580247   679.012346  -0.00011046589706118088
 1913.580247   802.469136  -0.00011029448509346160
 1913.580247   925.925926  -0.00011012114242636666
 1913.580247  1049.382716  -0.00010997494533945759
 1913.580247  1172.839506  -0.00010982482300455932
 1913.580247  1296.296296  -0.00010981339791849638
 1913.580247  1419.753086  -0.00010968585712704859
 1913.580247  1543.209877  -0.00010953437322350406
 1913.580247  1666.666667  -0.00010956591343688798
 1913.580247  1790.123457  -0.00010956036385033940
 1913.580247  1913.580247  -0.00010935065939051565
 1913.580247  2037.037037  -0.00010903649808764415
 1913.580247  2160.493827  -0.00010893163960621958
 1913.580247  2283.950617  -0.00010924478804634667
 1913.580247  2407.407407  -0.00010949405901572962
 1913.580247  2530.864198  -0.00010867360394487096
 1913.580247  2654.320988  -0.00010905183961756186
 1913.580247  2777.777778  -0.00010922070359007599
 1913.580247  2901.234568  -0.00010916522370660355
 1913.580247  3024.691358  -0.00010892204871893165
 1913.580247  3148.148148  -0.00010865021878037684
 1913.580247  3271.604938  -0.00010859099419694671
 1913.580247  3395.061728  -0.00010891674243573118
 1913.580247  3518.518519  -0.00010946888339052345
 1913.580247  3641.975309  -0.00010938489290466993
 1913.580247  3765.432099  -0.00010711171549439917
 1913.580247  3888.888889  -0.00011113882081054610
 1913.580247  4012.345679  -0.00010600686741581097
 1913.580247  4135.802469  -0.00010766958702878100
 1913.580247  4259.259259  -0.00011163682726478399
 1913.580247  4382.716049  -0.00011127611877914045
 1913.580247  4506.172840  -0.00010695370030899939
 1913.580247  4629.629630  -0.00010601500161376092
 1913.580247  4753.086420  -0.00011360458431408302
 1913.580247  4876.543210  -0.00011432554062947489

 2037.037037 -5000.000000  -0.00004287336565783835
 2037.037037 -4876.543210  -0.00010929923137991031
 2037.037037 -4753.086420  -0.00010851037200926639
 2037.037037 -4629.629630  -0.00010122942168550959
 2037.037037 -4506.172840  -0.00010215803080709987
 2037.037037 -4382.716049  -0.00010633190537851025
 2037.037037 -4259.259259  -0.00010669523224724090
 2037.037037 -4135.802469  -0.00010289449023068320
 2037.037037 -4012.345679  -0.00010129164713283110
 2037.037037 -3888.888889  -0.00010619674265084167
 2037.037037 -3765.432099  -0.00010231985717144407
 2037.037037 -3641.975309  -0.00010450115403392759
 2037.037037 -3518.518519  -0.00010457599081855438
 2037.037037 -3395.061728  -0.00010405691123878031
 2037.037037 -3271.604938  -0.00010376316478463689
 2037.037037 -3148.148148  -0.00010382887572101885
 2037.037037 -3024.691358  -0.00010408038775727351
 2037.037037 -2901.234568  -0.00010429404668959334
 2037.037037 -2777.777778  -0.00010433442101621559
 2037.037037 -2654.320988  -0.00010417296052542578
 2037.037037 -2530.864198  -0.00010378709285636554
 2037.037037 -2407.407407  -0.00010444222912626378
 2037.037037 -2283.950617  -0.00010418619225800601
 2037.037037 -2160.493827  -0.00010389144530519896
 2037.037037 -2037.037037  -0.00010398287883847393
 2037.037037 -1913.580247  -0.00010426434815021848
 2037.037037 -1790.123457  -0.00010444791126396802
 2037.037037 -1666.666667  -0.00010444191276585109
 2037.037037 -1543.209877  -0.00010439791345808571
 2037.037037 -1419.753086  -0.00010451646583452814
 2037.037037 -1296.296296  -0.00010461173537827400
 2037.037037 -1172.839506  -0.00010460021226565639
 2037.037037 -1049.382716  -0.00010471427414524313
 2037.037037  -925.925926  -0.00010482429186381534
 2037.037037  -802.469136  -0.00010495849961260830
 2037.037037  -679.012346  -0.00010509025864326758
 2037.037037  -555.555556  -0.00010518117378108319
 2037.037037  -432.098765  -0.00010521159125073950
 2037.037037  -308.641975  -0.00010519847781458218
 2037.037037  -185.185185  -0.00010520068122340087
 2037.037037   -61.728395  -0.00010531157197972714
 2037.037037    61.728395  -0.00010531164161676419
 2037.037037   185.185185  -0.00010520089096984561
 2037.037037   308.641975  -0.00010519881389509865
 2037.037037   432.098765  -0.00010521204896797096
 2037.037037   555.555556  -0.00010518175476693590
 2037.037037   679.012346  -0.00010509096675731581
 2037.037037   802.469136  -0.00010495933682546656
 2037.037037   925.925926  -0.00010482525546332359
 2037.037037  1049.382716  -0.00010471535660330696
 2037.037037  1172.839506  -0.00010460140510358831
 2037.037037  1296.296296  -0.00010461303017132731
 2037.037037  1419.753086  -0.00010451785741106496
 2037.037037  1543.209877  -0.00010439940071945935
 2037.037037  1666.666667  -0.00010444349284876255
 2037.037037  1790.123457  -0.00010444958911155513
 2037.037037  1913.580247  -0.00010426613335142816
 2037.037037  2037.037037  -0.00010398477533832868
 2037.037037  2160.493827  -0.00010389343958857178
 2037.037037  2283.950617  -0.00010418824560951676
 2037.037037  2407.407407  -0.00010444427956890949
 2037.037037  2530.864198  -0.00010378929493505658
 2037.037037  2654.320988  -0.00010417539103341600
 2037.037037  2777.777778  -0.00010433682369667396
 2037.037037  2901.234568  -0.00010429638729629251
 2037.037037  3024.691358  -0.00010408272677860815
 2037.037037  3148.148148  -0.00010383128895395190
 2037.037037  3271.604938  -0.00010376570155357945
 2037.037037  3395.061728  -0.00010405958005441447
 2037.037037  3518.518519  -0.00010457876227160295
 2037.037037  3641.975309  -0.00010450397071888029
 2037.037037  3765.432099  -0.00010232264659595096
 2037.037037  3888.888889  -0.00010619944245496247
 2037.037037  4012.345679  -0.00010129424415499228
 2037.037037  4135.802469  -0.00010289699686519771
 2037.037037  4259.259259  -0.00010669770847897919
 2037.037037  4382.716049  -0.00010633444023824148
 2037.037037  4506.172840  -0.00010216068865434583
 2037.037037  4629.629630  -0.00010123215872575358
 2037.037037  4753.086420  -0.00010851292845236105
 2037.037037  4876.543210  -0.00010930100464652575

 2160.493827 -5000.000000  -0.00004093263023612822
 2160.493827 -4876.543210  -0.00010399412633022563
 2160.493827 -4753.086420  -0.00010310762584015665
 2160.493827 -4629.629630  -0.00009614354459439454
 2160.493827 -4506.172840  -0.00009706638143400350
 2160.493827 -4382.716049  -0.00010109244352721367
 2160.493827 -4259.259259  -0.00010146375152779024
 2160.493827 -4135.802469  -0.00009783812457718541
 2160.493827 -4012.345679  -0.00009629544515047582
 2160.493827 -3888.888889  -0.00010096010374608180
 2160.493827 -3765.432099  -0.00009723962341927186
 2160.493827 -3641.975309  -0.00009931499440940529
 2160.493827 -3518.518519  -0.00009938749438943984
 2160.493827 -3395.061728  -0.00009890429765876770
 2160.493827 -3271.604938  -0.00009864153588401634
 2160.493827 -3148.148148  -0.00009871695301700127
 2160.493827 -3024.691358  -0.00009895620431805753
 2160.493827 -2901.234568  -0.00009914347857288653
 2160.493827 -2777.777778  -0.00009915644350291787
 2160.493827 -2654.320988  -0.00009898551436918611
 2160.493827 -2530.864198  -0.00009863744576972190
 2160.493827 -2407.407407  -0.00009922969589722912
 2160.493827 -2283.950617  -0.00009896390390356336
 2160.493827 -2160.493827  -0.00009867519099659349
 2160.493827 -2037.037037  -0.00009875631632565661
 2160.493827 -1913.580247  -0.00009901683278600864
 2160.493827 -1790.123457  -0.00009918209268398265
 2160.493827 -1666.666667  -0.00009916460502826520
 2160.493827 -1543.209877  -0.00009910774444728877
 2160.493827 -1419.753086  -0.00009920181173274129
 2160.493827 -1296.296296  -0.00009927244600919237
 2160.493827 -1172.839506  -0.00009924127302131875
 2160.493827 -1049.382716  -0.00009932869084919137
 2160.493827  -925.925926  -0.00009941234997942706
 2160.493827  -802.469136  -0.00009951907387090122
 2160.493827  -679.012346  -0.00009962372623341836
 2160.493827  -555.555556  -0.00009969020837165141
 2160.493827  -432.098765  -0.00009970061293342537
 2160.493827  -308.641975  -0.00009967253406234750
 2160.493827  -185.185185  -0.00009966453395478226
 2160.493827   -61.728395  -0.00009976976582117201
 2160.493827    61.728395  -0.00009976983353380636
 2160.493827   185.185185  -0.00009966473757471157
 2160.493827   308.641975  -0.00009967286010472700
 2160.493827   432.098765  -0.00009970105735012701
 2160.493827   555.555556  -0.00009969077358364986
 2160.493827   679.012346  -0.00009962441688619139
 2160.493827   802.469136  -0.00009951989263366315
 2160.493827   925.925926  -0.00009941329470901517
 2160.493827  1049.382716  -0.00009932975443942243
 2160.493827  1172.839506  -0.00009924244725863633
 2160.493827  1296.296296  -0.00009927372260414993
 2160.493827  1419.753086  -0.00009920318555651420
 2160.493827  1543.209877  -0.00009910921439175355
 2160.493827  1666.666667  -0.00009916616824799242
 2160.493827  1790.123457  -0.00009918375414355570
 2160.493827  1913.580247  -0.00009901860211708158
 2160.493827  2037.037037  -0.00009875819755686241
 2160.493827  2160.493827  -0.00009867717071941479
 2160.493827  2283.950617  -0.00009896594343727797
 2160.493827  2407.407407  -0.00009923173301604151
 2160.493827  2530.864198  -0.00009863963476741362
 2160.493827  2654.320988  -0.00009898793390421909
 2160.493827  2777.777778  -0.00009915883560181157
 2160.493827  2901.234568  -0.00009914580858280014
 2160.493827  3024.691358  -0.00009895853301099954
 2160.493827  3148.148148  -0.00009871935670384042
 2160.493827  3271.604938  -0.00009864406432490112
 2160.493827  3395.061728  -0.00009890695955656050
 2160.493827  3518.518519  -0.00009939026025277182
 2160.493827  3641.975309  -0.00009931780657195788
 2160.493827  3765.432099  -0.00009724240914355560
 2160.493827  3888.888889  -0.00010096280070259536
 2160.493827  4012.345679  -0.00009629804018132773
 2160.493827  4135.802469  -0.00009784063077145662
 2160.493827  4259.259259  -0.00010146622977594952
 2160.493827  4382.716049  -0.00010109498373618666
 2160.493827  4506.172840  -0.00009706904858343442
 2160.493827  4629.629630  -0.00009614629481464652
 2160.493827  4753.086420  -0.00010311019769259096
 2160.493827  4876.543210  -0.00010399591247030298

 2283.950617 -5000.000000  -0.00003898160483852594
 2283.950617 -4876.543210  -0.00009855198881863040
 2283.950617 -4753.086420  -0.00009752825167578441
 2283.950617 -4629.629630  -0.00009087662003074281
 2283.950617 -4506.172840  -0.00009180062374010645
 2283.950617 -4382.716049  -0.00009568803430144642
 2283.950617 -4259.259259  -0.00009607512592656085
 2283.950617 -4135.802469  -0.00009262825928285328
 2283.950617 -4012.345679  -0.00009114278790283338
 2283.950617 -3888.888889  -0.00009555928726173986
 2283.950617 -3765.432099  -0.00009199710652328533
 2283.950617 -3641.975309  -0.00009394863513854065
 2283.950617 -3518.518519  -0.00009403179864317154
 2283.950617 -3395.061728  -0.00009358668773307541
 2283.950617 -3271.604938  -0.00009334960301749233
 2283.950617 -3148.148148  -0.00009343848662001422
 2283.950617 -3024.691358  -0.00009368005866205571
 2283.950617 -2901.234568  -0.00009384819518878587
 2283.950617 -2777.777778  -0.00009381354753752077
 2283.950617 -2654.320988  -0.00009360440314857607
 2283.950617 -2530.864198  -0.00009337878781858054
 2283.950617 -2407.407407  -0.00009412126175128947
 2283.950617 -2283.950617  -0.00009384385637722883
 2283.950617 -2160.493827  -0.00009353635333160357
 2283.950617 -2037.037037  -0.00009361018672158057
 2283.950617 -1913.580247  -0.00009386867905352060
 2283.950617 -1790.123457  -0.00009402678475678177
 2283.950617 -1666.666667  -0.00009399377214606606
 2283.950617 -1543.209877  -0.00009391884382230659
 2283.950617 -1419.753086  -0.00009399969551209789
 2283.950617 -1296.296296  -0.00009405401334566765
 2283.950617 -1172.839506  -0.00009400188778705029
 2283.950617 -1049.382716  -0.00009407130658873147
 2283.950617  -925.925926  -0.00009413658101843360
 2283.950617  -802.469136  -0.00009422600200921361
 2283.950617  -679.012346  -0.00009431453541376511
 2283.950617  -555.555556  -0.00009436592367402214
 2283.950617  -432.098765  -0.00009436257163276000
 2283.950617  -308.641975  -0.00009432321648719369
 2283.950617  -185.185185  -0.00009430838188457284
 2283.950617   -61.728395  -0.00009441361615977460
 2283.950617    61.728395  -0.00009441368070222911
 2283.950617   185.185185  -0.00009430857540606715
 2283.950617   308.641975  -0.00009432352540695430
 2283.950617   432.098765  -0.00009436299226299157
 2283.950617   555.555556  -0.00009436645903459533
 2283.950617   679.012346  -0.00009431519083872691
 2283.950617   802.469136  -0.00009422678084971144
 2283.950617   925.925926  -0.00009413748174664709
 2283.950617  1049.382716  -0.00009407232260740321
 2283.950617  1172.839506  -0.00009400301124920895
 2283.950617  1296.296296  -0.00009405523620270648
 2283.950617  1419.753086  -0.00009400101274943219
 2283.950617  1543.209877  -0.00009392025437090048
 2283.950617  1666.666667  -0.00009399527320619921
 2283.950617  1790.123457  -0.00009402838131227996
 2283.950617  1913.580247  -0.00009387038077407879
 2283.950617  2037.037037  -0.00009361199776615238
 2283.950617  2160.493827  -0.00009353826056582801
 2283.950617  2283.950617  -0.00009384582151786832
 2283.950617  2407.407407  -0.00009412322295065096
 2283.950617  2530.864198  -0.00009338089798654567
 2283.950617  2654.320988  -0.00009360674016991089
 2283.950617  2777.777778  -0.00009381585644343941
 2283.950617  2901.234568  -0.00009385044184416053
 2283.950617  3024.691358  -0.00009368230331279409
 2283.950617  3148.148148  -0.00009344080488010619
 2283.950617  3271.604938  -0.00009335204422474799
 2283.950617  3395.061728  -0.00009358926060257827
 2283.950617  3518.518519  -0.00009403447414747037
 2283.950617  3641.975309  -0.00009395135654360223
 2283.950617  3765.432099  -0.00009199980269685148
 2283.950617  3888.888889  -0.00009556189560569620
 2283.950617  4012.345679  -0.00009114529766504113
 2283.950617  4135.802469  -0.00009263068277943027
 2283.950617  4259.259259  -0.00009607752361580989
 2283.950617  4382.716049  -0.00009569049656996867
 2283.950617  4506.172840  -0.00009180321620134029
 2283.950617  4629.629630  -0.00009087929913617066
 2283.950617  4753.086420  -0.00009753075743904791
 2283.950617  4876.543210  -0.00009855372145279707

 2407.407407 -5000.000000  -0.00003699723614511788
 2407.407407 -4876.543210  -0.00009321676133516113
 2407.407407 -4753.086420  -0.00009212681877558578
 2407.407407 -4629.629630  -0.00008580349427369453
 2407.407407 -4506.172840  -0.00008671376476716363
 2407.407407 -4382.716049  -0.00009044023282745531
 2407.407407 -4259.259259  -0.00009082871147400591
 2407.407407 -4135.802469  -0.00008755865929918020
 2407.407407 -4012.345679  -0.00008613646590399166
 2407.407407 -3888.888889  -0.00009031158764458849
 2407.407407 -3765.432099  -0.00008691553368950680
 2407.407407 -3641.975309  -0.00008875755135900160
 2407.407407 -3518.518519  -0.00008884517594318922
 2407.407407 -3395.061728  -0.00008843489319520202
 2407.407407 -3271.604938  -0.00008822109628224472
 2407.407407 -3148.148148  -0.00008831476402445511
 2407.407407 -3024.691358  -0.00008854613882753412
 2407.407407 -2901.234568  -0.00008869249600525856
 2407.407407 -2777.777778  -0.00008863100449187788
 2407.407407 -2654.320988  -0.00008841667894439310
 2407.407407 -2530.864198  -0.00008828542323471962
 2407.407407 -2407.407407  -0.00008915661397080901
 2407.407407 -2283.950617  -0.00008889491641652056
 2407.407407 -2160.493827  -0.00008858969056308724
 2407.407407 -2037.037037  -0.00008865368350752977
 2407.407407 -1913.580247  -0.00008889749377951593
 2407.407407 -1790.123457  -0.00008904259389088971
 2407.407407 -1666.666667  -0.00008900050564231171
 2407.407407 -1543.209877  -0.00008891812818701149
 2407.407407 -1419.753086  -0.00008898921885165120
 2407.407407 -1296.296296  -0.00008903202671430175
 2407.407407 -1172.839506  -0.00008897060204092862
 2407.407407 -1049.382716  -0.00008902622780049952
 2407.407407  -925.925926  -0.00008907760709975349
 2407.407407  -802.469136  -0.00008915252933363755
 2407.407407  -679.012346  -0.00008922751766466602
 2407.407407  -555.555556  -0.00008926827315001288
 2407.407407  -432.098765  -0.00008925826658929292
 2407.407407  -308.641975  -0.00008921547809303045
 2407.407407  -185.185185  -0.00008919728437181721
 2407.407407   -61.728395  -0.00008929349374615739
 2407.407407    61.728395  -0.00008929355314774569
 2407.407407   185.185185  -0.00008919746257352914
 2407.407407   308.641975  -0.00008921576165084281
 2407.407407   432.098765  -0.00008925865181194325
 2407.407407   555.555556  -0.00008926876302803793
 2407.407407   679.012346  -0.00008922811757252402
 2407.407407   802.469136  -0.00008915324279994400
 2407.407407   925.925926  -0.00008907843294065932
 2407.407407  1049.382716  -0.00008902715991124001
 2407.407407  1172.839506  -0.00008897163314057239
 2407.407407  1296.296296  -0.00008903314927650015
 2407.407407  1419.753086  -0.00008899042840972329
 2407.407407  1543.209877  -0.00008891942409039019
 2407.407407  1666.666667  -0.00008900188528425915
 2407.407407  1790.123457  -0.00008904406237333479
 2407.407407  1913.580247  -0.00008889906085738446
 2407.407407  2037.037037  -0.00008865535342476307
 2407.407407  2160.493827  -0.00008859145039254796
 2407.407407  2283.950617  -0.00008889672851598203
 2407.407407  2407.407407  -0.00008915841816722656
 2407.407407  2530.864198  -0.00008828737094734991
 2407.407407  2654.320988  -0.00008841883999652040
 2407.407407  2777.777778  -0.00008863313552154147
 2407.407407  2901.234568  -0.00008869456557906787
 2407.407407  3024.691358  -0.00008854820547795947
 2407.407407  3148.148148  -0.00008831690038417778
 2407.407407  3271.604938  -0.00008822334942693876
 2407.407407  3395.061728  -0.00008843727130612339
 2407.407407  3518.518519  -0.00008884765140094586
 2407.407407  3641.975309  -0.00008876007037987846
 2407.407407  3765.432099  -0.00008691802909532544
 2407.407407  3888.888889  -0.00009031399792119310
 2407.407407  4012.345679  -0.00008613878440149349
 2407.407407  4135.802469  -0.00008756089647402759
 2407.407407  4259.259259  -0.00009083092527173938
 2407.407407  4382.716049  -0.00009044251188921342
 2407.407407  4506.172840  -0.00008671617383353120
 2407.407407  4629.629630  -0.00008580599115948909
 2407.407407  4753.086420  -0.00009212915228917697
 2407.407407  4876.543210  -0.00009321835951591731

 2530.864198 -5000.000000  -0.00003449380646996321
 2530.864198 -4876.543210  -0.00008688648981809454
 2530.864198 -4753.086420  -0.00008584654192410434
 2530.864198 -4629.629630  -0.00007996971133667676
 2530.864198 -4506.172840  -0.00008085566965520585
 2530.864198 -4382.716049  -0.00008435025209447351
 2530.864198 -4259.259259  -0.00008470031283165633
 2530.864198 -4135.802469  -0.00008162119513565390
 2530.864198 -4012.345679  -0.00008027681627873722
 2530.864198 -3888.888889  -0.00008417236723051773
 2530.864198 -3765.432099  -0.00008095962713423770
 2530.864198 -3641.975309  -0.00008278217333927324
 2530.864198 -3518.518519  -0.00008281230928749467
 2530.864198 -3395.061728  -0.00008245686759047045
 2530.864198 -3271.604938  -0.00008232304104774693
 2530.864198 -3148.148148  -0.00008240023748128169
 2530.864198 -3024.691358  -0.00008250857804103515
 2530.864198 -2901.234568  -0.00008255023974789703
 2530.864198 -2777.777778  -0.00008256364227394547
 2530.864198 -2654.320988  -0.00008258047896004011
 2530.864198 -2530.864198  -0.00008228559207074931
 2530.864198 -2407.407407  -0.00008255956239414789
 2530.864198 -2283.950617  -0.00008245327919458522
 2530.864198 -2160.493827  -0.00008234057539823759
 2530.864198 -2037.037037  -0.00008237229144274818
 2530.864198 -1913.580247  -0.00008247344360377898
 2530.864198 -1790.123457  -0.00008253729794297276
 2530.864198 -1666.666667  -0.00008253050511908131
 2530.864198 -1543.209877  -0.00008250929606226066
 2530.864198 -1419.753086  -0.00008254673851153320
 2530.864198 -1296.296296  -0.00008257105441541609
 2530.864198 -1172.839506  -0.00008256124483041633
 2530.864198 -1049.382716  -0.00008259331206746832
 2530.864198  -925.925926  -0.00008262560860179573
 2530.864198  -802.469136  -0.00008266573683117024
 2530.864198  -679.012346  -0.00008270407534374432
 2530.864198  -555.555556  -0.00008272749852333043
 2530.864198  -432.098765  -0.00008272942367988656
 2530.864198  -308.641975  -0.00008271618570520543
 2530.864198  -185.185185  -0.00008270973925381049
 2530.864198   -61.728395  -0.00008274668844905584
 2530.864198    61.728395  -0.00008274674835703080
 2530.864198   185.185185  -0.00008270991903122297
 2530.864198   308.641975  -0.00008271647284996066
 2530.864198   432.098765  -0.00008272981476861599
 2530.864198   555.555556  -0.00008272799633158774
 2530.864198   679.012346  -0.00008270468481082816
 2530.864198   802.469136  -0.00008266646109634735
 2530.864198   925.925926  -0.00008262644633869394
 2530.864198  1049.382716  -0.00008259425734341309
 2530.864198  1172.839506  -0.00008256229071748138
 2530.864198  1296.296296  -0.00008257219367528678
 2530.864198  1419.753086  -0.00008254796722037090
 2530.864198  1543.209877  -0.00008251061392251814
 2530.864198  1666.666667  -0.00008253190955732980
 2530.864198  1790.123457  -0.00008253879400012212
 2530.864198  1913.580247  -0.00008247504089337893
 2530.864198  2037.037037  -0.00008237399396990721
 2530.864198  2160.493827  -0.00008234237003169607
 2530.864198  2283.950617  -0.00008245512858447790
 2530.864198  2407.407407  -0.00008256140812799295
 2530.864198  2530.864198  -0.00008228758753062102
 2530.864198  2654.320988  -0.00008258268578361168
 2530.864198  2777.777778  -0.00008256582252867281
 2530.864198  2901.234568  -0.00008255236377112721
 2530.864198  3024.691358  -0.00008251070362050410
 2530.864198  3148.148148  -0.00008240243535851035
 2530.864198  3271.604938  -0.00008232535654722590
 2530.864198  3395.061728  -0.00008245930817752157
 2530.864198  3518.518519  -0.00008281484785770136
 2530.864198  3641.975309  -0.00008278475704236757
 2530.864198  3765.432099  -0.00008096218790914675
 2530.864198  3888.888889  -0.00008417485026296573
 2530.864198  4012.345679  -0.00008027920855058198
 2530.864198  4135.802469  -0.00008162351140567820
 2530.864198  4259.259259  -0.00008470261116809976
 2530.864198  4382.716049  -0.00008435261571791502
 2530.864198  4506.172840  -0.00008085815810474172
 2530.864198  4629.629630  -0.00007997228397233741
 2530.864198  4753.086420  -0.00008584895677845499
 2530.864198  4876.543210  -0.00008688818080996318

 2654.320988 -5000.000000  -0.00003202940613739094
 2654.320988 -4876.543210  -0.00007888634962364680
 2654.320988 -4753.086420  -0.00007725719322051383
 2654.320988 -4629.629630  -0.00007173905771212857
 2654.320988 -4506.172840  -0.00007273829912445452
 2654.320988 -4382.716049  -0.00007617543747235722
 2654.320988 -4259.259259  -0.00007660387352214225
 2654.320988 -4135.802469  -0.00007374239356954580
 2654.320988 -4012.345679  -0.00007242146223317840
 2654.320988 -3888.888889  -0.00007594330326342226
 2654.320988 -3765.432099  -0.00007285576836678199
 2654.320988 -3641.975309  -0.00007455083176695296
 2654.320988 -3518.518519  -0.00007457374412434768
 2654.320988 -3395.061728  -0.00007431983308449216
 2654.320988 -3271.604938  -0.00007430787090095056
 2654.320988 -3148.148148  -0.00007443969822460472
 2654.320988 -3024.691358  -0.00007450084659943711
 2654.320988 -2901.234568  -0.00007442959202596330
 2654.320988 -2777.777778  -0.00007435443959231447
 2654.320988 -2654.320988  -0.00007440003917296978
 2654.320988 -2530.864198  -0.00007426153219513909
 2654.320988 -2407.407407  -0.00007429511471015048
 2654.320988 -2283.950617  -0.00007421015868292850
 2654.320988 -2160.493827  -0.00007416781272081206
 2654.320988 -2037.037037  -0.00007418972214852200
 2654.320988 -1913.580247  -0.00007423740151801956
 2654.320988 -1790.123457  -0.00007427030851671747
 2654.320988 -1666.666667  -0.00007427621500223459
 2654.320988 -1543.209877  -0.00007427387516369509
 2654.320988 -1419.753086  -0.00007428799080957221
 2654.320988 -1296.296296  -0.00007429647378207528
 2654.320988 -1172.839506  -0.00007430034083157962
 2654.320988 -1049.382716  -0.00007431856382851387
 2654.320988  -925.925926  -0.00007434111699363804
 2654.320988  -802.469136  -0.00007436700166399819
 2654.320988  -679.012346  -0.00007439057567009793
 2654.320988  -555.555556  -0.00007440555158841674
 2654.320988  -432.098765  -0.00007440861660029214
 2654.320988  -308.641975  -0.00007440267395716602
 2654.320988  -185.185185  -0.00007439970605219428
 2654.320988   -61.728395  -0.00007442325909822115
 2654.320988    61.728395  -0.00007442331833866230
 2654.320988   185.185185  -0.00007439988386806346
 2654.320988   308.641975  -0.00007440295808970331
 2654.320988   432.098765  -0.00007440900389012882
 2654.320988   555.555556  -0.00007440604501661651
 2654.320988   679.012346  -0.00007439118033402968
 2654.320988   802.469136  -0.00007436772086436057
 2654.320988   925.925926  -0.00007434194960895995
 2654.320988  1049.382716  -0.00007431950415345107
 2654.320988  1172.839506  -0.00007430138205533018
 2654.320988  1296.296296  -0.00007429760898000287
 2654.320988  1419.753086  -0.00007428921582547681
 2654.320988  1543.209877  -0.00007427518946969704
 2654.320988  1666.666667  -0.00007427761658186505
 2654.320988  1790.123457  -0.00007427180230918761
 2654.320988  1913.580247  -0.00007423899650095924
 2654.320988  2037.037037  -0.00007419142198072160
 2654.320988  2160.493827  -0.00007416960486650010
 2654.320988  2283.950617  -0.00007421200693911800
 2654.320988  2407.407407  -0.00007429696005858719
 2654.320988  2530.864198  -0.00007426351979010162
 2654.320988  2654.320988  -0.00007440224938633011
 2654.320988  2777.777778  -0.00007435662285636523
 2654.320988  2901.234568  -0.00007443171416850830
 2654.320988  3024.691358  -0.00007450296624153149
 2654.320988  3148.148148  -0.00007444188967965139
 2654.320988  3271.604938  -0.00007431018310154765
 2654.320988  3395.061728  -0.00007432227506342805
 2654.320988  3518.518519  -0.00007457628757613935
 2654.320988  3641.975309  -0.00007455342121632394
 2654.320988  3765.432099  -0.00007285833519029150
 2654.320988  3888.888889  -0.00007594578694258317
 2654.320988  4012.345679  -0.00007242385336954360
 2654.320988  4135.802469  -0.00007374470622485540
 2654.320988  4259.259259  -0.00007660616900511651
 2654.320988  4382.716049  -0.00007617780615208535
 2654.320988  4506.172840  -0.00007274080662979533
 2654.320988  4629.629630  -0.00007174166187653993
 2654.320988  4753.086420  -0.00007725963813172700
 2654.320988  4876.543210  -0.00007888804313760335

 2777.777778 -5000.000000  -0.00002975180510351826
 2777.777778 -4876.543210  -0.00007279960256354822
 2777.777778 -4753.086420  -0.00007110922837531517
 2777.777778 -4629.629630  -0.00006596271185744937
 2777.777778 -4506.172840  -0.00006693346103318611
 2777.777778 -4382.716049  -0.00007017736789196330
 2777.777778 -4259.259259  -0.00007060805619789500
 2777.777778 -4135.802469  -0.00006795627184511398
 2777.777778 -4012.345679  -0.00006671341575998260
 2777.777778 -3888.888889  -0.00006995921935017290
 2777.777778 -3765.432099  -0.00006707356250061503
 2777.777778 -3641.975309  -0.00006862070437961493
 2777.777778 -3518.518519  -0.00006865851663697618
 2777.777778 -3395.061728  -0.00006843733307838022
 2777.777778 -3271.604938  -0.00006843725131019937
 2777.777778 -3148.148148  -0.00006857704116275291
 2777.777778 -3024.691358  -0.00006865136356474868
 2777.777778 -2901.234568  -0.00006857890999892091
 2777.777778 -2777.777778  -0.00006846146253886533
 2777.777778 -2654.320988  -0.00006845387446706871
 2777.777778 -2530.864198  -0.00006844497147413677
 2777.777778 -2407.407407  -0.00006871733079914376
 2777.777778 -2283.950617  -0.00006861802600974495
 2777.777778 -2160.493827  -0.00006854409591004088
 2777.777778 -2037.037037  -0.00006856503237890688
 2777.777778 -1913.580247  -0.00006862771202134178
 2777.777778 -1790.123457  -0.00006866615728565590
 2777.777778 -1666.666667  -0.00006866020677090865
 2777.777778 -1543.209877  -0.00006864309472459431
 2777.777778 -1419.753086  -0.00006865793973057740
 2777.777778 -1296.296296  -0.00006866314258727619
 2777.777778 -1172.839506  -0.00006865350002652464
 2777.777778 -1049.382716  -0.00006866797702063181
 2777.777778  -925.925926  -0.00006868591520742976
 2777.777778  -802.469136  -0.00006870921616144246
 2777.777778  -679.012346  -0.00006873091709825341
 2777.777778  -555.555556  -0.00006874247515773060
 2777.777778  -432.098765  -0.00006873960677217800
 2777.777778  -308.641975  -0.00006872668211941312
 2777.777778  -185.185185  -0.00006871967466077036
 2777.777778   -61.728395  -0.00006874766576403110
 2777.777778    61.728395  -0.00006874772027054877
 2777.777778   185.185185  -0.00006871983833370620
 2777.777778   308.641975  -0.00006872694328381120
 2777.777778   432.098765  -0.00006873996248435710
 2777.777778   555.555556  -0.00006874292837611501
 2777.777778   679.012346  -0.00006873147282785486
 2777.777778   802.469136  -0.00006870987770103465
 2777.777778   925.925926  -0.00006868668162845810
 2777.777778  1049.382716  -0.00006866884300689976
 2777.777778  1172.839506  -0.00006865445920369889
 2777.777778  1296.296296  -0.00006866418848969729
 2777.777778  1419.753086  -0.00006865906851795080
 2777.777778  1543.209877  -0.00006864430604078831
 2777.777778  1666.666667  -0.00006866149884731308
 2777.777778  1790.123457  -0.00006866753498948739
 2777.777778  1913.580247  -0.00006862918405801363
 2777.777778  2037.037037  -0.00006856660233985690
 2777.777778  2160.493827  -0.00006854575185740899
 2777.777778  2283.950617  -0.00006861973328929372
 2777.777778  2407.407407  -0.00006871903277281418
 2777.777778  2530.864198  -0.00006844680714099041
 2777.777778  2654.320988  -0.00006845592099405688
 2777.777778  2777.777778  -0.00006846348138875033
 2777.777778  2901.234568  -0.00006858086862582633
 2777.777778  3024.691358  -0.00006865331827854264
 2777.777778  3148.148148  -0.00006857906335104100
 2777.777778  3271.604938  -0.00006843938805032236
 2777.777778  3395.061728  -0.00006843959317181526
 2777.777778  3518.518519  -0.00006866087309853700
 2777.777778  3641.975309  -0.00006862310441384795
 2777.777778  3765.432099  -0.00006707594158783792
 2777.777778  3888.888889  -0.00006996151774441452
 2777.777778  4012.345679  -0.00006671562789638501
 2777.777778  4135.802469  -0.00006795840990495597
 2777.777778  4259.259259  -0.00007061017901554135
 2777.777778  4382.716049  -0.00007017956417104562
 2777.777778  4506.172840  -0.00006693579567533644
 2777.777778  4629.629630  -0.00006596514420690671
 2777.777778  4753.086420  -0.00007111151118272548
 2777.777778  4876.543210  -0.00007280117047227857

 2901.234568 -5000.000000  -0.00002721633284779284
 2901.234568 -4876.543210  -0.00006656138623239428
 2901.234568 -4753.086420  -0.00006500012720468368
 2901.234568 -4629.629630  -0.00006028749971559970
 2901.234568 -4506.172840  -0.00006117682902661110
 2901.234568 -4382.716049  -0.00006414919143825774
 2901.234568 -4259.259259  -0.00006454938347491559
 2901.234568 -4135.802469  -0.00006212849052577959
 2901.234568 -4012.345679  -0.00006099305494206293
 2901.234568 -3888.888889  -0.00006396084359041411
 2901.234568 -3765.432099  -0.00006132321486255103
 2901.234568 -3641.975309  -0.00006272366689445976
 2901.234568 -3518.518519  -0.00006276560530386753
 2901.234568 -3395.061728  -0.00006256097059991755
 2901.234568 -3271.604938  -0.00006255361796579497
 2901.234568 -3148.148148  -0.00006268442576666200
 2901.234568 -3024.691358  -0.00006276764720797462
 2901.234568 -2901.234568  -0.00006271262271842879
 2901.234568 -2777.777778  -0.00006259085305753316
 2901.234568 -2654.320988  -0.00006254843314781149
 2901.234568 -2530.864198  -0.00006256384663163225
 2901.234568 -2407.407407  -0.00006293568482337847
 2901.234568 -2283.950617  -0.00006281981923282788
 2901.234568 -2160.493827  -0.00006272477543584008
 2901.234568 -2037.037037  -0.00006274586928825867
 2901.234568 -1913.580247  -0.00006281896911056776
 2901.234568 -1790.123457  -0.00006286149397501835
 2901.234568 -1666.666667  -0.00006284808396750501
 2901.234568 -1543.209877  -0.00006282094242419058
 2901.234568 -1419.753086  -0.00006283485014288105
 2901.234568 -1296.296296  -0.00006283685156914972
 2901.234568 -1172.839506  -0.00006281788358576324
 2901.234568 -1049.382716  -0.00006282966400227548
 2901.234568  -925.925926  -0.00006284476361371304
 2901.234568  -802.469136  -0.00006286674741059913
 2901.234568  -679.012346  -0.00006288748497239245
 2901.234568  -555.555556  -0.00006289666877270025
 2901.234568  -432.098765  -0.00006288923438808175
 2901.234568  -308.641975  -0.00006287068261044193
 2901.234568  -185.185185  -0.00006286030346301542
 2901.234568   -61.728395  -0.00006289230211994055
 2901.234568    61.728395  -0.00006289235141131919
 2901.234568   185.185185  -0.00006286045145928008
 2901.234568   308.641975  -0.00006287091841997005
 2901.234568   432.098765  -0.00006288955531249895
 2901.234568   555.555556  -0.00006289707766683461
 2901.234568   679.012346  -0.00006288798662468368
 2901.234568   802.469136  -0.00006286734501306317
 2901.234568   925.925926  -0.00006284545639056191
 2901.234568  1049.382716  -0.00006283044706629375
 2901.234568  1172.839506  -0.00006281875109153996
 2901.234568  1296.296296  -0.00006283779750315871
 2901.234568  1419.753086  -0.00006283587113863732
 2901.234568  1543.209877  -0.00006282203836111991
 2901.234568  1666.666667  -0.00006284925311066113
 2901.234568  1790.123457  -0.00006286274101711915
 2901.234568  1913.580247  -0.00006282030250688339
 2901.234568  2037.037037  -0.00006274729258338772
 2901.234568  2160.493827  -0.00006272627728140962
 2901.234568  2283.950617  -0.00006282136679515476
 2901.234568  2407.407407  -0.00006293722528012718
 2901.234568  2530.864198  -0.00006256551303417594
 2901.234568  2654.320988  -0.00006255029109627115
 2901.234568  2777.777778  -0.00006259268384638234
 2901.234568  2901.234568  -0.00006271439769881282
 2901.234568  3024.691358  -0.00006276941891963286
 2901.234568  3148.148148  -0.00006268625986556855
 2901.234568  3271.604938  -0.00006255555733381816
 2901.234568  3395.061728  -0.00006256302302279410
 2901.234568  3518.518519  -0.00006276774610379300
 2901.234568  3641.975309  -0.00006272584790359161
 2901.234568  3765.432099  -0.00006132537670132869
 2901.234568  3888.888889  -0.00006396293180433049
 2901.234568  4012.345679  -0.00006099506506677251
 2901.234568  4135.802469  -0.00006213043404629453
 2901.234568  4259.259259  -0.00006455131483294440
 2901.234568  4382.716049  -0.00006415119259642231
 2901.234568  4506.172840  -0.00006117895993252071
 2901.234568  4629.629630  -0.00006028972300876060
 2901.234568  4753.086420  -0.00006500221550922385
 2901.234568  4876.543210  -0.00006656282037858134

 3024.691358 -5000.000000  -0.00002444186263804745
 3024.691358 -4876.543210  -0.00005953975251572009
 3024.691358 -4753.086420  -0.00005804654682401393
 3024.691358 -4629.629630  -0.00005380259747864709
 3024.691358 -4506.172840  -0.00005462298580335618
 3024.691358 -4382.716049  -0.00005731884473986254
 3024.691358 -4259.259259  -0.00005769505484398715
 3024.691358 -4135.802469  -0.00005552431406790807
 3024.691358 -4012.345679  -0.00005449758132856123
 3024.691358 -3888.888889  -0.00005715089386218337
 3024.691358 -3765.432099  -0.00005476855836499860
 3024.691358 -3641.975309  -0.00005602083894147770
 3024.691358 -3518.518519  -0.00005605726722215924
 3024.691358 -3395.061728  -0.00005588085212885274
 3024.691358 -3271.604938  -0.00005588665373489641
 3024.691358 -3148.148148  -0.00005601464424132206
 3024.691358 -3024.691358  -0.00005609210905222704
 3024.691358 -2901.234568  -0.00005603539745697260
 3024.691358 -2777.777778  -0.00005591102291920978
 3024.691358 -2654.320988  -0.00005585611297273155
 3024.691358 -2530.864198  -0.00005585820872415273
 3024.691358 -2407.407407  -0.00005614049700049249
 3024.691358 -2283.950617  -0.00005600988116534896
 3024.691358 -2160.493827  -0.00005592088334095363
 3024.691358 -2037.037037  -0.00005594198998015164
 3024.691358 -1913.580247  -0.00005600975588163688
 3024.691358 -1790.123457  -0.00005604895713912499
 3024.691358 -1666.666667  -0.00005603656502467007
 3024.691358 -1543.209877  -0.00005600954080612452
 3024.691358 -1419.753086  -0.00005601645149874309
 3024.691358 -1296.296296  -0.00005601290655093026
 3024.691358 -1172.839506  -0.00005599307609331802
 3024.691358 -1049.382716  -0.00005600138255725577
 3024.691358  -925.925926  -0.00005601452575367430
 3024.691358  -802.469136  -0.00005603454336269519
 3024.691358  -679.012346  -0.00005605309787502816
 3024.691358  -555.555556  -0.00005606004568149749
 3024.691358  -432.098765  -0.00005605040013682530
 3024.691358  -308.641975  -0.00005602968859767277
 3024.691358  -185.185185  -0.00005601770343493951
 3024.691358   -61.728395  -0.00005605064702032035
 3024.691358    61.728395  -0.00005605069184729689
 3024.691358   185.185185  -0.00005601783797321855
 3024.691358   308.641975  -0.00005602990283231052
 3024.691358   432.098765  -0.00005605069163279057
 3024.691358   555.555556  -0.00005606041714345815
 3024.691358   679.012346  -0.00005605355379425414
 3024.691358   802.469136  -0.00005603508674598193
 3024.691358   925.925926  -0.00005601515592919044
 3024.691358  1049.382716  -0.00005600209505221841
 3024.691358  1172.839506  -0.00005599386557840030
 3024.691358  1296.296296  -0.00005601376744378593
 3024.691358  1419.753086  -0.00005601738086122678
 3024.691358  1543.209877  -0.00005601053866810620
 3024.691358  1666.666667  -0.00005603762962923453
 3024.691358  1790.123457  -0.00005605009288052411
 3024.691358  1913.580247  -0.00005601097079968032
 3024.691358  2037.037037  -0.00005594328746035152
 3024.691358  2160.493827  -0.00005592225266973831
 3024.691358  2283.950617  -0.00005601129158966140
 3024.691358  2407.407407  -0.00005614189994108898
 3024.691358  2530.864198  -0.00005585972994566757
 3024.691358  2654.320988  -0.00005585780683982176
 3024.691358  2777.777778  -0.00005591269128424046
 3024.691358  2901.234568  -0.00005603701546042137
 3024.691358  3024.691358  -0.00005609372501809869
 3024.691358  3148.148148  -0.00005601631763873122
 3024.691358  3271.604938  -0.00005588842296423586
 3024.691358  3395.061728  -0.00005588272389096586
 3024.691358  3518.518519  -0.00005605921922893497
 3024.691358  3641.975309  -0.00005602282772628586
 3024.691358  3765.432099  -0.00005477052938432815
 3024.691358  3888.888889  -0.00005715279951516217
 3024.691358  4012.345679  -0.00005449941629305567
 3024.691358  4135.802469  -0.00005552609022157365
 3024.691358  4259.259259  -0.00005769682224709948
 3024.691358  4382.716049  -0.00005732067718392765
 3024.691358  4506.172840  -0.00005462493700138632
 3024.691358  4629.629630  -0.00005380463397298987
 3024.691358  4753.086420  -0.00005804846368762105
 3024.691358  4876.543210  -0.00005954107792274317

 3148.148148 -5000.000000  -0.00002155519496317161
 3148.148148 -4876.543210  -0.00005171931156038770
 3148.148148 -4753.086420  -0.00005010650029325446
 3148.148148 -4629.629630  -0.00004633022501334620
 3148.148148 -4506.172840  -0.00004712626273170317
 3148.148148 -4382.716049  -0.00004958765464145098
 3148.148148 -4259.259259  -0.00004996887837027626
 3148.148148 -4135.802469  -0.00004805924146275339
 3148.148148 -4012.345679  -0.00004712549609252211
 3148.148148 -3888.888889  -0.00004942367500431621
 3148.148148 -3765.432099  -0.00004728014868584308
 3148.148148 -3641.975309  -0.00004837190360941969
 3148.148148 -3518.518519  -0.00004840464359537669
 3148.148148 -3395.061728  -0.00004827782872484685
 3148.148148 -3271.604938  -0.00004832552746147087
 3148.148148 -3148.148148  -0.00004846884378732894
 3148.148148 -3024.691358  -0.00004853635878218955
 3148.148148 -2901.234568  -0.00004845287664923501
 3148.148148 -2777.777778  -0.00004829647518726239
 3148.148148 -2654.320988  -0.00004822386070936133
 3148.148148 -2530.864198  -0.00004826402740806752
 3148.148148 -2407.407407  -0.00004842027998526561
 3148.148148 -2283.950617  -0.00004827072300001517
 3148.148148 -2160.493827  -0.00004819530853351172
 3148.148148 -2037.037037  -0.00004821736739098255
 3148.148148 -1913.580247  -0.00004827635974624697
 3148.148148 -1790.123457  -0.00004831103695090715
 3148.148148 -1666.666667  -0.00004830275989613812
 3148.148148 -1543.209877  -0.00004827897392707667
 3148.148148 -1419.753086  -0.00004827684030980887
 3148.148148 -1296.296296  -0.00004826702425095686
 3148.148148 -1172.839506  -0.00004824892863267349
 3148.148148 -1049.382716  -0.00004825401328193037
 3148.148148  -925.925926  -0.00004826617317886794
 3148.148148  -802.469136  -0.00004828489556763452
 3148.148148  -679.012346  -0.00004830167981389693
 3148.148148  -555.555556  -0.00004830685828105646
 3148.148148  -432.098765  -0.00004829564038163942
 3148.148148  -308.641975  -0.00004827337980386166
 3148.148148  -185.185185  -0.00004826006491336726
 3148.148148   -61.728395  -0.00004829403233014162
 3148.148148    61.728395  -0.00004829407350817272
 3148.148148   185.185185  -0.00004826018849234006
 3148.148148   308.641975  -0.00004827357666937442
 3148.148148   432.098765  -0.00004829590834532135
 3148.148148   555.555556  -0.00004830719984579232
 3148.148148   679.012346  -0.00004830209910575860
 3148.148148   802.469136  -0.00004828539534502485
 3148.148148   925.925926  -0.00004826675282938221
 3148.148148  1049.382716  -0.00004825466871744096
 3148.148148  1172.839506  -0.00004824965499314255
 3148.148148  1296.296296  -0.00004826781639712206
 3148.148148  1419.753086  -0.00004827769560870873
 3148.148148  1543.209877  -0.00004827989243737839
 3148.148148  1666.666667  -0.00004830373991440159
 3148.148148  1790.123457  -0.00004831208247904154
 3148.148148  1913.580247  -0.00004827747817850122
 3148.148148  2037.037037  -0.00004821856180082239
 3148.148148  2160.493827  -0.00004819656894073565
 3148.148148  2283.950617  -0.00004827202099846272
 3148.148148  2407.407407  -0.00004842157111146963
 3148.148148  2530.864198  -0.00004826542798738791
 3148.148148  2654.320988  -0.00004822541855037698
 3148.148148  2777.777778  -0.00004829800965052280
 3148.148148  2901.234568  -0.00004845436541263332
 3148.148148  3024.691358  -0.00004853784603592000
 3148.148148  3148.148148  -0.00004847038358708170
 3148.148148  3271.604938  -0.00004832715453305864
 3148.148148  3395.061728  -0.00004827954901345749
 3148.148148  3518.518519  -0.00004840643685264665
 3148.148148  3641.975309  -0.00004837373031152227
 3148.148148  3765.432099  -0.00004728195862250241
 3148.148148  3888.888889  -0.00004942542655571873
 3148.148148  4012.345679  -0.00004712718292123220
 3148.148148  4135.802469  -0.00004806087602888987
 3148.148148  4259.259259  -0.00004997050710321816
 3148.148148  4382.716049  -0.00004958934428402791
 3148.148148  4506.172840  -0.00004712806168250135
 3148.148148  4629.629630  -0.00004633210349276143
 3148.148148  4753.086420  -0.00005010827315892357
 3148.148148  4876.543210  -0.00005172054759762935

 3271.604938 -5000.000000  -0.00001859687505412967
 3271.604938 -4876.543210  -0.00004321126569902762
 3271.604938 -4753.086420  -0.00004129394828297304
 3271.604938 -4629.629630  -0.00003797646461515675
 3271.604938 -4506.172840  -0.00003879098151283250
 3271.604938 -4382.716049  -0.00004106238718050194
 3271.604938 -4259.259259  -0.00004147862853318523
 3271.604938 -4135.802469  -0.00003983928946377320
 3271.604938 -4012.345679  -0.00003898241005446087
 3271.604938 -3888.888889  -0.00004088954673226231
 3271.604938 -3765.432099  -0.00003896907336860678
 3271.604938 -3641.975309  -0.00003988021196325868
 3271.604938 -3518.518519  -0.00003991817778892547
 3271.604938 -3395.061728  -0.00003985985339200366
 3271.604938 -3271.604938  -0.00003997058033935039
 3271.604938 -3148.148148  -0.00004014718775686503
 3271.604938 -3024.691358  -0.00004021033569446893
 3271.604938 -2901.234568  -0.00004008332903893859
 3271.604938 -2777.777778  -0.00003985740197459281
 3271.604938 -2654.320988  -0.00003974347299183376
 3271.604938 -2530.864198  -0.00003991037044354197
 3271.604938 -2407.407407  -0.00004002562136978336
 3271.604938 -2283.950617  -0.00003984917768878125
 3271.604938 -2160.493827  -0.00003977714671507372
 3271.604938 -2037.037037  -0.00003980193316614508
 3271.604938 -1913.580247  -0.00003985982410068889
 3271.604938 -1790.123457  -0.00003989435873606137
 3271.604938 -1666.666667  -0.00003988836730268982
 3271.604938 -1543.209877  -0.00003986467893543636
 3271.604938 -1419.753086  -0.00003985549860191665
 3271.604938 -1296.296296  -0.00003984045306777381
 3271.604938 -1172.839506  -0.00003982154320841489
 3271.604938 -1049.382716  -0.00003982471811880599
 3271.604938  -925.925926  -0.00003983698439504587
 3271.604938  -802.469136  -0.00003985626304863368
 3271.604938  -679.012346  -0.00003987316423300469
 3271.604938  -555.555556  -0.00003987740231080359
 3271.604938  -432.098765  -0.00003986385963420507
 3271.604938  -308.641975  -0.00003983829903828061
 3271.604938  -185.185185  -0.00003982272504741238
 3271.604938   -61.728395  -0.00003986039379475365
 3271.604938    61.728395  -0.00003986043184528478
 3271.604938   185.185185  -0.00003982283931951843
 3271.604938   308.641975  -0.00003983848130745710
 3271.604938   432.098765  -0.00003986410792440654
 3271.604938   555.555556  -0.00003987771887220547
 3271.604938   679.012346  -0.00003987355277161452
 3271.604938   802.469136  -0.00003985672602777941
 3271.604938   925.925926  -0.00003983752122876880
 3271.604938  1049.382716  -0.00003982532507718628
 3271.604938  1172.839506  -0.00003982221585485713
 3271.604938  1296.296296  -0.00003984118674081423
 3271.604938  1419.753086  -0.00003985629084951354
 3271.604938  1543.209877  -0.00003986552974213933
 3271.604938  1666.666667  -0.00003988927514795263
 3271.604938  1790.123457  -0.00003989532717620260
 3271.604938  1913.580247  -0.00003986085967841533
 3271.604938  2037.037037  -0.00003980303851033080
 3271.604938  2160.493827  -0.00003977831269348892
 3271.604938  2283.950617  -0.00003985037847646335
 3271.604938  2407.407407  -0.00004002681629574413
 3271.604938  2530.864198  -0.00003991166429327657
 3271.604938  2654.320988  -0.00003974491249127590
 3271.604938  2777.777778  -0.00003985882016168443
 3271.604938  2901.234568  -0.00004008470468601468
 3271.604938  3024.691358  -0.00004021170913220180
 3271.604938  3148.148148  -0.00004014860874659435
 3271.604938  3271.604938  -0.00003997208103193211
 3271.604938  3395.061728  -0.00003986143941131099
 3271.604938  3518.518519  -0.00003991983047813476
 3271.604938  3641.975309  -0.00003988189483205418
 3271.604938  3765.432099  -0.00003897074020263890
 3271.604938  3888.888889  -0.00004089115993405302
 3271.604938  4012.345679  -0.00003898396327604761
 3271.604938  4135.802469  -0.00003984079527673495
 3271.604938  4259.259259  -0.00004148013054866060
 3271.604938  4382.716049  -0.00004106394720819562
 3271.604938  4506.172840  -0.00003879264445339975
 3271.604938  4629.629630  -0.00003797820378035566
 3271.604938  4753.086420  -0.00004129559383797461
 3271.604938  4876.543210  -0.00004321241892127294

 3395.061728 -5000.000000  -0.00001548844449332594
 3395.061728 -4876.543210  -0.00003408983332853642
 3395.061728 -4753.086420  -0.00003178580376115843
 3395.061728 -4629.629630  -0.00002894220509070228
 3395.061728 -4506.172840  -0.00002979109789107286
 3395.061728 -4382.716049  -0.00003188074386841650
 3395.061728 -4259.259259  -0.00003234483020645694
 3395.061728 -4135.802469  -0.00003099092839931704
 3395.061728 -4012.345679  -0.00003020818757182637
 3395.061728 -3888.888889  -0.00003169426228731461
 3395.061728 -3765.432099  -0.00003000147484289066
 3395.061728 -3641.975309  -0.00003071367253314060
 3395.061728 -3518.518519  -0.00003076284595334007
 3395.061728 -3395.061728  -0.00003078245467998459
 3395.061728 -3271.604938  -0.00003096445985839373
 3395.061728 -3148.148148  -0.00003118245570411197
 3395.061728 -3024.691358  -0.00003124626668883315
 3395.061728 -2901.234568  -0.00003107021503116570
 3395.061728 -2777.777778  -0.00003075505849223855
 3395.061728 -2654.320988  -0.00003058359847614723
 3395.061728 -2530.864198  -0.00003092995843524115
 3395.061728 -2407.407407  -0.00003107960230201117
 3395.061728 -2283.950617  -0.00003087194307811970
 3395.061728 -2160.493827  -0.00003079422494415947
 3395.061728 -2037.037037  -0.00003082295752877689
 3395.061728 -1913.580247  -0.00003088633644687665
 3395.061728 -1790.123457  -0.00003092438725183805
 3395.061728 -1666.666667  -0.00003091879259322802
 3395.061728 -1543.209877  -0.00003089240258001072
 3395.061728 -1419.753086  -0.00003087842834925416
 3395.061728 -1296.296296  -0.00003085931884033349
 3395.061728 -1172.839506  -0.00003083739850355682
 3395.061728 -1049.382716  -0.00003083978003655490
 3395.061728  -925.925926  -0.00003085293791009554
 3395.061728  -802.469136  -0.00003087415731694763
 3395.061728  -679.012346  -0.00003089262984782850
 3395.061728  -555.555556  -0.00003089659979810154
 3395.061728  -432.098765  -0.00003088022032461293
 3395.061728  -308.641975  -0.00003085011945266803
 3395.061728  -185.185185  -0.00003083167593314646
 3395.061728   -61.728395  -0.00003087500494975745
 3395.061728    61.728395  -0.00003087504017250603
 3395.061728   185.185185  -0.00003083178184794355
 3395.061728   308.641975  -0.00003085028870932710
 3395.061728   432.098765  -0.00003088045113851874
 3395.061728   555.555556  -0.00003089689413931201
 3395.061728   679.012346  -0.00003089299097290963
 3395.061728   802.469136  -0.00003087458736864529
 3395.061728   925.925926  -0.00003085343630994927
 3395.061728  1049.382716  -0.00003084034339555783
 3395.061728  1172.839506  -0.00003083802277596651
 3395.061728  1296.296296  -0.00003085999986700135
 3395.061728  1419.753086  -0.00003087916377334382
 3395.061728  1543.209877  -0.00003089319224574555
 3395.061728  1666.666667  -0.00003091963526115537
 3395.061728  1790.123457  -0.00003092528600776469
 3395.061728  1913.580247  -0.00003088729685322626
 3395.061728  2037.037037  -0.00003082398169063413
 3395.061728  2160.493827  -0.00003079530466226498
 3395.061728  2283.950617  -0.00003087305526108075
 3395.061728  2407.407407  -0.00003108070980999259
 3395.061728  2530.864198  -0.00003093115318070580
 3395.061728  2654.320988  -0.00003058492985978444
 3395.061728  2777.777778  -0.00003075637049372170
 3395.061728  2901.234568  -0.00003107148652702735
 3395.061728  3024.691358  -0.00003124753439657841
 3395.061728  3148.148148  -0.00003118376593095043
 3395.061728  3271.604938  -0.00003096584298707596
 3395.061728  3395.061728  -0.00003078391632422912
 3395.061728  3518.518519  -0.00003076436871533764
 3395.061728  3641.975309  -0.00003071522229562080
 3395.061728  3765.432099  -0.00003000300917260819
 3395.061728  3888.888889  -0.00003169574604497767
 3395.061728  4012.345679  -0.00003020961529423158
 3395.061728  4135.802469  -0.00003099231230099571
 3395.061728  4259.259259  -0.00003234621162712510
 3395.061728  4382.716049  -0.00003188218130074719
 3395.061728  4506.172840  -0.00002979263412980833
 3395.061728  4629.629630  -0.00002894381604412398
 3395.061728  4753.086420  -0.00003178733146593201
 3395.061728  4876.543210  -0.00003409090570894981

 3518.518519 -5000.000000  -0.00001216112691231650
 3518.518519 -4876.543210  -0.00002455506274262894
 3518.518519 -4753.086420  -0.00002192134970075371
 3518.518519 -4629.629630  -0.00001959421116866672
 3518.518519 -4506.172840  -0.00002045924741115568
 3518.518519 -4382.716049  -0.00002233030527599461
 3518.518519 -4259.259259  -0.00002283096877853125
 3518.518519 -4135.802469  -0.00002178067057068542
 3518.518519 -4012.345679  -0.00002108542429435792
 3518.518519 -3888.888889  -0.00002213317781925015
 3518.518519 -3765.432099  -0.00002069378736509464
 3518.518519 -3641.975309  -0.00002120142577482532
 3518.518519 -3518.518519  -0.00002125820021528805
 3518.518519 -3395.061728  -0.00002135332652170731
 3518.518519 -3271.604938  -0.00002160270132375487
 3518.518519 -3148.148148  -0.00002185658233009316
 3518.518519 -3024.691358  -0.00002191745080033583
 3518.518519 -2901.234568  -0.00002169566625015211
 3518.518519 -2777.777778  -0.00002130291338951477
 3518.518519 -2654.320988  -0.00002108344129409197
 3518.518519 -2530.864198  -0.00002158309480978287
 3518.518519 -2407.407407  -0.00002173475222277722
 3518.518519 -2283.950617  -0.00002150051479984679
 3518.518519 -2160.493827  -0.00002142380083526584
 3518.518519 -2037.037037  -0.00002145606614107759
 3518.518519 -1913.580247  -0.00002152095296557089
 3518.518519 -1790.123457  -0.00002156055171046252
 3518.518519 -1666.666667  -0.00002155718622096960
 3518.518519 -1543.209877  -0.00002153072264877183
 3518.518519 -1419.753086  -0.00002151140188786424
 3518.518519 -1296.296296  -0.00002148819558329978
 3518.518519 -1172.839506  -0.00002146561697256038
 3518.518519 -1049.382716  -0.00002146712385644447
 3518.518519  -925.925926  -0.00002148129938608335
 3518.518519  -802.469136  -0.00002150408852668494
 3518.518519  -679.012346  -0.00002152366830467241
 3518.518519  -555.555556  -0.00002152746075540450
 3518.518519  -432.098765  -0.00002150918986724030
 3518.518519  -308.641975  -0.00002147598252194856
 3518.518519  -185.185185  -0.00002145551343146143
 3518.518519   -61.728395  -0.00002150319407097288
 3518.518519    61.728395  -0.00002150322666973865
 3518.518519   185.185185  -0.00002145561157197204
 3518.518519   308.641975  -0.00002147613972832142
 3518.518519   432.098765  -0.00002150940455777728
 3518.518519   555.555556  -0.00002152773462790238
 3518.518519   679.012346  -0.00002152400416652155
 3518.518519   802.469136  -0.00002150448819509339
 3518.518519   925.925926  -0.00002148176228376409
 3518.518519  1049.382716  -0.00002146764692810300
 3518.518519  1172.839506  -0.00002146619654752042
 3518.518519  1296.296296  -0.00002148882799712840
 3518.518519  1419.753086  -0.00002151208484669472
 3518.518519  1543.209877  -0.00002153145582751503
 3518.518519  1666.666667  -0.00002155796867648564
 3518.518519  1790.123457  -0.00002156138604448482
 3518.518519  1913.580247  -0.00002152184372400751
 3518.518519  2037.037037  -0.00002145701488683371
 3518.518519  2160.493827  -0.00002142480033173114
 3518.518519  2283.950617  -0.00002150154474219150
 3518.518519  2407.407407  -0.00002173577895420091
 3518.518519  2530.864198  -0.00002158419708720725
 3518.518519  2654.320988  -0.00002108467202075369
 3518.518519  2777.777778  -0.00002130412678970123
 3518.518519  2901.234568  -0.00002169684107309253
 3518.518519  3024.691358  -0.00002191862022757843
 3518.518519  3148.148148  -0.00002185778942974166
 3518.518519  3271.604938  -0.00002160397490722673
 3518.518519  3395.061728  -0.00002135467225867625
 3518.518519  3518.518519  -0.00002125960186247359
 3518.518519  3641.975309  -0.00002120285137429176
 3518.518519  3765.432099  -0.00002069519809226630
 3518.518519  3888.888889  -0.00002213454074182929
 3518.518519  4012.345679  -0.00002108673474586946
 3518.518519  4135.802469  -0.00002178194041395010
 3518.518519  4259.259259  -0.00002283223722031484
 3518.518519  4382.716049  -0.00002233162771626465
 3518.518519  4506.172840  -0.00002046066471166297
 3518.518519  4629.629630  -0.00001959570172556800
 3518.518519  4753.086420  -0.00002192276670599289
 3518.518519  4876.543210  -0.00002455605901879336

 3641.975309 -5000.000000  -0.00000884594777786743
 3641.975309 -4876.543210  -0.00001542203591844579
 3641.975309 -4753.086420  -0.00001259406980792360
 3641.975309 -4629.629630  -0.00001079631823913037
 3641.975309 -4506.172840  -0.00001164519322247525
 3641.975309 -4382.716049  -0.00001326092192327243
 3641.975309 -4259.259259  -0.00001377512641315276
 3641.975309 -4135.802469  -0.00001302431123556079
 3641.975309 -4012.345679  -0.00001242925878533660
 3641.975309 -3888.888889  -0.00001306033250238297
 3641.975309 -3765.432099  -0.00001188868787941753
 3641.975309 -3641.975309  -0.00001220630350161699
 3641.975309 -3518.518519  -0.00001226322443632941
 3641.975309 -3395.061728  -0.00001242103430762880
 3641.975309 -3271.604938  -0.00001272375694825654
 3641.975309 -3148.148148  -0.00001300013532194694
 3641.975309 -3024.691358  -0.00001305187027232723
 3641.975309 -2901.234568  -0.00001279487930255570
 3641.975309 -2777.777778  -0.00001235357538569762
 3641.975309 -2654.320988  -0.00001210816580583927
 3641.975309 -2530.864198  -0.00001269497102993984
 3641.975309 -2407.407407  -0.00001277653972116502
 3641.975309 -2283.950617  -0.00001252550891750508
 3641.975309 -2160.493827  -0.00001246143639336982
 3641.975309 -2037.037037  -0.00001249589395819832
 3641.975309 -1913.580247  -0.00001255465954179714
 3641.975309 -1790.123457  -0.00001259179154718984
 3641.975309 -1666.666667  -0.00001259340283475356
 3641.975309 -1543.209877  -0.00001257113433764260
 3641.975309 -1419.753086  -0.00001254532830849933
 3641.975309 -1296.296296  -0.00001251790119745204
 3641.975309 -1172.839506  -0.00001249837327003897
 3641.975309 -1049.382716  -0.00001249851822518060
 3641.975309  -925.925926  -0.00001251340289540510
 3641.975309  -802.469136  -0.00001253657276971253
 3641.975309  -679.012346  -0.00001255598366417758
 3641.975309  -555.555556  -0.00001255942362912623
 3641.975309  -432.098765  -0.00001254074502254510
 3641.975309  -308.641975  -0.00001250690674972303
 3641.975309  -185.185185  -0.00001248582666912534
 3641.975309   -61.728395  -0.00001253504416450053
 3641.975309    61.728395  -0.00001253507404901514
 3641.975309   185.185185  -0.00001248591670456767
 3641.975309   308.641975  -0.00001250705135781747
 3641.975309   432.098765  -0.00001254094284899528
 3641.975309   555.555556  -0.00001255967611511858
 3641.975309   679.012346  -0.00001255629317391138
 3641.975309   802.469136  -0.00001253694079572631
 3641.975309   925.925926  -0.00001251382886346874
 3641.975309  1049.382716  -0.00001249899942052330
 3641.975309  1172.839506  -0.00001249890640668241
 3641.975309  1296.296296  -0.00001251848308918722
 3641.975309  1419.753086  -0.00001254595674806293
 3641.975309  1543.209877  -0.00001257180884176036
 3641.975309  1666.666667  -0.00001259412271203298
 3641.975309  1790.123457  -0.00001259255890963291
 3641.975309  1913.580247  -0.00001255547795041113
 3641.975309  2037.037037  -0.00001249676446084084
 3641.975309  2160.493827  -0.00001246235271296493
 3641.975309  2283.950617  -0.00001252645354876640
 3641.975309  2407.407407  -0.00001277748269396274
 3641.975309  2530.864198  -0.00001269597828250947
 3641.975309  2654.320988  -0.00001210929197768140
 3641.975309  2777.777778  -0.00001235468648353408
 3641.975309  2901.234568  -0.00001279595441540697
 3641.975309  3024.691358  -0.00001305293885595070
 3641.975309  3148.148148  -0.00001300123674659207
 3641.975309  3271.604938  -0.00001272491804511171
 3641.975309  3395.061728  -0.00001242226064933406
 3641.975309  3518.518519  -0.00001226450108693020
 3641.975309  3641.975309  -0.00001220760097133283
 3641.975309  3765.432099  -0.00001188997107529769
 3641.975309  3888.888889  -0.00001306157142248192
 3641.975309  4012.345679  -0.00001243044904390910
 3641.975309  4135.802469  -0.00001302546448525995
 3641.975309  4259.259259  -0.00001377627933708193
 3641.975309  4382.716049  -0.00001326212590260218
 3641.975309  4506.172840  -0.00001164648641391454
 3641.975309  4629.629630  -0.00001079768179654079
 3641.975309  4753.086420  -0.00001259536998236614
 3641.975309  4876.543210  -0.00001542295377094885

 3765.432099 -5000.000000  -0.00000626401671132315
 3765.432099 -4876.543210  -0.00000837702114182467
 3765.432099 -4753.086420  -0.00000542421162384670
 3765.432099 -4629.629630  -0.00000404018026212533
 3765.432099 -4506.172840  -0.00000486789578800983
 3765.432099 -4382.716049  -0.00000627669004489318
 3765.432099 -4259.259259  -0.00000679857619894991
 3765.432099 -4135.802469  -0.00000628289867518042
 3765.432099 -4012.345679  -0.00000576931481876191
 3765.432099 -3888.888889  -0.00000607910828170576
 3765.432099 -3765.432099  -0.00000512483413482145
 3765.432099 -3641.975309  -0.00000528334386113443
 3765.432099 -3518.518519  -0.00000534910549029964
 3765.432099 -3395.061728  -0.00000555124206663571
 3765.432099 -3271.604938  -0.00000588343607008199
 3765.432099 -3148.148148  -0.00000617482194257608
 3765.432099 -3024.691358  -0.00000623117933394350
 3765.432099 -2901.234568  -0.00000595917082309898
 3765.432099 -2777.777778  -0.00000547362411455979
 3765.432099 -2654.320988  -0.00000518785871027067
 3765.432099 -2530.864198  -0.00000588705705674062
 3765.432099 -2407.407407  -0.00000606446543050471
 3765.432099 -2283.950617  -0.00000579924208772450
 3765.432099 -2160.493827  -0.00000572344354498993
 3765.432099 -2037.037037  -0.00000576033899952181
 3765.432099 -1913.580247  -0.00000582786023522016
 3765.432099 -1790.123457  -0.00000586988701757775
 3765.432099 -1666.666667  -0.00000586930958585693
 3765.432099 -1543.209877  -0.00000584286824252989
 3765.432099 -1419.753086  -0.00000581777003998177
 3765.432099 -1296.296296  -0.00000579008256447749
 3765.432099 -1172.839506  -0.00000576686478883182
 3765.432099 -1049.382716  -0.00000576764752382249
 3765.432099  -925.925926  -0.00000578330150064532
 3765.432099  -802.469136  -0.00000580822891182915
 3765.432099  -679.012346  -0.00000582938286862203
 3765.432099  -555.555556  -0.00000583317382178360
 3765.432099  -432.098765  -0.00000581279812646820
 3765.432099  -308.641975  -0.00000577598875119903
 3765.432099  -185.185185  -0.00000575318813093305
 3765.432099   -61.728395  -0.00000580614316421684
 3765.432099    61.728395  -0.00000580616944799306
 3765.432099   185.185185  -0.00000575326742768105
 3765.432099   308.641975  -0.00000577611641753178
 3765.432099   432.098765  -0.00000581297301847698
 3765.432099   555.555556  -0.00000583339708717909
 3765.432099   679.012346  -0.00000582965639464550
 3765.432099   802.469136  -0.00000580855384913138
 3765.432099   925.925926  -0.00000578367728333090
 3765.432099  1049.382716  -0.00000576807180585697
 3765.432099  1172.839506  -0.00000576733471700947
 3765.432099  1296.296296  -0.00000579059546862976
 3765.432099  1419.753086  -0.00000581832386972950
 3765.432099  1543.209877  -0.00000584346241364069
 3765.432099  1666.666667  -0.00000586994364431743
 3765.432099  1790.123457  -0.00000587056259882749
 3765.432099  1913.580247  -0.00000582857995897729
 3765.432099  2037.037037  -0.00000576110343980948
 3765.432099  2160.493827  -0.00000572424741497286
 3765.432099  2283.950617  -0.00000580007077896479
 3765.432099  2407.407407  -0.00000606529304624612
 3765.432099  2530.864198  -0.00000588793664523432
 3765.432099  2654.320988  -0.00000518884394353637
 3765.432099  2777.777778  -0.00000547459611848826
 3765.432099  2901.234568  -0.00000596010981652791
 3765.432099  3024.691358  -0.00000623211053043055
 3765.432099  3148.148148  -0.00000617578009426281
 3765.432099  3271.604938  -0.00000588444529935815
 3765.432099  3395.061728  -0.00000555230763131264
 3765.432099  3518.518519  -0.00000535021412800154
 3765.432099  3641.975309  -0.00000528446935861658
 3765.432099  3765.432099  -0.00000512594612295300
 3765.432099  3888.888889  -0.00000608017988013894
 3765.432099  4012.345679  -0.00000577034288349034
 3765.432099  4135.802469  -0.00000628389380837880
 3765.432099  4259.259259  -0.00000679957151187722
 3765.432099  4382.716049  -0.00000627773210068287
 3765.432099  4506.172840  -0.00000486901957275991
 3765.432099  4629.629630  -0.00000404137003270175
 3765.432099  4753.086420  -0.00000542534948081330
 3765.432099  4876.543210  -0.00000837782517591267

 3888.888889 -5000.000000  -0.00000139303014727529
 3888.888889 -4876.543210  0.00000409000221991822
 3888.888889 -4753.086420  0.00000697794407371165
 3888.888889 -4629.629630  0.00000755135078105729
 3888.888889 -4506.172840  0.00000683926786436596
 3888.888889 -4382.716049  0.00000590641797982105
 3888.888889 -4259.259259  0.00000541994105057990
 3888.888889 -4135.802469  0.00000549568755486184
 3888.888889 -4012.345679  0.00000582406496892297
 3888.888889 -3888.888889  0.00000607543736491760
 3888.888889 -3765.432099  0.00000658507816364648
 3888.888889 -3641.975309  0.00000670103769139858
 3888.888889 -3518.518519  0.00000663666299238986
 3888.888889 -3395.061728  0.00000638207321159545
 3888.888889 -3271.604938  0.00000602770971522814
 3888.888889 -3148.148148  0.00000573577950270174
 3888.888889 -3024.691358  0.00000567767431940799
 3888.888889 -2901.234568  0.00000594786911120780
 3888.888889 -2777.777778  0.00000645429982063696
 3888.888889 -2654.320988  0.00000678522052482617
 3888.888889 -2530.864198  0.00000605253991513564
 3888.888889 -2407.407407  0.00000588348328488812
 3888.888889 -2283.950617  0.00000617982078126781
 3888.888889 -2160.493827  0.00000626104227245421
 3888.888889 -2037.037037  0.00000621893531181680
 3888.888889 -1913.580247  0.00000614426722300699
 3888.888889 -1790.123457  0.00000609736134688349
 3888.888889 -1666.666667  0.00000609657237626221
 3888.888889 -1543.209877  0.00000612466077849090
 3888.888889 -1419.753086  0.00000615306630584861
 3888.888889 -1296.296296  0.00000618408059376970
 3888.888889 -1172.839506  0.00000620889589173552
 3888.888889 -1049.382716  0.00000620789735143246
 3888.888889  -925.925926  0.00000619006233727891
 3888.888889  -802.469136  0.00000616203746218132
 3888.888889  -679.012346  0.00000613833608932078
 3888.888889  -555.555556  0.00000613396716197352
 3888.888889  -432.098765  0.00000615645535098910
 3888.888889  -308.641975  0.00000619725251992592
 3888.888889  -185.185185  0.00000622254050784421
 3888.888889   -61.728395  0.00000616342522975646
 3888.888889    61.728395  0.00000616340296953504
 3888.888889   185.185185  0.00000622247329082586
 3888.888889   308.641975  0.00000619714393755078
 3888.888889   432.098765  0.00000615630628171508
 3888.888889   555.555556  0.00000613377675358568
 3888.888889   679.012346  0.00000613810296519255
 3888.888889   802.469136  0.00000616176084571890
 3888.888889   925.925926  0.00000618974278877993
 3888.888889  1049.382716  0.00000620753681159044
 3888.888889  1172.839506  0.00000620849672602107
 3888.888889  1296.296296  0.00000618364495094813
 3888.888889  1419.753086  0.00000615259599842032
 3888.888889  1543.209877  0.00000612415645350079
 3888.888889  1666.666667  0.00000609603433322086
 3888.888889  1790.123457  0.00000609678846424820
 3888.888889  1913.580247  0.00000614365780743025
 3888.888889  2037.037037  0.00000621828924759806
 3888.888889  2160.493827  0.00000626036384863055
 3888.888889  2283.950617  0.00000617912157377947
 3888.888889  2407.407407  0.00000588278447125453
 3888.888889  2530.864198  0.00000605180113209101
 3888.888889  2654.320988  0.00000678439323580177
 3888.888889  2777.777778  0.00000645348342454688
 3888.888889  2901.234568  0.00000594708113469519
 3888.888889  3024.691358  0.00000567689447950008
 3888.888889  3148.148148  0.00000573497899407479
 3888.888889  3271.604938  0.00000602686822304471
 3888.888889  3395.061728  0.00000638118615087684
 3888.888889  3518.518519  0.00000663574147488648
 3888.888889  3641.975309  0.00000670010372092104
 3888.888889  3765.432099  0.00000658415683865980
 3888.888889  3888.888889  0.00000607455041437865
 3888.888889  4012.345679  0.00000582321550103856
 3888.888889  4135.802469  0.00000549486557186365
 3888.888889  4259.259259  0.00000541911799689551
 3888.888889  4382.716049  0.00000590555450022824
 3888.888889  4506.172840  0.00000683833408206259
 3888.888889  4629.629630  0.00000755035840557865
 3888.888889  4753.086420  0.00000697698964862734
 3888.888889  4876.543210  0.00000408932082024060

 4012.345679 -5000.000000  0.00000061885542202586
 4012.345679 -4876.543210  0.00000925534273563774
 4012.345679 -4753.086420  0.00001212371944129586
 4012.345679 -4629.629630  0.00001236169561630120
 4012.345679 -4506.172840  0.00001169322061527176
 4012.345679 -4382.716049  0.00001095351056328665
 4012.345679 -4259.259259  0.00001048113133934214
 4012.345679 -4135.802469  0.00001037713705011893
 4012.345679 -4012.345679  0.00001063126399406019
 4012.345679 -3888.888889  0.00001111518011576077
 4012.345679 -3765.432099  0.00001144278995066744
 4012.345679 -3641.975309  0.00001166875792750463
 4012.345679 -3518.518519  0.00001160491391041066
 4012.345679 -3395.061728  0.00001132620287990880
 4012.345679 -3271.604938  0.00001095945257618486
 4012.345679 -3148.148148  0.00001066743871599776
 4012.345679 -3024.691358  0.00001061324360825129
 4012.345679 -2901.234568  0.00001088806834028167
 4012.345679 -2777.777778  0.00001140249853486008
 4012.345679 -2654.320988  0.00001174122367791083
 4012.345679 -2530.864198  0.00001098121001694480
 4012.345679 -2407.407407  0.00001082765289646297
 4012.345679 -2283.950617  0.00001112385382198613
 4012.345679 -2160.493827  0.00001120065305244197
 4012.345679 -2037.037037  0.00001115825704565762
 4012.345679 -1913.580247  0.00001108571292121692
 4012.345679 -1790.123457  0.00001103967360315336
 4012.345679 -1666.666667  0.00001103737372420729
 4012.345679 -1543.209877  0.00001106381629164747
 4012.345679 -1419.753086  0.00001109317011465742
 4012.345679 -1296.296296  0.00001112437799328601
 4012.345679 -1172.839506  0.00001114797317994744
 4012.345679 -1049.382716  0.00001114699110262561
 4012.345679  -925.925926  0.00001112900240364075
 4012.345679  -802.469136  0.00001110103234336800
 4012.345679  -679.012346  0.00001107747716136784
 4012.345679  -555.555556  0.00001107311663432416
 4012.345679  -432.098765  0.00001109538064964819
 4012.345679  -308.641975  0.00001113586979474807
 4012.345679  -185.185185  0.00001116112996196422
 4012.345679   -61.728395  0.00001110268096917041
 4012.345679    61.728395  0.00001110266322969700
 4012.345679   185.185185  0.00001116107631221038
 4012.345679   308.641975  0.00001113578272699824
 4012.345679   432.098765  0.00001109526078674247
 4012.345679   555.555556  0.00001107296344868837
 4012.345679   679.012346  0.00001107728981420154
 4012.345679   802.469136  0.00001110081044774158
 4012.345679   925.925926  0.00001112874651525227
 4012.345679  1049.382716  0.00001114670274196835
 4012.345679  1172.839506  0.00001114765418963904
 4012.345679  1296.296296  0.00001112403001010392
 4012.345679  1419.753086  0.00001109279465130169
 4012.345679  1543.209877  0.00001106341403233733
 4012.345679  1666.666667  0.00001103694492276794
 4012.345679  1790.123457  0.00001103921769031643
 4012.345679  1913.580247  0.00001108522909760683
 4012.345679  2037.037037  0.00001115774563167523
 4012.345679  2160.493827  0.00001120011736625639
 4012.345679  2283.950617  0.00001112330235684610
 4012.345679  2407.407407  0.00001082710156853914
 4012.345679  2530.864198  0.00001098063127429329
 4012.345679  2654.320988  0.00001174057762413175
 4012.345679  2777.777778  0.00001140186087939051
 4012.345679  2901.234568  0.00001088745337502958
 4012.345679  3024.691358  0.00001061263679096402
 4012.345679  3148.148148  0.00001066681860517896
 4012.345679  3271.604938  0.00001095880381483786
 4012.345679  3395.061728  0.00001132552192538447
 4012.345679  3518.518519  0.00001160420920763858
 4012.345679  3641.975309  0.00001166804622288509
 4012.345679  3765.432099  0.00001144209025898087
 4012.345679  3888.888889  0.00001111450751158545
 4012.345679  4012.345679  0.00001063062196123655
 4012.345679  4135.802469  0.00001037651632297006
 4012.345679  4259.259259  0.00001048050913059427
 4012.345679  4382.716049  0.00001095285677979608
 4012.345679  4506.172840  0.00001169251204493390
 4012.345679  4629.629630  0.00001236093906951693
 4012.345679  4753.086420  0.00001212298483037079
 4012.345679  4876.543210  0.00000925480707548958

 4135.802469 -5000.000000  0.00000495061565035488
 4135.802469 -4876.543210  0.00002054216319801131
 4135.802469 -4753.086420  0.00002342545617627518
 4135.802469 -4629.629630  0.00002294971431607264
 4135.802469 -4506.172840  0.00002236589704679689
 4135.802469 -4382.716049  0.00002202917638695482
 4135.802469 -4259.259259  0.00002157676451397839
 4135.802469 -4135.802469  0.00002108109601319828
 4135.802469 -4012.345679  0.00002117836480597977
 4135.802469 -3888.888889  0.00002217241575702106
 4135.802469 -3765.432099  0.00002211399096081383
 4135.802469 -3641.975309  0.00002258819920442753
 4135.802469 -3518.518519  0.00002252344204803313
 4135.802469 -3395.061728  0.00002219044489673277
 4135.802469 -3271.604938  0.00002179423940450220
 4135.802469 -3148.148148  0.00002149486809211179
 4135.802469 -3024.691358  0.00002143943210880533
 4135.802469 -2901.234568  0.00002172139823042541
 4135.802469 -2777.777778  0.00002226716509398474
 4135.802469 -2654.320988  0.00002264988866868419
 4135.802469 -2530.864198  0.00002183056696337684
 4135.802469 -2407.407407  0.00002167938404159263
 4135.802469 -2283.950617  0.00002200347725476616
 4135.802469 -2160.493827  0.00002208500583446592
 4135.802469 -2037.037037  0.00002203774120278839
 4135.802469 -1913.580247  0.00002195853807808753
 4135.802469 -1790.123457  0.00002190783748783352
 4135.802469 -1666.666667  0.00002190403941187174
 4135.802469 -1543.209877  0.00002193174505608140
 4135.802469 -1419.753086  0.00002196386875643454
 4135.802469 -1296.296296  0.00002199761951345466
 4135.802469 -1172.839506  0.00002202252027363392
 4135.802469 -1049.382716  0.00002202098782169602
 4135.802469  -925.925926  0.00002200081164754931
 4135.802469  -802.469136  0.00002196981863390692
 4135.802469  -679.012346  0.00002194375349901336
 4135.802469  -555.555556  0.00002193874699344621
 4135.802469  -432.098765  0.00002196292140149631
 4135.802469  -308.641975  0.00002200713334712617
 4135.802469  -185.185185  0.00002203485390450687
 4135.802469   -61.728395  0.00002197118601313312
 4135.802469    61.728395  0.00002197117303716771
 4135.802469   185.185185  0.00002203481453840180
 4135.802469   308.641975  0.00002200706886425128
 4135.802469   432.098765  0.00002196283214382420
 4135.802469   555.555556  0.00002193863280129605
 4135.802469   679.012346  0.00002194361414335541
 4135.802469   802.469136  0.00002196965417726434
 4135.802469   925.925926  0.00002200062265953377
 4135.802469  1049.382716  0.00002202077537521384
 4135.802469  1172.839506  0.00002202228564779909
 4135.802469  1296.296296  0.00002199736380239544
 4135.802469  1419.753086  0.00002196359314654952
 4135.802469  1543.209877  0.00002193145028076383
 4135.802469  1666.666667  0.00002190372571044600
 4135.802469  1790.123457  0.00002190750492197095
 4135.802469  1913.580247  0.00002195818684574945
 4135.802469  2037.037037  0.00002203737212930087
 4135.802469  2160.493827  0.00002208462122033038
 4135.802469  2283.950617  0.00002200308225981085
 4135.802469  2407.407407  0.00002167898878506885
 4135.802469  2530.864198  0.00002183015778947539
 4135.802469  2654.320988  0.00002264943587883585
 4135.802469  2777.777778  0.00002226671774177254
 4135.802469  2901.234568  0.00002172096693388085
 4135.802469  3024.691358  0.00002143900881185679
 4135.802469  3148.148148  0.00002149443972479122
 4135.802469  3271.604938  0.00002179379628113937
 4135.802469  3395.061728  0.00002218998469136602
 4135.802469  3518.518519  0.00002252297018626647
 4135.802469  3641.975309  0.00002258772651096284
 4135.802469  3765.432099  0.00002211352981471767
 4135.802469  3888.888889  0.00002217197330293258
 4135.802469  4012.345679  0.00002117794560342537
 4135.802469  4135.802469  0.00002108069134163009
 4135.802469  4259.259259  0.00002157635809263919
 4135.802469  4382.716049  0.00002202874896233262
 4135.802469  4506.172840  0.00002236543325251272
 4135.802469  4629.629630  0.00002294921521004408
 4135.802469  4753.086420  0.00002342496085999904
 4135.802469  4876.543210  0.00002054178292280844

 4259.259259 -5000.000000  0.00001014494667394639
 4259.259259 -4876.543210  0.00003453453658926591
 4259.259259 -4753.086420  0.00003760441490995480
 4259.259259 -4629.629630  0.00003629060155646896
 4259.259259 -4506.172840  0.00003576658861012791
 4259.259259 -4382.716049  0.00003586591159896545
 4259.259259 -4259.259259  0.00003541028805495685
 4259.259259 -4135.802469  0.00003444332334261821
 4259.259259 -4012.345679  0.00003436978375897845
 4259.259259 -3888.888889  0.00003600043690492383
 4259.259259 -3765.432099  0.00003550245932791467
 4259.259259 -3641.975309  0.00003628194612159090
 4259.259259 -3518.518519  0.00003621379816316672
 4259.259259 -3395.061728  0.00003579844811170478
 4259.259259 -3271.604938  0.00003534309140079160
 4259.259259 -3148.148148  0.00003501843312578055
 4259.259259 -3024.691358  0.00003496295489320848
 4259.259259 -2901.234568  0.00003527385949981574
 4259.259259 -2777.777778  0.00003588469344117075
 4259.259259 -2654.320988  0.00003632964724989821
 4259.259259 -2530.864198  0.00003539453366351128
 4259.259259 -2407.407407  0.00003526582789407264
 4259.259259 -2283.950617  0.00003563171948634567
 4259.259259 -2160.493827  0.00003571625122516082
 4259.259259 -2037.037037  0.00003566201666876774
 4259.259259 -1913.580247  0.00003557566751403781
 4259.259259 -1790.123457  0.00003551945016273296
 4259.259259 -1666.666667  0.00003551230851422118
 4259.259259 -1543.209877  0.00003554055298463894
 4259.259259 -1419.753086  0.00003557809575250018
 4259.259259 -1296.296296  0.00003561625223075187
 4259.259259 -1172.839506  0.00003564204954005776
 4259.259259 -1049.382716  0.00003564004919660089
 4259.259259  -925.925926  0.00003561670471837419
 4259.259259  -802.469136  0.00003558150701956769
 4259.259259  -679.012346  0.00003555206386238415
 4259.259259  -555.555556  0.00003554622933534564
 4259.259259  -432.098765  0.00003557302657862167
 4259.259259  -308.641975  0.00003562236375637826
 4259.259259  -185.185185  0.00003565354327614835
 4259.259259   -61.728395  0.00003558256425522347
 4259.259259    61.728395  0.00003558255584272989
 4259.259259   185.185185  0.00003565351754480587
 4259.259259   308.641975  0.00003562232069663292
 4259.259259   432.098765  0.00003557296625131180
 4259.259259   555.555556  0.00003554615198999726
 4259.259259   679.012346  0.00003555196993634233
 4259.259259   802.469136  0.00003558139707275172
 4259.259259   925.925926  0.00003561657935844392
 4259.259259  1049.382716  0.00003563990904932218
 4259.259259  1172.839506  0.00003564189531965404
 4259.259259  1296.296296  0.00003561608447785987
 4259.259259  1419.753086  0.00003557791535738798
 4259.259259  1543.209877  0.00003554036078243834
 4259.259259  1666.666667  0.00003551210474191877
 4259.259259  1790.123457  0.00003551923559534537
 4259.259259  1913.580247  0.00003557544347917980
 4259.259259  2037.037037  0.00003566178459256904
 4259.259259  2160.493827  0.00003571601236248753
 4259.259259  2283.950617  0.00003563147548828161
 4259.259259  2407.407407  0.00003526558286561598
 4259.259259  2530.864198  0.00003539428917423174
 4259.259259  2654.320988  0.00003632938306804732
 4259.259259  2777.777778  0.00003588443128136075
 4259.259259  2901.234568  0.00003527360650059059
 4259.259259  3024.691358  0.00003496270994826816
 4259.259259  3148.148148  0.00003501819193405241
 4259.259259  3271.604938  0.00003534285014767888
 4259.259259  3395.061728  0.00003579820569384294
 4259.259259  3518.518519  0.00003621355686901798
 4259.259259  3641.975309  0.00003628171068020753
 4259.259259  3765.432099  0.00003550223535225427
 4259.259259  3888.888889  0.00003600022303287305
 4259.259259  4012.345679  0.00003436958623051626
 4259.259259  4135.802469  0.00003444313377128386
 4259.259259  4259.259259  0.00003541009689053007
 4259.259259  4382.716049  0.00003586571110842489
 4259.259259  4506.172840  0.00003576637174877811
 4259.259259  4629.629630  0.00003629036310112535
 4259.259259  4753.086420  0.00003760416122607665
 4259.259259  4876.543210  0.00003453431040392707

 4382.716049 -5000.000000  0.00001403756225990821
 4382.716049 -4876.543210  0.00004589627526933331
 4382.716049 -4753.086420  0.00004943039020131613
 4382.716049 -4629.629630  0.00004752127670120058
 4382.716049 -4506.172840  0.00004695923983235333
 4382.716049 -4382.716049  0.00004729293381093550
 4382.716049 -4259.259259  0.00004678333852608050
 4382.716049 -4135.802469  0.00004546229884547300
 4382.716049 -4012.345679  0.00004529562670632860
 4382.716049 -3888.888889  0.00004745076599177504
 4382.716049 -3765.432099  0.00004666902019263429
 4382.716049 -3641.975309  0.00004768788618517956
 4382.716049 -3518.518519  0.00004761274740800377
 4382.716049 -3395.061728  0.00004710062489428713
 4382.716049 -3271.604938  0.00004655278839767018
 4382.716049 -3148.148148  0.00004617848461377799
 4382.716049 -3024.691358  0.00004613070155450377
 4382.716049 -2901.234568  0.00004650736382801105
 4382.716049 -2777.777778  0.00004721795882445500
 4382.716049 -2654.320988  0.00004771559380742219
 4382.716049 -2530.864198  0.00004659448391108978
 4382.716049 -2407.407407  0.00004652843720078931
 4382.716049 -2283.950617  0.00004692698160867721
 4382.716049 -2160.493827  0.00004700160740822592
 4382.716049 -2037.037037  0.00004694213794172923
 4382.716049 -1913.580247  0.00004685758341273688
 4382.716049 -1790.123457  0.00004680058255562022
 4382.716049 -1666.666667  0.00004678711523567943
 4382.716049 -1543.209877  0.00004681148597979191
 4382.716049 -1419.753086  0.00004685657843760253
 4382.716049 -1296.296296  0.00004689938077325511
 4382.716049 -1172.839506  0.00004692260884457921
 4382.716049 -1049.382716  0.00004692082752046494
 4382.716049  -925.925926  0.00004689498106686518
 4382.716049  -802.469136  0.00004685708049687362
 4382.716049  -679.012346  0.00004682578854811678
 4382.716049  -555.555556  0.00004681953392290997
 4382.716049  -432.098765  0.00004684770553391676
 4382.716049  -308.641975  0.00004689992675531274
 4382.716049  -185.185185  0.00004693340967945333
 4382.716049   -61.728395  0.00004685838937904529
 4382.716049    61.728395  0.00004685838484110845
 4382.716049   185.185185  0.00004693339543707253
 4382.716049   308.641975  0.00004689990155701773
 4382.716049   432.098765  0.00004684766919557385
 4382.716049   555.555556  0.00004681948712566617
 4382.716049   679.012346  0.00004682573240771306
 4382.716049   802.469136  0.00004685701608222959
 4382.716049   925.925926  0.00004689490904583644
 4382.716049  1049.382716  0.00004692074811067474
 4382.716049  1172.839506  0.00004692252224722627
 4382.716049  1296.296296  0.00004689928699926595
 4382.716049  1419.753086  0.00004685647816971193
 4382.716049  1543.209877  0.00004681138023491712
 4382.716049  1666.666667  0.00004678700423887138
 4382.716049  1790.123457  0.00004680046784588261
 4382.716049  1913.580247  0.00004685746755165154
 4382.716049  2037.037037  0.00004694202304159905
 4382.716049  2160.493827  0.00004700149369644650
 4382.716049  2283.950617  0.00004692686724504885
 4382.716049  2407.407407  0.00004652832056448020
 4382.716049  2530.864198  0.00004659438277921409
 4382.716049  2654.320988  0.00004771549427154371
 4382.716049  2777.777778  0.00004721785763529260
 4382.716049  2901.234568  0.00004650726552199034
 4382.716049  3024.691358  0.00004613061190758229
 4382.716049  3148.148148  0.00004617840759861173
 4382.716049  3271.604938  0.00004655272557900029
 4382.716049  3395.061728  0.00004710057619742715
 4382.716049  3518.518519  0.00004761271219530654
 4382.716049  3641.975309  0.00004768786357536430
 4382.716049  3765.432099  0.00004666900947974226
 4382.716049  3888.888889  0.00004745075782189777
 4382.716049  4012.345679  0.00004529562926064735
 4382.716049  4135.802469  0.00004546230395707985
 4382.716049  4259.259259  0.00004678334292800958
 4382.716049  4382.716049  0.00004729294064585170
 4382.716049  4506.172840  0.00004695924983241874
 4382.716049  4629.629630  0.00004752127844663726
 4382.716049  4753.086420  0.00004943035886618538
 4382.716049  4876.543210  0.00004589618926305127

 4506.172840 -5000.000000  0.00001672752055549406
 4506.172840 -4876.543210  0.00005474085850526030
 4506.172840 -4753.086420  0.00005896372498554080
 4506.172840 -4629.629630  0.00005668039272516108
 4506.172840 -4506.172840  0.00005599808038173313
 4506.172840 -4382.716049  0.00005638887331772331
 4506.172840 -4259.259259  0.00005578347955039419
 4506.172840 -4135.802469  0.00005421682087561517
 4506.172840 -4012.345679  0.00005402545916554226
 4506.172840 -3888.888889  0.00005659685784016614
 4506.172840 -3765.432099  0.00005567047851272893
 4506.172840 -3641.975309  0.00005686755626990719
 4506.172840 -3518.518519  0.00005678172527745962
 4506.172840 -3395.061728  0.00005616299290342140
 4506.172840 -3271.604938  0.00005549725728575173
 4506.172840 -3148.148148  0.00005505397303356812
 4506.172840 -3024.691358  0.00005501968938512327
 4506.172840 -2901.234568  0.00005549138788330056
 4506.172840 -2777.777778  0.00005632961956862823
 4506.172840 -2654.320988  0.00005687144168981277
 4506.172840 -2530.864198  0.00005550315393179068
 4506.172840 -2407.407407  0.00005551613836162937
 4506.172840 -2283.950617  0.00005593756260771233
 4506.172840 -2160.493827  0.00005599284786814740
 4506.172840 -2037.037037  0.00005592988655673713
 4506.172840 -1913.580247  0.00005585399952727277
 4506.172840 -1790.123457  0.00005579997058178288
 4506.172840 -1666.666667  0.00005577828678855692
 4506.172840 -1543.209877  0.00005579558460994435
 4506.172840 -1419.753086  0.00005584930183992766
 4506.172840 -1296.296296  0.00005589653535147118
 4506.172840 -1172.839506  0.00005591466066157438
 4506.172840 -1049.382716  0.00005591359524998880
 4506.172840  -925.925926  0.00005588595366964240
 4506.172840  -802.469136  0.00005584672570705773
 4506.172840  -679.012346  0.00005581491019117928
 4506.172840  -555.555556  0.00005580856565639362
 4506.172840  -432.098765  0.00005583699844794885
 4506.172840  -308.641975  0.00005589008826977310
 4506.172840  -185.185185  0.00005592475117469215
 4506.172840   -61.728395  0.00005584853999704661
 4506.172840    61.728395  0.00005584853824622228
 4506.172840   185.185185  0.00005592474508508428
 4506.172840   308.641975  0.00005589007550816324
 4506.172840   432.098765  0.00005583697864310797
 4506.172840   555.555556  0.00005580853990118708
 4506.172840   679.012346  0.00005581488022600263
 4506.172840   802.469136  0.00005584669307022585
 4506.172840   925.925926  0.00005588591910035427
 4506.172840  1049.382716  0.00005591355862949025
 4506.172840  1172.839506  0.00005591462177814170
 4506.172840  1296.296296  0.00005589649374060826
 4506.172840  1419.753086  0.00005584925810227595
 4506.172840  1543.209877  0.00005579554001667187
 4506.172840  1666.666667  0.00005577824149742115
 4506.172840  1790.123457  0.00005579992686765408
 4506.172840  1913.580247  0.00005585396120071151
 4506.172840  2037.037037  0.00005592985644659210
 4506.172840  2160.493827  0.00005599282524414138
 4506.172840  2283.950617  0.00005593754241898256
 4506.172840  2407.407407  0.00005551611416718913
 4506.172840  2530.864198  0.00005550315952127677
 4506.172840  2654.320988  0.00005687146448465840
 4506.172840  2777.777778  0.00005632963711923889
 4506.172840  2901.234568  0.00005549140356066256
 4506.172840  3024.691358  0.00005501971497161101
 4506.172840  3148.148148  0.00005505401913541875
 4506.172840  3271.604938  0.00005549732951931501
 4506.172840  3395.061728  0.00005616309180729464
 4506.172840  3518.518519  0.00005678184790261547
 4506.172840  3641.975309  0.00005686769739992351
 4506.172840  3765.432099  0.00005567063227367600
 4506.172840  3888.888889  0.00005659700873621200
 4506.172840  4012.345679  0.00005402561707923952
 4506.172840  4135.802469  0.00005421697787596340
 4506.172840  4259.259259  0.00005578363739129567
 4506.172840  4382.716049  0.00005638904375136232
 4506.172840  4506.172840  0.00005599827016833982
 4506.172840  4629.629630  0.00005668058522062209
 4506.172840  4753.086420  0.00005896387018831700
 4506.172840  4876.543210  0.00005474088344407343

 4629.629630 -5000.000000  0.00002058858043823709
 4629.629630 -4876.543210  0.00006645245834187730
 4629.629630 -4753.086420  0.00007129972447732248
 4629.629630 -4629.629630  0.00006844296397758877
 4629.629630 -4506.172840  0.00006768159299143623
 4629.629630 -4382.716049  0.00006825834154017214
 4629.629630 -4259.259259  0.00006757316631249284
 4629.629630 -4135.802469  0.00006565459339735769
 4629.629630 -4012.345679  0.00006538849095489404
 4629.629630 -3888.888889  0.00006850427182533445
 4629.629630 -3765.432099  0.00006731852607598481
 4629.629630 -3641.975309  0.00006876173487797292
 4629.629630 -3518.518519  0.00006866429108541206
 4629.629630 -3395.061728  0.00006793244599822435
 4629.629630 -3271.604938  0.00006715316454252281
 4629.629630 -3148.148148  0.00006664534509851332
 4629.629630 -3024.691358  0.00006661960670887381
 4629.629630 -2901.234568  0.00006717639976789732
 4629.629630 -2777.777778  0.00006814244019139967
 4629.629630 -2654.320988  0.00006874546706739060
 4629.629630 -2530.864198  0.00006712732378750876
 4629.629630 -2407.407407  0.00006717318455263477
 4629.629630 -2283.950617  0.00006762774528216066
 4629.629630 -2160.493827  0.00006767274282772369
 4629.629630 -2037.037037  0.00006760446220669681
 4629.629630 -1913.580247  0.00006753051583098479
 4629.629630 -1790.123457  0.00006747573324639662
 4629.629630 -1666.666667  0.00006744753814152453
 4629.629630 -1543.209877  0.00006746081262612800
 4629.629630 -1419.753086  0.00006752224877902476
 4629.629630 -1296.296296  0.00006757418746548658
 4629.629630 -1172.839506  0.00006758966396761068
 4629.629630 -1049.382716  0.00006758882111312013
 4629.629630  -925.925926  0.00006755864337705909
 4629.629630  -802.469136  0.00006751667107681735
 4629.629630  -679.012346  0.00006748295944064002
 4629.629630  -555.555556  0.00006747613454533881
 4629.629630  -432.098765  0.00006750586218200169
 4629.629630  -308.641975  0.00006756172964969884
 4629.629630  -185.185185  0.00006759854047718616
 4629.629630   -61.728395  0.00006751802207260607
 4629.629630    61.728395  0.00006751802184385703
 4629.629630   185.185185  0.00006759853873417005
 4629.629630   308.641975  0.00006756172327970616
 4629.629630   432.098765  0.00006750585068788375
 4629.629630   555.555556  0.00006747611933404295
 4629.629630   679.012346  0.00006748294272182872
 4629.629630   802.469136  0.00006751665474023079
 4629.629630   925.925926  0.00006755862821727997
 4629.629630  1049.382716  0.00006758880677040235
 4629.629630  1172.839506  0.00006758964995342987
 4629.629630  1296.296296  0.00006757417292784664
 4629.629630  1419.753086  0.00006752223434999477
 4629.629630  1543.209877  0.00006746079983299222
 4629.629630  1666.666667  0.00006744752696846354
 4629.629630  1790.123457  0.00006747572652623228
 4629.629630  1913.580247  0.00006753051842911807
 4629.629630  2037.037037  0.00006760447755913859
 4629.629630  2160.493827  0.00006767276939511463
 4629.629630  2283.950617  0.00006762777548167862
 4629.629630  2407.407407  0.00006717320872968744
 4629.629630  2530.864198  0.00006712738894220572
 4629.629630  2654.320988  0.00006874555682521354
 4629.629630  2777.777778  0.00006814252175600292
 4629.629630  2901.234568  0.00006717647691391133
 4629.629630  3024.691358  0.00006661969523976311
 4629.629630  3148.148148  0.00006664545935720138
 4629.629630  3271.604938  0.00006715331205600814
 4629.629630  3395.061728  0.00006793262733741105
 4629.629630  3518.518519  0.00006866450202137909
 4629.629630  3641.975309  0.00006876196791590444
 4629.629630  3765.432099  0.00006731877209995555
 4629.629630  3888.888889  0.00006850451240405650
 4629.629630  4012.345679  0.00006538873682447527
 4629.629630  4135.802469  0.00006565483704189946
 4629.629630  4259.259259  0.00006757341242938722
 4629.629630  4382.716049  0.00006825860658332018
 4629.629630  4506.172840  0.00006768188686329102
 4629.629630  4629.629630  0.00006844326694092341
 4629.629630  4753.086420  0.00007129997235762563
 4629.629630  4876.543210  0.00006645254909127735

 4753.086420 -5000.000000  0.00002732158746694281
 4753.086420 -4876.543210  0.00008395806381372259
 4753.086420 -4753.086420  0.00008881546952896234
 4753.086420 -4629.629630  0.00008484961278481661
 4753.086420 -4506.172840  0.00008422481724174285
 4753.086420 -4382.716049  0.00008543237669082928
 4753.086420 -4259.259259  0.00008477993658722939
 4753.086420 -4135.802469  0.00008225180247469364
 4753.086420 -4012.345679  0.00008174017530119905
 4753.086420 -3888.888889  0.00008564731362567644
 4753.086420 -3765.432099  0.00008385862271583495
 4753.086420 -3641.975309  0.00008569328019520389
 4753.086420 -3518.518519  0.00008559157896873697
 4753.086420 -3395.061728  0.00008477845428972154
 4753.086420 -3271.604938  0.00008395971286410148
 4753.086420 -3148.148148  0.00008344172248963568
 4753.086420 -3024.691358  0.00008340794636642207
 4753.086420 -2901.234568  0.00008396905788097320
 4753.086420 -2777.777778  0.00008498663586384553
 4753.086420 -2654.320988  0.00008567044032082017
 4753.086420 -2530.864198  0.00008394926863763620
 4753.086420 -2407.407407  0.00008392168989239940
 4753.086420 -2283.950617  0.00008442544287222001
 4753.086420 -2160.493827  0.00008448845439939131
 4753.086420 -2037.037037  0.00008441156355981668
 4753.086420 -1913.580247  0.00008432025361295513
 4753.086420 -1790.123457  0.00008425461762770219
 4753.086420 -1666.666667  0.00008422676363812964
 4753.086420 -1543.209877  0.00008424565931908397
 4753.086420 -1419.753086  0.00008430941618164414
 4753.086420 -1296.296296  0.00008436501328843807
 4753.086420 -1172.839506  0.00008438535891687613
 4753.086420 -1049.382716  0.00008438319276598406
 4753.086420  -925.925926  0.00008434923888443495
 4753.086420  -802.469136  0.00008430153176586416
 4753.086420  -679.012346  0.00008426278550938060
 4753.086420  -555.555556  0.00008425456118192790
 4753.086420  -432.098765  0.00008428797153728422
 4753.086420  -308.641975  0.00008435092309170082
 4753.086420  -185.185185  0.00008439189555617875
 4753.086420   -61.728395  0.00008430025862538477
 4753.086420    61.728395  0.00008430025882175539
 4753.086420   185.185185  0.00008439189499353997
 4753.086420   308.641975  0.00008435091839782135
 4753.086420   432.098765  0.00008428796215391336
 4753.086420   555.555556  0.00008425454860176399
 4753.086420   679.012346  0.00008426277208096347
 4753.086420   802.469136  0.00008430151947267353
 4753.086420   925.925926  0.00008434922850447889
 4753.086420  1049.382716  0.00008438318381815991
 4753.086420  1172.839506  0.00008438535080038662
 4753.086420  1296.296296  0.00008436500492188776
 4753.086420  1419.753086  0.00008430940825035122
 4753.086420  1543.209877  0.00008424565344077007
 4753.086420  1666.666667  0.00008422675951994863
 4753.086420  1790.123457  0.00008425461822511217
 4753.086420  1913.580247  0.00008432026421031247
 4753.086420  2037.037037  0.00008441158779277215
 4753.086420  2160.493827  0.00008448849023916775
 4753.086420  2283.950617  0.00008442548159185124
 4753.086420  2407.407407  0.00008392172103501026
 4753.086420  2530.864198  0.00008394934461402619
 4753.086420  2654.320988  0.00008567053904347109
 4753.086420  2777.777778  0.00008498672502165160
 4753.086420  2901.234568  0.00008396914249344031
 4753.086420  3024.691358  0.00008340804284224585
 4753.086420  3148.148148  0.00008344184489462697
 4753.086420  3271.604938  0.00008395986800579524
 4753.086420  3395.061728  0.00008477864222600590
 4753.086420  3518.518519  0.00008559179554783875
 4753.086420  3641.975309  0.00008569351823436610
 4753.086420  3765.432099  0.00008385887254943389
 4753.086420  3888.888889  0.00008564755817866952
 4753.086420  4012.345679  0.00008174042460619557
 4753.086420  4135.802469  0.00008225204988622605
 4753.086420  4259.259259  0.00008478018712843868
 4753.086420  4382.716049  0.00008543264636520858
 4753.086420  4506.172840  0.00008422511550561174
 4753.086420  4629.629630  0.00008484992037619882
 4753.086420  4753.086420  0.00008881572384853892
 4753.086420  4876.543210  0.00008395816405353352

 4876.543210 -5000.000000  0.00003204788943354306
 4876.543210 -4876.543210  0.00009245070349822406
 4876.543210 -4753.086420  0.00009591902944325223
 4876.543210 -4629.629630  0.00009103043489261309
 4876.543210 -4506.172840  0.00009084998920071446
 4876.543210 -4382.716049  0.00009289276666264471
 4876.543210 -4259.259259  0.00009248782829482339
 4876.543210 -4135.802469  0.00008954368218603557
 4876.543210 -4012.345679  0.00008871522241884928
 4876.543210 -3888.888889  0.00009297214656141616
 4876.543210 -3765.432099  0.00009056885172965613
 4876.543210 -3641.975309  0.00009261721394438738
 4876.543210 -3518.518519  0.00009253574641914315
 4876.543210 -3395.061728  0.00009181119333362314
 4876.543210 -3271.604938  0.00009116264189988147
 4876.543210 -3148.148148  0.00009077236276393343
 4876.543210 -3024.691358  0.00009071772935428128
 4876.543210 -2901.234568  0.00009110918219953753
 4876.543210 -2777.777778  0.00009193423821514542
 4876.543210 -2654.320988  0.00009260754495919720
 4876.543210 -2530.864198  0.00009122697985734936
 4876.543210 -2407.407407  0.00009103884465171038
 4876.543210 -2283.950617  0.00009153140639828142
 4876.543210 -2160.493827  0.00009163188545035367
 4876.543210 -2037.037037  0.00009155485877362476
 4876.543210 -1913.580247  0.00009144047101816423
 4876.543210 -1790.123457  0.00009136377074099151
 4876.543210 -1666.666667  0.00009134762548535796
 4876.543210 -1543.209877  0.00009137921571673242
 4876.543210 -1419.753086  0.00009143010761549014
 4876.543210 -1296.296296  0.00009147990472630571
 4876.543210 -1172.839506  0.00009150975429886556
 4876.543210 -1049.382716  0.00009150508599907606
 4876.543210  -925.925926  0.00009147132232666259
 4876.543210  -802.469136  0.00009142216142127293
 4876.543210  -679.012346  0.00009138115159775679
 4876.543210  -555.555556  0.00009137191721577145
 4876.543210  -432.098765  0.00009140643592031020
 4876.543210  -308.641975  0.00009147136725315209
 4876.543210  -185.185185  0.00009151243263523417
 4876.543210   -61.728395  0.00009141684671994533
 4876.543210    61.728395  0.00009141684687712819
 4876.543210   185.185185  0.00009151243220194504
 4876.543210   308.641975  0.00009147136350754449
 4876.543210   432.098765  0.00009140642835305261
 4876.543210   555.555556  0.00009137190697024050
 4876.543210   679.012346  0.00009138114052238171
 4876.543210   802.469136  0.00009142215107841870
 4876.543210   925.925926  0.00009147131330243805
 4876.543210  1049.382716  0.00009150507785845423
 4876.543210  1172.839506  0.00009150974653050271
 4876.543210  1296.296296  0.00009147989634381179
 4876.543210  1419.753086  0.00009143009917291550
 4876.543210  1543.209877  0.00009137920845216997
 4876.543210  1666.666667  0.00009134761888109290
 4876.543210  1790.123457  0.00009136376702568710
 4876.543210  1913.580247  0.00009144047441794825
 4876.543210  2037.037037  0.00009155487215277379
 4876.543210  2160.493827  0.00009163190698227272
 4876.543210  2283.950617  0.00009153142890747548
 4876.543210  2407.407407  0.00009103886026744490
 4876.543210  2530.864198  0.00009122702989089462
 4876.543210  2654.320988  0.00009260760833510540
 4876.543210  2777.777778  0.00009193429380918222
 4876.543210  2901.234568  0.00009110923496574040
 4876.543210  3024.691358  0.00009071779112330388
 4876.543210  3148.148148  0.00009077244269614927
 4876.543210  3271.604938  0.00009116274372353257
 4876.543210  3395.061728  0.00009181131649829892
 4876.543210  3518.518519  0.00009253588829487577
 4876.543210  3641.975309  0.00009261737019664893
 4876.543210  3765.432099  0.00009056901548795224
 4876.543210  3888.888889  0.00009297230684789225
 4876.543210  4012.345679  0.00008871538615822019
 4876.543210  4135.802469  0.00008954384461314178
 4876.543210  4259.259259  0.00009248799228020827
 4876.543210  4382.716049  0.00009289294232000128
 4876.543210  4506.172840  0.00009085018216909768
 4876.543210  4629.629630  0.00009103063168631357
 4876.543210  4753.086420  0.00009591918826222839
 4876.543210  4876.543210  0.00009245075889198841

