-5000.000000 -5000.000000  -0.00001022614759295288
-5000.000000 -4876.543210  -0.00003657013853827762
-5000.000000 -4753.086420  -0.00003590239982295262
-5000.000000 -4629.629630  -0.00003506698593153713
-5000.000000 -4506.172840  -0.00003438942355058509
-5000.000000 -4382.716049  -0.00003537065346541127
-5000.000000 -4259.259259  -0.00003587461996585401
-5000.000000 -4135.802469  -0.00003494976543892770
-5000.000000 -4012.345679  -0.00003453792678014153
-5000.000000 -3888.888889  -0.00003568529459609730
-5000.000000 -3765.432099  -0.00003511207006353564
-5000.000000 -3641.975309  -0.00003605061918377492
-5000.000000 -3518.518519  -0.00003607940372065695
-5000.000000 -3395.061728  -0.00003580533296122580
-5000.000000 -3271.604938  -0.00003572113703487997
-5000.000000 -3148.148148  -0.00003569499120901278
-5000.000000 -3024.691358  -0.00003571169355832452
-5000.000000 -2901.234568  -0.00003569724053318885
-5000.000000 -2777.777778  -0.00003572983401577655
-5000.000000 -2654.320988  -0.00003581622091431636
-5000.000000 -2530.864198  -0.00003560317926528560
-5000.000000 -2407.407407  -0.00003575768832629600
-5000.000000 -2283.950617  -0.00003578255096326918
-5000.000000 -2160.493827  -0.00003576915539852304
-5000.000000 -2037.037037  -0.00003567869801745902
-5000.000000 -1913.580247  -0.00003565993706868124
-5000.000000 -1790.123457  -0.00003568825200106426
-5000.000000 -1666.666667  -0.00003570902169322437
-5000.000000 -1543.209877  -0.00003564862889601328
-5000.000000 -1419.753086  -0.00003549605566273485
-5000.000000 -1296.296296  -0.00003583774714118621
-5000.000000 -1172.839506  -0.00003597978962884707
-5000.000000 -1049.382716  -0.00003625091784873931
-5000.000000  -925.925926  -0.00003604272873909169
-5000.000000  -802.469136  -0.00003607078373112107
-5000.000000  -679.012346  -0.00003606331793965432
-5000.000000  -555.555556  -0.00003612622365822994
-5000.000000  -432.098765  -0.00003610498348314201
-5000.000000  -308.641975  -0.00003606830981703802
-5000.000000  -185.185185  -0.00003611617012319831
-5000.000000   -61.728395  -0.00003614309460799223
-5000.000000    61.728395  -0.00003614309460799443
-5000.000000   185.185185  -0.00003611617012320643
-5000.000000   308.641975  -0.00003606830981705236
-5000.000000   432.098765  -0.00003610498348316271
-5000.000000   555.555556  -0.00003612622365825457
-5000.000000   679.012346  -0.00003606331793968562
-5000.000000   802.469136  -0.00003607078373115747
-5000.000000   925.925926  -0.00003604272873913320
-5000.000000  1049.382716  -0.00003625091784878558
-5000.000000  1172.839506  -0.00003597978962889873
-5000.000000  1296.296296  -0.00003583774714124370
-5000.000000  1419.753086  -0.00003549605566279865
-5000.000000  1543.209877  -0.00003564862889608061
-5000.000000  1666.666667  -0.00003570902169329638
-5000.000000  1790.123457  -0.00003568825200114089
-5000.000000  1913.580247  -0.00003565993706876584
-5000.000000  2037.037037  -0.00003567869801754672
-5000.000000  2160.493827  -0.00003576915539861682
-5000.000000  2283.950617  -0.00003578255096336726
-5000.000000  2407.407407  -0.00003575768832639939
-5000.000000  2530.864198  -0.00003560317926538238
-5000.000000  2654.320988  -0.00003581622091442762
-5000.000000  2777.777778  -0.00003572983401589175
-5000.000000  2901.234568  -0.00003569724053330340
-5000.000000  3024.691358  -0.00003571169355843759
-5000.000000  3148.148148  -0.00003569499120912735
-5000.000000  3271.604938  -0.00003572113703500038
-5000.000000  3395.061728  -0.00003580533296135255
-5000.000000  3518.518519  -0.00003607940372078938
-5000.000000  3641.975309  -0.00003605061918390872
-5000.000000  3765.432099  -0.00003511207006366961
-5000.000000  3888.888889  -0.00003568529459622789
-5000.000000  4012.345679  -0.00003453792678026941
-5000.000000  4135.802469  -0.00003494976543905321
-5000.000000  4259.259259  -0.00003587461996597778
-5000.000000  4382.716049  -0.00003537065346553790
-5000.000000  4506.172840  -0.00003438942355071897
-5000.000000  4629.629630  -0.00003506698593167726
-5000.000000  4753.086420  -0.00003590239982308535
-5000.000000  4876.543210  -0.00003657013853837883

-4876.543210 -5000.000000  -0.00003575793184028716
-4876.543210 -4876.543210  -0.00012869533673308642
-4876.543210 -4753.086420  -0.00012640753223716817
-4876.543210 -4629.629630  -0.00012346641949200128
-4876.543210 -4506.172840  -0.00012104179186724961
-4876.543210 -4382.716049  -0.00012444375991109701
-4876.543210 -4259.259259  -0.00012618547665859152
-4876.543210 -4135.802469  -0.00012299315982936443
-4876.543210 -4012.345679  -0.00012152707851966109
-4876.543210 -3888.888889  -0.00012561845454571064
-4876.543210 -3765.432099  -0.00012317970394972716
-4876.543210 -3641.975309  -0.00012457137561811056
-4876.543210 -3518.518519  -0.00012480717831472065
-4876.543210 -3395.061728  -0.00012377830596909273
-4876.543210 -3271.604938  -0.00012358543884809123
-4876.543210 -3148.148148  -0.00012345094205579992
-4876.543210 -3024.691358  -0.00012356199007894272
-4876.543210 -2901.234568  -0.00012356342321579266
-4876.543210 -2777.777778  -0.00012371837369572243
-4876.543210 -2654.320988  -0.00012403649501778046
-4876.543210 -2530.864198  -0.00012318349205878398
-4876.543210 -2407.407407  -0.00012331496768095164
-4876.543210 -2283.950617  -0.00012340459799683312
-4876.543210 -2160.493827  -0.00012338325445335050
-4876.543210 -2037.037037  -0.00012313123630799762
-4876.543210 -1913.580247  -0.00012309728892733317
-4876.543210 -1790.123457  -0.00012324110527317110
-4876.543210 -1666.666667  -0.00012333833848927929
-4876.543210 -1543.209877  -0.00012316886371594333
-4876.543210 -1419.753086  -0.00012262783959165726
-4876.543210 -1296.296296  -0.00012384511456522585
-4876.543210 -1172.839506  -0.00012255601804006034
-4876.543210 -1049.382716  -0.00012364363712617099
-4876.543210  -925.925926  -0.00012289214576076786
-4876.543210  -802.469136  -0.00012306604130051690
-4876.543210  -679.012346  -0.00012299968872206472
-4876.543210  -555.555556  -0.00012323788227208666
-4876.543210  -432.098765  -0.00012314105987563576
-4876.543210  -308.641975  -0.00012297140056692578
-4876.543210  -185.185185  -0.00012309793574251143
-4876.543210   -61.728395  -0.00012318875388413474
-4876.543210    61.728395  -0.00012318875388414558
-4876.543210   185.185185  -0.00012309793574254231
-4876.543210   308.641975  -0.00012297140056697091
-4876.543210   432.098765  -0.00012314105987569900
-4876.543210   555.555556  -0.00012323788227216610
-4876.543210   679.012346  -0.00012299968872216783
-4876.543210   802.469136  -0.00012306604130063562
-4876.543210   925.925926  -0.00012289214576090233
-4876.543210  1049.382716  -0.00012364363712632088
-4876.543210  1172.839506  -0.00012255601804022725
-4876.543210  1296.296296  -0.00012384511456542125
-4876.543210  1419.753086  -0.00012262783959187214
-4876.543210  1543.209877  -0.00012316886371617171
-4876.543210  1666.666667  -0.00012333833848952663
-4876.543210  1790.123457  -0.00012324110527343473
-4876.543210  1913.580247  -0.00012309728892761788
-4876.543210  2037.037037  -0.00012313123630829328
-4876.543210  2160.493827  -0.00012338325445366286
-4876.543210  2283.950617  -0.00012340459799716513
-4876.543210  2407.407407  -0.00012331496768130875
-4876.543210  2530.864198  -0.00012318349205912312
-4876.543210  2654.320988  -0.00012403649501817289
-4876.543210  2777.777778  -0.00012371837369613042
-4876.543210  2901.234568  -0.00012356342321620235
-4876.543210  3024.691358  -0.00012356199007935092
-4876.543210  3148.148148  -0.00012345094205621864
-4876.543210  3271.604938  -0.00012358543884853087
-4876.543210  3395.061728  -0.00012377830596955599
-4876.543210  3518.518519  -0.00012480717831520830
-4876.543210  3641.975309  -0.00012457137561860832
-4876.543210  3765.432099  -0.00012317970395023481
-4876.543210  3888.888889  -0.00012561845454622621
-4876.543210  4012.345679  -0.00012152707852016374
-4876.543210  4135.802469  -0.00012299315982986623
-4876.543210  4259.259259  -0.00012618547665909746
-4876.543210  4382.716049  -0.00012444375991161200
-4876.543210  4506.172840  -0.00012104179186778298
-4876.543210  4629.629630  -0.00012346641949255143
-4876.543210  4753.086420  -0.00012640753223770227
-4876.543210  4876.543210  -0.00012869533673352958

-4753.086420 -5000.000000  -0.00003392721934615433
-4753.086420 -4876.543210  -0.00012207567743981152
-4753.086420 -4753.086420  -0.00011988153002073765
-4753.086420 -4629.629630  -0.00011707209682076567
-4753.086420 -4506.172840  -0.00011475780369487432
-4753.086420 -4382.716049  -0.00011797452137135984
-4753.086420 -4259.259259  -0.00011961534154399609
-4753.086420 -4135.802469  -0.00011656967286583976
-4753.086420 -4012.345679  -0.00011516950706780441
-4753.086420 -3888.888889  -0.00011904015790685643
-4753.086420 -3765.432099  -0.00011674952114327134
-4753.086420 -3641.975309  -0.00011819513646535245
-4753.086420 -3518.518519  -0.00011840501093494382
-4753.086420 -3395.061728  -0.00011743164200559777
-4753.086420 -3271.604938  -0.00011724122446125171
-4753.086420 -3148.148148  -0.00011711495437293003
-4753.086420 -3024.691358  -0.00011721288600769136
-4753.086420 -2901.234568  -0.00011720608395206422
-4753.086420 -2777.777778  -0.00011735313578775397
-4753.086420 -2654.320988  -0.00011766241269883948
-4753.086420 -2530.864198  -0.00011686853947653932
-4753.086420 -2407.407407  -0.00011711780509938620
-4753.086420 -2283.950617  -0.00011720425856970549
-4753.086420 -2160.493827  -0.00011719714828235301
-4753.086420 -2037.037037  -0.00011695477226130045
-4753.086420 -1913.580247  -0.00011692739604092639
-4753.086420 -1790.123457  -0.00011706417612022678
-4753.086420 -1666.666667  -0.00011716211084031182
-4753.086420 -1543.209877  -0.00011700829419310885
-4753.086420 -1419.753086  -0.00011649920457389631
-4753.086420 -1296.296296  -0.00011766400236652350
-4753.086420 -1172.839506  -0.00011643764408431816
-4753.086420 -1049.382716  -0.00011747839802628996
-4753.086420  -925.925926  -0.00011676815492553748
-4753.086420  -802.469136  -0.00011693815859881862
-4753.086420  -679.012346  -0.00011687877669481955
-4753.086420  -555.555556  -0.00011710972603619905
-4753.086420  -432.098765  -0.00011702221099146522
-4753.086420  -308.641975  -0.00011686531409877661
-4753.086420  -185.185185  -0.00011698883788726037
-4753.086420   -61.728395  -0.00011707450287882197
-4753.086420    61.728395  -0.00011707450287883261
-4753.086420   185.185185  -0.00011698883788728997
-4753.086420   308.641975  -0.00011686531409882139
-4753.086420   432.098765  -0.00011702221099152805
-4753.086420   555.555556  -0.00011710972603627734
-4753.086420   679.012346  -0.00011687877669492021
-4753.086420   802.469136  -0.00011693815859893475
-4753.086420   925.925926  -0.00011676815492566949
-4753.086420  1049.382716  -0.00011747839802643744
-4753.086420  1172.839506  -0.00011643764408448254
-4753.086420  1296.296296  -0.00011766400236671552
-4753.086420  1419.753086  -0.00011649920457410842
-4753.086420  1543.209877  -0.00011700829419333487
-4753.086420  1666.666667  -0.00011716211084055692
-4753.086420  1790.123457  -0.00011706417612048900
-4753.086420  1913.580247  -0.00011692739604120939
-4753.086420  2037.037037  -0.00011695477226159491
-4753.086420  2160.493827  -0.00011719714828266483
-4753.086420  2283.950617  -0.00011720425857003653
-4753.086420  2407.407407  -0.00011711780509974372
-4753.086420  2530.864198  -0.00011686853947688563
-4753.086420  2654.320988  -0.00011766241269923641
-4753.086420  2777.777778  -0.00011735313578816771
-4753.086420  2901.234568  -0.00011720608395248298
-4753.086420  3024.691358  -0.00011721288600811215
-4753.086420  3148.148148  -0.00011711495437336292
-4753.086420  3271.604938  -0.00011724122446170378
-4753.086420  3395.061728  -0.00011743164200607312
-4753.086420  3518.518519  -0.00011840501093544403
-4753.086420  3641.975309  -0.00011819513646586437
-4753.086420  3765.432099  -0.00011674952114379393
-4753.086420  3888.888889  -0.00011904015790739237
-4753.086420  4012.345679  -0.00011516950706832934
-4753.086420  4135.802469  -0.00011656967286636748
-4753.086420  4259.259259  -0.00011961534154453080
-4753.086420  4382.716049  -0.00011797452137190061
-4753.086420  4506.172840  -0.00011475780369542746
-4753.086420  4629.629630  -0.00011707209682133351
-4753.086420  4753.086420  -0.00011988153002129285
-4753.086420  4876.543210  -0.00012207567744028928

-4629.629630 -5000.000000  -0.00003214125588093555
-4629.629630 -4876.543210  -0.00011538120344059798
-4629.629630 -4753.086420  -0.00011317605403651582
-4629.629630 -4629.629630  -0.00011046908676860523
-4629.629630 -4506.172840  -0.00010826421001345730
-4629.629630 -4382.716049  -0.00011130577917368950
-4629.629630 -4259.259259  -0.00011285208464111116
-4629.629630 -4135.802469  -0.00010996297650952738
-4629.629630 -4012.345679  -0.00010861843898239192
-4629.629630 -3888.888889  -0.00011227612821536966
-4629.629630 -3765.432099  -0.00011002888161221637
-4629.629630 -3641.975309  -0.00011111981540364992
-4629.629630 -3518.518519  -0.00011133865564198398
-4629.629630 -3395.061728  -0.00011042015451570362
-4629.629630 -3271.604938  -0.00011026572959611309
-4629.629630 -3148.148148  -0.00011014589758805378
-4629.629630 -3024.691358  -0.00011024050750825791
-4629.629630 -2901.234568  -0.00011022901473322586
-4629.629630 -2777.777778  -0.00011036313817204049
-4629.629630 -2654.320988  -0.00011066880798834303
-4629.629630 -2530.864198  -0.00010996163370041179
-4629.629630 -2407.407407  -0.00011015031427417529
-4629.629630 -2283.950617  -0.00011026417668993402
-4629.629630 -2160.493827  -0.00011026806992259484
-4629.629630 -2037.037037  -0.00011004846140779625
-4629.629630 -1913.580247  -0.00011002272304822180
-4629.629630 -1790.123457  -0.00011016099548320591
-4629.629630 -1666.666667  -0.00011026474693915693
-4629.629630 -1543.209877  -0.00011013728211394776
-4629.629630 -1419.753086  -0.00010966520554577807
-4629.629630 -1296.296296  -0.00011077562310208844
-4629.629630 -1172.839506  -0.00010931525973262452
-4629.629630 -1049.382716  -0.00011032440021393202
-4629.629630  -925.925926  -0.00010965270421807028
-4629.629630  -802.469136  -0.00010982954103970842
-4629.629630  -679.012346  -0.00010977323465996798
-4629.629630  -555.555556  -0.00011000720647772679
-4629.629630  -432.098765  -0.00010994035674769808
-4629.629630  -308.641975  -0.00010980857702865259
-4629.629630  -185.185185  -0.00010993719801111777
-4629.629630   -61.728395  -0.00011001742517273987
-4629.629630    61.728395  -0.00011001742517274877
-4629.629630   185.185185  -0.00010993719801114456
-4629.629630   308.641975  -0.00010980857702869273
-4629.629630   432.098765  -0.00010994035674775306
-4629.629630   555.555556  -0.00011000720647779636
-4629.629630   679.012346  -0.00010977323466005657
-4629.629630   802.469136  -0.00010982954103981120
-4629.629630   925.925926  -0.00010965270421818680
-4629.629630  1049.382716  -0.00011032440021406245
-4629.629630  1172.839506  -0.00010931525973276910
-4629.629630  1296.296296  -0.00011077562310225866
-4629.629630  1419.753086  -0.00010966520554596690
-4629.629630  1543.209877  -0.00011013728211414904
-4629.629630  1666.666667  -0.00011026474693937480
-4629.629630  1790.123457  -0.00011016099548343888
-4629.629630  1913.580247  -0.00011002272304847374
-4629.629630  2037.037037  -0.00011004846140805997
-4629.629630  2160.493827  -0.00011026806992287341
-4629.629630  2283.950617  -0.00011026417669023018
-4629.629630  2407.407407  -0.00011015031427449566
-4629.629630  2530.864198  -0.00010996163370072403
-4629.629630  2654.320988  -0.00011066880798870027
-4629.629630  2777.777778  -0.00011036313817241355
-4629.629630  2901.234568  -0.00011022901473360471
-4629.629630  3024.691358  -0.00011024050750863974
-4629.629630  3148.148148  -0.00011014589758844675
-4629.629630  3271.604938  -0.00011026572959652443
-4629.629630  3395.061728  -0.00011042015451613561
-4629.629630  3518.518519  -0.00011133865564243764
-4629.629630  3641.975309  -0.00011111981540411340
-4629.629630  3765.432099  -0.00011002888161269182
-4629.629630  3888.888889  -0.00011227612821585931
-4629.629630  4012.345679  -0.00010861843898287296
-4629.629630  4135.802469  -0.00010996297651001212
-4629.629630  4259.259259  -0.00011285208464160324
-4629.629630  4382.716049  -0.00011130577917418660
-4629.629630  4506.172840  -0.00010826421001396327
-4629.629630  4629.629630  -0.00011046908676912426
-4629.629630  4753.086420  -0.00011317605403702398
-4629.629630  4876.543210  -0.00011538120344104137

-4506.172840 -5000.000000  -0.00003066412068809089
-4506.172840 -4876.543210  -0.00010962942629493513
-4506.172840 -4753.086420  -0.00010734723256388751
-4506.172840 -4629.629630  -0.00010470083324854260
-4506.172840 -4506.172840  -0.00010258364351058358
-4506.172840 -4382.716049  -0.00010548548732739423
-4506.172840 -4259.259259  -0.00010695948570302143
-4506.172840 -4135.802469  -0.00010419183229126619
-4506.172840 -4012.345679  -0.00010290369506339960
-4506.172840 -3888.888889  -0.00010637539171428236
-4506.172840 -3765.432099  -0.00010426390183520229
-4506.172840 -3641.975309  -0.00010548696867826560
-4506.172840 -3518.518519  -0.00010569360181100718
-4506.172840 -3395.061728  -0.00010484991158989931
-4506.172840 -3271.604938  -0.00010472044778354721
-4506.172840 -3148.148148  -0.00010463321033581341
-4506.172840 -3024.691358  -0.00010472967286166255
-4506.172840 -2901.234568  -0.00010472029939060527
-4506.172840 -2777.777778  -0.00010484842951877182
-4506.172840 -2654.320988  -0.00010515727950724940
-4506.172840 -2530.864198  -0.00010452497551825914
-4506.172840 -2407.407407  -0.00010455400423745108
-4506.172840 -2283.950617  -0.00010470467863354227
-4506.172840 -2160.493827  -0.00010472403222184170
-4506.172840 -2037.037037  -0.00010453571950906328
-4506.172840 -1913.580247  -0.00010451661296115084
-4506.172840 -1790.123457  -0.00010466649060338741
-4506.172840 -1666.666667  -0.00010478780431203367
-4506.172840 -1543.209877  -0.00010468613135746911
-4506.172840 -1419.753086  -0.00010426331566282619
-4506.172840 -1296.296296  -0.00010533945191678960
-4506.172840 -1172.839506  -0.00010431193766202831
-4506.172840 -1049.382716  -0.00010526939080394470
-4506.172840  -925.925926  -0.00010465872582302507
-4506.172840  -802.469136  -0.00010483291824199152
-4506.172840  -679.012346  -0.00010480424521723788
-4506.172840  -555.555556  -0.00010503702437130005
-4506.172840  -432.098765  -0.00010498821094671160
-4506.172840  -308.641975  -0.00010487781792019341
-4506.172840  -185.185185  -0.00010501166905796786
-4506.172840   -61.728395  -0.00010509009753494962
-4506.172840    61.728395  -0.00010509009753495686
-4506.172840   185.185185  -0.00010501166905798913
-4506.172840   308.641975  -0.00010487781792022453
-4506.172840   432.098765  -0.00010498821094675424
-4506.172840   555.555556  -0.00010503702437135317
-4506.172840   679.012346  -0.00010480424521730769
-4506.172840   802.469136  -0.00010483291824207195
-4506.172840   925.925926  -0.00010465872582311655
-4506.172840  1049.382716  -0.00010526939080404713
-4506.172840  1172.839506  -0.00010431193766214164
-4506.172840  1296.296296  -0.00010533945191692462
-4506.172840  1419.753086  -0.00010426331566297646
-4506.172840  1543.209877  -0.00010468613135762783
-4506.172840  1666.666667  -0.00010478780431220545
-4506.172840  1790.123457  -0.00010466649060357063
-4506.172840  1913.580247  -0.00010451661296135100
-4506.172840  2037.037037  -0.00010453571950927238
-4506.172840  2160.493827  -0.00010472403222206262
-4506.172840  2283.950617  -0.00010470467863377761
-4506.172840  2407.407407  -0.00010455400423770471
-4506.172840  2530.864198  -0.00010452497551850886
-4506.172840  2654.320988  -0.00010515727950753541
-4506.172840  2777.777778  -0.00010484842951907129
-4506.172840  2901.234568  -0.00010472029939091043
-4506.172840  3024.691358  -0.00010472967286196953
-4506.172840  3148.148148  -0.00010463321033612956
-4506.172840  3271.604938  -0.00010472044778387971
-4506.172840  3395.061728  -0.00010484991159024826
-4506.172840  3518.518519  -0.00010569360181137373
-4506.172840  3641.975309  -0.00010548696867864016
-4506.172840  3765.432099  -0.00010426390183558708
-4506.172840  3888.888889  -0.00010637539171467962
-4506.172840  4012.345679  -0.00010290369506379000
-4506.172840  4135.802469  -0.00010419183229166098
-4506.172840  4259.259259  -0.00010695948570342377
-4506.172840  4382.716049  -0.00010548548732780136
-4506.172840  4506.172840  -0.00010258364351099832
-4506.172840  4629.629630  -0.00010470083324896861
-4506.172840  4753.086420  -0.00010734723256430500
-4506.172840  4876.543210  -0.00010962942629530167

-4382.716049 -5000.000000  -0.00003088673449269923
-4382.716049 -4876.543210  -0.00011000375818836394
-4382.716049 -4753.086420  -0.00010754017134823283
-4382.716049 -4629.629630  -0.00010482481947328910
-4382.716049 -4506.172840  -0.00010268190983976169
-4382.716049 -4382.716049  -0.00010560805000620830
-4382.716049 -4259.259259  -0.00010709778079368996
-4382.716049 -4135.802469  -0.00010431113194077026
-4382.716049 -4012.345679  -0.00010301313964902608
-4382.716049 -3888.888889  -0.00010649845787307003
-4382.716049 -3765.432099  -0.00010438240363734336
-4382.716049 -3641.975309  -0.00010567053715106509
-4382.716049 -3518.518519  -0.00010588970613662418
-4382.716049 -3395.061728  -0.00010507081053519165
-4382.716049 -3271.604938  -0.00010496547543651826
-4382.716049 -3148.148148  -0.00010490451097503806
-4382.716049 -3024.691358  -0.00010501704708791038
-4382.716049 -2901.234568  -0.00010501777943744486
-4382.716049 -2777.777778  -0.00010514891330595424
-4382.716049 -2654.320988  -0.00010547191458268389
-4382.716049 -2530.864198  -0.00010487647449878230
-4382.716049 -2407.407407  -0.00010478565406914456
-4382.716049 -2283.950617  -0.00010497166012112860
-4382.716049 -2160.493827  -0.00010500360661898234
-4382.716049 -2037.037037  -0.00010484222039730349
-4382.716049 -1913.580247  -0.00010483609496566757
-4382.716049 -1790.123457  -0.00010500917059211561
-4382.716049 -1666.666667  -0.00010515300109394690
-4382.716049 -1543.209877  -0.00010507270628022871
-4382.716049 -1419.753086  -0.00010467759081298300
-4382.716049 -1296.296296  -0.00010577188045205721
-4382.716049 -1172.839506  -0.00010493486513817396
-4382.716049 -1049.382716  -0.00010590089435681331
-4382.716049  -925.925926  -0.00010531939864382356
-4382.716049  -802.469136  -0.00010550802959159589
-4382.716049  -679.012346  -0.00010550203365889741
-4382.716049  -555.555556  -0.00010574707902811775
-4382.716049  -432.098765  -0.00010571111637596644
-4382.716049  -308.641975  -0.00010561141543563526
-4382.716049  -185.185185  -0.00010575194481448122
-4382.716049   -61.728395  -0.00010583355906225005
-4382.716049    61.728395  -0.00010583355906225663
-4382.716049   185.185185  -0.00010575194481449839
-4382.716049   308.641975  -0.00010561141543565792
-4382.716049   432.098765  -0.00010571111637599744
-4382.716049   555.555556  -0.00010574707902815701
-4382.716049   679.012346  -0.00010550203365895025
-4382.716049   802.469136  -0.00010550802959165555
-4382.716049   925.925926  -0.00010531939864389037
-4382.716049  1049.382716  -0.00010590089435688687
-4382.716049  1172.839506  -0.00010493486513825681
-4382.716049  1296.296296  -0.00010577188045215824
-4382.716049  1419.753086  -0.00010467759081309523
-4382.716049  1543.209877  -0.00010507270628034649
-4382.716049  1666.666667  -0.00010515300109407408
-4382.716049  1790.123457  -0.00010500917059225112
-4382.716049  1913.580247  -0.00010483609496581714
-4382.716049  2037.037037  -0.00010484222039746094
-4382.716049  2160.493827  -0.00010500360661914821
-4382.716049  2283.950617  -0.00010497166012130484
-4382.716049  2407.407407  -0.00010478565406933384
-4382.716049  2530.864198  -0.00010487647449896966
-4382.716049  2654.320988  -0.00010547191458290016
-4382.716049  2777.777778  -0.00010514891330618086
-4382.716049  2901.234568  -0.00010501777943767577
-4382.716049  3024.691358  -0.00010501704708814179
-4382.716049  3148.148148  -0.00010490451097527671
-4382.716049  3271.604938  -0.00010496547543677062
-4382.716049  3395.061728  -0.00010507081053545682
-4382.716049  3518.518519  -0.00010588970613690354
-4382.716049  3641.975309  -0.00010567053715135024
-4382.716049  3765.432099  -0.00010438240363763822
-4382.716049  3888.888889  -0.00010649845787337520
-4382.716049  4012.345679  -0.00010301313964932575
-4382.716049  4135.802469  -0.00010431113194107425
-4382.716049  4259.259259  -0.00010709778079400028
-4382.716049  4382.716049  -0.00010560805000652440
-4382.716049  4506.172840  -0.00010268190984008771
-4382.716049  4629.629630  -0.00010482481947362379
-4382.716049  4753.086420  -0.00010754017134856186
-4382.716049  4876.543210  -0.00011000375818865304

-4259.259259 -5000.000000  -0.00003052149380590176
-4259.259259 -4876.543210  -0.00010831592243772658
-4259.259259 -4753.086420  -0.00010576194644827866
-4259.259259 -4629.629630  -0.00010305030938782898
-4259.259259 -4506.172840  -0.00010092989010502400
-4259.259259 -4382.716049  -0.00010382448699851361
-4259.259259 -4259.259259  -0.00010530428464254508
-4259.259259 -4135.802469  -0.00010256133924691651
-4259.259259 -4012.345679  -0.00010128250450208633
-4259.259259 -3888.888889  -0.00010471842466512420
-4259.259259 -3765.432099  -0.00010262887982596446
-4259.259259 -3641.975309  -0.00010387652761798884
-4259.259259 -3518.518519  -0.00010410936031188767
-4259.259259 -3395.061728  -0.00010332543579905086
-4259.259259 -3271.604938  -0.00010324784925964539
-4259.259259 -3148.148148  -0.00010321168407377401
-4259.259259 -3024.691358  -0.00010334199410789302
-4259.259259 -2901.234568  -0.00010335352923554871
-4259.259259 -2777.777778  -0.00010348953498022024
-4259.259259 -2654.320988  -0.00010381773692804146
-4259.259259 -2530.864198  -0.00010327069043175538
-4259.259259 -2407.407407  -0.00010330884682338579
-4259.259259 -2283.950617  -0.00010349597926965714
-4259.259259 -2160.493827  -0.00010355120440869511
-4259.259259 -2037.037037  -0.00010341255478491911
-4259.259259 -1913.580247  -0.00010343402891115809
-4259.259259 -1790.123457  -0.00010362588033821805
-4259.259259 -1666.666667  -0.00010378897892151286
-4259.259259 -1543.209877  -0.00010373438626027582
-4259.259259 -1419.753086  -0.00010336618077554625
-4259.259259 -1296.296296  -0.00010446550941851345
-4259.259259 -1172.839506  -0.00010348304887600232
-4259.259259 -1049.382716  -0.00010446869613831642
-4259.259259  -925.925926  -0.00010391621264825497
-4259.259259  -802.469136  -0.00010413042196927507
-4259.259259  -679.012346  -0.00010413999339139242
-4259.259259  -555.555556  -0.00010440037280084474
-4259.259259  -432.098765  -0.00010437753802215959
-4259.259259  -308.641975  -0.00010428692141750502
-4259.259259  -185.185185  -0.00010442926938468813
-4259.259259   -61.728395  -0.00010451469885831275
-4259.259259    61.728395  -0.00010451469885831694
-4259.259259   185.185185  -0.00010442926938469970
-4259.259259   308.641975  -0.00010428692141751914
-4259.259259   432.098765  -0.00010437753802217837
-4259.259259   555.555556  -0.00010440037280086783
-4259.259259   679.012346  -0.00010413999339142510
-4259.259259   802.469136  -0.00010413042196931173
-4259.259259   925.925926  -0.00010391621264829581
-4259.259259  1049.382716  -0.00010446869613836000
-4259.259259  1172.839506  -0.00010348304887605205
-4259.259259  1296.296296  -0.00010446550941857759
-4259.259259  1419.753086  -0.00010336618077561809
-4259.259259  1543.209877  -0.00010373438626035007
-4259.259259  1666.666667  -0.00010378897892159310
-4259.259259  1790.123457  -0.00010362588033830418
-4259.259259  1913.580247  -0.00010343402891125584
-4259.259259  2037.037037  -0.00010341255478502123
-4259.259259  2160.493827  -0.00010355120440880265
-4259.259259  2283.950617  -0.00010349597926977163
-4259.259259  2407.407407  -0.00010330884682350838
-4259.259259  2530.864198  -0.00010327069043187704
-4259.259259  2654.320988  -0.00010381773692818412
-4259.259259  2777.777778  -0.00010348953498036842
-4259.259259  2901.234568  -0.00010335352923569932
-4259.259259  3024.691358  -0.00010334199410804428
-4259.259259  3148.148148  -0.00010321168407393286
-4259.259259  3271.604938  -0.00010324784925981450
-4259.259259  3395.061728  -0.00010332543579922931
-4259.259259  3518.518519  -0.00010410936031207629
-4259.259259  3641.975309  -0.00010387652761818170
-4259.259259  3765.432099  -0.00010262887982616403
-4259.259259  3888.888889  -0.00010471842466533359
-4259.259259  4012.345679  -0.00010128250450229133
-4259.259259  4135.802469  -0.00010256133924712603
-4259.259259  4259.259259  -0.00010530428464276116
-4259.259259  4382.716049  -0.00010382448699873610
-4259.259259  4506.172840  -0.00010092989010525523
-4259.259259  4629.629630  -0.00010305030938806841
-4259.259259  4753.086420  -0.00010576194644851730
-4259.259259  4876.543210  -0.00010831592243793766

-4135.802469 -5000.000000  -0.00002874025429023948
-4135.802469 -4876.543210  -0.00010156445235573756
-4135.802469 -4753.086420  -0.00009908150032195710
-4135.802469 -4629.629630  -0.00009651417036487683
-4135.802469 -4506.172840  -0.00009452713895827033
-4135.802469 -4382.716049  -0.00009725580391685450
-4135.802469 -4259.259259  -0.00009865876267689693
-4135.802469 -4135.802469  -0.00009609565527640904
-4135.802469 -4012.345679  -0.00009490055263623994
-4135.802469 -3888.888889  -0.00009813044816364398
-4135.802469 -3765.432099  -0.00009616396388617124
-4135.802469 -3641.975309  -0.00009729003386155488
-4135.802469 -3518.518519  -0.00009752550463269651
-4135.802469 -3395.061728  -0.00009681043983786051
-4135.802469 -3271.604938  -0.00009676942413756060
-4135.802469 -3148.148148  -0.00009676172576560266
-4135.802469 -3024.691358  -0.00009690496558045147
-4135.802469 -2901.234568  -0.00009692459157163395
-4135.802469 -2777.777778  -0.00009706944236069895
-4135.802469 -2654.320988  -0.00009739299979907393
-4135.802469 -2530.864198  -0.00009689699387426181
-4135.802469 -2407.407407  -0.00009720807104765469
-4135.802469 -2283.950617  -0.00009735679998006271
-4135.802469 -2160.493827  -0.00009745706116448148
-4135.802469 -2037.037037  -0.00009733774521442720
-4135.802469 -1913.580247  -0.00009739916158038226
-4135.802469 -1790.123457  -0.00009760358560131803
-4135.802469 -1666.666667  -0.00009778768513964997
-4135.802469 -1543.209877  -0.00009776655556750263
-4135.802469 -1419.753086  -0.00009742774598443755
-4135.802469 -1296.296296  -0.00009851632153159652
-4135.802469 -1172.839506  -0.00009727435422624708
-4135.802469 -1049.382716  -0.00009827641774381650
-4135.802469  -925.925926  -0.00009776406478529155
-4135.802469  -802.469136  -0.00009801088221050195
-4135.802469  -679.012346  -0.00009803799244815519
-4135.802469  -555.555556  -0.00009831632992671016
-4135.802469  -432.098765  -0.00009831052712787081
-4135.802469  -308.641975  -0.00009823193950310005
-4135.802469  -185.185185  -0.00009837450589364676
-4135.802469   -61.728395  -0.00009846600785684762
-4135.802469    61.728395  -0.00009846600785684968
-4135.802469   185.185185  -0.00009837450589365216
-4135.802469   308.641975  -0.00009823193950310386
-4135.802469   432.098765  -0.00009831052712787520
-4135.802469   555.555556  -0.00009831632992671571
-4135.802469   679.012346  -0.00009803799244816522
-4135.802469   802.469136  -0.00009801088221051205
-4135.802469   925.925926  -0.00009776406478530194
-4135.802469  1049.382716  -0.00009827641774382722
-4135.802469  1172.839506  -0.00009727435422625941
-4135.802469  1296.296296  -0.00009851632153161835
-4135.802469  1419.753086  -0.00009742774598446413
-4135.802469  1543.209877  -0.00009776655556752804
-4135.802469  1666.666667  -0.00009778768513967811
-4135.802469  1790.123457  -0.00009760358560134862
-4135.802469  1913.580247  -0.00009739916158042124
-4135.802469  2037.037037  -0.00009733774521446816
-4135.802469  2160.493827  -0.00009745706116452391
-4135.802469  2283.950617  -0.00009735679998010907
-4135.802469  2407.407407  -0.00009720807104770363
-4135.802469  2530.864198  -0.00009689699387431392
-4135.802469  2654.320988  -0.00009739299979913613
-4135.802469  2777.777778  -0.00009706944236076282
-4135.802469  2901.234568  -0.00009692459157169981
-4135.802469  3024.691358  -0.00009690496558051784
-4135.802469  3148.148148  -0.00009676172576567514
-4135.802469  3271.604938  -0.00009676942413764035
-4135.802469  3395.061728  -0.00009681043983794534
-4135.802469  3518.518519  -0.00009752550463278732
-4135.802469  3641.975309  -0.00009729003386164818
-4135.802469  3765.432099  -0.00009616396388626957
-4135.802469  3888.888889  -0.00009813044816375288
-4135.802469  4012.345679  -0.00009490055263634659
-4135.802469  4135.802469  -0.00009609565527652053
-4135.802469  4259.259259  -0.00009865876267701443
-4135.802469  4382.716049  -0.00009725580391697803
-4135.802469  4506.172840  -0.00009452713895840088
-4135.802469  4629.629630  -0.00009651417036501369
-4135.802469  4753.086420  -0.00009908150032209801
-4135.802469  4876.543210  -0.00010156445235586855

-4012.345679 -5000.000000  -0.00002787394023928471
-4012.345679 -4876.543210  -0.00009822621002600774
-4012.345679 -4753.086420  -0.00009579611157572634
-4012.345679 -4629.629630  -0.00009333603095021665
-4012.345679 -4506.172840  -0.00009142181854435245
-4012.345679 -4382.716049  -0.00009407590943142704
-4012.345679 -4259.259259  -0.00009545622154055308
-4012.345679 -4135.802469  -0.00009300332025274144
-4012.345679 -4012.345679  -0.00009186717202320240
-4012.345679 -3888.888889  -0.00009499980728623178
-4012.345679 -3765.432099  -0.00009310462558760401
-4012.345679 -3641.975309  -0.00009416254203075932
-4012.345679 -3518.518519  -0.00009441534431404693
-4012.345679 -3395.061728  -0.00009374572418123851
-4012.345679 -3271.604938  -0.00009372970632460110
-4012.345679 -3148.148148  -0.00009374611695102484
-4012.345679 -3024.691358  -0.00009391488025418060
-4012.345679 -2901.234568  -0.00009396601317196990
-4012.345679 -2777.777778  -0.00009411740615419615
-4012.345679 -2654.320988  -0.00009442955115764665
-4012.345679 -2530.864198  -0.00009394782957975960
-4012.345679 -2407.407407  -0.00009400169699497229
-4012.345679 -2283.950617  -0.00009416939965216185
-4012.345679 -2160.493827  -0.00009426623923171543
-4012.345679 -2037.037037  -0.00009419994671035671
-4012.345679 -1913.580247  -0.00009428765923509780
-4012.345679 -1790.123457  -0.00009452547711922256
-4012.345679 -1666.666667  -0.00009473379395104999
-4012.345679 -1543.209877  -0.00009474148155382053
-4012.345679 -1419.753086  -0.00009446270730065654
-4012.345679 -1296.296296  -0.00009553087298651125
-4012.345679 -1172.839506  -0.00009467371947921340
-4012.345679 -1049.382716  -0.00009565060147927746
-4012.345679  -925.925926  -0.00009522018629124302
-4012.345679  -802.469136  -0.00009549163987788290
-4012.345679  -679.012346  -0.00009556749015578075
-4012.345679  -555.555556  -0.00009586205051566345
-4012.345679  -432.098765  -0.00009588138467071550
-4012.345679  -308.641975  -0.00009582346095745798
-4012.345679  -185.185185  -0.00009597051543964347
-4012.345679   -61.728395  -0.00009607357956802529
-4012.345679    61.728395  -0.00009607357956802549
-4012.345679   185.185185  -0.00009597051543964319
-4012.345679   308.641975  -0.00009582346095745273
-4012.345679   432.098765  -0.00009588138467070681
-4012.345679   555.555556  -0.00009586205051565170
-4012.345679   679.012346  -0.00009556749015576965
-4012.345679   802.469136  -0.00009549163987786888
-4012.345679   925.925926  -0.00009522018629122629
-4012.345679  1049.382716  -0.00009565060147925752
-4012.345679  1172.839506  -0.00009467371947919182
-4012.345679  1296.296296  -0.00009553087298649467
-4012.345679  1419.753086  -0.00009446270730064263
-4012.345679  1543.209877  -0.00009474148155380251
-4012.345679  1666.666667  -0.00009473379395103139
-4012.345679  1790.123457  -0.00009452547711920320
-4012.345679  1913.580247  -0.00009428765923508487
-4012.345679  2037.037037  -0.00009419994671034355
-4012.345679  2160.493827  -0.00009426623923170063
-4012.345679  2283.950617  -0.00009416939965214742
-4012.345679  2407.407407  -0.00009400169699495566
-4012.345679  2530.864198  -0.00009394782957974947
-4012.345679  2654.320988  -0.00009442955115763761
-4012.345679  2777.777778  -0.00009411740615418566
-4012.345679  2901.234568  -0.00009396601317196100
-4012.345679  3024.691358  -0.00009391488025417185
-4012.345679  3148.148148  -0.00009374611695102157
-4012.345679  3271.604938  -0.00009372970632460195
-4012.345679  3395.061728  -0.00009374572418124166
-4012.345679  3518.518519  -0.00009441534431405257
-4012.345679  3641.975309  -0.00009416254203076563
-4012.345679  3765.432099  -0.00009310462558761396
-4012.345679  3888.888889  -0.00009499980728625258
-4012.345679  4012.345679  -0.00009186717202322393
-4012.345679  4135.802469  -0.00009300332025276856
-4012.345679  4259.259259  -0.00009545622154058609
-4012.345679  4382.716049  -0.00009407590943146568
-4012.345679  4506.172840  -0.00009142181854439704
-4012.345679  4629.629630  -0.00009333603095026616
-4012.345679  4753.086420  -0.00009579611157578418
-4012.345679  4876.543210  -0.00009822621002607205

-3888.888889 -5000.000000  -0.00002850570767489884
-3888.888889 -4876.543210  -0.00010022055256933306
-3888.888889 -4753.086420  -0.00009779384216391387
-3888.888889 -4629.629630  -0.00009533446902444555
-3888.888889 -4506.172840  -0.00009340907543095596
-3888.888889 -4382.716049  -0.00009613706988487879
-3888.888889 -4259.259259  -0.00009757547644974663
-3888.888889 -4135.802469  -0.00009510853024040342
-3888.888889 -4012.345679  -0.00009398281008611028
-3888.888889 -3888.888889  -0.00009719359906652664
-3888.888889 -3765.432099  -0.00009531414176380123
-3888.888889 -3641.975309  -0.00009650738687791209
-3888.888889 -3518.518519  -0.00009678117596377913
-3888.888889 -3395.061728  -0.00009612121152408924
-3888.888889 -3271.604938  -0.00009612356227461290
-3888.888889 -3148.148148  -0.00009617031534850443
-3888.888889 -3024.691358  -0.00009637316410597930
-3888.888889 -2901.234568  -0.00009645453253438217
-3888.888889 -2777.777778  -0.00009663489408687913
-3888.888889 -2654.320988  -0.00009696043554532007
-3888.888889 -2530.864198  -0.00009645497781299399
-3888.888889 -2407.407407  -0.00009660187125518538
-3888.888889 -2283.950617  -0.00009675635458961884
-3888.888889 -2160.493827  -0.00009688632928300971
-3888.888889 -2037.037037  -0.00009684752394384110
-3888.888889 -1913.580247  -0.00009698509997290365
-3888.888889 -1790.123457  -0.00009726793296985175
-3888.888889 -1666.666667  -0.00009752060441815856
-3888.888889 -1543.209877  -0.00009756129148525521
-3888.888889 -1419.753086  -0.00009730880731640895
-3888.888889 -1296.296296  -0.00009845921422254008
-3888.888889 -1172.839506  -0.00009778241326249547
-3888.888889 -1049.382716  -0.00009883585048815039
-3888.888889  -925.925926  -0.00009844282936984054
-3888.888889  -802.469136  -0.00009877138131470104
-3888.888889  -679.012346  -0.00009890391631178673
-3888.888889  -555.555556  -0.00009925069649516490
-3888.888889  -432.098765  -0.00009930394341687462
-3888.888889  -308.641975  -0.00009926775045967385
-3888.888889  -185.185185  -0.00009943911583648244
-3888.888889   -61.728395  -0.00009956712364551171
-3888.888889    61.728395  -0.00009956712364551100
-3888.888889   185.185185  -0.00009943911583647776
-3888.888889   308.641975  -0.00009926775045966062
-3888.888889   432.098765  -0.00009930394341685447
-3888.888889   555.555556  -0.00009925069649513822
-3888.888889   679.012346  -0.00009890391631175869
-3888.888889   802.469136  -0.00009877138131466708
-3888.888889   925.925926  -0.00009844282936980176
-3888.888889  1049.382716  -0.00009883585048810527
-3888.888889  1172.839506  -0.00009778241326244635
-3888.888889  1296.296296  -0.00009845921422249361
-3888.888889  1419.753086  -0.00009730880731636274
-3888.888889  1543.209877  -0.00009756129148520121
-3888.888889  1666.666667  -0.00009752060441810158
-3888.888889  1790.123457  -0.00009726793296979115
-3888.888889  1913.580247  -0.00009698509997284753
-3888.888889  2037.037037  -0.00009684752394378353
-3888.888889  2160.493827  -0.00009688632928294831
-3888.888889  2283.950617  -0.00009675635458955565
-3888.888889  2407.407407  -0.00009660187125511579
-3888.888889  2530.864198  -0.00009645497781293381
-3888.888889  2654.320988  -0.00009696043554525376
-3888.888889  2777.777778  -0.00009663489408680960
-3888.888889  2901.234568  -0.00009645453253431468
-3888.888889  3024.691358  -0.00009637316410591136
-3888.888889  3148.148148  -0.00009617031534844062
-3888.888889  3271.604938  -0.00009612356227455053
-3888.888889  3395.061728  -0.00009612121152402732
-3888.888889  3518.518519  -0.00009678117596371707
-3888.888889  3641.975309  -0.00009650738687784933
-3888.888889  3765.432099  -0.00009531414176374174
-3888.888889  3888.888889  -0.00009719359906647769
-3888.888889  4012.345679  -0.00009398281008606353
-3888.888889  4135.802469  -0.00009510853024036443
-3888.888889  4259.259259  -0.00009757547644971413
-3888.888889  4382.716049  -0.00009613706988485268
-3888.888889  4506.172840  -0.00009340907543093456
-3888.888889  4629.629630  -0.00009533446902442792
-3888.888889  4753.086420  -0.00009779384216390852
-3888.888889  4876.543210  -0.00010022055256934693

-3765.432099 -5000.000000  -0.00002697047358395756
-3765.432099 -4876.543210  -0.00009486568729446255
-3765.432099 -4753.086420  -0.00009261758540198776
-3765.432099 -4629.629630  -0.00009042267702562969
-3765.432099 -4506.172840  -0.00008860325823881613
-3765.432099 -4382.716049  -0.00009120263044468649
-3765.432099 -4259.259259  -0.00009261313263904755
-3765.432099 -4135.802469  -0.00009034545665908392
-3765.432099 -4012.345679  -0.00008932795769542815
-3765.432099 -3888.888889  -0.00009236731319252253
-3765.432099 -3765.432099  -0.00009064540607848728
-3765.432099 -3641.975309  -0.00009169756588479142
-3765.432099 -3518.518519  -0.00009201572721023878
-3765.432099 -3395.061728  -0.00009142587635606493
-3765.432099 -3271.604938  -0.00009142785179617060
-3765.432099 -3148.148148  -0.00009149308514088267
-3765.432099 -3024.691358  -0.00009175040860381469
-3765.432099 -2901.234568  -0.00009190356750578986
-3765.432099 -2777.777778  -0.00009206391416802572
-3765.432099 -2654.320988  -0.00009232795049734277
-3765.432099 -2530.864198  -0.00009201151681502800
-3765.432099 -2407.407407  -0.00009244809589917374
-3765.432099 -2283.950617  -0.00009265931101693646
-3765.432099 -2160.493827  -0.00009270909607058893
-3765.432099 -2037.037037  -0.00009277360511600827
-3765.432099 -1913.580247  -0.00009297035833938407
-3765.432099 -1790.123457  -0.00009329704589618231
-3765.432099 -1666.666667  -0.00009354728393605531
-3765.432099 -1543.209877  -0.00009363373747640978
-3765.432099 -1419.753086  -0.00009354366498615466
-3765.432099 -1296.296296  -0.00009452177321768926
-3765.432099 -1172.839506  -0.00009375543769910931
-3765.432099 -1049.382716  -0.00009468862617268456
-3765.432099  -925.925926  -0.00009448060780435164
-3765.432099  -802.469136  -0.00009485005067763864
-3765.432099  -679.012346  -0.00009504684479499296
-3765.432099  -555.555556  -0.00009541034445859558
-3765.432099  -432.098765  -0.00009552592880774425
-3765.432099  -308.641975  -0.00009555256864917637
-3765.432099  -185.185185  -0.00009572466727210139
-3765.432099   -61.728395  -0.00009586027566903993
-3765.432099    61.728395  -0.00009586027566903725
-3765.432099   185.185185  -0.00009572466727209093
-3765.432099   308.641975  -0.00009555256864915432
-3765.432099   432.098765  -0.00009552592880771254
-3765.432099   555.555556  -0.00009541034445855385
-3765.432099   679.012346  -0.00009504684479494648
-3765.432099   802.469136  -0.00009485005067758390
-3765.432099   925.925926  -0.00009448060780428901
-3765.432099  1049.382716  -0.00009468862617261250
-3765.432099  1172.839506  -0.00009375543769903007
-3765.432099  1296.296296  -0.00009452177321760870
-3765.432099  1419.753086  -0.00009354366498607007
-3765.432099  1543.209877  -0.00009363373747631598
-3765.432099  1666.666667  -0.00009354728393595510
-3765.432099  1790.123457  -0.00009329704589607574
-3765.432099  1913.580247  -0.00009297035833927896
-3765.432099  2037.037037  -0.00009277360511589958
-3765.432099  2160.493827  -0.00009270909607047422
-3765.432099  2283.950617  -0.00009265931101681700
-3765.432099  2407.407407  -0.00009244809589904267
-3765.432099  2530.864198  -0.00009201151681491204
-3765.432099  2654.320988  -0.00009232795049721248
-3765.432099  2777.777778  -0.00009206391416789046
-3765.432099  2901.234568  -0.00009190356750565603
-3765.432099  3024.691358  -0.00009175040860368147
-3765.432099  3148.148148  -0.00009149308514075182
-3765.432099  3271.604938  -0.00009142785179603861
-3765.432099  3395.061728  -0.00009142587635592886
-3765.432099  3518.518519  -0.00009201572721009907
-3765.432099  3641.975309  -0.00009169756588465009
-3765.432099  3765.432099  -0.00009064540607834896
-3765.432099  3888.888889  -0.00009236731319239584
-3765.432099  4012.345679  -0.00008932795769530561
-3765.432099  4135.802469  -0.00009034545665897023
-3765.432099  4259.259259  -0.00009261313263894196
-3765.432099  4382.716049  -0.00009120263044458648
-3765.432099  4506.172840  -0.00008860325823871923
-3765.432099  4629.629630  -0.00009042267702553523
-3765.432099  4753.086420  -0.00009261758540191028
-3765.432099  4876.543210  -0.00009486568729441984

-3641.975309 -5000.000000  -0.00002668320679343909
-3641.975309 -4876.543210  -0.00009508160596480796
-3641.975309 -4753.086420  -0.00009285876308622372
-3641.975309 -4629.629630  -0.00009098179739297205
-3641.975309 -4506.172840  -0.00008907015784941615
-3641.975309 -4382.716049  -0.00009167076326177410
-3641.975309 -4259.259259  -0.00009315790805328448
-3641.975309 -4135.802469  -0.00009098667559487365
-3641.975309 -4012.345679  -0.00009006445572825054
-3641.975309 -3888.888889  -0.00009305690739789497
-3641.975309 -3765.432099  -0.00009150590627460363
-3641.975309 -3641.975309  -0.00009244046437957393
-3641.975309 -3518.518519  -0.00009291804870616773
-3641.975309 -3395.061728  -0.00009236922942571735
-3641.975309 -3271.604938  -0.00009227630320176210
-3641.975309 -3148.148148  -0.00009231899497871667
-3641.975309 -3024.691358  -0.00009272446255564591
-3641.975309 -2901.234568  -0.00009309482807363599
-3641.975309 -2777.777778  -0.00009310755788060697
-3641.975309 -2654.320988  -0.00009315264780393210
-3641.975309 -2530.864198  -0.00009342116576107561
-3641.975309 -2407.407407  -0.00009340328311930692
-3641.975309 -2283.950617  -0.00009401552394512523
-3641.975309 -2160.493827  -0.00009358067420356945
-3641.975309 -2037.037037  -0.00009399396221389663
-3641.975309 -1913.580247  -0.00009423282447572703
-3641.975309 -1790.123457  -0.00009465923994235472
-3641.975309 -1666.666667  -0.00009480214780774282
-3641.975309 -1543.209877  -0.00009492746524864937
-3641.975309 -1419.753086  -0.00009537087928945848
-3641.975309 -1296.296296  -0.00009562677230628915
-3641.975309 -1172.839506  -0.00009606867840722658
-3641.975309 -1049.382716  -0.00009635031144141077
-3641.975309  -925.925926  -0.00009673920274484513
-3641.975309  -802.469136  -0.00009708286845075353
-3641.975309  -679.012346  -0.00009744381325370835
-3641.975309  -555.555556  -0.00009774187125521729
-3641.975309  -432.098765  -0.00009799910325320087
-3641.975309  -308.641975  -0.00009819662045840090
-3641.975309  -185.185185  -0.00009833352886340369
-3641.975309   -61.728395  -0.00009845675208054643
-3641.975309    61.728395  -0.00009845675208054538
-3641.975309   185.185185  -0.00009833352886338826
-3641.975309   308.641975  -0.00009819662045837259
-3641.975309   432.098765  -0.00009799910325316173
-3641.975309   555.555556  -0.00009774187125516437
-3641.975309   679.012346  -0.00009744381325364804
-3641.975309   802.469136  -0.00009708286845068030
-3641.975309   925.925926  -0.00009673920274476207
-3641.975309  1049.382716  -0.00009635031144131913
-3641.975309  1172.839506  -0.00009606867840712242
-3641.975309  1296.296296  -0.00009562677230617742
-3641.975309  1419.753086  -0.00009537087928934071
-3641.975309  1543.209877  -0.00009492746524852058
-3641.975309  1666.666667  -0.00009480214780760557
-3641.975309  1790.123457  -0.00009465923994220931
-3641.975309  1913.580247  -0.00009423282447557936
-3641.975309  2037.037037  -0.00009399396221374375
-3641.975309  2160.493827  -0.00009358067420340897
-3641.975309  2283.950617  -0.00009401552394495785
-3641.975309  2407.407407  -0.00009340328311912579
-3641.975309  2530.864198  -0.00009342116576091178
-3641.975309  2654.320988  -0.00009315264780374865
-3641.975309  2777.777778  -0.00009310755788041564
-3641.975309  2901.234568  -0.00009309482807344641
-3641.975309  3024.691358  -0.00009272446255545706
-3641.975309  3148.148148  -0.00009231899497853030
-3641.975309  3271.604938  -0.00009227630320157228
-3641.975309  3395.061728  -0.00009236922942552060
-3641.975309  3518.518519  -0.00009291804870596528
-3641.975309  3641.975309  -0.00009244046437936979
-3641.975309  3765.432099  -0.00009150590627439946
-3641.975309  3888.888889  -0.00009305690739770489
-3641.975309  4012.345679  -0.00009006445572806562
-3641.975309  4135.802469  -0.00009098667559469854
-3641.975309  4259.259259  -0.00009315790805311774
-3641.975309  4382.716049  -0.00009167076326161260
-3641.975309  4506.172840  -0.00008907015784925768
-3641.975309  4629.629630  -0.00009098179739281566
-3641.975309  4753.086420  -0.00009285876308608813
-3641.975309  4876.543210  -0.00009508160596471960

-3518.518519 -5000.000000  -0.00002609442356871017
-3518.518519 -4876.543210  -0.00009263417997677722
-3518.518519 -4753.086420  -0.00009063702127681636
-3518.518519 -4629.629630  -0.00008892945810951262
-3518.518519 -4506.172840  -0.00008713909119237248
-3518.518519 -4382.716049  -0.00008971409331664907
-3518.518519 -4259.259259  -0.00009122307369077428
-3518.518519 -4135.802469  -0.00008918999281519105
-3518.518519 -4012.345679  -0.00008835578850185703
-3518.518519 -3888.888889  -0.00009130591962962566
-3518.518519 -3765.432099  -0.00008986149356175903
-3518.518519 -3641.975309  -0.00009080688395067603
-3518.518519 -3518.518519  -0.00009130592398841683
-3518.518519 -3395.061728  -0.00009080175933207552
-3518.518519 -3271.604938  -0.00009074902139276502
-3518.518519 -3148.148148  -0.00009083593707271170
-3518.518519 -3024.691358  -0.00009128249797428538
-3518.518519 -2901.234568  -0.00009168630843407987
-3518.518519 -2777.777778  -0.00009175359353388361
-3518.518519 -2654.320988  -0.00009181753837527664
-3518.518519 -2530.864198  -0.00009205430440714672
-3518.518519 -2407.407407  -0.00009260991330731177
-3518.518519 -2283.950617  -0.00009313629053296288
-3518.518519 -2160.493827  -0.00009279703724659853
-3518.518519 -2037.037037  -0.00009322884844142247
-3518.518519 -1913.580247  -0.00009356289425250964
-3518.518519 -1790.123457  -0.00009404482254298774
-3518.518519 -1666.666667  -0.00009426141271996592
-3518.518519 -1543.209877  -0.00009445899846404469
-3518.518519 -1419.753086  -0.00009493784482107112
-3518.518519 -1296.296296  -0.00009532837576638783
-3518.518519 -1172.839506  -0.00009538960428951105
-3518.518519 -1049.382716  -0.00009584715067967172
-3518.518519  -925.925926  -0.00009630377016446882
-3518.518519  -802.469136  -0.00009678703927614377
-3518.518519  -679.012346  -0.00009725176584114139
-3518.518519  -555.555556  -0.00009767659951826910
-3518.518519  -432.098765  -0.00009802484945849752
-3518.518519  -308.641975  -0.00009828840125459244
-3518.518519  -185.185185  -0.00009848349345988790
-3518.518519   -61.728395  -0.00009865209806327335
-3518.518519    61.728395  -0.00009865209806327118
-3518.518519   185.185185  -0.00009848349345986752
-3518.518519   308.641975  -0.00009828840125455589
-3518.518519   432.098765  -0.00009802484945844638
-3518.518519   555.555556  -0.00009767659951820136
-3518.518519   679.012346  -0.00009725176584106313
-3518.518519   802.469136  -0.00009678703927605059
-3518.518519   925.925926  -0.00009630377016436269
-3518.518519  1049.382716  -0.00009584715067955337
-3518.518519  1172.839506  -0.00009538960428937843
-3518.518519  1296.296296  -0.00009532837576624434
-3518.518519  1419.753086  -0.00009493784482091815
-3518.518519  1543.209877  -0.00009445899846387921
-3518.518519  1666.666667  -0.00009426141271978905
-3518.518519  1790.123457  -0.00009404482254280041
-3518.518519  1913.580247  -0.00009356289425231788
-3518.518519  2037.037037  -0.00009322884844122397
-3518.518519  2160.493827  -0.00009279703724639064
-3518.518519  2283.950617  -0.00009313629053274550
-3518.518519  2407.407407  -0.00009260991330707712
-3518.518519  2530.864198  -0.00009205430440693333
-3518.518519  2654.320988  -0.00009181753837503653
-3518.518519  2777.777778  -0.00009175359353363352
-3518.518519  2901.234568  -0.00009168630843383192
-3518.518519  3024.691358  -0.00009128249797403807
-3518.518519  3148.148148  -0.00009083593707246617
-3518.518519  3271.604938  -0.00009074902139251350
-3518.518519  3395.061728  -0.00009080175933181444
-3518.518519  3518.518519  -0.00009130592398814737
-3518.518519  3641.975309  -0.00009080688395040362
-3518.518519  3765.432099  -0.00008986149356148618
-3518.518519  3888.888889  -0.00009130591962936766
-3518.518519  4012.345679  -0.00008835578850160533
-3518.518519  4135.802469  -0.00008918999281495067
-3518.518519  4259.259259  -0.00009122307369054335
-3518.518519  4382.716049  -0.00008971409331642348
-3518.518519  4506.172840  -0.00008713909119214876
-3518.518519  4629.629630  -0.00008892945810929058
-3518.518519  4753.086420  -0.00009063702127661852
-3518.518519  4876.543210  -0.00009263417997663885

-3395.061728 -5000.000000  -0.00002577370827525562
-3395.061728 -4876.543210  -0.00009132564751647025
-3395.061728 -4753.086420  -0.00008954325417295866
-3395.061728 -4629.629630  -0.00008802078118775274
-3395.061728 -4506.172840  -0.00008632221177345178
-3395.061728 -4382.716049  -0.00008890325024693641
-3395.061728 -4259.259259  -0.00009046128584866943
-3395.061728 -4135.802469  -0.00008855534999415687
-3395.061728 -4012.345679  -0.00008781430815537086
-3395.061728 -3888.888889  -0.00009075628193660004
-3395.061728 -3765.432099  -0.00008941073785259341
-3395.061728 -3641.975309  -0.00009035497291182389
-3395.061728 -3518.518519  -0.00009089816546777182
-3395.061728 -3395.061728  -0.00009043488892171443
-3395.061728 -3271.604938  -0.00009041140187855971
-3395.061728 -3148.148148  -0.00009053726012711474
-3395.061728 -3024.691358  -0.00009104616792246155
-3395.061728 -2901.234568  -0.00009152532752350131
-3395.061728 -2777.777778  -0.00009162924834297547
-3395.061728 -2654.320988  -0.00009167849988884730
-3395.061728 -2530.864198  -0.00009187209048367642
-3395.061728 -2407.407407  -0.00009213287322933207
-3395.061728 -2283.950617  -0.00009266753309020475
-3395.061728 -2160.493827  -0.00009233228516217460
-3395.061728 -2037.037037  -0.00009285685667136901
-3395.061728 -1913.580247  -0.00009326927780386974
-3395.061728 -1790.123457  -0.00009383950308156167
-3395.061728 -1666.666667  -0.00009412945508419695
-3395.061728 -1543.209877  -0.00009440229415359711
-3395.061728 -1419.753086  -0.00009500557134554357
-3395.061728 -1296.296296  -0.00009546352048435670
-3395.061728 -1172.839506  -0.00009621463911972477
-3395.061728 -1049.382716  -0.00009675254910984369
-3395.061728  -925.925926  -0.00009741619266615666
-3395.061728  -802.469136  -0.00009805884706893437
-3395.061728  -679.012346  -0.00009872581086635675
-3395.061728  -555.555556  -0.00009931098324965528
-3395.061728  -432.098765  -0.00009981465979138166
-3395.061728  -308.641975  -0.00010020630522072021
-3395.061728  -185.185185  -0.00010048860965891819
-3395.061728   -61.728395  -0.00010072629356762894
-3395.061728    61.728395  -0.00010072629356762463
-3395.061728   185.185185  -0.00010048860965889241
-3395.061728   308.641975  -0.00010020630522067389
-3395.061728   432.098765  -0.00009981465979131662
-3395.061728   555.555556  -0.00009931098324957000
-3395.061728   679.012346  -0.00009872581086626049
-3395.061728   802.469136  -0.00009805884706881939
-3395.061728   925.925926  -0.00009741619266602622
-3395.061728  1049.382716  -0.00009675254910969852
-3395.061728  1172.839506  -0.00009621463911956193
-3395.061728  1296.296296  -0.00009546352048418170
-3395.061728  1419.753086  -0.00009500557134535598
-3395.061728  1543.209877  -0.00009440229415339367
-3395.061728  1666.666667  -0.00009412945508398041
-3395.061728  1790.123457  -0.00009383950308133220
-3395.061728  1913.580247  -0.00009326927780363392
-3395.061728  2037.037037  -0.00009285685667112642
-3395.061728  2160.493827  -0.00009233228516192007
-3395.061728  2283.950617  -0.00009266753308993810
-3395.061728  2407.407407  -0.00009213287322904398
-3395.061728  2530.864198  -0.00009187209048341242
-3395.061728  2654.320988  -0.00009167849988854986
-3395.061728  2777.777778  -0.00009162924834266615
-3395.061728  2901.234568  -0.00009152532752319426
-3395.061728  3024.691358  -0.00009104616792215495
-3395.061728  3148.148148  -0.00009053726012680876
-3395.061728  3271.604938  -0.00009041140187824565
-3395.061728  3395.061728  -0.00009043488892138828
-3395.061728  3518.518519  -0.00009089816546743436
-3395.061728  3641.975309  -0.00009035497291148194
-3395.061728  3765.432099  -0.00008941073785225156
-3395.061728  3888.888889  -0.00009075628193627241
-3395.061728  4012.345679  -0.00008781430815505153
-3395.061728  4135.802469  -0.00008855534999385009
-3395.061728  4259.259259  -0.00009046128584837286
-3395.061728  4382.716049  -0.00008890325024664591
-3395.061728  4506.172840  -0.00008632221177316292
-3395.061728  4629.629630  -0.00008802078118746423
-3395.061728  4753.086420  -0.00008954325417269718
-3395.061728  4876.543210  -0.00009132564751628001

-3271.604938 -5000.000000  -0.00002527155828138500
-3271.604938 -4876.543210  -0.00008925847482794436
-3271.604938 -4753.086420  -0.00008774212213066204
-3271.604938 -4629.629630  -0.00008641402685290666
-3271.604938 -4506.172840  -0.00008483877728836521
-3271.604938 -4382.716049  -0.00008741090055568942
-3271.604938 -4259.259259  -0.00008901162314581951
-3271.604938 -4135.802469  -0.00008725919777638435
-3271.604938 -4012.345679  -0.00008662425639838164
-3271.604938 -3888.888889  -0.00008954535894141381
-3271.604938 -3765.432099  -0.00008831549418013552
-3271.604938 -3641.975309  -0.00008926814978956733
-3271.604938 -3518.518519  -0.00008984616369881312
-3271.604938 -3395.061728  -0.00008942729946823037
-3271.604938 -3271.604938  -0.00008944188343464205
-3271.604938 -3148.148148  -0.00008961901301049074
-3271.604938 -3024.691358  -0.00009019235129970309
-3271.604938 -2901.234568  -0.00009073211311432890
-3271.604938 -2777.777778  -0.00009089492963589568
-3271.604938 -2654.320988  -0.00009094147474970145
-3271.604938 -2530.864198  -0.00009108692834412999
-3271.604938 -2407.407407  -0.00009188974768796027
-3271.604938 -2283.950617  -0.00009232593555441301
-3271.604938 -2160.493827  -0.00009207345521953298
-3271.604938 -2037.037037  -0.00009265061461273834
-3271.604938 -1913.580247  -0.00009319314914271420
-3271.604938 -1790.123457  -0.00009385147280697839
-3271.604938 -1666.666667  -0.00009423600197195588
-3271.604938 -1543.209877  -0.00009460596143649019
-3271.604938 -1419.753086  -0.00009530014341320298
-3271.604938 -1296.296296  -0.00009592737203416897
-3271.604938 -1172.839506  -0.00009653220250189250
-3271.604938 -1049.382716  -0.00009731246941773852
-3271.604938  -925.925926  -0.00009817347737133735
-3271.604938  -802.469136  -0.00009908272319359097
-3271.604938  -679.012346  -0.00010000801433899335
-3271.604938  -555.555556  -0.00010086766710664081
-3271.604938  -432.098765  -0.00010160802236977852
-3271.604938  -308.641975  -0.00010219113203271806
-3271.604938  -185.185185  -0.00010262335696576703
-3271.604938   -61.728395  -0.00010297322996880232
-3271.604938    61.728395  -0.00010297322996879625
-3271.604938   185.185185  -0.00010262335696573541
-3271.604938   308.641975  -0.00010219113203266172
-3271.604938   432.098765  -0.00010160802236969919
-3271.604938   555.555556  -0.00010086766710653816
-3271.604938   679.012346  -0.00010000801433887663
-3271.604938   802.469136  -0.00009908272319345297
-3271.604938   925.925926  -0.00009817347737118148
-3271.604938  1049.382716  -0.00009731246941756587
-3271.604938  1172.839506  -0.00009653220250169918
-3271.604938  1296.296296  -0.00009592737203396092
-3271.604938  1419.753086  -0.00009530014341298055
-3271.604938  1543.209877  -0.00009460596143624928
-3271.604938  1666.666667  -0.00009423600197169941
-3271.604938  1790.123457  -0.00009385147280670630
-3271.604938  1913.580247  -0.00009319314914243454
-3271.604938  2037.037037  -0.00009265061461245036
-3271.604938  2160.493827  -0.00009207345521923166
-3271.604938  2283.950617  -0.00009232593555409628
-3271.604938  2407.407407  -0.00009188974768761766
-3271.604938  2530.864198  -0.00009108692834381544
-3271.604938  2654.320988  -0.00009094147474934672
-3271.604938  2777.777778  -0.00009089492963552657
-3271.604938  2901.234568  -0.00009073211311396165
-3271.604938  3024.691358  -0.00009019235129933655
-3271.604938  3148.148148  -0.00008961901301012447
-3271.604938  3271.604938  -0.00008944188343426570
-3271.604938  3395.061728  -0.00008942729946783905
-3271.604938  3518.518519  -0.00008984616369840774
-3271.604938  3641.975309  -0.00008926814978915675
-3271.604938  3765.432099  -0.00008831549417972385
-3271.604938  3888.888889  -0.00008954535894101752
-3271.604938  4012.345679  -0.00008662425639799516
-3271.604938  4135.802469  -0.00008725919777601158
-3271.604938  4259.259259  -0.00008901162314545790
-3271.604938  4382.716049  -0.00008741090055533422
-3271.604938  4506.172840  -0.00008483877728801065
-3271.604938  4629.629630  -0.00008641402685255135
-3271.604938  4753.086420  -0.00008774212213033680
-3271.604938  4876.543210  -0.00008925847482770190

-3148.148148 -5000.000000  -0.00002495634027362442
-3148.148148 -4876.543210  -0.00008802461779966476
-3148.148148 -4753.086420  -0.00008677125181691534
-3148.148148 -4629.629630  -0.00008565014652804482
-3148.148148 -4506.172840  -0.00008417635186964941
-3148.148148 -4382.716049  -0.00008676248155739202
-3148.148148 -4259.259259  -0.00008842580146112348
-3148.148148 -4135.802469  -0.00008681866113407466
-3148.148148 -4012.345679  -0.00008629224126374538
-3148.148148 -3888.888889  -0.00008921717736612565
-3148.148148 -3765.432099  -0.00008810448597654355
-3148.148148 -3641.975309  -0.00008907073333027163
-3148.148148 -3518.518519  -0.00008969696430746532
-3148.148148 -3395.061728  -0.00008931904954692557
-3148.148148 -3271.604938  -0.00008936607253705160
-3148.148148 -3148.148148  -0.00008959180835067453
-3148.148148 -3024.691358  -0.00009024208373927393
-3148.148148 -2901.234568  -0.00009086653838674351
-3148.148148 -2777.777778  -0.00009108072621649143
-3148.148148 -2654.320988  -0.00009110959770321771
-3148.148148 -2530.864198  -0.00009119679574011899
-3148.148148 -2407.407407  -0.00009211180572036094
-3148.148148 -2283.950617  -0.00009249777248849294
-3148.148148 -2160.493827  -0.00009228130548006273
-3148.148148 -2037.037037  -0.00009295671631030990
-3148.148148 -1913.580247  -0.00009362407773230643
-3148.148148 -1790.123457  -0.00009439066914182097
-3148.148148 -1666.666667  -0.00009487336240743883
-3148.148148 -1543.209877  -0.00009535317331742459
-3148.148148 -1419.753086  -0.00009620087391497787
-3148.148148 -1296.296296  -0.00009696651413417381
-3148.148148 -1172.839506  -0.00009786560599039544
-3148.148148 -1049.382716  -0.00009887285967511114
-3148.148148  -925.925926  -0.00010005825418373544
-3148.148148  -802.469136  -0.00010131207151015242
-3148.148148  -679.012346  -0.00010262127844118252
-3148.148148  -555.555556  -0.00010385962610854061
-3148.148148  -432.098765  -0.00010496055185566506
-3148.148148  -308.641975  -0.00010585032582769524
-3148.148148  -185.185185  -0.00010650858302150726
-3148.148148   -61.728395  -0.00010701711277661896
-3148.148148    61.728395  -0.00010701711277661112
-3148.148148   185.185185  -0.00010650858302146944
-3148.148148   308.641975  -0.00010585032582762881
-3148.148148   432.098765  -0.00010496055185557214
-3148.148148   555.555556  -0.00010385962610842082
-3148.148148   679.012346  -0.00010262127844104479
-3148.148148   802.469136  -0.00010131207150999158
-3148.148148   925.925926  -0.00010005825418355406
-3148.148148  1049.382716  -0.00009887285967491076
-3148.148148  1172.839506  -0.00009786560599017279
-3148.148148  1296.296296  -0.00009696651413393415
-3148.148148  1419.753086  -0.00009620087391472126
-3148.148148  1543.209877  -0.00009535317331714767
-3148.148148  1666.666667  -0.00009487336240714314
-3148.148148  1790.123457  -0.00009439066914150797
-3148.148148  1913.580247  -0.00009362407773198434
-3148.148148  2037.037037  -0.00009295671630997869
-3148.148148  2160.493827  -0.00009228130547971575
-3148.148148  2283.950617  -0.00009249777248812851
-3148.148148  2407.407407  -0.00009211180571996748
-3148.148148  2530.864198  -0.00009119679573975454
-3148.148148  2654.320988  -0.00009110959770280732
-3148.148148  2777.777778  -0.00009108072621606355
-3148.148148  2901.234568  -0.00009086653838631717
-3148.148148  3024.691358  -0.00009024208373884876
-3148.148148  3148.148148  -0.00008959180835024925
-3148.148148  3271.604938  -0.00008936607253661411
-3148.148148  3395.061728  -0.00008931904954647057
-3148.148148  3518.518519  -0.00008969696430699411
-3148.148148  3641.975309  -0.00008907073332979396
-3148.148148  3765.432099  -0.00008810448597606453
-3148.148148  3888.888889  -0.00008921717736566225
-3148.148148  4012.345679  -0.00008629224126329377
-3148.148148  4135.802469  -0.00008681866113363778
-3148.148148  4259.259259  -0.00008842580146069837
-3148.148148  4382.716049  -0.00008676248155697384
-3148.148148  4506.172840  -0.00008417635186923201
-3148.148148  4629.629630  -0.00008565014652762586
-3148.148148  4753.086420  -0.00008677125181652980
-3148.148148  4876.543210  -0.00008802461779937226

-3024.691358 -5000.000000  -0.00002457515461550981
-3024.691358 -4876.543210  -0.00008652192531479021
-3024.691358 -4753.086420  -0.00008555857800369204
-3024.691358 -4629.629630  -0.00008464605896195803
-3024.691358 -4506.172840  -0.00008328905602590322
-3024.691358 -4382.716049  -0.00008588478742369699
-3024.691358 -4259.259259  -0.00008760744147970730
-3024.691358 -4135.802469  -0.00008615389123019758
-3024.691358 -4012.345679  -0.00008573999384092904
-3024.691358 -3888.888889  -0.00008866642617208598
-3024.691358 -3765.432099  -0.00008767548503899804
-3024.691358 -3641.975309  -0.00008866355099291090
-3024.691358 -3518.518519  -0.00008932979065313961
-3024.691358 -3395.061728  -0.00008899440498685758
-3024.691358 -3271.604938  -0.00008908111416570340
-3024.691358 -3148.148148  -0.00008935959850009521
-3024.691358 -3024.691358  -0.00009008178588217797
-3024.691358 -2901.234568  -0.00009078269114502599
-3024.691358 -2777.777778  -0.00009106241805846099
-3024.691358 -2654.320988  -0.00009108808741361769
-3024.691358 -2530.864198  -0.00009107935703505823
-3024.691358 -2407.407407  -0.00009220790304108528
-3024.691358 -2283.950617  -0.00009251078380112289
-3024.691358 -2160.493827  -0.00009236877131620173
-3024.691358 -2037.037037  -0.00009313250387901795
-3024.691358 -1913.580247  -0.00009393714226305990
-3024.691358 -1790.123457  -0.00009481685119781663
-3024.691358 -1666.666667  -0.00009541757536995441
-3024.691358 -1543.209877  -0.00009602700555902289
-3024.691358 -1419.753086  -0.00009702517779572958
-3024.691358 -1296.296296  -0.00009799886590017695
-3024.691358 -1172.839506  -0.00009902801453202248
-3024.691358 -1049.382716  -0.00010037590826674121
-3024.691358  -925.925926  -0.00010195453159519947
-3024.691358  -802.469136  -0.00010369170082267938
-3024.691358  -679.012346  -0.00010553749645070231
-3024.691358  -555.555556  -0.00010734948581208020
-3024.691358  -432.098765  -0.00010900387327986776
-3024.691358  -308.641975  -0.00011037748633933457
-3024.691358  -185.185185  -0.00011140867001277915
-3024.691358   -61.728395  -0.00011216037251585127
-3024.691358    61.728395  -0.00011216037251583923
-3024.691358   185.185185  -0.00011140867001273452
-3024.691358   308.641975  -0.00011037748633925746
-3024.691358   432.098765  -0.00010900387327976038
-3024.691358   555.555556  -0.00010734948581194428
-3024.691358   679.012346  -0.00010553749645054319
-3024.691358   802.469136  -0.00010369170082249484
-3024.691358   925.925926  -0.00010195453159499326
-3024.691358  1049.382716  -0.00010037590826651346
-3024.691358  1172.839506  -0.00009902801453177003
-3024.691358  1296.296296  -0.00009799886589990533
-3024.691358  1419.753086  -0.00009702517779544067
-3024.691358  1543.209877  -0.00009602700555871115
-3024.691358  1666.666667  -0.00009541757536962275
-3024.691358  1790.123457  -0.00009481685119746544
-3024.691358  1913.580247  -0.00009393714226269836
-3024.691358  2037.037037  -0.00009313250387864669
-3024.691358  2160.493827  -0.00009236877131581361
-3024.691358  2283.950617  -0.00009251078380071513
-3024.691358  2407.407407  -0.00009220790304064518
-3024.691358  2530.864198  -0.00009107935703464711
-3024.691358  2654.320988  -0.00009108808741315388
-3024.691358  2777.777778  -0.00009106241805797768
-3024.691358  2901.234568  -0.00009078269114454435
-3024.691358  3024.691358  -0.00009008178588169801
-3024.691358  3148.148148  -0.00008935959849961424
-3024.691358  3271.604938  -0.00008908111416520874
-3024.691358  3395.061728  -0.00008899440498634290
-3024.691358  3518.518519  -0.00008932979065260656
-3024.691358  3641.975309  -0.00008866355099237079
-3024.691358  3765.432099  -0.00008767548503845652
-3024.691358  3888.888889  -0.00008866642617156067
-3024.691358  4012.345679  -0.00008573999384041711
-3024.691358  4135.802469  -0.00008615389122970207
-3024.691358  4259.259259  -0.00008760744147922437
-3024.691358  4382.716049  -0.00008588478742322124
-3024.691358  4506.172840  -0.00008328905602542870
-3024.691358  4629.629630  -0.00008464605896148174
-3024.691358  4753.086420  -0.00008555857800325219
-3024.691358  4876.543210  -0.00008652192531445297

-2901.234568 -5000.000000  -0.00002424927998851792
-2901.234568 -4876.543210  -0.00008523842684129411
-2901.234568 -4753.086420  -0.00008455908857118977
-2901.234568 -4629.629630  -0.00008384404081418030
-2901.234568 -4506.172840  -0.00008259815741287397
-2901.234568 -4382.716049  -0.00008520716981344976
-2901.234568 -4259.259259  -0.00008698841513838093
-2901.234568 -4135.802469  -0.00008567855505895018
-2901.234568 -4012.345679  -0.00008537189807032562
-2901.234568 -3888.888889  -0.00008830622604567737
-2901.234568 -3765.432099  -0.00008742893037732151
-2901.234568 -3641.975309  -0.00008843254738686721
-2901.234568 -3518.518519  -0.00008914060353320082
-2901.234568 -3395.061728  -0.00008884445335742505
-2901.234568 -3271.604938  -0.00008896689829049590
-2901.234568 -3148.148148  -0.00008929393823534422
-2901.234568 -3024.691358  -0.00009008723835069806
-2901.234568 -2901.234568  -0.00009086673103232261
-2901.234568 -2777.777778  -0.00009120789335625851
-2901.234568 -2654.320988  -0.00009122900321712550
-2901.234568 -2530.864198  -0.00009113601574187183
-2901.234568 -2407.407407  -0.00009235758154509704
-2901.234568 -2283.950617  -0.00009260002162625721
-2901.234568 -2160.493827  -0.00009252498694999068
-2901.234568 -2037.037037  -0.00009339205203870673
-2901.234568 -1913.580247  -0.00009433743568181734
-2901.234568 -1790.123457  -0.00009534410262721910
-2901.234568 -1666.666667  -0.00009607538851711979
-2901.234568 -1543.209877  -0.00009683027250931650
-2901.234568 -1419.753086  -0.00009801487512165711
-2901.234568 -1296.296296  -0.00009922914779165353
-2901.234568 -1172.839506  -0.00010066573627113056
-2901.234568 -1049.382716  -0.00010242570532637234
-2901.234568  -925.925926  -0.00010454036063346039
-2901.234568  -802.469136  -0.00010693747530447932
-2901.234568  -679.012346  -0.00010957049822708000
-2901.234568  -555.555556  -0.00011225039267212835
-2901.234568  -432.098765  -0.00011478711237765147
-2901.234568  -308.641975  -0.00011696306554313893
-2901.234568  -185.185185  -0.00011862188624133738
-2901.234568   -61.728395  -0.00011976168736502424
-2901.234568    61.728395  -0.00011976168736500967
-2901.234568   185.185185  -0.00011862188624128560
-2901.234568   308.641975  -0.00011696306554305042
-2901.234568   432.098765  -0.00011478711237752896
-2901.234568   555.555556  -0.00011225039267197376
-2901.234568   679.012346  -0.00010957049822690061
-2901.234568   802.469136  -0.00010693747530427278
-2901.234568   925.925926  -0.00010454036063323020
-2901.234568  1049.382716  -0.00010242570532611859
-2901.234568  1172.839506  -0.00010066573627085127
-2901.234568  1296.296296  -0.00009922914779135409
-2901.234568  1419.753086  -0.00009801487512133827
-2901.234568  1543.209877  -0.00009683027250897442
-2901.234568  1666.666667  -0.00009607538851675608
-2901.234568  1790.123457  -0.00009534410262683437
-2901.234568  1913.580247  -0.00009433743568142162
-2901.234568  2037.037037  -0.00009339205203829991
-2901.234568  2160.493827  -0.00009252498694956702
-2901.234568  2283.950617  -0.00009260002162581213
-2901.234568  2407.407407  -0.00009235758154461701
-2901.234568  2530.864198  -0.00009113601574142095
-2901.234568  2654.320988  -0.00009122900321661751
-2901.234568  2777.777778  -0.00009120789335572926
-2901.234568  2901.234568  -0.00009086673103179499
-2901.234568  3024.691358  -0.00009008723835017255
-2901.234568  3148.148148  -0.00008929393823481680
-2901.234568  3271.604938  -0.00008896689828995345
-2901.234568  3395.061728  -0.00008884445335686124
-2901.234568  3518.518519  -0.00008914060353261664
-2901.234568  3641.975309  -0.00008843254738627538
-2901.234568  3765.432099  -0.00008742893037672838
-2901.234568  3888.888889  -0.00008830622604510083
-2901.234568  4012.345679  -0.00008537189806976419
-2901.234568  4135.802469  -0.00008567855505840645
-2901.234568  4259.259259  -0.00008698841513785065
-2901.234568  4382.716049  -0.00008520716981292770
-2901.234568  4506.172840  -0.00008259815741235293
-2901.234568  4629.629630  -0.00008384404081365738
-2901.234568  4753.086420  -0.00008455908857070634
-2901.234568  4876.543210  -0.00008523842684092232

-2777.777778 -5000.000000  -0.00002398914090934849
-2777.777778 -4876.543210  -0.00008421742122096604
-2777.777778 -4753.086420  -0.00008379597315243307
-2777.777778 -4629.629630  -0.00008327223684247903
-2777.777778 -4506.172840  -0.00008212829110914299
-2777.777778 -4382.716049  -0.00008475713005313456
-2777.777778 -4259.259259  -0.00008659722244966257
-2777.777778 -4135.802469  -0.00008541753246340332
-2777.777778 -4012.345679  -0.00008520934205105613
-2777.777778 -3888.888889  -0.00008815508312334692
-2777.777778 -3765.432099  -0.00008737937005695595
-2777.777778 -3641.975309  -0.00008839471795893755
-2777.777778 -3518.518519  -0.00008914996535396983
-2777.777778 -3395.061728  -0.00008889271872935004
-2777.777778 -3271.604938  -0.00008904564472394711
-2777.777778 -3148.148148  -0.00008941735747154976
-2777.777778 -3024.691358  -0.00009027952672057922
-2777.777778 -2901.234568  -0.00009113288506974321
-2777.777778 -2777.777778  -0.00009152793885691277
-2777.777778 -2654.320988  -0.00009155153746357642
-2777.777778 -2530.864198  -0.00009145608181314689
-2777.777778 -2407.407407  -0.00009297327525252489
-2777.777778 -2283.950617  -0.00009318837271423418
-2777.777778 -2160.493827  -0.00009318206483695410
-2777.777778 -2037.037037  -0.00009415637914512049
-2777.777778 -1913.580247  -0.00009525800941069739
-2777.777778 -1790.123457  -0.00009640715940311689
-2777.777778 -1666.666667  -0.00009728615518042305
-2777.777778 -1543.209877  -0.00009821225268563266
-2777.777778 -1419.753086  -0.00009962750137664918
-2777.777778 -1296.296296  -0.00010113464296043866
-2777.777778 -1172.839506  -0.00010304803643158253
-2777.777778 -1049.382716  -0.00010533735599825218
-2777.777778  -925.925926  -0.00010816725926508710
-2777.777778  -802.469136  -0.00011148589801146973
-2777.777778  -679.012346  -0.00011527531833147469
-2777.777778  -555.555556  -0.00011929869374350329
-2777.777778  -432.098765  -0.00012326733810711664
-2777.777778  -308.641975  -0.00012679418942282552
-2777.777778  -185.185185  -0.00012952821950339038
-2777.777778   -61.728395  -0.00013129960013481335
-2777.777778    61.728395  -0.00013129960013479625
-2777.777778   185.185185  -0.00012952821950333137
-2777.777778   308.641975  -0.00012679418942272526
-2777.777778   432.098765  -0.00012326733810697811
-2777.777778   555.555556  -0.00011929869374332971
-2777.777778   679.012346  -0.00011527531833127425
-2777.777778   802.469136  -0.00011148589801124056
-2777.777778   925.925926  -0.00010816725926483373
-2777.777778  1049.382716  -0.00010533735599797520
-2777.777778  1172.839506  -0.00010304803643127951
-2777.777778  1296.296296  -0.00010113464296011367
-2777.777778  1419.753086  -0.00009962750137630316
-2777.777778  1543.209877  -0.00009821225268526329
-2777.777778  1666.666667  -0.00009728615518003069
-2777.777778  1790.123457  -0.00009640715940270245
-2777.777778  1913.580247  -0.00009525800941027097
-2777.777778  2037.037037  -0.00009415637914468282
-2777.777778  2160.493827  -0.00009318206483649829
-2777.777778  2283.950617  -0.00009318837271375605
-2777.777778  2407.407407  -0.00009297327525200987
-2777.777778  2530.864198  -0.00009145608181266511
-2777.777778  2654.320988  -0.00009155153746303434
-2777.777778  2777.777778  -0.00009152793885634779
-2777.777778  2901.234568  -0.00009113288506918021
-2777.777778  3024.691358  -0.00009027952672001771
-2777.777778  3148.148148  -0.00008941735747098660
-2777.777778  3271.604938  -0.00008904564472336806
-2777.777778  3395.061728  -0.00008889271872874877
-2777.777778  3518.518519  -0.00008914996535334733
-2777.777778  3641.975309  -0.00008839471795830715
-2777.777778  3765.432099  -0.00008737937005632437
-2777.777778  3888.888889  -0.00008815508312273252
-2777.777778  4012.345679  -0.00008520934205045785
-2777.777778  4135.802469  -0.00008541753246282391
-2777.777778  4259.259259  -0.00008659722244909788
-2777.777778  4382.716049  -0.00008475713005257852
-2777.777778  4506.172840  -0.00008212829110858735
-2777.777778  4629.629630  -0.00008327223684192202
-2777.777778  4753.086420  -0.00008379597315191861
-2777.777778  4876.543210  -0.00008421742122057042

-2654.320988 -5000.000000  -0.00002358438370784194
-2654.320988 -4876.543210  -0.00008256279910572712
-2654.320988 -4753.086420  -0.00008235363313259282
-2654.320988 -4629.629630  -0.00008201533331077940
-2654.320988 -4506.172840  -0.00008098426847894668
-2654.320988 -4382.716049  -0.00008361882793818941
-2654.320988 -4259.259259  -0.00008549973727083697
-2654.320988 -4135.802469  -0.00008444264105919300
-2654.320988 -4012.345679  -0.00008431869803543073
-2654.320988 -3888.888889  -0.00008724571643085757
-2654.320988 -3765.432099  -0.00008657310197008857
-2654.320988 -3641.975309  -0.00008759814036585523
-2654.320988 -3518.518519  -0.00008840368503748630
-2654.320988 -3395.061728  -0.00008819366451009532
-2654.320988 -3271.604938  -0.00008837416530451368
-2654.320988 -3148.148148  -0.00008878268804586249
-2654.320988 -3024.691358  -0.00008969574252133396
-2654.320988 -2901.234568  -0.00009059594627510092
-2654.320988 -2777.777778  -0.00009103066533452042
-2654.320988 -2654.320988  -0.00009108602357659498
-2654.320988 -2530.864198  -0.00009116144669115668
-2654.320988 -2407.407407  -0.00009347330701160722
-2654.320988 -2283.950617  -0.00009372556189295759
-2654.320988 -2160.493827  -0.00009380802357224643
-2654.320988 -2037.037037  -0.00009487008835884305
-2654.320988 -1913.580247  -0.00009613400841235307
-2654.320988 -1790.123457  -0.00009742792341242809
-2654.320988 -1666.666667  -0.00009847012616254087
-2654.320988 -1543.209877  -0.00009959687825597591
-2654.320988 -1419.753086  -0.00010127696972250712
-2654.320988 -1296.296296  -0.00010313006455198557
-2654.320988 -1172.839506  -0.00010534553667151749
-2654.320988 -1049.382716  -0.00010828874808617394
-2654.320988  -925.925926  -0.00011199534695499860
-2654.320988  -802.469136  -0.00011651683386395475
-2654.320988  -679.012346  -0.00012187587595945320
-2654.320988  -555.555556  -0.00012783233612815196
-2654.320988  -432.098765  -0.00013394806718062974
-2654.320988  -308.641975  -0.00013957100557488342
-2654.320988  -185.185185  -0.00014400449567167380
-2654.320988   -61.728395  -0.00014673002312900818
-2654.320988    61.728395  -0.00014673002312899123
-2654.320988   185.185185  -0.00014400449567160994
-2654.320988   308.641975  -0.00013957100557477294
-2654.320988   432.098765  -0.00013394806718047649
-2654.320988   555.555556  -0.00012783233612796019
-2654.320988   679.012346  -0.00012187587595923353
-2654.320988   802.469136  -0.00011651683386370533
-2654.320988   925.925926  -0.00011199534695472484
-2654.320988  1049.382716  -0.00010828874808587712
-2654.320988  1172.839506  -0.00010534553667119471
-2654.320988  1296.296296  -0.00010313006455164002
-2654.320988  1419.753086  -0.00010127696972213913
-2654.320988  1543.209877  -0.00009959687825558398
-2654.320988  1666.666667  -0.00009847012616212634
-2654.320988  1790.123457  -0.00009742792341199025
-2654.320988  1913.580247  -0.00009613400841190176
-2654.320988  2037.037037  -0.00009487008835838040
-2654.320988  2160.493827  -0.00009380802357176454
-2654.320988  2283.950617  -0.00009372556189245359
-2654.320988  2407.407407  -0.00009347330701106505
-2654.320988  2530.864198  -0.00009116144669065611
-2654.320988  2654.320988  -0.00009108602357603425
-2654.320988  2777.777778  -0.00009103066533393705
-2654.320988  2901.234568  -0.00009059594627451881
-2654.320988  3024.691358  -0.00008969574252075338
-2654.320988  3148.148148  -0.00008878268804528012
-2654.320988  3271.604938  -0.00008837416530391527
-2654.320988  3395.061728  -0.00008819366450947444
-2654.320988  3518.518519  -0.00008840368503684425
-2654.320988  3641.975309  -0.00008759814036520566
-2654.320988  3765.432099  -0.00008657310196943683
-2654.320988  3888.888889  -0.00008724571643022402
-2654.320988  4012.345679  -0.00008431869803481368
-2654.320988  4135.802469  -0.00008444264105859583
-2654.320988  4259.259259  -0.00008549973727025536
-2654.320988  4382.716049  -0.00008361882793761624
-2654.320988  4506.172840  -0.00008098426847837462
-2654.320988  4629.629630  -0.00008201533331020559
-2654.320988  4753.086420  -0.00008235363313206418
-2654.320988  4876.543210  -0.00008256279910532122

-2530.864198 -5000.000000  -0.00002283048188822344
-2530.864198 -4876.543210  -0.00007944109304236190
-2530.864198 -4753.086420  -0.00007937626230261776
-2530.864198 -4629.629630  -0.00007926808101348343
-2530.864198 -4506.172840  -0.00007839668482392306
-2530.864198 -4382.716049  -0.00008102333826401460
-2530.864198 -4259.259259  -0.00008292582407803068
-2530.864198 -4135.802469  -0.00008199973692101051
-2530.864198 -4012.345679  -0.00008194576755402829
-2530.864198 -3888.888889  -0.00008479202340344247
-2530.864198 -3765.432099  -0.00008424185904754338
-2530.864198 -3641.975309  -0.00008530006701020679
-2530.864198 -3518.518519  -0.00008615092772297613
-2530.864198 -3395.061728  -0.00008602477032737688
-2530.864198 -3271.604938  -0.00008626295207247214
-2530.864198 -3148.148148  -0.00008669846395774495
-2530.864198 -3024.691358  -0.00008760145768732053
-2530.864198 -2901.234568  -0.00008849310288603095
-2530.864198 -2777.777778  -0.00008896491512542933
-2530.864198 -2654.320988  -0.00008916542431636212
-2530.864198 -2530.864198  -0.00008955170049092997
-2530.864198 -2407.407407  -0.00009206449122919406
-2530.864198 -2283.950617  -0.00009257463030487196
-2530.864198 -2160.493827  -0.00009277754232143931
-2530.864198 -2037.037037  -0.00009390514113461008
-2530.864198 -1913.580247  -0.00009523531647253469
-2530.864198 -1790.123457  -0.00009665578444734516
-2530.864198 -1666.666667  -0.00009788898668057208
-2530.864198 -1543.209877  -0.00009925710270204181
-2530.864198 -1419.753086  -0.00010122213821243772
-2530.864198 -1296.296296  -0.00010344597534287936
-2530.864198 -1172.839506  -0.00010624641828089829
-2530.864198 -1049.382716  -0.00010988526732558704
-2530.864198  -925.925926  -0.00011458606364689168
-2530.864198  -802.469136  -0.00012051547058451208
-2530.864198  -679.012346  -0.00012783284853796115
-2530.864198  -555.555556  -0.00013631990299039598
-2530.864198  -432.098765  -0.00014539349857452293
-2530.864198  -308.641975  -0.00015402008963747680
-2530.864198  -185.185185  -0.00016093819670002623
-2530.864198   -61.728395  -0.00016496783619670129
-2530.864198    61.728395  -0.00016496783619668608
-2530.864198   185.185185  -0.00016093819669995993
-2530.864198   308.641975  -0.00015402008963735913
-2530.864198   432.098765  -0.00014539349857435756
-2530.864198   555.555556  -0.00013631990299018995
-2530.864198   679.012346  -0.00012783284853772563
-2530.864198   802.469136  -0.00012051547058424537
-2530.864198   925.925926  -0.00011458606364660080
-2530.864198  1049.382716  -0.00010988526732527355
-2530.864198  1172.839506  -0.00010624641828055932
-2530.864198  1296.296296  -0.00010344597534251913
-2530.864198  1419.753086  -0.00010122213821205614
-2530.864198  1543.209877  -0.00009925710270163652
-2530.864198  1666.666667  -0.00009788898668014286
-2530.864198  1790.123457  -0.00009665578444689325
-2530.864198  1913.580247  -0.00009523531647206855
-2530.864198  2037.037037  -0.00009390514113413224
-2530.864198  2160.493827  -0.00009277754232094165
-2530.864198  2283.950617  -0.00009257463030435233
-2530.864198  2407.407407  -0.00009206449122863939
-2530.864198  2530.864198  -0.00008955170049041869
-2530.864198  2654.320988  -0.00008916542431579449
-2530.864198  2777.777778  -0.00008896491512484054
-2530.864198  2901.234568  -0.00008849310288544399
-2530.864198  3024.691358  -0.00008760145768673479
-2530.864198  3148.148148  -0.00008669846395715705
-2530.864198  3271.604938  -0.00008626295207186765
-2530.864198  3395.061728  -0.00008602477032674956
-2530.864198  3518.518519  -0.00008615092772232737
-2530.864198  3641.975309  -0.00008530006700955013
-2530.864198  3765.432099  -0.00008424185904688542
-2530.864198  3888.888889  -0.00008479202340280206
-2530.864198  4012.345679  -0.00008194576755340520
-2530.864198  4135.802469  -0.00008199973692040646
-2530.864198  4259.259259  -0.00008292582407744160
-2530.864198  4382.716049  -0.00008102333826343468
-2530.864198  4506.172840  -0.00007839668482334479
-2530.864198  4629.629630  -0.00007926808101290453
-2530.864198  4753.086420  -0.00007937626230208344
-2530.864198  4876.543210  -0.00007944109304195089

-2407.407407 -5000.000000  -0.00002279854270300617
-2407.407407 -4876.543210  -0.00007991479754931731
-2407.407407 -4753.086420  -0.00007990434104589052
-2407.407407 -4629.629630  -0.00008030068437102377
-2407.407407 -4506.172840  -0.00007955113323534849
-2407.407407 -4382.716049  -0.00008234883807783267
-2407.407407 -4259.259259  -0.00008440836576705950
-2407.407407 -4135.802469  -0.00008359446410729490
-2407.407407 -4012.345679  -0.00008362999562795077
-2407.407407 -3888.888889  -0.00008648077683309439
-2407.407407 -3765.432099  -0.00008605300165486031
-2407.407407 -3641.975309  -0.00008726436998189900
-2407.407407 -3518.518519  -0.00008818359372674029
-2407.407407 -3395.061728  -0.00008819752149685400
-2407.407407 -3271.604938  -0.00008860993066004162
-2407.407407 -3148.148148  -0.00008909575509280976
-2407.407407 -3024.691358  -0.00008991817916526029
-2407.407407 -2901.234568  -0.00009076512448262710
-2407.407407 -2777.777778  -0.00009135519064166059
-2407.407407 -2654.320988  -0.00009197334632687998
-2407.407407 -2530.864198  -0.00009251697650103440
-2407.407407 -2407.407407  -0.00009230962030521224
-2407.407407 -2283.950617  -0.00009352511097269403
-2407.407407 -2160.493827  -0.00009384509846062067
-2407.407407 -2037.037037  -0.00009503969996505488
-2407.407407 -1913.580247  -0.00009620513241596569
-2407.407407 -1790.123457  -0.00009777191880093344
-2407.407407 -1666.666667  -0.00009930454208386496
-2407.407407 -1543.209877  -0.00010105057763778377
-2407.407407 -1419.753086  -0.00010335684235438014
-2407.407407 -1296.296296  -0.00010602548797273979
-2407.407407 -1172.839506  -0.00010928702785511304
-2407.407407 -1049.382716  -0.00011369932445368276
-2407.407407  -925.925926  -0.00011949591495896510
-2407.407407  -802.469136  -0.00012707262414493080
-2407.407407  -679.012346  -0.00013678894319681868
-2407.407407  -555.555556  -0.00014856416238241145
-2407.407407  -432.098765  -0.00016166055968581033
-2407.407407  -308.641975  -0.00017452174004447556
-2407.407407  -185.185185  -0.00018498502882895892
-2407.407407   -61.728395  -0.00019065862608309817
-2407.407407    61.728395  -0.00019065862608308033
-2407.407407   185.185185  -0.00018498502882889232
-2407.407407   308.641975  -0.00017452174004435245
-2407.407407   432.098765  -0.00016166055968563282
-2407.407407   555.555556  -0.00014856416238218594
-2407.407407   679.012346  -0.00013678894319655972
-2407.407407   802.469136  -0.00012707262414463782
-2407.407407   925.925926  -0.00011949591495864609
-2407.407407  1049.382716  -0.00011369932445333948
-2407.407407  1172.839506  -0.00010928702785474320
-2407.407407  1296.296296  -0.00010602548797235174
-2407.407407  1419.753086  -0.00010335684235397157
-2407.407407  1543.209877  -0.00010105057763734997
-2407.407407  1666.666667  -0.00009930454208340785
-2407.407407  1790.123457  -0.00009777191880045253
-2407.407407  1913.580247  -0.00009620513241546869
-2407.407407  2037.037037  -0.00009503969996454311
-2407.407407  2160.493827  -0.00009384509846008951
-2407.407407  2283.950617  -0.00009352511097214091
-2407.407407  2407.407407  -0.00009230962030462783
-2407.407407  2530.864198  -0.00009251697650045632
-2407.407407  2654.320988  -0.00009197334632624009
-2407.407407  2777.777778  -0.00009135519064100082
-2407.407407  2901.234568  -0.00009076512448196897
-2407.407407  3024.691358  -0.00008991817916460247
-2407.407407  3148.148148  -0.00008909575509214792
-2407.407407  3271.604938  -0.00008860993065936133
-2407.407407  3395.061728  -0.00008819752149615049
-2407.407407  3518.518519  -0.00008818359372601327
-2407.407407  3641.975309  -0.00008726436998116296
-2407.407407  3765.432099  -0.00008605300165412409
-2407.407407  3888.888889  -0.00008648077683237661
-2407.407407  4012.345679  -0.00008362999562725002
-2407.407407  4135.802469  -0.00008359446410661326
-2407.407407  4259.259259  -0.00008440836576639429
-2407.407407  4382.716049  -0.00008234883807717933
-2407.407407  4506.172840  -0.00007955113323470021
-2407.407407  4629.629630  -0.00008030068437037660
-2407.407407  4753.086420  -0.00007990434104529422
-2407.407407  4876.543210  -0.00007991479754885147

-2283.950617 -5000.000000  -0.00002208008210668018
-2283.950617 -4876.543210  -0.00007675703185509785
-2283.950617 -4753.086420  -0.00007685788923383244
-2283.950617 -4629.629630  -0.00007738591019468262
-2283.950617 -4506.172840  -0.00007677485812201416
-2283.950617 -4382.716049  -0.00007953381585702793
-2283.950617 -4259.259259  -0.00008157636710024638
-2283.950617 -4135.802469  -0.00008085425289191824
-2283.950617 -4012.345679  -0.00008092878962636422
-2283.950617 -3888.888889  -0.00008369254847787225
-2283.950617 -3765.432099  -0.00008334746462462656
-2283.950617 -3641.975309  -0.00008455823485318437
-2283.950617 -3518.518519  -0.00008551287606683135
-2283.950617 -3395.061728  -0.00008558537852577480
-2283.950617 -3271.604938  -0.00008602557247004038
-2283.950617 -3148.148148  -0.00008652146091461167
-2283.950617 -3024.691358  -0.00008733118768547012
-2283.950617 -2901.234568  -0.00008815994899710962
-2283.950617 -2777.777778  -0.00008876032069820205
-2283.950617 -2654.320988  -0.00008948216138199777
-2283.950617 -2530.864198  -0.00009039308816865849
-2283.950617 -2407.407407  -0.00009095848816446633
-2283.950617 -2283.950617  -0.00009242384323281287
-2283.950617 -2160.493827  -0.00009279429814530252
-2283.950617 -2037.037037  -0.00009399845108124403
-2283.950617 -1913.580247  -0.00009524608638693892
-2283.950617 -1790.123457  -0.00009696408503994824
-2283.950617 -1666.666667  -0.00009871678700519283
-2283.950617 -1543.209877  -0.00010072871466812569
-2283.950617 -1419.753086  -0.00010334520929488784
-2283.950617 -1296.296296  -0.00010638563779585661
-2283.950617 -1172.839506  -0.00011026624341133469
-2283.950617 -1049.382716  -0.00011540935735065931
-2283.950617  -925.925926  -0.00012232600807893633
-2283.950617  -802.469136  -0.00013158984473503050
-2283.950617  -679.012346  -0.00014380013173746645
-2283.950617  -555.555556  -0.00015898934791412956
-2283.950617  -432.098765  -0.00017631839312588679
-2283.950617  -308.641975  -0.00019375076738338830
-2283.950617  -185.185185  -0.00020824629235219346
-2283.950617   -61.728395  -0.00021619947347212504
-2283.950617    61.728395  -0.00021619947347211591
-2283.950617   185.185185  -0.00020824629235213736
-2283.950617   308.641975  -0.00019375076738327115
-2283.950617   432.098765  -0.00017631839312570768
-2283.950617   555.555556  -0.00015898934791389770
-2283.950617   679.012346  -0.00014380013173719757
-2283.950617   802.469136  -0.00013158984473472452
-2283.950617   925.925926  -0.00012232600807860316
-2283.950617  1049.382716  -0.00011540935735030244
-2283.950617  1172.839506  -0.00011026624341095234
-2283.950617  1296.296296  -0.00010638563779545692
-2283.950617  1419.753086  -0.00010334520929446816
-2283.950617  1543.209877  -0.00010072871466768154
-2283.950617  1666.666667  -0.00009871678700472468
-2283.950617  1790.123457  -0.00009696408503945635
-2283.950617  1913.580247  -0.00009524608638643158
-2283.950617  2037.037037  -0.00009399845108072123
-2283.950617  2160.493827  -0.00009279429814476041
-2283.950617  2283.950617  -0.00009242384323224944
-2283.950617  2407.407407  -0.00009095848816387302
-2283.950617  2530.864198  -0.00009039308816808076
-2283.950617  2654.320988  -0.00008948216138136287
-2283.950617  2777.777778  -0.00008876032069754901
-2283.950617  2901.234568  -0.00008815994899645777
-2283.950617  3024.691358  -0.00008733118768481816
-2283.950617  3148.148148  -0.00008652146091395531
-2283.950617  3271.604938  -0.00008602557246936570
-2283.950617  3395.061728  -0.00008558537852507785
-2283.950617  3518.518519  -0.00008551287606611157
-2283.950617  3641.975309  -0.00008455823485245678
-2283.950617  3765.432099  -0.00008334746462389851
-2283.950617  3888.888889  -0.00008369254847716254
-2283.950617  4012.345679  -0.00008092878962567170
-2283.950617  4135.802469  -0.00008085425289124464
-2283.950617  4259.259259  -0.00008157636709958853
-2283.950617  4382.716049  -0.00007953381585638321
-2283.950617  4506.172840  -0.00007677485812137445
-2283.950617  4629.629630  -0.00007738591019404430
-2283.950617  4753.086420  -0.00007685788923324510
-2283.950617  4876.543210  -0.00007675703185463935

-2160.493827 -5000.000000  -0.00002161015062098439
-2160.493827 -4876.543210  -0.00007489462559787277
-2160.493827 -4753.086420  -0.00007517370120897783
-2160.493827 -4629.629630  -0.00007587006506736243
-2160.493827 -4506.172840  -0.00007536602673317169
-2160.493827 -4382.716049  -0.00007811997677756649
-2160.493827 -4259.259259  -0.00008018929816826108
-2160.493827 -4135.802469  -0.00007957822661162897
-2160.493827 -4012.345679  -0.00007972742885881656
-2160.493827 -3888.888889  -0.00008246158267164872
-2160.493827 -3765.432099  -0.00008220662215505873
-2160.493827 -3641.975309  -0.00008342803147278992
-2160.493827 -3518.518519  -0.00008442020177586123
-2160.493827 -3395.061728  -0.00008454244287284130
-2160.493827 -3271.604938  -0.00008501992833076098
-2160.493827 -3148.148148  -0.00008554739152395325
-2160.493827 -3024.691358  -0.00008638730275085943
-2160.493827 -2901.234568  -0.00008725216246421284
-2160.493827 -2777.777778  -0.00008789743367144957
-2160.493827 -2654.320988  -0.00008867821972418402
-2160.493827 -2530.864198  -0.00008969075349625511
-2160.493827 -2407.407407  -0.00009054181097300851
-2160.493827 -2283.950617  -0.00009213910509372037
-2160.493827 -2160.493827  -0.00009252233479607776
-2160.493827 -2037.037037  -0.00009376292669171521
-2160.493827 -1913.580247  -0.00009512224093018488
-2160.493827 -1790.123457  -0.00009703039186290208
-2160.493827 -1666.666667  -0.00009902809482925856
-2160.493827 -1543.209877  -0.00010131755649319196
-2160.493827 -1419.753086  -0.00010424270499042649
-2160.493827 -1296.296296  -0.00010765234958857597
-2160.493827 -1172.839506  -0.00011205681848366531
-2160.493827 -1049.382716  -0.00011794730742022217
-2160.493827  -925.925926  -0.00012600847444399732
-2160.493827  -802.469136  -0.00013700618159715648
-2160.493827  -679.012346  -0.00015176425556699113
-2160.493827  -555.555556  -0.00017044833735224493
-2160.493827  -432.098765  -0.00019214249640611735
-2160.493827  -308.641975  -0.00021436625897935496
-2160.493827  -185.185185  -0.00023321079748243209
-2160.493827   -61.728395  -0.00024381144083068684
-2160.493827    61.728395  -0.00024381144083068706
-2160.493827   185.185185  -0.00023321079748238983
-2160.493827   308.641975  -0.00021436625897924819
-2160.493827   432.098765  -0.00019214249640594355
-2160.493827   555.555556  -0.00017044833735201082
-2160.493827   679.012346  -0.00015176425556671466
-2160.493827   802.469136  -0.00013700618159684014
-2160.493827   925.925926  -0.00012600847444365292
-2160.493827  1049.382716  -0.00011794730741985399
-2160.493827  1172.839506  -0.00011205681848327249
-2160.493827  1296.296296  -0.00010765234958816860
-2160.493827  1419.753086  -0.00010424270498999902
-2160.493827  1543.209877  -0.00010131755649274133
-2160.493827  1666.666667  -0.00009902809482878479
-2160.493827  1790.123457  -0.00009703039186240481
-2160.493827  1913.580247  -0.00009512224092967193
-2160.493827  2037.037037  -0.00009376292669118788
-2160.493827  2160.493827  -0.00009252233479553124
-2160.493827  2283.950617  -0.00009213910509315361
-2160.493827  2407.407407  -0.00009054181097241296
-2160.493827  2530.864198  -0.00008969075349567710
-2160.493827  2654.320988  -0.00008867821972355046
-2160.493827  2777.777778  -0.00008789743367079802
-2160.493827  2901.234568  -0.00008725216246356259
-2160.493827  3024.691358  -0.00008638730275020956
-2160.493827  3148.148148  -0.00008554739152329860
-2160.493827  3271.604938  -0.00008501992833008938
-2160.493827  3395.061728  -0.00008454244287214665
-2160.493827  3518.518519  -0.00008442020177514467
-2160.493827  3641.975309  -0.00008342803147206600
-2160.493827  3765.432099  -0.00008220662215433473
-2160.493827  3888.888889  -0.00008246158267094415
-2160.493827  4012.345679  -0.00007972742885812869
-2160.493827  4135.802469  -0.00007957822661096031
-2160.493827  4259.259259  -0.00008018929816760949
-2160.493827  4382.716049  -0.00007811997677692746
-2160.493827  4506.172840  -0.00007536602673253815
-2160.493827  4629.629630  -0.00007587006506673159
-2160.493827  4753.086420  -0.00007517370120839847
-2160.493827  4876.543210  -0.00007489462559742215

-2037.037037 -5000.000000  -0.00002098016081162884
-2037.037037 -4876.543210  -0.00007246012322553129
-2037.037037 -4753.086420  -0.00007294671794492237
-2037.037037 -4629.629630  -0.00007378507718399292
-2037.037037 -4506.172840  -0.00007339310781238080
-2037.037037 -4382.716049  -0.00007611516161042137
-2037.037037 -4259.259259  -0.00007819344278921514
-2037.037037 -4135.802469  -0.00007770324671761651
-2037.037037 -4012.345679  -0.00007793041886335983
-2037.037037 -3888.888889  -0.00008062359835498578
-2037.037037 -3765.432099  -0.00008046170795344015
-2037.037037 -3641.975309  -0.00008169169377654218
-2037.037037 -3518.518519  -0.00008270684224598791
-2037.037037 -3395.061728  -0.00008287054184366612
-2037.037037 -3271.604938  -0.00008338000569220070
-2037.037037 -3148.148148  -0.00008393977594940554
-2037.037037 -3024.691358  -0.00008481326051000950
-2037.037037 -2901.234568  -0.00008572056656039407
-2037.037037 -2777.777778  -0.00008641351205901704
-2037.037037 -2654.320988  -0.00008722615513079461
-2037.037037 -2530.864198  -0.00008823023586064560
-2037.037037 -2407.407407  -0.00008923259278492069
-2037.037037 -2283.950617  -0.00009089480168101651
-2037.037037 -2160.493827  -0.00009127594575560790
-2037.037037 -2037.037037  -0.00009254475130261142
-2037.037037 -1913.580247  -0.00009401247641274838
-2037.037037 -1790.123457  -0.00009610210779680741
-2037.037037 -1666.666667  -0.00009833128176353749
-2037.037037 -1543.209877  -0.00010087675713801452
-2037.037037 -1419.753086  -0.00010406935976787055
-2037.037037 -1296.296296  -0.00010780012603944120
-2037.037037 -1172.839506  -0.00011251989464679961
-2037.037037 -1049.382716  -0.00011906853571509702
-2037.037037  -925.925926  -0.00012813315192283559
-2037.037037  -802.469136  -0.00014067691507211035
-2037.037037  -679.012346  -0.00015770555323368042
-2037.037037  -555.555556  -0.00017953382312804159
-2037.037037  -432.098765  -0.00020519445545681702
-2037.037037  -308.641975  -0.00023184824680094285
-2037.037037  -185.185185  -0.00025481799842094695
-2037.037037   -61.728395  -0.00026805780759078091
-2037.037037    61.728395  -0.00026805780759079186
-2037.037037   185.185185  -0.00025481799842092239
-2037.037037   308.641975  -0.00023184824680085262
-2037.037037   432.098765  -0.00020519445545665369
-2037.037037   555.555556  -0.00017953382312781144
-2037.037037   679.012346  -0.00015770555323340224
-2037.037037   802.469136  -0.00014067691507178926
-2037.037037   925.925926  -0.00012813315192248631
-2037.037037  1049.382716  -0.00011906853571472473
-2037.037037  1172.839506  -0.00011251989464640452
-2037.037037  1296.296296  -0.00010780012603903140
-2037.037037  1419.753086  -0.00010406935976744225
-2037.037037  1543.209877  -0.00010087675713756414
-2037.037037  1666.666667  -0.00009833128176306506
-2037.037037  1790.123457  -0.00009610210779631221
-2037.037037  1913.580247  -0.00009401247641223776
-2037.037037  2037.037037  -0.00009254475130208652
-2037.037037  2160.493827  -0.00009127594575506496
-2037.037037  2283.950617  -0.00009089480168045555
-2037.037037  2407.407407  -0.00008923259278433097
-2037.037037  2530.864198  -0.00008823023586007373
-2037.037037  2654.320988  -0.00008722615513016892
-2037.037037  2777.777778  -0.00008641351205837431
-2037.037037  2901.234568  -0.00008572056655975278
-2037.037037  3024.691358  -0.00008481326050936870
-2037.037037  3148.148148  -0.00008393977594876047
-2037.037037  3271.604938  -0.00008338000569153893
-2037.037037  3395.061728  -0.00008287054184298224
-2037.037037  3518.518519  -0.00008270684224528269
-2037.037037  3641.975309  -0.00008169169377582963
-2037.037037  3765.432099  -0.00008046170795272779
-2037.037037  3888.888889  -0.00008062359835429271
-2037.037037  4012.345679  -0.00007793041886268483
-2037.037037  4135.802469  -0.00007770324671696091
-2037.037037  4259.259259  -0.00007819344278857665
-2037.037037  4382.716049  -0.00007611516160979561
-2037.037037  4506.172840  -0.00007339310781176121
-2037.037037  4629.629630  -0.00007378507718337757
-2037.037037  4753.086420  -0.00007294671794435853
-2037.037037  4876.543210  -0.00007246012322509511

-1913.580247 -5000.000000  -0.00002036811964442108
-1913.580247 -4876.543210  -0.00007026132837885071
-1913.580247 -4753.086420  -0.00007094710640119150
-1913.580247 -4629.629630  -0.00007193688413119211
-1913.580247 -4506.172840  -0.00007164270782659461
-1913.580247 -4382.716049  -0.00007433717322223551
-1913.580247 -4259.259259  -0.00007642917779404240
-1913.580247 -4135.802469  -0.00007605700694115558
-1913.580247 -4012.345679  -0.00007636324735417494
-1913.580247 -3888.888889  -0.00007901965986872235
-1913.580247 -3765.432099  -0.00007895019441837756
-1913.580247 -3641.975309  -0.00008019509149494639
-1913.580247 -3518.518519  -0.00008122767018967983
-1913.580247 -3395.061728  -0.00008143028707337601
-1913.580247 -3271.604938  -0.00008197753049851505
-1913.580247 -3148.148148  -0.00008256991123756573
-1913.580247 -3024.691358  -0.00008347305809796210
-1913.580247 -2901.234568  -0.00008442297693944962
-1913.580247 -2777.777778  -0.00008517026176296177
-1913.580247 -2654.320988  -0.00008602002334697739
-1913.580247 -2530.864198  -0.00008694166390158301
-1913.580247 -2407.407407  -0.00008777711357357610
-1913.580247 -2283.950617  -0.00008949998624965900
-1913.580247 -2160.493827  -0.00008987064447709175
-1913.580247 -2037.037037  -0.00009116490344226917
-1913.580247 -1913.580247  -0.00009271528655144424
-1913.580247 -1790.123457  -0.00009497372585061734
-1913.580247 -1666.666667  -0.00009742284317244623
-1913.580247 -1543.209877  -0.00010020707704086906
-1913.580247 -1419.753086  -0.00010363644565295678
-1913.580247 -1296.296296  -0.00010764687355206020
-1913.580247 -1172.839506  -0.00011268747734749381
-1913.580247 -1049.382716  -0.00011980200551052018
-1913.580247  -925.925926  -0.00012973996000382212
-1913.580247  -802.469136  -0.00014363053869719447
-1913.580247  -679.012346  -0.00016264363005124292
-1913.580247  -555.555556  -0.00018722502811064273
-1913.580247  -432.098765  -0.00021638622053146678
-1913.580247  -308.641975  -0.00024699512511790282
-1913.580247  -185.185185  -0.00027371009371305585
-1913.580247   -61.728395  -0.00028941620195795461
-1913.580247    61.728395  -0.00028941620195797359
-1913.580247   185.185185  -0.00027371009371304962
-1913.580247   308.641975  -0.00024699512511782952
-1913.580247   432.098765  -0.00021638622053131451
-1913.580247   555.555556  -0.00018722502811041936
-1913.580247   679.012346  -0.00016264363005096604
-1913.580247   802.469136  -0.00014363053869687330
-1913.580247   925.925926  -0.00012973996000347057
-1913.580247  1049.382716  -0.00011980200551014590
-1913.580247  1172.839506  -0.00011268747734709780
-1913.580247  1296.296296  -0.00010764687355165074
-1913.580247  1419.753086  -0.00010363644565253015
-1913.580247  1543.209877  -0.00010020707704042106
-1913.580247  1666.666667  -0.00009742284317197628
-1913.580247  1790.123457  -0.00009497372585012527
-1913.580247  1913.580247  -0.00009271528655093670
-1913.580247  2037.037037  -0.00009116490344174846
-1913.580247  2160.493827  -0.00008987064447655520
-1913.580247  2283.950617  -0.00008949998624910633
-1913.580247  2407.407407  -0.00008777711357299436
-1913.580247  2530.864198  -0.00008694166390101600
-1913.580247  2654.320988  -0.00008602002334635532
-1913.580247  2777.777778  -0.00008517026176232338
-1913.580247  2901.234568  -0.00008442297693881352
-1913.580247  3024.691358  -0.00008347305809732627
-1913.580247  3148.148148  -0.00008256991123692617
-1913.580247  3271.604938  -0.00008197753049785905
-1913.580247  3395.061728  -0.00008143028707269870
-1913.580247  3518.518519  -0.00008122767018898197
-1913.580247  3641.975309  -0.00008019509149424132
-1913.580247  3765.432099  -0.00007895019441767234
-1913.580247  3888.888889  -0.00007901965986803640
-1913.580247  4012.345679  -0.00007636324735350680
-1913.580247  4135.802469  -0.00007605700694050783
-1913.580247  4259.259259  -0.00007642917779341238
-1913.580247  4382.716049  -0.00007433717322161963
-1913.580247  4506.172840  -0.00007164270782598556
-1913.580247  4629.629630  -0.00007193688413058786
-1913.580247  4753.086420  -0.00007094710640063904
-1913.580247  4876.543210  -0.00007026132837842640

-1790.123457 -5000.000000  -0.00001957142770764710
-1790.123457 -4876.543210  -0.00006733990754687368
-1790.123457 -4753.086420  -0.00006819377046090746
-1790.123457 -4629.629630  -0.00006928884435946127
-1790.123457 -4506.172840  -0.00006908898270199894
-1790.123457 -4382.716049  -0.00007172098415036480
-1790.123457 -4259.259259  -0.00007379383400855244
-1790.123457 -4135.802469  -0.00007352865191021113
-1790.123457 -4012.345679  -0.00007389761453893183
-1790.123457 -3888.888889  -0.00007648735779437320
-1790.123457 -3765.432099  -0.00007649938478310000
-1790.123457 -3641.975309  -0.00007773493525391510
-1790.123457 -3518.518519  -0.00007877218656229228
-1790.123457 -3395.061728  -0.00007900627825458159
-1790.123457 -3271.604938  -0.00007957537676893288
-1790.123457 -3148.148148  -0.00008018872644910440
-1790.123457 -3024.691358  -0.00008111022978087621
-1790.123457 -2901.234568  -0.00008208762788368819
-1790.123457 -2777.777778  -0.00008287011839181482
-1790.123457 -2654.320988  -0.00008373665184790709
-1790.123457 -2530.864198  -0.00008461098993345237
-1790.123457 -2407.407407  -0.00008547072010919060
-1790.123457 -2283.950617  -0.00008722929875990335
-1790.123457 -2160.493827  -0.00008758362180236184
-1790.123457 -2037.037037  -0.00008888247505566567
-1790.123457 -1913.580247  -0.00009050319048124648
-1790.123457 -1790.123457  -0.00009289619090321924
-1790.123457 -1666.666667  -0.00009552483874265193
-1790.123457 -1543.209877  -0.00009850093355705188
-1790.123457 -1419.753086  -0.00010212081658327690
-1790.123457 -1296.296296  -0.00010634047684896346
-1790.123457 -1172.839506  -0.00011178144059140134
-1790.123457 -1049.382716  -0.00011932153920430473
-1790.123457  -925.925926  -0.00012995430956696630
-1790.123457  -802.469136  -0.00014491191175309648
-1790.123457  -679.012346  -0.00016552216866414781
-1790.123457  -555.555556  -0.00019232784586104465
-1790.123457  -432.098765  -0.00022434774701419005
-1790.123457  -308.641975  -0.00025823159782650503
-1790.123457  -185.185185  -0.00028810471320717021
-1790.123457   -61.728395  -0.00030595827575015020
-1790.123457    61.728395  -0.00030595827575017747
-1790.123457   185.185185  -0.00028810471320718121
-1790.123457   308.641975  -0.00025823159782644898
-1790.123457   432.098765  -0.00022434774701405108
-1790.123457   555.555556  -0.00019232784586082922
-1790.123457   679.012346  -0.00016552216866387747
-1790.123457   802.469136  -0.00014491191175277808
-1790.123457   925.925926  -0.00012995430956661775
-1790.123457  1049.382716  -0.00011932153920393398
-1790.123457  1172.839506  -0.00011178144059100982
-1790.123457  1296.296296  -0.00010634047684855628
-1790.123457  1419.753086  -0.00010212081658285337
-1790.123457  1543.209877  -0.00009850093355660799
-1790.123457  1666.666667  -0.00009552483874218736
-1790.123457  1790.123457  -0.00009289619090273297
-1790.123457  1913.580247  -0.00009050319048074696
-1790.123457  2037.037037  -0.00008888247505515450
-1790.123457  2160.493827  -0.00008758362180183656
-1790.123457  2283.950617  -0.00008722929875936259
-1790.123457  2407.407407  -0.00008547072010862073
-1790.123457  2530.864198  -0.00008461098993289657
-1790.123457  2654.320988  -0.00008373665184729833
-1790.123457  2777.777778  -0.00008287011839119002
-1790.123457  2901.234568  -0.00008208762788306604
-1790.123457  3024.691358  -0.00008111022978025494
-1790.123457  3148.148148  -0.00008018872644847948
-1790.123457  3271.604938  -0.00007957537676829236
-1790.123457  3395.061728  -0.00007900627825392043
-1790.123457  3518.518519  -0.00007877218656161118
-1790.123457  3641.975309  -0.00007773493525322759
-1790.123457  3765.432099  -0.00007649938478241143
-1790.123457  3888.888889  -0.00007648735779370463
-1790.123457  4012.345679  -0.00007389761453828116
-1790.123457  4135.802469  -0.00007352865190958092
-1790.123457  4259.259259  -0.00007379383400794001
-1790.123457  4382.716049  -0.00007172098414976625
-1790.123457  4506.172840  -0.00006908898270140701
-1790.123457  4629.629630  -0.00006928884435887452
-1790.123457  4753.086420  -0.00006819377046037236
-1790.123457  4876.543210  -0.00006733990754646514

-1666.666667 -5000.000000  -0.00001871965391066109
-1666.666667 -4876.543210  -0.00006426817300955577
-1666.666667 -4753.086420  -0.00006524876329648634
-1666.666667 -4629.629630  -0.00006642459589534457
-1666.666667 -4506.172840  -0.00006630447150921785
-1666.666667 -4382.716049  -0.00006886040622527091
-1666.666667 -4259.259259  -0.00007089833565209467
-1666.666667 -4135.802469  -0.00007072466551250734
-1666.666667 -4012.345679  -0.00007114299553541424
-1666.666667 -3888.888889  -0.00007365190365879729
-1666.666667 -3765.432099  -0.00007373225327083108
-1666.666667 -3641.975309  -0.00007494620259964478
-1666.666667 -3518.518519  -0.00007598064910351496
-1666.666667 -3395.061728  -0.00007624120424592007
-1666.666667 -3271.604938  -0.00007682263353718951
-1666.666667 -3148.148148  -0.00007744819892252419
-1666.666667 -3024.691358  -0.00007837816400350473
-1666.666667 -2901.234568  -0.00007937049978373274
-1666.666667 -2777.777778  -0.00008017469004506615
-1666.666667 -2654.320988  -0.00008104978844631185
-1666.666667 -2530.864198  -0.00008190781095842799
-1666.666667 -2407.407407  -0.00008287564755840419
-1666.666667 -2283.950617  -0.00008466459967082023
-1666.666667 -2160.493827  -0.00008499955287392892
-1666.666667 -2037.037037  -0.00008628856622230506
-1666.666667 -1913.580247  -0.00008796260680452776
-1666.666667 -1790.123457  -0.00009046094758659506
-1666.666667 -1666.666667  -0.00009323339397923809
-1666.666667 -1543.209877  -0.00009636112880979019
-1666.666667 -1419.753086  -0.00010012632491119182
-1666.666667 -1296.296296  -0.00010450482181605285
-1666.666667 -1172.839506  -0.00011025010149995244
-1666.666667 -1049.382716  -0.00011810276237450721
-1666.666667  -925.925926  -0.00012924914081536310
-1666.666667  -802.469136  -0.00014501129035925098
-1666.666667  -679.012346  -0.00016683964074445227
-1666.666667  -555.555556  -0.00019535852140876352
-1666.666667  -432.098765  -0.00022960341636825294
-1666.666667  -308.641975  -0.00026606983973004279
-1666.666667  -185.185185  -0.00029847649718614110
-1666.666667   -61.728395  -0.00031809895315543463
-1666.666667    61.728395  -0.00031809895315546856
-1666.666667   185.185185  -0.00029847649718616804
-1666.666667   308.641975  -0.00026606983973000408
-1666.666667   432.098765  -0.00022960341636812801
-1666.666667   555.555556  -0.00019535852140855798
-1666.666667   679.012346  -0.00016683964074418989
-1666.666667   802.469136  -0.00014501129035893805
-1666.666667   925.925926  -0.00012924914081501976
-1666.666667  1049.382716  -0.00011810276237414225
-1666.666667  1172.839506  -0.00011025010149956705
-1666.666667  1296.296296  -0.00010450482181565393
-1666.666667  1419.753086  -0.00010012632491077704
-1666.666667  1543.209877  -0.00009636112880935612
-1666.666667  1666.666667  -0.00009323339397878444
-1666.666667  1790.123457  -0.00009046094758612076
-1666.666667  1913.580247  -0.00008796260680404151
-1666.666667  2037.037037  -0.00008628856622180798
-1666.666667  2160.493827  -0.00008499955287341872
-1666.666667  2283.950617  -0.00008466459967029531
-1666.666667  2407.407407  -0.00008287564755785086
-1666.666667  2530.864198  -0.00008190781095788923
-1666.666667  2654.320988  -0.00008104978844572217
-1666.666667  2777.777778  -0.00008017469004446084
-1666.666667  2901.234568  -0.00007937049978313014
-1666.666667  3024.691358  -0.00007837816400290365
-1666.666667  3148.148148  -0.00007744819892191993
-1666.666667  3271.604938  -0.00007682263353657028
-1666.666667  3395.061728  -0.00007624120424528098
-1666.666667  3518.518519  -0.00007598064910285681
-1666.666667  3641.975309  -0.00007494620259898075
-1666.666667  3765.432099  -0.00007373225327016595
-1666.666667  3888.888889  -0.00007365190365815226
-1666.666667  4012.345679  -0.00007114299553478619
-1666.666667  4135.802469  -0.00007072466551189963
-1666.666667  4259.259259  -0.00007089833565150594
-1666.666667  4382.716049  -0.00006886040622469542
-1666.666667  4506.172840  -0.00006630447150864866
-1666.666667  4629.629630  -0.00006642459589478078
-1666.666667  4753.086420  -0.00006524876329597297
-1666.666667  4876.543210  -0.00006426817300916597

-1543.209877 -5000.000000  -0.00001781234195014082
-1543.209877 -4876.543210  -0.00006101410666649858
-1543.209877 -4753.086420  -0.00006208331622883080
-1543.209877 -4629.629630  -0.00006331317428911170
-1543.209877 -4506.172840  -0.00006326294704088147
-1543.209877 -4382.716049  -0.00006572992859628620
-1543.209877 -4259.259259  -0.00006771663664021258
-1543.209877 -4135.802469  -0.00006761894138116263
-1543.209877 -4012.345679  -0.00006807222883913206
-1543.209877 -3888.888889  -0.00007048655631362090
-1543.209877 -3765.432099  -0.00007062057019500852
-1543.209877 -3641.975309  -0.00007180482919977371
-1543.209877 -3518.518519  -0.00007282808451395432
-1543.209877 -3395.061728  -0.00007310966725724220
-1543.209877 -3271.604938  -0.00007369619606439067
-1543.209877 -3148.148148  -0.00007432503530961160
-1543.209877 -3024.691358  -0.00007525066064440237
-1543.209877 -2901.234568  -0.00007624278238876996
-1543.209877 -2777.777778  -0.00007705607761475425
-1543.209877 -2654.320988  -0.00007793645998755385
-1543.209877 -2530.864198  -0.00007879864753278026
-1543.209877 -2407.407407  -0.00007990009905589854
-1543.209877 -2283.950617  -0.00008171545434575953
-1543.209877 -2160.493827  -0.00008203039989537028
-1543.209877 -2037.037037  -0.00008329766084627745
-1543.209877 -1913.580247  -0.00008500196861961923
-1543.209877 -1790.123457  -0.00008757022404097097
-1543.209877 -1666.666667  -0.00009044461641024196
-1543.209877 -1543.209877  -0.00009368256733443766
-1543.209877 -1419.753086  -0.00009754437432911615
-1543.209877 -1296.296296  -0.00010201580005893682
-1543.209877 -1172.839506  -0.00010780707359100496
-1543.209877 -1049.382716  -0.00011584432305866493
-1543.209877  -925.925926  -0.00012730383391440083
-1543.209877  -802.469136  -0.00014358342802974985
-1543.209877  -679.012346  -0.00016620894328255115
-1543.209877  -555.555556  -0.00019588361846401329
-1543.209877  -432.098765  -0.00023166446213317293
-1543.209877  -308.641975  -0.00026995685400632471
-1543.209877  -185.185185  -0.00030419998051533440
-1543.209877   -61.728395  -0.00032514823281532245
-1543.209877    61.728395  -0.00032514823281536002
-1543.209877   185.185185  -0.00030419998051537680
-1543.209877   308.641975  -0.00026995685400630400
-1543.209877   432.098765  -0.00023166446213306448
-1543.209877   555.555556  -0.00019588361846382057
-1543.209877   679.012346  -0.00016620894328229780
-1543.209877   802.469136  -0.00014358342802944592
-1543.209877   925.925926  -0.00012730383391406613
-1543.209877  1049.382716  -0.00011584432305830932
-1543.209877  1172.839506  -0.00010780707359063084
-1543.209877  1296.296296  -0.00010201580005855142
-1543.209877  1419.753086  -0.00009754437432871670
-1543.209877  1543.209877  -0.00009368256733402003
-1543.209877  1666.666667  -0.00009044461640980554
-1543.209877  1790.123457  -0.00008757022404051555
-1543.209877  1913.580247  -0.00008500196861915299
-1543.209877  2037.037037  -0.00008329766084580133
-1543.209877  2160.493827  -0.00008203039989488196
-1543.209877  2283.950617  -0.00008171545434525819
-1543.209877  2407.407407  -0.00007990009905536995
-1543.209877  2530.864198  -0.00007879864753226694
-1543.209877  2654.320988  -0.00007793645998699174
-1543.209877  2777.777778  -0.00007705607761417746
-1543.209877  2901.234568  -0.00007624278238819636
-1543.209877  3024.691358  -0.00007525066064383057
-1543.209877  3148.148148  -0.00007432503530903669
-1543.209877  3271.604938  -0.00007369619606380231
-1543.209877  3395.061728  -0.00007310966725663498
-1543.209877  3518.518519  -0.00007282808451332902
-1543.209877  3641.975309  -0.00007180482919914363
-1543.209877  3765.432099  -0.00007062057019437723
-1543.209877  3888.888889  -0.00007048655631300975
-1543.209877  4012.345679  -0.00006807222883853716
-1543.209877  4135.802469  -0.00006761894138058811
-1543.209877  4259.259259  -0.00006771663663965618
-1543.209877  4382.716049  -0.00006572992859574344
-1543.209877  4506.172840  -0.00006326294704034510
-1543.209877  4629.629630  -0.00006331317428858063
-1543.209877  4753.086420  -0.00006208331622834889
-1543.209877  4876.543210  -0.00006101410666613627

-1419.753086 -5000.000000  -0.00001681807384094090
-1419.753086 -4876.543210  -0.00005749871834705823
-1419.753086 -4753.086420  -0.00005862285888920514
-1419.753086 -4629.629630  -0.00005988931611260432
-1419.753086 -4506.172840  -0.00005989945337018178
-1419.753086 -4382.716049  -0.00006226266135200522
-1419.753086 -4259.259259  -0.00006418218851441467
-1419.753086 -4135.802469  -0.00006414904850926162
-1419.753086 -4012.345679  -0.00006462503139746370
-1419.753086 -3888.888889  -0.00006692737402163043
-1419.753086 -3765.432099  -0.00006710569889617451
-1419.753086 -3641.975309  -0.00006826262302422544
-1419.753086 -3518.518519  -0.00006926292302939034
-1419.753086 -3395.061728  -0.00006956145529271934
-1419.753086 -3271.604938  -0.00007014830880473479
-1419.753086 -3148.148148  -0.00007077242628221648
-1419.753086 -3024.691358  -0.00007167779971336696
-1419.753086 -2901.234568  -0.00007265282976297596
-1419.753086 -2777.777778  -0.00007346560404535593
-1419.753086 -2654.320988  -0.00007435269047863925
-1419.753086 -2530.864198  -0.00007521528128557540
-1419.753086 -2407.407407  -0.00007636749247936585
-1419.753086 -2283.950617  -0.00007820754751422199
-1419.753086 -2160.493827  -0.00007850697930323784
-1419.753086 -2037.037037  -0.00007973536589932696
-1419.753086 -1913.580247  -0.00008143651114274957
-1419.753086 -1790.123457  -0.00008403772925267818
-1419.753086 -1666.666667  -0.00008697199908435511
-1419.753086 -1543.209877  -0.00009027168293591033
-1419.753086 -1419.753086  -0.00009415668125777784
-1419.753086 -1296.296296  -0.00009868059847544428
-1419.753086 -1172.839506  -0.00010412924152572114
-1419.753086 -1049.382716  -0.00011224376020330371
-1419.753086  -925.925926  -0.00012377325471883821
-1419.753086  -802.469136  -0.00014026430564847877
-1419.753086  -679.012346  -0.00016322656493643906
-1419.753086  -555.555556  -0.00019346407651885363
-1419.753086  -432.098765  -0.00023003740688671458
-1419.753086  -308.641975  -0.00026933729811778184
-1419.753086  -185.185185  -0.00030466807530486712
-1419.753086   -61.728395  -0.00032645487076300240
-1419.753086    61.728395  -0.00032645487076304376
-1419.753086   185.185185  -0.00030466807530492269
-1419.753086   308.641975  -0.00026933729811777718
-1419.753086   432.098765  -0.00023003740688662218
-1419.753086   555.555556  -0.00019346407651867772
-1419.753086   679.012346  -0.00016322656493620148
-1419.753086   802.469136  -0.00014026430564818986
-1419.753086   925.925926  -0.00012377325471851902
-1419.753086  1049.382716  -0.00011224376020296533
-1419.753086  1172.839506  -0.00010412924152536562
-1419.753086  1296.296296  -0.00009868059847507903
-1419.753086  1419.753086  -0.00009415668125740101
-1419.753086  1543.209877  -0.00009027168293551739
-1419.753086  1666.666667  -0.00008697199908394523
-1419.753086  1790.123457  -0.00008403772925225022
-1419.753086  1913.580247  -0.00008143651114231117
-1419.753086  2037.037037  -0.00007973536589888044
-1419.753086  2160.493827  -0.00007850697930278064
-1419.753086  2283.950617  -0.00007820754751375394
-1419.753086  2407.407407  -0.00007636749247887251
-1419.753086  2530.864198  -0.00007521528128509726
-1419.753086  2654.320988  -0.00007435269047811529
-1419.753086  2777.777778  -0.00007346560404481918
-1419.753086  2901.234568  -0.00007265282976244252
-1419.753086  3024.691358  -0.00007167779971283527
-1419.753086  3148.148148  -0.00007077242628168282
-1419.753086  3271.604938  -0.00007014830880418816
-1419.753086  3395.061728  -0.00006956145529215548
-1419.753086  3518.518519  -0.00006926292302881008
-1419.753086  3641.975309  -0.00006826262302364066
-1419.753086  3765.432099  -0.00006710569889558914
-1419.753086  3888.888889  -0.00006692737402106465
-1419.753086  4012.345679  -0.00006462503139691398
-1419.753086  4135.802469  -0.00006414904850873135
-1419.753086  4259.259259  -0.00006418218851390286
-1419.753086  4382.716049  -0.00006226266135150596
-1419.753086  4506.172840  -0.00005989945336968875
-1419.753086  4629.629630  -0.00005988931611211782
-1419.753086  4753.086420  -0.00005862285888876535
-1419.753086  4876.543210  -0.00005749871834673209

-1296.296296 -5000.000000  -0.00001558342051114513
-1296.296296 -4876.543210  -0.00005311888249556353
-1296.296296 -4753.086420  -0.00005426042827930799
-1296.296296 -4629.629630  -0.00005551942388290173
-1296.296296 -4506.172840  -0.00005558045364137381
-1296.296296 -4382.716049  -0.00005779694790425012
-1296.296296 -4259.259259  -0.00005961163617476017
-1296.296296 -4135.802469  -0.00005963244099308434
-1296.296296 -4012.345679  -0.00006011274211872021
-1296.296296 -3888.888889  -0.00006226387082094859
-1296.296296 -3765.432099  -0.00006248017387867230
-1296.296296 -3641.975309  -0.00006356534301301628
-1296.296296 -3518.518519  -0.00006452476005126405
-1296.296296 -3395.061728  -0.00006482984229439557
-1296.296296 -3271.604938  -0.00006540149714267276
-1296.296296 -3148.148148  -0.00006600466507136906
-1296.296296 -3024.691358  -0.00006687226798992418
-1296.296296 -2901.234568  -0.00006781024143523890
-1296.296296 -2777.777778  -0.00006860058110061225
-1296.296296 -2654.320988  -0.00006946938176302398
-1296.296296 -2530.864198  -0.00007033082433388728
-1296.296296 -2407.407407  -0.00007152901360624472
-1296.296296 -2283.950617  -0.00007334806521127043
-1296.296296 -2160.493827  -0.00007362357027576278
-1296.296296 -2037.037037  -0.00007479071497843442
-1296.296296 -1913.580247  -0.00007644998289124748
-1296.296296 -1790.123457  -0.00007901233241415109
-1296.296296 -1666.666667  -0.00008192877614797939
-1296.296296 -1543.209877  -0.00008519603962019939
-1296.296296 -1419.753086  -0.00008903931342916779
-1296.296296 -1296.296296  -0.00009346529616586486
-1296.296296 -1172.839506  -0.00009962737883003955
-1296.296296 -1049.382716  -0.00010758373360808270
-1296.296296  -925.925926  -0.00011904732514157276
-1296.296296  -802.469136  -0.00013541839870763353
-1296.296296  -679.012346  -0.00015833465504469372
-1296.296296  -555.555556  -0.00018853957874874377
-1296.296296  -432.098765  -0.00022519215114188298
-1296.296296  -308.641975  -0.00026471253120729897
-1296.296296  -185.185185  -0.00030038820666883657
-1296.296296   -61.728395  -0.00032253310499410760
-1296.296296    61.728395  -0.00032253310499415596
-1296.296296   185.185185  -0.00030038820666890243
-1296.296296   308.641975  -0.00026471253120730797
-1296.296296   432.098765  -0.00022519215114180784
-1296.296296   555.555556  -0.00018853957874858727
-1296.296296   679.012346  -0.00015833465504447731
-1296.296296   802.469136  -0.00013541839870736831
-1296.296296   925.925926  -0.00011904732514127834
-1296.296296  1049.382716  -0.00010758373360777029
-1296.296296  1172.839506  -0.00009962737882971192
-1296.296296  1296.296296  -0.00009346529616553101
-1296.296296  1419.753086  -0.00008903931342882448
-1296.296296  1543.209877  -0.00008519603961984186
-1296.296296  1666.666667  -0.00008192877614760671
-1296.296296  1790.123457  -0.00007901233241376236
-1296.296296  1913.580247  -0.00007644998289085002
-1296.296296  2037.037037  -0.00007479071497803025
-1296.296296  2160.493827  -0.00007362357027534952
-1296.296296  2283.950617  -0.00007334806521084828
-1296.296296  2407.407407  -0.00007152901360579996
-1296.296296  2530.864198  -0.00007033082433345783
-1296.296296  2654.320988  -0.00006946938176255250
-1296.296296  2777.777778  -0.00006860058110012954
-1296.296296  2901.234568  -0.00006781024143476032
-1296.296296  3024.691358  -0.00006687226798944791
-1296.296296  3148.148148  -0.00006600466507089117
-1296.296296  3271.604938  -0.00006540149714218325
-1296.296296  3395.061728  -0.00006482984229389086
-1296.296296  3518.518519  -0.00006452476005074477
-1296.296296  3641.975309  -0.00006356534301249360
-1296.296296  3765.432099  -0.00006248017387814979
-1296.296296  3888.888889  -0.00006226387082044425
-1296.296296  4012.345679  -0.00006011274211823079
-1296.296296  4135.802469  -0.00005963244099261390
-1296.296296  4259.259259  -0.00005961163617430757
-1296.296296  4382.716049  -0.00005779694790380958
-1296.296296  4506.172840  -0.00005558045364093904
-1296.296296  4629.629630  -0.00005551942388247369
-1296.296296  4753.086420  -0.00005426042827892345
-1296.296296  4876.543210  -0.00005311888249528444

-1172.839506 -5000.000000  -0.00001428730824983989
-1172.839506 -4876.543210  -0.00004942362492895629
-1172.839506 -4753.086420  -0.00005050227207144653
-1172.839506 -4629.629630  -0.00005187645120553735
-1172.839506 -4506.172840  -0.00005189110876775037
-1172.839506 -4382.716049  -0.00005396061510929583
-1172.839506 -4259.259259  -0.00005569373810548829
-1172.839506 -4135.802469  -0.00005577728914866568
-1172.839506 -4012.345679  -0.00005628172990185196
-1172.839506 -3888.888889  -0.00005825706109718121
-1172.839506 -3765.432099  -0.00005853496943208832
-1172.839506 -3641.975309  -0.00005955316051075131
-1172.839506 -3518.518519  -0.00006046446660496895
-1172.839506 -3395.061728  -0.00006078084232172003
-1172.839506 -3271.604938  -0.00006133242065227193
-1172.839506 -3148.148148  -0.00006191698095299334
-1172.839506 -3024.691358  -0.00006274742632490813
-1172.839506 -2901.234568  -0.00006364694517737100
-1172.839506 -2777.777778  -0.00006441861559376775
-1172.839506 -2654.320988  -0.00006526738101626110
-1172.839506 -2530.864198  -0.00006613000555776192
-1172.839506 -2407.407407  -0.00006732606658239595
-1172.839506 -2283.950617  -0.00006920955873538427
-1172.839506 -2160.493827  -0.00006950902113614748
-1172.839506 -2037.037037  -0.00007050574566274589
-1172.839506 -1913.580247  -0.00007208743037961057
-1172.839506 -1790.123457  -0.00007470733709777462
-1172.839506 -1666.666667  -0.00007768139994330717
-1172.839506 -1543.209877  -0.00008083492233121525
-1172.839506 -1419.753086  -0.00008425793943889109
-1172.839506 -1296.296296  -0.00008935134484132216
-1172.839506 -1172.839506  -0.00009364353049487341
-1172.839506 -1049.382716  -0.00010211340246088352
-1172.839506  -925.925926  -0.00011276084681682524
-1172.839506  -802.469136  -0.00012887307106959015
-1172.839506  -679.012346  -0.00015122099157560519
-1172.839506  -555.555556  -0.00018100444689120315
-1172.839506  -432.098765  -0.00021695151418379272
-1172.839506  -308.641975  -0.00025576176616226288
-1172.839506  -185.185185  -0.00029113273774149343
-1172.839506   -61.728395  -0.00031321556646330431
-1172.839506    61.728395  -0.00031321556646336031
-1172.839506   185.185185  -0.00029113273774157014
-1172.839506   308.641975  -0.00025576176616228820
-1172.839506   432.098765  -0.00021695151418373989
-1172.839506   555.555556  -0.00018100444689107329
-1172.839506   679.012346  -0.00015122099157541925
-1172.839506   802.469136  -0.00012887307106935821
-1172.839506   925.925926  -0.00011276084681656675
-1172.839506  1049.382716  -0.00010211340246060799
-1172.839506  1172.839506  -0.00009364353049458665
-1172.839506  1296.296296  -0.00008935134484102720
-1172.839506  1419.753086  -0.00008425793943859173
-1172.839506  1543.209877  -0.00008083492233090424
-1172.839506  1666.666667  -0.00007768139994298380
-1172.839506  1790.123457  -0.00007470733709743757
-1172.839506  1913.580247  -0.00007208743037926467
-1172.839506  2037.037037  -0.00007050574566239412
-1172.839506  2160.493827  -0.00006950902113578870
-1172.839506  2283.950617  -0.00006920955873502051
-1172.839506  2407.407407  -0.00006732606658201253
-1172.839506  2530.864198  -0.00006613000555739358
-1172.839506  2654.320988  -0.00006526738101585646
-1172.839506  2777.777778  -0.00006441861559335412
-1172.839506  2901.234568  -0.00006364694517696249
-1172.839506  3024.691358  -0.00006274742632450272
-1172.839506  3148.148148  -0.00006191698095258749
-1172.839506  3271.604938  -0.00006133242065185702
-1172.839506  3395.061728  -0.00006078084232129215
-1172.839506  3518.518519  -0.00006046446660452856
-1172.839506  3641.975309  -0.00005955316051030820
-1172.839506  3765.432099  -0.00005853496943164623
-1172.839506  3888.888889  -0.00005825706109675740
-1172.839506  4012.345679  -0.00005628172990144107
-1172.839506  4135.802469  -0.00005577728914827216
-1172.839506  4259.259259  -0.00005569373810511214
-1172.839506  4382.716049  -0.00005396061510893086
-1172.839506  4506.172840  -0.00005189110876739043
-1172.839506  4629.629630  -0.00005187645120518594
-1172.839506  4753.086420  -0.00005050227207113504
-1172.839506  4876.543210  -0.00004942362492874035

-1049.382716 -5000.000000  -0.00001294390378437815
-1049.382716 -4876.543210  -0.00004461812218111012
-1049.382716 -4753.086420  -0.00004567182977363211
-1049.382716 -4629.629630  -0.00004696741783493145
-1049.382716 -4506.172840  -0.00004702263767425360
-1049.382716 -4382.716049  -0.00004891577048938937
-1049.382716 -4259.259259  -0.00005050972507657341
-1049.382716 -4135.802469  -0.00005062223690519910
-1049.382716 -4012.345679  -0.00005110665805939466
-1049.382716 -3888.888889  -0.00005291161578157078
-1049.382716 -3765.432099  -0.00005319418201047014
-1049.382716 -3641.975309  -0.00005412664469211353
-1049.382716 -3518.518519  -0.00005497491192804909
-1049.382716 -3395.061728  -0.00005528040658890622
-1049.382716 -3271.604938  -0.00005580005202818603
-1049.382716 -3148.148148  -0.00005634881715721019
-1049.382716 -3024.691358  -0.00005712334398718481
-1049.382716 -2901.234568  -0.00005796476275932988
-1049.382716 -2777.777778  -0.00005869112645688366
-1049.382716 -2654.320988  -0.00005949134416192458
-1049.382716 -2530.864198  -0.00006030555437374891
-1049.382716 -2407.407407  -0.00006148007351861234
-1049.382716 -2283.950617  -0.00006325871741207941
-1049.382716 -2160.493827  -0.00006352284062805651
-1049.382716 -2037.037037  -0.00006445092708331814
-1049.382716 -1913.580247  -0.00006594786428738944
-1049.382716 -1790.123457  -0.00006842806047818216
-1049.382716 -1666.666667  -0.00007126167545644457
-1049.382716 -1543.209877  -0.00007427203380752088
-1049.382716 -1419.753086  -0.00007756429599479807
-1049.382716 -1296.296296  -0.00008230633320266374
-1049.382716 -1172.839506  -0.00008714733641008856
-1049.382716 -1049.382716  -0.00009509601758757427
-1049.382716  -925.925926  -0.00010533428068611601
-1049.382716  -802.469136  -0.00012071690959517745
-1049.382716  -679.012346  -0.00014216515124440486
-1049.382716  -555.555556  -0.00017073700999951526
-1049.382716  -432.098765  -0.00020532847682521078
-1049.382716  -308.641975  -0.00024276993138917357
-1049.382716  -185.185185  -0.00027696848313081752
-1049.382716   -61.728395  -0.00029841894620583396
-1049.382716    61.728395  -0.00029841894620589104
-1049.382716   185.185185  -0.00027696848313090117
-1049.382716   308.641975  -0.00024276993138921043
-1049.382716   432.098765  -0.00020532847682517392
-1049.382716   555.555556  -0.00017073700999940749
-1049.382716   679.012346  -0.00014216515124424508
-1049.382716   802.469136  -0.00012071690959497534
-1049.382716   925.925926  -0.00010533428068588921
-1049.382716  1049.382716  -0.00009509601758733287
-1049.382716  1172.839506  -0.00008714733640983763
-1049.382716  1296.296296  -0.00008230633320240925
-1049.382716  1419.753086  -0.00007756429599454083
-1049.382716  1543.209877  -0.00007427203380725430
-1049.382716  1666.666667  -0.00007126167545616848
-1049.382716  1790.123457  -0.00006842806047789427
-1049.382716  1913.580247  -0.00006594786428709552
-1049.382716  2037.037037  -0.00006445092708301961
-1049.382716  2160.493827  -0.00006352284062775276
-1049.382716  2283.950617  -0.00006325871741177212
-1049.382716  2407.407407  -0.00006148007351828937
-1049.382716  2530.864198  -0.00006030555437343994
-1049.382716  2654.320988  -0.00005949134416158483
-1049.382716  2777.777778  -0.00005869112645653707
-1049.382716  2901.234568  -0.00005796476275898860
-1049.382716  3024.691358  -0.00005712334398684694
-1049.382716  3148.148148  -0.00005634881715687248
-1049.382716  3271.604938  -0.00005580005202784108
-1049.382716  3395.061728  -0.00005528040658855036
-1049.382716  3518.518519  -0.00005497491192768346
-1049.382716  3641.975309  -0.00005412664469174554
-1049.382716  3765.432099  -0.00005319418201010442
-1049.382716  3888.888889  -0.00005291161578122246
-1049.382716  4012.345679  -0.00005110665805905758
-1049.382716  4135.802469  -0.00005062223690487823
-1049.382716  4259.259259  -0.00005050972507626888
-1049.382716  4382.716049  -0.00004891577048909455
-1049.382716  4506.172840  -0.00004702263767396412
-1049.382716  4629.629630  -0.00004696741783465090
-1049.382716  4753.086420  -0.00004567182977338703
-1049.382716  4876.543210  -0.00004461812218094978

 -925.925926 -5000.000000  -0.00001168066046664929
 -925.925926 -4876.543210  -0.00004026073505120962
 -925.925926 -4753.086420  -0.00004126664093428721
 -925.925926 -4629.629630  -0.00004248788909869047
 -925.925926 -4506.172840  -0.00004256166175281882
 -925.925926 -4382.716049  -0.00004428721759969676
 -925.925926 -4259.259259  -0.00004574853127198673
 -925.925926 -4135.802469  -0.00004587952663887695
 -925.925926 -4012.345679  -0.00004634280089522515
 -925.925926 -3888.888889  -0.00004798479895527232
 -925.925926 -3765.432099  -0.00004826622122724637
 -925.925926 -3641.975309  -0.00004912842955152682
 -925.925926 -3518.518519  -0.00004990996110484018
 -925.925926 -3395.061728  -0.00005020174543056649
 -925.925926 -3271.604938  -0.00005068701861237601
 -925.925926 -3148.148148  -0.00005119868660966350
 -925.925926 -3024.691358  -0.00005191649603735825
 -925.925926 -2901.234568  -0.00005269867486059764
 -925.925926 -2777.777778  -0.00005337895683625561
 -925.925926 -2654.320988  -0.00005412463526565855
 -925.925926 -2530.864198  -0.00005486815157913222
 -925.925926 -2407.407407  -0.00005597916384732879
 -925.925926 -2283.950617  -0.00005764110845049803
 -925.925926 -2160.493827  -0.00005787866293083098
 -925.925926 -2037.037037  -0.00005872927084546017
 -925.925926 -1913.580247  -0.00006012872733105728
 -925.925926 -1790.123457  -0.00006246353845873393
 -925.925926 -1666.666667  -0.00006513667861101026
 -925.925926 -1543.209877  -0.00006797527089698437
 -925.925926 -1419.753086  -0.00007104721099611869
 -925.925926 -1296.296296  -0.00007550080898736906
 -925.925926 -1172.839506  -0.00007954070243330969
 -925.925926 -1049.382716  -0.00008699215356272196
 -925.925926  -925.925926  -0.00009652476898306184
 -925.925926  -802.469136  -0.00011093534026971004
 -925.925926  -679.012346  -0.00013102451789578150
 -925.925926  -555.555556  -0.00015785818643838389
 -925.925926  -432.098765  -0.00019038651025706418
 -925.925926  -308.641975  -0.00022566127527359083
 -925.925926  -185.185185  -0.00025796369402428254
 -925.925926   -61.728395  -0.00027830739866775342
 -925.925926    61.728395  -0.00027830739866781132
 -925.925926   185.185185  -0.00025796369402437003
 -925.925926   308.641975  -0.00022566127527363889
 -925.925926   432.098765  -0.00019038651025704665
 -925.925926   555.555556  -0.00015785818643830206
 -925.925926   679.012346  -0.00013102451789565218
 -925.925926   802.469136  -0.00011093534026954143
 -925.925926   925.925926  -0.00009652476898287227
 -925.925926  1049.382716  -0.00008699215356252057
 -925.925926  1172.839506  -0.00007954070243310136
 -925.925926  1296.296296  -0.00007550080898715966
 -925.925926  1419.753086  -0.00007104721099590864
 -925.925926  1543.209877  -0.00006797527089676751
 -925.925926  1666.666667  -0.00006513667861078666
 -925.925926  1790.123457  -0.00006246353845850124
 -925.925926  1913.580247  -0.00006012872733081988
 -925.925926  2037.037037  -0.00005872927084521955
 -925.925926  2160.493827  -0.00005787866293058681
 -925.925926  2283.950617  -0.00005764110845025318
 -925.925926  2407.407407  -0.00005597916384707127
 -925.925926  2530.864198  -0.00005486815157888800
 -925.925926  2654.320988  -0.00005412463526538842
 -925.925926  2777.777778  -0.00005337895683598148
 -925.925926  2901.234568  -0.00005269867486032900
 -925.925926  3024.691358  -0.00005191649603709281
 -925.925926  3148.148148  -0.00005119868660939963
 -925.925926  3271.604938  -0.00005068701861210636
 -925.925926  3395.061728  -0.00005020174543028855
 -925.925926  3518.518519  -0.00004990996110455464
 -925.925926  3641.975309  -0.00004912842955123975
 -925.925926  3765.432099  -0.00004826622122696276
 -925.925926  3888.888889  -0.00004798479895500504
 -925.925926  4012.345679  -0.00004634280089496728
 -925.925926  4135.802469  -0.00004587952663863414
 -925.925926  4259.259259  -0.00004574853127175933
 -925.925926  4382.716049  -0.00004428721759947871
 -925.925926  4506.172840  -0.00004256166175260570
 -925.925926  4629.629630  -0.00004248788909848703
 -925.925926  4753.086420  -0.00004126664093411491
 -925.925926  4876.543210  -0.00004026073505111103

 -802.469136 -5000.000000  -0.00001027909252922437
 -802.469136 -4876.543210  -0.00003537559443625684
 -802.469136 -4753.086420  -0.00003631402302387839
 -802.469136 -4629.629630  -0.00003742246738391358
 -802.469136 -4506.172840  -0.00003751155191634656
 -802.469136 -4382.716049  -0.00003904220678759877
 -802.469136 -4259.259259  -0.00004034501685677771
 -802.469136 -4135.802469  -0.00004048537488281766
 -802.469136 -4012.345679  -0.00004091368570942172
 -802.469136 -3888.888889  -0.00004237115014483632
 -802.469136 -3765.432099  -0.00004263851003222151
 -802.469136 -3641.975309  -0.00004340754712102265
 -802.469136 -3518.518519  -0.00004410784462608238
 -802.469136 -3395.061728  -0.00004437613213971881
 -802.469136 -3271.604938  -0.00004481623252457384
 -802.469136 -3148.148148  -0.00004528031502929162
 -802.469136 -3024.691358  -0.00004592879207999704
 -802.469136 -2901.234568  -0.00004663776985320319
 -802.469136 -2777.777778  -0.00004725678362635221
 -802.469136 -2654.320988  -0.00004792805181962425
 -802.469136 -2530.864198  -0.00004857432860761891
 -802.469136 -2407.407407  -0.00004956480364987893
 -802.469136 -2283.950617  -0.00005105897458807913
 -802.469136 -2160.493827  -0.00005126179278178185
 -802.469136 -2037.037037  -0.00005202663099538135
 -802.469136 -1913.580247  -0.00005329944800835591
 -802.469136 -1790.123457  -0.00005542418293040141
 -802.469136 -1666.666667  -0.00005786398223729913
 -802.469136 -1543.209877  -0.00006045791485862297
 -802.469136 -1419.753086  -0.00006326623854417936
 -802.469136 -1296.296296  -0.00006727123421360099
 -802.469136 -1172.839506  -0.00007107155266028862
 -802.469136 -1049.382716  -0.00007780398803470897
 -802.469136  -925.925926  -0.00008650960235627187
 -802.469136  -802.469136  -0.00009964675846771653
 -802.469136  -679.012346  -0.00011800381477882727
 -802.469136  -555.555556  -0.00014253908740293012
 -802.469136  -432.098765  -0.00017233684236921042
 -802.469136  -308.641975  -0.00020470681865390267
 -802.469136  -185.185185  -0.00023440127738801265
 -802.469136   -61.728395  -0.00025317230764634793
 -802.469136    61.728395  -0.00025317230764640365
 -802.469136   185.185185  -0.00023440127738810087
 -802.469136   308.641975  -0.00020470681865396062
 -802.469136   432.098765  -0.00017233684236921430
 -802.469136   555.555556  -0.00014253908740287987
 -802.469136   679.012346  -0.00011800381477873476
 -802.469136   802.469136  -0.00009964675846759178
 -802.469136   925.925926  -0.00008650960235613065
 -802.469136  1049.382716  -0.00007780398803455916
 -802.469136  1172.839506  -0.00007107155266013594
 -802.469136  1296.296296  -0.00006727123421344936
 -802.469136  1419.753086  -0.00006326623854402884
 -802.469136  1543.209877  -0.00006045791485846865
 -802.469136  1666.666667  -0.00005786398223714128
 -802.469136  1790.123457  -0.00005542418293023798
 -802.469136  1913.580247  -0.00005329944800818994
 -802.469136  2037.037037  -0.00005202663099521421
 -802.469136  2160.493827  -0.00005126179278161377
 -802.469136  2283.950617  -0.00005105897458791314
 -802.469136  2407.407407  -0.00004956480364970431
 -802.469136  2530.864198  -0.00004857432860745618
 -802.469136  2654.320988  -0.00004792805181944247
 -802.469136  2777.777778  -0.00004725678362616847
 -802.469136  2901.234568  -0.00004663776985302555
 -802.469136  3024.691358  -0.00004592879207982316
 -802.469136  3148.148148  -0.00004528031502912031
 -802.469136  3271.604938  -0.00004481623252439963
 -802.469136  3395.061728  -0.00004437613213953941
 -802.469136  3518.518519  -0.00004410784462589857
 -802.469136  3641.975309  -0.00004340754712083854
 -802.469136  3765.432099  -0.00004263851003203990
 -802.469136  3888.888889  -0.00004237115014466919
 -802.469136  4012.345679  -0.00004091368570926212
 -802.469136  4135.802469  -0.00004048537488267197
 -802.469136  4259.259259  -0.00004034501685664704
 -802.469136  4382.716049  -0.00003904220678747636
 -802.469136  4506.172840  -0.00003751155191622857
 -802.469136  4629.629630  -0.00003742246738380629
 -802.469136  4753.086420  -0.00003631402302379729
 -802.469136  4876.543210  -0.00003537559443623677

 -679.012346 -5000.000000  -0.00000881924916370927
 -679.012346 -4876.543210  -0.00003036702566931722
 -679.012346 -4753.086420  -0.00003121257043600457
 -679.012346 -4629.629630  -0.00003219756974910739
 -679.012346 -4506.172840  -0.00003228715387037068
 -679.012346 -4382.716049  -0.00003361032992740239
 -679.012346 -4259.259259  -0.00003474348699272960
 -679.012346 -4135.802469  -0.00003488474257891052
 -679.012346 -4012.345679  -0.00003527039063738741
 -679.012346 -3888.888889  -0.00003653034850393668
 -679.012346 -3765.432099  -0.00003677872372822063
 -679.012346 -3641.975309  -0.00003744921484566181
 -679.012346 -3518.518519  -0.00003805978058986215
 -679.012346 -3395.061728  -0.00003829847464052037
 -679.012346 -3271.604938  -0.00003868662858379096
 -679.012346 -3148.148148  -0.00003909615275584979
 -679.012346 -3024.691358  -0.00003966683883308951
 -679.012346 -2901.234568  -0.00004029251859855151
 -679.012346 -2777.777778  -0.00004084067125376611
 -679.012346 -2654.320988  -0.00004142709395186247
 -679.012346 -2530.864198  -0.00004196624309040316
 -679.012346 -2407.407407  -0.00004280221805205351
 -679.012346 -2283.950617  -0.00004410989283823071
 -679.012346 -2160.493827  -0.00004427996941390544
 -679.012346 -2037.037037  -0.00004494412513032853
 -679.012346 -1913.580247  -0.00004606620538099676
 -679.012346 -1790.123457  -0.00004794945342477602
 -679.012346 -1666.666667  -0.00005011468411010524
 -679.012346 -1543.209877  -0.00005241028066958996
 -679.012346 -1419.753086  -0.00005487994393747125
 -679.012346 -1296.296296  -0.00005842203242347337
 -679.012346 -1172.839506  -0.00006170707146923508
 -679.012346 -1049.382716  -0.00006765403379747948
 -679.012346  -925.925926  -0.00007532636002260380
 -679.012346  -802.469136  -0.00008694246084735754
 -679.012346  -679.012346  -0.00010318773064149010
 -679.012346  -555.555556  -0.00012493042047983681
 -679.012346  -432.098765  -0.00015136211034864249
 -679.012346  -308.641975  -0.00018011477618466102
 -679.012346  -185.185185  -0.00020654330633497714
 -679.012346   -61.728395  -0.00022330735673211358
 -679.012346    61.728395  -0.00022330735673216351
 -679.012346   185.185185  -0.00020654330633506103
 -679.012346   308.641975  -0.00018011477618472580
 -679.012346   432.098765  -0.00015136211034866520
 -679.012346   555.555556  -0.00012493042047981637
 -679.012346   679.012346  -0.00010318773064143609
 -679.012346   802.469136  -0.00008694246084727738
 -679.012346   925.925926  -0.00007532636002251069
 -679.012346  1049.382716  -0.00006765403379738222
 -679.012346  1172.839506  -0.00006170707146913637
 -679.012346  1296.296296  -0.00005842203242337779
 -679.012346  1419.753086  -0.00005487994393737867
 -679.012346  1543.209877  -0.00005241028066949601
 -679.012346  1666.666667  -0.00005011468411001054
 -679.012346  1790.123457  -0.00004794945342467900
 -679.012346  1913.580247  -0.00004606620538090003
 -679.012346  2037.037037  -0.00004494412513023263
 -679.012346  2160.493827  -0.00004427996941381074
 -679.012346  2283.950617  -0.00004410989283814108
 -679.012346  2407.407407  -0.00004280221805195856
 -679.012346  2530.864198  -0.00004196624309031850
 -679.012346  2654.320988  -0.00004142709395176424
 -679.012346  2777.777778  -0.00004084067125366825
 -679.012346  2901.234568  -0.00004029251859846001
 -679.012346  3024.691358  -0.00003966683883300236
 -679.012346  3148.148148  -0.00003909615275576615
 -679.012346  3271.604938  -0.00003868662858370657
 -679.012346  3395.061728  -0.00003829847464043382
 -679.012346  3518.518519  -0.00003805978058977408
 -679.012346  3641.975309  -0.00003744921484557460
 -679.012346  3765.432099  -0.00003677872372813537
 -679.012346  3888.888889  -0.00003653034850386484
 -679.012346  4012.345679  -0.00003527039063732101
 -679.012346  4135.802469  -0.00003488474257885648
 -679.012346  4259.259259  -0.00003474348699268964
 -679.012346  4382.716049  -0.00003361032992736894
 -679.012346  4506.172840  -0.00003228715387034141
 -679.012346  4629.629630  -0.00003219756974908944
 -679.012346  4753.086420  -0.00003121257043600743
 -679.012346  4876.543210  -0.00003036702566936806

 -555.555556 -5000.000000  -0.00000728530851637522
 -555.555556 -4876.543210  -0.00002506391991956849
 -555.555556 -4753.086420  -0.00002579457777386940
 -555.555556 -4629.629630  -0.00002662717782926845
 -555.555556 -4506.172840  -0.00002671355104406431
 -555.555556 -4382.716049  -0.00002781267279141342
 -555.555556 -4259.259259  -0.00002875816143845071
 -555.555556 -4135.802469  -0.00002888938292072281
 -555.555556 -4012.345679  -0.00002921990398308389
 -555.555556 -3888.888889  -0.00003026805460394077
 -555.555556 -3765.432099  -0.00003048501442875244
 -555.555556 -3641.975309  -0.00003104391460649753
 -555.555556 -3518.518519  -0.00003155509828089153
 -555.555556 -3395.061728  -0.00003175787236135431
 -555.555556 -3271.604938  -0.00003208552126818393
 -555.555556 -3148.148148  -0.00003243172202451571
 -555.555556 -3024.691358  -0.00003291347275800263
 -555.555556 -2901.234568  -0.00003344298176470928
 -555.555556 -2777.777778  -0.00003390727636009379
 -555.555556 -2654.320988  -0.00003439763253032959
 -555.555556 -2530.864198  -0.00003483065816044859
 -555.555556 -2407.407407  -0.00003551175993763748
 -555.555556 -2283.950617  -0.00003660478184823307
 -555.555556 -2160.493827  -0.00003673957938703257
 -555.555556 -2037.037037  -0.00003729673556297781
 -555.555556 -1913.580247  -0.00003824611867171313
 -555.555556 -1790.123457  -0.00003984000960403420
 -555.555556 -1666.666667  -0.00004167594581632719
 -555.555556 -1543.209877  -0.00004362222896146891
 -555.555556 -1419.753086  -0.00004571874493729192
 -555.555556 -1296.296296  -0.00004868969036719353
 -555.555556 -1172.839506  -0.00005162342568409228
 -555.555556 -1049.382716  -0.00005662963595895743
 -555.555556  -925.925926  -0.00006314786135589436
 -555.555556  -802.469136  -0.00007299765086110631
 -555.555556  -679.012346  -0.00008680190501556779
 -555.555556  -555.555556  -0.00010528045707610088
 -555.555556  -432.098765  -0.00012777456593953163
 -555.555556  -308.641975  -0.00015227460276623689
 -555.555556  -185.185185  -0.00017482474964388534
 -555.555556   -61.728395  -0.00018917399623089742
 -555.555556    61.728395  -0.00018917399623094068
 -555.555556   185.185185  -0.00017482474964396343
 -555.555556   308.641975  -0.00015227460276630430
 -555.555556   432.098765  -0.00012777456593956955
 -555.555556   555.555556  -0.00010528045707610697
 -555.555556   679.012346  -0.00008680190501554886
 -555.555556   802.469136  -0.00007299765086106766
 -555.555556   925.925926  -0.00006314786135584705
 -555.555556  1049.382716  -0.00005662963595890846
 -555.555556  1172.839506  -0.00005162342568404431
 -555.555556  1296.296296  -0.00004868969036715137
 -555.555556  1419.753086  -0.00004571874493725420
 -555.555556  1543.209877  -0.00004362222896143226
 -555.555556  1666.666667  -0.00004167594581629248
 -555.555556  1790.123457  -0.00003984000960399949
 -555.555556  1913.580247  -0.00003824611867168034
 -555.555556  2037.037037  -0.00003729673556294769
 -555.555556  2160.493827  -0.00003673957938700562
 -555.555556  2283.950617  -0.00003660478184821289
 -555.555556  2407.407407  -0.00003551175993761510
 -555.555556  2530.864198  -0.00003483065816043477
 -555.555556  2654.320988  -0.00003439763253030772
 -555.555556  2777.777778  -0.00003390727636007373
 -555.555556  2901.234568  -0.00003344298176469581
 -555.555556  3024.691358  -0.00003291347275799385
 -555.555556  3148.148148  -0.00003243172202451127
 -555.555556  3271.604938  -0.00003208552126818097
 -555.555556  3395.061728  -0.00003175787236135140
 -555.555556  3518.518519  -0.00003155509828088938
 -555.555556  3641.975309  -0.00003104391460649715
 -555.555556  3765.432099  -0.00003048501442875551
 -555.555556  3888.888889  -0.00003026805460395584
 -555.555556  4012.345679  -0.00002921990398310241
 -555.555556  4135.802469  -0.00002888938292075193
 -555.555556  4259.259259  -0.00002875816143849234
 -555.555556  4382.716049  -0.00002781267279146002
 -555.555556  4506.172840  -0.00002671355104411383
 -555.555556  4629.629630  -0.00002662717782932925
 -555.555556  4753.086420  -0.00002579457777394565
 -555.555556  4876.543210  -0.00002506391991968018

 -432.098765 -5000.000000  -0.00000572502234840975
 -432.098765 -4876.543210  -0.00001968575466858601
 -432.098765 -4753.086420  -0.00002027674953599123
 -432.098765 -4629.629630  -0.00002094282736410138
 -432.098765 -4506.172840  -0.00002101778301973796
 -432.098765 -4382.716049  -0.00002188525228757430
 -432.098765 -4259.259259  -0.00002263338199985081
 -432.098765 -4135.802469  -0.00002274394731852975
 -432.098765 -4012.345679  -0.00002301008751765359
 -432.098765 -3888.888889  -0.00002383740110611863
 -432.098765 -3765.432099  -0.00002401442296591487
 -432.098765 -3641.975309  -0.00002445755403590846
 -432.098765 -3518.518519  -0.00002486364885407800
 -432.098765 -3395.061728  -0.00002502691972478254
 -432.098765 -3271.604938  -0.00002528814346386001
 -432.098765 -3148.148148  -0.00002556435026303100
 -432.098765 -3024.691358  -0.00002594816213005717
 -432.098765 -2901.234568  -0.00002637056845358338
 -432.098765 -2777.777778  -0.00002674132184146747
 -432.098765 -2654.320988  -0.00002713145654035868
 -432.098765 -2530.864198  -0.00002747444813764165
 -432.098765 -2407.407407  -0.00002802583456876271
 -432.098765 -2283.950617  -0.00002889730160701577
 -432.098765 -2160.493827  -0.00002900031526450670
 -432.098765 -2037.037037  -0.00002944177055857845
 -432.098765 -1913.580247  -0.00003020101295088539
 -432.098765 -1790.123457  -0.00003147754605580136
 -432.098765 -1666.666667  -0.00003294968317899266
 -432.098765 -1543.209877  -0.00003451124020736419
 -432.098765 -1419.753086  -0.00003619084493279457
 -432.098765 -1296.296296  -0.00003856014805136750
 -432.098765 -1172.839506  -0.00004087171314258095
 -432.098765 -1049.382716  -0.00004486824469619245
 -432.098765  -925.925926  -0.00005008283963263072
 -432.098765  -802.469136  -0.00005796782815597443
 -432.098765  -679.012346  -0.00006902624006592806
 -432.098765  -555.555556  -0.00008384050381073990
 -432.098765  -432.098765  -0.00010189004415996059
 -432.098765  -308.641975  -0.00012156907609520092
 -432.098765  -185.185185  -0.00013970521377336799
 -432.098765   -61.728395  -0.00015127846650897834
 -432.098765    61.728395  -0.00015127846650901642
 -432.098765   185.185185  -0.00013970521377343957
 -432.098765   308.641975  -0.00012156907609526961
 -432.098765   432.098765  -0.00010189004416001109
 -432.098765   555.555556  -0.00008384050381076829
 -432.098765   679.012346  -0.00006902624006594083
 -432.098765   802.469136  -0.00005796782815597361
 -432.098765   925.925926  -0.00005008283963262492
 -432.098765  1049.382716  -0.00004486824469618712
 -432.098765  1172.839506  -0.00004087171314257794
 -432.098765  1296.296296  -0.00003856014805137056
 -432.098765  1419.753086  -0.00003619084493280310
 -432.098765  1543.209877  -0.00003451124020737558
 -432.098765  1666.666667  -0.00003294968317900772
 -432.098765  1790.123457  -0.00003147754605581890
 -432.098765  1913.580247  -0.00003020101295090593
 -432.098765  2037.037037  -0.00002944177055860285
 -432.098765  2160.493827  -0.00002900031526453548
 -432.098765  2283.950617  -0.00002889730160705230
 -432.098765  2407.407407  -0.00002802583456879994
 -432.098765  2530.864198  -0.00002747444813768616
 -432.098765  2654.320988  -0.00002713145654039929
 -432.098765  2777.777778  -0.00002674132184151149
 -432.098765  2901.234568  -0.00002637056845363371
 -432.098765  3024.691358  -0.00002594816213011197
 -432.098765  3148.148148  -0.00002556435026309018
 -432.098765  3271.604938  -0.00002528814346392220
 -432.098765  3395.061728  -0.00002502691972484684
 -432.098765  3518.518519  -0.00002486364885414465
 -432.098765  3641.975309  -0.00002445755403597705
 -432.098765  3765.432099  -0.00002401442296598709
 -432.098765  3888.888889  -0.00002383740110620093
 -432.098765  4012.345679  -0.00002301008751773752
 -432.098765  4135.802469  -0.00002274394731862211
 -432.098765  4259.259259  -0.00002263338199995394
 -432.098765  4382.716049  -0.00002188525228768059
 -432.098765  4506.172840  -0.00002101778301984582
 -432.098765  4629.629630  -0.00002094282736421968
 -432.098765  4753.086420  -0.00002027674953612006
 -432.098765  4876.543210  -0.00001968575466873897

 -308.641975 -5000.000000  -0.00000412868436218484
 -308.641975 -4876.543210  -0.00001418411874737307
 -308.641975 -4753.086420  -0.00001461401931157066
 -308.641975 -4629.629630  -0.00001509961116620386
 -308.641975 -4506.172840  -0.00001515738020498628
 -308.641975 -4382.716049  -0.00001578489687097912
 -308.641975 -4259.259259  -0.00001632592231949158
 -308.641975 -4135.802469  -0.00001640729261158581
 -308.641975 -4012.345679  -0.00001660062006799996
 -308.641975 -3888.888889  -0.00001719768330748669
 -308.641975 -3765.432099  -0.00001732738760783035
 -308.641975 -3641.975309  -0.00001764956862777178
 -308.641975 -3518.518519  -0.00001794511871565427
 -308.641975 -3395.061728  -0.00001806553740993506
 -308.641975 -3271.604938  -0.00001825527926838548
 -308.641975 -3148.148148  -0.00001845548272299340
 -308.641975 -3024.691358  -0.00001873299213484288
 -308.641975 -2901.234568  -0.00001903830285439355
 -308.641975 -2777.777778  -0.00001930686587300208
 -308.641975 -2654.320988  -0.00001959324244427152
 -308.641975 -2530.864198  -0.00001985852130200789
 -308.641975 -2407.407407  -0.00002029467680617448
 -308.641975 -2283.950617  -0.00002093775951397159
 -308.641975 -2160.493827  -0.00002101167816023285
 -308.641975 -2037.037037  -0.00002133035018714625
 -308.641975 -1913.580247  -0.00002188357477007678
 -308.641975 -1790.123457  -0.00002281618433824772
 -308.641975 -1666.666667  -0.00002389308752755460
 -308.641975 -1543.209877  -0.00002503772640093786
 -308.641975 -1419.753086  -0.00002626591491245434
 -308.641975 -1296.296296  -0.00002799662148153171
 -308.641975 -1172.839506  -0.00002958032316296462
 -308.641975 -1049.382716  -0.00003249724671540848
 -308.641975  -925.925926  -0.00003629403753094451
 -308.641975  -802.469136  -0.00004204682424617297
 -308.641975  -679.012346  -0.00005011231104503653
 -308.641975  -555.555556  -0.00006092929543831211
 -308.641975  -432.098765  -0.00007411594411791107
 -308.641975  -308.641975  -0.00008850441058902031
 -308.641975  -185.185185  -0.00010177878384806520
 -308.641975   -61.728395  -0.00011026791353063576
 -308.641975    61.728395  -0.00011026791353066827
 -308.641975   185.185185  -0.00010177878384813171
 -308.641975   308.641975  -0.00008850441058909458
 -308.641975   432.098765  -0.00007411594411798153
 -308.641975   555.555556  -0.00006092929543837551
 -308.641975   679.012346  -0.00005011231104509421
 -308.641975   802.469136  -0.00004204682424622606
 -308.641975   925.925926  -0.00003629403753099793
 -308.641975  1049.382716  -0.00003249724671546669
 -308.641975  1172.839506  -0.00002958032316302813
 -308.641975  1296.296296  -0.00002799662148160479
 -308.641975  1419.753086  -0.00002626591491253484
 -308.641975  1543.209877  -0.00002503772640102454
 -308.641975  1666.666667  -0.00002389308752764850
 -308.641975  1790.123457  -0.00002281618433834762
 -308.641975  1913.580247  -0.00002188357477018252
 -308.641975  2037.037037  -0.00002133035018725809
 -308.641975  2160.493827  -0.00002101167816035164
 -308.641975  2283.950617  -0.00002093775951410135
 -308.641975  2407.407407  -0.00002029467680630937
 -308.641975  2530.864198  -0.00001985852130214858
 -308.641975  2654.320988  -0.00001959324244441623
 -308.641975  2777.777778  -0.00001930686587315302
 -308.641975  2901.234568  -0.00001903830285455116
 -308.641975  3024.691358  -0.00001873299213500539
 -308.641975  3148.148148  -0.00001845548272316151
 -308.641975  3271.604938  -0.00001825527926855924
 -308.641975  3395.061728  -0.00001806553741011433
 -308.641975  3518.518519  -0.00001794511871583952
 -308.641975  3641.975309  -0.00001764956862796011
 -308.641975  3765.432099  -0.00001732738760802341
 -308.641975  3888.888889  -0.00001719768330768849
 -308.641975  4012.345679  -0.00001660062006820054
 -308.641975  4135.802469  -0.00001640729261179330
 -308.641975  4259.259259  -0.00001632592231970863
 -308.641975  4382.716049  -0.00001578489687119765
 -308.641975  4506.172840  -0.00001515738020520547
 -308.641975  4629.629630  -0.00001509961116643430
 -308.641975  4753.086420  -0.00001461401931180547
 -308.641975  4876.543210  -0.00001418411874761666

 -185.185185 -5000.000000  -0.00000247039332398043
 -185.185185 -4876.543210  -0.00000846284955247900
 -185.185185 -4753.086420  -0.00000871694034218683
 -185.185185 -4629.629630  -0.00000900953329817255
 -185.185185 -4506.172840  -0.00000904644889427093
 -185.185185 -4382.716049  -0.00000942269921750046
 -185.185185 -4259.259259  -0.00000974604056943985
 -185.185185 -4135.802469  -0.00000979377337174665
 -185.185185 -4012.345679  -0.00000990784973807007
 -185.185185 -3888.888889  -0.00001026340760572129
 -185.185185 -3765.432099  -0.00001034147250550331
 -185.185185 -3641.975309  -0.00001053255054395679
 -185.185185 -3518.518519  -0.00001071184555953945
 -185.185185 -3395.061728  -0.00001078565608159254
 -185.185185 -3271.604938  -0.00001089965712048074
 -185.185185 -3148.148148  -0.00001101871419171202
 -185.185185 -3024.691358  -0.00001118298955752130
 -185.185185 -2901.234568  -0.00001136309304573096
 -185.185185 -2777.777778  -0.00001152231371747722
 -185.185185 -2654.320988  -0.00001169975354765838
 -185.185185 -2530.864198  -0.00001188735026956399
 -185.185185 -2407.407407  -0.00001219798284225559
 -185.185185 -2283.950617  -0.00001260104894659230
 -185.185185 -2160.493827  -0.00001264628246461464
 -185.185185 -2037.037037  -0.00001283545251504404
 -185.185185 -1913.580247  -0.00001316805626000731
 -185.185185 -1790.123457  -0.00001373163166595595
 -185.185185 -1666.666667  -0.00001438498455623167
 -185.185185 -1543.209877  -0.00001508036581135034
 -185.185185 -1419.753086  -0.00001582927327055315
 -185.185185 -1296.296296  -0.00001687914906571921
 -185.185185 -1172.839506  -0.00001790353973082513
 -185.185185 -1049.382716  -0.00001966951892229058
 -185.185185  -925.925926  -0.00002197742071698386
 -185.185185  -802.469136  -0.00002546790747024219
 -185.185185  -679.012346  -0.00003036858399745115
 -185.185185  -555.555556  -0.00003693979986483711
 -185.185185  -432.098765  -0.00004495626480831887
 -185.185185  -308.641975  -0.00005370892924321529
 -185.185185  -185.185185  -0.00006178951546471666
 -185.185185   -61.728395  -0.00006696260543329085
 -185.185185    61.728395  -0.00006696260543331711
 -185.185185   185.185185  -0.00006178951546477700
 -185.185185   308.641975  -0.00005370892924329607
 -185.185185   432.098765  -0.00004495626480841305
 -185.185185   555.555556  -0.00003693979986494076
 -185.185185   679.012346  -0.00003036858399756150
 -185.185185   802.469136  -0.00002546790747035824
 -185.185185   925.925926  -0.00002197742071710681
 -185.185185  1049.382716  -0.00001966951892242380
 -185.185185  1172.839506  -0.00001790353973096772
 -185.185185  1296.296296  -0.00001687914906587044
 -185.185185  1419.753086  -0.00001582927327071455
 -185.185185  1543.209877  -0.00001508036581152178
 -185.185185  1666.666667  -0.00001438498455641460
 -185.185185  1790.123457  -0.00001373163166614927
 -185.185185  1913.580247  -0.00001316805626020972
 -185.185185  2037.037037  -0.00001283545251525495
 -185.185185  2160.493827  -0.00001264628246483581
 -185.185185  2283.950617  -0.00001260104894682815
 -185.185185  2407.407407  -0.00001219798284250198
 -185.185185  2530.864198  -0.00001188735026981429
 -185.185185  2654.320988  -0.00001169975354792276
 -185.185185  2777.777778  -0.00001152231371775134
 -185.185185  2901.234568  -0.00001136309304601217
 -185.185185  3024.691358  -0.00001118298955780805
 -185.185185  3148.148148  -0.00001101871419200571
 -185.185185  3271.604938  -0.00001089965712078356
 -185.185185  3395.061728  -0.00001078565608190534
 -185.185185  3518.518519  -0.00001071184555986225
 -185.185185  3641.975309  -0.00001053255054428497
 -185.185185  3765.432099  -0.00001034147250583110
 -185.185185  3888.888889  -0.00001026340760605521
 -185.185185  4012.345679  -0.00000990784973840022
 -185.185185  4135.802469  -0.00000979377337208179
 -185.185185  4259.259259  -0.00000974604056978380
 -185.185185  4382.716049  -0.00000942269921784468
 -185.185185  4506.172840  -0.00000904644889461587
 -185.185185  4629.629630  -0.00000900953329853057
 -185.185185  4753.086420  -0.00000871694034254286
 -185.185185  4876.543210  -0.00000846284955282604

  -61.728395 -5000.000000  -0.00000081593005759773
  -61.728395 -4876.543210  -0.00000279547277009378
  -61.728395 -4753.086420  -0.00000287851962778036
  -61.728395 -4629.629630  -0.00000297555614378495
  -61.728395 -4506.172840  -0.00000298812741799645
  -61.728395 -4382.716049  -0.00000311304884568251
  -61.728395 -4259.259259  -0.00000322036857765820
  -61.728395 -4135.802469  -0.00000323635324289192
  -61.728395 -4012.345679  -0.00000327413818214883
  -61.728395 -3888.888889  -0.00000339176716152511
  -61.728395 -3765.432099  -0.00000341806223063722
  -61.728395 -3641.975309  -0.00000348323570126846
  -61.728395 -3518.518519  -0.00000354263472388716
  -61.728395 -3395.061728  -0.00000356745140966545
  -61.728395 -3271.604938  -0.00000360588058187120
  -61.728395 -3148.148148  -0.00000364568567172549
  -61.728395 -3024.691358  -0.00000369993876174851
  -61.728395 -2901.234568  -0.00000375941964200166
  -61.728395 -2777.777778  -0.00000381266127588862
  -61.728395 -2654.320988  -0.00000387279453644754
  -61.728395 -2530.864198  -0.00000393465966211564
  -61.728395 -2407.407407  -0.00000403417401668373
  -61.728395 -2283.950617  -0.00000417013699610512
  -61.728395 -2160.493827  -0.00000418616587446653
  -61.728395 -2037.037037  -0.00000424897925221838
  -61.728395 -1913.580247  -0.00000435913577746655
  -61.728395 -1790.123457  -0.00000454661838114634
  -61.728395 -1666.666667  -0.00000476466236219204
  -61.728395 -1543.209877  -0.00000499589108663196
  -61.728395 -1419.753086  -0.00000524535435815516
  -61.728395 -1296.296296  -0.00000559476745542447
  -61.728395 -1172.839506  -0.00000598873949824031
  -61.728395 -1049.382716  -0.00000657691620546486
  -61.728395  -925.925926  -0.00000735089834386153
  -61.728395  -802.469136  -0.00000851810438935456
  -61.728395  -679.012346  -0.00001016049644461253
  -61.728395  -555.555556  -0.00001236034248196872
  -61.728395  -432.098765  -0.00001504441616368120
  -61.728395  -308.641975  -0.00001797383977522493
  -61.728395  -185.185185  -0.00002067456814799788
  -61.728395   -61.728395  -0.00002239399998703493
  -61.728395    61.728395  -0.00002239399998705606
  -61.728395   185.185185  -0.00002067456814805359
  -61.728395   308.641975  -0.00001797383977531452
  -61.728395   432.098765  -0.00001504441616380168
  -61.728395   555.555556  -0.00001236034248211476
  -61.728395   679.012346  -0.00001016049644477809
  -61.728395   802.469136  -0.00000851810438953558
  -61.728395   925.925926  -0.00000735089834405631
  -61.728395  1049.382716  -0.00000657691620567514
  -61.728395  1172.839506  -0.00000598873949846383
  -61.728395  1296.296296  -0.00000559476745566965
  -61.728395  1419.753086  -0.00000524535435841405
  -61.728395  1543.209877  -0.00000499589108690568
  -61.728395  1666.666667  -0.00000476466236248229
  -61.728395  1790.123457  -0.00000454661838145198
  -61.728395  1913.580247  -0.00000435913577778538
  -61.728395  2037.037037  -0.00000424897925254916
  -61.728395  2160.493827  -0.00000418616587481139
  -61.728395  2283.950617  -0.00000417013699646854
  -61.728395  2407.407407  -0.00000403417401706399
  -61.728395  2530.864198  -0.00000393465966249766
  -61.728395  2654.320988  -0.00000387279453685536
  -61.728395  2777.777778  -0.00000381266127630989
  -61.728395  2901.234568  -0.00000375941964243044
  -61.728395  3024.691358  -0.00000369993876218355
  -61.728395  3148.148148  -0.00000364568567216930
  -61.728395  3271.604938  -0.00000360588058232868
  -61.728395  3395.061728  -0.00000356745141013742
  -61.728395  3518.518519  -0.00000354263472437434
  -61.728395  3641.975309  -0.00000348323570176252
  -61.728395  3765.432099  -0.00000341806223114198
  -61.728395  3888.888889  -0.00000339176716203571
  -61.728395  4012.345679  -0.00000327413818265262
  -61.728395  4135.802469  -0.00000323635324339842
  -61.728395  4259.259259  -0.00000322036857817194
  -61.728395  4382.716049  -0.00000311304884619565
  -61.728395  4506.172840  -0.00000298812741851154
  -61.728395  4629.629630  -0.00000297555614431623
  -61.728395  4753.086420  -0.00000287851962829987
  -61.728395  4876.543210  -0.00000279547277058054

   61.728395 -5000.000000  0.00000081593005785132
   61.728395 -4876.543210  0.00000279547277070483
   61.728395 -4753.086420  0.00000287851962835395
   61.728395 -4629.629630  0.00000297555614436660
   61.728395 -4506.172840  0.00000298812741857201
   61.728395 -4382.716049  0.00000311304884628162
   61.728395 -4259.259259  0.00000322036857827421
   61.728395 -4135.802469  0.00000323635324349711
   61.728395 -4012.345679  0.00000327413818274372
   61.728395 -3888.888889  0.00000339176716212303
   61.728395 -3765.432099  0.00000341806223121632
   61.728395 -3641.975309  0.00000348323570183382
   61.728395 -3518.518519  0.00000354263472444519
   61.728395 -3395.061728  0.00000356745141021220
   61.728395 -3271.604938  0.00000360588058240913
   61.728395 -3148.148148  0.00000364568567225256
   61.728395 -3024.691358  0.00000369993876226238
   61.728395 -2901.234568  0.00000375941964249673
   61.728395 -2777.777778  0.00000381266127636022
   61.728395 -2654.320988  0.00000387279453689582
   61.728395 -2530.864198  0.00000393465966254895
   61.728395 -2407.407407  0.00000403417401709490
   61.728395 -2283.950617  0.00000417013699648415
   61.728395 -2160.493827  0.00000418616587482200
   61.728395 -2037.037037  0.00000424897925255051
   61.728395 -1913.580247  0.00000435913577776904
   61.728395 -1790.123457  0.00000454661838141045
   61.728395 -1666.666667  0.00000476466236241021
   61.728395 -1543.209877  0.00000499589108679977
   61.728395 -1419.753086  0.00000524535435827009
   61.728395 -1296.296296  0.00000559476745548032
   61.728395 -1172.839506  0.00000598873949821695
   61.728395 -1049.382716  0.00000657691620535051
   61.728395  -925.925926  0.00000735089834362245
   61.728395  -802.469136  0.00000851810438894406
   61.728395  -679.012346  0.00001016049644396342
   61.728395  -555.555556  0.00001236034248099883
   61.728395  -432.098765  0.00001504441616231189
   61.728395  -308.641975  0.00001797383977341162
   61.728395  -185.185185  0.00002067456814577125
   61.728395   -61.728395  0.00002239399998454209
   61.728395    61.728395  0.00002239399998453057
   61.728395   185.185185  0.00002067456814572588
   61.728395   308.641975  0.00001797383977332222
   61.728395   432.098765  0.00001504441616217667
   61.728395   555.555556  0.00001236034248082353
   61.728395   679.012346  0.00001016049644375804
   61.728395   802.469136  0.00000851810438871464
   61.728395   925.925926  0.00000735089834337408
   61.728395  1049.382716  0.00000657691620508286
   61.728395  1172.839506  0.00000598873949793350
   61.728395  1296.296296  0.00000559476745517120
   61.728395  1419.753086  0.00000524535435794572
   61.728395  1543.209877  0.00000499589108645739
   61.728395  1666.666667  0.00000476466236204811
   61.728395  1790.123457  0.00000454661838102963
   61.728395  1913.580247  0.00000435913577737286
   61.728395  2037.037037  0.00000424897925214060
   61.728395  2160.493827  0.00000418616587439597
   61.728395  2283.950617  0.00000417013699603752
   61.728395  2407.407407  0.00000403417401662733
   61.728395  2530.864198  0.00000393465966208307
   61.728395  2654.320988  0.00000387279453639677
   61.728395  2777.777778  0.00000381266127584494
   61.728395  2901.234568  0.00000375941964197381
   61.728395  3024.691358  0.00000369993876173295
   61.728395  3148.148148  0.00000364568567171339
   61.728395  3271.604938  0.00000360588058185375
   61.728395  3395.061728  0.00000356745140963911
   61.728395  3518.518519  0.00000354263472385396
   61.728395  3641.975309  0.00000348323570123479
   61.728395  3765.432099  0.00000341806223060619
   61.728395  3888.888889  0.00000339176716150870
   61.728395  4012.345679  0.00000327413818213863
   61.728395  4135.802469  0.00000323635324289139
   61.728395  4259.259259  0.00000322036857766268
   61.728395  4382.716049  0.00000311304884567229
   61.728395  4506.172840  0.00000298812741796153
   61.728395  4629.629630  0.00000297555614373952
   61.728395  4753.086420  0.00000287851962774455
   61.728395  4876.543210  0.00000279547277014324

  185.185185 -5000.000000  0.00000247039332418098
  185.185185 -4876.543210  0.00000846284955299799
  185.185185 -4753.086420  0.00000871694034266819
  185.185185 -4629.629630  0.00000900953329865752
  185.185185 -4506.172840  0.00000904644889475269
  185.185185 -4382.716049  0.00000942269921800582
  185.185185 -4259.259259  0.00000974604056996095
  185.185185 -4135.802469  0.00000979377337225666
  185.185185 -4012.345679  0.00000990784973857017
  185.185185 -3888.888889  0.00001026340760622488
  185.185185 -3765.432099  0.00001034147250599079
  185.185185 -3641.975309  0.00001053255054444398
  185.185185 -3518.518519  0.00001071184556001961
  185.185185 -3395.061728  0.00001078565608206324
  185.185185 -3271.604938  0.00001089965712094359
  185.185185 -3148.148148  0.00001101871419216593
  185.185185 -3024.691358  0.00001118298955796320
  185.185185 -2901.234568  0.00001136309304615544
  185.185185 -2777.777778  0.00001152231371787974
  185.185185 -2654.320988  0.00001169975354803993
  185.185185 -2530.864198  0.00001188735026993517
  185.185185 -2407.407407  0.00001219798284260877
  185.185185 -2283.950617  0.00001260104894691765
  185.185185 -2160.493827  0.00001264628246491763
  185.185185 -2037.037037  0.00001283545251532566
  185.185185 -1913.580247  0.00001316805626026250
  185.185185 -1790.123457  0.00001373163166617751
  185.185185 -1666.666667  0.00001438498455641259
  185.185185 -1543.209877  0.00001508036581148657
  185.185185 -1419.753086  0.00001582927327064235
  185.185185 -1296.296296  0.00001687914906575520
  185.185185 -1172.839506  0.00001790353973080241
  185.185185 -1049.382716  0.00001966951892218361
  185.185185  -925.925926  0.00002197742071676178
  185.185185  -802.469136  0.00002546790746986298
  185.185185  -679.012346  0.00003036858399685265
  185.185185  -555.555556  0.00003693979986394519
  185.185185  -432.098765  0.00004495626480705930
  185.185185  -308.641975  0.00005370892924154669
  185.185185  -185.185185  0.00006178951546266706
  185.185185   -61.728395  0.00006696260543099286
  185.185185    61.728395  0.00006696260543099058
  185.185185   185.185185  0.00006178951546263506
  185.185185   308.641975  0.00005370892924146297
  185.185185   432.098765  0.00004495626480691716
  185.185185   555.555556  0.00003693979986375067
  185.185185   679.012346  0.00003036858399661890
  185.185185   802.469136  0.00002546790746959807
  185.185185   925.925926  0.00002197742071647389
  185.185185  1049.382716  0.00001966951892187335
  185.185185  1172.839506  0.00001790353973047476
  185.185185  1296.296296  0.00001687914906540967
  185.185185  1419.753086  0.00001582927327028102
  185.185185  1543.209877  0.00001508036581110608
  185.185185  1666.666667  0.00001438498455601072
  185.185185  1790.123457  0.00001373163166575520
  185.185185  1913.580247  0.00001316805625982428
  185.185185  2037.037037  0.00001283545251487359
  185.185185  2160.493827  0.00001264628246444898
  185.185185  2283.950617  0.00001260104894642711
  185.185185  2407.407407  0.00001219798284209509
  185.185185  2530.864198  0.00001188735026942604
  185.185185  2654.320988  0.00001169975354749527
  185.185185  2777.777778  0.00001152231371731722
  185.185185  2901.234568  0.00001136309304558505
  185.185185  3024.691358  0.00001118298955738654
  185.185185  3148.148148  0.00001101871419157986
  185.185185  3271.604938  0.00001089965712034087
  185.185185  3395.061728  0.00001078565608144116
  185.185185  3518.518519  0.00001071184555937851
  185.185185  3641.975309  0.00001053255054379443
  185.185185  3765.432099  0.00001034147250534072
  185.185185  3888.888889  0.00001026340760557373
  185.185185  4012.345679  0.00000990784973793037
  185.185185  4135.802469  0.00000979377337161786
  185.185185  4259.259259  0.00000974604056931737
  185.185185  4382.716049  0.00000942269921736642
  185.185185  4506.172840  0.00000904644889411485
  185.185185  4629.629630  0.00000900953329800519
  185.185185  4753.086420  0.00000871694034203608
  185.185185  4876.543210  0.00000846284955242041

  308.641975 -5000.000000  0.00000412868436237328
  308.641975 -4876.543210  0.00001418411874787973
  308.641975 -4753.086420  0.00001461401931204455
  308.641975 -4629.629630  0.00001509961116668228
  308.641975 -4506.172840  0.00001515738020546111
  308.641975 -4382.716049  0.00001578489687147651
  308.641975 -4259.259259  0.00001632592232000414
  308.641975 -4135.802469  0.00001640729261208829
  308.641975 -4012.345679  0.00001660062006849341
  308.641975 -3888.888889  0.00001719768330798450
  308.641975 -3765.432099  0.00001732738760831246
  308.641975 -3641.975309  0.00001764956862824735
  308.641975 -3518.518519  0.00001794511871612406
  308.641975 -3395.061728  0.00001806553741039566
  308.641975 -3271.604938  0.00001825527926883885
  308.641975 -3148.148148  0.00001845548272343815
  308.641975 -3024.691358  0.00001873299213527678
  308.641975 -2901.234568  0.00001903830285481168
  308.641975 -2777.777778  0.00001930686587340020
  308.641975 -2654.320988  0.00001959324244465024
  308.641975 -2530.864198  0.00001985852130237629
  308.641975 -2407.407407  0.00002029467680652614
  308.641975 -2283.950617  0.00002093775951429764
  308.641975 -2160.493827  0.00002101167816053823
  308.641975 -2037.037037  0.00002133035018743212
  308.641975 -1913.580247  0.00002188357477033840
  308.641975 -1790.123457  0.00002281618433847873
  308.641975 -1666.666667  0.00002389308752774855
  308.641975 -1543.209877  0.00002503772640109108
  308.641975 -1419.753086  0.00002626591491256473
  308.641975 -1296.296296  0.00002799662148159416
  308.641975 -1172.839506  0.00002958032316296540
  308.641975 -1049.382716  0.00003249724671533532
  308.641975  -925.925926  0.00003629403753077014
  308.641975  -802.469136  0.00004204682424586083
  308.641975  -679.012346  0.00005011231104453167
  308.641975  -555.555556  0.00006092929543754843
  308.641975  -432.098765  0.00007411594411682264
  308.641975  -308.641975  0.00008850441058757000
  308.641975  -185.185185  0.00010177878384627646
  308.641975   -61.728395  0.00011026791352862303
  308.641975    61.728395  0.00011026791352862897
  308.641975   185.185185  0.00010177878384625494
  308.641975   308.641975  0.00008850441058748852
  308.641975   432.098765  0.00007411594411667068
  308.641975   555.555556  0.00006092929543733265
  308.641975   679.012346  0.00005011231104426819
  308.641975   802.469136  0.00004204682424555963
  308.641975   925.925926  0.00003629403753044258
  308.641975  1049.382716  0.00003249724671498320
  308.641975  1172.839506  0.00002958032316259433
  308.641975  1296.296296  0.00002799662148119787
  308.641975  1419.753086  0.00002626591491215153
  308.641975  1543.209877  0.00002503772640065659
  308.641975  1666.666667  0.00002389308752729046
  308.641975  1790.123457  0.00002281618433799781
  308.641975  1913.580247  0.00002188357476984011
  308.641975  2037.037037  0.00002133035018691886
  308.641975  2160.493827  0.00002101167816000712
  308.641975  2283.950617  0.00002093775951374336
  308.641975  2407.407407  0.00002029467680594563
  308.641975  2530.864198  0.00001985852130180154
  308.641975  2654.320988  0.00001959324244403449
  308.641975  2777.777778  0.00001930686587276478
  308.641975  2901.234568  0.00001903830285416862
  308.641975  3024.691358  0.00001873299213462746
  308.641975  3148.148148  0.00001845548272277926
  308.641975  3271.604938  0.00001825527926816163
  308.641975  3395.061728  0.00001806553740969730
  308.641975  3518.518519  0.00001794511871540436
  308.641975  3641.975309  0.00001764956862751912
  308.641975  3765.432099  0.00001732738760757838
  308.641975  3888.888889  0.00001719768330725039
  308.641975  4012.345679  0.00001660062006777296
  308.641975  4135.802469  0.00001640729261137088
  308.641975  4259.259259  0.00001632592231928415
  308.641975  4382.716049  0.00001578489687076250
  308.641975  4506.172840  0.00001515738020474999
  308.641975  4629.629630  0.00001509961116595735
  308.641975  4753.086420  0.00001461401931134566
  308.641975  4876.543210  0.00001418411874724854

  432.098765 -5000.000000  0.00000572502234859193
  432.098765 -4876.543210  0.00001968575466907978
  432.098765 -4753.086420  0.00002027674953645724
  432.098765 -4629.629630  0.00002094282736457215
  432.098765 -4506.172840  0.00002101778302020477
  432.098765 -4382.716049  0.00002188525228806199
  432.098765 -4259.259259  0.00002263338200035275
  432.098765 -4135.802469  0.00002274394731902214
  432.098765 -4012.345679  0.00002301008751813786
  432.098765 -3888.888889  0.00002383740110660750
  432.098765 -3765.432099  0.00002401442296638933
  432.098765 -3641.975309  0.00002445755403637748
  432.098765 -3518.518519  0.00002486364885454144
  432.098765 -3395.061728  0.00002502691972523692
  432.098765 -3271.604938  0.00002528814346430714
  432.098765 -3148.148148  0.00002556435026346978
  432.098765 -3024.691358  0.00002594816213048549
  432.098765 -2901.234568  0.00002637056845399710
  432.098765 -2777.777778  0.00002674132184186240
  432.098765 -2654.320988  0.00002713145654073493
  432.098765 -2530.864198  0.00002747444813800670
  432.098765 -2407.407407  0.00002802583456911093
  432.098765 -2283.950617  0.00002889730160733954
  432.098765 -2160.493827  0.00002900031526481088
  432.098765 -2037.037037  0.00002944177055886428
  432.098765 -1913.580247  0.00003020101295114862
  432.098765 -1790.123457  0.00003147754605603653
  432.098765 -1666.666667  0.00003294968317919336
  432.098765 -1543.209877  0.00003451124020752687
  432.098765 -1419.753086  0.00003619084493291754
  432.098765 -1296.296296  0.00003856014805144601
  432.098765 -1172.839506  0.00004087171314260429
  432.098765 -1049.382716  0.00004486824469614840
  432.098765  -925.925926  0.00005008283963249448
  432.098765  -802.469136  0.00005796782815571360
  432.098765  -679.012346  0.00006902624006549278
  432.098765  -555.555556  0.00008384050381006934
  432.098765  -432.098765  0.00010189004415899685
  432.098765  -308.641975  0.00012156907609390899
  432.098765  -185.185185  0.00013970521377176909
  432.098765   -61.728395  0.00015127846650717721
  432.098765    61.728395  0.00015127846650718940
  432.098765   185.185185  0.00013970521377175630
  432.098765   308.641975  0.00012156907609382722
  432.098765   432.098765  0.00010189004415883168
  432.098765   555.555556  0.00008384050380982812
  432.098765   679.012346  0.00006902624006519418
  432.098765   802.469136  0.00005796782815537013
  432.098765   925.925926  0.00005008283963212035
  432.098765  1049.382716  0.00004486824469574659
  432.098765  1172.839506  0.00004087171314218156
  432.098765  1296.296296  0.00003856014805099740
  432.098765  1419.753086  0.00003619084493245051
  432.098765  1543.209877  0.00003451124020703626
  432.098765  1666.666667  0.00003294968317867650
  432.098765  1790.123457  0.00003147754605549396
  432.098765  1913.580247  0.00003020101295058701
  432.098765  2037.037037  0.00002944177055828637
  432.098765  2160.493827  0.00002900031526421348
  432.098765  2283.950617  0.00002889730160671728
  432.098765  2407.407407  0.00002802583456845867
  432.098765  2530.864198  0.00002747444813736182
  432.098765  2654.320988  0.00002713145654004243
  432.098765  2777.777778  0.00002674132184114816
  432.098765  2901.234568  0.00002637056845327527
  432.098765  3024.691358  0.00002594816212975739
  432.098765  3148.148148  0.00002556435026273110
  432.098765  3271.604938  0.00002528814346354836
  432.098765  3395.061728  0.00002502691972445433
  432.098765  3518.518519  0.00002486364885373499
  432.098765  3641.975309  0.00002445755403556142
  432.098765  3765.432099  0.00002401442296556800
  432.098765  3888.888889  0.00002383740110578792
  432.098765  4012.345679  0.00002301008751733398
  432.098765  4135.802469  0.00002274394731822337
  432.098765  4259.259259  0.00002263338199955291
  432.098765  4382.716049  0.00002188525228726947
  432.098765  4506.172840  0.00002101778301941551
  432.098765  4629.629630  0.00002094282736376875
  432.098765  4753.086420  0.00002027674953568537
  432.098765  4876.543210  0.00001968575466838958

  555.555556 -5000.000000  0.00000728530851657454
  555.555556 -4876.543210  0.00002506391992010958
  555.555556 -4753.086420  0.00002579457777438303
  555.555556 -4629.629630  0.00002662717782978752
  555.555556 -4506.172840  0.00002671355104457796
  555.555556 -4382.716049  0.00002781267279194812
  555.555556 -4259.259259  0.00002875816143899989
  555.555556 -4135.802469  0.00002888938292126158
  555.555556 -4012.345679  0.00002921990398361403
  555.555556 -3888.888889  0.00003026805460447606
  555.555556 -3765.432099  0.00003048501442927278
  555.555556 -3641.975309  0.00003104391460701218
  555.555556 -3518.518519  0.00003155509828140001
  555.555556 -3395.061728  0.00003175787236185281
  555.555556 -3271.604938  0.00003208552126867432
  555.555556 -3148.148148  0.00003243172202499702
  555.555556 -3024.691358  0.00003291347275847287
  555.555556 -2901.234568  0.00003344298176516448
  555.555556 -2777.777778  0.00003390727636052967
  555.555556 -2654.320988  0.00003439763253074596
  555.555556 -2530.864198  0.00003483065816085094
  555.555556 -2407.407407  0.00003551175993802242
  555.555556 -2283.950617  0.00003660478184859274
  555.555556 -2160.493827  0.00003673957938737119
  555.555556 -2037.037037  0.00003729673556329712
  555.555556 -1913.580247  0.00003824611867200937
  555.555556 -1790.123457  0.00003984000960430160
  555.555556 -1666.666667  0.00004167594581655971
  555.555556 -1543.209877  0.00004362222896166273
  555.555556 -1419.753086  0.00004571874493744514
  555.555556 -1296.296296  0.00004868969036730223
  555.555556 -1172.839506  0.00005162342568414372
  555.555556 -1049.382716  0.00005662963595894174
  555.555556  -925.925926  0.00006314786135578693
  555.555556  -802.469136  0.00007299765086087516
  555.555556  -679.012346  0.00008680190501516587
  555.555556  -555.555556  0.00010528045707547165
  555.555556  -432.098765  0.00012777456593861646
  555.555556  -308.641975  0.00015227460276500139
  555.555556  -185.185185  0.00017482474964235133
  555.555556   -61.728395  0.00018917399622916898
  555.555556    61.728395  0.00018917399622918679
  555.555556   185.185185  0.00017482474964234448
  555.555556   308.641975  0.00015227460276491511
  555.555556   432.098765  0.00012777456593843149
  555.555556   555.555556  0.00010528045707519647
  555.555556   679.012346  0.00008680190501482220
  555.555556   802.469136  0.00007299765086047860
  555.555556   925.925926  0.00006314786135535335
  555.555556  1049.382716  0.00005662963595847593
  555.555556  1172.839506  0.00005162342568365336
  555.555556  1296.296296  0.00004868969036678260
  555.555556  1419.753086  0.00004571874493690459
  555.555556  1543.209877  0.00004362222896109469
  555.555556  1666.666667  0.00004167594581596146
  555.555556  1790.123457  0.00003984000960367384
  555.555556  1913.580247  0.00003824611867135947
  555.555556  2037.037037  0.00003729673556262865
  555.555556  2160.493827  0.00003673957938668018
  555.555556  2283.950617  0.00003660478184787341
  555.555556  2407.407407  0.00003551175993726836
  555.555556  2530.864198  0.00003483065816010590
  555.555556  2654.320988  0.00003439763252994426
  555.555556  2777.777778  0.00003390727635970305
  555.555556  2901.234568  0.00003344298176433002
  555.555556  3024.691358  0.00003291347275763165
  555.555556  3148.148148  0.00003243172202414405
  555.555556  3271.604938  0.00003208552126779772
  555.555556  3395.061728  0.00003175787236094836
  555.555556  3518.518519  0.00003155509828046794
  555.555556  3641.975309  0.00003104391460606876
  555.555556  3765.432099  0.00003048501442832350
  555.555556  3888.888889  0.00003026805460352984
  555.555556  4012.345679  0.00002921990398268608
  555.555556  4135.802469  0.00002888938292034025
  555.555556  4259.259259  0.00002875816143807797
  555.555556  4382.716049  0.00002781267279103433
  555.555556  4506.172840  0.00002671355104366742
  555.555556  4629.629630  0.00002662717782886070
  555.555556  4753.086420  0.00002579457777349351
  555.555556  4876.543210  0.00002506391991931839

  679.012346 -5000.000000  0.00000881924916391271
  679.012346 -4876.543210  0.00003036702566987491
  679.012346 -4753.086420  0.00003121257043653789
  679.012346 -4629.629630  0.00003219756974964650
  679.012346 -4506.172840  0.00003228715387090349
  679.012346 -4382.716049  0.00003361032992795525
  679.012346 -4259.259259  0.00003474348699329674
  679.012346 -4135.802469  0.00003488474257946711
  679.012346 -4012.345679  0.00003527039063793560
  679.012346 -3888.888889  0.00003653034850449068
  679.012346 -3765.432099  0.00003677872372876011
  679.012346 -3641.975309  0.00003744921484619736
  679.012346 -3518.518519  0.00003805978059039164
  679.012346 -3395.061728  0.00003829847464103921
  679.012346 -3271.604938  0.00003868662858430092
  679.012346 -3148.148148  0.00003909615275635026
  679.012346 -3024.691358  0.00003966683883357891
  679.012346 -2901.234568  0.00004029251859902637
  679.012346 -2777.777778  0.00004084067125422215
  679.012346 -2654.320988  0.00004142709395229872
  679.012346 -2530.864198  0.00004196624309082486
  679.012346 -2407.407407  0.00004280221805245969
  679.012346 -2283.950617  0.00004410989283861196
  679.012346 -2160.493827  0.00004427996941426478
  679.012346 -2037.037037  0.00004494412513066888
  679.012346 -1913.580247  0.00004606620538131482
  679.012346 -1790.123457  0.00004794945342506651
  679.012346 -1666.666667  0.00005011468411036238
  679.012346 -1543.209877  0.00005241028066980965
  679.012346 -1419.753086  0.00005487994393765218
  679.012346 -1296.296296  0.00005842203242361300
  679.012346 -1172.839506  0.00006170707146932203
  679.012346 -1049.382716  0.00006765403379750391
  679.012346  -925.925926  0.00007532636002254146
  679.012346  -802.469136  0.00008694246084718224
  679.012346  -679.012346  0.00010318773064115812
  679.012346  -555.555556  0.00012493042047929476
  679.012346  -432.098765  0.00015136211034783812
  679.012346  -308.641975  0.00018011477618356522
  679.012346  -185.185185  0.00020654330633361001
  679.012346   -61.728395  0.00022330735673057055
  679.012346    61.728395  0.00022330735673058743
  679.012346   185.185185  0.00020654330633360435
  679.012346   308.641975  0.00018011477618347285
  679.012346   432.098765  0.00015136211034763545
  679.012346   555.555556  0.00012493042047899050
  679.012346   679.012346  0.00010318773064077695
  679.012346   802.469136  0.00008694246084674085
  679.012346   925.925926  0.00007532636002205883
  679.012346  1049.382716  0.00006765403379698480
  679.012346  1172.839506  0.00006170707146877656
  679.012346  1296.296296  0.00005842203242303660
  679.012346  1419.753086  0.00005487994393705314
  679.012346  1543.209877  0.00005241028066918011
  679.012346  1666.666667  0.00005011468410969917
  679.012346  1790.123457  0.00004794945342437075
  679.012346  1913.580247  0.00004606620538059492
  679.012346  2037.037037  0.00004494412512992823
  679.012346  2160.493827  0.00004427996941349930
  679.012346  2283.950617  0.00004410989283781558
  679.012346  2407.407407  0.00004280221805162458
  679.012346  2530.864198  0.00004196624309000141
  679.012346  2654.320988  0.00004142709395141157
  679.012346  2777.777778  0.00004084067125330782
  679.012346  2901.234568  0.00004029251859810403
  679.012346  3024.691358  0.00003966683883264914
  679.012346  3148.148148  0.00003909615275540769
  679.012346  3271.604938  0.00003868662858333201
  679.012346  3395.061728  0.00003829847464003931
  679.012346  3518.518519  0.00003805978058936080
  679.012346  3641.975309  0.00003744921484515354
  679.012346  3765.432099  0.00003677872372771202
  679.012346  3888.888889  0.00003653034850344715
  679.012346  4012.345679  0.00003527039063691234
  679.012346  4135.802469  0.00003488474257845206
  679.012346  4259.259259  0.00003474348699228176
  679.012346  4382.716049  0.00003361032992694929
  679.012346  4506.172840  0.00003228715386990071
  679.012346  4629.629630  0.00003219756974862652
  679.012346  4753.086420  0.00003121257043556015
  679.012346  4876.543210  0.00003036702566900908

  802.469136 -5000.000000  0.00001027909252942384
  802.469136 -4876.543210  0.00003537559443681504
  802.469136 -4753.086420  0.00003631402302441846
  802.469136 -4629.629630  0.00003742246738446003
  802.469136 -4506.172840  0.00003751155191688557
  802.469136 -4382.716049  0.00003904220678815603
  802.469136 -4259.259259  0.00004034501685734755
  802.469136 -4135.802469  0.00004048537488337713
  802.469136 -4012.345679  0.00004091368570997352
  802.469136 -3888.888889  0.00004237115014539466
  802.469136 -3765.432099  0.00004263851003276658
  802.469136 -3641.975309  0.00004340754712156421
  802.469136 -3518.518519  0.00004410784462661794
  802.469136 -3395.061728  0.00004437613214024319
  802.469136 -3271.604938  0.00004481623252508906
  802.469136 -3148.148148  0.00004528031502979693
  802.469136 -3024.691358  0.00004592879208049168
  802.469136 -2901.234568  0.00004663776985368497
  802.469136 -2777.777778  0.00004725678362681658
  802.469136 -2654.320988  0.00004792805182006965
  802.469136 -2530.864198  0.00004857432860804985
  802.469136 -2407.407407  0.00004956480365029841
  802.469136 -2283.950617  0.00005105897458847513
  802.469136 -2160.493827  0.00005126179278215678
  802.469136 -2037.037037  0.00005202663099573812
  802.469136 -1913.580247  0.00005329944800869214
  802.469136 -1790.123457  0.00005542418293071292
  802.469136 -1666.666667  0.00005786398223758038
  802.469136 -1543.209877  0.00006045791485887059
  802.469136 -1419.753086  0.00006326623854439211
  802.469136 -1296.296296  0.00006727123421377709
  802.469136 -1172.839506  0.00007107155266041637
  802.469136 -1049.382716  0.00007780398803478283
  802.469136  -925.925926  0.00008650960235627179
  802.469136  -802.469136  0.00009964675846762124
  802.469136  -679.012346  0.00011800381477859914
  802.469136  -555.555556  0.00014253908740252869
  802.469136  -432.098765  0.00017233684236858947
  802.469136  -308.641975  0.00020470681865303902
  802.469136  -185.185185  0.00023440127738692359
  802.469136   -61.728395  0.00025317230764511161
  802.469136    61.728395  0.00025317230764513281
  802.469136   185.185185  0.00023440127738692337
  802.469136   308.641975  0.00020470681865294540
  802.469136   432.098765  0.00017233684236837664
  802.469136   555.555556  0.00014253908740220419
  802.469136   679.012346  0.00011800381477819099
  802.469136   802.469136  0.00009964675846714692
  802.469136   925.925926  0.00008650960235575328
  802.469136  1049.382716  0.00007780398803422544
  802.469136  1172.839506  0.00007107155265983016
  802.469136  1296.296296  0.00006727123421315767
  802.469136  1419.753086  0.00006326623854374789
  802.469136  1543.209877  0.00006045791485819415
  802.469136  1666.666667  0.00005786398223686872
  802.469136  1790.123457  0.00005542418292996613
  802.469136  1913.580247  0.00005329944800791970
  802.469136  2037.037037  0.00005202663099494320
  802.469136  2160.493827  0.00005126179278133545
  802.469136  2283.950617  0.00005105897458762123
  802.469136  2407.407407  0.00004956480364940276
  802.469136  2530.864198  0.00004857432860716781
  802.469136  2654.320988  0.00004792805181911988
  802.469136  2777.777778  0.00004725678362583752
  802.469136  2901.234568  0.00004663776985269728
  802.469136  3024.691358  0.00004592879207949705
  802.469136  3148.148148  0.00004528031502878877
  802.469136  3271.604938  0.00004481623252405283
  802.469136  3395.061728  0.00004437613213917343
  802.469136  3518.518519  0.00004410784462551474
  802.469136  3641.975309  0.00004340754712044746
  802.469136  3765.432099  0.00004263851003164456
  802.469136  3888.888889  0.00004237115014427872
  802.469136  4012.345679  0.00004091368570887953
  802.469136  4135.802469  0.00004048537488229261
  802.469136  4259.259259  0.00004034501685626388
  802.469136  4382.716049  0.00003904220678708242
  802.469136  4506.172840  0.00003751155191581523
  802.469136  4629.629630  0.00003742246738337196
  802.469136  4753.086420  0.00003631402302337693
  802.469136  4876.543210  0.00003537559443589714

  925.925926 -5000.000000  0.00001168066046683918
  925.925926 -4876.543210  0.00004026073505175962
  925.925926 -4753.086420  0.00004126664093482709
  925.925926 -4629.629630  0.00004248788909923752
  925.925926 -4506.172840  0.00004256166175335735
  925.925926 -4382.716049  0.00004428721760025089
  925.925926 -4259.259259  0.00004574853127255229
  925.925926 -4135.802469  0.00004587952663943285
  925.925926 -4012.345679  0.00004634280089577452
  925.925926 -3888.888889  0.00004798479895582899
  925.925926 -3765.432099  0.00004826622122779048
  925.925926 -3641.975309  0.00004912842955206663
  925.925926 -3518.518519  0.00004990996110537491
  925.925926 -3395.061728  0.00005020174543108956
  925.925926 -3271.604938  0.00005068701861288934
  925.925926 -3148.148148  0.00005119868661016710
  925.925926 -3024.691358  0.00005191649603785229
  925.925926 -2901.234568  0.00005269867486108059
  925.925926 -2777.777778  0.00005337895683672341
  925.925926 -2654.320988  0.00005412463526610888
  925.925926 -2530.864198  0.00005486815157956849
  925.925926 -2407.407407  0.00005597916384775811
  925.925926 -2283.950617  0.00005764110845090661
  925.925926 -2160.493827  0.00005787866293121963
  925.925926 -2037.037037  0.00005872927084583189
  925.925926 -1913.580247  0.00006012872733141101
  925.925926 -1790.123457  0.00006246353845906686
  925.925926 -1666.666667  0.00006513667861131716
  925.925926 -1543.209877  0.00006797527089726229
  925.925926 -1419.753086  0.00007104721099636708
  925.925926 -1296.296296  0.00007550080898758778
  925.925926 -1172.839506  0.00007954070243348598
  925.925926 -1049.382716  0.00008699215356285689
  925.925926  -925.925926  0.00009652476898313917
  925.925926  -802.469136  0.00011093534026971477
  925.925926  -679.012346  0.00013102451789568764
  925.925926  -555.555556  0.00015785818643815894
  925.925926  -432.098765  0.00019038651025667479
  925.925926  -308.641975  0.00022566127527301908
  925.925926  -185.185185  0.00025796369402354154
  925.925926   -61.728395  0.00027830739866689999
  925.925926    61.728395  0.00027830739866692444
  925.925926   185.185185  0.00025796369402354528
  925.925926   308.641975  0.00022566127527292489
  925.925926   432.098765  0.00019038651025645465
  925.925926   555.555556  0.00015785818643781994
  925.925926   679.012346  0.00013102451789526065
  925.925926   802.469136  0.00011093534026921743
  925.925926   925.925926  0.00009652476898259468
  925.925926  1049.382716  0.00008699215356227129
  925.925926  1172.839506  0.00007954070243286947
  925.925926  1296.296296  0.00007550080898693516
  925.925926  1419.753086  0.00007104721099568877
  925.925926  1543.209877  0.00006797527089655010
  925.925926  1666.666667  0.00006513667861056796
  925.925926  1790.123457  0.00006246353845828087
  925.925926  1913.580247  0.00006012872733059798
  925.925926  2037.037037  0.00005872927084499562
  925.925926  2160.493827  0.00005787866293035524
  925.925926  2283.950617  0.00005764110845000799
  925.925926  2407.407407  0.00005597916384681565
  925.925926  2530.864198  0.00005486815157864201
  925.925926  2654.320988  0.00005412463526511073
  925.925926  2777.777778  0.00005337895683569466
  925.925926  2901.234568  0.00005269867486004383
  925.925926  3024.691358  0.00005191649603680801
  925.925926  3148.148148  0.00005119868660910905
  925.925926  3271.604938  0.00005068701861180179
  925.925926  3395.061728  0.00005020174542996645
  925.925926  3518.518519  0.00004990996110421631
  925.925926  3641.975309  0.00004912842955089400
  925.925926  3765.432099  0.00004826622122661200
  925.925926  3888.888889  0.00004798479895465727
  925.925926  4012.345679  0.00004634280089462599
  925.925926  4135.802469  0.00004587952663829492
  925.925926  4259.259259  0.00004574853127141607
  925.925926  4382.716049  0.00004428721759912548
  925.925926  4506.172840  0.00004256166175223560
  925.925926  4629.629630  0.00004248788909809784
  925.925926  4753.086420  0.00004126664093373774
  925.925926  4876.543210  0.00004026073505080330

 1049.382716 -5000.000000  0.00001294390378456080
 1049.382716 -4876.543210  0.00004461812218166026
 1049.382716 -4753.086420  0.00004567182977417916
 1049.382716 -4629.629630  0.00004696741783548588
 1049.382716 -4506.172840  0.00004702263767479828
 1049.382716 -4382.716049  0.00004891577048994738
 1049.382716 -4259.259259  0.00005050972507714133
 1049.382716 -4135.802469  0.00005062223690575770
 1049.382716 -4012.345679  0.00005110665805994778
 1049.382716 -3888.888889  0.00005291161578213186
 1049.382716 -3765.432099  0.00005319418201101972
 1049.382716 -3641.975309  0.00005412664469265995
 1049.382716 -3518.518519  0.00005497491192859046
 1049.382716 -3395.061728  0.00005528040658943597
 1049.382716 -3271.604938  0.00005580005202870567
 1049.382716 -3148.148148  0.00005634881715771961
 1049.382716 -3024.691358  0.00005712334398768539
 1049.382716 -2901.234568  0.00005796476275982079
 1049.382716 -2777.777778  0.00005869112645736150
 1049.382716 -2654.320988  0.00005949134416238603
 1049.382716 -2530.864198  0.00006030555437419539
 1049.382716 -2407.407407  0.00006148007351905512
 1049.382716 -2283.950617  0.00006325871741250349
 1049.382716 -2160.493827  0.00006352284062846162
 1049.382716 -2037.037037  0.00006445092708370746
 1049.382716 -1913.580247  0.00006594786428776250
 1049.382716 -1790.123457  0.00006842806047853671
 1049.382716 -1666.666667  0.00007126167545677688
 1049.382716 -1543.209877  0.00007427203380782833
 1049.382716 -1419.753086  0.00007756429599508076
 1049.382716 -1296.296296  0.00008230633320292237
 1049.382716 -1172.839506  0.00008714733641031594
 1049.382716 -1049.382716  0.00009509601758776996
 1049.382716  -925.925926  0.00010533428068626800
 1049.382716  -802.469136  0.00012071690959527601
 1049.382716  -679.012346  0.00014216515124443359
 1049.382716  -555.555556  0.00017073700999944893
 1049.382716  -432.098765  0.00020532847682502671
 1049.382716  -308.641975  0.00024276993138885837
 1049.382716  -185.185185  0.00027696848313037885
 1049.382716   -61.728395  0.00029841894620531083
 1049.382716    61.728395  0.00029841894620534026
 1049.382716   185.185185  0.00027696848313038454
 1049.382716   308.641975  0.00024276993138876030
 1049.382716   432.098765  0.00020532847682479673
 1049.382716   555.555556  0.00017073700999909486
 1049.382716   679.012346  0.00014216515124398715
 1049.382716   802.469136  0.00012071690959475593
 1049.382716   925.925926  0.00010533428068569739
 1049.382716  1049.382716  0.00009509601758715578
 1049.382716  1172.839506  0.00008714733640966824
 1049.382716  1296.296296  0.00008230633320223958
 1049.382716  1419.753086  0.00007756429599437143
 1049.382716  1543.209877  0.00007427203380708372
 1049.382716  1666.666667  0.00007126167545599335
 1049.382716  1790.123457  0.00006842806047771491
 1049.382716  1913.580247  0.00006594786428691310
 1049.382716  2037.037037  0.00006445092708283358
 1049.382716  2160.493827  0.00006352284062755844
 1049.382716  2283.950617  0.00006325871741156430
 1049.382716  2407.407407  0.00006148007351806943
 1049.382716  2530.864198  0.00006030555437322776
 1049.382716  2654.320988  0.00005949134416134220
 1049.382716  2777.777778  0.00005869112645628542
 1049.382716  2901.234568  0.00005796476275873665
 1049.382716  3024.691358  0.00005712334398659382
 1049.382716  3148.148148  0.00005634881715661360
 1049.382716  3271.604938  0.00005580005202756859
 1049.382716  3395.061728  0.00005528040658826171
 1049.382716  3518.518519  0.00005497491192737935
 1049.382716  3641.975309  0.00005412664469143375
 1049.382716  3765.432099  0.00005319418200978799
 1049.382716  3888.888889  0.00005291161578090712
 1049.382716  4012.345679  0.00005110665805874784
 1049.382716  4135.802469  0.00005062223690456955
 1049.382716  4259.259259  0.00005050972507595525
 1049.382716  4382.716049  0.00004891577048877251
 1049.382716  4506.172840  0.00004702263767362679
 1049.382716  4629.629630  0.00004696741783429567
 1049.382716  4753.086420  0.00004567182977304209
 1049.382716  4876.543210  0.00004461812218066482

 1172.839506 -5000.000000  0.00001428730825001798
 1172.839506 -4876.543210  0.00004942362492952018
 1172.839506 -4753.086420  0.00005050227207201352
 1172.839506 -4629.629630  0.00005187645120611197
 1172.839506 -4506.172840  0.00005189110876831362
 1172.839506 -4382.716049  0.00005396061510987069
 1172.839506 -4259.259259  0.00005569373810607198
 1172.839506 -4135.802469  0.00005577728914923983
 1172.839506 -4012.345679  0.00005628172990242123
 1172.839506 -3888.888889  0.00005825706109775960
 1172.839506 -3765.432099  0.00005853496943265647
 1172.839506 -3641.975309  0.00005955316051131707
 1172.839506 -3518.518519  0.00006046446660552965
 1172.839506 -3395.061728  0.00006078084232226865
 1172.839506 -3271.604938  0.00006133242065280941
 1172.839506 -3148.148148  0.00006191698095352050
 1172.839506 -3024.691358  0.00006274742632542726
 1172.839506 -2901.234568  0.00006364694517788177
 1172.839506 -2777.777778  0.00006441861559426684
 1172.839506 -2654.320988  0.00006526738101674499
 1172.839506 -2530.864198  0.00006613000555822937
 1172.839506 -2407.407407  0.00006732606658286230
 1172.839506 -2283.950617  0.00006920955873583345
 1172.839506 -2160.493827  0.00006950902113657796
 1172.839506 -2037.037037  0.00007050574566316150
 1172.839506 -1913.580247  0.00007208743038001154
 1172.839506 -1790.123457  0.00007470733709816007
 1172.839506 -1666.666667  0.00007768139994367337
 1172.839506 -1543.209877  0.00008083492233156021
 1172.839506 -1419.753086  0.00008425793943921527
 1172.839506 -1296.296296  0.00008935134484162774
 1172.839506 -1172.839506  0.00009364353049515027
 1172.839506 -1049.382716  0.00010211340246113820
 1172.839506  -925.925926  0.00011276084681704792
 1172.839506  -802.469136  0.00012887307106977745
 1172.839506  -679.012346  0.00015122099157574643
 1172.839506  -555.555556  0.00018100444689128850
 1172.839506  -432.098765  0.00021695151418380405
 1172.839506  -308.641975  0.00025576176616219046
 1172.839506  -185.185185  0.00029113273774134131
 1172.839506   -61.728395  0.00031321556646309620
 1172.839506    61.728395  0.00031321556646312672
 1172.839506   185.185185  0.00029113273774134766
 1172.839506   308.641975  0.00025576176616208795
 1172.839506   432.098765  0.00021695151418356479
 1172.839506   555.555556  0.00018100444689092191
 1172.839506   679.012346  0.00015122099157528299
 1172.839506   802.469136  0.00012887307106923684
 1172.839506   925.925926  0.00011276084681645380
 1172.839506  1049.382716  0.00010211340246049809
 1172.839506  1172.839506  0.00009364353049447562
 1172.839506  1296.296296  0.00008935134484091212
 1172.839506  1419.753086  0.00008425793943847177
 1172.839506  1543.209877  0.00008083492233077959
 1172.839506  1666.666667  0.00007768139994285174
 1172.839506  1790.123457  0.00007470733709729783
 1172.839506  1913.580247  0.00007208743037911967
 1172.839506  2037.037037  0.00007050574566224422
 1172.839506  2160.493827  0.00006950902113562958
 1172.839506  2283.950617  0.00006920955873484711
 1172.839506  2407.407407  0.00006732606658182602
 1172.839506  2530.864198  0.00006613000555721299
 1172.839506  2654.320988  0.00006526738101564668
 1172.839506  2777.777778  0.00006441861559313448
 1172.839506  2901.234568  0.00006364694517674127
 1172.839506  3024.691358  0.00006274742632427906
 1172.839506  3148.148148  0.00006191698095235696
 1172.839506  3271.604938  0.00006133242065161336
 1172.839506  3395.061728  0.00006078084232103274
 1172.839506  3518.518519  0.00006046446660425465
 1172.839506  3641.975309  0.00005955316051002538
 1172.839506  3765.432099  0.00005853496943136075
 1172.839506  3888.888889  0.00005825706109647178
 1172.839506  4012.345679  0.00005628172990115950
 1172.839506  4135.802469  0.00005577728914799094
 1172.839506  4259.259259  0.00005569373810482557
 1172.839506  4382.716049  0.00005396061510863534
 1172.839506  4506.172840  0.00005189110876708107
 1172.839506  4629.629630  0.00005187645120485982
 1172.839506  4753.086420  0.00005050227207081696
 1172.839506  4876.543210  0.00004942362492847417

 1296.296296 -5000.000000  0.00001558342051131471
 1296.296296 -4876.543210  0.00005311888249612504
 1296.296296 -4753.086420  0.00005426042827988326
 1296.296296 -4629.629630  0.00005551942388348372
 1296.296296 -4506.172840  0.00005558045364194346
 1296.296296 -4382.716049  0.00005779694790482745
 1296.296296 -4259.259259  0.00005961163617534387
 1296.296296 -4135.802469  0.00005963244099365834
 1296.296296 -4012.345679  0.00006011274211929010
 1296.296296 -3888.888889  0.00006226387082152922
 1296.296296 -3765.432099  0.00006248017387924536
 1296.296296 -3641.975309  0.00006356534301358784
 1296.296296 -3518.518519  0.00006452476005183068
 1296.296296 -3395.061728  0.00006482984229494976
 1296.296296 -3271.604938  0.00006540149714321553
 1296.296296 -3148.148148  0.00006600466507190136
 1296.296296 -3024.691358  0.00006687226799045016
 1296.296296 -2901.234568  0.00006781024143575847
 1296.296296 -2777.777778  0.00006860058110112238
 1296.296296 -2654.320988  0.00006946938176352106
 1296.296296 -2530.864198  0.00007033082433436689
 1296.296296 -2407.407407  0.00007152901360672222
 1296.296296 -2283.950617  0.00007334806521173424
 1296.296296 -2160.493827  0.00007362357027620875
 1296.296296 -2037.037037  0.00007479071497886899
 1296.296296 -1913.580247  0.00007644998289167056
 1296.296296 -1790.123457  0.00007901233241456234
 1296.296296 -1666.666667  0.00008192877614837648
 1296.296296 -1543.209877  0.00008519603962058116
 1296.296296 -1419.753086  0.00008903931342953626
 1296.296296 -1296.296296  0.00009346529616622010
 1296.296296 -1172.839506  0.00009962737883038315
 1296.296296 -1049.382716  0.00010758373360841329
 1296.296296  -925.925926  0.00011904732514189091
 1296.296296  -802.469136  0.00013541839870794188
 1296.296296  -679.012346  0.00015833465504499252
 1296.296296  -555.555556  0.00018853957874902835
 1296.296296  -432.098765  0.00022519215114215406
 1296.296296  -308.641975  0.00026471253120755083
 1296.296296  -185.185185  0.00030038820666906837
 1296.296296   -61.728395  0.00032253310499431599
 1296.296296    61.728395  0.00032253310499434727
 1296.296296   185.185185  0.00030038820666906994
 1296.296296   308.641975  0.00026471253120744420
 1296.296296   432.098765  0.00022519215114191190
 1296.296296   555.555556  0.00018853957874865842
 1296.296296   679.012346  0.00015833465504452361
 1296.296296   802.469136  0.00013541839870739308
 1296.296296   925.925926  0.00011904732514128706
 1296.296296  1049.382716  0.00010758373360776654
 1296.296296  1172.839506  0.00009962737882969469
 1296.296296  1296.296296  0.00009346529616550033
 1296.296296  1419.753086  0.00008903931342878224
 1296.296296  1543.209877  0.00008519603961979059
 1296.296296  1666.666667  0.00008192877614754462
 1296.296296  1790.123457  0.00007901233241368898
 1296.296296  1913.580247  0.00007644998289076816
 1296.296296  2037.037037  0.00007479071497794135
 1296.296296  2160.493827  0.00007362357027525030
 1296.296296  2283.950617  0.00007334806521073550
 1296.296296  2407.407407  0.00007152901360567271
 1296.296296  2530.864198  0.00007033082433333618
 1296.296296  2654.320988  0.00006946938176240666
 1296.296296  2777.777778  0.00006860058109997338
 1296.296296  2901.234568  0.00006781024143460071
 1296.296296  3024.691358  0.00006687226798928507
 1296.296296  3148.148148  0.00006600466507072125
 1296.296296  3271.604938  0.00006540149714200162
 1296.296296  3395.061728  0.00006482984229369535
 1296.296296  3518.518519  0.00006452476005053613
 1296.296296  3641.975309  0.00006356534301227751
 1296.296296  3765.432099  0.00006248017387792762
 1296.296296  3888.888889  0.00006226387082022031
 1296.296296  4012.345679  0.00006011274211800835
 1296.296296  4135.802469  0.00005963244099238987
 1296.296296  4259.259259  0.00005961163617407853
 1296.296296  4382.716049  0.00005779694790357374
 1296.296296  4506.172840  0.00005558045364069231
 1296.296296  4629.629630  0.00005551942388221300
 1296.296296  4753.086420  0.00005426042827866802
 1296.296296  4876.543210  0.00005311888249506657

 1419.753086 -5000.000000  0.00001681807384110639
 1419.753086 -4876.543210  0.00005749871834763487
 1419.753086 -4753.086420  0.00005862285888980534
 1419.753086 -4629.629630  0.00005988931611321144
 1419.753086 -4506.172840  0.00005989945337077418
 1419.753086 -4382.716049  0.00006226266135260257
 1419.753086 -4259.259259  0.00006418218851501679
 1419.753086 -4135.802469  0.00006414904850985349
 1419.753086 -4012.345679  0.00006462503139805203
 1419.753086 -3888.888889  0.00006692737402223155
 1419.753086 -3765.432099  0.00006710569889676924
 1419.753086 -3641.975309  0.00006826262302481931
 1419.753086 -3518.518519  0.00006926292302997983
 1419.753086 -3395.061728  0.00006956145529329474
 1419.753086 -3271.604938  0.00007014830880529730
 1419.753086 -3148.148148  0.00007077242628276856
 1419.753086 -3024.691358  0.00007167779971391430
 1419.753086 -2901.234568  0.00007265282976351957
 1419.753086 -2777.777778  0.00007346560404589291
 1419.753086 -2654.320988  0.00007435269047916298
 1419.753086 -2530.864198  0.00007521528128607876
 1419.753086 -2407.407407  0.00007636749247986896
 1419.753086 -2283.950617  0.00007820754751471329
 1419.753086 -2160.493827  0.00007850697930371232
 1419.753086 -2037.037037  0.00007973536589979040
 1419.753086 -1913.580247  0.00008143651114320335
 1419.753086 -1790.123457  0.00008403772925312315
 1419.753086 -1666.666667  0.00008697199908478875
 1419.753086 -1543.209877  0.00009027168293633268
 1419.753086 -1419.753086  0.00009415668125819128
 1419.753086 -1296.296296  0.00009868059847584925
 1419.753086 -1172.839506  0.00010412924152611484
 1419.753086 -1049.382716  0.00011224376020369409
 1419.753086  -925.925926  0.00012377325471922998
 1419.753086  -802.469136  0.00014026430564888101
 1419.753086  -679.012346  0.00016322656493685767
 1419.753086  -555.555556  0.00019346407651929626
 1419.753086  -432.098765  0.00023003740688718727
 1419.753086  -308.641975  0.00026933729811828659
 1419.753086  -185.185185  0.00030466807530539459
 1419.753086   -61.728395  0.00032645487076353609
 1419.753086    61.728395  0.00032645487076356672
 1419.753086   185.185185  0.00030466807530539491
 1419.753086   308.641975  0.00026933729811817633
 1419.753086   432.098765  0.00023003740688694104
 1419.753086   555.555556  0.00019346407651891955
 1419.753086   679.012346  0.00016322656493637937
 1419.753086   802.469136  0.00014026430564832281
 1419.753086   925.925926  0.00012377325471861568
 1419.753086  1049.382716  0.00011224376020303530
 1419.753086  1172.839506  0.00010412924152541273
 1419.753086  1296.296296  0.00009868059847511049
 1419.753086  1419.753086  0.00009415668125741715
 1419.753086  1543.209877  0.00009027168293552020
 1419.753086  1666.666667  0.00008697199908393316
 1419.753086  1790.123457  0.00008403772925222485
 1419.753086  1913.580247  0.00008143651114227561
 1419.753086  2037.037037  0.00007973536589883685
 1419.753086  2160.493827  0.00007850697930272646
 1419.753086  2283.950617  0.00007820754751368535
 1419.753086  2407.407407  0.00007636749247878732
 1419.753086  2530.864198  0.00007521528128501624
 1419.753086  2654.320988  0.00007435269047801176
 1419.753086  2777.777778  0.00007346560404470510
 1419.753086  2901.234568  0.00007265282976232329
 1419.753086  3024.691358  0.00007167779971271044
 1419.753086  3148.148148  0.00007077242628154989
 1419.753086  3271.604938  0.00007014830880404317
 1419.753086  3395.061728  0.00006956145529199792
 1419.753086  3518.518519  0.00006926292302864094
 1419.753086  3641.975309  0.00006826262302346365
 1419.753086  3765.432099  0.00006710569889540641
 1419.753086  3888.888889  0.00006692737402087805
 1419.753086  4012.345679  0.00006462503139672719
 1419.753086  4135.802469  0.00006414904850854203
 1419.753086  4259.259259  0.00006418218851370813
 1419.753086  4382.716049  0.00006226266135130553
 1419.753086  4506.172840  0.00005989945336947944
 1419.753086  4629.629630  0.00005988931611189592
 1419.753086  4753.086420  0.00005862285888854634
 1419.753086  4876.543210  0.00005749871834653996

 1543.209877 -5000.000000  0.00001781234195029926
 1543.209877 -4876.543210  0.00006101410666707935
 1543.209877 -4753.086420  0.00006208331622944601
 1543.209877 -4629.629630  0.00006331317428973500
 1543.209877 -4506.172840  0.00006326294704148793
 1543.209877 -4382.716049  0.00006572992859689383
 1543.209877 -4259.259259  0.00006771663664082267
 1543.209877 -4135.802469  0.00006761894138176342
 1543.209877 -4012.345679  0.00006807222883973065
 1543.209877 -3888.888889  0.00007048655631423292
 1543.209877 -3765.432099  0.00007062057019561623
 1543.209877 -3641.975309  0.00007180482920038039
 1543.209877 -3518.518519  0.00007282808451455660
 1543.209877 -3395.061728  0.00007310966725782963
 1543.209877 -3271.604938  0.00007369619606496417
 1543.209877 -3148.148148  0.00007432503531017323
 1543.209877 -3024.691358  0.00007525066064496109
 1543.209877 -2901.234568  0.00007624278238932644
 1543.209877 -2777.777778  0.00007705607761530570
 1543.209877 -2654.320988  0.00007793645998809222
 1543.209877 -2530.864198  0.00007879864753329693
 1543.209877 -2407.407407  0.00007990009905641809
 1543.209877 -2283.950617  0.00008171545434626843
 1543.209877 -2160.493827  0.00008203039989586268
 1543.209877 -2037.037037  0.00008329766084676019
 1543.209877 -1913.580247  0.00008500196862009541
 1543.209877 -1790.123457  0.00008757022404144110
 1543.209877 -1666.666667  0.00009044461641070349
 1543.209877 -1543.209877  0.00009368256733489100
 1543.209877 -1419.753086  0.00009754437432956398
 1543.209877 -1296.296296  0.00010201580005938156
 1543.209877 -1172.839506  0.00010780707359144814
 1543.209877 -1049.382716  0.00011584432305911365
 1543.209877  -925.925926  0.00012730383391486392
 1543.209877  -802.469136  0.00014358342803023994
 1543.209877  -679.012346  0.00016620894328308260
 1543.209877  -555.555556  0.00019588361846460225
 1543.209877  -432.098765  0.00023166446213383459
 1543.209877  -308.641975  0.00026995685400706202
 1543.209877  -185.185185  0.00030419998051613352
 1543.209877   -61.728395  0.00032514823281615404
 1543.209877    61.728395  0.00032514823281618244
 1543.209877   185.185185  0.00030419998051612717
 1543.209877   308.641975  0.00026995685400694417
 1543.209877   432.098765  0.00023166446213357942
 1543.209877   555.555556  0.00019588361846421896
 1543.209877   679.012346  0.00016620894328260008
 1543.209877   802.469136  0.00014358342802967775
 1543.209877   925.925926  0.00012730383391424516
 1543.209877  1049.382716  0.00011584432305844956
 1543.209877  1172.839506  0.00010780707359073918
 1543.209877  1296.296296  0.00010201580005863733
 1543.209877  1419.753086  0.00009754437432878351
 1543.209877  1543.209877  0.00009368256733407081
 1543.209877  1666.666667  0.00009044461640983904
 1543.209877  1790.123457  0.00008757022404053283
 1543.209877  1913.580247  0.00008500196861915774
 1543.209877  2037.037037  0.00008329766084579668
 1543.209877  2160.493827  0.00008203039989486543
 1543.209877  2283.950617  0.00008171545434522762
 1543.209877  2407.407407  0.00007990009905532211
 1543.209877  2530.864198  0.00007879864753221982
 1543.209877  2654.320988  0.00007793645998692395
 1543.209877  2777.777778  0.00007705607761409896
 1543.209877  2901.234568  0.00007624278238811125
 1543.209877  3024.691358  0.00007525066064373880
 1543.209877  3148.148148  0.00007432503530893555
 1543.209877  3271.604938  0.00007369619606369048
 1543.209877  3395.061728  0.00007310966725651172
 1543.209877  3518.518519  0.00007282808451319522
 1543.209877  3641.975309  0.00007180482919900181
 1543.209877  3765.432099  0.00007062057019422950
 1543.209877  3888.888889  0.00007048655631285620
 1543.209877  4012.345679  0.00006807222883838248
 1543.209877  4135.802469  0.00006761894138042953
 1543.209877  4259.259259  0.00006771663663949131
 1543.209877  4382.716049  0.00006572992859557383
 1543.209877  4506.172840  0.00006326294704016916
 1543.209877  4629.629630  0.00006331317428839429
 1543.209877  4753.086420  0.00006208331622816286
 1543.209877  4876.543210  0.00006101410666596473

 1666.666667 -5000.000000  0.00001871965391081906
 1666.666667 -4876.543210  0.00006426817301016049
 1666.666667 -4753.086420  0.00006524876329713600
 1666.666667 -4629.629630  0.00006642459589600278
 1666.666667 -4506.172840  0.00006630447150985604
 1666.666667 -4382.716049  0.00006886040622590737
 1666.666667 -4259.259259  0.00007089833565273138
 1666.666667 -4135.802469  0.00007072466551313479
 1666.666667 -4012.345679  0.00007114299553604063
 1666.666667 -3888.888889  0.00007365190365943854
 1666.666667 -3765.432099  0.00007373225327147036
 1666.666667 -3641.975309  0.00007494620260028339
 1666.666667 -3518.518519  0.00007598064910414934
 1666.666667 -3395.061728  0.00007624120424653850
 1666.666667 -3271.604938  0.00007682263353779322
 1666.666667 -3148.148148  0.00007744819892311577
 1666.666667 -3024.691358  0.00007837816400409312
 1666.666667 -2901.234568  0.00007937049978432071
 1666.666667 -2777.777778  0.00008017469004565132
 1666.666667 -2654.320988  0.00008104978844688550
 1666.666667 -2530.864198  0.00008190781095897520
 1666.666667 -2407.407407  0.00008287564755895341
 1666.666667 -2283.950617  0.00008466459967135995
 1666.666667 -2160.493827  0.00008499955287445224
 1666.666667 -2037.037037  0.00008628856622282093
 1666.666667 -1913.580247  0.00008796260680503827
 1666.666667 -1790.123457  0.00009046094758710154
 1666.666667 -1666.666667  0.00009323339397973816
 1666.666667 -1543.209877  0.00009636112881028456
 1666.666667 -1419.753086  0.00010012632491168412
 1666.666667 -1296.296296  0.00010450482181654663
 1666.666667 -1172.839506  0.00011025010150045367
 1666.666667 -1049.382716  0.00011810276237502262
 1666.666667  -925.925926  0.00012924914081590327
 1666.666667  -802.469136  0.00014501129035983317
 1666.666667  -679.012346  0.00016683964074509997
 1666.666667  -555.555556  0.00019535852140949511
 1666.666667  -432.098765  0.00022960341636909211
 1666.666667  -308.641975  0.00026606983973099472
 1666.666667  -185.185185  0.00029847649718719218
 1666.666667   -61.728395  0.00031809895315654024
 1666.666667    61.728395  0.00031809895315656084
 1666.666667   185.185185  0.00029847649718717581
 1666.666667   308.641975  0.00026606983973086705
 1666.666667   432.098765  0.00022960341636882756
 1666.666667   555.555556  0.00019535852140910621
 1666.666667   679.012346  0.00016683964074461598
 1666.666667   802.469136  0.00014501129035927209
 1666.666667   925.925926  0.00012924914081528674
 1666.666667  1049.382716  0.00011810276237435848
 1666.666667  1172.839506  0.00011025010149974469
 1666.666667  1296.296296  0.00010450482181580179
 1666.666667  1419.753086  0.00010012632491090146
 1666.666667  1543.209877  0.00009636112880946152
 1666.666667  1666.666667  0.00009323339397887010
 1666.666667  1790.123457  0.00009046094758618877
 1666.666667  1913.580247  0.00008796260680409521
 1666.666667  2037.037037  0.00008628856622185082
 1666.666667  2160.493827  0.00008499955287344844
 1666.666667  2283.950617  0.00008466459967031123
 1666.666667  2407.407407  0.00008287564755784880
 1666.666667  2530.864198  0.00008190781095788823
 1666.666667  2654.320988  0.00008104978844570398
 1666.666667  2777.777778  0.00008017469004443085
 1666.666667  2901.234568  0.00007937049978309228
 1666.666667  3024.691358  0.00007837816400285698
 1666.666667  3148.148148  0.00007744819892186450
 1666.666667  3271.604938  0.00007682263353650481
 1666.666667  3395.061728  0.00007624120424520523
 1666.666667  3518.518519  0.00007598064910277144
 1666.666667  3641.975309  0.00007494620259888696
 1666.666667  3765.432099  0.00007373225327006580
 1666.666667  3888.888889  0.00007365190365804418
 1666.666667  4012.345679  0.00007114299553467518
 1666.666667  4135.802469  0.00007072466551178321
 1666.666667  4259.259259  0.00007089833565138285
 1666.666667  4382.716049  0.00006886040622456897
 1666.666667  4506.172840  0.00006630447150851788
 1666.666667  4629.629630  0.00006642459589464123
 1666.666667  4753.086420  0.00006524876329583235
 1666.666667  4876.543210  0.00006426817300902916

 1790.123457 -5000.000000  0.00001957142770780335
 1790.123457 -4876.543210  0.00006733990754750244
 1790.123457 -4753.086420  0.00006819377046159150
 1790.123457 -4629.629630  0.00006928884436015466
 1790.123457 -4506.172840  0.00006908898270266948
 1790.123457 -4382.716049  0.00007172098415102937
 1790.123457 -4259.259259  0.00007379383400921530
 1790.123457 -4135.802469  0.00007352865191086434
 1790.123457 -4012.345679  0.00007389761453958494
 1790.123457 -3888.888889  0.00007648735779504301
 1790.123457 -3765.432099  0.00007649938478376984
 1790.123457 -3641.975309  0.00007773493525458474
 1790.123457 -3518.518519  0.00007877218656295796
 1790.123457 -3395.061728  0.00007900627825523065
 1790.123457 -3271.604938  0.00007957537676956595
 1790.123457 -3148.148148  0.00008018872644972432
 1790.123457 -3024.691358  0.00008111022978149254
 1790.123457 -2901.234568  0.00008208762788430565
 1790.123457 -2777.777778  0.00008287011839243130
 1790.123457 -2654.320988  0.00008373665184851334
 1790.123457 -2530.864198  0.00008461098993402954
 1790.123457 -2407.407407  0.00008547072010977093
 1790.123457 -2283.950617  0.00008722929876047533
 1790.123457 -2160.493827  0.00008758362180291797
 1790.123457 -2037.037037  0.00008888247505621506
 1790.123457 -1913.580247  0.00009050319048179186
 1790.123457 -1790.123457  0.00009289619090376225
 1790.123457 -1666.666667  0.00009552483874319075
 1790.123457 -1543.209877  0.00009850093355758704
 1790.123457 -1419.753086  0.00010212081658381378
 1790.123457 -1296.296296  0.00010634047684950545
 1790.123457 -1172.839506  0.00011178144059195487
 1790.123457 -1049.382716  0.00011932153920487809
 1790.123457  -925.925926  0.00012995430956757453
 1790.123457  -802.469136  0.00014491191175375988
 1790.123457  -679.012346  0.00016552216866489363
 1790.123457  -555.555556  0.00019232784586190111
 1790.123457  -432.098765  0.00022434774701518022
 1790.123457  -308.641975  0.00025823159782763840
 1790.123457  -185.185185  0.00028810471320843000
 1790.123457   -61.728395  0.00030595827575148122
 1790.123457    61.728395  0.00030595827575149477
 1790.123457   185.185185  0.00028810471320840121
 1790.123457   308.641975  0.00025823159782750022
 1790.123457   432.098765  0.00022434774701491053
 1790.123457   555.555556  0.00019232784586151077
 1790.123457   679.012346  0.00016552216866441133
 1790.123457   802.469136  0.00014491191175320276
 1790.123457   925.925926  0.00012995430956696266
 1790.123457  1049.382716  0.00011932153920422067
 1790.123457  1172.839506  0.00011178144059125042
 1790.123457  1296.296296  0.00010634047684876405
 1790.123457  1419.753086  0.00010212081658303389
 1790.123457  1543.209877  0.00009850093355676609
 1790.123457  1666.666667  0.00009552483874232443
 1790.123457  1790.123457  0.00009289619090285078
 1790.123457  1913.580247  0.00009050319048084834
 1790.123457  2037.037037  0.00008888247505524412
 1790.123457  2160.493827  0.00008758362180191240
 1790.123457  2283.950617  0.00008722929875942414
 1790.123457  2407.407407  0.00008547072010866299
 1790.123457  2530.864198  0.00008461098993294038
 1790.123457  2654.320988  0.00008373665184732842
 1790.123457  2777.777778  0.00008287011839120720
 1790.123457  2901.234568  0.00008208762788307286
 1790.123457  3024.691358  0.00008111022978025202
 1790.123457  3148.148148  0.00008018872644846774
 1790.123457  3271.604938  0.00007957537676827166
 1790.123457  3395.061728  0.00007900627825389048
 1790.123457  3518.518519  0.00007877218656157286
 1790.123457  3641.975309  0.00007773493525318093
 1790.123457  3765.432099  0.00007649938478235695
 1790.123457  3888.888889  0.00007648735779364118
 1790.123457  4012.345679  0.00007389761453821215
 1790.123457  4135.802469  0.00007352865190950548
 1790.123457  4259.259259  0.00007379383400785823
 1790.123457  4382.716049  0.00007172098414968170
 1790.123457  4506.172840  0.00006908898270132065
 1790.123457  4629.629630  0.00006928884435878115
 1790.123457  4753.086420  0.00006819377046027592
 1790.123457  4876.543210  0.00006733990754636099

 1913.580247 -5000.000000  0.00002036811964457035
 1913.580247 -4876.543210  0.00007026132837949201
 1913.580247 -4753.086420  0.00007094710640190139
 1913.580247 -4629.629630  0.00007193688413191244
 1913.580247 -4506.172840  0.00007164270782728862
 1913.580247 -4382.716049  0.00007433717322291940
 1913.580247 -4259.259259  0.00007642917779472207
 1913.580247 -4135.802469  0.00007605700694182637
 1913.580247 -4012.345679  0.00007636324735484684
 1913.580247 -3888.888889  0.00007901965986941165
 1913.580247 -3765.432099  0.00007895019441906945
 1913.580247 -3641.975309  0.00008019509149563800
 1913.580247 -3518.518519  0.00008122767019036810
 1913.580247 -3395.061728  0.00008143028707404642
 1913.580247 -3271.604938  0.00008197753049916733
 1913.580247 -3148.148148  0.00008256991123820394
 1913.580247 -3024.691358  0.00008347305809859724
 1913.580247 -2901.234568  0.00008442297694008810
 1913.580247 -2777.777778  0.00008517026176360200
 1913.580247 -2654.320988  0.00008602002334760870
 1913.580247 -2530.864198  0.00008694166390218428
 1913.580247 -2407.407407  0.00008777711357418731
 1913.580247 -2283.950617  0.00008949998625026276
 1913.580247 -2160.493827  0.00008987064447768063
 1913.580247 -2037.037037  0.00009116490344285207
 1913.580247 -1913.580247  0.00009271528655202505
 1913.580247 -1790.123457  0.00009497372585119747
 1913.580247 -1666.666667  0.00009742284317302321
 1913.580247 -1543.209877  0.00010020707704144475
 1913.580247 -1419.753086  0.00010363644565353725
 1913.580247 -1296.296296  0.00010764687355264961
 1913.580247 -1172.839506  0.00011268747734809648
 1913.580247 -1049.382716  0.00011980200551114855
 1913.580247  -925.925926  0.00012973996000449473
 1913.580247  -802.469136  0.00014363053869793498
 1913.580247  -679.012346  0.00016264363005207930
 1913.580247  -555.555556  0.00018722502811160629
 1913.580247  -432.098765  0.00021638622053258639
 1913.580247  -308.641975  0.00024699512511919047
 1913.580247  -185.185185  0.00027371009371448971
 1913.580247   -61.728395  0.00028941620195946686
 1913.580247    61.728395  0.00028941620195947293
 1913.580247   185.185185  0.00027371009371444292
 1913.580247   308.641975  0.00024699512511903630
 1913.580247   432.098765  0.00021638622053230869
 1913.580247   555.555556  0.00018722502811121570
 1913.580247   679.012346  0.00016264363005160347
 1913.580247   802.469136  0.00014363053869738662
 1913.580247   925.925926  0.00012973996000389479
 1913.580247  1049.382716  0.00011980200551050290
 1913.580247  1172.839506  0.00011268747734740465
 1913.580247  1296.296296  0.00010764687355191935
 1913.580247  1419.753086  0.00010363644565276824
 1913.580247  1543.209877  0.00010020707704063347
 1913.580247  1666.666667  0.00009742284317216631
 1913.580247  1790.123457  0.00009497372585029434
 1913.580247  1913.580247  0.00009271528655108901
 1913.580247  2037.037037  0.00009116490344188791
 1913.580247  2160.493827  0.00008987064447668067
 1913.580247  2283.950617  0.00008949998624921675
 1913.580247  2407.407407  0.00008777711357308529
 1913.580247  2530.864198  0.00008694166390110486
 1913.580247  2654.320988  0.00008602002334643249
 1913.580247  2777.777778  0.00008517026176238729
 1913.580247  2901.234568  0.00008442297693886513
 1913.580247  3024.691358  0.00008347305809736601
 1913.580247  3148.148148  0.00008256991123695643
 1913.580247  3271.604938  0.00008197753049788183
 1913.580247  3395.061728  0.00008143028707271415
 1913.580247  3518.518519  0.00008122767018899040
 1913.580247  3641.975309  0.00008019509149424117
 1913.580247  3765.432099  0.00007895019441766572
 1913.580247  3888.888889  0.00007901965986801809
 1913.580247  4012.345679  0.00007636324735348158
 1913.580247  4135.802469  0.00007605700694047454
 1913.580247  4259.259259  0.00007642917779337136
 1913.580247  4382.716049  0.00007433717322157702
 1913.580247  4506.172840  0.00007164270782594452
 1913.580247  4629.629630  0.00007193688413054259
 1913.580247  4753.086420  0.00007094710640058846
 1913.580247  4876.543210  0.00007026132837835353

 2037.037037 -5000.000000  0.00002098016081175982
 2037.037037 -4876.543210  0.00007246012322615433
 2037.037037 -4753.086420  0.00007294671794562957
 2037.037037 -4629.629630  0.00007378507718471168
 2037.037037 -4506.172840  0.00007339310781307003
 2037.037037 -4382.716049  0.00007611516161109468
 2037.037037 -4259.259259  0.00007819344278988160
 2037.037037 -4135.802469  0.00007770324671827497
 2037.037037 -4012.345679  0.00007793041886402122
 2037.037037 -3888.888889  0.00008062359835566505
 2037.037037 -3765.432099  0.00008046170795412490
 2037.037037 -3641.975309  0.00008169169377722732
 2037.037037 -3518.518519  0.00008270684224667043
 2037.037037 -3395.061728  0.00008287054184432936
 2037.037037 -3271.604938  0.00008338000569284393
 2037.037037 -3148.148148  0.00008393977595003359
 2037.037037 -3024.691358  0.00008481326051063522
 2037.037037 -2901.234568  0.00008572056656102552
 2037.037037 -2777.777778  0.00008641351205965381
 2037.037037 -2654.320988  0.00008722615513142373
 2037.037037 -2530.864198  0.00008823023586124469
 2037.037037 -2407.407407  0.00008923259278554013
 2037.037037 -2283.950617  0.00009089480168162922
 2037.037037 -2160.493827  0.00009127594575620699
 2037.037037 -2037.037037  0.00009254475130320572
 2037.037037 -1913.580247  0.00009401247641334273
 2037.037037 -1790.123457  0.00009610210779740237
 2037.037037 -1666.666667  0.00009833128176413009
 2037.037037 -1543.209877  0.00010087675713860789
 2037.037037 -1419.753086  0.00010406935976847149
 2037.037037 -1296.296296  0.00010780012604005437
 2037.037037 -1172.839506  0.00011251989464742928
 2037.037037 -1049.382716  0.00011906853571575881
 2037.037037  -925.925926  0.00012813315192354764
 2037.037037  -802.469136  0.00014067691507289721
 2037.037037  -679.012346  0.00015770555323457380
 2037.037037  -555.555556  0.00017953382312907714
 2037.037037  -432.098765  0.00020519445545802317
 2037.037037  -308.641975  0.00023184824680233112
 2037.037037  -185.185185  0.00025481799842249123
 2037.037037   -61.728395  0.00026805780759240759
 2037.037037    61.728395  0.00026805780759240532
 2037.037037   185.185185  0.00025481799842242775
 2037.037037   308.641975  0.00023184824680216480
 2037.037037   432.098765  0.00020519445545774437
 2037.037037   555.555556  0.00017953382312869501
 2037.037037   679.012346  0.00015770555323411399
 2037.037037   802.469136  0.00014067691507236928
 2037.037037   925.925926  0.00012813315192296949
 2037.037037  1049.382716  0.00011906853571513578
 2037.037037  1172.839506  0.00011251989464676089
 2037.037037  1296.296296  0.00010780012603934747
 2037.037037  1419.753086  0.00010406935976772501
 2037.037037  1543.209877  0.00010087675713782002
 2037.037037  1666.666667  0.00009833128176329666
 2037.037037  1790.123457  0.00009610210779652317
 2037.037037  1913.580247  0.00009401247641243085
 2037.037037  2037.037037  0.00009254475130226571
 2037.037037  2160.493827  0.00009127594575523023
 2037.037037  2283.950617  0.00009089480168060600
 2037.037037  2407.407407  0.00008923259278446217
 2037.037037  2530.864198  0.00008823023586019597
 2037.037037  2654.320988  0.00008722615513028226
 2037.037037  2777.777778  0.00008641351205847399
 2037.037037  2901.234568  0.00008572056655983760
 2037.037037  3024.691358  0.00008481326050943999
 2037.037037  3148.148148  0.00008393977594882132
 2037.037037  3271.604938  0.00008338000569159451
 2037.037037  3395.061728  0.00008287054184303337
 2037.037037  3518.518519  0.00008270684224532923
 2037.037037  3641.975309  0.00008169169377586768
 2037.037037  3765.432099  0.00008046170795275931
 2037.037037  3888.888889  0.00008062359835430858
 2037.037037  4012.345679  0.00007793041886269245
 2037.037037  4135.802469  0.00007770324671695832
 2037.037037  4259.259259  0.00007819344278856591
 2037.037037  4382.716049  0.00007611516160978595
 2037.037037  4506.172840  0.00007339310781175920
 2037.037037  4629.629630  0.00007378507718337482
 2037.037037  4753.086420  0.00007294671794434689
 2037.037037  4876.543210  0.00007246012322504391

 2160.493827 -5000.000000  0.00002161015062110356
 2160.493827 -4876.543210  0.00007489462559850353
 2160.493827 -4753.086420  0.00007517370120970671
 2160.493827 -4629.629630  0.00007587006506810317
 2160.493827 -4506.172840  0.00007536602673388003
 2160.493827 -4382.716049  0.00007811997677825400
 2160.493827 -4259.259259  0.00008018929816893868
 2160.493827 -4135.802469  0.00007957822661229877
 2160.493827 -4012.345679  0.00007972742885949074
 2160.493827 -3888.888889  0.00008246158267234265
 2160.493827 -3765.432099  0.00008220662215576093
 2160.493827 -3641.975309  0.00008342803147349321
 2160.493827 -3518.518519  0.00008442020177656175
 2160.493827 -3395.061728  0.00008454244287352120
 2160.493827 -3271.604938  0.00008501992833141893
 2160.493827 -3148.148148  0.00008554739152459505
 2160.493827 -3024.691358  0.00008638730275150000
 2160.493827 -2901.234568  0.00008725216246486166
 2160.493827 -2777.777778  0.00008789743367210643
 2160.493827 -2654.320988  0.00008867821972483488
 2160.493827 -2530.864198  0.00008969075349687446
 2160.493827 -2407.407407  0.00009054181097365187
 2160.493827 -2283.950617  0.00009213910509435888
 2160.493827 -2160.493827  0.00009252233479670415
 2160.493827 -2037.037037  0.00009376292669233836
 2160.493827 -1913.580247  0.00009512224093080892
 2160.493827 -1790.123457  0.00009703039186352798
 2160.493827 -1666.666667  0.00009902809482988335
 2160.493827 -1543.209877  0.00010131755649381928
 2160.493827 -1419.753086  0.00010424270499106484
 2160.493827 -1296.296296  0.00010765234958922862
 2160.493827 -1172.839506  0.00011205681848433951
 2160.493827 -1049.382716  0.00011794730742093262
 2160.493827  -925.925926  0.00012600847444476377
 2160.493827  -802.469136  0.00013700618159800425
 2160.493827  -679.012346  0.00015176425556795157
 2160.493827  -555.555556  0.00017044833735335450
 2160.493827  -432.098765  0.00019214249640740405
 2160.493827  -308.641975  0.00021436625898082768
 2160.493827  -185.185185  0.00023321079748406205
 2160.493827   -61.728395  0.00024381144083239671
 2160.493827    61.728395  0.00024381144083238487
 2160.493827   185.185185  0.00023321079748398214
 2160.493827   308.641975  0.00021436625898065134
 2160.493827   432.098765  0.00019214249640712538
 2160.493827   555.555556  0.00017044833735298338
 2160.493827   679.012346  0.00015176425556750990
 2160.493827   802.469136  0.00013700618159749950
 2160.493827   925.925926  0.00012600847444421085
 2160.493827  1049.382716  0.00011794730742033622
 2160.493827  1172.839506  0.00011205681848369682
 2160.493827  1296.296296  0.00010765234958854865
 2160.493827  1419.753086  0.00010424270499034493
 2160.493827  1543.209877  0.00010131755649305808
 2160.493827  1666.666667  0.00009902809482907707
 2160.493827  1790.123457  0.00009703039186267623
 2160.493827  1913.580247  0.00009512224092992506
 2160.493827  2037.037037  0.00009376292669142625
 2160.493827  2160.493827  0.00009252233479575529
 2160.493827  2283.950617  0.00009213910509336345
 2160.493827  2407.407407  0.00009054181097260332
 2160.493827  2530.864198  0.00008969075349585454
 2160.493827  2654.320988  0.00008867821972372379
 2160.493827  2777.777778  0.00008789743367095725
 2160.493827  2901.234568  0.00008725216246370476
 2160.493827  3024.691358  0.00008638730275033591
 2160.493827  3148.148148  0.00008554739152341495
 2160.493827  3271.604938  0.00008501992833020143
 2160.493827  3395.061728  0.00008454244287225725
 2160.493827  3518.518519  0.00008442020177525301
 2160.493827  3641.975309  0.00008342803147216565
 2160.493827  3765.432099  0.00008220662215442781
 2160.493827  3888.888889  0.00008246158267101878
 2160.493827  4012.345679  0.00007972742885819336
 2160.493827  4135.802469  0.00007957822661101393
 2160.493827  4259.259259  0.00008018929816765361
 2160.493827  4382.716049  0.00007811997677697498
 2160.493827  4506.172840  0.00007536602673259774
 2160.493827  4629.629630  0.00007587006506679496
 2160.493827  4753.086420  0.00007517370120845093
 2160.493827  4876.543210  0.00007489462559741566

 2283.950617 -5000.000000  0.00002208008210678992
 2283.950617 -4876.543210  0.00007675703185574909
 2283.950617 -4753.086420  0.00007685788923459453
 2283.950617 -4629.629630  0.00007738591019545658
 2283.950617 -4506.172840  0.00007677485812275233
 2283.950617 -4382.716049  0.00007953381585774109
 2283.950617 -4259.259259  0.00008157636710094667
 2283.950617 -4135.802469  0.00008085425289261045
 2283.950617 -4012.345679  0.00008092878962706197
 2283.950617 -3888.888889  0.00008369254847859143
 2283.950617 -3765.432099  0.00008334746462535703
 2283.950617 -3641.975309  0.00008455823485391686
 2283.950617 -3518.518519  0.00008551287606756032
 2283.950617 -3395.061728  0.00008558537852648181
 2283.950617 -3271.604938  0.00008602557247072488
 2283.950617 -3148.148148  0.00008652146091527946
 2283.950617 -3024.691358  0.00008733118768613643
 2283.950617 -2901.234568  0.00008815994899778672
 2283.950617 -2777.777778  0.00008876032069889056
 2283.950617 -2654.320988  0.00008948216138268164
 2283.950617 -2530.864198  0.00009039308816930370
 2283.950617 -2407.407407  0.00009095848816512961
 2283.950617 -2283.950617  0.00009242384323347254
 2283.950617 -2160.493827  0.00009279429814595156
 2283.950617 -2037.037037  0.00009399845108189107
 2283.950617 -1913.580247  0.00009524608638758825
 2283.950617 -1790.123457  0.00009696408504060027
 2283.950617 -1666.666667  0.00009871678700584561
 2283.950617 -1543.209877  0.00010072871466878205
 2283.950617 -1419.753086  0.00010334520929555660
 2283.950617 -1296.296296  0.00010638563779654138
 2283.950617 -1172.839506  0.00011026624341204569
 2283.950617 -1049.382716  0.00011540935735140975
 2283.950617  -925.925926  0.00012232600807974455
 2283.950617  -802.469136  0.00013158984473592110
 2283.950617  -679.012346  0.00014380013173847023
 2283.950617  -555.555556  0.00015898934791527494
 2283.950617  -432.098765  0.00017631839312720219
 2283.950617  -308.641975  0.00019375076738487881
 2283.950617  -185.185185  0.00020824629235382952
 2283.950617   -61.728395  0.00021619947347383133
 2283.950617    61.728395  0.00021619947347380854
 2283.950617   185.185185  0.00020824629235373672
 2283.950617   308.641975  0.00019375076738469723
 2283.950617   432.098765  0.00017631839312693009
 2283.950617   555.555556  0.00015898934791492108
 2283.950617   679.012346  0.00014380013173805186
 2283.950617   802.469136  0.00013158984473544543
 2283.950617   925.925926  0.00012232600807922313
 2283.950617  1049.382716  0.00011540935735084623
 2283.950617  1172.839506  0.00011026624341143702
 2283.950617  1296.296296  0.00010638563779589329
 2283.950617  1419.753086  0.00010334520929486953
 2283.950617  1543.209877  0.00010072871466805324
 2283.950617  1666.666667  0.00009871678700507265
 2283.950617  1790.123457  0.00009696408503978374
 2283.950617  1913.580247  0.00009524608638674039
 2283.950617  2037.037037  0.00009399845108101520
 2283.950617  2160.493827  0.00009279429814503913
 2283.950617  2283.950617  0.00009242384323251446
 2283.950617  2407.407407  0.00009095848816411893
 2283.950617  2530.864198  0.00009039308816831918
 2283.950617  2654.320988  0.00008948216138160611
 2283.950617  2777.777778  0.00008876032069777701
 2283.950617  2901.234568  0.00008815994899666526
 2283.950617  3024.691358  0.00008733118768500792
 2283.950617  3148.148148  0.00008652146091413563
 2283.950617  3271.604938  0.00008602557246954416
 2283.950617  3395.061728  0.00008558537852525628
 2283.950617  3518.518519  0.00008551287606628968
 2283.950617  3641.975309  0.00008455823485262746
 2283.950617  3765.432099  0.00008334746462406225
 2283.950617  3888.888889  0.00008369254847730548
 2283.950617  4012.345679  0.00008092878962580178
 2283.950617  4135.802469  0.00008085425289136156
 2283.950617  4259.259259  0.00008157636709969706
 2283.950617  4382.716049  0.00007953381585649627
 2283.950617  4506.172840  0.00007677485812150439
 2283.950617  4629.629630  0.00007738591019418195
 2283.950617  4753.086420  0.00007685788923337011
 2283.950617  4876.543210  0.00007675703185468820

 2407.407407 -5000.000000  0.00002279854270311506
 2407.407407 -4876.543210  0.00007991479755001401
 2407.407407 -4753.086420  0.00007990434104671559
 2407.407407 -4629.629630  0.00008030068437186175
 2407.407407 -4506.172840  0.00007955113323614542
 2407.407407 -4382.716049  0.00008234883807859913
 2407.407407 -4259.259259  0.00008440836576780948
 2407.407407 -4135.802469  0.00008359446410803645
 2407.407407 -4012.345679  0.00008362999562869949
 2407.407407 -3888.888889  0.00008648077683386825
 2407.407407 -3765.432099  0.00008605300165564703
 2407.407407 -3641.975309  0.00008726436998268712
 2407.407407 -3518.518519  0.00008818359372752449
 2407.407407 -3395.061728  0.00008819752149761406
 2407.407407 -3271.604938  0.00008860993066077715
 2407.407407 -3148.148148  0.00008909575509352682
 2407.407407 -3024.691358  0.00008991817916597657
 2407.407407 -2901.234568  0.00009076512448335641
 2407.407407 -2777.777778  0.00009135519064240419
 2407.407407 -2654.320988  0.00009197334632761908
 2407.407407 -2530.864198  0.00009251697650172367
 2407.407407 -2407.407407  0.00009230962030590870
 2407.407407 -2283.950617  0.00009352511097338538
 2407.407407 -2160.493827  0.00009384509846130192
 2407.407407 -2037.037037  0.00009503969996573541
 2407.407407 -1913.580247  0.00009620513241664884
 2407.407407 -1790.123457  0.00009777191880162029
 2407.407407 -1666.666667  0.00009930454208455201
 2407.407407 -1543.209877  0.00010105057763847379
 2407.407407 -1419.753086  0.00010335684235508207
 2407.407407 -1296.296296  0.00010602548797345684
 2407.407407 -1172.839506  0.00010928702785585247
 2407.407407 -1049.382716  0.00011369932445445839
 2407.407407  -925.925926  0.00011949591495979460
 2407.407407  -802.469136  0.00012707262414583540
 2407.407407  -679.012346  0.00013678894319782162
 2407.407407  -555.555556  0.00014856416238354041
 2407.407407  -432.098765  0.00016166055968708164
 2407.407407  -308.641975  0.00017452174004588890
 2407.407407  -185.185185  0.00018498502883048808
 2407.407407   -61.728395  0.00019065862608468086
 2407.407407    61.728395  0.00019065862608464947
 2407.407407   185.185185  0.00018498502883038592
 2407.407407   308.641975  0.00017452174004570448
 2407.407407   432.098765  0.00016166055968681409
 2407.407407   555.555556  0.00014856416238319867
 2407.407407   679.012346  0.00013678894319742106
 2407.407407   802.469136  0.00012707262414537944
 2407.407407   925.925926  0.00011949591495929410
 2407.407407  1049.382716  0.00011369932445391577
 2407.407407  1172.839506  0.00010928702785526376
 2407.407407  1296.296296  0.00010602548797282761
 2407.407407  1419.753086  0.00010335684235441234
 2407.407407  1543.209877  0.00010105057763776241
 2407.407407  1666.666667  0.00009930454208379675
 2407.407407  1790.123457  0.00009777191880082158
 2407.407407  1913.580247  0.00009620513241581917
 2407.407407  2037.037037  0.00009503969996487824
 2407.407407  2160.493827  0.00009384509846040839
 2407.407407  2283.950617  0.00009352511097244474
 2407.407407  2407.407407  0.00009230962030491327
 2407.407407  2530.864198  0.00009251697650074033
 2407.407407  2654.320988  0.00009197334632653618
 2407.407407  2777.777778  0.00009135519064128106
 2407.407407  2901.234568  0.00009076512448222561
 2407.407407  3024.691358  0.00008991817916483943
 2407.407407  3148.148148  0.00008909575509237365
 2407.407407  3271.604938  0.00008860993065958662
 2407.407407  3395.061728  0.00008819752149637769
 2407.407407  3518.518519  0.00008818359372624192
 2407.407407  3641.975309  0.00008726436998138449
 2407.407407  3765.432099  0.00008605300165433946
 2407.407407  3888.888889  0.00008648077683256801
 2407.407407  4012.345679  0.00008362999562742607
 2407.407407  4135.802469  0.00008359446410677485
 2407.407407  4259.259259  0.00008440836576654663
 2407.407407  4382.716049  0.00008234883807733995
 2407.407407  4506.172840  0.00007955113323488047
 2407.407407  4629.629630  0.00008030068437056783
 2407.407407  4753.086420  0.00007990434104547085
 2407.407407  4876.543210  0.00007991479754893702

 2530.864198 -5000.000000  0.00002283048188827901
 2530.864198 -4876.543210  0.00007944109304292096
 2530.864198 -4753.086420  0.00007937626230333497
 2530.864198 -4629.629630  0.00007926808101421830
 2530.864198 -4506.172840  0.00007839668482461387
 2530.864198 -4382.716049  0.00008102333826466136
 2530.864198 -4259.259259  0.00008292582407865382
 2530.864198 -4135.802469  0.00008199973692163115
 2530.864198 -4012.345679  0.00008194576755466031
 2530.864198 -3888.888889  0.00008479202340409520
 2530.864198 -3765.432099  0.00008424185904821544
 2530.864198 -3641.975309  0.00008530006701087477
 2530.864198 -3518.518519  0.00008615092772364172
 2530.864198 -3395.061728  0.00008602477032801675
 2530.864198 -3271.604938  0.00008626295207308338
 2530.864198 -3148.148148  0.00008669846395833618
 2530.864198 -3024.691358  0.00008760145768791490
 2530.864198 -2901.234568  0.00008849310288664421
 2530.864198 -2777.777778  0.00008896491512606017
 2530.864198 -2654.320988  0.00008916542431698463
 2530.864198 -2530.864198  0.00008955170049150029
 2530.864198 -2407.407407  0.00009206449122981520
 2530.864198 -2283.950617  0.00009257463030548182
 2530.864198 -2160.493827  0.00009277754232203641
 2530.864198 -2037.037037  0.00009390514113520629
 2530.864198 -1913.580247  0.00009523531647313731
 2530.864198 -1790.123457  0.00009665578444795274
 2530.864198 -1666.666667  0.00009788898668117988
 2530.864198 -1543.209877  0.00009925710270265136
 2530.864198 -1419.753086  0.00010122213821305861
 2530.864198 -1296.296296  0.00010344597534351408
 2530.864198 -1172.839506  0.00010624641828155243
 2530.864198 -1049.382716  0.00010988526732627129
 2530.864198  -925.925926  0.00011458606364762148
 2530.864198  -802.469136  0.00012051547058530090
 2530.864198  -679.012346  0.00012783284853882818
 2530.864198  -555.555556  0.00013631990299135577
 2530.864198  -432.098765  0.00014539349857558526
 2530.864198  -308.641975  0.00015402008963863830
 2530.864198  -185.185185  0.00016093819670126594
 2530.864198   -61.728395  0.00016496783619797788
 2530.864198    61.728395  0.00016496783619795031
 2530.864198   185.185185  0.00016093819670116524
 2530.864198   308.641975  0.00015402008963846036
 2530.864198   432.098765  0.00014539349857533538
 2530.864198   555.555556  0.00013631990299104411
 2530.864198   679.012346  0.00012783284853846649
 2530.864198   802.469136  0.00012051547058488927
 2530.864198   925.925926  0.00011458606364716790
 2530.864198  1049.382716  0.00010988526732577670
 2530.864198  1172.839506  0.00010624641828101356
 2530.864198  1296.296296  0.00010344597534293196
 2530.864198  1419.753086  0.00010122213821243809
 2530.864198  1543.209877  0.00009925710270199089
 2530.864198  1666.666667  0.00009788898668047537
 2530.864198  1790.123457  0.00009665578444720624
 2530.864198  1913.580247  0.00009523531647236414
 2530.864198  2037.037037  0.00009390514113441152
 2530.864198  2160.493827  0.00009277754232120605
 2530.864198  2283.950617  0.00009257463030460277
 2530.864198  2407.407407  0.00009206449122887368
 2530.864198  2530.864198  0.00008955170049063004
 2530.864198  2654.320988  0.00008916542431601916
 2530.864198  2777.777778  0.00008896491512505393
 2530.864198  2901.234568  0.00008849310288563334
 2530.864198  3024.691358  0.00008760145768690139
 2530.864198  3148.148148  0.00008669846395731186
 2530.864198  3271.604938  0.00008626295207202340
 2530.864198  3395.061728  0.00008602477032691097
 2530.864198  3518.518519  0.00008615092772249214
 2530.864198  3641.975309  0.00008530006700970701
 2530.864198  3765.432099  0.00008424185904703698
 2530.864198  3888.888889  0.00008479202340292619
 2530.864198  4012.345679  0.00008194576755351658
 2530.864198  4135.802469  0.00008199973692049989
 2530.864198  4259.259259  0.00008292582407752238
 2530.864198  4382.716049  0.00008102333826353025
 2530.864198  4506.172840  0.00007839668482347068
 2530.864198  4629.629630  0.00007926808101304400
 2530.864198  4753.086420  0.00007937626230220199
 2530.864198  4876.543210  0.00007944109304195370

 2654.320988 -5000.000000  0.00002358438370796600
 2654.320988 -4876.543210  0.00008256279910655182
 2654.320988 -4753.086420  0.00008235363313357354
 2654.320988 -4629.629630  0.00008201533331177088
 2654.320988 -4506.172840  0.00008098426847988623
 2654.320988 -4382.716049  0.00008361882793908964
 2654.320988 -4259.259259  0.00008549973727171645
 2654.320988 -4135.802469  0.00008444264106006335
 2654.320988 -4012.345679  0.00008431869803630988
 2654.320988 -3888.888889  0.00008724571643176639
 2654.320988 -3765.432099  0.00008657310197101201
 2654.320988 -3641.975309  0.00008759814036677414
 2654.320988 -3518.518519  0.00008840368503840328
 2654.320988 -3395.061728  0.00008819366451098386
 2654.320988 -3271.604938  0.00008837416530537206
 2654.320988 -3148.148148  0.00008878268804670050
 2654.320988 -3024.691358  0.00008969574252217665
 2654.320988 -2901.234568  0.00009059594627596448
 2654.320988 -2777.777778  0.00009103066533540178
 2654.320988 -2654.320988  0.00009108602357746710
 2654.320988 -2530.864198  0.00009116144669197597
 2654.320988 -2407.407407  0.00009347330701247939
 2654.320988 -2283.950617  0.00009372556189381808
 2654.320988 -2160.493827  0.00009380802357309345
 2654.320988 -2037.037037  0.00009487008835968974
 2654.320988 -1913.580247  0.00009613400841320920
 2654.320988 -1790.123457  0.00009742792341328995
 2654.320988 -1666.666667  0.00009847012616340451
 2654.320988 -1543.209877  0.00009959687825684187
 2654.320988 -1419.753086  0.00010127696972338640
 2654.320988 -1296.296296  0.00010313006455288011
 2654.320988 -1172.839506  0.00010534553667242806
 2654.320988 -1049.382716  0.00010828874808711537
 2654.320988  -925.925926  0.00011199534695598375
 2654.320988  -802.469136  0.00011651683386499563
 2654.320988  -679.012346  0.00012187587596056219
 2654.320988  -555.555556  0.00012783233612933943
 2654.320988  -432.098765  0.00013394806718190075
 2654.320988  -308.641975  0.00013957100557623160
 2654.320988  -185.185185  0.00014400449567308145
 2654.320988   -61.728395  0.00014673002313044241
 2654.320988    61.728395  0.00014673002313041550
 2654.320988   185.185185  0.00014400449567298650
 2654.320988   308.641975  0.00013957100557606596
 2654.320988   432.098765  0.00013394806718166881
 2654.320988   555.555556  0.00012783233612904949
 2654.320988   679.012346  0.00012187587596022500
 2654.320988   802.469136  0.00011651683386461212
 2654.320988   925.925926  0.00011199534695555782
 2654.320988  1049.382716  0.00010828874808664811
 2654.320988  1172.839506  0.00010534553667191564
 2654.320988  1296.296296  0.00010313006455232434
 2654.320988  1419.753086  0.00010127696972279203
 2654.320988  1543.209877  0.00009959687825620760
 2654.320988  1666.666667  0.00009847012616272663
 2654.320988  1790.123457  0.00009742792341257107
 2654.320988  1913.580247  0.00009613400841246433
 2654.320988  2037.037037  0.00009487008835892532
 2654.320988  2160.493827  0.00009380802357229376
 2654.320988  2283.950617  0.00009372556189296938
 2654.320988  2407.407407  0.00009347330701156307
 2654.320988  2530.864198  0.00009116144669112748
 2654.320988  2654.320988  0.00009108602357652164
 2654.320988  2777.777778  0.00009103066533441259
 2654.320988  2901.234568  0.00009059594627496852
 2654.320988  3024.691358  0.00008969574252117774
 2654.320988  3148.148148  0.00008878268804569115
 2654.320988  3271.604938  0.00008837416530432892
 2654.320988  3395.061728  0.00008819366450989637
 2654.320988  3518.518519  0.00008840368503727304
 2654.320988  3641.975309  0.00008759814036562507
 2654.320988  3765.432099  0.00008657310196985007
 2654.320988  3888.888889  0.00008724571643061230
 2654.320988  4012.345679  0.00008431869803517982
 2654.320988  4135.802469  0.00008444264105894433
 2654.320988  4259.259259  0.00008549973727059626
 2654.320988  4382.716049  0.00008361882793796971
 2654.320988  4506.172840  0.00008098426847875568
 2654.320988  4629.629630  0.00008201533331060880
 2654.320988  4753.086420  0.00008235363313244896
 2654.320988  4876.543210  0.00008256279910558177

 2777.777778 -5000.000000  0.00002398914090945769
 2777.777778 -4876.543210  0.00008421742122179583
 2777.777778 -4753.086420  0.00008379597315343904
 2777.777778 -4629.629630  0.00008327223684349687
 2777.777778 -4506.172840  0.00008212829111010409
 2777.777778 -4382.716049  0.00008475713005404893
 2777.777778 -4259.259259  0.00008659722245055237
 2777.777778 -4135.802469  0.00008541753246428534
 2777.777778 -4012.345679  0.00008520934205194927
 2777.777778 -3888.888889  0.00008815508312427066
 2777.777778 -3765.432099  0.00008737937005789788
 2777.777778 -3641.975309  0.00008839471795987542
 2777.777778 -3518.518519  0.00008914996535490514
 2777.777778 -3395.061728  0.00008889271873025477
 2777.777778 -3271.604938  0.00008904564472481965
 2777.777778 -3148.148148  0.00008941735747240015
 2777.777778 -3024.691358  0.00009027952672143470
 2777.777778 -2901.234568  0.00009113288507062150
 2777.777778 -2777.777778  0.00009152793885781280
 2777.777778 -2654.320988  0.00009155153746446873
 2777.777778 -2530.864198  0.00009145608181397477
 2777.777778 -2407.407407  0.00009297327525339200
 2777.777778 -2283.950617  0.00009318837271509039
 2777.777778 -2160.493827  0.00009318206483779670
 2777.777778 -2037.037037  0.00009415637914596343
 2777.777778 -1913.580247  0.00009525800941154880
 2777.777778 -1790.123457  0.00009640715940397370
 2777.777778 -1666.666667  0.00009728615518128074
 2777.777778 -1543.209877  0.00009821225268649246
 2777.777778 -1419.753086  0.00009962750137752042
 2777.777778 -1296.296296  0.00010113464296132287
 2777.777778 -1172.839506  0.00010304803643248224
 2777.777778 -1049.382716  0.00010533735599917717
 2777.777778  -925.925926  0.00010816725926604782
 2777.777778  -802.469136  0.00011148589801247297
 2777.777778  -679.012346  0.00011527531833252830
 2777.777778  -555.555556  0.00011929869374461390
 2777.777778  -432.098765  0.00012326733810828362
 2777.777778  -308.641975  0.00012679418942404343
 2777.777778  -185.185185  0.00012952821950464627
 2777.777778   -61.728395  0.00013129960013608471
 2777.777778    61.728395  0.00013129960013605809
 2777.777778   185.185185  0.00012952821950455959
 2777.777778   308.641975  0.00012679418942389387
 2777.777778   432.098765  0.00012326733810807342
 2777.777778   555.555556  0.00011929869374434810
 2777.777778   679.012346  0.00011527531833221811
 2777.777778   802.469136  0.00011148589801211850
 2777.777778   925.925926  0.00010816725926565313
 2777.777778  1049.382716  0.00010533735599874285
 2777.777778  1172.839506  0.00010304803643200331
 2777.777778  1296.296296  0.00010113464296080101
 2777.777778  1419.753086  0.00009962750137696184
 2777.777778  1543.209877  0.00009821225268589417
 2777.777778  1666.666667  0.00009728615518063938
 2777.777778  1790.123457  0.00009640715940329276
 2777.777778  1913.580247  0.00009525800941084384
 2777.777778  2037.037037  0.00009415637914523994
 2777.777778  2160.493827  0.00009318206483704016
 2777.777778  2283.950617  0.00009318837271428549
 2777.777778  2407.407407  0.00009297327525252138
 2777.777778  2530.864198  0.00009145608181316207
 2777.777778  2654.320988  0.00009155153746355686
 2777.777778  2777.777778  0.00009152793885685824
 2777.777778  2901.234568  0.00009113288506966122
 2777.777778  3024.691358  0.00009027952672047100
 2777.777778  3148.148148  0.00008941735747142728
 2777.777778  3271.604938  0.00008904564472381290
 2777.777778  3395.061728  0.00008889271872920440
 2777.777778  3518.518519  0.00008914996535381228
 2777.777778  3641.975309  0.00008839471795876326
 2777.777778  3765.432099  0.00008737937005677394
 2777.777778  3888.888889  0.00008815508312315368
 2777.777778  4012.345679  0.00008520934205085565
 2777.777778  4135.802469  0.00008541753246320241
 2777.777778  4259.259259  0.00008659722244946729
 2777.777778  4382.716049  0.00008475713005296298
 2777.777778  4506.172840  0.00008212829110900674
 2777.777778  4629.629630  0.00008327223684236729
 2777.777778  4753.086420  0.00008379597315234372
 2777.777778  4876.543210  0.00008421742122085108

 2901.234568 -5000.000000  0.00002424927998857666
 2901.234568 -4876.543210  0.00008523842684201993
 2901.234568 -4753.086420  0.00008455908857212152
 2901.234568 -4629.629630  0.00008384404081512941
 2901.234568 -4506.172840  0.00008259815741376275
 2901.234568 -4382.716049  0.00008520716981427958
 2901.234568 -4259.259259  0.00008698841513917816
 2901.234568 -4135.802469  0.00008567855505974330
 2901.234568 -4012.345679  0.00008537189807113407
 2901.234568 -3888.888889  0.00008830622604651501
 2901.234568 -3765.432099  0.00008742893037818369
 2901.234568 -3641.975309  0.00008843254738772657
 2901.234568 -3518.518519  0.00008914060353405638
 2901.234568 -3395.061728  0.00008884445335824815
 2901.234568 -3271.604938  0.00008896689829128374
 2901.234568 -3148.148148  0.00008929393823610774
 2901.234568 -3024.691358  0.00009008723835146680
 2901.234568 -2901.234568  0.00009086673103311725
 2901.234568 -2777.777778  0.00009120789335707958
 2901.234568 -2654.320988  0.00009122900321793997
 2901.234568 -2530.864198  0.00009113601574261284
 2901.234568 -2407.407407  0.00009235758154587718
 2901.234568 -2283.950617  0.00009260002162702724
 2901.234568 -2160.493827  0.00009252498695074724
 2901.234568 -2037.037037  0.00009339205203946259
 2901.234568 -1913.580247  0.00009433743568258151
 2901.234568 -1790.123457  0.00009534410262798828
 2901.234568 -1666.666667  0.00009607538851788910
 2901.234568 -1543.209877  0.00009683027251008692
 2901.234568 -1419.753086  0.00009801487512243719
 2901.234568 -1296.296296  0.00009922914779244306
 2901.234568 -1172.839506  0.00010066573627193342
 2901.234568 -1049.382716  0.00010242570532719470
 2901.234568  -925.925926  0.00010454036063430856
 2901.234568  -802.469136  0.00010693747530535787
 2901.234568  -679.012346  0.00010957049822799423
 2901.234568  -555.555556  0.00011225039267307876
 2901.234568  -432.098765  0.00011478711237863748
 2901.234568  -308.641975  0.00011696306554415539
 2901.234568  -185.185185  0.00011862188624237544
 2901.234568   -61.728395  0.00011976168736607078
 2901.234568    61.728395  0.00011976168736604599
 2901.234568   185.185185  0.00011862188624229797
 2901.234568   308.641975  0.00011696306554402207
 2901.234568   432.098765  0.00011478711237844907
 2901.234568   555.555556  0.00011225039267283929
 2901.234568   679.012346  0.00010957049822771303
 2901.234568   802.469136  0.00010693747530503486
 2901.234568   925.925926  0.00010454036063394798
 2901.234568  1049.382716  0.00010242570532679587
 2901.234568  1172.839506  0.00010066573627149284
 2901.234568  1296.296296  0.00009922914779196203
 2901.234568  1419.753086  0.00009801487512192088
 2901.234568  1543.209877  0.00009683027250953280
 2901.234568  1666.666667  0.00009607538851729405
 2901.234568  1790.123457  0.00009534410262735494
 2901.234568  1913.580247  0.00009433743568192594
 2901.234568  2037.037037  0.00009339205203878992
 2901.234568  2160.493827  0.00009252498695004301
 2901.234568  2283.950617  0.00009260002162627644
 2901.234568  2407.407407  0.00009235758154506424
 2901.234568  2530.864198  0.00009113601574185427
 2901.234568  2654.320988  0.00009122900321708570
 2901.234568  2777.777778  0.00009120789335618439
 2901.234568  2901.234568  0.00009086673103221697
 2901.234568  3024.691358  0.00009008723835056511
 2901.234568  3148.148148  0.00008929393823519724
 2901.234568  3271.604938  0.00008896689829034100
 2901.234568  3395.061728  0.00008884445335726245
 2901.234568  3518.518519  0.00008914060353302936
 2901.234568  3641.975309  0.00008843254738668074
 2901.234568  3765.432099  0.00008742893037712697
 2901.234568  3888.888889  0.00008830622604546546
 2901.234568  4012.345679  0.00008537189807010707
 2901.234568  4135.802469  0.00008567855505872632
 2901.234568  4259.259259  0.00008698841513815831
 2901.234568  4382.716049  0.00008520716981325707
 2901.234568  4506.172840  0.00008259815741272699
 2901.234568  4629.629630  0.00008384404081406078
 2901.234568  4753.086420  0.00008455908857108425
 2901.234568  4876.543210  0.00008523842684112996

 3024.691358 -5000.000000  0.00002457515461552515
 3024.691358 -4876.543210  0.00008652192531543413
 3024.691358 -4753.086420  0.00008555857800457081
 3024.691358 -4629.629630  0.00008464605896285916
 3024.691358 -4506.172840  0.00008328905602674009
 3024.691358 -4382.716049  0.00008588478742446276
 3024.691358 -4259.259259  0.00008760744148043391
 3024.691358 -4135.802469  0.00008615389123092303
 3024.691358 -4012.345679  0.00008573999384167343
 3024.691358 -3888.888889  0.00008866642617285897
 3024.691358 -3765.432099  0.00008767548503980228
 3024.691358 -3641.975309  0.00008866355099371122
 3024.691358 -3518.518519  0.00008932979065393593
 3024.691358 -3395.061728  0.00008899440498761905
 3024.691358 -3271.604938  0.00008908111416642609
 3024.691358 -3148.148148  0.00008935959850079148
 3024.691358 -3024.691358  0.00009008178588287967
 3024.691358 -2901.234568  0.00009078269114575692
 3024.691358 -2777.777778  0.00009106241805922242
 3024.691358 -2654.320988  0.00009108808741437406
 3024.691358 -2530.864198  0.00009107935703573645
 3024.691358 -2407.407407  0.00009220790304181138
 3024.691358 -2283.950617  0.00009251078380183976
 3024.691358 -2160.493827  0.00009236877131690602
 3024.691358 -2037.037037  0.00009313250387972110
 3024.691358 -1913.580247  0.00009393714226377072
 3024.691358 -1790.123457  0.00009481685119853193
 3024.691358 -1666.666667  0.00009541757537066883
 3024.691358 -1543.209877  0.00009602700555973733
 3024.691358 -1419.753086  0.00009702517779645258
 3024.691358 -1296.296296  0.00009799886590090765
 3024.691358 -1172.839506  0.00009902801453276072
 3024.691358 -1049.382716  0.00010037590826749469
 3024.691358  -925.925926  0.00010195453159597141
 3024.691358  -802.469136  0.00010369170082347324
 3024.691358  -679.012346  0.00010553749645152064
 3024.691358  -555.555556  0.00010734948581292453
 3024.691358  -432.098765  0.00010900387328073409
 3024.691358  -308.641975  0.00011037748634021881
 3024.691358  -185.185185  0.00011140867001367519
 3024.691358   -61.728395  0.00011216037251675148
 3024.691358    61.728395  0.00011216037251672897
 3024.691358   185.185185  0.00011140867001360622
 3024.691358   308.641975  0.00011037748634009990
 3024.691358   432.098765  0.00010900387328056653
 3024.691358   555.555556  0.00010734948581271046
 3024.691358   679.012346  0.00010553749645126793
 3024.691358   802.469136  0.00010369170082318146
 3024.691358   925.925926  0.00010195453159564487
 3024.691358  1049.382716  0.00010037590826713270
 3024.691358  1172.839506  0.00009902801453235933
 3024.691358  1296.296296  0.00009799886590046729
 3024.691358  1419.753086  0.00009702517779597945
 3024.691358  1543.209877  0.00009602700555922902
 3024.691358  1666.666667  0.00009541757537012281
 3024.691358  1790.123457  0.00009481685119794970
 3024.691358  1913.580247  0.00009393714226316770
 3024.691358  2037.037037  0.00009313250387910153
 3024.691358  2160.493827  0.00009236877131625668
 3024.691358  2283.950617  0.00009251078380114734
 3024.691358  2407.407407  0.00009220790304106077
 3024.691358  2530.864198  0.00009107935703503984
 3024.691358  2654.320988  0.00009108808741358717
 3024.691358  2777.777778  0.00009106241805839795
 3024.691358  2901.234568  0.00009078269114492879
 3024.691358  3024.691358  0.00009008178588205039
 3024.691358  3148.148148  0.00008935959849995380
 3024.691358  3271.604938  0.00008908111416555820
 3024.691358  3395.061728  0.00008899440498671008
 3024.691358  3518.518519  0.00008932979065298746
 3024.691358  3641.975309  0.00008866355099274508
 3024.691358  3765.432099  0.00008767548503882542
 3024.691358  3888.888889  0.00008866642617188963
 3024.691358  4012.345679  0.00008573999384072490
 3024.691358  4135.802469  0.00008615389122998383
 3024.691358  4259.259259  0.00008760744147949161
 3024.691358  4382.716049  0.00008588478742351554
 3024.691358  4506.172840  0.00008328905602577772
 3024.691358  4629.629630  0.00008464605896186390
 3024.691358  4753.086420  0.00008555857800360464
 3024.691358  4876.543210  0.00008652192531460874

 3148.148148 -5000.000000  0.00002495634027362440
 3148.148148 -4876.543210  0.00008802461780031648
 3148.148148 -4753.086420  0.00008677125181782439
 3148.148148 -4629.629630  0.00008565014652897757
 3148.148148 -4506.172840  0.00008417635187051293
 3148.148148 -4382.716049  0.00008676248155817658
 3148.148148 -4259.259259  0.00008842580146186437
 3148.148148 -4135.802469  0.00008681866113481475
 3148.148148 -4012.345679  0.00008629224126450675
 3148.148148 -3888.888889  0.00008921717736691779
 3148.148148 -3765.432099  0.00008810448597737058
 3148.148148 -3641.975309  0.00008907073333109290
 3148.148148 -3518.518519  0.00008969696430828290
 3148.148148 -3395.061728  0.00008931904954770584
 3148.148148 -3271.604938  0.00008936607253779010
 3148.148148 -3148.148148  0.00008959180835138452
 3148.148148 -3024.691358  0.00009024208373999012
 3148.148148 -2901.234568  0.00009086653838749220
 3148.148148 -2777.777778  0.00009108072621727404
 3148.148148 -2654.320988  0.00009110959770399636
 3148.148148 -2530.864198  0.00009119679574081634
 3148.148148 -2407.407407  0.00009211180572111290
 3148.148148 -2283.950617  0.00009249777248923688
 3148.148148 -2160.493827  0.00009228130548079385
 3148.148148 -2037.037037  0.00009295671631104028
 3148.148148 -1913.580247  0.00009362407773304499
 3148.148148 -1790.123457  0.00009439066914256298
 3148.148148 -1666.666667  0.00009487336240817884
 3148.148148 -1543.209877  0.00009535317331816370
 3148.148148 -1419.753086  0.00009620087391572511
 3148.148148 -1296.296296  0.00009696651413492781
 3148.148148 -1172.839506  0.00009786560599115585
 3148.148148 -1049.382716  0.00009887285967588278
 3148.148148  -925.925926  0.00010005825418452041
 3148.148148  -802.469136  0.00010131207151095320
 3148.148148  -679.012346  0.00010262127844200081
 3148.148148  -555.555556  0.00010385962610937505
 3148.148148  -432.098765  0.00010496055185651299
 3148.148148  -308.641975  0.00010585032582855391
 3148.148148  -185.185185  0.00010650858302237172
 3148.148148   -61.728395  0.00010701711277748567
 3148.148148    61.728395  0.00010701711277746828
 3148.148148   185.185185  0.00010650858302231041
 3148.148148   308.641975  0.00010585032582844784
 3148.148148   432.098765  0.00010496055185636319
 3148.148148   555.555556  0.00010385962610918260
 3148.148148   679.012346  0.00010262127844177451
 3148.148148   802.469136  0.00010131207151069069
 3148.148148   925.925926  0.00010005825418422531
 3148.148148  1049.382716  0.00009887285967555542
 3148.148148  1172.839506  0.00009786560599079209
 3148.148148  1296.296296  0.00009696651413453156
 3148.148148  1419.753086  0.00009620087391529775
 3148.148148  1543.209877  0.00009535317331770407
 3148.148148  1666.666667  0.00009487336240768405
 3148.148148  1790.123457  0.00009439066914203527
 3148.148148  1913.580247  0.00009362407773249675
 3148.148148  2037.037037  0.00009295671631047665
 3148.148148  2160.493827  0.00009228130548020216
 3148.148148  2283.950617  0.00009249777248860552
 3148.148148  2407.407407  0.00009211180572042851
 3148.148148  2530.864198  0.00009119679574018469
 3148.148148  2654.320988  0.00009110959770328296
 3148.148148  2777.777778  0.00009108072621652638
 3148.148148  2901.234568  0.00009086653838674111
 3148.148148  3024.691358  0.00009024208373923787
 3148.148148  3148.148148  0.00008959180835062506
 3148.148148  3271.604938  0.00008936607253700254
 3148.148148  3395.061728  0.00008931904954687989
 3148.148148  3518.518519  0.00008969696430742038
 3148.148148  3641.975309  0.00008907073333021364
 3148.148148  3765.432099  0.00008810448597648012
 3148.148148  3888.888889  0.00008921717736603443
 3148.148148  4012.345679  0.00008629224126364201
 3148.148148  4135.802469  0.00008681866113395813
 3148.148148  4259.259259  0.00008842580146100400
 3148.148148  4382.716049  0.00008676248155731121
 3148.148148  4506.172840  0.00008417635186963209
 3148.148148  4629.629630  0.00008565014652806469
 3148.148148  4753.086420  0.00008677125181693570
 3148.148148  4876.543210  0.00008802461779955749

 3271.604938 -5000.000000  0.00002527155828139872
 3271.604938 -4876.543210  0.00008925847482869019
 3271.604938 -4753.086420  0.00008774212213167702
 3271.604938 -4629.629630  0.00008641402685394436
 3271.604938 -4506.172840  0.00008483877728932803
 3271.604938 -4382.716049  0.00008741090055656994
 3271.604938 -4259.259259  0.00008901162314665403
 3271.604938 -4135.802469  0.00008725919777721637
 3271.604938 -4012.345679  0.00008662425639923469
 3271.604938 -3888.888889  0.00008954535894230167
 3271.604938 -3765.432099  0.00008831549418105952
 3271.604938 -3641.975309  0.00008926814979048623
 3271.604938 -3518.518519  0.00008984616369972868
 3271.604938 -3395.061728  0.00008942729946910657
 3271.604938 -3271.604938  0.00008944188343547427
 3271.604938 -3148.148148  0.00008961901301129308
 3271.604938 -3024.691358  0.00009019235130051210
 3271.604938 -2901.234568  0.00009073211311517296
 3271.604938 -2777.777778  0.00009089492963677591
 3271.604938 -2654.320988  0.00009094147475057789
 3271.604938 -2530.864198  0.00009108692834492349
 3271.604938 -2407.407407  0.00009188974768881161
 3271.604938 -2283.950617  0.00009232593555525716
 3271.604938 -2160.493827  0.00009207345522036394
 3271.604938 -2037.037037  0.00009265061461356854
 3271.604938 -1913.580247  0.00009319314914355295
 3271.604938 -1790.123457  0.00009385147280782008
 3271.604938 -1666.666667  0.00009423600197279513
 3271.604938 -1543.209877  0.00009460596143732666
 3271.604938 -1419.753086  0.00009530014341404699
 3271.604938 -1296.296296  0.00009592737203501954
 3271.604938 -1172.839506  0.00009653220250274456
 3271.604938 -1049.382716  0.00009731246941860088
 3271.604938  -925.925926  0.00009817347737220871
 3271.604938  -802.469136  0.00009908272319447357
 3271.604938  -679.012346  0.00010000801433988821
 3271.604938  -555.555556  0.00010086766710754697
 3271.604938  -432.098765  0.00010160802237069371
 3271.604938  -308.641975  0.00010219113203363904
 3271.604938  -185.185185  0.00010262335696668959
 3271.604938   -61.728395  0.00010297322996972605
 3271.604938    61.728395  0.00010297322996970957
 3271.604938   185.185185  0.00010262335696663642
 3271.604938   308.641975  0.00010219113203354477
 3271.604938   432.098765  0.00010160802237056033
 3271.604938   555.555556  0.00010086766710737505
 3271.604938   679.012346  0.00010000801433968749
 3271.604938   802.469136  0.00009908272319424059
 3271.604938   925.925926  0.00009817347737194592
 3271.604938  1049.382716  0.00009731246941830833
 3271.604938  1172.839506  0.00009653220250241908
 3271.604938  1296.296296  0.00009592737203466460
 3271.604938  1419.753086  0.00009530014341366481
 3271.604938  1543.209877  0.00009460596143691475
 3271.604938  1666.666667  0.00009423600197235064
 3271.604938  1790.123457  0.00009385147280734503
 3271.604938  1913.580247  0.00009319314914305916
 3271.604938  2037.037037  0.00009265061461306105
 3271.604938  2160.493827  0.00009207345521983061
 3271.604938  2283.950617  0.00009232593555468669
 3271.604938  2407.407407  0.00009188974768819413
 3271.604938  2530.864198  0.00009108692834435588
 3271.604938  2654.320988  0.00009094147474993721
 3271.604938  2777.777778  0.00009089492963610398
 3271.604938  2901.234568  0.00009073211311449779
 3271.604938  3024.691358  0.00009019235129983568
 3271.604938  3148.148148  0.00008961901301061035
 3271.604938  3271.604938  0.00008944188343476547
 3271.604938  3395.061728  0.00008942729946836247
 3271.604938  3518.518519  0.00008984616369895129
 3271.604938  3641.975309  0.00008926814978969368
 3271.604938  3765.432099  0.00008831549418025534
 3271.604938  3888.888889  0.00008954535894150422
 3271.604938  4012.345679  0.00008662425639845348
 3271.604938  4135.802469  0.00008725919777644146
 3271.604938  4259.259259  0.00008901162314587467
 3271.604938  4382.716049  0.00008741090055578496
 3271.604938  4506.172840  0.00008483877728852828
 3271.604938  4629.629630  0.00008641402685311372
 3271.604938  4753.086420  0.00008774212213086635
 3271.604938  4876.543210  0.00008925847482799370

 3395.061728 -5000.000000  0.00002577370827529350
 3395.061728 -4876.543210  0.00009132564751735229
 3395.061728 -4753.086420  0.00008954325417412347
 3395.061728 -4629.629630  0.00008802078118893812
 3395.061728 -4506.172840  0.00008632221177455500
 3395.061728 -4382.716049  0.00008890325024795430
 3395.061728 -4259.259259  0.00009046128584964017
 3395.061728 -4135.802469  0.00008855534999512233
 3395.061728 -4012.345679  0.00008781430815635761
 3395.061728 -3888.888889  0.00009075628193762632
 3395.061728 -3765.432099  0.00008941073785365682
 3395.061728 -3641.975309  0.00009035497291288308
 3395.061728 -3518.518519  0.00009089816546882794
 3395.061728 -3395.061728  0.00009043488892272897
 3395.061728 -3271.604938  0.00009041140187952750
 3395.061728 -3148.148148  0.00009053726012805101
 3395.061728 -3024.691358  0.00009104616792340491
 3395.061728 -2901.234568  0.00009152532752448205
 3395.061728 -2777.777778  0.00009162924834399507
 3395.061728 -2654.320988  0.00009167849988986426
 3395.061728 -2530.864198  0.00009187209048460476
 3395.061728 -2407.407407  0.00009213287323031269
 3395.061728 -2283.950617  0.00009266753309118032
 3395.061728 -2160.493827  0.00009233228516313496
 3395.061728 -2037.037037  0.00009285685667232949
 3395.061728 -1913.580247  0.00009326927780483818
 3395.061728 -1790.123457  0.00009383950308253363
 3395.061728 -1666.666667  0.00009412945508516528
 3395.061728 -1543.209877  0.00009440229415456169
 3395.061728 -1419.753086  0.00009500557134651574
 3395.061728 -1296.296296  0.00009546352048533425
 3395.061728 -1172.839506  0.00009621463912070605
 3395.061728 -1049.382716  0.00009675254911083141
 3395.061728  -925.925926  0.00009741619266715211
 3395.061728  -802.469136  0.00009805884706993731
 3395.061728  -679.012346  0.00009872581086736896
 3395.061728  -555.555556  0.00009931098325067315
 3395.061728  -432.098765  0.00009981465979240583
 3395.061728  -308.641975  0.00010020630522174696
 3395.061728  -185.185185  0.00010048860965994466
 3395.061728   -61.728395  0.00010072629356865368
 3395.061728    61.728395  0.00010072629356864014
 3395.061728   185.185185  0.00010048860965989752
 3395.061728   308.641975  0.00010020630522166425
 3395.061728   432.098765  0.00009981465979228929
 3395.061728   555.555556  0.00009931098325052253
 3395.061728   679.012346  0.00009872581086719248
 3395.061728   802.469136  0.00009805884706973185
 3395.061728   925.925926  0.00009741619266691986
 3395.061728  1049.382716  0.00009675254911057282
 3395.061728  1172.839506  0.00009621463912041712
 3395.061728  1296.296296  0.00009546352048501931
 3395.061728  1419.753086  0.00009500557134617614
 3395.061728  1543.209877  0.00009440229415419523
 3395.061728  1666.666667  0.00009412945508476895
 3395.061728  1790.123457  0.00009383950308211016
 3395.061728  1913.580247  0.00009326927780439840
 3395.061728  2037.037037  0.00009285685667187678
 3395.061728  2160.493827  0.00009233228516265941
 3395.061728  2283.950617  0.00009266753309067084
 3395.061728  2407.407407  0.00009213287322976046
 3395.061728  2530.864198  0.00009187209048409773
 3395.061728  2654.320988  0.00009167849988929201
 3395.061728  2777.777778  0.00009162924834339424
 3395.061728  2901.234568  0.00009152532752387818
 3395.061728  3024.691358  0.00009104616792279911
 3395.061728  3148.148148  0.00009053726012743864
 3395.061728  3271.604938  0.00009041140187889240
 3395.061728  3395.061728  0.00009043488892206177
 3395.061728  3518.518519  0.00009089816546813030
 3395.061728  3641.975309  0.00009035497291217122
 3395.061728  3765.432099  0.00008941073785293428
 3395.061728  3888.888889  0.00009075628193690881
 3395.061728  4012.345679  0.00008781430815565445
 3395.061728  4135.802469  0.00008855534999442352
 3395.061728  4259.259259  0.00009046128584893484
 3395.061728  4382.716049  0.00008890325024724404
 3395.061728  4506.172840  0.00008632221177383151
 3395.061728  4629.629630  0.00008802078118818512
 3395.061728  4753.086420  0.00008954325417338529
 3395.061728  4876.543210  0.00009132564751671139

 3518.518519 -5000.000000  0.00002609442356876337
 3518.518519 -4876.543210  0.00009263417997776271
 3518.518519 -4753.086420  0.00009063702127809851
 3518.518519 -4629.629630  0.00008892945811081418
 3518.518519 -4506.172840  0.00008713909119358545
 3518.518519 -4382.716049  0.00008971409331777385
 3518.518519 -4259.259259  0.00009122307369184915
 3518.518519 -4135.802469  0.00008918999281625913
 3518.518519 -4012.345679  0.00008835578850294747
 3518.518519 -3888.888889  0.00009130591963075983
 3518.518519 -3765.432099  0.00008986149356293008
 3518.518519 -3641.975309  0.00009080688395184587
 3518.518519 -3518.518519  0.00009130592398958350
 3518.518519 -3395.061728  0.00009080175933319804
 3518.518519 -3271.604938  0.00009074902139383848
 3518.518519 -3148.148148  0.00009083593707375176
 3518.518519 -3024.691358  0.00009128249797533245
 3518.518519 -2901.234568  0.00009168630843516624
 3518.518519 -2777.777778  0.00009175359353501187
 3518.518519 -2654.320988  0.00009181753837640359
 3518.518519 -2530.864198  0.00009205430440818023
 3518.518519 -2407.407407  0.00009260991330840259
 3518.518519 -2283.950617  0.00009313629053404932
 3518.518519 -2160.493827  0.00009279703724766955
 3518.518519 -2037.037037  0.00009322884844249287
 3518.518519 -1913.580247  0.00009356289425358801
 3518.518519 -1790.123457  0.00009404482254406964
 3518.518519 -1666.666667  0.00009426141272104369
 3518.518519 -1543.209877  0.00009445899846511912
 3518.518519 -1419.753086  0.00009493784482215165
 3518.518519 -1296.296296  0.00009532837576747231
 3518.518519 -1172.839506  0.00009538960429059391
 3518.518519 -1049.382716  0.00009584715068075867
 3518.518519  -925.925926  0.00009630377016556147
 3518.518519  -802.469136  0.00009678703927724192
 3518.518519  -679.012346  0.00009725176584224549
 3518.518519  -555.555556  0.00009767659951937772
 3518.518519  -432.098765  0.00009802484945960900
 3518.518519  -308.641975  0.00009828840125570404
 3518.518519  -185.185185  0.00009848349346099788
 3518.518519   -61.728395  0.00009865209806438119
 3518.518519    61.728395  0.00009865209806436991
 3518.518519   185.185185  0.00009848349346095751
 3518.518519   308.641975  0.00009828840125563326
 3518.518519   432.098765  0.00009802484945950979
 3518.518519   555.555556  0.00009767659951924901
 3518.518519   679.012346  0.00009725176584209382
 3518.518519   802.469136  0.00009678703927706347
 3518.518519   925.925926  0.00009630377016535951
 3518.518519  1049.382716  0.00009584715068053347
 3518.518519  1172.839506  0.00009538960429034227
 3518.518519  1296.296296  0.00009532837576719588
 3518.518519  1419.753086  0.00009493784482185336
 3518.518519  1543.209877  0.00009445899846479660
 3518.518519  1666.666667  0.00009426141272069503
 3518.518519  1790.123457  0.00009404482254369593
 3518.518519  1913.580247  0.00009356289425320096
 3518.518519  2037.037037  0.00009322884844209496
 3518.518519  2160.493827  0.00009279703724725118
 3518.518519  2283.950617  0.00009313629053360001
 3518.518519  2407.407407  0.00009260991330791388
 3518.518519  2530.864198  0.00009205430440773519
 3518.518519  2654.320988  0.00009181753837590166
 3518.518519  2777.777778  0.00009175359353448411
 3518.518519  2901.234568  0.00009168630843463490
 3518.518519  3024.691358  0.00009128249797479882
 3518.518519  3148.148148  0.00009083593707321272
 3518.518519  3271.604938  0.00009074902139327874
 3518.518519  3395.061728  0.00009080175933260966
 3518.518519  3518.518519  0.00009130592398896796
 3518.518519  3641.975309  0.00009080688395121698
 3518.518519  3765.432099  0.00008986149356229246
 3518.518519  3888.888889  0.00009130591963012583
 3518.518519  4012.345679  0.00008835578850232577
 3518.518519  4135.802469  0.00008918999281563990
 3518.518519  4259.259259  0.00009122307369122221
 3518.518519  4382.716049  0.00008971409331714085
 3518.518519  4506.172840  0.00008713909119294082
 3518.518519  4629.629630  0.00008892945811014102
 3518.518519  4753.086420  0.00009063702127743605
 3518.518519  4876.543210  0.00009263417997718189

 3641.975309 -5000.000000  0.00002668320679348536
 3641.975309 -4876.543210  0.00009508160596584310
 3641.975309 -4753.086420  0.00009285876308758147
 3641.975309 -4629.629630  0.00009098179739435176
 3641.975309 -4506.172840  0.00008907015785070099
 3641.975309 -4382.716049  0.00009167076326296141
 3641.975309 -4259.259259  0.00009315790805441727
 3641.975309 -4135.802469  0.00009098667559599993
 3641.975309 -4012.345679  0.00009006445572940221
 3641.975309 -3888.888889  0.00009305690739909300
 3641.975309 -3765.432099  0.00009150590627584216
 3641.975309 -3641.975309  0.00009244046438081176
 3641.975309 -3518.518519  0.00009291804870740225
 3641.975309 -3395.061728  0.00009236922942690420
 3641.975309 -3271.604938  0.00009227630320289645
 3641.975309 -3148.148148  0.00009231899497981531
 3641.975309 -3024.691358  0.00009272446255675265
 3641.975309 -2901.234568  0.00009309482807478523
 3641.975309 -2777.777778  0.00009310755788180171
 3641.975309 -2654.320988  0.00009315264780512624
 3641.975309 -2530.864198  0.00009342116576216967
 3641.975309 -2407.407407  0.00009340328312045583
 3641.975309 -2283.950617  0.00009401552394627165
 3641.975309 -2160.493827  0.00009358067420469988
 3641.975309 -2037.037037  0.00009399396221502592
 3641.975309 -1913.580247  0.00009423282447686422
 3641.975309 -1790.123457  0.00009465923994349522
 3641.975309 -1666.666667  0.00009480214780887898
 3641.975309 -1543.209877  0.00009492746524978176
 3641.975309 -1419.753086  0.00009537087929059721
 3641.975309 -1296.296296  0.00009562677230742935
 3641.975309 -1172.839506  0.00009606867840837073
 3641.975309 -1049.382716  0.00009635031144255664
 3641.975309  -925.925926  0.00009673920274599443
 3641.975309  -802.469136  0.00009708286845190652
 3641.975309  -679.012346  0.00009744381325486518
 3641.975309  -555.555556  0.00009774187125637753
 3641.975309  -432.098765  0.00009799910325436249
 3641.975309  -308.641975  0.00009819662045956169
 3641.975309  -185.185185  0.00009833352886456193
 3641.975309   -61.728395  0.00009845675208170185
 3641.975309    61.728395  0.00009845675208169218
 3641.975309   185.185185  0.00009833352886452614
 3641.975309   308.641975  0.00009819662045950071
 3641.975309   432.098765  0.00009799910325427797
 3641.975309   555.555556  0.00009774187125626685
 3641.975309   679.012346  0.00009744381325473609
 3641.975309   802.469136  0.00009708286845175366
 3641.975309   925.925926  0.00009673920274582059
 3641.975309  1049.382716  0.00009635031144236231
 3641.975309  1172.839506  0.00009606867840815279
 3641.975309  1296.296296  0.00009562677230719114
 3641.975309  1419.753086  0.00009537087929034026
 3641.975309  1543.209877  0.00009492746524950402
 3641.975309  1666.666667  0.00009480214780857781
 3641.975309  1790.123457  0.00009465923994317246
 3641.975309  1913.580247  0.00009423282447653089
 3641.975309  2037.037037  0.00009399396221468393
 3641.975309  2160.493827  0.00009358067420433960
 3641.975309  2283.950617  0.00009401552394588281
 3641.975309  2407.407407  0.00009340328312003231
 3641.975309  2530.864198  0.00009342116576178453
 3641.975309  2654.320988  0.00009315264780469169
 3641.975309  2777.777778  0.00009310755788134373
 3641.975309  2901.234568  0.00009309482807432302
 3641.975309  3024.691358  0.00009272446255628821
 3641.975309  3148.148148  0.00009231899497934683
 3641.975309  3271.604938  0.00009227630320241070
 3641.975309  3395.061728  0.00009236922942639288
 3641.975309  3518.518519  0.00009291804870686679
 3641.975309  3641.975309  0.00009244046438026371
 3641.975309  3765.432099  0.00009150590627528617
 3641.975309  3888.888889  0.00009305690739853952
 3641.975309  4012.345679  0.00009006445572885878
 3641.975309  4135.802469  0.00009098667559545775
 3641.975309  4259.259259  0.00009315790805386650
 3641.975309  4382.716049  0.00009167076326240389
 3641.975309  4506.172840  0.00008907015785013190
 3641.975309  4629.629630  0.00009098179739375555
 3641.975309  4753.086420  0.00009285876308699230
 3641.975309  4876.543210  0.00009508160596532208

 3765.432099 -5000.000000  0.00002697047358399965
 3765.432099 -4876.543210  0.00009486568729552108
 3765.432099 -4753.086420  0.00009261758540338225
 3765.432099 -4629.629630  0.00009042267702704641
 3765.432099 -4506.172840  0.00008860325824013566
 3765.432099 -4382.716049  0.00009120263044590505
 3765.432099 -4259.259259  0.00009261313264020895
 3765.432099 -4135.802469  0.00009034545666023850
 3765.432099 -4012.345679  0.00008932795769660872
 3765.432099 -3888.888889  0.00009236731319375133
 3765.432099 -3765.432099  0.00009064540607975965
 3765.432099 -3641.975309  0.00009169756588606801
 3765.432099 -3518.518519  0.00009201572721151005
 3765.432099 -3395.061728  0.00009142587635728721
 3765.432099 -3271.604938  0.00009142785179734062
 3765.432099 -3148.148148  0.00009149308514201602
 3765.432099 -3024.691358  0.00009175040860495434
 3765.432099 -2901.234568  0.00009190356750697132
 3765.432099 -2777.777778  0.00009206391416925735
 3765.432099 -2654.320988  0.00009232795049857689
 3765.432099 -2530.864198  0.00009201151681615064
 3765.432099 -2407.407407  0.00009244809590035250
 3765.432099 -2283.950617  0.00009265931101810901
 3765.432099 -2160.493827  0.00009270909607175229
 3765.432099 -2037.037037  0.00009277360511716773
 3765.432099 -1913.580247  0.00009297035834055113
 3765.432099 -1790.123457  0.00009329704589735038
 3765.432099 -1666.666667  0.00009354728393722016
 3765.432099 -1543.209877  0.00009363373747757098
 3765.432099 -1419.753086  0.00009354366498731610
 3765.432099 -1296.296296  0.00009452177321886156
 3765.432099 -1172.839506  0.00009375543770026649
 3765.432099 -1049.382716  0.00009468862617385193
 3765.432099  -925.925926  0.00009448060780551491
 3765.432099  -802.469136  0.00009485005067880532
 3765.432099  -679.012346  0.00009504684479616064
 3765.432099  -555.555556  0.00009541034445976552
 3765.432099  -432.098765  0.00009552592880891258
 3765.432099  -308.641975  0.00009555256865034103
 3765.432099  -185.185185  0.00009572466727326437
 3765.432099   -61.728395  0.00009586027567020079
 3765.432099    61.728395  0.00009586027567019322
 3765.432099   185.185185  0.00009572466727323956
 3765.432099   308.641975  0.00009555256865029276
 3765.432099   432.098765  0.00009552592880884157
 3765.432099   555.555556  0.00009541034445967171
 3765.432099   679.012346  0.00009504684479605047
 3765.432099   802.469136  0.00009485005067867595
 3765.432099   925.925926  0.00009448060780536823
 3765.432099  1049.382716  0.00009468862617368510
 3765.432099  1172.839506  0.00009375543770008162
 3765.432099  1296.296296  0.00009452177321866076
 3765.432099  1419.753086  0.00009354366498710167
 3765.432099  1543.209877  0.00009363373747733689
 3765.432099  1666.666667  0.00009354728393696592
 3765.432099  1790.123457  0.00009329704589707698
 3765.432099  1913.580247  0.00009297035834026873
 3765.432099  2037.037037  0.00009277360511687825
 3765.432099  2160.493827  0.00009270909607144761
 3765.432099  2283.950617  0.00009265931101778131
 3765.432099  2407.407407  0.00009244809589999314
 3765.432099  2530.864198  0.00009201151681582360
 3765.432099  2654.320988  0.00009232795049820575
 3765.432099  2777.777778  0.00009206391416886615
 3765.432099  2901.234568  0.00009190356750657705
 3765.432099  3024.691358  0.00009175040860455738
 3765.432099  3148.148148  0.00009149308514161414
 3765.432099  3271.604938  0.00009142785179692415
 3765.432099  3395.061728  0.00009142587635684951
 3765.432099  3518.518519  0.00009201572721105111
 3765.432099  3641.975309  0.00009169756588559693
 3765.432099  3765.432099  0.00009064540607928577
 3765.432099  3888.888889  0.00009236731319327972
 3765.432099  4012.345679  0.00008932795769614529
 3765.432099  4135.802469  0.00009034545665977440
 3765.432099  4259.259259  0.00009261313263973565
 3765.432099  4382.716049  0.00009120263044542503
 3765.432099  4506.172840  0.00008860325823964589
 3765.432099  4629.629630  0.00009042267702653182
 3765.432099  4753.086420  0.00009261758540286899
 3765.432099  4876.543210  0.00009486568729506181

 3888.888889 -5000.000000  0.00002850570767487450
 3888.888889 -4876.543210  0.00010022055257031299
 3888.888889 -4753.086420  0.00009779384216529334
 3888.888889 -4629.629630  0.00009533446902585870
 3888.888889 -4506.172840  0.00009340907543226101
 3888.888889 -4382.716049  0.00009613706988606066
 3888.888889 -4259.259259  0.00009757547645085913
 3888.888889 -4135.802469  0.00009510853024151576
 3888.888889 -4012.345679  0.00009398281008725622
 3888.888889 -3888.888889  0.00009719359906772138
 3888.888889 -3765.432099  0.00009531414176505307
 3888.888889 -3641.975309  0.00009650738687916871
 3888.888889 -3518.518519  0.00009678117596502973
 3888.888889 -3395.061728  0.00009612121152528496
 3888.888889 -3271.604938  0.00009612356227574807
 3888.888889 -3148.148148  0.00009617031534959787
 3888.888889 -3024.691358  0.00009637316410707933
 3888.888889 -2901.234568  0.00009645453253553101
 3888.888889 -2777.777778  0.00009663489408808720
 3888.888889 -2654.320988  0.00009696043554653378
 3888.888889 -2530.864198  0.00009645497781407718
 3888.888889 -2407.407407  0.00009660187125633485
 3888.888889 -2283.950617  0.00009675635459076146
 3888.888889 -2160.493827  0.00009688632928414376
 3888.888889 -2037.037037  0.00009684752394496886
 3888.888889 -1913.580247  0.00009698509997403863
 3888.888889 -1790.123457  0.00009726793297098794
 3888.888889 -1666.666667  0.00009752060441929202
 3888.888889 -1543.209877  0.00009756129148638371
 3888.888889 -1419.753086  0.00009730880731753548
 3888.888889 -1296.296296  0.00009845921422367814
 3888.888889 -1172.839506  0.00009778241326361969
 3888.888889 -1049.382716  0.00009883585048928754
 3888.888889  -925.925926  0.00009844282937097251
 3888.888889  -802.469136  0.00009877138131583440
 3888.888889  -679.012346  0.00009890391631291926
 3888.888889  -555.555556  0.00009925069649629793
 3888.888889  -432.098765  0.00009930394341800478
 3888.888889  -308.641975  0.00009926775046080039
 3888.888889  -185.185185  0.00009943911583760761
 3888.888889   -61.728395  0.00009956712364663508
 3888.888889    61.728395  0.00009956712364663005
 3888.888889   185.185185  0.00009943911583758976
 3888.888889   308.641975  0.00009926775046076400
 3888.888889   432.098765  0.00009930394341795005
 3888.888889   555.555556  0.00009925069649622330
 3888.888889   679.012346  0.00009890391631283088
 3888.888889   802.469136  0.00009877138131572991
 3888.888889   925.925926  0.00009844282937085261
 3888.888889  1049.382716  0.00009883585048915061
 3888.888889  1172.839506  0.00009778241326347144
 3888.888889  1296.296296  0.00009845921422351827
 3888.888889  1419.753086  0.00009730880731736483
 3888.888889  1543.209877  0.00009756129148619631
 3888.888889  1666.666667  0.00009752060441908804
 3888.888889  1790.123457  0.00009726793297076816
 3888.888889  1913.580247  0.00009698509997381382
 3888.888889  2037.037037  0.00009684752394473865
 3888.888889  2160.493827  0.00009688632928390013
 3888.888889  2283.950617  0.00009675635459049789
 3888.888889  2407.407407  0.00009660187125604464
 3888.888889  2530.864198  0.00009645497781381567
 3888.888889  2654.320988  0.00009696043554623452
 3888.888889  2777.777778  0.00009663489408777087
 3888.888889  2901.234568  0.00009645453253521292
 3888.888889  3024.691358  0.00009637316410675849
 3888.888889  3148.148148  0.00009617031534927279
 3888.888889  3271.604938  0.00009612356227541008
 3888.888889  3395.061728  0.00009612121152492813
 3888.888889  3518.518519  0.00009678117596465494
 3888.888889  3641.975309  0.00009650738687878408
 3888.888889  3765.432099  0.00009531414176466671
 3888.888889  3888.888889  0.00009719359906733764
 3888.888889  4012.345679  0.00009398281008687831
 3888.888889  4135.802469  0.00009510853024113724
 3888.888889  4259.259259  0.00009757547645047165
 3888.888889  4382.716049  0.00009613706988566500
 3888.888889  4506.172840  0.00009340907543185439
 3888.888889  4629.629630  0.00009533446902542660
 3888.888889  4753.086420  0.00009779384216485954
 3888.888889  4876.543210  0.00010022055256992506

 4012.345679 -5000.000000  0.00002787394023924581
 4012.345679 -4876.543210  0.00009822621002695390
 4012.345679 -4753.086420  0.00009579611157708073
 4012.345679 -4629.629630  0.00009333603095160698
 4012.345679 -4506.172840  0.00009142181854563431
 4012.345679 -4382.716049  0.00009407590943258165
 4012.345679 -4259.259259  0.00009545622154163718
 4012.345679 -4135.802469  0.00009300332025382626
 4012.345679 -4012.345679  0.00009186717202432349
 4012.345679 -3888.888889  0.00009499980728740212
 4012.345679 -3765.432099  0.00009310462558883256
 4012.345679 -3641.975309  0.00009416254203199333
 4012.345679 -3518.518519  0.00009441534431527511
 4012.345679 -3395.061728  0.00009374572418241237
 4012.345679 -3271.604938  0.00009372970632571395
 4012.345679 -3148.148148  0.00009374611695209485
 4012.345679 -3024.691358  0.00009391488025525646
 4012.345679 -2901.234568  0.00009396601317309597
 4012.345679 -2777.777778  0.00009411740615538261
 4012.345679 -2654.320988  0.00009442955115883919
 4012.345679 -2530.864198  0.00009394782958082129
 4012.345679 -2407.407407  0.00009400169699609904
 4012.345679 -2283.950617  0.00009416939965328151
 4012.345679 -2160.493827  0.00009426623923282749
 4012.345679 -2037.037037  0.00009419994671146277
 4012.345679 -1913.580247  0.00009428765923621030
 4012.345679 -1790.123457  0.00009452547712033489
 4012.345679 -1666.666667  0.00009473379395215863
 4012.345679 -1543.209877  0.00009474148155492433
 4012.345679 -1419.753086  0.00009446270730175836
 4012.345679 -1296.296296  0.00009553087298762403
 4012.345679 -1172.839506  0.00009467371948031351
 4012.345679 -1049.382716  0.00009565060148038795
 4012.345679  -925.925926  0.00009522018629234696
 4012.345679  -802.469136  0.00009549163987898805
 4012.345679  -679.012346  0.00009556749015688427
 4012.345679  -555.555556  0.00009586205051676666
 4012.345679  -432.098765  0.00009588138467181560
 4012.345679  -308.641975  0.00009582346095855389
 4012.345679  -185.185185  0.00009597051544073807
 4012.345679   -61.728395  0.00009607357956911819
 4012.345679    61.728395  0.00009607357956911540
 4012.345679   185.185185  0.00009597051544072616
 4012.345679   308.641975  0.00009582346095852741
 4012.345679   432.098765  0.00009588138467177399
 4012.345679   555.555556  0.00009586205051671025
 4012.345679   679.012346  0.00009556749015681749
 4012.345679   802.469136  0.00009549163987890828
 4012.345679   925.925926  0.00009522018629225556
 4012.345679  1049.382716  0.00009565060148028361
 4012.345679  1172.839506  0.00009467371948019895
 4012.345679  1296.296296  0.00009553087298750263
 4012.345679  1419.753086  0.00009446270730162942
 4012.345679  1543.209877  0.00009474148155478247
 4012.345679  1666.666667  0.00009473379395200413
 4012.345679  1790.123457  0.00009452547712016768
 4012.345679  1913.580247  0.00009428765923604051
 4012.345679  2037.037037  0.00009419994671128934
 4012.345679  2160.493827  0.00009426623923264355
 4012.345679  2283.950617  0.00009416939965308177
 4012.345679  2407.407407  0.00009400169699587716
 4012.345679  2530.864198  0.00009394782958062444
 4012.345679  2654.320988  0.00009442955115861179
 4012.345679  2777.777778  0.00009411740615514097
 4012.345679  2901.234568  0.00009396601317285331
 4012.345679  3024.691358  0.00009391488025501223
 4012.345679  3148.148148  0.00009374611695184794
 4012.345679  3271.604938  0.00009372970632545693
 4012.345679  3395.061728  0.00009374572418213966
 4012.345679  3518.518519  0.00009441534431498764
 4012.345679  3641.975309  0.00009416254203169683
 4012.345679  3765.432099  0.00009310462558853651
 4012.345679  3888.888889  0.00009499980728710907
 4012.345679  4012.345679  0.00009186717202403557
 4012.345679  4135.802469  0.00009300332025353748
 4012.345679  4259.259259  0.00009545622154133885
 4012.345679  4382.716049  0.00009407590943227532
 4012.345679  4506.172840  0.00009142181854531633
 4012.345679  4629.629630  0.00009333603095126552
 4012.345679  4753.086420  0.00009579611157673376
 4012.345679  4876.543210  0.00009822621002664146

 4135.802469 -5000.000000  0.00002874025429015638
 4135.802469 -4876.543210  0.00010156445235664295
 4135.802469 -4753.086420  0.00009908150032331741
 4135.802469 -4629.629630  0.00009651417036628125
 4135.802469 -4506.172840  0.00009452713895955931
 4135.802469 -4382.716049  0.00009725580391800116
 4135.802469 -4259.259259  0.00009865876267796422
 4135.802469 -4135.802469  0.00009609565527748042
 4135.802469 -4012.345679  0.00009490055263735304
 4135.802469 -3888.888889  0.00009813044816480857
 4135.802469 -3765.432099  0.00009616396388740318
 4135.802469 -3641.975309  0.00009729003386279241
 4135.802469 -3518.518519  0.00009752550463392797
 4135.802469 -3395.061728  0.00009681043983903305
 4135.802469 -3271.604938  0.00009676942413866699
 4135.802469 -3148.148148  0.00009676172576666202
 4135.802469 -3024.691358  0.00009690496558151826
 4135.802469 -2901.234568  0.00009692459157275523
 4135.802469 -2777.777778  0.00009706944236188795
 4135.802469 -2654.320988  0.00009739299980027067
 4135.802469 -2530.864198  0.00009689699387531541
 4135.802469 -2407.407407  0.00009720807104878176
 4135.802469 -2283.950617  0.00009735679998118340
 4135.802469 -2160.493827  0.00009745706116559436
 4135.802469 -2037.037037  0.00009733774521553322
 4135.802469 -1913.580247  0.00009739916158149522
 4135.802469 -1790.123457  0.00009760358560242999
 4135.802469 -1666.666667  0.00009778768514075795
 4135.802469 -1543.209877  0.00009776655556860558
 4135.802469 -1419.753086  0.00009742774598553905
 4135.802469 -1296.296296  0.00009851632153270906
 4135.802469 -1172.839506  0.00009727435422734086
 4135.802469 -1049.382716  0.00009827641774491980
 4135.802469  -925.925926  0.00009776406478638713
 4135.802469  -802.469136  0.00009801088221159863
 4135.802469  -679.012346  0.00009803799244924949
 4135.802469  -555.555556  0.00009831632992780425
 4135.802469  -432.098765  0.00009831052712896042
 4135.802469  -308.641975  0.00009823193950418498
 4135.802469  -185.185185  0.00009837450589473034
 4135.802469   -61.728395  0.00009846600785792953
 4135.802469    61.728395  0.00009846600785792856
 4135.802469   185.185185  0.00009837450589472439
 4135.802469   308.641975  0.00009823193950416774
 4135.802469   432.098765  0.00009831052712893265
 4135.802469   555.555556  0.00009831632992776542
 4135.802469   679.012346  0.00009803799244920578
 4135.802469   802.469136  0.00009801088221154570
 4135.802469   925.925926  0.00009776406478632613
 4135.802469  1049.382716  0.00009827641774484976
 4135.802469  1172.839506  0.00009727435422726405
 4135.802469  1296.296296  0.00009851632153262854
 4135.802469  1419.753086  0.00009742774598545439
 4135.802469  1543.209877  0.00009776655556851188
 4135.802469  1666.666667  0.00009778768514065576
 4135.802469  1790.123457  0.00009760358560231845
 4135.802469  1913.580247  0.00009739916158138366
 4135.802469  2037.037037  0.00009733774521542015
 4135.802469  2160.493827  0.00009745706116547392
 4135.802469  2283.950617  0.00009735679998105122
 4135.802469  2407.407407  0.00009720807104863344
 4135.802469  2530.864198  0.00009689699387518921
 4135.802469  2654.320988  0.00009739299980012167
 4135.802469  2777.777778  0.00009706944236172877
 4135.802469  2901.234568  0.00009692459157259628
 4135.802469  3024.691358  0.00009690496558135849
 4135.802469  3148.148148  0.00009676172576650109
 4135.802469  3271.604938  0.00009676942413849868
 4135.802469  3395.061728  0.00009681043983885212
 4135.802469  3518.518519  0.00009752550463373551
 4135.802469  3641.975309  0.00009729003386259330
 4135.802469  3765.432099  0.00009616396388720644
 4135.802469  3888.888889  0.00009813044816461470
 4135.802469  4012.345679  0.00009490055263716329
 4135.802469  4135.802469  0.00009609565527728936
 4135.802469  4259.259259  0.00009865876267776353
 4135.802469  4382.716049  0.00009725580391779040
 4135.802469  4506.172840  0.00009452713895933683
 4135.802469  4629.629630  0.00009651417036603708
 4135.802469  4753.086420  0.00009908150032306379
 4135.802469  4876.543210  0.00010156445235641232

 4259.259259 -5000.000000  0.00003052149380578389
 4259.259259 -4876.543210  0.00010831592243866685
 4259.259259 -4753.086420  0.00010576194644973437
 4259.259259 -4629.629630  0.00010305030938933763
 4259.259259 -4506.172840  0.00010092989010640547
 4259.259259 -4382.716049  0.00010382448699973377
 4259.259259 -4259.259259  0.00010530428464367551
 4259.259259 -4135.802469  0.00010256133924805473
 4259.259259 -4012.345679  0.00010128250450327205
 4259.259259 -3888.888889  0.00010471842466636563
 4259.259259 -3765.432099  0.00010262887982728510
 4259.259259 -3641.975309  0.00010387652761931600
 4259.259259 -3518.518519  0.00010410936031320779
 4259.259259 -3395.061728  0.00010332543580030570
 4259.259259 -3271.604938  0.00010324784926082659
 4259.259259 -3148.148148  0.00010321168407490295
 4259.259259 -3024.691358  0.00010334199410903035
 4259.259259 -2901.234568  0.00010335352923674732
 4259.259259 -2777.777778  0.00010348953498149538
 4259.259259 -2654.320988  0.00010381773692932586
 4259.259259 -2530.864198  0.00010327069043287930
 4259.259259 -2407.407407  0.00010330884682458949
 4259.259259 -2283.950617  0.00010349597927085550
 4259.259259 -2160.493827  0.00010355120440988435
 4259.259259 -2037.037037  0.00010341255478610051
 4259.259259 -1913.580247  0.00010343402891234679
 4259.259259 -1790.123457  0.00010362588033940654
 4259.259259 -1666.666667  0.00010378897892269727
 4259.259259 -1543.209877  0.00010373438626145439
 4259.259259 -1419.753086  0.00010336618077672340
 4259.259259 -1296.296296  0.00010446550941970200
 4259.259259 -1172.839506  0.00010348304887717361
 4259.259259 -1049.382716  0.00010446869613949639
 4259.259259  -925.925926  0.00010391621264942670
 4259.259259  -802.469136  0.00010413042197044751
 4259.259259  -679.012346  0.00010413999339256227
 4259.259259  -555.555556  0.00010440037280201348
 4259.259259  -432.098765  0.00010437753802332308
 4259.259259  -308.641975  0.00010428692141866322
 4259.259259  -185.185185  0.00010442926938584467
 4259.259259   -61.728395  0.00010451469885946754
 4259.259259    61.728395  0.00010451469885946792
 4259.259259   185.185185  0.00010442926938584463
 4259.259259   308.641975  0.00010428692141865588
 4259.259259   432.098765  0.00010437753802330942
 4259.259259   555.555556  0.00010440037280199266
 4259.259259   679.012346  0.00010413999339254098
 4259.259259   802.469136  0.00010413042197042146
 4259.259259   925.925926  0.00010391621264939637
 4259.259259  1049.382716  0.00010446869613946047
 4259.259259  1172.839506  0.00010348304887713488
 4259.259259  1296.296296  0.00010446550941966412
 4259.259259  1419.753086  0.00010336618077668536
 4259.259259  1543.209877  0.00010373438626141065
 4259.259259  1666.666667  0.00010378897892264767
 4259.259259  1790.123457  0.00010362588033935221
 4259.259259  1913.580247  0.00010343402891229572
 4259.259259  2037.037037  0.00010341255478604990
 4259.259259  2160.493827  0.00010355120440982972
 4259.259259  2283.950617  0.00010349597927079233
 4259.259259  2407.407407  0.00010330884682451697
 4259.259259  2530.864198  0.00010327069043282455
 4259.259259  2654.320988  0.00010381773692925807
 4259.259259  2777.777778  0.00010348953498142122
 4259.259259  2901.234568  0.00010335352923667422
 4259.259259  3024.691358  0.00010334199410895650
 4259.259259  3148.148148  0.00010321168407482977
 4259.259259  3271.604938  0.00010324784926074846
 4259.259259  3395.061728  0.00010332543580021905
 4259.259259  3518.518519  0.00010410936031311354
 4259.259259  3641.975309  0.00010387652761921655
 4259.259259  3765.432099  0.00010262887982718971
 4259.259259  3888.888889  0.00010471842466627304
 4259.259259  4012.345679  0.00010128250450318162
 4259.259259  4135.802469  0.00010256133924796240
 4259.259259  4259.259259  0.00010530428464357377
 4259.259259  4382.716049  0.00010382448699962024
 4259.259259  4506.172840  0.00010092989010628114
 4259.259259  4629.629630  0.00010305030938919242
 4259.259259  4753.086420  0.00010576194644957562
 4259.259259  4876.543210  0.00010831592243851700

 4382.716049 -5000.000000  0.00003088673449262817
 4382.716049 -4876.543210  0.00011000375818950198
 4382.716049 -4753.086420  0.00010754017134989361
 4382.716049 -4629.629630  0.00010482481947500059
 4382.716049 -4506.172840  0.00010268190984134124
 4382.716049 -4382.716049  0.00010560805000762864
 4382.716049 -4259.259259  0.00010709778079502356
 4382.716049 -4135.802469  0.00010431113194210757
 4382.716049 -4012.345679  0.00010301313965040979
 4382.716049 -3888.888889  0.00010649845787451593
 4382.716049 -3765.432099  0.00010438240363886793
 4382.716049 -3641.975309  0.00010567053715259653
 4382.716049 -3518.518519  0.00010588970613814937
 4382.716049 -3395.061728  0.00010507081053664875
 4382.716049 -3271.604938  0.00010496547543790033
 4382.716049 -3148.148148  0.00010490451097636686
 4382.716049 -3024.691358  0.00010501704708925035
 4382.716049 -2901.234568  0.00010501777943884746
 4382.716049 -2777.777778  0.00010514891330743474
 4382.716049 -2654.320988  0.00010547191458417428
 4382.716049 -2530.864198  0.00010487647450010802
 4382.716049 -2407.407407  0.00010478565407055134
 4382.716049 -2283.950617  0.00010497166012253051
 4382.716049 -2160.493827  0.00010500360662037509
 4382.716049 -2037.037037  0.00010484222039868744
 4382.716049 -1913.580247  0.00010483609496705889
 4382.716049 -1790.123457  0.00010500917059350823
 4382.716049 -1666.666667  0.00010515300109533521
 4382.716049 -1543.209877  0.00010507270628161045
 4382.716049 -1419.753086  0.00010467759081436083
 4382.716049 -1296.296296  0.00010577188045344874
 4382.716049 -1172.839506  0.00010493486513954604
 4382.716049 -1049.382716  0.00010590089435819528
 4382.716049  -925.925926  0.00010531939864519548
 4382.716049  -802.469136  0.00010550802959296810
 4382.716049  -679.012346  0.00010550203366026753
 4382.716049  -555.555556  0.00010574707902948806
 4382.716049  -432.098765  0.00010571111637733093
 4382.716049  -308.641975  0.00010561141543699470
 4382.716049  -185.185185  0.00010575194481583890
 4382.716049   -61.728395  0.00010583355906360581
 4382.716049    61.728395  0.00010583355906360810
 4382.716049   185.185185  0.00010575194481584315
 4382.716049   308.641975  0.00010561141543699579
 4382.716049   432.098765  0.00010571111637733072
 4382.716049   555.555556  0.00010574707902948425
 4382.716049   679.012346  0.00010550203366026812
 4382.716049   802.469136  0.00010550802959296733
 4382.716049   925.925926  0.00010531939864519404
 4382.716049  1049.382716  0.00010590089435819149
 4382.716049  1172.839506  0.00010493486513954287
 4382.716049  1296.296296  0.00010577188045344947
 4382.716049  1419.753086  0.00010467759081436521
 4382.716049  1543.209877  0.00010507270628161181
 4382.716049  1666.666667  0.00010515300109533383
 4382.716049  1790.123457  0.00010500917059350437
 4382.716049  1913.580247  0.00010483609496706188
 4382.716049  2037.037037  0.00010484222039869398
 4382.716049  2160.493827  0.00010500360662038128
 4382.716049  2283.950617  0.00010497166012253103
 4382.716049  2407.407407  0.00010478565407054827
 4382.716049  2530.864198  0.00010487647450012008
 4382.716049  2654.320988  0.00010547191458418373
 4382.716049  2777.777778  0.00010514891330744054
 4382.716049  2901.234568  0.00010501777943885459
 4382.716049  3024.691358  0.00010501704708925664
 4382.716049  3148.148148  0.00010490451097637539
 4382.716049  3271.604938  0.00010496547543790792
 4382.716049  3395.061728  0.00010507081053665206
 4382.716049  3518.518519  0.00010588970613814937
 4382.716049  3641.975309  0.00010567053715259352
 4382.716049  3765.432099  0.00010438240363886778
 4382.716049  3888.888889  0.00010649845787451837
 4382.716049  4012.345679  0.00010301313965041265
 4382.716049  4135.802469  0.00010431113194210695
 4382.716049  4259.259259  0.00010709778079501266
 4382.716049  4382.716049  0.00010560805000760965
 4382.716049  4506.172840  0.00010268190984131420
 4382.716049  4629.629630  0.00010482481947495515
 4382.716049  4753.086420  0.00010754017134982885
 4382.716049  4876.543210  0.00011000375818942639

 4506.172840 -5000.000000  0.00003066412068811535
 4506.172840 -4876.543210  0.00010962942629638668
 4506.172840 -4753.086420  0.00010734723256584389
 4506.172840 -4629.629630  0.00010470083325054209
 4506.172840 -4506.172840  0.00010258364351244693
 4506.172840 -4382.716049  0.00010548548732911163
 4506.172840 -4259.259259  0.00010695948570465854
 4506.172840 -4135.802469  0.00010419183229289845
 4506.172840 -4012.345679  0.00010290369506507402
 4506.172840 -3888.888889  0.00010637539171602879
 4506.172840 -3765.432099  0.00010426390183701875
 4506.172840 -3641.975309  0.00010548696868009237
 4506.172840 -3518.518519  0.00010569360181282883
 4506.172840 -3395.061728  0.00010484991159165221
 4506.172840 -3271.604938  0.00010472044778522600
 4506.172840 -3148.148148  0.00010463321033744076
 4506.172840 -3024.691358  0.00010472967286330021
 4506.172840 -2901.234568  0.00010472029939230399
 4506.172840 -2777.777778  0.00010484842952054655
 4506.172840 -2654.320988  0.00010515727950903459
 4506.172840 -2530.864198  0.00010452497551988300
 4506.172840 -2407.407407  0.00010455400423915674
 4506.172840 -2283.950617  0.00010470467863524231
 4506.172840 -2160.493827  0.00010472403222353348
 4506.172840 -2037.037037  0.00010453571951074538
 4506.172840 -1913.580247  0.00010451661296284140
 4506.172840 -1790.123457  0.00010466649060507859
 4506.172840 -1666.666667  0.00010478780431372153
 4506.172840 -1543.209877  0.00010468613135914937
 4506.172840 -1419.753086  0.00010426331566449940
 4506.172840 -1296.296296  0.00010533945191847817
 4506.172840 -1172.839506  0.00010431193766369473
 4506.172840 -1049.382716  0.00010526939080562434
 4506.172840  -925.925926  0.00010465872582469183
 4506.172840  -802.469136  0.00010483291824365826
 4506.172840  -679.012346  0.00010480424521890214
 4506.172840  -555.555556  0.00010503702437296421
 4506.172840  -432.098765  0.00010498821094837193
 4506.172840  -308.641975  0.00010487781792184702
 4506.172840  -185.185185  0.00010501166905961956
 4506.172840   -61.728395  0.00010509009753660001
 4506.172840    61.728395  0.00010509009753660230
 4506.172840   185.185185  0.00010501166905962797
 4506.172840   308.641975  0.00010487781792185644
 4506.172840   432.098765  0.00010498821094838267
 4506.172840   555.555556  0.00010503702437297635
 4506.172840   679.012346  0.00010480424521892113
 4506.172840   802.469136  0.00010483291824367970
 4506.172840   925.925926  0.00010465872582471636
 4506.172840  1049.382716  0.00010526939080564990
 4506.172840  1172.839506  0.00010431193766372382
 4506.172840  1296.296296  0.00010533945191851451
 4506.172840  1419.753086  0.00010426331566454221
 4506.172840  1543.209877  0.00010468613135919123
 4506.172840  1666.666667  0.00010478780431376422
 4506.172840  1790.123457  0.00010466649060512227
 4506.172840  1913.580247  0.00010451661296289485
 4506.172840  2037.037037  0.00010453571951080533
 4506.172840  2160.493827  0.00010472403222359659
 4506.172840  2283.950617  0.00010470467863530392
 4506.172840  2407.407407  0.00010455400423921885
 4506.172840  2530.864198  0.00010452497551995581
 4506.172840  2654.320988  0.00010515727950911706
 4506.172840  2777.777778  0.00010484842952062847
 4506.172840  2901.234568  0.00010472029939238641
 4506.172840  3024.691358  0.00010472967286338093
 4506.172840  3148.148148  0.00010463321033752532
 4506.172840  3271.604938  0.00010472044778531455
 4506.172840  3395.061728  0.00010484991159174104
 4506.172840  3518.518519  0.00010569360181291842
 4506.172840  3641.975309  0.00010548696868018077
 4506.172840  3765.432099  0.00010426390183711063
 4506.172840  3888.888889  0.00010637539171612243
 4506.172840  4012.345679  0.00010290369506516573
 4506.172840  4135.802469  0.00010419183229298488
 4506.172840  4259.259259  0.00010695948570473451
 4506.172840  4382.716049  0.00010548548732918135
 4506.172840  4506.172840  0.00010258364351251310
 4506.172840  4629.629630  0.00010470083325059259
 4506.172840  4753.086420  0.00010734723256586900
 4506.172840  4876.543210  0.00010962942629637684

 4629.629630 -5000.000000  0.00003214125588100088
 4629.629630 -4876.543210  0.00011538120344228996
 4629.629630 -4753.086420  0.00011317605403874607
 4629.629630 -4629.629630  0.00011046908677087875
 4629.629630 -4506.172840  0.00010826421001558426
 4629.629630 -4382.716049  0.00011130577917566502
 4629.629630 -4259.259259  0.00011285208464300380
 4629.629630 -4135.802469  0.00010996297651141264
 4629.629630 -4012.345679  0.00010861843898432175
 4629.629630 -3888.888889  0.00011227612821738041
 4629.629630 -3765.432099  0.00011002888161430029
 4629.629630 -3641.975309  0.00011111981540574589
 4629.629630 -3518.518519  0.00011133865564407484
 4629.629630 -3395.061728  0.00011042015451772082
 4629.629630 -3271.604938  0.00011026572959805183
 4629.629630 -3148.148148  0.00011014589758993705
 4629.629630 -3024.691358  0.00011024050751015250
 4629.629630 -2901.234568  0.00011022901473518585
 4629.629630 -2777.777778  0.00011036313817408227
 4629.629630 -2654.320988  0.00011066880799039636
 4629.629630 -2530.864198  0.00010996163370229315
 4629.629630 -2407.407407  0.00011015031427614396
 4629.629630 -2283.950617  0.00011026417669189708
 4629.629630 -2160.493827  0.00011026806992455022
 4629.629630 -2037.037037  0.00011004846140974150
 4629.629630 -1913.580247  0.00011002272305017445
 4629.629630 -1790.123457  0.00011016099548516101
 4629.629630 -1666.666667  0.00011026474694110750
 4629.629630 -1543.209877  0.00011013728211589027
 4629.629630 -1419.753086  0.00010966520554771058
 4629.629630 -1296.296296  0.00011077562310403919
 4629.629630 -1172.839506  0.00010931525973454890
 4629.629630 -1049.382716  0.00011032440021587106
 4629.629630  -925.925926  0.00010965270421999531
 4629.629630  -802.469136  0.00010982954104163307
 4629.629630  -679.012346  0.00010977323466188962
 4629.629630  -555.555556  0.00011000720647964965
 4629.629630  -432.098765  0.00010994035674961659
 4629.629630  -308.641975  0.00010980857703056460
 4629.629630  -185.185185  0.00010993719801302725
 4629.629630   -61.728395  0.00011001742517464759
 4629.629630    61.728395  0.00011001742517465056
 4629.629630   185.185185  0.00010993719801303932
 4629.629630   308.641975  0.00010980857703058167
 4629.629630   432.098765  0.00010994035674963894
 4629.629630   555.555556  0.00011000720647967616
 4629.629630   679.012346  0.00010977323466192663
 4629.629630   802.469136  0.00010982954104167550
 4629.629630   925.925926  0.00010965270422004399
 4629.629630  1049.382716  0.00011032440021592478
 4629.629630  1172.839506  0.00010931525973460757
 4629.629630  1296.296296  0.00011077562310410791
 4629.629630  1419.753086  0.00010966520554778887
 4629.629630  1543.209877  0.00011013728211597134
 4629.629630  1666.666667  0.00011026474694119259
 4629.629630  1790.123457  0.00011016099548524933
 4629.629630  1913.580247  0.00011002272305027545
 4629.629630  2037.037037  0.00011004846140985134
 4629.629630  2160.493827  0.00011026806992466631
 4629.629630  2283.950617  0.00011026417669201529
 4629.629630  2407.407407  0.00011015031427626763
 4629.629630  2530.864198  0.00010996163370242304
 4629.629630  2654.320988  0.00011066880799054493
 4629.629630  2777.777778  0.00011036313817423269
 4629.629630  2901.234568  0.00011022901473533664
 4629.629630  3024.691358  0.00011024050751030220
 4629.629630  3148.148148  0.00011014589759009184
 4629.629630  3271.604938  0.00011026572959821231
 4629.629630  3395.061728  0.00011042015451788654
 4629.629630  3518.518519  0.00011133865564424558
 4629.629630  3641.975309  0.00011111981540591613
 4629.629630  3765.432099  0.00011002888161447368
 4629.629630  3888.888889  0.00011227612821755701
 4629.629630  4012.345679  0.00010861843898449374
 4629.629630  4135.802469  0.00010996297651157752
 4629.629630  4259.259259  0.00011285208464315774
 4629.629630  4382.716049  0.00011130577917581417
 4629.629630  4506.172840  0.00010826421001573209
 4629.629630  4629.629630  0.00011046908677101339
 4629.629630  4753.086420  0.00011317605403885069
 4629.629630  4876.543210  0.00011538120344234064

 4753.086420 -5000.000000  0.00003392721934616257
 4753.086420 -4876.543210  0.00012207567744147515
 4753.086420 -4753.086420  0.00011988153002301055
 4753.086420 -4629.629630  0.00011707209682309402
 4753.086420 -4506.172840  0.00011475780369704392
 4753.086420 -4382.716049  0.00011797452137335532
 4753.086420 -4259.259259  0.00011961534154589634
 4753.086420 -4135.802469  0.00011656967286773861
 4753.086420 -4012.345679  0.00011516950706975657
 4753.086420 -3888.888889  0.00011904015790889257
 4753.086420 -3765.432099  0.00011674952114539321
 4753.086420 -3641.975309  0.00011819513646748707
 4753.086420 -3518.518519  0.00011840501093707150
 4753.086420 -3395.061728  0.00011743164200764393
 4753.086420 -3271.604938  0.00011724122446321021
 4753.086420 -3148.148148  0.00011711495437482719
 4753.086420 -3024.691358  0.00011721288600960232
 4753.086420 -2901.234568  0.00011720608395404887
 4753.086420 -2777.777778  0.00011735313578983113
 4753.086420 -2654.320988  0.00011766241270092996
 4753.086420 -2530.864198  0.00011686853947843681
 4753.086420 -2407.407407  0.00011711780510137772
 4753.086420 -2283.950617  0.00011720425857169181
 4753.086420 -2160.493827  0.00011719714828433014
 4753.086420 -2037.037037  0.00011695477226326689
 4753.086420 -1913.580247  0.00011692739604290126
 4753.086420 -1790.123457  0.00011706417612220372
 4753.086420 -1666.666667  0.00011716211084228392
 4753.086420 -1543.209877  0.00011700829419507137
 4753.086420 -1419.753086  0.00011649920457584979
 4753.086420 -1296.296296  0.00011766400236849479
 4753.086420 -1172.839506  0.00011643764408625983
 4753.086420 -1049.382716  0.00011747839802824756
 4753.086420  -925.925926  0.00011676815492748073
 4753.086420  -802.469136  0.00011693815860076116
 4753.086420  -679.012346  0.00011687877669675910
 4753.086420  -555.555556  0.00011710972603813974
 4753.086420  -432.098765  0.00011702221099340151
 4753.086420  -308.641975  0.00011686531410070667
 4753.086420  -185.185185  0.00011698883788918785
 4753.086420   -61.728395  0.00011707450288074827
 4753.086420    61.728395  0.00011707450288075147
 4753.086420   185.185185  0.00011698883788920332
 4753.086420   308.641975  0.00011686531410072827
 4753.086420   432.098765  0.00011702221099343109
 4753.086420   555.555556  0.00011710972603817524
 4753.086420   679.012346  0.00011687877669680811
 4753.086420   802.469136  0.00011693815860081720
 4753.086420   925.925926  0.00011676815492754496
 4753.086420  1049.382716  0.00011747839802831806
 4753.086420  1172.839506  0.00011643764408633861
 4753.086420  1296.296296  0.00011766400236858408
 4753.086420  1419.753086  0.00011649920457595012
 4753.086420  1543.209877  0.00011700829419517651
 4753.086420  1666.666667  0.00011716211084239485
 4753.086420  1790.123457  0.00011706417612231992
 4753.086420  1913.580247  0.00011692739604303268
 4753.086420  2037.037037  0.00011695477226340755
 4753.086420  2160.493827  0.00011719714828447917
 4753.086420  2283.950617  0.00011720425857184446
 4753.086420  2407.407407  0.00011711780510153791
 4753.086420  2530.864198  0.00011686853947860070
 4753.086420  2654.320988  0.00011766241270111615
 4753.086420  2777.777778  0.00011735313579002083
 4753.086420  2901.234568  0.00011720608395423940
 4753.086420  3024.691358  0.00011721288600979170
 4753.086420  3148.148148  0.00011711495437502262
 4753.086420  3271.604938  0.00011724122446341321
 4753.086420  3395.061728  0.00011743164200785268
 4753.086420  3518.518519  0.00011840501093728641
 4753.086420  3641.975309  0.00011819513646770170
 4753.086420  3765.432099  0.00011674952114561207
 4753.086420  3888.888889  0.00011904015790911409
 4753.086420  4012.345679  0.00011516950706997120
 4753.086420  4135.802469  0.00011656967286794653
 4753.086420  4259.259259  0.00011961534154609399
 4753.086420  4382.716049  0.00011797452137354763
 4753.086420  4506.172840  0.00011475780369723576
 4753.086420  4629.629630  0.00011707209682327334
 4753.086420  4753.086420  0.00011988153002315872
 4753.086420  4876.543210  0.00012207567744156397

 4876.543210 -5000.000000  0.00003575793183999765
 4876.543210 -4876.543210  0.00012869533673403349
 4876.543210 -4753.086420  0.00012640753223887500
 4876.543210 -4629.629630  0.00012346641949380360
 4876.543210 -4506.172840  0.00012104179186888349
 4876.543210 -4382.716049  0.00012444375991249332
 4876.543210 -4259.259259  0.00012618547665986030
 4876.543210 -4135.802469  0.00012299315983065891
 4876.543210 -4012.345679  0.00012152707852103272
 4876.543210 -3888.888889  0.00012561845454715209
 4876.543210 -3765.432099  0.00012317970395129304
 4876.543210 -3641.975309  0.00012457137561968390
 4876.543210 -3518.518519  0.00012480717831628426
 4876.543210 -3395.061728  0.00012377830597056660
 4876.543210 -3271.604938  0.00012358543884946204
 4876.543210 -3148.148148  0.00012345094205709847
 4876.543210 -3024.691358  0.00012356199008025688
 4876.543210 -2901.234568  0.00012356342321719657
 4876.543210 -2777.777778  0.00012371837369723736
 4876.543210 -2654.320988  0.00012403649501931189
 4876.543210 -2530.864198  0.00012318349206008833
 4876.543210 -2407.407407  0.00012331496768236283
 4876.543210 -2283.950617  0.00012340459799823990
 4876.543210 -2160.493827  0.00012338325445474649
 4876.543210 -2037.037037  0.00012313123630938321
 4876.543210 -1913.580247  0.00012309728892872948
 4876.543210 -1790.123457  0.00012324110527456818
 4876.543210 -1666.666667  0.00012333833849067195
 4876.543210 -1543.209877  0.00012316886371732666
 4876.543210 -1419.753086  0.00012262783959303617
 4876.543210 -1296.296296  0.00012384511456661648
 4876.543210 -1172.839506  0.00012255601804142814
 4876.543210 -1049.382716  0.00012364363712755072
 4876.543210  -925.925926  0.00012289214576213797
 4876.543210  -802.469136  0.00012306604130188635
 4876.543210  -679.012346  0.00012299968872343120
 4876.543210  -555.555556  0.00012323788227345172
 4876.543210  -432.098765  0.00012314105987699776
 4876.543210  -308.641975  0.00012297140056828222
 4876.543210  -185.185185  0.00012309793574386590
 4876.543210   -61.728395  0.00012318875388548793
 4876.543210    61.728395  0.00012318875388549205
 4876.543210   185.185185  0.00012309793574388355
 4876.543210   308.641975  0.00012297140056830597
 4876.543210   432.098765  0.00012314105987703075
 4876.543210   555.555556  0.00012323788227349279
 4876.543210   679.012346  0.00012299968872348684
 4876.543210   802.469136  0.00012306604130194991
 4876.543210   925.925926  0.00012289214576221021
 4876.543210  1049.382716  0.00012364363712763024
 4876.543210  1172.839506  0.00012255601804151892
 4876.543210  1296.296296  0.00012384511456671853
 4876.543210  1419.753086  0.00012262783959314885
 4876.543210  1543.209877  0.00012316886371744522
 4876.543210  1666.666667  0.00012333833849079769
 4876.543210  1790.123457  0.00012324110527470143
 4876.543210  1913.580247  0.00012309728892887878
 4876.543210  2037.037037  0.00012313123630954158
 4876.543210  2160.493827  0.00012338325445491341
 4876.543210  2283.950617  0.00012340459799841050
 4876.543210  2407.407407  0.00012331496768254279
 4876.543210  2530.864198  0.00012318349206026812
 4876.543210  2654.320988  0.00012403649501950830
 4876.543210  2777.777778  0.00012371837369743935
 4876.543210  2901.234568  0.00012356342321740205
 4876.543210  3024.691358  0.00012356199008046239
 4876.543210  3148.148148  0.00012345094205730913
 4876.543210  3271.604938  0.00012358543884967904
 4876.543210  3395.061728  0.00012377830597078702
 4876.543210  3518.518519  0.00012480717831650856
 4876.543210  3641.975309  0.00012457137561990678
 4876.543210  3765.432099  0.00012317970395152195
 4876.543210  3888.888889  0.00012561845454738528
 4876.543210  4012.345679  0.00012152707852125908
 4876.543210  4135.802469  0.00012299315983088093
 4876.543210  4259.259259  0.00012618547666007292
 4876.543210  4382.716049  0.00012444375991269707
 4876.543210  4506.172840  0.00012104179186907991
 4876.543210  4629.629630  0.00012346641949398553
 4876.543210  4753.086420  0.00012640753223903180
 4876.543210  4876.543210  0.00012869533673415587

