-5000.000000 -5000.000000  -0.00000375193942293585
-5000.000000 -4876.543210  -0.00001462985093302566
-5000.000000 -4753.086420  -0.00001471257462377811
-5000.000000 -4629.629630  -0.00001550042203909233
-5000.000000 -4506.172840  -0.00001454687595343339
-5000.000000 -4382.716049  -0.00001443170364940358
-5000.000000 -4259.259259  -0.00001452862250999243
-5000.000000 -4135.802469  -0.00001445829429305011
-5000.000000 -4012.345679  -0.00001462907269262519
-5000.000000 -3888.888889  -0.00001476331453714185
-5000.000000 -3765.432099  -0.00001468412104459591
-5000.000000 -3641.975309  -0.00001474489217382247
-5000.000000 -3518.518519  -0.00001451833459680633
-5000.000000 -3395.061728  -0.00001445930288670281
-5000.000000 -3271.604938  -0.00001446717916642136
-5000.000000 -3148.148148  -0.00001444049908242269
-5000.000000 -3024.691358  -0.00001431487431501868
-5000.000000 -2901.234568  -0.00001426288390431370
-5000.000000 -2777.777778  -0.00001465265423937440
-5000.000000 -2654.320988  -0.00001492630974403318
-5000.000000 -2530.864198  -0.00001363335930186252
-5000.000000 -2407.407407  -0.00001451985990986805
-5000.000000 -2283.950617  -0.00001395466604090554
-5000.000000 -2160.493827  -0.00001446872246822538
-5000.000000 -2037.037037  -0.00001429633911287703
-5000.000000 -1913.580247  -0.00001434227720593247
-5000.000000 -1790.123457  -0.00001419916969473425
-5000.000000 -1666.666667  -0.00001429559002580839
-5000.000000 -1543.209877  -0.00001439814677526235
-5000.000000 -1419.753086  -0.00001424464799682248
-5000.000000 -1296.296296  -0.00001428627853263199
-5000.000000 -1172.839506  -0.00001426443093848493
-5000.000000 -1049.382716  -0.00001432611498262431
-5000.000000  -925.925926  -0.00001429038802484248
-5000.000000  -802.469136  -0.00001430953258981971
-5000.000000  -679.012346  -0.00001430728831405474
-5000.000000  -555.555556  -0.00001432189580421715
-5000.000000  -432.098765  -0.00001431719691918143
-5000.000000  -308.641975  -0.00001430982436943983
-5000.000000  -185.185185  -0.00001431966543764479
-5000.000000   -61.728395  -0.00001432078646983332
-5000.000000    61.728395  -0.00001432078646983702
-5000.000000   185.185185  -0.00001431966543764749
-5000.000000   308.641975  -0.00001430982436944501
-5000.000000   432.098765  -0.00001431719691918940
-5000.000000   555.555556  -0.00001432189580422613
-5000.000000   679.012346  -0.00001430728831406603
-5000.000000   802.469136  -0.00001430953258983202
-5000.000000   925.925926  -0.00001429038802485566
-5000.000000  1049.382716  -0.00001432611498263906
-5000.000000  1172.839506  -0.00001426443093850126
-5000.000000  1296.296296  -0.00001428627853265201
-5000.000000  1419.753086  -0.00001424464799684329
-5000.000000  1543.209877  -0.00001439814677528381
-5000.000000  1666.666667  -0.00001429559002583308
-5000.000000  1790.123457  -0.00001419916969476157
-5000.000000  1913.580247  -0.00001434227720596173
-5000.000000  2037.037037  -0.00001429633911290067
-5000.000000  2160.493827  -0.00001446872246825313
-5000.000000  2283.950617  -0.00001395466604093610
-5000.000000  2407.407407  -0.00001451985990990845
-5000.000000  2530.864198  -0.00001363335930186259
-5000.000000  2654.320988  -0.00001492630974409813
-5000.000000  2777.777778  -0.00001465265423943805
-5000.000000  2901.234568  -0.00001426288390434908
-5000.000000  3024.691358  -0.00001431487431503149
-5000.000000  3148.148148  -0.00001444049908243299
-5000.000000  3271.604938  -0.00001446717916644924
-5000.000000  3395.061728  -0.00001445930288675702
-5000.000000  3518.518519  -0.00001451833459688146
-5000.000000  3641.975309  -0.00001474489217390258
-5000.000000  3765.432099  -0.00001468412104467655
-5000.000000  3888.888889  -0.00001476331453719177
-5000.000000  4012.345679  -0.00001462907269265808
-5000.000000  4135.802469  -0.00001445829429306328
-5000.000000  4259.259259  -0.00001452862250999693
-5000.000000  4382.716049  -0.00001443170364944887
-5000.000000  4506.172840  -0.00001454687595354563
-5000.000000  4629.629630  -0.00001550042203922733
-5000.000000  4753.086420  -0.00001471257462390835
-5000.000000  4876.543210  -0.00001462985093294279

-4876.543210 -5000.000000  -0.00001237458356112150
-4876.543210 -4876.543210  -0.00005209954815355647
-4876.543210 -4753.086420  -0.00005434323899699071
-4876.543210 -4629.629630  -0.00005712693090986132
-4876.543210 -4506.172840  -0.00005321932892575459
-4876.543210 -4382.716049  -0.00005215173475948468
-4876.543210 -4259.259259  -0.00005231668745462265
-4876.543210 -4135.802469  -0.00005238220189881538
-4876.543210 -4012.345679  -0.00005334679081124655
-4876.543210 -3888.888889  -0.00005392143240428937
-4876.543210 -3765.432099  -0.00005474216938423658
-4876.543210 -3641.975309  -0.00005449271488851266
-4876.543210 -3518.518519  -0.00005432659668334766
-4876.543210 -3395.061728  -0.00005380366011908647
-4876.543210 -3271.604938  -0.00005274390472721158
-4876.543210 -3148.148148  -0.00005252728219963755
-4876.543210 -3024.691358  -0.00005323816435990020
-4876.543210 -2901.234568  -0.00005439991417828021
-4876.543210 -2777.777778  -0.00005503415303590494
-4876.543210 -2654.320988  -0.00005371608241227711
-4876.543210 -2530.864198  -0.00005163230100230878
-4876.543210 -2407.407407  -0.00005761531811591970
-4876.543210 -2283.950617  -0.00005546278695732979
-4876.543210 -2160.493827  -0.00005481726110790367
-4876.543210 -2037.037037  -0.00005476469563963753
-4876.543210 -1913.580247  -0.00005587946868789744
-4876.543210 -1790.123457  -0.00005627243324330575
-4876.543210 -1666.666667  -0.00005616095099484650
-4876.543210 -1543.209877  -0.00005580717591220278
-4876.543210 -1419.753086  -0.00005568924848358712
-4876.543210 -1296.296296  -0.00005598465992737620
-4876.543210 -1172.839506  -0.00005535530524332096
-4876.543210 -1049.382716  -0.00005568143636079113
-4876.543210  -925.925926  -0.00005565477184862697
-4876.543210  -802.469136  -0.00005591086011756673
-4876.543210  -679.012346  -0.00005612863005478446
-4876.543210  -555.555556  -0.00005624862472949807
-4876.543210  -432.098765  -0.00005607561387412145
-4876.543210  -308.641975  -0.00005575399932162605
-4876.543210  -185.185185  -0.00005562531318955302
-4876.543210   -61.728395  -0.00005608379625565785
-4876.543210    61.728395  -0.00005608379625568057
-4876.543210   185.185185  -0.00005562531318959566
-4876.543210   308.641975  -0.00005575399932170208
-4876.543210   432.098765  -0.00005607561387423527
-4876.543210   555.555556  -0.00005624862472964589
-4876.543210   679.012346  -0.00005612863005496657
-4876.543210   802.469136  -0.00005591086011777249
-4876.543210   925.925926  -0.00005565477184885846
-4876.543210  1049.382716  -0.00005568143636105049
-4876.543210  1172.839506  -0.00005535530524361010
-4876.543210  1296.296296  -0.00005598465992770686
-4876.543210  1419.753086  -0.00005568924848395103
-4876.543210  1543.209877  -0.00005580717591259417
-4876.543210  1666.666667  -0.00005616095099527864
-4876.543210  1790.123457  -0.00005627243324377285
-4876.543210  1913.580247  -0.00005587946868839124
-4876.543210  2037.037037  -0.00005476469564012819
-4876.543210  2160.493827  -0.00005481726110842872
-4876.543210  2283.950617  -0.00005546278695790302
-4876.543210  2407.407407  -0.00005761531811658167
-4876.543210  2530.864198  -0.00005163230100282373
-4876.543210  2654.320988  -0.00005371608241300525
-4876.543210  2777.777778  -0.00005503415303668182
-4876.543210  2901.234568  -0.00005439991417901156
-4876.543210  3024.691358  -0.00005323816436058723
-4876.543210  3148.148148  -0.00005252728220033488
-4876.543210  3271.604938  -0.00005274390472797669
-4876.543210  3395.061728  -0.00005380366011995623
-4876.543210  3518.518519  -0.00005432659668429810
-4876.543210  3641.975309  -0.00005449271488950615
-4876.543210  3765.432099  -0.00005474216938525042
-4876.543210  3888.888889  -0.00005392143240527113
-4876.543210  4012.345679  -0.00005334679081219060
-4876.543210  4135.802469  -0.00005238220189973147
-4876.543210  4259.259259  -0.00005231668745556053
-4876.543210  4382.716049  -0.00005215173476053281
-4876.543210  4506.172840  -0.00005321932892697514
-4876.543210  4629.629630  -0.00005712693091121696
-4876.543210  4753.086420  -0.00005434323899834576
-4876.543210  4876.543210  -0.00005209954815445525

-4753.086420 -5000.000000  -0.00001023860211630432
-4753.086420 -4876.543210  -0.00004545212084538676
-4753.086420 -4753.086420  -0.00004739533742321850
-4753.086420 -4629.629630  -0.00004948834549156855
-4753.086420 -4506.172840  -0.00004627816950904946
-4753.086420 -4382.716049  -0.00004550029530188305
-4753.086420 -4259.259259  -0.00004561701256085162
-4753.086420 -4135.802469  -0.00004553671799187005
-4753.086420 -4012.345679  -0.00004631156775284450
-4753.086420 -3888.888889  -0.00004696537922168095
-4753.086420 -3765.432099  -0.00004747045118441771
-4753.086420 -3641.975309  -0.00004736072079054653
-4753.086420 -3518.518519  -0.00004714003283801126
-4753.086420 -3395.061728  -0.00004670401660338720
-4753.086420 -3271.604938  -0.00004586549998973255
-4753.086420 -3148.148148  -0.00004568819151658993
-4753.086420 -3024.691358  -0.00004620723028916222
-4753.086420 -2901.234568  -0.00004713112768340226
-4753.086420 -2777.777778  -0.00004776686977463925
-4753.086420 -2654.320988  -0.00004681276574188728
-4753.086420 -2530.864198  -0.00004455091601477100
-4753.086420 -2407.407407  -0.00004847645905285554
-4753.086420 -2283.950617  -0.00004663157487824931
-4753.086420 -2160.493827  -0.00004623861779227543
-4753.086420 -2037.037037  -0.00004620004374275744
-4753.086420 -1913.580247  -0.00004706052906055236
-4753.086420 -1790.123457  -0.00004734864484520021
-4753.086420 -1666.666667  -0.00004729969892956776
-4753.086420 -1543.209877  -0.00004706165205758233
-4753.086420 -1419.753086  -0.00004693377368493022
-4753.086420 -1296.296296  -0.00004714011624230883
-4753.086420 -1172.839506  -0.00004667966453418537
-4753.086420 -1049.382716  -0.00004693942241276155
-4753.086420  -925.925926  -0.00004692889666848168
-4753.086420  -802.469136  -0.00004714292541905316
-4753.086420  -679.012346  -0.00004732271071759231
-4753.086420  -555.555556  -0.00004742156297451116
-4753.086420  -432.098765  -0.00004728556992707393
-4753.086420  -308.641975  -0.00004703141331429864
-4753.086420  -185.185185  -0.00004693038570006525
-4753.086420   -61.728395  -0.00004729694212903851
-4753.086420    61.728395  -0.00004729694212906384
-4753.086420   185.185185  -0.00004693038570011787
-4753.086420   308.641975  -0.00004703141331439359
-4753.086420   432.098765  -0.00004728556992721493
-4753.086420   555.555556  -0.00004742156297469464
-4753.086420   679.012346  -0.00004732271071781733
-4753.086420   802.469136  -0.00004714292541931013
-4753.086420   925.925926  -0.00004692889666877173
-4753.086420  1049.382716  -0.00004693942241308673
-4753.086420  1172.839506  -0.00004667966453454830
-4753.086420  1296.296296  -0.00004714011624272122
-4753.086420  1419.753086  -0.00004693377368538406
-4753.086420  1543.209877  -0.00004706165205807302
-4753.086420  1666.666667  -0.00004729969893010721
-4753.086420  1790.123457  -0.00004734864484578268
-4753.086420  1913.580247  -0.00004706052906116796
-4753.086420  2037.037037  -0.00004620004374337970
-4753.086420  2160.493827  -0.00004623861779293830
-4753.086420  2283.950617  -0.00004663157487896975
-4753.086420  2407.407407  -0.00004847645905367469
-4753.086420  2530.864198  -0.00004455091601547442
-4753.086420  2654.320988  -0.00004681276574276130
-4753.086420  2777.777778  -0.00004776686977558164
-4753.086420  2901.234568  -0.00004713112768433548
-4753.086420  3024.691358  -0.00004620723029007766
-4753.086420  3148.148148  -0.00004568819151752477
-4753.086420  3271.604938  -0.00004586549999072674
-4753.086420  3395.061728  -0.00004670401660447466
-4753.086420  3518.518519  -0.00004714003283916969
-4753.086420  3641.975309  -0.00004736072079175496
-4753.086420  3765.432099  -0.00004747045118565797
-4753.086420  3888.888889  -0.00004696537922293086
-4753.086420  4012.345679  -0.00004631156775407376
-4753.086420  4135.802469  -0.00004553671799309855
-4753.086420  4259.259259  -0.00004561701256212677
-4753.086420  4382.716049  -0.00004550029530323411
-4753.086420  4506.172840  -0.00004627816951051228
-4753.086420  4629.629630  -0.00004948834549317409
-4753.086420  4753.086420  -0.00004739533742483337
-4753.086420  4876.543210  -0.00004545212084676743

-4629.629630 -5000.000000  -0.00000885983627929655
-4629.629630 -4876.543210  -0.00004075043824114929
-4629.629630 -4753.086420  -0.00004239888771547610
-4629.629630 -4629.629630  -0.00004408555874323322
-4629.629630 -4506.172840  -0.00004138946576292270
-4629.629630 -4382.716049  -0.00004083470620817011
-4629.629630 -4259.259259  -0.00004091062011214609
-4629.629630 -4135.802469  -0.00004069484147231777
-4629.629630 -4012.345679  -0.00004132215800225583
-4629.629630 -3888.888889  -0.00004200072275141016
-4629.629630 -3765.432099  -0.00004229359351336366
-4629.629630 -3641.975309  -0.00004268584673018937
-4629.629630 -3518.518519  -0.00004228933391213100
-4629.629630 -3395.061728  -0.00004196765501766951
-4629.629630 -3271.604938  -0.00004141072531524086
-4629.629630 -3148.148148  -0.00004127916642475741
-4629.629630 -3024.691358  -0.00004147485441304757
-4629.629630 -2901.234568  -0.00004203009980733793
-4629.629630 -2777.777778  -0.00004284052112692722
-4629.629630 -2654.320988  -0.00004252911364564597
-4629.629630 -2530.864198  -0.00003973041854584222
-4629.629630 -2407.407407  -0.00004239947997183736
-4629.629630 -2283.950617  -0.00004072856131129259
-4629.629630 -2160.493827  -0.00004097501493414211
-4629.629630 -2037.037037  -0.00004081889209599998
-4629.629630 -1913.580247  -0.00004137684470895418
-4629.629630 -1790.123457  -0.00004142934709276011
-4629.629630 -1666.666667  -0.00004150488992277431
-4629.629630 -1543.209877  -0.00004147073305697218
-4629.629630 -1419.753086  -0.00004125512830762947
-4629.629630 -1296.296296  -0.00004140325804384931
-4629.629630 -1172.839506  -0.00004113534954954685
-4629.629630 -1049.382716  -0.00004133884060744851
-4629.629630  -925.925926  -0.00004132562804728841
-4629.629630  -802.469136  -0.00004148200553326302
-4629.629630  -679.012346  -0.00004159664398689942
-4629.629630  -555.555556  -0.00004167346179491707
-4629.629630  -432.098765  -0.00004159346359431884
-4629.629630  -308.641975  -0.00004143516657443424
-4629.629630  -185.185185  -0.00004137674032634991
-4629.629630   -61.728395  -0.00004161260313815343
-4629.629630    61.728395  -0.00004161260313817860
-4629.629630   185.185185  -0.00004137674032640409
-4629.629630   308.641975  -0.00004143516657453157
-4629.629630   432.098765  -0.00004159346359446256
-4629.629630   555.555556  -0.00004167346179510510
-4629.629630   679.012346  -0.00004159664398712868
-4629.629630   802.469136  -0.00004148200553352546
-4629.629630   925.925926  -0.00004132562804758475
-4629.629630  1049.382716  -0.00004133884060778104
-4629.629630  1172.839506  -0.00004113534954991719
-4629.629630  1296.296296  -0.00004140325804426988
-4629.629630  1419.753086  -0.00004125512830809211
-4629.629630  1543.209877  -0.00004147073305747286
-4629.629630  1666.666667  -0.00004150488992332443
-4629.629630  1790.123457  -0.00004142934709335414
-4629.629630  1913.580247  -0.00004137684470958131
-4629.629630  2037.037037  -0.00004081889209663480
-4629.629630  2160.493827  -0.00004097501493481780
-4629.629630  2283.950617  -0.00004072856131202682
-4629.629630  2407.407407  -0.00004239947997267202
-4629.629630  2530.864198  -0.00003973041854655919
-4629.629630  2654.320988  -0.00004252911364653692
-4629.629630  2777.777778  -0.00004284052112788703
-4629.629630  2901.234568  -0.00004203009980828851
-4629.629630  3024.691358  -0.00004147485441398108
-4629.629630  3148.148148  -0.00004127916642571064
-4629.629630  3271.604938  -0.00004141072531625494
-4629.629630  3395.061728  -0.00004196765501877810
-4629.629630  3518.518519  -0.00004228933391331111
-4629.629630  3641.975309  -0.00004268584673142036
-4629.629630  3765.432099  -0.00004229359351462600
-4629.629630  3888.888889  -0.00004200072275268349
-4629.629630  4012.345679  -0.00004132215800350877
-4629.629630  4135.802469  -0.00004069484147357042
-4629.629630  4259.259259  -0.00004091062011344717
-4629.629630  4382.716049  -0.00004083470620954761
-4629.629630  4506.172840  -0.00004138946576441135
-4629.629630  4629.629630  -0.00004408555874486634
-4629.629630  4753.086420  -0.00004239888771711929
-4629.629630  4876.543210  -0.00004075043824256016

-4506.172840 -5000.000000  -0.00000578666965596855
-4506.172840 -4876.543210  -0.00002881588398251140
-4506.172840 -4753.086420  -0.00003059519166774006
-4506.172840 -4629.629630  -0.00003171963561452218
-4506.172840 -4506.172840  -0.00002978449523270818
-4506.172840 -4382.716049  -0.00002924367900444529
-4506.172840 -4259.259259  -0.00002918622512944792
-4506.172840 -4135.802469  -0.00002903295603110251
-4506.172840 -4012.345679  -0.00002952444214274051
-4506.172840 -3888.888889  -0.00003010114740804802
-4506.172840 -3765.432099  -0.00003036024739359552
-4506.172840 -3641.975309  -0.00003055369902160413
-4506.172840 -3518.518519  -0.00003028435367318809
-4506.172840 -3395.061728  -0.00003000242334322288
-4506.172840 -3271.604938  -0.00002952378942263530
-4506.172840 -3148.148148  -0.00002937995480787745
-4506.172840 -3024.691358  -0.00002955357221791072
-4506.172840 -2901.234568  -0.00003004630262801540
-4506.172840 -2777.777778  -0.00003068254673980435
-4506.172840 -2654.320988  -0.00003042892467969878
-4506.172840 -2530.864198  -0.00002832040917449992
-4506.172840 -2407.407407  -0.00002998526298917759
-4506.172840 -2283.950617  -0.00002884448359901436
-4506.172840 -2160.493827  -0.00002894560306935027
-4506.172840 -2037.037037  -0.00002886498830673604
-4506.172840 -1913.580247  -0.00002927612739607016
-4506.172840 -1790.123457  -0.00002934675090190964
-4506.172840 -1666.666667  -0.00002939445126165826
-4506.172840 -1543.209877  -0.00002935847837436678
-4506.172840 -1419.753086  -0.00002922985164846460
-4506.172840 -1296.296296  -0.00002934451746361791
-4506.172840 -1172.839506  -0.00002915495825075787
-4506.172840 -1049.382716  -0.00002930005959057812
-4506.172840  -925.925926  -0.00002930751791601156
-4506.172840  -802.469136  -0.00002942704688828155
-4506.172840  -679.012346  -0.00002951808345629024
-4506.172840  -555.555556  -0.00002957845889550347
-4506.172840  -432.098765  -0.00002952617397311761
-4506.172840  -308.641975  -0.00002941368392705464
-4506.172840  -185.185185  -0.00002936806015455626
-4506.172840   -61.728395  -0.00002954943145515260
-4506.172840    61.728395  -0.00002954943145517588
-4506.172840   185.185185  -0.00002936806015460649
-4506.172840   308.641975  -0.00002941368392714596
-4506.172840   432.098765  -0.00002952617397325304
-4506.172840   555.555556  -0.00002957845889568064
-4506.172840   679.012346  -0.00002951808345650606
-4506.172840   802.469136  -0.00002942704688852846
-4506.172840   925.925926  -0.00002930751791629036
-4506.172840  1049.382716  -0.00002930005959089126
-4506.172840  1172.839506  -0.00002915495825110718
-4506.172840  1296.296296  -0.00002934451746401345
-4506.172840  1419.753086  -0.00002922985164890038
-4506.172840  1543.209877  -0.00002935847837483779
-4506.172840  1666.666667  -0.00002939445126217581
-4506.172840  1790.123457  -0.00002934675090246859
-4506.172840  1913.580247  -0.00002927612739665982
-4506.172840  2037.037037  -0.00002886498830733176
-4506.172840  2160.493827  -0.00002894560306998421
-4506.172840  2283.950617  -0.00002884448359970377
-4506.172840  2407.407407  -0.00002998526298996255
-4506.172840  2530.864198  -0.00002832040917516893
-4506.172840  2654.320988  -0.00003042892468053420
-4506.172840  2777.777778  -0.00003068254674070414
-4506.172840  2901.234568  -0.00003004630262890416
-4506.172840  3024.691358  -0.00002955357221878187
-4506.172840  3148.148148  -0.00002937995480876614
-4506.172840  3271.604938  -0.00002952378942358290
-4506.172840  3395.061728  -0.00003000242334426068
-4506.172840  3518.518519  -0.00003028435367429423
-4506.172840  3641.975309  -0.00003055369902275841
-4506.172840  3765.432099  -0.00003036024739477833
-4506.172840  3888.888889  -0.00003010114740923863
-4506.172840  4012.345679  -0.00002952444214391105
-4506.172840  4135.802469  -0.00002903295603227053
-4506.172840  4259.259259  -0.00002918622513066056
-4506.172840  4382.716049  -0.00002924367900573347
-4506.172840  4506.172840  -0.00002978449523410617
-4506.172840  4629.629630  -0.00003171963561605764
-4506.172840  4753.086420  -0.00003059519166928299
-4506.172840  4876.543210  -0.00002881588398381766

-4382.716049 -5000.000000  -0.00000362765871264601
-4382.716049 -4876.543210  -0.00002008263050866097
-4382.716049 -4753.086420  -0.00002216742677358487
-4382.716049 -4629.629630  -0.00002301031535466025
-4382.716049 -4506.172840  -0.00002153599570037869
-4382.716049 -4382.716049  -0.00002088888559408867
-4382.716049 -4259.259259  -0.00002070609882388169
-4382.716049 -4135.802469  -0.00002065353036105905
-4382.716049 -4012.345679  -0.00002109666032657106
-4382.716049 -3888.888889  -0.00002156221736716013
-4382.716049 -3765.432099  -0.00002191725495924407
-4382.716049 -3641.975309  -0.00002193878263566398
-4382.716049 -3518.518519  -0.00002180431980229633
-4382.716049 -3395.061728  -0.00002152371930091021
-4382.716049 -3271.604938  -0.00002103045735735150
-4382.716049 -3148.148148  -0.00002085573629452380
-4382.716049 -3024.691358  -0.00002107111627184497
-4382.716049 -2901.234568  -0.00002158967071221426
-4382.716049 -2777.777778  -0.00002207840566008975
-4382.716049 -2654.320988  -0.00002177091328901008
-4382.716049 -2530.864198  -0.00002037894696690135
-4382.716049 -2407.407407  -0.00002193561867678065
-4382.716049 -2283.950617  -0.00002119507801423791
-4382.716049 -2160.493827  -0.00002107326322493862
-4382.716049 -2037.037037  -0.00002105747354555744
-4382.716049 -1913.580247  -0.00002142179266042746
-4382.716049 -1790.123457  -0.00002154241882329162
-4382.716049 -1666.666667  -0.00002153909962629236
-4382.716049 -1543.209877  -0.00002146315851009684
-4382.716049 -1419.753086  -0.00002142941700867993
-4382.716049 -1296.296296  -0.00002153171697097429
-4382.716049 -1172.839506  -0.00002136448017033666
-4382.716049 -1049.382716  -0.00002148430166855485
-4382.716049  -925.925926  -0.00002149987887168012
-4382.716049  -802.469136  -0.00002160185179548322
-4382.716049  -679.012346  -0.00002168448939039341
-4382.716049  -555.555556  -0.00002173720392505734
-4382.716049  -432.098765  -0.00002169860297690856
-4382.716049  -308.641975  -0.00002160664417805036
-4382.716049  -185.185185  -0.00002157184108487612
-4382.716049   -61.728395  -0.00002172126786863616
-4382.716049    61.728395  -0.00002172126786865809
-4382.716049   185.185185  -0.00002157184108492364
-4382.716049   308.641975  -0.00002160664417813688
-4382.716049   432.098765  -0.00002169860297703722
-4382.716049   555.555556  -0.00002173720392522645
-4382.716049   679.012346  -0.00002168448939059866
-4382.716049   802.469136  -0.00002160185179571739
-4382.716049   925.925926  -0.00002149987887194392
-4382.716049  1049.382716  -0.00002148430166885058
-4382.716049  1172.839506  -0.00002136448017066743
-4382.716049  1296.296296  -0.00002153171697134885
-4382.716049  1419.753086  -0.00002142941700909245
-4382.716049  1543.209877  -0.00002146315851054239
-4382.716049  1666.666667  -0.00002153909962678228
-4382.716049  1790.123457  -0.00002154241882382152
-4382.716049  1913.580247  -0.00002142179266098540
-4382.716049  2037.037037  -0.00002105747354611830
-4382.716049  2160.493827  -0.00002107326322553629
-4382.716049  2283.950617  -0.00002119507801488829
-4382.716049  2407.407407  -0.00002193561867752553
-4382.716049  2530.864198  -0.00002037894696751776
-4382.716049  2654.320988  -0.00002177091328980650
-4382.716049  2777.777778  -0.00002207840566094535
-4382.716049  2901.234568  -0.00002158967071304724
-4382.716049  3024.691358  -0.00002107111627265238
-4382.716049  3148.148148  -0.00002085573629534585
-4382.716049  3271.604938  -0.00002103045735823522
-4382.716049  3395.061728  -0.00002152371930188857
-4382.716049  3518.518519  -0.00002180431980334611
-4382.716049  3641.975309  -0.00002193878263676064
-4382.716049  3765.432099  -0.00002191725496036550
-4382.716049  3888.888889  -0.00002156221736827639
-4382.716049  4012.345679  -0.00002109666032766231
-4382.716049  4135.802469  -0.00002065353036213929
-4382.716049  4259.259259  -0.00002070609882499923
-4382.716049  4382.716049  -0.00002088888559529278
-4382.716049  4506.172840  -0.00002153599570171351
-4382.716049  4629.629630  -0.00002301031535613111
-4382.716049  4753.086420  -0.00002216742677505932
-4382.716049  4876.543210  -0.00002008263050982726

-4259.259259 -5000.000000  -0.00000175042409232083
-4259.259259 -4876.543210  -0.00001229836656447843
-4259.259259 -4753.086420  -0.00001449944734578855
-4259.259259 -4629.629630  -0.00001507874013099127
-4259.259259 -4506.172840  -0.00001406509622808243
-4259.259259 -4382.716049  -0.00001338435116816341
-4259.259259 -4259.259259  -0.00001310224152356637
-4259.259259 -4135.802469  -0.00001310435519076130
-4259.259259 -4012.345679  -0.00001347654023943027
-4259.259259 -3888.888889  -0.00001384102207386407
-4259.259259 -3765.432099  -0.00001420229318764688
-4259.259259 -3641.975309  -0.00001420853379932643
-4259.259259 -3518.518519  -0.00001414195628645692
-4259.259259 -3395.061728  -0.00001389430584369394
-4259.259259 -3271.604938  -0.00001345993371466924
-4259.259259 -3148.148148  -0.00001327163122923617
-4259.259259 -3024.691358  -0.00001343494072372961
-4259.259259 -2901.234568  -0.00001387173074743097
-4259.259259 -2777.777778  -0.00001428029432025874
-4259.259259 -2654.320988  -0.00001410094360228513
-4259.259259 -2530.864198  -0.00001322148059123147
-4259.259259 -2407.407407  -0.00001463138413713384
-4259.259259 -2283.950617  -0.00001425836166865759
-4259.259259 -2160.493827  -0.00001412071758940017
-4259.259259 -2037.037037  -0.00001411634085900612
-4259.259259 -1913.580247  -0.00001437501107385311
-4259.259259 -1790.123457  -0.00001446922648421301
-4259.259259 -1666.666667  -0.00001444863018394606
-4259.259259 -1543.209877  -0.00001438969409951578
-4259.259259 -1419.753086  -0.00001441431019270704
-4259.259259 -1296.296296  -0.00001448479417611910
-4259.259259 -1172.839506  -0.00001438766733463392
-4259.259259 -1049.382716  -0.00001447201665265329
-4259.259259  -925.925926  -0.00001448722300303924
-4259.259259  -802.469136  -0.00001455691688270741
-4259.259259  -679.012346  -0.00001461703490017673
-4259.259259  -555.555556  -0.00001465606437220677
-4259.259259  -432.098765  -0.00001463926406934531
-4259.259259  -308.641975  -0.00001458956323077564
-4259.259259  -185.185185  -0.00001457808897028064
-4259.259259   -61.728395  -0.00001466086084264222
-4259.259259    61.728395  -0.00001466086084266285
-4259.259259   185.185185  -0.00001457808897032617
-4259.259259   308.641975  -0.00001458956323085950
-4259.259259   432.098765  -0.00001463926406947001
-4259.259259   555.555556  -0.00001465606437237062
-4259.259259   679.012346  -0.00001461703490037565
-4259.259259   802.469136  -0.00001455691688293464
-4259.259259   925.925926  -0.00001448722300329509
-4259.259259  1049.382716  -0.00001447201665293959
-4259.259259  1172.839506  -0.00001438766733495457
-4259.259259  1296.296296  -0.00001448479417648159
-4259.259259  1419.753086  -0.00001441431019310603
-4259.259259  1543.209877  -0.00001438969409994662
-4259.259259  1666.666667  -0.00001444863018442002
-4259.259259  1790.123457  -0.00001446922648472619
-4259.259259  1913.580247  -0.00001437501107439321
-4259.259259  2037.037037  -0.00001411634085954709
-4259.259259  2160.493827  -0.00001412071758997708
-4259.259259  2283.950617  -0.00001425836166928562
-4259.259259  2407.407407  -0.00001463138413785560
-4259.259259  2530.864198  -0.00001322148059181909
-4259.259259  2654.320988  -0.00001410094360306154
-4259.259259  2777.777778  -0.00001428029432109101
-4259.259259  2901.234568  -0.00001387173074823361
-4259.259259  3024.691358  -0.00001343494072450214
-4259.259259  3148.148148  -0.00001327163123002182
-4259.259259  3271.604938  -0.00001345993371551834
-4259.259259  3395.061728  -0.00001389430584464089
-4259.259259  3518.518519  -0.00001414195628747724
-4259.259259  3641.975309  -0.00001420853380039291
-4259.259259  3765.432099  -0.00001420229318873645
-4259.259259  3888.888889  -0.00001384102207493932
-4259.259259  4012.345679  -0.00001347654024047713
-4259.259259  4135.802469  -0.00001310435519179228
-4259.259259  4259.259259  -0.00001310224152463098
-4259.259259  4382.716049  -0.00001338435116932164
-4259.259259  4506.172840  -0.00001406509622938311
-4259.259259  4629.629630  -0.00001507874013242827
-4259.259259  4753.086420  -0.00001449944734722756
-4259.259259  4876.543210  -0.00001229836656556490

-4135.802469 -5000.000000  0.00000026974483025736
-4135.802469 -4876.543210  -0.00000410436399173345
-4135.802469 -4753.086420  -0.00000618522446748305
-4135.802469 -4629.629630  -0.00000638730945103772
-4135.802469 -4506.172840  -0.00000595834715177234
-4135.802469 -4382.716049  -0.00000536391968877180
-4135.802469 -4259.259259  -0.00000500352991664267
-4135.802469 -4135.802469  -0.00000500096606067593
-4135.802469 -4012.345679  -0.00000524203910992136
-4135.802469 -3888.888889  -0.00000552476174738290
-4135.802469 -3765.432099  -0.00000576332348552964
-4135.802469 -3641.975309  -0.00000593050738099196
-4135.802469 -3518.518519  -0.00000586061452219058
-4135.802469 -3395.061728  -0.00000569711270169595
-4135.802469 -3271.604938  -0.00000541467019979612
-4135.802469 -3148.148148  -0.00000523941598296157
-4135.802469 -3024.691358  -0.00000524354867562187
-4135.802469 -2901.234568  -0.00000547420714214701
-4135.802469 -2777.777778  -0.00000584876142662465
-4135.802469 -2654.320988  -0.00000599205654129047
-4135.802469 -2530.864198  -0.00000542510680307890
-4135.802469 -2407.407407  -0.00000624663707993054
-4135.802469 -2283.950617  -0.00000624918728702635
-4135.802469 -2160.493827  -0.00000631187323173306
-4135.802469 -2037.037037  -0.00000627348042886232
-4135.802469 -1913.580247  -0.00000633706517537425
-4135.802469 -1790.123457  -0.00000632566024658777
-4135.802469 -1666.666667  -0.00000632809057035178
-4135.802469 -1543.209877  -0.00000635031294664361
-4135.802469 -1419.753086  -0.00000638963001982590
-4135.802469 -1296.296296  -0.00000641158638735122
-4135.802469 -1172.839506  -0.00000644738367808274
-4135.802469 -1049.382716  -0.00000646276268877800
-4135.802469  -925.925926  -0.00000648333776525123
-4135.802469  -802.469136  -0.00000649587044164489
-4135.802469  -679.012346  -0.00000651594436071398
-4135.802469  -555.555556  -0.00000653132958575771
-4135.802469  -432.098765  -0.00000654788667036283
-4135.802469  -308.641975  -0.00000657060440500431
-4135.802469  -185.185185  -0.00000658492097851181
-4135.802469   -61.728395  -0.00000657466766496917
-4135.802469    61.728395  -0.00000657466766498897
-4135.802469   185.185185  -0.00000658492097855686
-4135.802469   308.641975  -0.00000657060440508745
-4135.802469   432.098765  -0.00000654788667048662
-4135.802469   555.555556  -0.00000653132958592071
-4135.802469   679.012346  -0.00000651594436091120
-4135.802469   802.469136  -0.00000649587044187077
-4135.802469   925.925926  -0.00000648333776550562
-4135.802469  1049.382716  -0.00000646276268906315
-4135.802469  1172.839506  -0.00000644738367840185
-4135.802469  1296.296296  -0.00000641158638771121
-4135.802469  1419.753086  -0.00000638963002022214
-4135.802469  1543.209877  -0.00000635031294707184
-4135.802469  1666.666667  -0.00000632809057082278
-4135.802469  1790.123457  -0.00000632566024709774
-4135.802469  1913.580247  -0.00000633706517591032
-4135.802469  2037.037037  -0.00000627348042940018
-4135.802469  2160.493827  -0.00000631187323230624
-4135.802469  2283.950617  -0.00000624918728765050
-4135.802469  2407.407407  -0.00000624663708064663
-4135.802469  2530.864198  -0.00000542510680366706
-4135.802469  2654.320988  -0.00000599205654206222
-4135.802469  2777.777778  -0.00000584876142745217
-4135.802469  2901.234568  -0.00000547420714294686
-4135.802469  3024.691358  -0.00000524354867639378
-4135.802469  3148.148148  -0.00000523941598374665
-4135.802469  3271.604938  -0.00000541467020064388
-4135.802469  3395.061728  -0.00000569711270263928
-4135.802469  3518.518519  -0.00000586061452320577
-4135.802469  3641.975309  -0.00000593050738205256
-4135.802469  3765.432099  -0.00000576332348661622
-4135.802469  3888.888889  -0.00000552476174845433
-4135.802469  4012.345679  -0.00000524203911096595
-4135.802469  4135.802469  -0.00000500096606170581
-4135.802469  4259.259259  -0.00000500352991770739
-4135.802469  4382.716049  -0.00000536391968992733
-4135.802469  4506.172840  -0.00000595834715306511
-4135.802469  4629.629630  -0.00000638730945246525
-4135.802469  4753.086420  -0.00000618522446891320
-4135.802469  4876.543210  -0.00000410436399282677

-4012.345679 -5000.000000  0.00000199983006238818
-4012.345679 -4876.543210  0.00000263262917297843
-4012.345679 -4753.086420  0.00000060907784432592
-4012.345679 -4629.629630  0.00000075603242382887
-4012.345679 -4506.172840  0.00000069136053595818
-4012.345679 -4382.716049  0.00000120868303718546
-4012.345679 -4259.259259  0.00000163845245337315
-4012.345679 -4135.802469  0.00000166064289370899
-4012.345679 -4012.345679  0.00000152750133061952
-4012.345679 -3888.888889  0.00000129803034959659
-4012.345679 -3765.432099  0.00000109873303768558
-4012.345679 -3641.975309  0.00000087494898877620
-4012.345679 -3518.518519  0.00000093627308364822
-4012.345679 -3395.061728  0.00000104004572174250
-4012.345679 -3271.604938  0.00000119394576650620
-4012.345679 -3148.148148  0.00000137133444404668
-4012.345679 -3024.691358  0.00000149375620017897
-4012.345679 -2901.234568  0.00000142010241736075
-4012.345679 -2777.777778  0.00000107153612037811
-4012.345679 -2654.320988  0.00000067241151548731
-4012.345679 -2530.864198  0.00000102652158871657
-4012.345679 -2407.407407  0.00000121933595873071
-4012.345679 -2283.950617  0.00000086886754151410
-4012.345679 -2160.493827  0.00000067269955366707
-4012.345679 -2037.037037  0.00000071161208328195
-4012.345679 -1913.580247  0.00000084149120020804
-4012.345679 -1790.123457  0.00000092521233786902
-4012.345679 -1666.666667  0.00000089718301766093
-4012.345679 -1543.209877  0.00000081380743226861
-4012.345679 -1419.753086  0.00000076645638945230
-4012.345679 -1296.296296  0.00000077795375386983
-4012.345679 -1172.839506  0.00000065575769639917
-4012.345679 -1049.382716  0.00000068677204375990
-4012.345679  -925.925926  0.00000066681113610824
-4012.345679  -802.469136  0.00000069619749962789
-4012.345679  -679.012346  0.00000072275349191309
-4012.345679  -555.555556  0.00000072680782436196
-4012.345679  -432.098765  0.00000067532128378428
-4012.345679  -308.641975  0.00000060043630870097
-4012.345679  -185.185185  0.00000056448014862973
-4012.345679   -61.728395  0.00000065435818161911
-4012.345679    61.728395  0.00000065435818159973
-4012.345679   185.185185  0.00000056448014858381
-4012.345679   308.641975  0.00000060043630861553
-4012.345679   432.098765  0.00000067532128365692
-4012.345679   555.555556  0.00000072680782419384
-4012.345679   679.012346  0.00000072275349171004
-4012.345679   802.469136  0.00000069619749939486
-4012.345679   925.925926  0.00000066681113584537
-4012.345679  1049.382716  0.00000068677204346528
-4012.345679  1172.839506  0.00000065575769606918
-4012.345679  1296.296296  0.00000077795375349880
-4012.345679  1419.753086  0.00000076645638904345
-4012.345679  1543.209877  0.00000081380743182666
-4012.345679  1666.666667  0.00000089718301717508
-4012.345679  1790.123457  0.00000092521233734269
-4012.345679  1913.580247  0.00000084149119965515
-4012.345679  2037.037037  0.00000071161208272660
-4012.345679  2160.493827  0.00000067269955307540
-4012.345679  2283.950617  0.00000086886754087011
-4012.345679  2407.407407  0.00000121933595799272
-4012.345679  2530.864198  0.00000102652158810482
-4012.345679  2654.320988  0.00000067241151469299
-4012.345679  2777.777778  0.00000107153611952595
-4012.345679  2901.234568  0.00000142010241653302
-4012.345679  3024.691358  0.00000149375619937618
-4012.345679  3148.148148  0.00000137133444322949
-4012.345679  3271.604938  0.00000119394576562697
-4012.345679  3395.061728  0.00000104004572076764
-4012.345679  3518.518519  0.00000093627308260200
-4012.345679  3641.975309  0.00000087494898768267
-4012.345679  3765.432099  0.00000109873303656907
-4012.345679  3888.888889  0.00000129803034848752
-4012.345679  4012.345679  0.00000152750132953614
-4012.345679  4135.802469  0.00000166064289263782
-4012.345679  4259.259259  0.00000163845245226419
-4012.345679  4382.716049  0.00000120868303598802
-4012.345679  4506.172840  0.00000069136053462833
-4012.345679  4629.629630  0.00000075603242236212
-4012.345679  4753.086420  0.00000060907784285542
-4012.345679  4876.543210  0.00000263262917182510

-3888.888889 -5000.000000  0.00000371063710266377
-3888.888889 -4876.543210  0.00000903221752352213
-3888.888889 -4753.086420  0.00000682400991197278
-3888.888889 -4629.629630  0.00000727054496146004
-3888.888889 -4506.172840  0.00000681629724739444
-3888.888889 -4382.716049  0.00000736250018470138
-3888.888889 -4259.259259  0.00000788153426393788
-3888.888889 -4135.802469  0.00000786003297536648
-3888.888889 -4012.345679  0.00000778988678483921
-3888.888889 -3888.888889  0.00000760584662453883
-3888.888889 -3765.432099  0.00000740481103921701
-3888.888889 -3641.975309  0.00000731600263980563
-3888.888889 -3518.518519  0.00000729142706464878
-3888.888889 -3395.061728  0.00000738302825606081
-3888.888889 -3271.604938  0.00000753676164881726
-3888.888889 -3148.148148  0.00000773416827576498
-3888.888889 -3024.691358  0.00000784195327316615
-3888.888889 -2901.234568  0.00000776027321421088
-3888.888889 -2777.777778  0.00000752443189286129
-3888.888889 -2654.320988  0.00000715085340320197
-3888.888889 -2530.864198  0.00000704353868225028
-3888.888889 -2407.407407  0.00000773835775412544
-3888.888889 -2283.950617  0.00000708479750924515
-3888.888889 -2160.493827  0.00000704135523427144
-3888.888889 -2037.037037  0.00000702978790216508
-3888.888889 -1913.580247  0.00000722320430996469
-3888.888889 -1790.123457  0.00000727872049049979
-3888.888889 -1666.666667  0.00000728587091002780
-3888.888889 -1543.209877  0.00000722968220892857
-3888.888889 -1419.753086  0.00000712919501103510
-3888.888889 -1296.296296  0.00000715809356078061
-3888.888889 -1172.839506  0.00000700987313008691
-3888.888889 -1049.382716  0.00000708789035484606
-3888.888889  -925.925926  0.00000705621552359141
-3888.888889  -802.469136  0.00000711432341822176
-3888.888889  -679.012346  0.00000715549229538089
-3888.888889  -555.555556  0.00000717508918739745
-3888.888889  -432.098765  0.00000711710513405067
-3888.888889  -308.641975  0.00000702386060444482
-3888.888889  -185.185185  0.00000699174732178695
-3888.888889   -61.728395  0.00000709960793549762
-3888.888889    61.728395  0.00000709960793547836
-3888.888889   185.185185  0.00000699174732173962
-3888.888889   308.641975  0.00000702386060435598
-3888.888889   432.098765  0.00000711710513391782
-3888.888889   555.555556  0.00000717508918722185
-3888.888889   679.012346  0.00000715549229516928
-3888.888889   802.469136  0.00000711432341797844
-3888.888889   925.925926  0.00000705621552331697
-3888.888889  1049.382716  0.00000708789035453841
-3888.888889  1172.839506  0.00000700987312974236
-3888.888889  1296.296296  0.00000715809356039325
-3888.888889  1419.753086  0.00000712919501060795
-3888.888889  1543.209877  0.00000722968220846700
-3888.888889  1666.666667  0.00000728587090952070
-3888.888889  1790.123457  0.00000727872048995030
-3888.888889  1913.580247  0.00000722320430938815
-3888.888889  2037.037037  0.00000702978790158536
-3888.888889  2160.493827  0.00000704135523365432
-3888.888889  2283.950617  0.00000708479750857304
-3888.888889  2407.407407  0.00000773835775335592
-3888.888889  2530.864198  0.00000704353868160858
-3888.888889  2654.320988  0.00000715085340237772
-3888.888889  2777.777778  0.00000752443189197629
-3888.888889  2901.234568  0.00000776027321334788
-3888.888889  3024.691358  0.00000784195327232609
-3888.888889  3148.148148  0.00000773416827490982
-3888.888889  3271.604938  0.00000753676164789903
-3888.888889  3395.061728  0.00000738302825504602
-3888.888889  3518.518519  0.00000729142706356142
-3888.888889  3641.975309  0.00000731600263866964
-3888.888889  3765.432099  0.00000740481103805610
-3888.888889  3888.888889  0.00000760584662338267
-3888.888889  4012.345679  0.00000778988678370783
-3888.888889  4135.802469  0.00000786003297424597
-3888.888889  4259.259259  0.00000788153426277637
-3888.888889  4382.716049  0.00000736250018345191
-3888.888889  4506.172840  0.00000681629724601416
-3888.888889  4629.629630  0.00000727054495993871
-3888.888889  4753.086420  0.00000682400991044728
-3888.888889  4876.543210  0.00000903221752230352

-3765.432099 -5000.000000  0.00000528914593915252
-3765.432099 -4876.543210  0.00001562688847579849
-3765.432099 -4753.086420  0.00001347294521998751
-3765.432099 -4629.629630  0.00001420577173604117
-3765.432099 -4506.172840  0.00001329112050131884
-3765.432099 -4382.716049  0.00001378699856380403
-3765.432099 -4259.259259  0.00001438410928316833
-3765.432099 -4135.802469  0.00001438781342226089
-3765.432099 -4012.345679  0.00001435906435616275
-3765.432099 -3888.888889  0.00001424916345691713
-3765.432099 -3765.432099  0.00001403214415871544
-3765.432099 -3641.975309  0.00001395644040753035
-3765.432099 -3518.518519  0.00001386426676810792
-3765.432099 -3395.061728  0.00001397191377348312
-3765.432099 -3271.604938  0.00001397835587879399
-3765.432099 -3148.148148  0.00001418320324948431
-3765.432099 -3024.691358  0.00001437642760700794
-3765.432099 -2901.234568  0.00001445516142029832
-3765.432099 -2777.777778  0.00001425178183619169
-3765.432099 -2654.320988  0.00001365863826538730
-3765.432099 -2530.864198  0.00001328987340893854
-3765.432099 -2407.407407  0.00001434826566651712
-3765.432099 -2283.950617  0.00001333661807937029
-3765.432099 -2160.493827  0.00001328704073438297
-3765.432099 -2037.037037  0.00001323740706453231
-3765.432099 -1913.580247  0.00001358665679929731
-3765.432099 -1790.123457  0.00001369800253897843
-3765.432099 -1666.666667  0.00001372374905122349
-3765.432099 -1543.209877  0.00001363640469019620
-3765.432099 -1419.753086  0.00001345281005383773
-3765.432099 -1296.296296  0.00001363771678361704
-3765.432099 -1172.839506  0.00001341838904329752
-3765.432099 -1049.382716  0.00001344202138446237
-3765.432099  -925.925926  0.00001350857898296224
-3765.432099  -802.469136  0.00001357133150728469
-3765.432099  -679.012346  0.00001366834512938032
-3765.432099  -555.555556  0.00001370989545920496
-3765.432099  -432.098765  0.00001363574152088242
-3765.432099  -308.641975  0.00001352970048277594
-3765.432099  -185.185185  0.00001339618414087887
-3765.432099   -61.728395  0.00001369705777368378
-3765.432099    61.728395  0.00001369705777366410
-3765.432099   185.185185  0.00001339618414082967
-3765.432099   308.641975  0.00001352970048268393
-3765.432099   432.098765  0.00001363574152074581
-3765.432099   555.555556  0.00001370989545902428
-3765.432099   679.012346  0.00001366834512916220
-3765.432099   802.469136  0.00001357133150703429
-3765.432099   925.925926  0.00001350857898267923
-3765.432099  1049.382716  0.00001344202138414727
-3765.432099  1172.839506  0.00001341838904294155
-3765.432099  1296.296296  0.00001363771678321897
-3765.432099  1419.753086  0.00001345281005340174
-3765.432099  1543.209877  0.00001363640468972281
-3765.432099  1666.666667  0.00001372374905070414
-3765.432099  1790.123457  0.00001369800253841629
-3765.432099  1913.580247  0.00001358665679870699
-3765.432099  2037.037037  0.00001323740706393829
-3765.432099  2160.493827  0.00001328704073374905
-3765.432099  2283.950617  0.00001333661807868448
-3765.432099  2407.407407  0.00001434826566572911
-3765.432099  2530.864198  0.00001328987340827275
-3765.432099  2654.320988  0.00001365863826454817
-3765.432099  2777.777778  0.00001425178183528716
-3765.432099  2901.234568  0.00001445516141940990
-3765.432099  3024.691358  0.00001437642760613996
-3765.432099  3148.148148  0.00001418320324859880
-3765.432099  3271.604938  0.00001397835587784822
-3765.432099  3395.061728  0.00001397191377243890
-3765.432099  3518.518519  0.00001386426676699907
-3765.432099  3641.975309  0.00001395644040636712
-3765.432099  3765.432099  0.00001403214415753509
-3765.432099  3888.888889  0.00001424916345573062
-3765.432099  4012.345679  0.00001435906435499844
-3765.432099  4135.802469  0.00001438781342109986
-3765.432099  4259.259259  0.00001438410928196558
-3765.432099  4382.716049  0.00001378699856251989
-3765.432099  4506.172840  0.00001329112049991299
-3765.432099  4629.629630  0.00001420577173449286
-3765.432099  4753.086420  0.00001347294521843344
-3765.432099  4876.543210  0.00001562688847451696

-3641.975309 -5000.000000  0.00000700772235535230
-3641.975309 -4876.543210  0.00002093275858382145
-3641.975309 -4753.086420  0.00001882936780888269
-3641.975309 -4629.629630  0.00002024115640084322
-3641.975309 -4506.172840  0.00001870821770378672
-3641.975309 -4382.716049  0.00001899067699194017
-3641.975309 -4259.259259  0.00001965109525463513
-3641.975309 -4135.802469  0.00001977355345269811
-3641.975309 -4012.345679  0.00001995942152262348
-3641.975309 -3888.888889  0.00001971927123737245
-3641.975309 -3765.432099  0.00001986938543633380
-3641.975309 -3641.975309  0.00001945861896834639
-3641.975309 -3518.518519  0.00001951335991750087
-3641.975309 -3395.061728  0.00001948081610108381
-3641.975309 -3271.604938  0.00001935043591913342
-3641.975309 -3148.148148  0.00001951202155031887
-3641.975309 -3024.691358  0.00001992059345605676
-3641.975309 -2901.234568  0.00002020706903198338
-3641.975309 -2777.777778  0.00001994941215350161
-3641.975309 -2654.320988  0.00001898926995659558
-3641.975309 -2530.864198  0.00001889853968662419
-3641.975309 -2407.407407  0.00002117942229546310
-3641.975309 -2283.950617  0.00002003260113103249
-3641.975309 -2160.493827  0.00001956475828017914
-3641.975309 -2037.037037  0.00001962766752104886
-3641.975309 -1913.580247  0.00002018463345315320
-3641.975309 -1790.123457  0.00002045833040717790
-3641.975309 -1666.666667  0.00002041523135006535
-3641.975309 -1543.209877  0.00002021469116125502
-3641.975309 -1419.753086  0.00002014882097281660
-3641.975309 -1296.296296  0.00002030701510195454
-3641.975309 -1172.839506  0.00001994342083839654
-3641.975309 -1049.382716  0.00002017017938963811
-3641.975309  -925.925926  0.00002015949013404423
-3641.975309  -802.469136  0.00002034572632786073
-3641.975309  -679.012346  0.00002049760530518812
-3641.975309  -555.555556  0.00002059378311323118
-3641.975309  -432.098765  0.00002050568155741510
-3641.975309  -308.641975  0.00002031236512006234
-3641.975309  -185.185185  0.00002025130089384014
-3641.975309   -61.728395  0.00002053702888296576
-3641.975309    61.728395  0.00002053702888294582
-3641.975309   185.185185  0.00002025130089378920
-3641.975309   308.641975  0.00002031236511996831
-3641.975309   432.098765  0.00002050568155727561
-3641.975309   555.555556  0.00002059378311304613
-3641.975309   679.012346  0.00002049760530496527
-3641.975309   802.469136  0.00002034572632760389
-3641.975309   925.925926  0.00002015949013375570
-3641.975309  1049.382716  0.00002017017938931557
-3641.975309  1172.839506  0.00001994342083803534
-3641.975309  1296.296296  0.00002030701510155153
-3641.975309  1419.753086  0.00002014882097237323
-3641.975309  1543.209877  0.00002021469116077526
-3641.975309  1666.666667  0.00002041523134953902
-3641.975309  1790.123457  0.00002045833040660817
-3641.975309  1913.580247  0.00002018463345255632
-3641.975309  2037.037037  0.00001962766752044679
-3641.975309  2160.493827  0.00001956475827953898
-3641.975309  2283.950617  0.00002003260113033684
-3641.975309  2407.407407  0.00002117942229466727
-3641.975309  2530.864198  0.00001889853968595362
-3641.975309  2654.320988  0.00001898926995575175
-3641.975309  2777.777778  0.00001994941215259493
-3641.975309  2901.234568  0.00002020706903109352
-3641.975309  3024.691358  0.00001992059345518478
-3641.975309  3148.148148  0.00001951202154943016
-3641.975309  3271.604938  0.00001935043591818266
-3641.975309  3395.061728  0.00001948081610003868
-3641.975309  3518.518519  0.00001951335991638498
-3641.975309  3641.975309  0.00001945861896718172
-3641.975309  3765.432099  0.00001986938543514010
-3641.975309  3888.888889  0.00001971927123618147
-3641.975309  4012.345679  0.00001995942152145343
-3641.975309  4135.802469  0.00001977355345153515
-3641.975309  4259.259259  0.00001965109525342703
-3641.975309  4382.716049  0.00001899067699065021
-3641.975309  4506.172840  0.00001870821770237647
-3641.975309  4629.629630  0.00002024115639929000
-3641.975309  4753.086420  0.00001882936780732570
-3641.975309  4876.543210  0.00002093275858253358

-3518.518519 -5000.000000  0.00000844992934708984
-3518.518519 -4876.543210  0.00002761704925070340
-3518.518519 -4753.086420  0.00002532998282851169
-3518.518519 -4629.629630  0.00002687810732027956
-3518.518519 -4506.172840  0.00002503378332639073
-3518.518519 -4382.716049  0.00002542087208669215
-3518.518519 -4259.259259  0.00002616280197812750
-3518.518519 -4135.802469  0.00002618542758512609
-3518.518519 -4012.345679  0.00002638316646668407
-3518.518519 -3888.888889  0.00002627545649975105
-3518.518519 -3765.432099  0.00002626766620122559
-3518.518519 -3641.975309  0.00002606166145036115
-3518.518519 -3518.518519  0.00002599148272117139
-3518.518519 -3395.061728  0.00002596409858514355
-3518.518519 -3271.604938  0.00002585648701645322
-3518.518519 -3148.148148  0.00002605297317128325
-3518.518519 -3024.691358  0.00002640705134446577
-3518.518519 -2901.234568  0.00002665307273698161
-3518.518519 -2777.777778  0.00002654029962889219
-3518.518519 -2654.320988  0.00002569099389716868
-3518.518519 -2530.864198  0.00002499797467472710
-3518.518519 -2407.407407  0.00002769952264052878
-3518.518519 -2283.950617  0.00002624789093022076
-3518.518519 -2160.493827  0.00002601049567086513
-3518.518519 -2037.037037  0.00002600379082320469
-3518.518519 -1913.580247  0.00002662626981585882
-3518.518519 -1790.123457  0.00002685897621807527
-3518.518519 -1666.666667  0.00002687327197844449
-3518.518519 -1543.209877  0.00002673465312675689
-3518.518519 -1419.753086  0.00002661558118607617
-3518.518519 -1296.296296  0.00002682263281257433
-3518.518519 -1172.839506  0.00002648929816259128
-3518.518519 -1049.382716  0.00002675288168990642
-3518.518519  -925.925926  0.00002678104215032931
-3518.518519  -802.469136  0.00002700740136934647
-3518.518519  -679.012346  0.00002721017836515181
-3518.518519  -555.555556  0.00002734595681322026
-3518.518519  -432.098765  0.00002727443094840218
-3518.518519  -308.641975  0.00002710091789400822
-3518.518519  -185.185185  0.00002704168561030634
-3518.518519   -61.728395  0.00002736689582229935
-3518.518519    61.728395  0.00002736689582228025
-3518.518519   185.185185  0.00002704168561025532
-3518.518519   308.641975  0.00002710091789391437
-3518.518519   432.098765  0.00002727443094826302
-3518.518519   555.555556  0.00002734595681303548
-3518.518519   679.012346  0.00002721017836492995
-3518.518519   802.469136  0.00002700740136909106
-3518.518519   925.925926  0.00002678104215004216
-3518.518519  1049.382716  0.00002675288168958593
-3518.518519  1172.839506  0.00002648929816223205
-3518.518519  1296.296296  0.00002682263281217456
-3518.518519  1419.753086  0.00002661558118563653
-3518.518519  1543.209877  0.00002673465312628184
-3518.518519  1666.666667  0.00002687327197792342
-3518.518519  1790.123457  0.00002685897621751113
-3518.518519  1913.580247  0.00002662626981526777
-3518.518519  2037.037037  0.00002600379082260920
-3518.518519  2160.493827  0.00002601049567023155
-3518.518519  2283.950617  0.00002624789092953357
-3518.518519  2407.407407  0.00002769952263974148
-3518.518519  2530.864198  0.00002499797467406545
-3518.518519  2654.320988  0.00002569099389633108
-3518.518519  2777.777778  0.00002654029962799280
-3518.518519  2901.234568  0.00002665307273609986
-3518.518519  3024.691358  0.00002640705134360166
-3518.518519  3148.148148  0.00002605297317040247
-3518.518519  3271.604938  0.00002585648701551138
-3518.518519  3395.061728  0.00002596409858410704
-3518.518519  3518.518519  0.00002599148272006558
-3518.518519  3641.975309  0.00002606166144920492
-3518.518519  3765.432099  0.00002626766620004715
-3518.518519  3888.888889  0.00002627545649857069
-3518.518519  4012.345679  0.00002638316646552501
-3518.518519  4135.802469  0.00002618542758397402
-3518.518519  4259.259259  0.00002616280197693129
-3518.518519  4382.716049  0.00002542087208541367
-3518.518519  4506.172840  0.00002503378332499157
-3518.518519  4629.629630  0.00002687810731873872
-3518.518519  4753.086420  0.00002532998282696669
-3518.518519  4876.543210  0.00002761704924942940

-3395.061728 -5000.000000  0.00001005475145420950
-3395.061728 -4876.543210  0.00003375807067759691
-3395.061728 -4753.086420  0.00003142763021718287
-3395.061728 -4629.629630  0.00003333045768195326
-3395.061728 -4506.172840  0.00003103189739021756
-3395.061728 -4382.716049  0.00003137645145101332
-3395.061728 -4259.259259  0.00003219918231422134
-3395.061728 -4135.802469  0.00003222685198901803
-3395.061728 -4012.345679  0.00003251332856176038
-3395.061728 -3888.888889  0.00003242417042124446
-3395.061728 -3765.432099  0.00003256303886583193
-3395.061728 -3641.975309  0.00003222228582615625
-3395.061728 -3518.518519  0.00003216245637315363
-3395.061728 -3395.061728  0.00003209418522160079
-3395.061728 -3271.604938  0.00003190368895254678
-3395.061728 -3148.148148  0.00003209316729846042
-3395.061728 -3024.691358  0.00003254117481285764
-3395.061728 -2901.234568  0.00003289530541862354
-3395.061728 -2777.777778  0.00003281596959302030
-3395.061728 -2654.320988  0.00003179711214870895
-3395.061728 -2530.864198  0.00003104649362740028
-3395.061728 -2407.407407  0.00003472733647466058
-3395.061728 -2283.950617  0.00003301971878543667
-3395.061728 -2160.493827  0.00003271930912556703
-3395.061728 -2037.037037  0.00003271947410440194
-3395.061728 -1913.580247  0.00003349744830049108
-3395.061728 -1790.123457  0.00003380098049454208
-3395.061728 -1666.666667  0.00003382973960152003
-3395.061728 -1543.209877  0.00003367373009458324
-3395.061728 -1419.753086  0.00003357465157631944
-3395.061728 -1296.296296  0.00003386920292865651
-3395.061728 -1172.839506  0.00003347780853548598
-3395.061728 -1049.382716  0.00003384804642863658
-3395.061728  -925.925926  0.00003392653294852820
-3395.061728  -802.469136  0.00003425742424659776
-3395.061728  -679.012346  0.00003454588260942369
-3395.061728  -555.555556  0.00003476574761917932
-3395.061728  -432.098765  0.00003473789757817922
-3395.061728  -308.641975  0.00003456097591326405
-3395.061728  -185.185185  0.00003451891168607112
-3395.061728   -61.728395  0.00003492965794971682
-3395.061728    61.728395  0.00003492965794969836
-3395.061728   185.185185  0.00003451891168602076
-3395.061728   308.641975  0.00003456097591317091
-3395.061728   432.098765  0.00003473789757804100
-3395.061728   555.555556  0.00003476574761899529
-3395.061728   679.012346  0.00003454588260920505
-3395.061728   802.469136  0.00003425742424634519
-3395.061728   925.925926  0.00003392653294824511
-3395.061728  1049.382716  0.00003384804642832119
-3395.061728  1172.839506  0.00003347780853513228
-3395.061728  1296.296296  0.00003386920292826370
-3395.061728  1419.753086  0.00003357465157588775
-3395.061728  1543.209877  0.00003367373009411685
-3395.061728  1666.666667  0.00003382973960100926
-3395.061728  1790.123457  0.00003380098049398878
-3395.061728  1913.580247  0.00003349744829991232
-3395.061728  2037.037037  0.00003271947410381961
-3395.061728  2160.493827  0.00003271930912494746
-3395.061728  2283.950617  0.00003301971878476478
-3395.061728  2407.407407  0.00003472733647388988
-3395.061728  2530.864198  0.00003104649362675627
-3395.061728  2654.320988  0.00003179711214788826
-3395.061728  2777.777778  0.00003281596959213992
-3395.061728  2901.234568  0.00003289530541776426
-3395.061728  3024.691358  0.00003254117481201800
-3395.061728  3148.148148  0.00003209316729760512
-3395.061728  3271.604938  0.00003190368895162916
-3395.061728  3395.061728  0.00003209418522058877
-3395.061728  3518.518519  0.00003216245637207143
-3395.061728  3641.975309  0.00003222228582502539
-3395.061728  3765.432099  0.00003256303886467381
-3395.061728  3888.888889  0.00003242417042009396
-3395.061728  4012.345679  0.00003251332856063223
-3395.061728  4135.802469  0.00003222685198789939
-3395.061728  4259.259259  0.00003219918231306035
-3395.061728  4382.716049  0.00003137645144976754
-3395.061728  4506.172840  0.00003103189738884653
-3395.061728  4629.629630  0.00003333045768044136
-3395.061728  4753.086420  0.00003142763021566768
-3395.061728  4876.543210  0.00003375807067637180

-3271.604938 -5000.000000  0.00001189718105515662
-3271.604938 -4876.543210  0.00004010597556007863
-3271.604938 -4753.086420  0.00003784654194492285
-3271.604938 -4629.629630  0.00004025521292276431
-3271.604938 -4506.172840  0.00003738468461694873
-3271.604938 -4382.716049  0.00003757561002610197
-3271.604938 -4259.259259  0.00003847082427243439
-3271.604938 -4135.802469  0.00003858598441340932
-3271.604938 -4012.345679  0.00003901422221220745
-3271.604938 -3888.888889  0.00003890303248919072
-3271.604938 -3765.432099  0.00003916326645323846
-3271.604938 -3641.975309  0.00003874080587052674
-3271.604938 -3518.518519  0.00003870763863119480
-3271.604938 -3395.061728  0.00003858756561623613
-3271.604938 -3271.604938  0.00003821951930715194
-3271.604938 -3148.148148  0.00003839914452639720
-3271.604938 -3024.691358  0.00003902272979164903
-3271.604938 -2901.234568  0.00003960913264196565
-3271.604938 -2777.777778  0.00003950613878024753
-3271.604938 -2654.320988  0.00003813035089900847
-3271.604938 -2530.864198  0.00003733005327473369
-3271.604938 -2407.407407  0.00004142031370540906
-3271.604938 -2283.950617  0.00003943737922388582
-3271.604938 -2160.493827  0.00003888215127739238
-3271.604938 -2037.037037  0.00003895511927766397
-3271.604938 -1913.580247  0.00003994739244205281
-3271.604938 -1790.123457  0.00004040283632269635
-3271.604938 -1666.666667  0.00004042443055339327
-3271.604938 -1543.209877  0.00004021377952491929
-3271.604938 -1419.753086  0.00004016295517164793
-3271.604938 -1296.296296  0.00004055820115078551
-3271.604938 -1172.839506  0.00004011663770759771
-3271.604938 -1049.382716  0.00004060417912917501
-3271.604938  -925.925926  0.00004078291465709933
-3271.604938  -802.469136  0.00004126549360269211
-3271.604938  -679.012346  0.00004172720092669555
-3271.604938  -555.555556  0.00004208475471129774
-3271.604938  -432.098765  0.00004211487307739296
-3271.604938  -308.641975  0.00004195008472691968
-3271.604938  -185.185185  0.00004192729049587278
-3271.604938   -61.728395  0.00004251275897745516
-3271.604938    61.728395  0.00004251275897743765
-3271.604938   185.185185  0.00004192729049582367
-3271.604938   308.641975  0.00004195008472682845
-3271.604938   432.098765  0.00004211487307725711
-3271.604938   555.555556  0.00004208475471111715
-3271.604938   679.012346  0.00004172720092648209
-3271.604938   802.469136  0.00004126549360244597
-3271.604938   925.925926  0.00004078291465682412
-3271.604938  1049.382716  0.00004060417912886974
-3271.604938  1172.839506  0.00004011663770725466
-3271.604938  1296.296296  0.00004055820115040543
-3271.604938  1419.753086  0.00004016295517123113
-3271.604938  1543.209877  0.00004021377952446880
-3271.604938  1666.666667  0.00004042443055290031
-3271.604938  1790.123457  0.00004040283632216192
-3271.604938  1913.580247  0.00003994739244149505
-3271.604938  2037.037037  0.00003895511927710421
-3271.604938  2160.493827  0.00003888215127679685
-3271.604938  2283.950617  0.00003943737922323958
-3271.604938  2407.407407  0.00004142031370466491
-3271.604938  2530.864198  0.00003733005327412225
-3271.604938  2654.320988  0.00003813035089822012
-3271.604938  2777.777778  0.00003950613877940255
-3271.604938  2901.234568  0.00003960913264114563
-3271.604938  3024.691358  0.00003902272979085133
-3271.604938  3148.148148  0.00003839914452558559
-3271.604938  3271.604938  0.00003821951930627875
-3271.604938  3395.061728  0.00003858756561526766
-3271.604938  3518.518519  0.00003870763863015717
-3271.604938  3641.975309  0.00003874080586944146
-3271.604938  3765.432099  0.00003916326645213120
-3271.604938  3888.888889  0.00003890303248809275
-3271.604938  4012.345679  0.00003901422221113334
-3271.604938  4135.802469  0.00003858598441234755
-3271.604938  4259.259259  0.00003847082427133419
-3271.604938  4382.716049  0.00003757561002491456
-3271.604938  4506.172840  0.00003738468461563081
-3271.604938  4629.629630  0.00004025521292130880
-3271.604938  4753.086420  0.00003784654194346527
-3271.604938  4876.543210  0.00004010597555893225

-3148.148148 -5000.000000  0.00001349346501809818
-3148.148148 -4876.543210  0.00004666394097789505
-3148.148148 -4753.086420  0.00004434086804287927
-3148.148148 -4629.629630  0.00004705422708536780
-3148.148148 -4506.172840  0.00004374341766810534
-3148.148148 -4382.716049  0.00004392279983998549
-3148.148148 -4259.259259  0.00004489699641308823
-3148.148148 -4135.802469  0.00004499101152311890
-3148.148148 -4012.345679  0.00004550910147054783
-3148.148148 -3888.888889  0.00004545653650133006
-3148.148148 -3765.432099  0.00004576550367768285
-3148.148148 -3641.975309  0.00004532918190452914
-3148.148148 -3518.518519  0.00004526222354858551
-3148.148148 -3395.061728  0.00004509834389393433
-3148.148148 -3271.604938  0.00004467537384005717
-3148.148148 -3148.148148  0.00004486421519766077
-3148.148148 -3024.691358  0.00004555866847340184
-3148.148148 -2901.234568  0.00004624215153289879
-3148.148148 -2777.777778  0.00004621264290807136
-3148.148148 -2654.320988  0.00004471026241651602
-3148.148148 -2530.864198  0.00004350948442559745
-3148.148148 -2407.407407  0.00004778225175593902
-3148.148148 -2283.950617  0.00004551604302065043
-3148.148148 -2160.493827  0.00004493951508694004
-3148.148148 -2037.037037  0.00004504637460076897
-3148.148148 -1913.580247  0.00004617220545605440
-3148.148148 -1790.123457  0.00004670413582830235
-3148.148148 -1666.666667  0.00004677387869806775
-3148.148148 -1543.209877  0.00004658945801025565
-3148.148148 -1419.753086  0.00004657311251869387
-3148.148148 -1296.296296  0.00004705787474971435
-3148.148148 -1172.839506  0.00004663411089570561
-3148.148148 -1049.382716  0.00004729203040556239
-3148.148148  -925.925926  0.00004759416430342455
-3148.148148  -802.469136  0.00004828287439257410
-3148.148148  -679.012346  0.00004895357074571167
-3148.148148  -555.555556  0.00004951789432537794
-3148.148148  -432.098765  0.00004969987487604806
-3148.148148  -308.641975  0.00004962786641904932
-3148.148148  -185.185185  0.00004970192113866166
-3148.148148   -61.728395  0.00005042469664797902
-3148.148148    61.728395  0.00005042469664796266
-3148.148148   185.185185  0.00004970192113861341
-3148.148148   308.641975  0.00004962786641895883
-3148.148148   432.098765  0.00004969987487591345
-3148.148148   555.555556  0.00004951789432519860
-3148.148148   679.012346  0.00004895357074549945
-3148.148148   802.469136  0.00004828287439233039
-3148.148148   925.925926  0.00004759416430315227
-3148.148148  1049.382716  0.00004729203040526046
-3148.148148  1172.839506  0.00004663411089536736
-3148.148148  1296.296296  0.00004705787474934014
-3148.148148  1419.753086  0.00004657311251828299
-3148.148148  1543.209877  0.00004658945800981216
-3148.148148  1666.666667  0.00004677387869758221
-3148.148148  1790.123457  0.00004670413582777614
-3148.148148  1913.580247  0.00004617220545550614
-3148.148148  2037.037037  0.00004504637460021963
-3148.148148  2160.493827  0.00004493951508635524
-3148.148148  2283.950617  0.00004551604302001581
-3148.148148  2407.407407  0.00004778225175520793
-3148.148148  2530.864198  0.00004350948442500066
-3148.148148  2654.320988  0.00004471026241573996
-3148.148148  2777.777778  0.00004621264290724037
-3148.148148  2901.234568  0.00004624215153209551
-3148.148148  3024.691358  0.00004555866847262261
-3148.148148  3148.148148  0.00004486421519686919
-3148.148148  3271.604938  0.00004467537383920286
-3148.148148  3395.061728  0.00004509834389298435
-3148.148148  3518.518519  0.00004526222354756531
-3148.148148  3641.975309  0.00004532918190346234
-3148.148148  3765.432099  0.00004576550367659339
-3148.148148  3888.888889  0.00004545653650025446
-3148.148148  4012.345679  0.00004550910146949725
-3148.148148  4135.802469  0.00004499101152208326
-3148.148148  4259.259259  0.00004489699641201526
-3148.148148  4382.716049  0.00004392279983882237
-3148.148148  4506.172840  0.00004374341766680762
-3148.148148  4629.629630  0.00004705422708393326
-3148.148148  4753.086420  0.00004434086804144353
-3148.148148  4876.543210  0.00004666394097678685

-3024.691358 -5000.000000  0.00001470944471984226
-3024.691358 -4876.543210  0.00005317904704325048
-3024.691358 -4753.086420  0.00005067321233458945
-3024.691358 -4629.629630  0.00005340464101635328
-3024.691358 -4506.172840  0.00004984521919984256
-3024.691358 -4382.716049  0.00005017629536053641
-3024.691358 -4259.259259  0.00005122697473053634
-3024.691358 -4135.802469  0.00005118157681600536
-3024.691358 -4012.345679  0.00005170206255260490
-3024.691358 -3888.888889  0.00005182554706327264
-3024.691358 -3765.432099  0.00005197500101499877
-3024.691358 -3641.975309  0.00005173833004353136
-3024.691358 -3518.518519  0.00005152288489368763
-3024.691358 -3395.061728  0.00005135586873783756
-3024.691358 -3271.604938  0.00005100220590409390
-3024.691358 -3148.148148  0.00005123746976263669
-3024.691358 -3024.691358  0.00005186073264304781
-3024.691358 -2901.234568  0.00005248025551775286
-3024.691358 -2777.777778  0.00005264345852466841
-3024.691358 -2654.320988  0.00005130003704114612
-3024.691358 -2530.864198  0.00004923181612617649
-3024.691358 -2407.407407  0.00005352329730621541
-3024.691358 -2283.950617  0.00005090826426253005
-3024.691358 -2160.493827  0.00005065045182348030
-3024.691358 -2037.037037  0.00005070663111945682
-3024.691358 -1913.580247  0.00005188652236307296
-3024.691358 -1790.123457  0.00005238543841545178
-3024.691358 -1666.666667  0.00005257315348317746
-3024.691358 -1543.209877  0.00005252078284146802
-3024.691358 -1419.753086  0.00005248973089496293
-3024.691358 -1296.296296  0.00005308144112204569
-3024.691358 -1172.839506  0.00005278828727903724
-3024.691358 -1049.382716  0.00005362901533334185
-3024.691358  -925.925926  0.00005412666717661950
-3024.691358  -802.469136  0.00005507790140233991
-3024.691358  -679.012346  0.00005604338196689318
-3024.691358  -555.555556  0.00005692700417884121
-3024.691358  -432.098765  0.00005740172706275416
-3024.691358  -308.641975  0.00005757281711567877
-3024.691358  -185.185185  0.00005783037563421700
-3024.691358   -61.728395  0.00005871461168483032
-3024.691358    61.728395  0.00005871461168481227
-3024.691358   185.185185  0.00005783037563416782
-3024.691358   308.641975  0.00005757281711558648
-3024.691358   432.098765  0.00005740172706261656
-3024.691358   555.555556  0.00005692700417865998
-3024.691358   679.012346  0.00005604338196667745
-3024.691358   802.469136  0.00005507790140209190
-3024.691358   925.925926  0.00005412666717634344
-3024.691358  1049.382716  0.00005362901533303546
-3024.691358  1172.839506  0.00005278828727869358
-3024.691358  1296.296296  0.00005308144112166542
-3024.691358  1419.753086  0.00005248973089454714
-3024.691358  1543.209877  0.00005252078284101874
-3024.691358  1666.666667  0.00005257315348268649
-3024.691358  1790.123457  0.00005238543841491917
-3024.691358  1913.580247  0.00005188652236251901
-3024.691358  2037.037037  0.00005070663111890186
-3024.691358  2160.493827  0.00005065045182289001
-3024.691358  2283.950617  0.00005090826426188948
-3024.691358  2407.407407  0.00005352329730547808
-3024.691358  2530.864198  0.00004923181612557075
-3024.691358  2654.320988  0.00005130003704035694
-3024.691358  2777.777778  0.00005264345852382358
-3024.691358  2901.234568  0.00005248025551693597
-3024.691358  3024.691358  0.00005186073264225441
-3024.691358  3148.148148  0.00005123746976183088
-3024.691358  3271.604938  0.00005100220590322544
-3024.691358  3395.061728  0.00005135586873687229
-3024.691358  3518.518519  0.00005152288489265167
-3024.691358  3641.975309  0.00005173833004244740
-3024.691358  3765.432099  0.00005197500101389318
-3024.691358  3888.888889  0.00005182554706217904
-3024.691358  4012.345679  0.00005170206255153644
-3024.691358  4135.802469  0.00005118157681495123
-3024.691358  4259.259259  0.00005122697472944385
-3024.691358  4382.716049  0.00005017629535935256
-3024.691358  4506.172840  0.00004984521919852462
-3024.691358  4629.629630  0.00005340464101489659
-3024.691358  4753.086420  0.00005067321233313085
-3024.691358  4876.543210  0.00005317904704211838

-2901.234568 -5000.000000  0.00001569706567758194
-2901.234568 -4876.543210  0.00005853132645058157
-2901.234568 -4753.086420  0.00005590872615318565
-2901.234568 -4629.629630  0.00005864652217778674
-2901.234568 -4506.172840  0.00005488015266034918
-2901.234568 -4382.716049  0.00005532775682633617
-2901.234568 -4259.259259  0.00005643848879667417
-2901.234568 -4135.802469  0.00005628020634754891
-2901.234568 -4012.345679  0.00005680347463222600
-2901.234568 -3888.888889  0.00005707588709596460
-2901.234568 -3765.432099  0.00005711995124657200
-2901.234568 -3641.975309  0.00005701652346649134
-2901.234568 -3518.518519  0.00005667839678225297
-2901.234568 -3395.061728  0.00005650449167595337
-2901.234568 -3271.604938  0.00005620952955409283
-2901.234568 -3148.148148  0.00005648582153397458
-2901.234568 -3024.691358  0.00005705539608453759
-2901.234568 -2901.234568  0.00005761711654423483
-2901.234568 -2777.777778  0.00005795480410257692
-2901.234568 -2654.320988  0.00005674534524224472
-2901.234568 -2530.864198  0.00005397968687404169
-2901.234568 -2407.407407  0.00005878460994106604
-2901.234568 -2283.950617  0.00005581900119152465
-2901.234568 -2160.493827  0.00005587787094385724
-2901.234568 -2037.037037  0.00005587316984080936
-2901.234568 -1913.580247  0.00005713373895907178
-2901.234568 -1790.123457  0.00005760805671223029
-2901.234568 -1666.666667  0.00005791832733890136
-2901.234568 -1543.209877  0.00005800388607421128
-2901.234568 -1419.753086  0.00005798111252447975
-2901.234568 -1296.296296  0.00005872783793022580
-2901.234568 -1172.839506  0.00005859026676233493
-2901.234568 -1049.382716  0.00005968074322849011
-2901.234568  -925.925926  0.00006045823691683070
-2901.234568  -802.469136  0.00006179865741602058
-2901.234568  -679.012346  0.00006322565499259095
-2901.234568  -555.555556  0.00006463596944744003
-2901.234568  -432.098765  0.00006562130680487084
-2901.234568  -308.641975  0.00006622642753087661
-2901.234568  -185.185185  0.00006681522994991637
-2901.234568   -61.728395  0.00006798015334256642
-2901.234568    61.728395  0.00006798015334254867
-2901.234568   185.185185  0.00006681522994986589
-2901.234568   308.641975  0.00006622642753078047
-2901.234568   432.098765  0.00006562130680472716
-2901.234568   555.555556  0.00006463596944725004
-2901.234568   679.012346  0.00006322565499236643
-2901.234568   802.469136  0.00006179865741576235
-2901.234568   925.925926  0.00006045823691654308
-2901.234568  1049.382716  0.00005968074322817084
-2901.234568  1172.839506  0.00005859026676197727
-2901.234568  1296.296296  0.00005872783792983071
-2901.234568  1419.753086  0.00005798111252404770
-2901.234568  1543.209877  0.00005800388607374554
-2901.234568  1666.666667  0.00005791832733839255
-2901.234568  1790.123457  0.00005760805671167857
-2901.234568  1913.580247  0.00005713373895849874
-2901.234568  2037.037037  0.00005587316984023325
-2901.234568  2160.493827  0.00005587787094324590
-2901.234568  2283.950617  0.00005581900119086143
-2901.234568  2407.407407  0.00005878460994030495
-2901.234568  2530.864198  0.00005397968687340574
-2901.234568  2654.320988  0.00005674534524142562
-2901.234568  2777.777778  0.00005795480410169890
-2901.234568  2901.234568  0.00005761711654338144
-2901.234568  3024.691358  0.00005705539608370542
-2901.234568  3148.148148  0.00005648582153312818
-2901.234568  3271.604938  0.00005620952955318365
-2901.234568  3395.061728  0.00005650449167494736
-2901.234568  3518.518519  0.00005667839678117615
-2901.234568  3641.975309  0.00005701652346536408
-2901.234568  3765.432099  0.00005711995124542144
-2901.234568  3888.888889  0.00005707588709482210
-2901.234568  4012.345679  0.00005680347463110759
-2901.234568  4135.802469  0.00005628020634644231
-2901.234568  4259.259259  0.00005643848879552546
-2901.234568  4382.716049  0.00005532775682509860
-2901.234568  4506.172840  0.00005488015265898134
-2901.234568  4629.629630  0.00005864652217627674
-2901.234568  4753.086420  0.00005590872615167235
-2901.234568  4876.543210  0.00005853132644937620

-2777.777778 -5000.000000  0.00001710075851385104
-2777.777778 -4876.543210  0.00006232928264816054
-2777.777778 -4753.086420  0.00005989413778443599
-2777.777778 -4629.629630  0.00006318090804555417
-2777.777778 -4506.172840  0.00005889639849073347
-2777.777778 -4382.716049  0.00005909546302022740
-2777.777778 -4259.259259  0.00006024907579101918
-2777.777778 -4135.802469  0.00006025620210053386
-2777.777778 -4012.345679  0.00006094062595646052
-2777.777778 -3888.888889  0.00006110051261584740
-2777.777778 -3765.432099  0.00006141867658441886
-2777.777778 -3641.975309  0.00006106363754160306
-2777.777778 -3518.518519  0.00006084293558647256
-2777.777778 -3395.061728  0.00006060195649628255
-2777.777778 -3271.604938  0.00006008659011163396
-2777.777778 -3148.148148  0.00006032999187220133
-2777.777778 -3024.691358  0.00006114380164882079
-2777.777778 -2901.234568  0.00006200056250467713
-2777.777778 -2777.777778  0.00006223225038406804
-2777.777778 -2654.320988  0.00006055032059623160
-2777.777778 -2530.864198  0.00005816975988470710
-2777.777778 -2407.407407  0.00006371388218120732
-2777.777778 -2283.950617  0.00006061922823225788
-2777.777778 -2160.493827  0.00006025656084074062
-2777.777778 -2037.037037  0.00006038351875093469
-2777.777778 -1913.580247  0.00006190815518714078
-2777.777778 -1790.123457  0.00006261914064612472
-2777.777778 -1666.666667  0.00006292501695590400
-2777.777778 -1543.209877  0.00006296336456939927
-2777.777778 -1419.753086  0.00006312203199705161
-2777.777778 -1296.296296  0.00006408410258884412
-2777.777778 -1172.839506  0.00006400402844472777
-2777.777778 -1049.382716  0.00006544473316556257
-2777.777778  -925.925926  0.00006662840451906865
-2777.777778  -802.469136  0.00006857472937020582
-2777.777778  -679.012346  0.00007077694619817104
-2777.777778  -555.555556  0.00007306047022656702
-2777.777778  -432.098765  0.00007488048389887315
-2777.777778  -308.641975  0.00007618491788959262
-2777.777778  -185.185185  0.00007733865429782489
-2777.777778   -61.728395  0.00007909295803618937
-2777.777778    61.728395  0.00007909295803617071
-2777.777778   185.185185  0.00007733865429777312
-2777.777778   308.641975  0.00007618491788949254
-2777.777778   432.098765  0.00007488048389872208
-2777.777778   555.555556  0.00007306047022636657
-2777.777778   679.012346  0.00007077694619793449
-2777.777778   802.469136  0.00006857472936993397
-2777.777778   925.925926  0.00006662840451876678
-2777.777778  1049.382716  0.00006544473316522853
-2777.777778  1172.839506  0.00006400402844435408
-2777.777778  1296.296296  0.00006408410258843096
-2777.777778  1419.753086  0.00006312203199659954
-2777.777778  1543.209877  0.00006296336456891335
-2777.777778  1666.666667  0.00006292501695537359
-2777.777778  1790.123457  0.00006261914064555018
-2777.777778  1913.580247  0.00006190815518654413
-2777.777778  2037.037037  0.00006038351875033396
-2777.777778  2160.493827  0.00006025656084010321
-2777.777778  2283.950617  0.00006061922823156673
-2777.777778  2407.407407  0.00006371388218041608
-2777.777778  2530.864198  0.00005816975988404062
-2777.777778  2654.320988  0.00006055032059538961
-2777.777778  2777.777778  0.00006223225038316353
-2777.777778  2901.234568  0.00006200056250379275
-2777.777778  3024.691358  0.00006114380164795342
-2777.777778  3148.148148  0.00006032999187131972
-2777.777778  3271.604938  0.00006008659011069029
-2777.777778  3395.061728  0.00006060195649524306
-2777.777778  3518.518519  0.00006084293558536364
-2777.777778  3641.975309  0.00006106363754044316
-2777.777778  3765.432099  0.00006141867658323298
-2777.777778  3888.888889  0.00006110051261466475
-2777.777778  4012.345679  0.00006094062595529921
-2777.777778  4135.802469  0.00006025620209938104
-2777.777778  4259.259259  0.00006024907578982082
-2777.777778  4382.716049  0.00005909546301894499
-2777.777778  4506.172840  0.00005889639848932752
-2777.777778  4629.629630  0.00006318090804400425
-2777.777778  4753.086420  0.00005989413778288258
-2777.777778  4876.543210  0.00006232928264688515

-2654.320988 -5000.000000  0.00001862252661202723
-2654.320988 -4876.543210  0.00006465603716758013
-2654.320988 -4753.086420  0.00006246286385815936
-2654.320988 -4629.629630  0.00006655526679417860
-2654.320988 -4506.172840  0.00006167254149128806
-2654.320988 -4382.716049  0.00006147554855105709
-2654.320988 -4259.259259  0.00006266226738743961
-2654.320988 -4135.802469  0.00006295483185064858
-2654.320988 -4012.345679  0.00006384698661514475
-2654.320988 -3888.888889  0.00006374584703274662
-2654.320988 -3765.432099  0.00006447946108490934
-2654.320988 -3641.975309  0.00006373034734980730
-2654.320988 -3518.518519  0.00006375104761485025
-2654.320988 -3395.061728  0.00006343682364552705
-2654.320988 -3271.604938  0.00006260159233553149
-2654.320988 -3148.148148  0.00006277422199729173
-2654.320988 -3024.691358  0.00006392212131185411
-2654.320988 -2901.234568  0.00006516959410606240
-2654.320988 -2777.777778  0.00006515500491573203
-2654.320988 -2654.320988  0.00006283429259930714
-2654.320988 -2530.864198  0.00006161081323058482
-2654.320988 -2407.407407  0.00006848066054530816
-2654.320988 -2283.950617  0.00006547797968442298
-2654.320988 -2160.493827  0.00006439956600142667
-2654.320988 -2037.037037  0.00006472084689491358
-2654.320988 -1913.580247  0.00006657485147357688
-2654.320988 -1790.123457  0.00006761830694757085
-2654.320988 -1666.666667  0.00006786092895950710
-2654.320988 -1543.209877  0.00006778835845234918
-2654.320988 -1419.753086  0.00006823978609221303
-2654.320988 -1296.296296  0.00006946666875853770
-2654.320988 -1172.839506  0.00006945410161153855
-2654.320988 -1049.382716  0.00007134104217105863
-2654.320988  -925.925926  0.00007305758691739404
-2654.320988  -802.469136  0.00007582724334069982
-2654.320988  -679.012346  0.00007915431512405963
-2654.320988  -555.555556  0.00008277441769506349
-2654.320988  -432.098765  0.00008595749012963187
-2654.320988  -308.641975  0.00008847593374079868
-2654.320988  -185.185185  0.00009062071884892348
-2654.320988   -61.728395  0.00009326989113445052
-2654.320988    61.728395  0.00009326989113443514
-2654.320988   185.185185  0.00009062071884887703
-2654.320988   308.641975  0.00008847593374070273
-2654.320988   432.098765  0.00008595749012948214
-2654.320988   555.555556  0.00008277441769486214
-2654.320988   679.012346  0.00007915431512382265
-2654.320988   802.469136  0.00007582724334042670
-2654.320988   925.925926  0.00007305758691709196
-2654.320988  1049.382716  0.00007134104217072499
-2654.320988  1172.839506  0.00006945410161116576
-2654.320988  1296.296296  0.00006946666875812628
-2654.320988  1419.753086  0.00006823978609176249
-2654.320988  1543.209877  0.00006778835845186496
-2654.320988  1666.666667  0.00006786092895898061
-2654.320988  1790.123457  0.00006761830694700047
-2654.320988  1913.580247  0.00006657485147298500
-2654.320988  2037.037037  0.00006472084689431851
-2654.320988  2160.493827  0.00006439956600079463
-2654.320988  2283.950617  0.00006547797968373822
-2654.320988  2407.407407  0.00006848066054452225
-2654.320988  2530.864198  0.00006161081322993118
-2654.320988  2654.320988  0.00006283429259848816
-2654.320988  2777.777778  0.00006515500491485236
-2654.320988  2901.234568  0.00006516959410520118
-2654.320988  3024.691358  0.00006392212131100924
-2654.320988  3148.148148  0.00006277422199643323
-2654.320988  3271.604938  0.00006260159233461301
-2654.320988  3395.061728  0.00006343682364451549
-2654.320988  3518.518519  0.00006375104761377166
-2654.320988  3641.975309  0.00006373034734868011
-2654.320988  3765.432099  0.00006447946108375672
-2654.320988  3888.888889  0.00006374584703159560
-2654.320988  4012.345679  0.00006384698661401337
-2654.320988  4135.802469  0.00006295483184952567
-2654.320988  4259.259259  0.00006266226738627251
-2654.320988  4382.716049  0.00006147554854980826
-2654.320988  4506.172840  0.00006167254148992107
-2654.320988  4629.629630  0.00006655526679267042
-2654.320988  4753.086420  0.00006246286385664969
-2654.320988  4876.543210  0.00006465603716633567

-2530.864198 -5000.000000  0.00001881773307972811
-2530.864198 -4876.543210  0.00006946949335986065
-2530.864198 -4753.086420  0.00006615677718862563
-2530.864198 -4629.629630  0.00006959125780066388
-2530.864198 -4506.172840  0.00006516537566593043
-2530.864198 -4382.716049  0.00006575057706697514
-2530.864198 -4259.259259  0.00006706424174590820
-2530.864198 -4135.802469  0.00006680921558199092
-2530.864198 -4012.345679  0.00006733888932181036
-2530.864198 -3888.888889  0.00006758690952111847
-2530.864198 -3765.432099  0.00006768112419247520
-2530.864198 -3641.975309  0.00006759627936013757
-2530.864198 -3518.518519  0.00006730363976557723
-2530.864198 -3395.061728  0.00006719374861904281
-2530.864198 -3271.604938  0.00006690326729997353
-2530.864198 -3148.148148  0.00006716878026212582
-2530.864198 -3024.691358  0.00006767609499682309
-2530.864198 -2901.234568  0.00006815937490094224
-2530.864198 -2777.777778  0.00006854691005684477
-2530.864198 -2654.320988  0.00006761727310328323
-2530.864198 -2530.864198  0.00006575024918780146
-2530.864198 -2407.407407  0.00007349891767880227
-2530.864198 -2283.950617  0.00007083347239792948
-2530.864198 -2160.493827  0.00007095992715924995
-2530.864198 -2037.037037  0.00007099140751243367
-2530.864198 -1913.580247  0.00007252441160880491
-2530.864198 -1790.123457  0.00007318835567715304
-2530.864198 -1666.666667  0.00007369958684673013
-2530.864198 -1543.209877  0.00007410038128926891
-2530.864198 -1419.753086  0.00007463139352603568
-2530.864198 -1296.296296  0.00007605448356679030
-2530.864198 -1172.839506  0.00007667743969748126
-2530.864198 -1049.382716  0.00007896954101163242
-2530.864198  -925.925926  0.00008136679615405403
-2530.864198  -802.469136  0.00008501780962673801
-2530.864198  -679.012346  0.00008964017597936938
-2530.864198  -555.555556  0.00009510720893936079
-2530.864198  -432.098765  0.00010061307106634483
-2530.864198  -308.641975  0.00010551173438750303
-2530.864198  -185.185185  0.00010948211372413030
-2530.864198   -61.728395  0.00011284146145670352
-2530.864198    61.728395  0.00011284146145669782
-2530.864198   185.185185  0.00010948211372410199
-2530.864198   308.641975  0.00010551173438742876
-2530.864198   432.098765  0.00010061307106621729
-2530.864198   555.555556  0.00009510720893918324
-2530.864198   679.012346  0.00008964017597915830
-2530.864198   802.469136  0.00008501780962649153
-2530.864198   925.925926  0.00008136679615378077
-2530.864198  1049.382716  0.00007896954101133118
-2530.864198  1172.839506  0.00007667743969714341
-2530.864198  1296.296296  0.00007605448356641804
-2530.864198  1419.753086  0.00007463139352562910
-2530.864198  1543.209877  0.00007410038128883296
-2530.864198  1666.666667  0.00007369958684625528
-2530.864198  1790.123457  0.00007318835567664018
-2530.864198  1913.580247  0.00007252441160827337
-2530.864198  2037.037037  0.00007099140751190269
-2530.864198  2160.493827  0.00007095992715868416
-2530.864198  2283.950617  0.00007083347239731777
-2530.864198  2407.407407  0.00007349891767809665
-2530.864198  2530.864198  0.00006575024918722784
-2530.864198  2654.320988  0.00006761727310252971
-2530.864198  2777.777778  0.00006854691005604050
-2530.864198  2901.234568  0.00006815937490016813
-2530.864198  3024.691358  0.00006767609499607044
-2530.864198  3148.148148  0.00006716878026136164
-2530.864198  3271.604938  0.00006690326729914932
-2530.864198  3395.061728  0.00006719374861812671
-2530.864198  3518.518519  0.00006730363976459349
-2530.864198  3641.975309  0.00006759627935910625
-2530.864198  3765.432099  0.00006768112419142344
-2530.864198  3888.888889  0.00006758690952007926
-2530.864198  4012.345679  0.00006733888932079624
-2530.864198  4135.802469  0.00006680921558099055
-2530.864198  4259.259259  0.00006706424174487013
-2530.864198  4382.716049  0.00006575057706584921
-2530.864198  4506.172840  0.00006516537566467495
-2530.864198  4629.629630  0.00006959125779927633
-2530.864198  4753.086420  0.00006615677718723503
-2530.864198  4876.543210  0.00006946949335878847

-2407.407407 -5000.000000  0.00002069746960988029
-2407.407407 -4876.543210  0.00008117833088541752
-2407.407407 -4753.086420  0.00007568846691456070
-2407.407407 -4629.629630  0.00007883641699700636
-2407.407407 -4506.172840  0.00007450526963470898
-2407.407407 -4382.716049  0.00007620888231438824
-2407.407407 -4259.259259  0.00007789069983562310
-2407.407407 -4135.802469  0.00007697384434390188
-2407.407407 -4012.345679  0.00007708427219752100
-2407.407407 -3888.888889  0.00007761097988885673
-2407.407407 -3765.432099  0.00007714741813849116
-2407.407407 -3641.975309  0.00007751647587733879
-2407.407407 -3518.518519  0.00007726040825712787
-2407.407407 -3395.061728  0.00007747214088532599
-2407.407407 -3271.604938  0.00007751460803983764
-2407.407407 -3148.148148  0.00007775970856080012
-2407.407407 -3024.691358  0.00007781675073736847
-2407.407407 -2901.234568  0.00007791446362353529
-2407.407407 -2777.777778  0.00007815666972257600
-2407.407407 -2654.320988  0.00007816761191774293
-2407.407407 -2530.864198  0.00007728319639509341
-2407.407407 -2407.407407  0.00007609937223595361
-2407.407407 -2283.950617  0.00007560508342680810
-2407.407407 -2160.493827  0.00007603332805324648
-2407.407407 -2037.037037  0.00007640362518155905
-2407.407407 -1913.580247  0.00007693782980753787
-2407.407407 -1790.123457  0.00007746624815406458
-2407.407407 -1666.666667  0.00007818160985099826
-2407.407407 -1543.209877  0.00007904562820867453
-2407.407407 -1419.753086  0.00008000707840945637
-2407.407407 -1296.296296  0.00008129680855265166
-2407.407407 -1172.839506  0.00008326344429532239
-2407.407407 -1049.382716  0.00008570956273855202
-2407.407407  -925.925926  0.00008910008968809851
-2407.407407  -802.469136  0.00009367717915025468
-2407.407407  -679.012346  0.00009981828770030904
-2407.407407  -555.555556  0.00010753723050618116
-2407.407407  -432.098765  0.00011627702394326076
-2407.407407  -308.641975  0.00012478809966459515
-2407.407407  -185.185185  0.00013153770936372456
-2407.407407   -61.728395  0.00013543673386289920
-2407.407407    61.728395  0.00013543673386289827
-2407.407407   185.185185  0.00013153770936371093
-2407.407407   308.641975  0.00012478809966452986
-2407.407407   432.098765  0.00011627702394313317
-2407.407407   555.555556  0.00010753723050599368
-2407.407407   679.012346  0.00009981828770008065
-2407.407407   802.469136  0.00009367717914998366
-2407.407407   925.925926  0.00008910008968779412
-2407.407407  1049.382716  0.00008570956273821424
-2407.407407  1172.839506  0.00008326344429494295
-2407.407407  1296.296296  0.00008129680855223607
-2407.407407  1419.753086  0.00008000707840900381
-2407.407407  1543.209877  0.00007904562820818565
-2407.407407  1666.666667  0.00007818160985047181
-2407.407407  1790.123457  0.00007746624815349887
-2407.407407  1913.580247  0.00007693782980694695
-2407.407407  2037.037037  0.00007640362518096244
-2407.407407  2160.493827  0.00007603332805261002
-2407.407407  2283.950617  0.00007560508342612822
-2407.407407  2407.407407  0.00007609937223517503
-2407.407407  2530.864198  0.00007728319639443522
-2407.407407  2654.320988  0.00007816761191689488
-2407.407407  2777.777778  0.00007815666972167527
-2407.407407  2901.234568  0.00007791446362266084
-2407.407407  3024.691358  0.00007781675073650901
-2407.407407  3148.148148  0.00007775970855992276
-2407.407407  3271.604938  0.00007751460803889731
-2407.407407  3395.061728  0.00007747214088429282
-2407.407407  3518.518519  0.00007726040825602437
-2407.407407  3641.975309  0.00007751647587617939
-2407.407407  3765.432099  0.00007714741813731501
-2407.407407  3888.888889  0.00007761097988768237
-2407.407407  4012.345679  0.00007708427219636923
-2407.407407  4135.802469  0.00007697384434275672
-2407.407407  4259.259259  0.00007789069983443071
-2407.407407  4382.716049  0.00007620888231310809
-2407.407407  4506.172840  0.00007450526963330763
-2407.407407  4629.629630  0.00007883641699546376
-2407.407407  4753.086420  0.00007568846691300877
-2407.407407  4876.543210  0.00008117833088415516

-2283.950617 -5000.000000  0.00002100969442615936
-2283.950617 -4876.543210  0.00008179310724642980
-2283.950617 -4753.086420  0.00007600456936139265
-2283.950617 -4629.629630  0.00007917751642736344
-2283.950617 -4506.172840  0.00007489399011242978
-2283.950617 -4382.716049  0.00007670814075359292
-2283.950617 -4259.259259  0.00007843018183152512
-2283.950617 -4135.802469  0.00007745065021186803
-2283.950617 -4012.345679  0.00007748793949501234
-2283.950617 -3888.888889  0.00007799897754054053
-2283.950617 -3765.432099  0.00007748048255670823
-2283.950617 -3641.975309  0.00007787378714600573
-2283.950617 -3518.518519  0.00007764211891605396
-2283.950617 -3395.061728  0.00007790842692425700
-2283.950617 -3271.604938  0.00007802420054670415
-2283.950617 -3148.148148  0.00007827912296104343
-2283.950617 -3024.691358  0.00007823888369903515
-2283.950617 -2901.234568  0.00007816536753122038
-2283.950617 -2777.777778  0.00007842206299079066
-2283.950617 -2654.320988  0.00007871025971441653
-2283.950617 -2530.864198  0.00007854397537422602
-2283.950617 -2407.407407  0.00007976600151965377
-2283.950617 -2283.950617  0.00007953228923371236
-2283.950617 -2160.493827  0.00008034651974622188
-2283.950617 -2037.037037  0.00008060085902155874
-2283.950617 -1913.580247  0.00008113726054016494
-2283.950617 -1790.123457  0.00008159888171731223
-2283.950617 -1666.666667  0.00008244045181557552
-2283.950617 -1543.209877  0.00008353103380183753
-2283.950617 -1419.753086  0.00008469196994995539
-2283.950617 -1296.296296  0.00008631982503461303
-2283.950617 -1172.839506  0.00008854553677550482
-2283.950617 -1049.382716  0.00009159102221905667
-2283.950617  -925.925926  0.00009577617750047615
-2283.950617  -802.469136  0.00010155577343494298
-2283.950617  -679.012346  0.00010950058463492338
-2283.950617  -555.555556  0.00011981634840133998
-2283.950617  -432.098765  0.00013184418949894241
-2283.950617  -308.641975  0.00014386631015102954
-2283.950617  -185.185185  0.00015355684802834165
-2283.950617   -61.728395  0.00015895229676088582
-2283.950617    61.728395  0.00015895229676089916
-2283.950617   185.185185  0.00015355684802835859
-2283.950617   308.641975  0.00014386631015099821
-2283.950617   432.098765  0.00013184418949884345
-2283.950617   555.555556  0.00011981634840117612
-2283.950617   679.012346  0.00010950058463471510
-2283.950617   802.469136  0.00010155577343468782
-2283.950617   925.925926  0.00009577617750018650
-2283.950617  1049.382716  0.00009159102221873396
-2283.950617  1172.839506  0.00008854553677514050
-2283.950617  1296.296296  0.00008631982503421405
-2283.950617  1419.753086  0.00008469196994952038
-2283.950617  1543.209877  0.00008353103380136830
-2283.950617  1666.666667  0.00008244045181506923
-2283.950617  1790.123457  0.00008159888171676842
-2283.950617  1913.580247  0.00008113726053959952
-2283.950617  2037.037037  0.00008060085902098830
-2283.950617  2160.493827  0.00008034651974561316
-2283.950617  2283.950617  0.00007953228923306196
-2283.950617  2407.407407  0.00007976600151890688
-2283.950617  2530.864198  0.00007854397537360172
-2283.950617  2654.320988  0.00007871025971360743
-2283.950617  2777.777778  0.00007842206298993109
-2283.950617  2901.234568  0.00007816536753038675
-2283.950617  3024.691358  0.00007823888369821738
-2283.950617  3148.148148  0.00007827912296020978
-2283.950617  3271.604938  0.00007802420054581046
-2283.950617  3395.061728  0.00007790842692327394
-2283.950617  3518.518519  0.00007764211891500238
-2283.950617  3641.975309  0.00007787378714490079
-2283.950617  3765.432099  0.00007748048255558609
-2283.950617  3888.888889  0.00007799897753942138
-2283.950617  4012.345679  0.00007748793949391573
-2283.950617  4135.802469  0.00007745065021077915
-2283.950617  4259.259259  0.00007843018183039103
-2283.950617  4382.716049  0.00007670814075237551
-2283.950617  4506.172840  0.00007489399011109252
-2283.950617  4629.629630  0.00007917751642589007
-2283.950617  4753.086420  0.00007600456935991117
-2283.950617  4876.543210  0.00008179310724523578

-2160.493827 -5000.000000  0.00002265112061628219
-2160.493827 -4876.543210  0.00008501291545848837
-2160.493827 -4753.086420  0.00007936569542399433
-2160.493827 -4629.629630  0.00008334747447570043
-2160.493827 -4506.172840  0.00007842487395727416
-2160.493827 -4382.716049  0.00007988920802476632
-2160.493827 -4259.259259  0.00008167154836016095
-2160.493827 -4135.802469  0.00008095916606985785
-2160.493827 -4012.345679  0.00008119990759656311
-2160.493827 -3888.888889  0.00008146232213337850
-2160.493827 -3765.432099  0.00008136476569549063
-2160.493827 -3641.975309  0.00008136791471664821
-2160.493827 -3518.518519  0.00008136695949167732
-2160.493827 -3395.061728  0.00008156836209981910
-2160.493827 -3271.604938  0.00008137174538643910
-2160.493827 -3148.148148  0.00008155282202359480
-2160.493827 -3024.691358  0.00008184935118103620
-2160.493827 -2901.234568  0.00008220790255881513
-2160.493827 -2777.777778  0.00008220551068604806
-2160.493827 -2654.320988  0.00008182307551404016
-2160.493827 -2530.864198  0.00008255437538431425
-2160.493827 -2407.407407  0.00008394322332384584
-2160.493827 -2283.950617  0.00008405423247120973
-2160.493827 -2160.493827  0.00008396987790261594
-2160.493827 -2037.037037  0.00008451453590428778
-2160.493827 -1913.580247  0.00008535516871355341
-2160.493827 -1790.123457  0.00008622715977728929
-2160.493827 -1666.666667  0.00008700414470571381
-2160.493827 -1543.209877  0.00008799561362981128
-2160.493827 -1419.753086  0.00008957866366470120
-2160.493827 -1296.296296  0.00009153221313905326
-2160.493827 -1172.839506  0.00009393409303757237
-2160.493827 -1049.382716  0.00009761205714443431
-2160.493827  -925.925926  0.00010269932865609488
-2160.493827  -802.469136  0.00010982535071370929
-2160.493827  -679.012346  0.00011977478820840615
-2160.493827  -555.555556  0.00013281616216024046
-2160.493827  -432.098765  0.00014817461627864635
-2160.493827  -308.641975  0.00016370014640763048
-2160.493827  -185.185185  0.00017641151761501857
-2160.493827   -61.728395  0.00018376347554971908
-2160.493827    61.728395  0.00018376347554974510
-2160.493827   185.185185  0.00017641151761506460
-2160.493827   308.641975  0.00016370014640763043
-2160.493827   432.098765  0.00014817461627857518
-2160.493827   555.555556  0.00013281616216009485
-2160.493827   679.012346  0.00011977478820820799
-2160.493827   802.469136  0.00010982535071345956
-2160.493827   925.925926  0.00010269932865580824
-2160.493827  1049.382716  0.00009761205714411235
-2160.493827  1172.839506  0.00009393409303720730
-2160.493827  1296.296296  0.00009153221313865431
-2160.493827  1419.753086  0.00008957866366426474
-2160.493827  1543.209877  0.00008799561362934249
-2160.493827  1666.666667  0.00008700414470520902
-2160.493827  1790.123457  0.00008622715977674670
-2160.493827  1913.580247  0.00008535516871298955
-2160.493827  2037.037037  0.00008451453590372069
-2160.493827  2160.493827  0.00008396987790200983
-2160.493827  2283.950617  0.00008405423247056097
-2160.493827  2407.407407  0.00008394322332310100
-2160.493827  2530.864198  0.00008255437538369987
-2160.493827  2654.320988  0.00008182307551324731
-2160.493827  2777.777778  0.00008220551068520509
-2160.493827  2901.234568  0.00008220790255799760
-2160.493827  3024.691358  0.00008184935118023449
-2160.493827  3148.148148  0.00008155282202277695
-2160.493827  3271.604938  0.00008137174538556422
-2160.493827  3395.061728  0.00008156836209885444
-2160.493827  3518.518519  0.00008136695949064595
-2160.493827  3641.975309  0.00008136791471556444
-2160.493827  3765.432099  0.00008136476569439133
-2160.493827  3888.888889  0.00008146232213228401
-2160.493827  4012.345679  0.00008119990759548955
-2160.493827  4135.802469  0.00008095916606879237
-2160.493827  4259.259259  0.00008167154835905231
-2160.493827  4382.716049  0.00007988920802357380
-2160.493827  4506.172840  0.00007842487395596246
-2160.493827  4629.629630  0.00008334747447425505
-2160.493827  4753.086420  0.00007936569542254215
-2160.493827  4876.543210  0.00008501291545732039

-2037.037037 -5000.000000  0.00002337616296312462
-2037.037037 -4876.543210  0.00008878325730810341
-2037.037037 -4753.086420  0.00008297301011995791
-2037.037037 -4629.629630  0.00008695915201246803
-2037.037037 -4506.172840  0.00008191259040825574
-2037.037037 -4382.716049  0.00008348894028529866
-2037.037037 -4259.259259  0.00008532089210172772
-2037.037037 -4135.802469  0.00008451236667077886
-2037.037037 -4012.345679  0.00008473800878354831
-2037.037037 -3888.888889  0.00008510104743681196
-2037.037037 -3765.432099  0.00008490812471008438
-2037.037037 -3641.975309  0.00008502193863458912
-2037.037037 -3518.518519  0.00008494738349062959
-2037.037037 -3395.061728  0.00008516251465111083
-2037.037037 -3271.604938  0.00008502649738404034
-2037.037037 -3148.148148  0.00008523872467214987
-2037.037037 -3024.691358  0.00008547798450103494
-2037.037037 -2901.234568  0.00008576925567063923
-2037.037037 -2777.777778  0.00008588903838098287
-2037.037037 -2654.320988  0.00008567365299253627
-2037.037037 -2530.864198  0.00008609356726788692
-2037.037037 -2407.407407  0.00008788382693685383
-2037.037037 -2283.950617  0.00008784035805704334
-2037.037037 -2160.493827  0.00008804151287365216
-2037.037037 -2037.037037  0.00008856968959943376
-2037.037037 -1913.580247  0.00008947811239261401
-2037.037037 -1790.123457  0.00009036762241382798
-2037.037037 -1666.666667  0.00009130682517120144
-2037.037037 -1543.209877  0.00009250810686660454
-2037.037037 -1419.753086  0.00009424706320217310
-2037.037037 -1296.296296  0.00009649648534700840
-2037.037037 -1172.839506  0.00009951042172212058
-2037.037037 -1049.382716  0.00010378233202696281
-2037.037037  -925.925926  0.00010972745235565353
-2037.037037  -802.469136  0.00011809339597770250
-2037.037037  -679.012346  0.00012987532926772246
-2037.037037  -555.555556  0.00014546872240887358
-2037.037037  -432.098765  0.00016403611063930569
-2037.037037  -308.641975  0.00018301612927320855
-2037.037037  -185.185185  0.00019869963229042115
-2037.037037   -61.728395  0.00020775581321255419
-2037.037037    61.728395  0.00020775581321259357
-2037.037037   185.185185  0.00019869963229049493
-2037.037037   308.641975  0.00018301612927323977
-2037.037037   432.098765  0.00016403611063926066
-2037.037037   555.555556  0.00014546872240874591
-2037.037037   679.012346  0.00012987532926753517
-2037.037037   802.469136  0.00011809339597745799
-2037.037037   925.925926  0.00010972745235537023
-2037.037037  1049.382716  0.00010378233202664297
-2037.037037  1172.839506  0.00009951042172175695
-2037.037037  1296.296296  0.00009649648534660928
-2037.037037  1419.753086  0.00009424706320173698
-2037.037037  1543.209877  0.00009250810686613626
-2037.037037  1666.666667  0.00009130682517069871
-2037.037037  1790.123457  0.00009036762241328847
-2037.037037  1913.580247  0.00008947811239205318
-2037.037037  2037.037037  0.00008856968959886801
-2037.037037  2160.493827  0.00008804151287304741
-2037.037037  2283.950617  0.00008784035805639707
-2037.037037  2407.407407  0.00008788382693611127
-2037.037037  2530.864198  0.00008609356726727390
-2037.037037  2654.320988  0.00008567365299174467
-2037.037037  2777.777778  0.00008588903838014145
-2037.037037  2901.234568  0.00008576925566982282
-2037.037037  3024.691358  0.00008547798450023479
-2037.037037  3148.148148  0.00008523872467133458
-2037.037037  3271.604938  0.00008502649738316705
-2037.037037  3395.061728  0.00008516251465014776
-2037.037037  3518.518519  0.00008494738348959949
-2037.037037  3641.975309  0.00008502193863350620
-2037.037037  3765.432099  0.00008490812470898593
-2037.037037  3888.888889  0.00008510104743571903
-2037.037037  4012.345679  0.00008473800878247804
-2037.037037  4135.802469  0.00008451236666971653
-2037.037037  4259.259259  0.00008532089210062135
-2037.037037  4382.716049  0.00008348894028410772
-2037.037037  4506.172840  0.00008191259040694576
-2037.037037  4629.629630  0.00008695915201102464
-2037.037037  4753.086420  0.00008297301011850753
-2037.037037  4876.543210  0.00008878325730693853

-1913.580247 -5000.000000  0.00002426046128088953
-1913.580247 -4876.543210  0.00009383008283950781
-1913.580247 -4753.086420  0.00008772437850811662
-1913.580247 -4629.629630  0.00009168005929199989
-1913.580247 -4506.172840  0.00008649380846930966
-1913.580247 -4382.716049  0.00008826521219246230
-1913.580247 -4259.259259  0.00009017409615563163
-1913.580247 -4135.802469  0.00008921557596890024
-1913.580247 -4012.345679  0.00008940707495299076
-1913.580247 -3888.888889  0.00008991179419856000
-1913.580247 -3765.432099  0.00008957922178954619
-1913.580247 -3641.975309  0.00008985264423340236
-1913.580247 -3518.518519  0.00008969632699545158
-1913.580247 -3395.061728  0.00008994069206713253
-1913.580247 -3271.604938  0.00008988028763537748
-1913.580247 -3148.148148  0.00009012434279305012
-1913.580247 -3024.691358  0.00009028982577303855
-1913.580247 -2901.234568  0.00009051813182809015
-1913.580247 -2777.777778  0.00009075610482045048
-1913.580247 -2654.320988  0.00009073383228956427
-1913.580247 -2530.864198  0.00009073626673166194
-1913.580247 -2407.407407  0.00009155681620082576
-1913.580247 -2283.950617  0.00009145190876645708
-1913.580247 -2160.493827  0.00009192550220945424
-1913.580247 -2037.037037  0.00009249367952840933
-1913.580247 -1913.580247  0.00009338466119455810
-1913.580247 -1790.123457  0.00009429574278545791
-1913.580247 -1666.666667  0.00009541144625580269
-1913.580247 -1543.209877  0.00009684229311738153
-1913.580247 -1419.753086  0.00009873107571506624
-1913.580247 -1296.296296  0.00010121857853105891
-1913.580247 -1172.839506  0.00010476014049736615
-1913.580247 -1049.382716  0.00010956373430783735
-1913.580247  -925.925926  0.00011631492113556146
-1913.580247  -802.469136  0.00012580276960761893
-1913.580247  -679.012346  0.00013921317691040515
-1913.580247  -555.555556  0.00015706743207448420
-1913.580247  -432.098765  0.00017850116896190259
-1913.580247  -308.641975  0.00020058904182298454
-1913.580247  -185.185185  0.00021894064734728546
-1913.580247   -61.728395  0.00022946076490169996
-1913.580247    61.728395  0.00022946076490174718
-1913.580247   185.185185  0.00021894064734738196
-1913.580247   308.641975  0.00020058904182303894
-1913.580247   432.098765  0.00017850116896187486
-1913.580247   555.555556  0.00015706743207436939
-1913.580247   679.012346  0.00013921317691022365
-1913.580247   802.469136  0.00012580276960737723
-1913.580247   925.925926  0.00011631492113527575
-1913.580247  1049.382716  0.00010956373430751190
-1913.580247  1172.839506  0.00010476014049699527
-1913.580247  1296.296296  0.00010121857853065252
-1913.580247  1419.753086  0.00009873107571462232
-1913.580247  1543.209877  0.00009684229311690432
-1913.580247  1666.666667  0.00009541144625528900
-1913.580247  1790.123457  0.00009429574278490751
-1913.580247  1913.580247  0.00009338466119398529
-1913.580247  2037.037037  0.00009249367952783100
-1913.580247  2160.493827  0.00009192550220883756
-1913.580247  2283.950617  0.00009145190876579950
-1913.580247  2407.407407  0.00009155681620007079
-1913.580247  2530.864198  0.00009073626673103436
-1913.580247  2654.320988  0.00009073383228875354
-1913.580247  2777.777778  0.00009075610481958909
-1913.580247  2901.234568  0.00009051813182725465
-1913.580247  3024.691358  0.00009028982577221756
-1913.580247  3148.148148  0.00009012434279221355
-1913.580247  3271.604938  0.00008988028763448177
-1913.580247  3395.061728  0.00008994069206614615
-1913.580247  3518.518519  0.00008969632699439799
-1913.580247  3641.975309  0.00008985264423229461
-1913.580247  3765.432099  0.00008957922178842151
-1913.580247  3888.888889  0.00008991179419743926
-1913.580247  4012.345679  0.00008940707495189173
-1913.580247  4135.802469  0.00008921557596780934
-1913.580247  4259.259259  0.00009017409615449460
-1913.580247  4382.716049  0.00008826521219124257
-1913.580247  4506.172840  0.00008649380846797098
-1913.580247  4629.629630  0.00009168005929052516
-1913.580247  4753.086420  0.00008772437850663293
-1913.580247  4876.543210  0.00009383008283830849

-1790.123457 -5000.000000  0.00002489595412021484
-1790.123457 -4876.543210  0.00009771262756383395
-1790.123457 -4753.086420  0.00009137861142895371
-1790.123457 -4629.629630  0.00009525635863189955
-1790.123457 -4506.172840  0.00009000003285624826
-1790.123457 -4382.716049  0.00009194396928657168
-1790.123457 -4259.259259  0.00009390694194937125
-1790.123457 -4135.802469  0.00009281001911746124
-1790.123457 -4012.345679  0.00009296058639142083
-1790.123457 -3888.888889  0.00009359976929056355
-1790.123457 -3765.432099  0.00009311975782620018
-1790.123457 -3641.975309  0.00009356036849255343
-1790.123457 -3518.518519  0.00009330727102481241
-1790.123457 -3395.061728  0.00009357834925523919
-1790.123457 -3271.604938  0.00009361395036585169
-1790.123457 -3148.148148  0.00009389640033052295
-1790.123457 -3024.691358  0.00009396674007316348
-1790.123457 -2901.234568  0.00009408847573837904
-1790.123457 -2777.777778  0.00009447062971564804
-1790.123457 -2654.320988  0.00009469117603068157
-1790.123457 -2530.864198  0.00009427330014346136
-1790.123457 -2407.407407  0.00009499627332135942
-1790.123457 -2283.950617  0.00009475467656406015
-1790.123457 -2160.493827  0.00009559436676516421
-1790.123457 -2037.037037  0.00009614204179936990
-1790.123457 -1913.580247  0.00009704282522553391
-1790.123457 -1790.123457  0.00009794008954317179
-1790.123457 -1666.666667  0.00009923277772085174
-1790.123457 -1543.209877  0.00010089505603968967
-1790.123457 -1419.753086  0.00010289136328907673
-1790.123457 -1296.296296  0.00010563403069577983
-1790.123457 -1172.839506  0.00010939983342010586
-1790.123457 -1049.382716  0.00011471500143778785
-1790.123457  -925.925926  0.00012213851398826082
-1790.123457  -802.469136  0.00013260266111101186
-1790.123457  -679.012346  0.00014738695381604213
-1790.123457  -555.555556  0.00016715888186115689
-1790.123457  -432.098765  0.00019099434261229416
-1790.123457  -308.641975  0.00021567434772675425
-1790.123457  -185.185185  0.00023625913580807770
-1790.123457   -61.728395  0.00024802246685361456
-1790.123457    61.728395  0.00024802246685366757
-1790.123457   185.185185  0.00023625913580819087
-1790.123457   308.641975  0.00021567434772682841
-1790.123457   432.098765  0.00019099434261228484
-1790.123457   555.555556  0.00016715888186105457
-1790.123457   679.012346  0.00014738695381586922
-1790.123457   802.469136  0.00013260266111077366
-1790.123457   925.925926  0.00012213851398797703
-1790.123457  1049.382716  0.00011471500143746323
-1790.123457  1172.839506  0.00010939983341973423
-1790.123457  1296.296296  0.00010563403069537189
-1790.123457  1419.753086  0.00010289136328863100
-1790.123457  1543.209877  0.00010089505603920992
-1790.123457  1666.666667  0.00009923277772033647
-1790.123457  1790.123457  0.00009794008954261916
-1790.123457  1913.580247  0.00009704282522496136
-1790.123457  2037.037037  0.00009614204179879156
-1790.123457  2160.493827  0.00009559436676454841
-1790.123457  2283.950617  0.00009475467656340263
-1790.123457  2407.407407  0.00009499627332060422
-1790.123457  2530.864198  0.00009427330014282887
-1790.123457  2654.320988  0.00009469117602986581
-1790.123457  2777.777778  0.00009447062971478086
-1790.123457  2901.234568  0.00009408847573753782
-1790.123457  3024.691358  0.00009396674007233778
-1790.123457  3148.148148  0.00009389640032968127
-1790.123457  3271.604938  0.00009361395036495108
-1790.123457  3395.061728  0.00009357834925424748
-1790.123457  3518.518519  0.00009330727102375339
-1790.123457  3641.975309  0.00009356036849143979
-1790.123457  3765.432099  0.00009311975782506801
-1790.123457  3888.888889  0.00009359976928943624
-1790.123457  4012.345679  0.00009296058639031485
-1790.123457  4135.802469  0.00009281001911636335
-1790.123457  4259.259259  0.00009390694194822654
-1790.123457  4382.716049  0.00009194396928534425
-1790.123457  4506.172840  0.00009000003285490130
-1790.123457  4629.629630  0.00009525635863041536
-1790.123457  4753.086420  0.00009137861142746021
-1790.123457  4876.543210  0.00009771262756262509

-1666.666667 -5000.000000  0.00002579328195113932
-1666.666667 -4876.543210  0.00010074577263163402
-1666.666667 -4753.086420  0.00009437033138821339
-1666.666667 -4629.629630  0.00009850027782957914
-1666.666667 -4506.172840  0.00009297708046015048
-1666.666667 -4382.716049  0.00009487139117251341
-1666.666667 -4259.259259  0.00009687936279994808
-1666.666667 -4135.802469  0.00009581424397820972
-1666.666667 -4012.345679  0.00009602163032444941
-1666.666667 -3888.888889  0.00009663874855873571
-1666.666667 -3765.432099  0.00009623922796236407
-1666.666667 -3641.975309  0.00009662330276235807
-1666.666667 -3518.518519  0.00009640102274993677
-1666.666667 -3395.061728  0.00009665944932430907
-1666.666667 -3271.604938  0.00009663079386850395
-1666.666667 -3148.148148  0.00009690803139240765
-1666.666667 -3024.691358  0.00009705493205458576
-1666.666667 -2901.234568  0.00009728141267547632
-1666.666667 -2777.777778  0.00009765056831058639
-1666.666667 -2654.320988  0.00009774920939712353
-1666.666667 -2530.864198  0.00009741370812097093
-1666.666667 -2407.407407  0.00009825741443834357
-1666.666667 -2283.950617  0.00009804392109059794
-1666.666667 -2160.493827  0.00009874935824085634
-1666.666667 -2037.037037  0.00009939199257702636
-1666.666667 -1913.580247  0.00010042622307896917
-1666.666667 -1790.123457  0.00010147132614051819
-1666.666667 -1666.666667  0.00010283410435888938
-1666.666667 -1543.209877  0.00010457947430917062
-1666.666667 -1419.753086  0.00010678186350537358
-1666.666667 -1296.296296  0.00010977298240116964
-1666.666667 -1172.839506  0.00011363170966107608
-1666.666667 -1049.382716  0.00011941211749016609
-1666.666667  -925.925926  0.00012743898694493773
-1666.666667  -802.469136  0.00013878036678687095
-1666.666667  -679.012346  0.00015479106539333288
-1666.666667  -555.555556  0.00017621625878936920
-1666.666667  -432.098765  0.00020206036964103672
-1666.666667  -308.641975  0.00022886381252037102
-1666.666667  -185.185185  0.00025128934822885436
-1666.666667   -61.728395  0.00026421103692361887
-1666.666667    61.728395  0.00026421103692367715
-1666.666667   185.185185  0.00025128934822898311
-1666.666667   308.641975  0.00022886381252046429
-1666.666667   432.098765  0.00020206036964104369
-1666.666667   555.555556  0.00017621625878927853
-1666.666667   679.012346  0.00015479106539317077
-1666.666667   802.469136  0.00013878036678663895
-1666.666667   925.925926  0.00012743898694465931
-1666.666667  1049.382716  0.00011941211748984560
-1666.666667  1172.839506  0.00011363170966070533
-1666.666667  1296.296296  0.00010977298240076309
-1666.666667  1419.753086  0.00010678186350492755
-1666.666667  1543.209877  0.00010457947430869010
-1666.666667  1666.666667  0.00010283410435837419
-1666.666667  1790.123457  0.00010147132613996506
-1666.666667  1913.580247  0.00010042622307839848
-1666.666667  2037.037037  0.00009939199257645038
-1666.666667  2160.493827  0.00009874935824024305
-1666.666667  2283.950617  0.00009804392108994142
-1666.666667  2407.407407  0.00009825741443758885
-1666.666667  2530.864198  0.00009741370812034254
-1666.666667  2654.320988  0.00009774920939631354
-1666.666667  2777.777778  0.00009765056830972502
-1666.666667  2901.234568  0.00009728141267464136
-1666.666667  3024.691358  0.00009705493205376632
-1666.666667  3148.148148  0.00009690803139157252
-1666.666667  3271.604938  0.00009663079386761023
-1666.666667  3395.061728  0.00009665944932332468
-1666.666667  3518.518519  0.00009640102274888520
-1666.666667  3641.975309  0.00009662330276125197
-1666.666667  3765.432099  0.00009623922796123954
-1666.666667  3888.888889  0.00009663874855761615
-1666.666667  4012.345679  0.00009602163032334984
-1666.666667  4135.802469  0.00009581424397711824
-1666.666667  4259.259259  0.00009687936279881258
-1666.666667  4382.716049  0.00009487139117129476
-1666.666667  4506.172840  0.00009297708045881179
-1666.666667  4629.629630  0.00009850027782810374
-1666.666667  4753.086420  0.00009437033138672846
-1666.666667  4876.543210  0.00010074577263043280

-1543.209877 -5000.000000  0.00002663142814463036
-1543.209877 -4876.543210  0.00010314788069603507
-1543.209877 -4753.086420  0.00009675733420173547
-1543.209877 -4629.629630  0.00010118136666123385
-1543.209877 -4506.172840  0.00009538869880377136
-1543.209877 -4382.716049  0.00009719706877818810
-1543.209877 -4259.259259  0.00009924437200099960
-1543.209877 -4135.802469  0.00009824223115844216
-1543.209877 -4012.345679  0.00009851526936404669
-1543.209877 -3888.888889  0.00009907469122288304
-1543.209877 -3765.432099  0.00009879494241532383
-1543.209877 -3641.975309  0.00009907328297200323
-1543.209877 -3518.518519  0.00009891358130554718
-1543.209877 -3395.061728  0.00009915649977397624
-1543.209877 -3271.604938  0.00009903861986097987
-1543.209877 -3148.148148  0.00009930150430508355
-1543.209877 -3024.691358  0.00009955034804784405
-1543.209877 -2901.234568  0.00009990645677089555
-1543.209877 -2777.777778  0.00010022459884978028
-1543.209877 -2654.320988  0.00010014926271349255
-1543.209877 -2530.864198  0.00010008172078639626
-1543.209877 -2407.407407  0.00010125826051721590
-1543.209877 -2283.950617  0.00010113463807140748
-1543.209877 -2160.493827  0.00010163273445749408
-1543.209877 -2037.037037  0.00010237669148751469
-1543.209877 -1913.580247  0.00010355489515807805
-1543.209877 -1790.123457  0.00010476200604961114
-1543.209877 -1666.666667  0.00010616978875809864
-1543.209877 -1543.209877  0.00010796338392407752
-1543.209877 -1419.753086  0.00011038449452016987
-1543.209877 -1296.296296  0.00011361260650668255
-1543.209877 -1172.839506  0.00011784142299097535
-1543.209877 -1049.382716  0.00012403177323825276
-1543.209877  -925.925926  0.00013262108121136541
-1543.209877  -802.469136  0.00014474789819536810
-1543.209877  -679.012346  0.00016187887550424580
-1543.209877  -555.555556  0.00018477979323835620
-1543.209877  -432.098765  0.00021240267418537427
-1543.209877  -308.641975  0.00024107464337684901
-1543.209877  -185.185185  0.00026511651852299692
-1543.209877   -61.728395  0.00027906231239731234
-1543.209877    61.728395  0.00027906231239736888
-1543.209877   185.185185  0.00026511651852313884
-1543.209877   308.641975  0.00024107464337695905
-1543.209877   432.098765  0.00021240267418539571
-1543.209877   555.555556  0.00018477979323827532
-1543.209877   679.012346  0.00016187887550408837
-1543.209877   802.469136  0.00014474789819513879
-1543.209877   925.925926  0.00013262108121108723
-1543.209877  1049.382716  0.00012403177323793145
-1543.209877  1172.839506  0.00011784142299060334
-1543.209877  1296.296296  0.00011361260650627651
-1543.209877  1419.753086  0.00011038449451972585
-1543.209877  1543.209877  0.00010796338392359899
-1543.209877  1666.666667  0.00010616978875758365
-1543.209877  1790.123457  0.00010476200604905989
-1543.209877  1913.580247  0.00010355489515750986
-1543.209877  2037.037037  0.00010237669148694208
-1543.209877  2160.493827  0.00010163273445688346
-1543.209877  2283.950617  0.00010113463807075355
-1543.209877  2407.407407  0.00010125826051646306
-1543.209877  2530.864198  0.00010008172078577398
-1543.209877  2654.320988  0.00010014926271268951
-1543.209877  2777.777778  0.00010022459884892658
-1543.209877  2901.234568  0.00009990645677006818
-1543.209877  3024.691358  0.00009955034804703163
-1543.209877  3148.148148  0.00009930150430425477
-1543.209877  3271.604938  0.00009903861986009467
-1543.209877  3395.061728  0.00009915649977300104
-1543.209877  3518.518519  0.00009891358130450503
-1543.209877  3641.975309  0.00009907328297090785
-1543.209877  3765.432099  0.00009879494241420978
-1543.209877  3888.888889  0.00009907469122177503
-1543.209877  4012.345679  0.00009851526936295858
-1543.209877  4135.802469  0.00009824223115736273
-1543.209877  4259.259259  0.00009924437199987454
-1543.209877  4382.716049  0.00009719706877698201
-1543.209877  4506.172840  0.00009538869880244628
-1543.209877  4629.629630  0.00010118136665977193
-1543.209877  4753.086420  0.00009675733420026572
-1543.209877  4876.543210  0.00010314788069484933

-1419.753086 -5000.000000  0.00002705752825431103
-1419.753086 -4876.543210  0.00010543197530961461
-1419.753086 -4753.086420  0.00009884652517672719
-1419.753086 -4629.629630  0.00010324718262462110
-1419.753086 -4506.172840  0.00009741496193213844
-1419.753086 -4382.716049  0.00009933784427477877
-1419.753086 -4259.259259  0.00010142583815310357
-1419.753086 -4135.802469  0.00010033979506542349
-1419.753086 -4012.345679  0.00010057764653797907
-1419.753086 -3888.888889  0.00010120098725607578
-1419.753086 -3765.432099  0.00010084037586984446
-1419.753086 -3641.975309  0.00010119165397619847
-1419.753086 -3518.518519  0.00010100092773067181
-1419.753086 -3395.061728  0.00010127076630956959
-1419.753086 -3271.604938  0.00010120899128799598
-1419.753086 -3148.148148  0.00010149192887598102
-1419.753086 -3024.691358  0.00010168410006288884
-1419.753086 -2901.234568  0.00010196576849704408
-1419.753086 -2777.777778  0.00010234816442840247
-1419.753086 -2654.320988  0.00010243730154764728
-1419.753086 -2530.864198  0.00010236880958458503
-1419.753086 -2407.407407  0.00010388552827803336
-1419.753086 -2283.950617  0.00010377276787269190
-1419.753086 -2160.493827  0.00010451489904336704
-1419.753086 -2037.037037  0.00010525002118815514
-1419.753086 -1913.580247  0.00010643853947532029
-1419.753086 -1790.123457  0.00010763308745699526
-1419.753086 -1666.666667  0.00010915597146483178
-1419.753086 -1543.209877  0.00011111795112864122
-1419.753086 -1419.753086  0.00011368131456091848
-1419.753086 -1296.296296  0.00011705721858776574
-1419.753086 -1172.839506  0.00012215612644460980
-1419.753086 -1049.382716  0.00012863834225815797
-1419.753086  -925.925926  0.00013778283303472294
-1419.753086  -802.469136  0.00015057725126975811
-1419.753086  -679.012346  0.00016869781746200782
-1419.753086  -555.555556  0.00019290233077041556
-1419.753086  -432.098765  0.00022217691717925240
-1419.753086  -308.641975  0.00025262741822985819
-1419.753086  -185.185185  0.00027816216163984082
-1419.753086   -61.728395  0.00029287199200920026
-1419.753086    61.728395  0.00029287199200925691
-1419.753086   185.185185  0.00027816216163999277
-1419.753086   308.641975  0.00025262741822997990
-1419.753086   432.098765  0.00022217691717928262
-1419.753086   555.555556  0.00019290233077034233
-1419.753086   679.012346  0.00016869781746185408
-1419.753086   802.469136  0.00015057725126952972
-1419.753086   925.925926  0.00013778283303444278
-1419.753086  1049.382716  0.00012863834225783555
-1419.753086  1172.839506  0.00012215612644423507
-1419.753086  1296.296296  0.00011705721858735856
-1419.753086  1419.753086  0.00011368131456047359
-1419.753086  1543.209877  0.00011111795112816305
-1419.753086  1666.666667  0.00010915597146431826
-1419.753086  1790.123457  0.00010763308745644400
-1419.753086  1913.580247  0.00010643853947475141
-1419.753086  2037.037037  0.00010525002118758314
-1419.753086  2160.493827  0.00010451489904275662
-1419.753086  2283.950617  0.00010377276787203833
-1419.753086  2407.407407  0.00010388552827728128
-1419.753086  2530.864198  0.00010236880958396339
-1419.753086  2654.320988  0.00010243730154684496
-1419.753086  2777.777778  0.00010234816442754984
-1419.753086  2901.234568  0.00010196576849621641
-1419.753086  3024.691358  0.00010168410006207565
-1419.753086  3148.148148  0.00010149192887515275
-1419.753086  3271.604938  0.00010120899128710954
-1419.753086  3395.061728  0.00010127076630859337
-1419.753086  3518.518519  0.00010100092772962896
-1419.753086  3641.975309  0.00010119165397510237
-1419.753086  3765.432099  0.00010084037586872890
-1419.753086  3888.888889  0.00010120098725496749
-1419.753086  4012.345679  0.00010057764653689201
-1419.753086  4135.802469  0.00010033979506434402
-1419.753086  4259.259259  0.00010142583815197934
-1419.753086  4382.716049  0.00009933784427357155
-1419.753086  4506.172840  0.00009741496193081365
-1419.753086  4629.629630  0.00010324718262316032
-1419.753086  4753.086420  0.00009884652517525786
-1419.753086  4876.543210  0.00010543197530842810

-1296.296296 -5000.000000  0.00002771238417988009
-1296.296296 -4876.543210  0.00010823337255657593
-1296.296296 -4753.086420  0.00010148308765854361
-1296.296296 -4629.629630  0.00010596770656605786
-1296.296296 -4506.172840  0.00010000237077544248
-1296.296296 -4382.716049  0.00010198949721394470
-1296.296296 -4259.259259  0.00010412564308308410
-1296.296296 -4135.802469  0.00010299227114616603
-1296.296296 -4012.345679  0.00010322943904744277
-1296.296296 -3888.888889  0.00010388722562636903
-1296.296296 -3765.432099  0.00010350386052197658
-1296.296296 -3641.975309  0.00010391224138205714
-1296.296296 -3518.518519  0.00010370522217737808
-1296.296296 -3395.061728  0.00010398997881326137
-1296.296296 -3271.604938  0.00010394253391087782
-1296.296296 -3148.148148  0.00010423489315941996
-1296.296296 -3024.691358  0.00010441444027197999
-1296.296296 -2901.234568  0.00010469542618512345
-1296.296296 -2777.777778  0.00010511153001063753
-1296.296296 -2654.320988  0.00010525785791914919
-1296.296296 -2530.864198  0.00010512507100308004
-1296.296296 -2407.407407  0.00010629356634415616
-1296.296296 -2283.950617  0.00010624553765777510
-1296.296296 -2160.493827  0.00010705522303622241
-1296.296296 -2037.037037  0.00010783553259150826
-1296.296296 -1913.580247  0.00010904067013853196
-1296.296296 -1790.123457  0.00011029388802245486
-1296.296296 -1666.666667  0.00011190730973434803
-1296.296296 -1543.209877  0.00011399193791607556
-1296.296296 -1419.753086  0.00011664111449742602
-1296.296296 -1296.296296  0.00012020429058549444
-1296.296296 -1172.839506  0.00012423854959497401
-1296.296296 -1049.382716  0.00013107425393984340
-1296.296296  -925.925926  0.00014046453182422523
-1296.296296  -802.469136  0.00015374062146342941
-1296.296296  -679.012346  0.00017241368761816077
-1296.296296  -555.555556  0.00019745888500408997
-1296.296296  -432.098765  0.00022773990247001744
-1296.296296  -308.641975  0.00025925077958787742
-1296.296296  -185.185185  0.00028569072902284053
-1296.296296   -61.728395  0.00030088147031473331
-1296.296296    61.728395  0.00030088147031479722
-1296.296296   185.185185  0.00028569072902299861
-1296.296296   308.641975  0.00025925077958800536
-1296.296296   432.098765  0.00022773990247005468
-1296.296296   555.555556  0.00019745888500402372
-1296.296296   679.012346  0.00017241368761801556
-1296.296296   802.469136  0.00015374062146320913
-1296.296296   925.925926  0.00014046453182395261
-1296.296296  1049.382716  0.00013107425393952784
-1296.296296  1172.839506  0.00012423854959460592
-1296.296296  1296.296296  0.00012020429058508952
-1296.296296  1419.753086  0.00011664111449698309
-1296.296296  1543.209877  0.00011399193791559774
-1296.296296  1666.666667  0.00011190730973383443
-1296.296296  1790.123457  0.00011029388802190525
-1296.296296  1913.580247  0.00010904067013796603
-1296.296296  2037.037037  0.00010783553259093899
-1296.296296  2160.493827  0.00010705522303561394
-1296.296296  2283.950617  0.00010624553765712364
-1296.296296  2407.407407  0.00010629356634340683
-1296.296296  2530.864198  0.00010512507100246086
-1296.296296  2654.320988  0.00010525785791834911
-1296.296296  2777.777778  0.00010511153000978552
-1296.296296  2901.234568  0.00010469542618429795
-1296.296296  3024.691358  0.00010441444027116877
-1296.296296  3148.148148  0.00010423489315859369
-1296.296296  3271.604938  0.00010394253390999343
-1296.296296  3395.061728  0.00010398997881228747
-1296.296296  3518.518519  0.00010370522217633784
-1296.296296  3641.975309  0.00010391224138096385
-1296.296296  3765.432099  0.00010350386052086605
-1296.296296  3888.888889  0.00010388722562526442
-1296.296296  4012.345679  0.00010322943904635991
-1296.296296  4135.802469  0.00010299227114509064
-1296.296296  4259.259259  0.00010412564308196390
-1296.296296  4382.716049  0.00010198949721274258
-1296.296296  4506.172840  0.00010000237077412269
-1296.296296  4629.629630  0.00010596770656460181
-1296.296296  4753.086420  0.00010148308765707863
-1296.296296  4876.543210  0.00010823337255539423

-1172.839506 -5000.000000  0.00002826857851412996
-1172.839506 -4876.543210  0.00010948765344824627
-1172.839506 -4753.086420  0.00010275442126936096
-1172.839506 -4629.629630  0.00010740803422920549
-1172.839506 -4506.172840  0.00010129462308490263
-1172.839506 -4382.716049  0.00010321502355474277
-1172.839506 -4259.259259  0.00010536940472056884
-1172.839506 -4135.802469  0.00010428196773393903
-1172.839506 -4012.345679  0.00010455681886827113
-1172.839506 -3888.888889  0.00010517568280737628
-1172.839506 -3765.432099  0.00010487049086082896
-1172.839506 -3641.975309  0.00010517859386607336
-1172.839506 -3518.518519  0.00010502711342046578
-1172.839506 -3395.061728  0.00010530154607203189
-1172.839506 -3271.604938  0.00010518954289478482
-1172.839506 -3148.148148  0.00010547003014189506
-1172.839506 -3024.691358  0.00010572345518342088
-1172.839506 -2901.234568  0.00010609094583272988
-1172.839506 -2777.777778  0.00010646285170089121
-1172.839506 -2654.320988  0.00010648959245776646
-1172.839506 -2530.864198  0.00010664464139334713
-1172.839506 -2407.407407  0.00010872946398303780
-1172.839506 -2283.950617  0.00010856909288311461
-1172.839506 -2160.493827  0.00010919504363001788
-1172.839506 -2037.037037  0.00011021460006979240
-1172.839506 -1913.580247  0.00011160750203330252
-1172.839506 -1790.123457  0.00011280048305553061
-1172.839506 -1666.666667  0.00011426868710699641
-1172.839506 -1543.209877  0.00011652781351926613
-1172.839506 -1419.753086  0.00011988193738911736
-1172.839506 -1296.296296  0.00012234830298906297
-1172.839506 -1172.839506  0.00012928152985057024
-1172.839506 -1049.382716  0.00013524753711404252
-1172.839506  -925.925926  0.00014593752423557933
-1172.839506  -802.469136  0.00015966730707964212
-1172.839506  -679.012346  0.00017930387672507748
-1172.839506  -555.555556  0.00020522958259612114
-1172.839506  -432.098765  0.00023705540636260593
-1172.839506  -308.641975  0.00027030835417912686
-1172.839506  -185.185185  0.00029777711511828615
-1172.839506   -61.728395  0.00031355641416317055
-1172.839506    61.728395  0.00031355641416324926
-1172.839506   185.185185  0.00029777711511845675
-1172.839506   308.641975  0.00027030835417926694
-1172.839506   432.098765  0.00023705540636265824
-1172.839506   555.555556  0.00020522958259606535
-1172.839506   679.012346  0.00017930387672494279
-1172.839506   802.469136  0.00015966730707942748
-1172.839506   925.925926  0.00014593752423530874
-1172.839506  1049.382716  0.00013524753711372851
-1172.839506  1172.839506  0.00012928152985019879
-1172.839506  1296.296296  0.00012234830298866461
-1172.839506  1419.753086  0.00011988193738867891
-1172.839506  1543.209877  0.00011652781351879666
-1172.839506  1666.666667  0.00011426868710649153
-1172.839506  1790.123457  0.00011280048305498793
-1172.839506  1913.580247  0.00011160750203273928
-1172.839506  2037.037037  0.00011021460006922452
-1172.839506  2160.493827  0.00010919504362941208
-1172.839506  2283.950617  0.00010856909288246776
-1172.839506  2407.407407  0.00010872946398229237
-1172.839506  2530.864198  0.00010664464139273335
-1172.839506  2654.320988  0.00010648959245697300
-1172.839506  2777.777778  0.00010646285170004668
-1172.839506  2901.234568  0.00010609094583191289
-1172.839506  3024.691358  0.00010572345518261930
-1172.839506  3148.148148  0.00010547003014107958
-1172.839506  3271.604938  0.00010518954289391111
-1172.839506  3395.061728  0.00010530154607106764
-1172.839506  3518.518519  0.00010502711341943354
-1172.839506  3641.975309  0.00010517859386499047
-1172.839506  3765.432099  0.00010487049085973035
-1172.839506  3888.888889  0.00010517568280628557
-1172.839506  4012.345679  0.00010455681886720066
-1172.839506  4135.802469  0.00010428196773287494
-1172.839506  4259.259259  0.00010536940471946019
-1172.839506  4382.716049  0.00010321502355355079
-1172.839506  4506.172840  0.00010129462308359165
-1172.839506  4629.629630  0.00010740803422775932
-1172.839506  4753.086420  0.00010275442126790493
-1172.839506  4876.543210  0.00010948765344707083

-1049.382716 -5000.000000  0.00002882888965522204
-1049.382716 -4876.543210  0.00011195704634501078
-1049.382716 -4753.086420  0.00010510963129527651
-1049.382716 -4629.629630  0.00010983546563501359
-1049.382716 -4506.172840  0.00010359762433946758
-1049.382716 -4382.716049  0.00010556358802719472
-1049.382716 -4259.259259  0.00010775632345916936
-1049.382716 -4135.802469  0.00010663211131741138
-1049.382716 -4012.345679  0.00010691339267689515
-1049.382716 -3888.888889  0.00010756626923632455
-1049.382716 -3765.432099  0.00010724448463195328
-1049.382716 -3641.975309  0.00010760388071797962
-1049.382716 -3518.518519  0.00010743266048136217
-1049.382716 -3395.061728  0.00010771511985076949
-1049.382716 -3271.604938  0.00010761197675541732
-1049.382716 -3148.148148  0.00010790238765527123
-1049.382716 -3024.691358  0.00010815176433167493
-1049.382716 -2901.234568  0.00010852868622107422
-1049.382716 -2777.777778  0.00010893740130748413
-1049.382716 -2654.320988  0.00010899860425841150
-1049.382716 -2530.864198  0.00010903012335609688
-1049.382716 -2407.407407  0.00011075456603099903
-1049.382716 -2283.950617  0.00011061542583501911
-1049.382716 -2160.493827  0.00011129128848105547
-1049.382716 -2037.037037  0.00011234102986578307
-1049.382716 -1913.580247  0.00011375464800851864
-1049.382716 -1790.123457  0.00011501050831447230
-1049.382716 -1666.666667  0.00011656188555788536
-1049.382716 -1543.209877  0.00011890626727122875
-1049.382716 -1419.753086  0.00012229072269578448
-1049.382716 -1296.296296  0.00012497179072830822
-1049.382716 -1172.839506  0.00013092140477343619
-1049.382716 -1049.382716  0.00013722208275346984
-1049.382716  -925.925926  0.00014804217577927631
-1049.382716  -802.469136  0.00016213882645464402
-1049.382716  -679.012346  0.00018217338405364738
-1049.382716  -555.555556  0.00020872462142072830
-1049.382716  -432.098765  0.00024125959145591350
-1049.382716  -308.641975  0.00027523770766107693
-1049.382716  -185.185185  0.00030333997454976615
-1049.382716   -61.728395  0.00031946301185582109
-1049.382716    61.728395  0.00031946301185590143
-1049.382716   185.185185  0.00030333997454994483
-1049.382716   308.641975  0.00027523770766122173
-1049.382716   432.098765  0.00024125959145596606
-1049.382716   555.555556  0.00020872462142067504
-1049.382716   679.012346  0.00018217338405351674
-1049.382716   802.469136  0.00016213882645443517
-1049.382716   925.925926  0.00014804217577901011
-1049.382716  1049.382716  0.00013722208275315949
-1049.382716  1172.839506  0.00013092140477306784
-1049.382716  1296.296296  0.00012497179072790867
-1049.382716  1419.753086  0.00012229072269534470
-1049.382716  1543.209877  0.00011890626727075772
-1049.382716  1666.666667  0.00011656188555738058
-1049.382716  1790.123457  0.00011501050831392811
-1049.382716  1913.580247  0.00011375464800795732
-1049.382716  2037.037037  0.00011234102986521563
-1049.382716  2160.493827  0.00011129128848044995
-1049.382716  2283.950617  0.00011061542583437076
-1049.382716  2407.407407  0.00011075456603025467
-1049.382716  2530.864198  0.00010903012335548276
-1049.382716  2654.320988  0.00010899860425761840
-1049.382716  2777.777778  0.00010893740130664062
-1049.382716  2901.234568  0.00010852868622025769
-1049.382716  3024.691358  0.00010815176433087426
-1049.382716  3148.148148  0.00010790238765445641
-1049.382716  3271.604938  0.00010761197675454505
-1049.382716  3395.061728  0.00010771511984980577
-1049.382716  3518.518519  0.00010743266048033200
-1049.382716  3641.975309  0.00010760388071689697
-1049.382716  3765.432099  0.00010724448463085516
-1049.382716  3888.888889  0.00010756626923523542
-1049.382716  4012.345679  0.00010691339267582524
-1049.382716  4135.802469  0.00010663211131634882
-1049.382716  4259.259259  0.00010775632345806212
-1049.382716  4382.716049  0.00010556358802600192
-1049.382716  4506.172840  0.00010359762433815782
-1049.382716  4629.629630  0.00010983546563356867
-1049.382716  4753.086420  0.00010510963129382171
-1049.382716  4876.543210  0.00011195704634383677

 -925.925926 -5000.000000  0.00002921678675536433
 -925.925926 -4876.543210  0.00011364911320658180
 -925.925926 -4753.086420  0.00010674287195484564
 -925.925926 -4629.629630  0.00011152061062175535
 -925.925926 -4506.172840  0.00010519251711657824
 -925.925926 -4382.716049  0.00010718098337858006
 -925.925926 -4259.259259  0.00010939752398612695
 -925.925926 -4135.802469  0.00010825262466380994
 -925.925926 -4012.345679  0.00010854036479998739
 -925.925926 -3888.888889  0.00010921707467549769
 -925.925926 -3765.432099  0.00010888588084779517
 -925.925926 -3641.975309  0.00010925016443325297
 -925.925926 -3518.518519  0.00010907261545047601
 -925.925926 -3395.061728  0.00010935768608312211
 -925.925926 -3271.604938  0.00010925582566034639
 -925.925926 -3148.148148  0.00010955409614067587
 -925.925926 -3024.691358  0.00010980941741881629
 -925.925926 -2901.234568  0.00011019463439564995
 -925.925926 -2777.777778  0.00011063045383733692
 -925.925926 -2654.320988  0.00011070884778140455
 -925.925926 -2530.864198  0.00011071659969003797
 -925.925926 -2407.407407  0.00011263748136640324
 -925.925926 -2283.950617  0.00011245835045593478
 -925.925926 -2160.493827  0.00011318093757925620
 -925.925926 -2037.037037  0.00011426306881908666
 -925.925926 -1913.580247  0.00011573249295345600
 -925.925926 -1790.123457  0.00011701276303725882
 -925.925926 -1666.666667  0.00011861048435212720
 -925.925926 -1543.209877  0.00012103256741640045
 -925.925926 -1419.753086  0.00012455215880049434
 -925.925926 -1296.296296  0.00012725244972370181
 -925.925926 -1172.839506  0.00013417790081379508
 -925.925926 -1049.382716  0.00014057946552672665
 -925.925926  -925.925926  0.00015181557295763527
 -925.925926  -802.469136  0.00016632350996480296
 -925.925926  -679.012346  0.00018700970469068148
 -925.925926  -555.555556  0.00021435451016273160
 -925.925926  -432.098765  0.00024789515143906011
 -925.925926  -308.641975  0.00028293373092712202
 -925.925926  -185.185185  0.00031188718303824071
 -925.925926   -61.728395  0.00032848388258312553
 -925.925926    61.728395  0.00032848388258321031
 -925.925926   185.185185  0.00031188718303842432
 -925.925926   308.641975  0.00028293373092727354
 -925.925926   432.098765  0.00024789515143911817
 -925.925926   555.555556  0.00021435451016268034
 -925.925926   679.012346  0.00018700970469055019
 -925.925926   802.469136  0.00016632350996458804
 -925.925926   925.925926  0.00015181557295736411
 -925.925926  1049.382716  0.00014057946552641169
 -925.925926  1172.839506  0.00013417790081342103
 -925.925926  1296.296296  0.00012725244972330139
 -925.925926  1419.753086  0.00012455215880005511
 -925.925926  1543.209877  0.00012103256741592913
 -925.925926  1666.666667  0.00011861048435162287
 -925.925926  1790.123457  0.00011701276303671566
 -925.925926  1913.580247  0.00011573249295289390
 -925.925926  2037.037037  0.00011426306881851848
 -925.925926  2160.493827  0.00011318093757864856
 -925.925926  2283.950617  0.00011245835045528682
 -925.925926  2407.407407  0.00011263748136565834
 -925.925926  2530.864198  0.00011071659968942254
 -925.925926  2654.320988  0.00011070884778060819
 -925.925926  2777.777778  0.00011063045383649219
 -925.925926  2901.234568  0.00011019463439483210
 -925.925926  3024.691358  0.00010980941741801227
 -925.925926  3148.148148  0.00010955409613986021
 -925.925926  3271.604938  0.00010925582565947140
 -925.925926  3395.061728  0.00010935768608215574
 -925.925926  3518.518519  0.00010907261544944224
 -925.925926  3641.975309  0.00010925016443216646
 -925.925926  3765.432099  0.00010888588084669405
 -925.925926  3888.888889  0.00010921707467440622
 -925.925926  4012.345679  0.00010854036479891433
 -925.925926  4135.802469  0.00010825262466274326
 -925.925926  4259.259259  0.00010939752398501423
 -925.925926  4382.716049  0.00010718098337738493
 -925.925926  4506.172840  0.00010519251711526542
 -925.925926  4629.629630  0.00011152061062030701
 -925.925926  4753.086420  0.00010674287195338724
 -925.925926  4876.543210  0.00011364911320540494

 -802.469136 -5000.000000  0.00002961646614234600
 -802.469136 -4876.543210  0.00011557743736590956
 -802.469136 -4753.086420  0.00010859774025953068
 -802.469136 -4629.629630  0.00011340909065993599
 -802.469136 -4506.172840  0.00010699298773037409
 -802.469136 -4382.716049  0.00010902066524024006
 -802.469136 -4259.259259  0.00011126375098366243
 -802.469136 -4135.802469  0.00011008483165302932
 -802.469136 -4012.345679  0.00011037620203993863
 -802.469136 -3888.888889  0.00011109099699567082
 -802.469136 -3765.432099  0.00011073537159045073
 -802.469136 -3641.975309  0.00011113964798356095
 -802.469136 -3518.518519  0.00011093927660918594
 -802.469136 -3395.061728  0.00011122872700575716
 -802.469136 -3271.604938  0.00011113917491620388
 -802.469136 -3148.148148  0.00011144862760339243
 -802.469136 -3024.691358  0.00011169806180438751
 -802.469136 -2901.234568  0.00011208508391636696
 -802.469136 -2777.777778  0.00011256231336988516
 -802.469136 -2654.320988  0.00011267616658800408
 -802.469136 -2530.864198  0.00011254074834309282
 -802.469136 -2407.407407  0.00011427857829726895
 -802.469136 -2283.950617  0.00011406236888732606
 -802.469136 -2160.493827  0.00011484789090078620
 -802.469136 -2037.037037  0.00011595038784613059
 -802.469136 -1913.580247  0.00011744666673578128
 -802.469136 -1790.123457  0.00011876061038210485
 -802.469136 -1666.666667  0.00012042094729369167
 -802.469136 -1543.209877  0.00012291152903789164
 -802.469136 -1419.753086  0.00012647628432805563
 -802.469136 -1296.296296  0.00012929170879769146
 -802.469136 -1172.839506  0.00013618442220870416
 -802.469136 -1049.382716  0.00014278054351087190
 -802.469136  -925.925926  0.00015421644547005666
 -802.469136  -802.469136  0.00016903736489261401
 -802.469136  -679.012346  0.00019013770052706967
 -802.469136  -555.555556  0.00021804596606185154
 -802.469136  -432.098765  0.00025225366547172674
 -802.469136  -308.641975  0.00028798303858906869
 -802.469136  -185.185185  0.00031752163158364847
 -802.469136   -61.728395  0.00033444181072200650
 -802.469136    61.728395  0.00033444181072208820
 -802.469136   185.185185  0.00031752163158383192
 -802.469136   308.641975  0.00028798303858922194
 -802.469136   432.098765  0.00025225366547178887
 -802.469136   555.555556  0.00021804596606180425
 -802.469136   679.012346  0.00019013770052693578
 -802.469136   802.469136  0.00016903736489239833
 -802.469136   925.925926  0.00015421644546978559
 -802.469136  1049.382716  0.00014278054351055358
 -802.469136  1172.839506  0.00013618442220833123
 -802.469136  1296.296296  0.00012929170879729266
 -802.469136  1419.753086  0.00012647628432761523
 -802.469136  1543.209877  0.00012291152903741903
 -802.469136  1666.666667  0.00012042094729318557
 -802.469136  1790.123457  0.00011876061038156023
 -802.469136  1913.580247  0.00011744666673521737
 -802.469136  2037.037037  0.00011595038784556071
 -802.469136  2160.493827  0.00011484789090017750
 -802.469136  2283.950617  0.00011406236888667549
 -802.469136  2407.407407  0.00011427857829652234
 -802.469136  2530.864198  0.00011254074834247482
 -802.469136  2654.320988  0.00011267616658720557
 -802.469136  2777.777778  0.00011256231336903712
 -802.469136  2901.234568  0.00011208508391554654
 -802.469136  3024.691358  0.00011169806180358077
 -802.469136  3148.148148  0.00011144862760257291
 -802.469136  3271.604938  0.00011113917491532594
 -802.469136  3395.061728  0.00011122872700478741
 -802.469136  3518.518519  0.00011093927660814949
 -802.469136  3641.975309  0.00011113964798247118
 -802.469136  3765.432099  0.00011073537158934635
 -802.469136  3888.888889  0.00011109099699457458
 -802.469136  4012.345679  0.00011037620203886112
 -802.469136  4135.802469  0.00011008483165195852
 -802.469136  4259.259259  0.00011126375098254629
 -802.469136  4382.716049  0.00010902066523904157
 -802.469136  4506.172840  0.00010699298772905720
 -802.469136  4629.629630  0.00011340909065848251
 -802.469136  4753.086420  0.00010859774025806763
 -802.469136  4876.543210  0.00011557743736472994

 -679.012346 -5000.000000  0.00002993380667765659
 -679.012346 -4876.543210  0.00011720794567939146
 -679.012346 -4753.086420  0.00011015550403905876
 -679.012346 -4629.629630  0.00011497492592170351
 -679.012346 -4506.172840  0.00010849885447243193
 -679.012346 -4382.716049  0.00011057199716187161
 -679.012346 -4259.259259  0.00011283759014892551
 -679.012346 -4135.802469  0.00011162077626909392
 -679.012346 -4012.345679  0.00011190883582900510
 -679.012346 -3888.888889  0.00011266378028529210
 -679.012346 -3765.432099  0.00011227471984158699
 -679.012346 -3641.975309  0.00011272162053181345
 -679.012346 -3518.518519  0.00011249678451287360
 -679.012346 -3395.061728  0.00011279254457489458
 -679.012346 -3271.604938  0.00011272218062124444
 -679.012346 -3148.148148  0.00011304317444116040
 -679.012346 -3024.691358  0.00011327830210498650
 -679.012346 -2901.234568  0.00011365468619719010
 -679.012346 -2777.777778  0.00011417388153517696
 -679.012346 -2654.320988  0.00011433846008314541
 -679.012346 -2530.864198  0.00011406862488128571
 -679.012346 -2407.407407  0.00011568515682658773
 -679.012346 -2283.950617  0.00011542134539654270
 -679.012346 -2160.493827  0.00011628452091805870
 -679.012346 -2037.037037  0.00011740932727345607
 -679.012346 -1913.580247  0.00011892602998587452
 -679.012346 -1790.123457  0.00012024710645512964
 -679.012346 -1666.666667  0.00012195320043566063
 -679.012346 -1543.209877  0.00012451755235031936
 -679.012346 -1419.753086  0.00012815167512758016
 -679.012346 -1296.296296  0.00013097898153742579
 -679.012346 -1172.839506  0.00013806512055552353
 -679.012346 -1049.382716  0.00014474724509173700
 -679.012346  -925.925926  0.00015641646478935760
 -679.012346  -802.469136  0.00017149609673002204
 -679.012346  -679.012346  0.00019296243753023237
 -679.012346  -555.555556  0.00022134191257555905
 -679.012346  -432.098765  0.00025614458790733000
 -679.012346  -308.641975  0.00029250258538986753
 -679.012346  -185.185185  0.00032254634769018133
 -679.012346   -61.728395  0.00033974903192264782
 -679.012346    61.728395  0.00033974903192272448
 -679.012346   185.185185  0.00032254634769036017
 -679.012346   308.641975  0.00029250258539002491
 -679.012346   432.098765  0.00025614458790739744
 -679.012346   555.555556  0.00022134191257551516
 -679.012346   679.012346  0.00019296243753010286
 -679.012346   802.469136  0.00017149609672980902
 -679.012346   925.925926  0.00015641646478908516
 -679.012346  1049.382716  0.00014474724509142131
 -679.012346  1172.839506  0.00013806512055514731
 -679.012346  1296.296296  0.00013097898153702469
 -679.012346  1419.753086  0.00012815167512713837
 -679.012346  1543.209877  0.00012451755234984342
 -679.012346  1666.666667  0.00012195320043514948
 -679.012346  1790.123457  0.00012024710645458125
 -679.012346  1913.580247  0.00011892602998530946
 -679.012346  2037.037037  0.00011740932727288499
 -679.012346  2160.493827  0.00011628452091744858
 -679.012346  2283.950617  0.00011542134539589201
 -679.012346  2407.407407  0.00011568515682583888
 -679.012346  2530.864198  0.00011406862488066794
 -679.012346  2654.320988  0.00011433846008234527
 -679.012346  2777.777778  0.00011417388153432708
 -679.012346  2901.234568  0.00011365468619636668
 -679.012346  3024.691358  0.00011327830210417789
 -679.012346  3148.148148  0.00011304317444033854
 -679.012346  3271.604938  0.00011272218062036405
 -679.012346  3395.061728  0.00011279254457392260
 -679.012346  3518.518519  0.00011249678451183499
 -679.012346  3641.975309  0.00011272162053072164
 -679.012346  3765.432099  0.00011227471984047926
 -679.012346  3888.888889  0.00011266378028419228
 -679.012346  4012.345679  0.00011190883582792437
 -679.012346  4135.802469  0.00011162077626801943
 -679.012346  4259.259259  0.00011283759014780555
 -679.012346  4382.716049  0.00011057199716066788
 -679.012346  4506.172840  0.00010849885447111222
 -679.012346  4629.629630  0.00011497492592024709
 -679.012346  4753.086420  0.00011015550403759070
 -679.012346  4876.543210  0.00011720794567820467

 -555.555556 -5000.000000  0.00003022038721942362
 -555.555556 -4876.543210  0.00011847369404609469
 -555.555556 -4753.086420  0.00011136642264678665
 -555.555556 -4629.629630  0.00011622213774587193
 -555.555556 -4506.172840  0.00010968174747399575
 -555.555556 -4382.716049  0.00011177689365616968
 -555.555556 -4259.259259  0.00011406159471737511
 -555.555556 -4135.802469  0.00011282651352677687
 -555.555556 -4012.345679  0.00011311815587048852
 -555.555556 -3888.888889  0.00011389120024272421
 -555.555556 -3765.432099  0.00011349354969137253
 -555.555556 -3641.975309  0.00011396084060156553
 -555.555556 -3518.518519  0.00011372726242774040
 -555.555556 -3395.061728  0.00011402671096949775
 -555.555556 -3271.604938  0.00011396032635005324
 -555.555556 -3148.148148  0.00011428692504469027
 -555.555556 -3024.691358  0.00011452172716180388
 -555.555556 -2901.234568  0.00011490314628578442
 -555.555556 -2777.777778  0.00011544218450548147
 -555.555556 -2654.320988  0.00011562394982503506
 -555.555556 -2530.864198  0.00011530269263585866
 -555.555556 -2407.407407  0.00011682652169487246
 -555.555556 -2283.950617  0.00011656006072695531
 -555.555556 -2160.493827  0.00011745298126176309
 -555.555556 -2037.037037  0.00011859605817355708
 -555.555556 -1913.580247  0.00012013161622621736
 -555.555556 -1790.123457  0.00012147858012285091
 -555.555556 -1666.666667  0.00012322207787621341
 -555.555556 -1543.209877  0.00012583056513555454
 -555.555556 -1419.753086  0.00012949997911271356
 -555.555556 -1296.296296  0.00013240234292605845
 -555.555556 -1172.839506  0.00013933708477608425
 -555.555556 -1049.382716  0.00014615115892642098
 -555.555556  -925.925926  0.00015794327240925505
 -555.555556  -802.469136  0.00017322344503489223
 -555.555556  -679.012346  0.00019494346540196932
 -555.555556  -555.555556  0.00022367678954113136
 -555.555556  -432.098765  0.00025889708104231773
 -555.555556  -308.641975  0.00029568767181323112
 -555.555556  -185.185185  0.00032610398605785148
 -555.555556   -61.728395  0.00034354629855580022
 -555.555556    61.728395  0.00034354629855587227
 -555.555556   185.185185  0.00032610398605802701
 -555.555556   308.641975  0.00029568767181338307
 -555.555556   432.098765  0.00025889708104238164
 -555.555556   555.555556  0.00022367678954108886
 -555.555556   679.012346  0.00019494346540184160
 -555.555556   802.469136  0.00017322344503468027
 -555.555556   925.925926  0.00015794327240898726
 -555.555556  1049.382716  0.00014615115892610851
 -555.555556  1172.839506  0.00013933708477571399
 -555.555556  1296.296296  0.00013240234292565995
 -555.555556  1419.753086  0.00012949997911227413
 -555.555556  1543.209877  0.00012583056513508113
 -555.555556  1666.666667  0.00012322207787570622
 -555.555556  1790.123457  0.00012147858012230328
 -555.555556  1913.580247  0.00012013161622565176
 -555.555556  2037.037037  0.00011859605817298704
 -555.555556  2160.493827  0.00011745298126115423
 -555.555556  2283.950617  0.00011656006072630483
 -555.555556  2407.407407  0.00011682652169412331
 -555.555556  2530.864198  0.00011530269263524101
 -555.555556  2654.320988  0.00011562394982423661
 -555.555556  2777.777778  0.00011544218450463059
 -555.555556  2901.234568  0.00011490314628496066
 -555.555556  3024.691358  0.00011452172716099483
 -555.555556  3148.148148  0.00011428692504386937
 -555.555556  3271.604938  0.00011396032634917433
 -555.555556  3395.061728  0.00011402671096852812
 -555.555556  3518.518519  0.00011372726242670353
 -555.555556  3641.975309  0.00011396084060047622
 -555.555556  3765.432099  0.00011349354969026686
 -555.555556  3888.888889  0.00011389120024162554
 -555.555556  4012.345679  0.00011311815586940932
 -555.555556  4135.802469  0.00011282651352570416
 -555.555556  4259.259259  0.00011406159471625635
 -555.555556  4382.716049  0.00011177689365496670
 -555.555556  4506.172840  0.00010968174747267400
 -555.555556  4629.629630  0.00011622213774441330
 -555.555556  4753.086420  0.00011136642264531758
 -555.555556  4876.543210  0.00011847369404490641

 -432.098765 -5000.000000  0.00003042898871868596
 -432.098765 -4876.543210  0.00011905967065467349
 -432.098765 -4753.086420  0.00011192880696819278
 -432.098765 -4629.629630  0.00011685239430769186
 -432.098765 -4506.172840  0.00011025307940455189
 -432.098765 -4382.716049  0.00011233582512194034
 -432.098765 -4259.259259  0.00011463218004938868
 -432.098765 -4135.802469  0.00011340755205744528
 -432.098765 -4012.345679  0.00011370967187159646
 -432.098765 -3888.888889  0.00011446859469196995
 -432.098765 -3765.432099  0.00011409561966748369
 -432.098765 -3641.975309  0.00011453806701585096
 -432.098765 -3518.518519  0.00011432229860070107
 -432.098765 -3395.061728  0.00011462185826711211
 -432.098765 -3271.604938  0.00011453834468626311
 -432.098765 -3148.148148  0.00011486203955561067
 -432.098765 -3024.691358  0.00011511615650146482
 -432.098765 -2901.234568  0.00011551941364199132
 -432.098765 -2777.777778  0.00011604537267609427
 -432.098765 -2654.320988  0.00011620099378471543
 -432.098765 -2530.864198  0.00011599310503657831
 -432.098765 -2407.407407  0.00011770787466091934
 -432.098765 -2283.950617  0.00011748126594672761
 -432.098765 -2160.493827  0.00011834568621451247
 -432.098765 -2037.037037  0.00011950958029527858
 -432.098765 -1913.580247  0.00012107715232649554
 -432.098765 -1790.123457  0.00012245527305971627
 -432.098765 -1666.666667  0.00012421052716900791
 -432.098765 -1543.209877  0.00012683651948053798
 -432.098765 -1419.753086  0.00013056453319267705
 -432.098765 -1296.296296  0.00013351588678685755
 -432.098765 -1172.839506  0.00014061238716144882
 -432.098765 -1049.382716  0.00014750957605647532
 -432.098765  -925.925926  0.00015943896588711511
 -432.098765  -802.469136  0.00017489014894336776
 -432.098765  -679.012346  0.00019685839534994915
 -432.098765  -555.555556  0.00022590947280564841
 -432.098765  -432.098765  0.00026151468151557088
 -432.098765  -308.641975  0.00029870843655171699
 -432.098765  -185.185185  0.00032947216122632789
 -432.098765   -61.728395  0.00034715412618461041
 -432.098765    61.728395  0.00034715412618468923
 -432.098765   185.185185  0.00032947216122650798
 -432.098765   308.641975  0.00029870843655187100
 -432.098765   432.098765  0.00026151468151563713
 -432.098765   555.555556  0.00022590947280560502
 -432.098765   679.012346  0.00019685839534982707
 -432.098765   802.469136  0.00017489014894316122
 -432.098765   925.925926  0.00015943896588685224
 -432.098765  1049.382716  0.00014750957605616481
 -432.098765  1172.839506  0.00014061238716107889
 -432.098765  1296.296296  0.00013351588678645957
 -432.098765  1419.753086  0.00013056453319224047
 -432.098765  1543.209877  0.00012683651948006781
 -432.098765  1666.666667  0.00012421052716850230
 -432.098765  1790.123457  0.00012245527305917235
 -432.098765  1913.580247  0.00012107715232593163
 -432.098765  2037.037037  0.00011950958029471053
 -432.098765  2160.493827  0.00011834568621390459
 -432.098765  2283.950617  0.00011748126594607698
 -432.098765  2407.407407  0.00011770787466017140
 -432.098765  2530.864198  0.00011599310503596618
 -432.098765  2654.320988  0.00011620099378392029
 -432.098765  2777.777778  0.00011604537267524784
 -432.098765  2901.234568  0.00011551941364117157
 -432.098765  3024.691358  0.00011511615650065854
 -432.098765  3148.148148  0.00011486203955479137
 -432.098765  3271.604938  0.00011453834468538755
 -432.098765  3395.061728  0.00011462185826614728
 -432.098765  3518.518519  0.00011432229859966779
 -432.098765  3641.975309  0.00011453806701476423
 -432.098765  3765.432099  0.00011409561966638244
 -432.098765  3888.888889  0.00011446859469087580
 -432.098765  4012.345679  0.00011370967187052213
 -432.098765  4135.802469  0.00011340755205637604
 -432.098765  4259.259259  0.00011463218004827434
 -432.098765  4382.716049  0.00011233582512074079
 -432.098765  4506.172840  0.00011025307940323470
 -432.098765  4629.629630  0.00011685239430623897
 -432.098765  4753.086420  0.00011192880696673004
 -432.098765  4876.543210  0.00011905967065349003

 -308.641975 -5000.000000  0.00003057704388696075
 -308.641975 -4876.543210  0.00011919570980404448
 -308.641975 -4753.086420  0.00011205799996370826
 -308.641975 -4629.629630  0.00011706365334009700
 -308.641975 -4506.172840  0.00011041357568299856
 -308.641975 -4382.716049  0.00011246548458072452
 -308.641975 -4259.259259  0.00011476870524260278
 -308.641975 -4135.802469  0.00011357049290378769
 -308.641975 -4012.345679  0.00011388596887285995
 -308.641975 -3888.888889  0.00011461210576903484
 -308.641975 -3765.432099  0.00011428159429258450
 -308.641975 -3641.975309  0.00011467617750033039
 -308.641975 -3518.518519  0.00011449247556855313
 -308.641975 -3395.061728  0.00011479046611761147
 -308.641975 -3271.604938  0.00011467905595649262
 -308.641975 -3148.148148  0.00011499469992929543
 -308.641975 -3024.691358  0.00011527726913846637
 -308.641975 -2901.234568  0.00011571009613158449
 -308.641975 -2777.777778  0.00011620362713539927
 -308.641975 -2654.320988  0.00011631054258347228
 -308.641975 -2530.864198  0.00011630470382256097
 -308.641975 -2407.407407  0.00011833382144861014
 -308.641975 -2283.950617  0.00011817692674974968
 -308.641975 -2160.493827  0.00011897867377457649
 -308.641975 -2037.037037  0.00012016304844367679
 -308.641975 -1913.580247  0.00012176422678967780
 -308.641975 -1790.123457  0.00012317498374412011
 -308.641975 -1666.666667  0.00012492626586853178
 -308.641975 -1543.209877  0.00012755287618263322
 -308.641975 -1419.753086  0.00013134426607995980
 -308.641975 -1296.296296  0.00013432881488933021
 -308.641975 -1172.839506  0.00014164684606272248
 -308.641975 -1049.382716  0.00014859455700442535
 -308.641975  -925.925926  0.00016063844165835667
 -308.641975  -802.469136  0.00017621881383915455
 -308.641975  -679.012346  0.00019838736102263451
 -308.641975  -555.555556  0.00022768519567126507
 -308.641975  -432.098765  0.00026359441704106181
 -308.641975  -308.641975  0.00030111119873323198
 -308.641975  -185.185185  0.00033215318382605043
 -308.641975   -61.728395  0.00035000945877836412
 -308.641975    61.728395  0.00035000945877844441
 -308.641975   185.185185  0.00033215318382623528
 -308.641975   308.641975  0.00030111119873338870
 -308.641975   432.098765  0.00026359441704112730
 -308.641975   555.555556  0.00022768519567122481
 -308.641975   679.012346  0.00019838736102251108
 -308.641975   802.469136  0.00017621881383894907
 -308.641975   925.925926  0.00016063844165809524
 -308.641975  1049.382716  0.00014859455700411744
 -308.641975  1172.839506  0.00014164684606235512
 -308.641975  1296.296296  0.00013432881488893657
 -308.641975  1419.753086  0.00013134426607952420
 -308.641975  1543.209877  0.00012755287618216511
 -308.641975  1666.666667  0.00012492626586802877
 -308.641975  1790.123457  0.00012317498374357763
 -308.641975  1913.580247  0.00012176422678911718
 -308.641975  2037.037037  0.00012016304844311303
 -308.641975  2160.493827  0.00011897867377397209
 -308.641975  2283.950617  0.00011817692674910252
 -308.641975  2407.407407  0.00011833382144786571
 -308.641975  2530.864198  0.00011630470382195314
 -308.641975  2654.320988  0.00011631054258268314
 -308.641975  2777.777778  0.00011620362713455834
 -308.641975  2901.234568  0.00011571009613076967
 -308.641975  3024.691358  0.00011527726913766509
 -308.641975  3148.148148  0.00011499469992848354
 -308.641975  3271.604938  0.00011467905595562229
 -308.641975  3395.061728  0.00011479046611665292
 -308.641975  3518.518519  0.00011449247556752855
 -308.641975  3641.975309  0.00011467617749925185
 -308.641975  3765.432099  0.00011428159429149203
 -308.641975  3888.888889  0.00011461210576795053
 -308.641975  4012.345679  0.00011388596887179400
 -308.641975  4135.802469  0.00011357049290272945
 -308.641975  4259.259259  0.00011476870524149923
 -308.641975  4382.716049  0.00011246548457953549
 -308.641975  4506.172840  0.00011041357568169170
 -308.641975  4629.629630  0.00011706365333865447
 -308.641975  4753.086420  0.00011205799996225539
 -308.641975  4876.543210  0.00011919570980287166

 -185.185185 -5000.000000  0.00003068968011362209
 -185.185185 -4876.543210  0.00011941939922080410
 -185.185185 -4753.086420  0.00011226439436773803
 -185.185185 -4629.629630  0.00011731561382425837
 -185.185185 -4506.172840  0.00011063370835902737
 -185.185185 -4382.716049  0.00011267543576007524
 -185.185185 -4259.259259  0.00011498549051637970
 -185.185185 -4135.802469  0.00011379731603214755
 -185.185185 -4012.345679  0.00011411890085295977
 -185.185185 -3888.888889  0.00011483027312415710
 -185.185185 -3765.432099  0.00011451924159841913
 -185.185185 -3641.975309  0.00011489613024095724
 -185.185185 -3518.518519  0.00011472701390135938
 -185.185185 -3395.061728  0.00011502560666362022
 -185.185185 -3271.604938  0.00011490181090263285
 -185.185185 -3148.148148  0.00011521364434058665
 -185.185185 -3024.691358  0.00011550817734844118
 -185.185185 -2901.234568  0.00011595477672210987
 -185.185185 -2777.777778  0.00011643344163418081
 -185.185185 -2654.320988  0.00011652126823488513
 -185.185185 -2530.864198  0.00011661060114268910
 -185.185185 -2407.407407  0.00011874241012807279
 -185.185185 -2283.950617  0.00011863252790326468
 -185.185185 -2160.493827  0.00011940461943654956
 -185.185185 -2037.037037  0.00012060103238199913
 -185.185185 -1913.580247  0.00012221490007233819
 -185.185185 -1790.123457  0.00012364530524207614
 -185.185185 -1666.666667  0.00012539975420851164
 -185.185185 -1543.209877  0.00012803448893371354
 -185.185185 -1419.753086  0.00013185632005181526
 -185.185185 -1296.296296  0.00013486602006557895
 -185.185185 -1172.839506  0.00014206495663459713
 -185.185185 -1049.382716  0.00014905318182998833
 -185.185185  -925.925926  0.00016113408752102193
 -185.185185  -802.469136  0.00017678031722262436
 -185.185185  -679.012346  0.00019903129372009028
 -185.185185  -555.555556  0.00022844940803247424
 -185.185185  -432.098765  0.00026450724043946102
 -185.185185  -308.641975  0.00030218323508400443
 -185.185185  -185.185185  0.00033335244276018109
 -185.185185   -61.728395  0.00035122490626286068
 -185.185185    61.728395  0.00035122490626293945
 -185.185185   185.185185  0.00033335244276036621
 -185.185185   308.641975  0.00030218323508416245
 -185.185185   432.098765  0.00026450724043952764
 -185.185185   555.555556  0.00022844940803243361
 -185.185185   679.012346  0.00019903129371996424
 -185.185185   802.469136  0.00017678031722241890
 -185.185185   925.925926  0.00016113408752075901
 -185.185185  1049.382716  0.00014905318182967977
 -185.185185  1172.839506  0.00014206495663423086
 -185.185185  1296.296296  0.00013486602006518755
 -185.185185  1419.753086  0.00013185632005138155
 -185.185185  1543.209877  0.00012803448893324674
 -185.185185  1666.666667  0.00012539975420801033
 -185.185185  1790.123457  0.00012364530524153794
 -185.185185  1913.580247  0.00012221490007178156
 -185.185185  2037.037037  0.00012060103238143783
 -185.185185  2160.493827  0.00011940461943594902
 -185.185185  2283.950617  0.00011863252790262131
 -185.185185  2407.407407  0.00011874241012733053
 -185.185185  2530.864198  0.00011661060114208314
 -185.185185  2654.320988  0.00011652126823409974
 -185.185185  2777.777778  0.00011643344163334361
 -185.185185  2901.234568  0.00011595477672129904
 -185.185185  3024.691358  0.00011550817734764555
 -185.185185  3148.148148  0.00011521364433977890
 -185.185185  3271.604938  0.00011490181090176726
 -185.185185  3395.061728  0.00011502560666266511
 -185.185185  3518.518519  0.00011472701390033928
 -185.185185  3641.975309  0.00011489613023988545
 -185.185185  3765.432099  0.00011451924159733245
 -185.185185  3888.888889  0.00011483027312307637
 -185.185185  4012.345679  0.00011411890085190060
 -185.185185  4135.802469  0.00011379731603109617
 -185.185185  4259.259259  0.00011498549051528197
 -185.185185  4382.716049  0.00011267543575889112
 -185.185185  4506.172840  0.00011063370835772664
 -185.185185  4629.629630  0.00011731561382282212
 -185.185185  4753.086420  0.00011226439436629043
 -185.185185  4876.543210  0.00011941939921963669

  -61.728395 -5000.000000  0.00003075500620335525
  -61.728395 -4876.543210  0.00012035809854468149
  -61.728395 -4753.086420  0.00011316692503847700
  -61.728395 -4629.629630  0.00011814643199016260
  -61.728395 -4506.172840  0.00011147102245395793
  -61.728395 -4382.716049  0.00011356947920258480
  -61.728395 -4259.259259  0.00011588770349679691
  -61.728395 -4135.802469  0.00011465179093351836
  -61.728395 -4012.345679  0.00011496073927374488
  -61.728395 -3888.888889  0.00011572991368562853
  -61.728395 -3765.432099  0.00011535806173088458
  -61.728395 -3641.975309  0.00011580739789332195
  -61.728395 -3518.518519  0.00011559064096501404
  -61.728395 -3395.061728  0.00011589324986050174
  -61.728395 -3271.604938  0.00011580701592583348
  -61.728395 -3148.148148  0.00011613388912553544
  -61.728395 -3024.691358  0.00011639348660574316
  -61.728395 -2901.234568  0.00011680713339722151
  -61.728395 -2777.777778  0.00011734526142882701
  -61.728395 -2654.320988  0.00011750855465287999
  -61.728395 -2530.864198  0.00011730525399166784
  -61.728395 -2407.407407  0.00011906354428484867
  -61.728395 -2283.950617  0.00011885412229620224
  -61.728395 -2160.493827  0.00011973158521396001
  -61.728395 -2037.037037  0.00012091542218429436
  -61.728395 -1913.580247  0.00012251009190047737
  -61.728395 -1790.123457  0.00012391946531234717
  -61.728395 -1666.666667  0.00012571382529839563
  -61.728395 -1543.209877  0.00012839404165873342
  -61.728395 -1419.753086  0.00013219117953422219
  -61.728395 -1296.296296  0.00013519780995123717
  -61.728395 -1172.839506  0.00014233774832363917
  -61.728395 -1049.382716  0.00014934420348622308
  -61.728395  -925.925926  0.00016144681193885454
  -61.728395  -802.469136  0.00017712653515816060
  -61.728395  -679.012346  0.00019942310559892387
  -61.728395  -555.555556  0.00022892963589012688
  -61.728395  -432.098765  0.00026510862600731018
  -61.728395  -308.641975  0.00030289634919376042
  -61.728395  -185.185185  0.00033409405404345488
  -61.728395   -61.728395  0.00035184298874815111
  -61.728395    61.728395  0.00035184298874822446
  -61.728395   185.185185  0.00033409405404363172
  -61.728395   308.641975  0.00030289634919391351
  -61.728395   432.098765  0.00026510862600737616
  -61.728395   555.555556  0.00022892963589008340
  -61.728395   679.012346  0.00019942310559879897
  -61.728395   802.469136  0.00017712653515795240
  -61.728395   925.925926  0.00016144681193859154
  -61.728395  1049.382716  0.00014934420348591541
  -61.728395  1172.839506  0.00014233774832327287
  -61.728395  1296.296296  0.00013519780995084171
  -61.728395  1419.753086  0.00013219117953378582
  -61.728395  1543.209877  0.00012839404165826304
  -61.728395  1666.666667  0.00012571382529788988
  -61.728395  1790.123457  0.00012391946531180236
  -61.728395  1913.580247  0.00012251009189991532
  -61.728395  2037.037037  0.00012091542218372642
  -61.728395  2160.493827  0.00011973158521335221
  -61.728395  2283.950617  0.00011885412229555363
  -61.728395  2407.407407  0.00011906354428410168
  -61.728395  2530.864198  0.00011730525399105531
  -61.728395  2654.320988  0.00011750855465208701
  -61.728395  2777.777778  0.00011734526142798140
  -61.728395  2901.234568  0.00011680713339640405
  -61.728395  3024.691358  0.00011639348660493906
  -61.728395  3148.148148  0.00011613388912472073
  -61.728395  3271.604938  0.00011580701592496065
  -61.728395  3395.061728  0.00011589324985953704
  -61.728395  3518.518519  0.00011559064096398468
  -61.728395  3641.975309  0.00011580739789224075
  -61.728395  3765.432099  0.00011535806172978646
  -61.728395  3888.888889  0.00011572991368453769
  -61.728395  4012.345679  0.00011496073927267336
  -61.728395  4135.802469  0.00011465179093245463
  -61.728395  4259.259259  0.00011588770349568695
  -61.728395  4382.716049  0.00011356947920139197
  -61.728395  4506.172840  0.00011147102245264480
  -61.728395  4629.629630  0.00011814643198871341
  -61.728395  4753.086420  0.00011316692503701671
  -61.728395  4876.543210  0.00012035809854350142

   61.728395 -5000.000000  0.00003075500620335787
   61.728395 -4876.543210  0.00012035809854469057
   61.728395 -4753.086420  0.00011316692503848615
   61.728395 -4629.629630  0.00011814643199017203
   61.728395 -4506.172840  0.00011147102245396634
   61.728395 -4382.716049  0.00011356947920259450
   61.728395 -4259.259259  0.00011588770349680830
   61.728395 -4135.802469  0.00011465179093353057
   61.728395 -4012.345679  0.00011496073927375639
   61.728395 -3888.888889  0.00011572991368563869
   61.728395 -3765.432099  0.00011535806173089731
   61.728395 -3641.975309  0.00011580739789333284
   61.728395 -3518.518519  0.00011559064096502480
   61.728395 -3395.061728  0.00011589324986051110
   61.728395 -3271.604938  0.00011580701592584444
   61.728395 -3148.148148  0.00011613388912554747
   61.728395 -3024.691358  0.00011639348660575384
   61.728395 -2901.234568  0.00011680713339723245
   61.728395 -2777.777778  0.00011734526142883630
   61.728395 -2654.320988  0.00011750855465288856
   61.728395 -2530.864198  0.00011730525399167744
   61.728395 -2407.407407  0.00011906354428486256
   61.728395 -2283.950617  0.00011885412229621685
   61.728395 -2160.493827  0.00011973158521397440
   61.728395 -2037.037037  0.00012091542218430975
   61.728395 -1913.580247  0.00012251009190049532
   61.728395 -1790.123457  0.00012391946531236422
   61.728395 -1666.666667  0.00012571382529841290
   61.728395 -1543.209877  0.00012839404165875093
   61.728395 -1419.753086  0.00013219117953423951
   61.728395 -1296.296296  0.00013519780995125387
   61.728395 -1172.839506  0.00014233774832365375
   61.728395 -1049.382716  0.00014934420348623620
   61.728395  -925.925926  0.00016144681193886541
   61.728395  -802.469136  0.00017712653515816905
   61.728395  -679.012346  0.00019942310559893626
   61.728395  -555.555556  0.00022892963589013591
   61.728395  -432.098765  0.00026510862600732021
   61.728395  -308.641975  0.00030289634919377349
   61.728395  -185.185185  0.00033409405404347174
   61.728395   -61.728395  0.00035184298874816331
   61.728395    61.728395  0.00035184298874823948
   61.728395   185.185185  0.00033409405404364310
   61.728395   308.641975  0.00030289634919392191
   61.728395   432.098765  0.00026510862600738033
   61.728395   555.555556  0.00022892963589008275
   61.728395   679.012346  0.00019942310559880290
   61.728395   802.469136  0.00017712653515795549
   61.728395   925.925926  0.00016144681193859577
   61.728395  1049.382716  0.00014934420348591764
   61.728395  1172.839506  0.00014233774832327469
   61.728395  1296.296296  0.00013519780995084905
   61.728395  1419.753086  0.00013219117953379309
   61.728395  1543.209877  0.00012839404165826957
   61.728395  1666.666667  0.00012571382529789484
   61.728395  1790.123457  0.00012391946531180745
   61.728395  1913.580247  0.00012251009189992123
   61.728395  2037.037037  0.00012091542218373226
   61.728395  2160.493827  0.00011973158521335916
   61.728395  2283.950617  0.00011885412229556110
   61.728395  2407.407407  0.00011906354428410788
   61.728395  2530.864198  0.00011730525399106317
   61.728395  2654.320988  0.00011750855465209519
   61.728395  2777.777778  0.00011734526142798975
   61.728395  2901.234568  0.00011680713339641213
   61.728395  3024.691358  0.00011639348660494793
   61.728395  3148.148148  0.00011613388912472549
   61.728395  3271.604938  0.00011580701592496538
   61.728395  3395.061728  0.00011589324985954290
   61.728395  3518.518519  0.00011559064096398963
   61.728395  3641.975309  0.00011580739789224338
   61.728395  3765.432099  0.00011535806172979248
   61.728395  3888.888889  0.00011572991368454029
   61.728395  4012.345679  0.00011496073927267767
   61.728395  4135.802469  0.00011465179093245965
   61.728395  4259.259259  0.00011588770349569082
   61.728395  4382.716049  0.00011356947920139357
   61.728395  4506.172840  0.00011147102245264709
   61.728395  4629.629630  0.00011814643198871626
   61.728395  4753.086420  0.00011316692503701920
   61.728395  4876.543210  0.00012035809854350430

  185.185185 -5000.000000  0.00003068968011362225
  185.185185 -4876.543210  0.00011941939922080751
  185.185185 -4753.086420  0.00011226439436774196
  185.185185 -4629.629630  0.00011731561382426440
  185.185185 -4506.172840  0.00011063370835903283
  185.185185 -4382.716049  0.00011267543576007914
  185.185185 -4259.259259  0.00011498549051638586
  185.185185 -4135.802469  0.00011379731603215433
  185.185185 -4012.345679  0.00011411890085296707
  185.185185 -3888.888889  0.00011483027312416270
  185.185185 -3765.432099  0.00011451924159842670
  185.185185 -3641.975309  0.00011489613024096415
  185.185185 -3518.518519  0.00011472701390136599
  185.185185 -3395.061728  0.00011502560666362522
  185.185185 -3271.604938  0.00011490181090263972
  185.185185 -3148.148148  0.00011521364434059405
  185.185185 -3024.691358  0.00011550817734844720
  185.185185 -2901.234568  0.00011595477672211605
  185.185185 -2777.777778  0.00011643344163418696
  185.185185 -2654.320988  0.00011652126823489169
  185.185185 -2530.864198  0.00011661060114269608
  185.185185 -2407.407407  0.00011874241012808362
  185.185185 -2283.950617  0.00011863252790327590
  185.185185 -2160.493827  0.00011940461943656153
  185.185185 -2037.037037  0.00012060103238201330
  185.185185 -1913.580247  0.00012221490007235242
  185.185185 -1790.123457  0.00012364530524209172
  185.185185 -1666.666667  0.00012539975420852460
  185.185185 -1543.209877  0.00012803448893372767
  185.185185 -1419.753086  0.00013185632005183035
  185.185185 -1296.296296  0.00013486602006559259
  185.185185 -1172.839506  0.00014206495663460168
  185.185185 -1049.382716  0.00014905318182999400
  185.185185  -925.925926  0.00016113408752102535
  185.185185  -802.469136  0.00017678031722263103
  185.185185  -679.012346  0.00019903129372009237
  185.185185  -555.555556  0.00022844940803248818
  185.185185  -432.098765  0.00026450724043947435
  185.185185  -308.641975  0.00030218323508402481
  185.185185  -185.185185  0.00033335244276021193
  185.185185   -61.728395  0.00035122490626289011
  185.185185    61.728395  0.00035122490626296498
  185.185185   185.185185  0.00033335244276039066
  185.185185   308.641975  0.00030218323508417687
  185.185185   432.098765  0.00026450724043953474
  185.185185   555.555556  0.00022844940803243757
  185.185185   679.012346  0.00019903129371996075
  185.185185   802.469136  0.00017678031722241733
  185.185185   925.925926  0.00016113408752075505
  185.185185  1049.382716  0.00014905318182967516
  185.185185  1172.839506  0.00014206495663422603
  185.185185  1296.296296  0.00013486602006519056
  185.185185  1419.753086  0.00013185632005138499
  185.185185  1543.209877  0.00012803448893324869
  185.185185  1666.666667  0.00012539975420800925
  185.185185  1790.123457  0.00012364530524153710
  185.185185  1913.580247  0.00012221490007177936
  185.185185  2037.037037  0.00012060103238143620
  185.185185  2160.493827  0.00011940461943594770
  185.185185  2283.950617  0.00011863252790262153
  185.185185  2407.407407  0.00011874241012733147
  185.185185  2530.864198  0.00011661060114208595
  185.185185  2654.320988  0.00011652126823410392
  185.185185  2777.777778  0.00011643344163334597
  185.185185  2901.234568  0.00011595477672129981
  185.185185  3024.691358  0.00011550817734764658
  185.185185  3148.148148  0.00011521364433978031
  185.185185  3271.604938  0.00011490181090176803
  185.185185  3395.061728  0.00011502560666266568
  185.185185  3518.518519  0.00011472701390033997
  185.185185  3641.975309  0.00011489613023988523
  185.185185  3765.432099  0.00011451924159733044
  185.185185  3888.888889  0.00011483027312307332
  185.185185  4012.345679  0.00011411890085189802
  185.185185  4135.802469  0.00011379731603109269
  185.185185  4259.259259  0.00011498549051527828
  185.185185  4382.716049  0.00011267543575888767
  185.185185  4506.172840  0.00011063370835772397
  185.185185  4629.629630  0.00011731561382282031
  185.185185  4753.086420  0.00011226439436628834
  185.185185  4876.543210  0.00011941939921963160

  308.641975 -5000.000000  0.00003057704388696156
  308.641975 -4876.543210  0.00011919570980404483
  308.641975 -4753.086420  0.00011205799996370985
  308.641975 -4629.629630  0.00011706365334009998
  308.641975 -4506.172840  0.00011041357568299990
  308.641975 -4382.716049  0.00011246548458072589
  308.641975 -4259.259259  0.00011476870524260545
  308.641975 -4135.802469  0.00011357049290379075
  308.641975 -4012.345679  0.00011388596887286280
  308.641975 -3888.888889  0.00011461210576903706
  308.641975 -3765.432099  0.00011428159429258860
  308.641975 -3641.975309  0.00011467617750033292
  308.641975 -3518.518519  0.00011449247556855642
  308.641975 -3395.061728  0.00011479046611761490
  308.641975 -3271.604938  0.00011467905595649637
  308.641975 -3148.148148  0.00011499469992929947
  308.641975 -3024.691358  0.00011527726913846985
  308.641975 -2901.234568  0.00011571009613158902
  308.641975 -2777.777778  0.00011620362713540377
  308.641975 -2654.320988  0.00011631054258347673
  308.641975 -2530.864198  0.00011630470382256691
  308.641975 -2407.407407  0.00011833382144861893
  308.641975 -2283.950617  0.00011817692674975817
  308.641975 -2160.493827  0.00011897867377458585
  308.641975 -2037.037037  0.00012016304844368824
  308.641975 -1913.580247  0.00012176422678968869
  308.641975 -1790.123457  0.00012317498374413114
  308.641975 -1666.666667  0.00012492626586854311
  308.641975 -1543.209877  0.00012755287618264617
  308.641975 -1419.753086  0.00013134426607997265
  308.641975 -1296.296296  0.00013432881488934241
  308.641975 -1172.839506  0.00014164684606272985
  308.641975 -1049.382716  0.00014859455700443256
  308.641975  -925.925926  0.00016063844165836727
  308.641975  -802.469136  0.00017621881383916900
  308.641975  -679.012346  0.00019838736102265004
  308.641975  -555.555556  0.00022768519567128615
  308.641975  -432.098765  0.00026359441704108371
  308.641975  -308.641975  0.00030111119873326217
  308.641975  -185.185185  0.00033215318382609336
  308.641975   -61.728395  0.00035000945877841047
  308.641975    61.728395  0.00035000945877848523
  308.641975   185.185185  0.00033215318382627263
  308.641975   308.641975  0.00030111119873341510
  308.641975   432.098765  0.00026359441704114540
  308.641975   555.555556  0.00022768519567123663
  308.641975   679.012346  0.00019838736102251880
  308.641975   802.469136  0.00017621881383895436
  308.641975   925.925926  0.00016063844165809684
  308.641975  1049.382716  0.00014859455700411546
  308.641975  1172.839506  0.00014164684606235198
  308.641975  1296.296296  0.00013432881488894066
  308.641975  1419.753086  0.00013134426607952745
  308.641975  1543.209877  0.00012755287618216557
  308.641975  1666.666667  0.00012492626586802687
  308.641975  1790.123457  0.00012317498374357562
  308.641975  1913.580247  0.00012176422678911580
  308.641975  2037.037037  0.00012016304844311068
  308.641975  2160.493827  0.00011897867377397085
  308.641975  2283.950617  0.00011817692674910222
  308.641975  2407.407407  0.00011833382144786606
  308.641975  2530.864198  0.00011630470382195382
  308.641975  2654.320988  0.00011631054258268531
  308.641975  2777.777778  0.00011620362713456067
  308.641975  2901.234568  0.00011571009613077225
  308.641975  3024.691358  0.00011527726913766735
  308.641975  3148.148148  0.00011499469992848259
  308.641975  3271.604938  0.00011467905595562264
  308.641975  3395.061728  0.00011479046611665209
  308.641975  3518.518519  0.00011449247556752599
  308.641975  3641.975309  0.00011467617749924925
  308.641975  3765.432099  0.00011428159429149062
  308.641975  3888.888889  0.00011461210576794461
  308.641975  4012.345679  0.00011388596887179028
  308.641975  4135.802469  0.00011357049290272476
  308.641975  4259.259259  0.00011476870524149476
  308.641975  4382.716049  0.00011246548457952916
  308.641975  4506.172840  0.00011041357568168638
  308.641975  4629.629630  0.00011706365333865008
  308.641975  4753.086420  0.00011205799996224945
  308.641975  4876.543210  0.00011919570980286225

  432.098765 -5000.000000  0.00003042898871868689
  432.098765 -4876.543210  0.00011905967065466834
  432.098765 -4753.086420  0.00011192880696819107
  432.098765 -4629.629630  0.00011685239430769175
  432.098765 -4506.172840  0.00011025307940455036
  432.098765 -4382.716049  0.00011233582512193881
  432.098765 -4259.259259  0.00011463218004938826
  432.098765 -4135.802469  0.00011340755205744519
  432.098765 -4012.345679  0.00011370967187159778
  432.098765 -3888.888889  0.00011446859469197079
  432.098765 -3765.432099  0.00011409561966748595
  432.098765 -3641.975309  0.00011453806701585214
  432.098765 -3518.518519  0.00011432229860070338
  432.098765 -3395.061728  0.00011462185826711500
  432.098765 -3271.604938  0.00011453834468626635
  432.098765 -3148.148148  0.00011486203955561443
  432.098765 -3024.691358  0.00011511615650146752
  432.098765 -2901.234568  0.00011551941364199505
  432.098765 -2777.777778  0.00011604537267609641
  432.098765 -2654.320988  0.00011620099378471613
  432.098765 -2530.864198  0.00011599310503658315
  432.098765 -2407.407407  0.00011770787466092695
  432.098765 -2283.950617  0.00011748126594673442
  432.098765 -2160.493827  0.00011834568621452068
  432.098765 -2037.037037  0.00011950958029528807
  432.098765 -1913.580247  0.00012107715232650454
  432.098765 -1790.123457  0.00012245527305972844
  432.098765 -1666.666667  0.00012421052716901992
  432.098765 -1543.209877  0.00012683651948055093
  432.098765 -1419.753086  0.00013056453319269150
  432.098765 -1296.296296  0.00013351588678686780
  432.098765 -1172.839506  0.00014061238716145782
  432.098765 -1049.382716  0.00014750957605648586
  432.098765  -925.925926  0.00015943896588713151
  432.098765  -802.469136  0.00017489014894339229
  432.098765  -679.012346  0.00019685839534997756
  432.098765  -555.555556  0.00022590947280567498
  432.098765  -432.098765  0.00026151468151560503
  432.098765  -308.641975  0.00029870843655175922
  432.098765  -185.185185  0.00032947216122637950
  432.098765   -61.728395  0.00034715412618467286
  432.098765    61.728395  0.00034715412618474550
  432.098765   185.185185  0.00032947216122655693
  432.098765   308.641975  0.00029870843655190879
  432.098765   432.098765  0.00026151468151566423
  432.098765   555.555556  0.00022590947280562448
  432.098765   679.012346  0.00019685839534984190
  432.098765   802.469136  0.00017489014894317447
  432.098765   925.925926  0.00015943896588685954
  432.098765  1049.382716  0.00014750957605616773
  432.098765  1172.839506  0.00014061238716108103
  432.098765  1296.296296  0.00013351588678646380
  432.098765  1419.753086  0.00013056453319224381
  432.098765  1543.209877  0.00012683651948006930
  432.098765  1666.666667  0.00012421052716850211
  432.098765  1790.123457  0.00012245527305917013
  432.098765  1913.580247  0.00012107715232593003
  432.098765  2037.037037  0.00011950958029470831
  432.098765  2160.493827  0.00011834568621390306
  432.098765  2283.950617  0.00011748126594607555
  432.098765  2407.407407  0.00011770787466017074
  432.098765  2530.864198  0.00011599310503596647
  432.098765  2654.320988  0.00011620099378392072
  432.098765  2777.777778  0.00011604537267524957
  432.098765  2901.234568  0.00011551941364117340
  432.098765  3024.691358  0.00011511615650065997
  432.098765  3148.148148  0.00011486203955478910
  432.098765  3271.604938  0.00011453834468538547
  432.098765  3395.061728  0.00011462185826614446
  432.098765  3518.518519  0.00011432229859966550
  432.098765  3641.975309  0.00011453806701476054
  432.098765  3765.432099  0.00011409561966638011
  432.098765  3888.888889  0.00011446859469086939
  432.098765  4012.345679  0.00011370967187051703
  432.098765  4135.802469  0.00011340755205637207
  432.098765  4259.259259  0.00011463218004826876
  432.098765  4382.716049  0.00011233582512073492
  432.098765  4506.172840  0.00011025307940322829
  432.098765  4629.629630  0.00011685239430623233
  432.098765  4753.086420  0.00011192880696672211
  432.098765  4876.543210  0.00011905967065347928

  555.555556 -5000.000000  0.00003022038721942391
  555.555556 -4876.543210  0.00011847369404608712
  555.555556 -4753.086420  0.00011136642264678076
  555.555556 -4629.629630  0.00011622213774586625
  555.555556 -4506.172840  0.00010968174747399096
  555.555556 -4382.716049  0.00011177689365616488
  555.555556 -4259.259259  0.00011406159471737107
  555.555556 -4135.802469  0.00011282651352677246
  555.555556 -4012.345679  0.00011311815587048486
  555.555556 -3888.888889  0.00011389120024272047
  555.555556 -3765.432099  0.00011349354969137066
  555.555556 -3641.975309  0.00011396084060156202
  555.555556 -3518.518519  0.00011372726242773763
  555.555556 -3395.061728  0.00011402671096949630
  555.555556 -3271.604938  0.00011396032635005114
  555.555556 -3148.148148  0.00011428692504468943
  555.555556 -3024.691358  0.00011452172716180169
  555.555556 -2901.234568  0.00011490314628578324
  555.555556 -2777.777778  0.00011544218450547971
  555.555556 -2654.320988  0.00011562394982503297
  555.555556 -2530.864198  0.00011530269263585613
  555.555556 -2407.407407  0.00011682652169487513
  555.555556 -2283.950617  0.00011656006072695910
  555.555556 -2160.493827  0.00011745298126176753
  555.555556 -2037.037037  0.00011859605817356129
  555.555556 -1913.580247  0.00012013161622622241
  555.555556 -1790.123457  0.00012147858012285659
  555.555556 -1666.666667  0.00012322207787621997
  555.555556 -1543.209877  0.00012583056513556270
  555.555556 -1419.753086  0.00012949997911272236
  555.555556 -1296.296296  0.00013240234292606569
  555.555556 -1172.839506  0.00013933708477608593
  555.555556 -1049.382716  0.00014615115892642466
  555.555556  -925.925926  0.00015794327240926221
  555.555556  -802.469136  0.00017322344503490231
  555.555556  -679.012346  0.00019494346540198520
  555.555556  -555.555556  0.00022367678954116318
  555.555556  -432.098765  0.00025889708104235920
  555.555556  -308.641975  0.00029568767181327790
  555.555556  -185.185185  0.00032610398605790498
  555.555556   -61.728395  0.00034354629855586316
  555.555556    61.728395  0.00034354629855593320
  555.555556   185.185185  0.00032610398605807829
  555.555556   308.641975  0.00029568767181342503
  555.555556   432.098765  0.00025889708104241471
  555.555556   555.555556  0.00022367678954110829
  555.555556   679.012346  0.00019494346540184873
  555.555556   802.469136  0.00017322344503468596
  555.555556   925.925926  0.00015794327240898796
  555.555556  1049.382716  0.00014615115892610458
  555.555556  1172.839506  0.00013933708477570619
  555.555556  1296.296296  0.00013240234292565800
  555.555556  1419.753086  0.00012949997911227191
  555.555556  1543.209877  0.00012583056513507763
  555.555556  1666.666667  0.00012322207787570004
  555.555556  1790.123457  0.00012147858012229705
  555.555556  1913.580247  0.00012013161622564535
  555.555556  2037.037037  0.00011859605817298042
  555.555556  2160.493827  0.00011745298126114828
  555.555556  2283.950617  0.00011656006072629863
  555.555556  2407.407407  0.00011682652169411770
  555.555556  2530.864198  0.00011530269263523607
  555.555556  2654.320988  0.00011562394982423311
  555.555556  2777.777778  0.00011544218450462798
  555.555556  2901.234568  0.00011490314628495840
  555.555556  3024.691358  0.00011452172716099091
  555.555556  3148.148148  0.00011428692504386186
  555.555556  3271.604938  0.00011396032634916586
  555.555556  3395.061728  0.00011402671096852129
  555.555556  3518.518519  0.00011372726242669644
  555.555556  3641.975309  0.00011396084060046681
  555.555556  3765.432099  0.00011349354969026060
  555.555556  3888.888889  0.00011389120024161592
  555.555556  4012.345679  0.00011311815586940097
  555.555556  4135.802469  0.00011282651352569643
  555.555556  4259.259259  0.00011406159471624822
  555.555556  4382.716049  0.00011177689365495591
  555.555556  4506.172840  0.00010968174747266509
  555.555556  4629.629630  0.00011622213774440253
  555.555556  4753.086420  0.00011136642264530565
  555.555556  4876.543210  0.00011847369404489281

  679.012346 -5000.000000  0.00002993380667765906
  679.012346 -4876.543210  0.00011720794567939179
  679.012346 -4753.086420  0.00011015550403905885
  679.012346 -4629.629630  0.00011497492592170457
  679.012346 -4506.172840  0.00010849885447243368
  679.012346 -4382.716049  0.00011057199716187283
  679.012346 -4259.259259  0.00011283759014892749
  679.012346 -4135.802469  0.00011162077626909666
  679.012346 -4012.345679  0.00011190883582900810
  679.012346 -3888.888889  0.00011266378028529683
  679.012346 -3765.432099  0.00011227471984159081
  679.012346 -3641.975309  0.00011272162053181360
  679.012346 -3518.518519  0.00011249678451287570
  679.012346 -3395.061728  0.00011279254457489711
  679.012346 -3271.604938  0.00011272218062124722
  679.012346 -3148.148148  0.00011304317444116370
  679.012346 -3024.691358  0.00011327830210499157
  679.012346 -2901.234568  0.00011365468619719610
  679.012346 -2777.777778  0.00011417388153518302
  679.012346 -2654.320988  0.00011433846008314852
  679.012346 -2530.864198  0.00011406862488129061
  679.012346 -2407.407407  0.00011568515682659881
  679.012346 -2283.950617  0.00011542134539655477
  679.012346 -2160.493827  0.00011628452091806876
  679.012346 -2037.037037  0.00011740932727346744
  679.012346 -1913.580247  0.00011892602998588642
  679.012346 -1790.123457  0.00012024710645514047
  679.012346 -1666.666667  0.00012195320043567277
  679.012346 -1543.209877  0.00012451755235033183
  679.012346 -1419.753086  0.00012815167512759376
  679.012346 -1296.296296  0.00013097898153743937
  679.012346 -1172.839506  0.00013806512055553492
  679.012346 -1049.382716  0.00014474724509175107
  679.012346  -925.925926  0.00015641646478937107
  679.012346  -802.469136  0.00017149609673004532
  679.012346  -679.012346  0.00019296243753026636
  679.012346  -555.555556  0.00022134191257560035
  679.012346  -432.098765  0.00025614458790738432
  679.012346  -308.641975  0.00029250258538993432
  679.012346  -185.185185  0.00032254634769025788
  679.012346   -61.728395  0.00033974903192273526
  679.012346    61.728395  0.00033974903192279414
  679.012346   185.185185  0.00032254634769042240
  679.012346   308.641975  0.00029250258539007472
  679.012346   432.098765  0.00025614458790743333
  679.012346   555.555556  0.00022134191257554137
  679.012346   679.012346  0.00019296243753012219
  679.012346   802.469136  0.00017149609672982314
  679.012346   925.925926  0.00015641646478909286
  679.012346  1049.382716  0.00014474724509142621
  679.012346  1172.839506  0.00013806512055515257
  679.012346  1296.296296  0.00013097898153703312
  679.012346  1419.753086  0.00012815167512714612
  679.012346  1543.209877  0.00012451755234985017
  679.012346  1666.666667  0.00012195320043515472
  679.012346  1790.123457  0.00012024710645458469
  679.012346  1913.580247  0.00011892602998530981
  679.012346  2037.037037  0.00011740932727288573
  679.012346  2160.493827  0.00011628452091744864
  679.012346  2283.950617  0.00011542134539589340
  679.012346  2407.407407  0.00011568515682584062
  679.012346  2530.864198  0.00011406862488066945
  679.012346  2654.320988  0.00011433846008234645
  679.012346  2777.777778  0.00011417388153432986
  679.012346  2901.234568  0.00011365468619636978
  679.012346  3024.691358  0.00011327830210417776
  679.012346  3148.148148  0.00011304317444033712
  679.012346  3271.604938  0.00011272218062036290
  679.012346  3395.061728  0.00011279254457392418
  679.012346  3518.518519  0.00011249678451183551
  679.012346  3641.975309  0.00011272162053071855
  679.012346  3765.432099  0.00011227471984047843
  679.012346  3888.888889  0.00011266378028418856
  679.012346  4012.345679  0.00011190883582792131
  679.012346  4135.802469  0.00011162077626801736
  679.012346  4259.259259  0.00011283759014780225
  679.012346  4382.716049  0.00011057199716066355
  679.012346  4506.172840  0.00010849885447110659
  679.012346  4629.629630  0.00011497492592024145
  679.012346  4753.086420  0.00011015550403758483
  679.012346  4876.543210  0.00011720794567819774

  802.469136 -5000.000000  0.00002961646614234729
  802.469136 -4876.543210  0.00011557743736590529
  802.469136 -4753.086420  0.00010859774025952636
  802.469136 -4629.629630  0.00011340909065993197
  802.469136 -4506.172840  0.00010699298773037099
  802.469136 -4382.716049  0.00010902066524023704
  802.469136 -4259.259259  0.00011126375098365793
  802.469136 -4135.802469  0.00011008483165302470
  802.469136 -4012.345679  0.00011037620203993486
  802.469136 -3888.888889  0.00011109099699566920
  802.469136 -3765.432099  0.00011073537159044871
  802.469136 -3641.975309  0.00011113964798355883
  802.469136 -3518.518519  0.00011093927660918401
  802.469136 -3395.061728  0.00011122872700575410
  802.469136 -3271.604938  0.00011113917491620220
  802.469136 -3148.148148  0.00011144862760339045
  802.469136 -3024.691358  0.00011169806180438695
  802.469136 -2901.234568  0.00011208508391636833
  802.469136 -2777.777778  0.00011256231336988544
  802.469136 -2654.320988  0.00011267616658800114
  802.469136 -2530.864198  0.00011254074834309275
  802.469136 -2407.407407  0.00011427857829727604
  802.469136 -2283.950617  0.00011406236888733315
  802.469136 -2160.493827  0.00011484789090079260
  802.469136 -2037.037037  0.00011595038784613742
  802.469136 -1913.580247  0.00011744666673578836
  802.469136 -1790.123457  0.00011876061038211225
  802.469136 -1666.666667  0.00012042094729369970
  802.469136 -1543.209877  0.00012291152903790063
  802.469136 -1419.753086  0.00012647628432806561
  802.469136 -1296.296296  0.00012929170879770211
  802.469136 -1172.839506  0.00013618442220871007
  802.469136 -1049.382716  0.00014278054351087862
  802.469136  -925.925926  0.00015421644547006566
  802.469136  -802.469136  0.00016903736489263225
  802.469136  -679.012346  0.00019013770052709255
  802.469136  -555.555556  0.00021804596606189128
  802.469136  -432.098765  0.00025225366547177824
  802.469136  -308.641975  0.00028798303858913743
  802.469136  -185.185185  0.00031752163158373423
  802.469136   -61.728395  0.00033444181072210413
  802.469136    61.728395  0.00033444181072216442
  802.469136   185.185185  0.00031752163158389914
  802.469136   308.641975  0.00028798303858927491
  802.469136   432.098765  0.00025225366547182502
  802.469136   555.555556  0.00021804596606182777
  802.469136   679.012346  0.00019013770052694505
  802.469136   802.469136  0.00016903736489240565
  802.469136   925.925926  0.00015421644546978591
  802.469136  1049.382716  0.00014278054351055453
  802.469136  1172.839506  0.00013618442220832862
  802.469136  1296.296296  0.00012929170879729646
  802.469136  1419.753086  0.00012647628432761669
  802.469136  1543.209877  0.00012291152903741901
  802.469136  1666.666667  0.00012042094729318429
  802.469136  1790.123457  0.00011876061038155743
  802.469136  1913.580247  0.00011744666673521516
  802.469136  2037.037037  0.00011595038784555764
  802.469136  2160.493827  0.00011484789090017565
  802.469136  2283.950617  0.00011406236888667544
  802.469136  2407.407407  0.00011427857829652153
  802.469136  2530.864198  0.00011254074834247234
  802.469136  2654.320988  0.00011267616658720394
  802.469136  2777.777778  0.00011256231336903604
  802.469136  2901.234568  0.00011208508391554324
  802.469136  3024.691358  0.00011169806180357707
  802.469136  3148.148148  0.00011144862760256800
  802.469136  3271.604938  0.00011113917491532232
  802.469136  3395.061728  0.00011122872700478558
  802.469136  3518.518519  0.00011093927660814720
  802.469136  3641.975309  0.00011113964798246745
  802.469136  3765.432099  0.00011073537158933824
  802.469136  3888.888889  0.00011109099699456480
  802.469136  4012.345679  0.00011037620203885128
  802.469136  4135.802469  0.00011008483165194901
  802.469136  4259.259259  0.00011126375098253593
  802.469136  4382.716049  0.00010902066523903176
  802.469136  4506.172840  0.00010699298772904888
  802.469136  4629.629630  0.00011340909065847382
  802.469136  4753.086420  0.00010859774025805835
  802.469136  4876.543210  0.00011557743736471948

  925.925926 -5000.000000  0.00002921678675536565
  925.925926 -4876.543210  0.00011364911320657440
  925.925926 -4753.086420  0.00010674287195483843
  925.925926 -4629.629630  0.00011152061062174890
  925.925926 -4506.172840  0.00010519251711657292
  925.925926 -4382.716049  0.00010718098337857420
  925.925926 -4259.259259  0.00010939752398612166
  925.925926 -4135.802469  0.00010825262466380491
  925.925926 -4012.345679  0.00010854036479998291
  925.925926 -3888.888889  0.00010921707467549456
  925.925926 -3765.432099  0.00010888588084778935
  925.925926 -3641.975309  0.00010925016443324848
  925.925926 -3518.518519  0.00010907261545047294
  925.925926 -3395.061728  0.00010935768608311734
  925.925926 -3271.604938  0.00010925582566034158
  925.925926 -3148.148148  0.00010955409614067177
  925.925926 -3024.691358  0.00010980941741881305
  925.925926 -2901.234568  0.00011019463439564803
  925.925926 -2777.777778  0.00011063045383733503
  925.925926 -2654.320988  0.00011070884778139979
  925.925926 -2530.864198  0.00011071659969003616
  925.925926 -2407.407407  0.00011263748136640867
  925.925926 -2283.950617  0.00011245835045594077
  925.925926 -2160.493827  0.00011318093757926082
  925.925926 -2037.037037  0.00011426306881909081
  925.925926 -1913.580247  0.00011573249295346029
  925.925926 -1790.123457  0.00011701276303726493
  925.925926 -1666.666667  0.00011861048435213329
  925.925926 -1543.209877  0.00012103256741640647
  925.925926 -1419.753086  0.00012455215880050142
  925.925926 -1296.296296  0.00012725244972370899
  925.925926 -1172.839506  0.00013417790081380129
  925.925926 -1049.382716  0.00014057946552673429
  925.925926  -925.925926  0.00015181557295764592
  925.925926  -802.469136  0.00016632350996481987
  925.925926  -679.012346  0.00018700970469070813
  925.925926  -555.555556  0.00021435451016277063
  925.925926  -432.098765  0.00024789515143911324
  925.925926  -308.641975  0.00028293373092719298
  925.925926  -185.185185  0.00031188718303833081
  925.925926   -61.728395  0.00032848388258323069
  925.925926    61.728395  0.00032848388258329027
  925.925926   185.185185  0.00031188718303849485
  925.925926   308.641975  0.00028293373092732927
  925.925926   432.098765  0.00024789515143915921
  925.925926   555.555556  0.00021435451016270509
  925.925926   679.012346  0.00018700970469056190
  925.925926   802.469136  0.00016632350996459528
  925.925926   925.925926  0.00015181557295736728
  925.925926  1049.382716  0.00014057946552641193
  925.925926  1172.839506  0.00013417790081341897
  925.925926  1296.296296  0.00012725244972330597
  925.925926  1419.753086  0.00012455215880005681
  925.925926  1543.209877  0.00012103256741592847
  925.925926  1666.666667  0.00011861048435162024
  925.925926  1790.123457  0.00011701276303671351
  925.925926  1913.580247  0.00011573249295288897
  925.925926  2037.037037  0.00011426306881851420
  925.925926  2160.493827  0.00011318093757864562
  925.925926  2283.950617  0.00011245835045528420
  925.925926  2407.407407  0.00011263748136565601
  925.925926  2530.864198  0.00011071659968941723
  925.925926  2654.320988  0.00011070884778060384
  925.925926  2777.777778  0.00011063045383648737
  925.925926  2901.234568  0.00011019463439482761
  925.925926  3024.691358  0.00010980941741800591
  925.925926  3148.148148  0.00010955409613985288
  925.925926  3271.604938  0.00010925582565946565
  925.925926  3395.061728  0.00010935768608215129
  925.925926  3518.518519  0.00010907261544943831
  925.925926  3641.975309  0.00010925016443215975
  925.925926  3765.432099  0.00010888588084668434
  925.925926  3888.888889  0.00010921707467439447
  925.925926  4012.345679  0.00010854036479890250
  925.925926  4135.802469  0.00010825262466273165
  925.925926  4259.259259  0.00010939752398500177
  925.925926  4382.716049  0.00010718098337737266
  925.925926  4506.172840  0.00010519251711525457
  925.925926  4629.629630  0.00011152061062029572
  925.925926  4753.086420  0.00010674287195337607
  925.925926  4876.543210  0.00011364911320539304

 1049.382716 -5000.000000  0.00002882888965522382
 1049.382716 -4876.543210  0.00011195704634499965
 1049.382716 -4753.086420  0.00010510963129526689
 1049.382716 -4629.629630  0.00010983546563500483
 1049.382716 -4506.172840  0.00010359762433946036
 1049.382716 -4382.716049  0.00010556358802718664
 1049.382716 -4259.259259  0.00010775632345916142
 1049.382716 -4135.802469  0.00010663211131740438
 1049.382716 -4012.345679  0.00010691339267688855
 1049.382716 -3888.888889  0.00010756626923631829
 1049.382716 -3765.432099  0.00010724448463194500
 1049.382716 -3641.975309  0.00010760388071797260
 1049.382716 -3518.518519  0.00010743266048135574
 1049.382716 -3395.061728  0.00010771511985076250
 1049.382716 -3271.604938  0.00010761197675541134
 1049.382716 -3148.148148  0.00010790238765526479
 1049.382716 -3024.691358  0.00010815176433166949
 1049.382716 -2901.234568  0.00010852868622106942
 1049.382716 -2777.777778  0.00010893740130748058
 1049.382716 -2654.320988  0.00010899860425840559
 1049.382716 -2530.864198  0.00010903012335609281
 1049.382716 -2407.407407  0.00011075456603100255
 1049.382716 -2283.950617  0.00011061542583502337
 1049.382716 -2160.493827  0.00011129128848105898
 1049.382716 -2037.037037  0.00011234102986578625
 1049.382716 -1913.580247  0.00011375464800852182
 1049.382716 -1790.123457  0.00011501050831447473
 1049.382716 -1666.666667  0.00011656188555788856
 1049.382716 -1543.209877  0.00011890626727123259
 1049.382716 -1419.753086  0.00012229072269578917
 1049.382716 -1296.296296  0.00012497179072831427
 1049.382716 -1172.839506  0.00013092140477344357
 1049.382716 -1049.382716  0.00013722208275347925
 1049.382716  -925.925926  0.00014804217577929070
 1049.382716  -802.469136  0.00016213882645466445
 1049.382716  -679.012346  0.00018217338405367945
 1049.382716  -555.555556  0.00020872462142076928
 1049.382716  -432.098765  0.00024125959145596809
 1049.382716  -308.641975  0.00027523770766114979
 1049.382716  -185.185185  0.00030333997454985343
 1049.382716   -61.728395  0.00031946301185591889
 1049.382716    61.728395  0.00031946301185598416
 1049.382716   185.185185  0.00030333997455001319
 1049.382716   308.641975  0.00027523770766127979
 1049.382716   432.098765  0.00024125959145601002
 1049.382716   555.555556  0.00020872462142070255
 1049.382716   679.012346  0.00018217338405353330
 1049.382716   802.469136  0.00016213882645444217
 1049.382716   925.925926  0.00014804217577901510
 1049.382716  1049.382716  0.00013722208275315987
 1049.382716  1172.839506  0.00013092140477306513
 1049.382716  1296.296296  0.00012497179072790867
 1049.382716  1419.753086  0.00012229072269534421
 1049.382716  1543.209877  0.00011890626727075426
 1049.382716  1666.666667  0.00011656188555737492
 1049.382716  1790.123457  0.00011501050831392310
 1049.382716  1913.580247  0.00011375464800795137
 1049.382716  2037.037037  0.00011234102986521042
 1049.382716  2160.493827  0.00011129128848044547
 1049.382716  2283.950617  0.00011061542583436823
 1049.382716  2407.407407  0.00011075456603025087
 1049.382716  2530.864198  0.00010903012335547577
 1049.382716  2654.320988  0.00010899860425761019
 1049.382716  2777.777778  0.00010893740130663405
 1049.382716  2901.234568  0.00010852868622024994
 1049.382716  3024.691358  0.00010815176433086371
 1049.382716  3148.148148  0.00010790238765444606
 1049.382716  3271.604938  0.00010761197675453504
 1049.382716  3395.061728  0.00010771511984979787
 1049.382716  3518.518519  0.00010743266048032439
 1049.382716  3641.975309  0.00010760388071688693
 1049.382716  3765.432099  0.00010724448463084322
 1049.382716  3888.888889  0.00010756626923521975
 1049.382716  4012.345679  0.00010691339267581119
 1049.382716  4135.802469  0.00010663211131633459
 1049.382716  4259.259259  0.00010775632345804502
 1049.382716  4382.716049  0.00010556358802598734
 1049.382716  4506.172840  0.00010359762433814450
 1049.382716  4629.629630  0.00010983546563355405
 1049.382716  4753.086420  0.00010510963129380743
 1049.382716  4876.543210  0.00011195704634382186

 1172.839506 -5000.000000  0.00002826857851412968
 1172.839506 -4876.543210  0.00010948765344822881
 1172.839506 -4753.086420  0.00010275442126934387
 1172.839506 -4629.629630  0.00010740803422918908
 1172.839506 -4506.172840  0.00010129462308488837
 1172.839506 -4382.716049  0.00010321502355472811
 1172.839506 -4259.259259  0.00010536940472055480
 1172.839506 -4135.802469  0.00010428196773392641
 1172.839506 -4012.345679  0.00010455681886825905
 1172.839506 -3888.888889  0.00010517568280736400
 1172.839506 -3765.432099  0.00010487049086081517
 1172.839506 -3641.975309  0.00010517859386605956
 1172.839506 -3518.518519  0.00010502711342045218
 1172.839506 -3395.061728  0.00010530154607201850
 1172.839506 -3271.604938  0.00010518954289477194
 1172.839506 -3148.148148  0.00010547003014188278
 1172.839506 -3024.691358  0.00010572345518341038
 1172.839506 -2901.234568  0.00010609094583272003
 1172.839506 -2777.777778  0.00010646285170088119
 1172.839506 -2654.320988  0.00010648959245775582
 1172.839506 -2530.864198  0.00010664464139333865
 1172.839506 -2407.407407  0.00010872946398303382
 1172.839506 -2283.950617  0.00010856909288311205
 1172.839506 -2160.493827  0.00010919504363001491
 1172.839506 -2037.037037  0.00011021460006978957
 1172.839506 -1913.580247  0.00011160750203329915
 1172.839506 -1790.123457  0.00011280048305552863
 1172.839506 -1666.666667  0.00011426868710699496
 1172.839506 -1543.209877  0.00011652781351926599
 1172.839506 -1419.753086  0.00011988193738911761
 1172.839506 -1296.296296  0.00012234830298906368
 1172.839506 -1172.839506  0.00012928152985056991
 1172.839506 -1049.382716  0.00013524753711404390
 1172.839506  -925.925926  0.00014593752423558445
 1172.839506  -802.469136  0.00015966730707965177
 1172.839506  -679.012346  0.00017930387672509442
 1172.839506  -555.555556  0.00020522958259615773
 1172.839506  -432.098765  0.00023705540636265724
 1172.839506  -308.641975  0.00027030835417919311
 1172.839506  -185.185185  0.00029777711511836226
 1172.839506   -61.728395  0.00031355641416325967
 1172.839506    61.728395  0.00031355641416332320
 1172.839506   185.185185  0.00029777711511852240
 1172.839506   308.641975  0.00027030835417931768
 1172.839506   432.098765  0.00023705540636269234
 1172.839506   555.555556  0.00020522958259608926
 1172.839506   679.012346  0.00017930387672494369
 1172.839506   802.469136  0.00015966730707942520
 1172.839506   925.925926  0.00014593752423530218
 1172.839506  1049.382716  0.00013524753711372002
 1172.839506  1172.839506  0.00012928152985018716
 1172.839506  1296.296296  0.00012234830298865794
 1172.839506  1419.753086  0.00011988193738867105
 1172.839506  1543.209877  0.00011652781351878796
 1172.839506  1666.666667  0.00011426868710648197
 1172.839506  1790.123457  0.00011280048305497694
 1172.839506  1913.580247  0.00011160750203272658
 1172.839506  2037.037037  0.00011021460006921189
 1172.839506  2160.493827  0.00010919504362940012
 1172.839506  2283.950617  0.00010856909288245677
 1172.839506  2407.407407  0.00010872946398228129
 1172.839506  2530.864198  0.00010664464139272026
 1172.839506  2654.320988  0.00010648959245695866
 1172.839506  2777.777778  0.00010646285170003322
 1172.839506  2901.234568  0.00010609094583189915
 1172.839506  3024.691358  0.00010572345518260369
 1172.839506  3148.148148  0.00010547003014106180
 1172.839506  3271.604938  0.00010518954289389431
 1172.839506  3395.061728  0.00010530154607105158
 1172.839506  3518.518519  0.00010502711341941906
 1172.839506  3641.975309  0.00010517859386497163
 1172.839506  3765.432099  0.00010487049085971263
 1172.839506  3888.888889  0.00010517568280626523
 1172.839506  4012.345679  0.00010455681886718147
 1172.839506  4135.802469  0.00010428196773285677
 1172.839506  4259.259259  0.00010536940471943967
 1172.839506  4382.716049  0.00010321502355352933
 1172.839506  4506.172840  0.00010129462308357124
 1172.839506  4629.629630  0.00010740803422773807
 1172.839506  4753.086420  0.00010275442126788359
 1172.839506  4876.543210  0.00010948765344704902

 1296.296296 -5000.000000  0.00002771238417988236
 1296.296296 -4876.543210  0.00010823337255656926
 1296.296296 -4753.086420  0.00010148308765853655
 1296.296296 -4629.629630  0.00010596770656605122
 1296.296296 -4506.172840  0.00010000237077543666
 1296.296296 -4382.716049  0.00010198949721393761
 1296.296296 -4259.259259  0.00010412564308307609
 1296.296296 -4135.802469  0.00010299227114615839
 1296.296296 -4012.345679  0.00010322943904743691
 1296.296296 -3888.888889  0.00010388722562636334
 1296.296296 -3765.432099  0.00010350386052197116
 1296.296296 -3641.975309  0.00010391224138205168
 1296.296296 -3518.518519  0.00010370522217737311
 1296.296296 -3395.061728  0.00010398997881325573
 1296.296296 -3271.604938  0.00010394253391087165
 1296.296296 -3148.148148  0.00010423489315941359
 1296.296296 -3024.691358  0.00010441444027197489
 1296.296296 -2901.234568  0.00010469542618511820
 1296.296296 -2777.777778  0.00010511153001063056
 1296.296296 -2654.320988  0.00010525785791914240
 1296.296296 -2530.864198  0.00010512507100307593
 1296.296296 -2407.407407  0.00010629356634415479
 1296.296296 -2283.950617  0.00010624553765777604
 1296.296296 -2160.493827  0.00010705522303622330
 1296.296296 -2037.037037  0.00010783553259151066
 1296.296296 -1913.580247  0.00010904067013853321
 1296.296296 -1790.123457  0.00011029388802245765
 1296.296296 -1666.666667  0.00011190730973435272
 1296.296296 -1543.209877  0.00011399193791608193
 1296.296296 -1419.753086  0.00011664111449743349
 1296.296296 -1296.296296  0.00012020429058550405
 1296.296296 -1172.839506  0.00012423854959498236
 1296.296296 -1049.382716  0.00013107425393985413
 1296.296296  -925.925926  0.00014046453182423689
 1296.296296  -802.469136  0.00015374062146344559
 1296.296296  -679.012346  0.00017241368761818380
 1296.296296  -555.555556  0.00019745888500411805
 1296.296296  -432.098765  0.00022773990247006038
 1296.296296  -308.641975  0.00025925077958793212
 1296.296296  -185.185185  0.00028569072902291030
 1296.296296   -61.728395  0.00030088147031480600
 1296.296296    61.728395  0.00030088147031486596
 1296.296296   185.185185  0.00028569072902305043
 1296.296296   308.641975  0.00025925077958804656
 1296.296296   432.098765  0.00022773990247009125
 1296.296296   555.555556  0.00019745888500404796
 1296.296296   679.012346  0.00017241368761803473
 1296.296296   802.469136  0.00015374062146321959
 1296.296296   925.925926  0.00014046453182395727
 1296.296296  1049.382716  0.00013107425393953044
 1296.296296  1172.839506  0.00012423854959460516
 1296.296296  1296.296296  0.00012020429058509147
 1296.296296  1419.753086  0.00011664111449698262
 1296.296296  1543.209877  0.00011399193791559676
 1296.296296  1666.666667  0.00011190730973383297
 1296.296296  1790.123457  0.00011029388802190020
 1296.296296  1913.580247  0.00010904067013796147
 1296.296296  2037.037037  0.00010783553259093377
 1296.296296  2160.493827  0.00010705522303560882
 1296.296296  2283.950617  0.00010624553765711926
 1296.296296  2407.407407  0.00010629356634340165
 1296.296296  2530.864198  0.00010512507100245283
 1296.296296  2654.320988  0.00010525785791833954
 1296.296296  2777.777778  0.00010511153000977678
 1296.296296  2901.234568  0.00010469542618428971
 1296.296296  3024.691358  0.00010441444027116137
 1296.296296  3148.148148  0.00010423489315858632
 1296.296296  3271.604938  0.00010394253390998598
 1296.296296  3395.061728  0.00010398997881228000
 1296.296296  3518.518519  0.00010370522217633040
 1296.296296  3641.975309  0.00010391224138095630
 1296.296296  3765.432099  0.00010350386052085801
 1296.296296  3888.888889  0.00010388722562525610
 1296.296296  4012.345679  0.00010322943904635076
 1296.296296  4135.802469  0.00010299227114508131
 1296.296296  4259.259259  0.00010412564308195383
 1296.296296  4382.716049  0.00010198949721273191
 1296.296296  4506.172840  0.00010000237077411189
 1296.296296  4629.629630  0.00010596770656458951
 1296.296296  4753.086420  0.00010148308765706613
 1296.296296  4876.543210  0.00010823337255538177

 1419.753086 -5000.000000  0.00002705752825431211
 1419.753086 -4876.543210  0.00010543197530960409
 1419.753086 -4753.086420  0.00009884652517671686
 1419.753086 -4629.629630  0.00010324718262460914
 1419.753086 -4506.172840  0.00009741496193212717
 1419.753086 -4382.716049  0.00009933784427476739
 1419.753086 -4259.259259  0.00010142583815309318
 1419.753086 -4135.802469  0.00010033979506541246
 1419.753086 -4012.345679  0.00010057764653796743
 1419.753086 -3888.888889  0.00010120098725606568
 1419.753086 -3765.432099  0.00010084037586983443
 1419.753086 -3641.975309  0.00010119165397618870
 1419.753086 -3518.518519  0.00010100092773066340
 1419.753086 -3395.061728  0.00010127076630955991
 1419.753086 -3271.604938  0.00010120899128798498
 1419.753086 -3148.148148  0.00010149192887597109
 1419.753086 -3024.691358  0.00010168410006288109
 1419.753086 -2901.234568  0.00010196576849703695
 1419.753086 -2777.777778  0.00010234816442839590
 1419.753086 -2654.320988  0.00010243730154763899
 1419.753086 -2530.864198  0.00010236880958457836
 1419.753086 -2407.407407  0.00010388552827802735
 1419.753086 -2283.950617  0.00010377276787268857
 1419.753086 -2160.493827  0.00010451489904336544
 1419.753086 -2037.037037  0.00010525002118815259
 1419.753086 -1913.580247  0.00010643853947531625
 1419.753086 -1790.123457  0.00010763308745699391
 1419.753086 -1666.666667  0.00010915597146483226
 1419.753086 -1543.209877  0.00011111795112864389
 1419.753086 -1419.753086  0.00011368131456092159
 1419.753086 -1296.296296  0.00011705721858776928
 1419.753086 -1172.839506  0.00012215612644461010
 1419.753086 -1049.382716  0.00012863834225815924
 1419.753086  -925.925926  0.00013778283303472503
 1419.753086  -802.469136  0.00015057725126976651
 1419.753086  -679.012346  0.00016869781746201869
 1419.753086  -555.555556  0.00019290233077043503
 1419.753086  -432.098765  0.00022217691717928178
 1419.753086  -308.641975  0.00025262741822990178
 1419.753086  -185.185185  0.00027816216163989172
 1419.753086   -61.728395  0.00029287199200925685
 1419.753086    61.728395  0.00029287199200931366
 1419.753086   185.185185  0.00027816216164003083
 1419.753086   308.641975  0.00025262741823001199
 1419.753086   432.098765  0.00022217691717931035
 1419.753086   555.555556  0.00019290233077035821
 1419.753086   679.012346  0.00016869781746185880
 1419.753086   802.469136  0.00015057725126953290
 1419.753086   925.925926  0.00013778283303443828
 1419.753086  1049.382716  0.00012863834225782718
 1419.753086  1172.839506  0.00012215612644422326
 1419.753086  1296.296296  0.00011705721858735462
 1419.753086  1419.753086  0.00011368131456047066
 1419.753086  1543.209877  0.00011111795112815880
 1419.753086  1666.666667  0.00010915597146431144
 1419.753086  1790.123457  0.00010763308745643572
 1419.753086  1913.580247  0.00010643853947474459
 1419.753086  2037.037037  0.00010525002118757591
 1419.753086  2160.493827  0.00010451489904275036
 1419.753086  2283.950617  0.00010377276787203272
 1419.753086  2407.407407  0.00010388552827727393
 1419.753086  2530.864198  0.00010236880958395317
 1419.753086  2654.320988  0.00010243730154683219
 1419.753086  2777.777778  0.00010234816442753791
 1419.753086  2901.234568  0.00010196576849620498
 1419.753086  3024.691358  0.00010168410006206312
 1419.753086  3148.148148  0.00010149192887514001
 1419.753086  3271.604938  0.00010120899128709542
 1419.753086  3395.061728  0.00010127076630857956
 1419.753086  3518.518519  0.00010100092772961622
 1419.753086  3641.975309  0.00010119165397508836
 1419.753086  3765.432099  0.00010084037586871730
 1419.753086  3888.888889  0.00010120098725495488
 1419.753086  4012.345679  0.00010057764653687881
 1419.753086  4135.802469  0.00010033979506433086
 1419.753086  4259.259259  0.00010142583815196615
 1419.753086  4382.716049  0.00009933784427355755
 1419.753086  4506.172840  0.00009741496193079942
 1419.753086  4629.629630  0.00010324718262314403
 1419.753086  4753.086420  0.00009884652517524129
 1419.753086  4876.543210  0.00010543197530841197

 1543.209877 -5000.000000  0.00002663142814463155
 1543.209877 -4876.543210  0.00010314788069601928
 1543.209877 -4753.086420  0.00009675733420171847
 1543.209877 -4629.629630  0.00010118136666121644
 1543.209877 -4506.172840  0.00009538869880375572
 1543.209877 -4382.716049  0.00009719706877817293
 1543.209877 -4259.259259  0.00009924437200098435
 1543.209877 -4135.802469  0.00009824223115842691
 1543.209877 -4012.345679  0.00009851526936403219
 1543.209877 -3888.888889  0.00009907469122286979
 1543.209877 -3765.432099  0.00009879494241530992
 1543.209877 -3641.975309  0.00009907328297198912
 1543.209877 -3518.518519  0.00009891358130553366
 1543.209877 -3395.061728  0.00009915649977396222
 1543.209877 -3271.604938  0.00009903861986096553
 1543.209877 -3148.148148  0.00009930150430506834
 1543.209877 -3024.691358  0.00009955034804783322
 1543.209877 -2901.234568  0.00009990645677088457
 1543.209877 -2777.777778  0.00010022459884976808
 1543.209877 -2654.320988  0.00010014926271347700
 1543.209877 -2530.864198  0.00010008172078638490
 1543.209877 -2407.407407  0.00010125826051720453
 1543.209877 -2283.950617  0.00010113463807139937
 1543.209877 -2160.493827  0.00010163273445748598
 1543.209877 -2037.037037  0.00010237669148750550
 1543.209877 -1913.580247  0.00010355489515806980
 1543.209877 -1790.123457  0.00010476200604960599
 1543.209877 -1666.666667  0.00010616978875809513
 1543.209877 -1543.209877  0.00010796338392407607
 1543.209877 -1419.753086  0.00011038449452016683
 1543.209877 -1296.296296  0.00011361260650668123
 1543.209877 -1172.839506  0.00011784142299097204
 1543.209877 -1049.382716  0.00012403177323825089
 1543.209877  -925.925926  0.00013262108121136473
 1543.209877  -802.469136  0.00014474789819537000
 1543.209877  -679.012346  0.00016187887550425106
 1543.209877  -555.555556  0.00018477979323837067
 1543.209877  -432.098765  0.00021240267418539961
 1543.209877  -308.641975  0.00024107464337688405
 1543.209877  -185.185185  0.00026511651852303487
 1543.209877   -61.728395  0.00027906231239735788
 1543.209877    61.728395  0.00027906231239741876
 1543.209877   185.185185  0.00026511651852317261
 1543.209877   308.641975  0.00024107464337698822
 1543.209877   432.098765  0.00021240267418541644
 1543.209877   555.555556  0.00018477979323828581
 1543.209877   679.012346  0.00016187887550408772
 1543.209877   802.469136  0.00014474789819513464
 1543.209877   925.925926  0.00013262108121107774
 1543.209877  1049.382716  0.00012403177323791917
 1543.209877  1172.839506  0.00011784142299058708
 1543.209877  1296.296296  0.00011361260650626704
 1543.209877  1419.753086  0.00011038449451971721
 1543.209877  1543.209877  0.00010796338392359044
 1543.209877  1666.666667  0.00010616978875757339
 1543.209877  1790.123457  0.00010476200604904715
 1543.209877  1913.580247  0.00010355489515749785
 1543.209877  2037.037037  0.00010237669148692989
 1543.209877  2160.493827  0.00010163273445687071
 1543.209877  2283.950617  0.00010113463807074213
 1543.209877  2407.407407  0.00010125826051645034
 1543.209877  2530.864198  0.00010008172078575876
 1543.209877  2654.320988  0.00010014926271267248
 1543.209877  2777.777778  0.00010022459884891092
 1543.209877  2901.234568  0.00009990645677005331
 1543.209877  3024.691358  0.00009955034804701686
 1543.209877  3148.148148  0.00009930150430423756
 1543.209877  3271.604938  0.00009903861986007651
 1543.209877  3395.061728  0.00009915649977298238
 1543.209877  3518.518519  0.00009891358130448647
 1543.209877  3641.975309  0.00009907328297088958
 1543.209877  3765.432099  0.00009879494241419282
 1543.209877  3888.888889  0.00009907469122175824
 1543.209877  4012.345679  0.00009851526936294238
 1543.209877  4135.802469  0.00009824223115734671
 1543.209877  4259.259259  0.00009924437199985787
 1543.209877  4382.716049  0.00009719706877696349
 1543.209877  4506.172840  0.00009538869880242722
 1543.209877  4629.629630  0.00010118136665975095
 1543.209877  4753.086420  0.00009675733420024478
 1543.209877  4876.543210  0.00010314788069482902

 1666.666667 -5000.000000  0.00002579328195114127
 1666.666667 -4876.543210  0.00010074577263161561
 1666.666667 -4753.086420  0.00009437033138819434
 1666.666667 -4629.629630  0.00009850027782955967
 1666.666667 -4506.172840  0.00009297708046013218
 1666.666667 -4382.716049  0.00009487139117249679
 1666.666667 -4259.259259  0.00009687936279993057
 1666.666667 -4135.802469  0.00009581424397819228
 1666.666667 -4012.345679  0.00009602163032443268
 1666.666667 -3888.888889  0.00009663874855872040
 1666.666667 -3765.432099  0.00009623922796234953
 1666.666667 -3641.975309  0.00009662330276234350
 1666.666667 -3518.518519  0.00009640102274992312
 1666.666667 -3395.061728  0.00009665944932429484
 1666.666667 -3271.604938  0.00009663079386849027
 1666.666667 -3148.148148  0.00009690803139239393
 1666.666667 -3024.691358  0.00009705493205457466
 1666.666667 -2901.234568  0.00009728141267546495
 1666.666667 -2777.777778  0.00009765056831057362
 1666.666667 -2654.320988  0.00009774920939710892
 1666.666667 -2530.864198  0.00009741370812095827
 1666.666667 -2407.407407  0.00009825741443833065
 1666.666667 -2283.950617  0.00009804392109058763
 1666.666667 -2160.493827  0.00009874935824084504
 1666.666667 -2037.037037  0.00009939199257701592
 1666.666667 -1913.580247  0.00010042622307895879
 1666.666667 -1790.123457  0.00010147132614051014
 1666.666667 -1666.666667  0.00010283410435888256
 1666.666667 -1543.209877  0.00010457947430916446
 1666.666667 -1419.753086  0.00010678186350536582
 1666.666667 -1296.296296  0.00010977298240116373
 1666.666667 -1172.839506  0.00011363170966107316
 1666.666667 -1049.382716  0.00011941211749016496
 1666.666667  -925.925926  0.00012743898694493578
 1666.666667  -802.469136  0.00013878036678686983
 1666.666667  -679.012346  0.00015479106539333849
 1666.666667  -555.555556  0.00017621625878937763
 1666.666667  -432.098765  0.00020206036964105455
 1666.666667  -308.641975  0.00022886381252039371
 1666.666667  -185.185185  0.00025128934822888418
 1666.666667   -61.728395  0.00026421103692365742
 1666.666667    61.728395  0.00026421103692371331
 1666.666667   185.185185  0.00025128934822901379
 1666.666667   308.641975  0.00022886381252048559
 1666.666667   432.098765  0.00020206036964105399
 1666.666667   555.555556  0.00017621625878927962
 1666.666667   679.012346  0.00015479106539316684
 1666.666667   802.469136  0.00013878036678663098
 1666.666667   925.925926  0.00012743898694464841
 1666.666667  1049.382716  0.00011941211748983111
 1666.666667  1172.839506  0.00011363170966068907
 1666.666667  1296.296296  0.00010977298240075039
 1666.666667  1419.753086  0.00010678186350491515
 1666.666667  1543.209877  0.00010457947430867871
 1666.666667  1666.666667  0.00010283410435836056
 1666.666667  1790.123457  0.00010147132613995007
 1666.666667  1913.580247  0.00010042622307838427
 1666.666667  2037.037037  0.00009939199257643677
 1666.666667  2160.493827  0.00009874935824022862
 1666.666667  2283.950617  0.00009804392108992815
 1666.666667  2407.407407  0.00009825741443757458
 1666.666667  2530.864198  0.00009741370812032667
 1666.666667  2654.320988  0.00009774920939629548
 1666.666667  2777.777778  0.00009765056830970789
 1666.666667  2901.234568  0.00009728141267462651
 1666.666667  3024.691358  0.00009705493205374978
 1666.666667  3148.148148  0.00009690803139155484
 1666.666667  3271.604938  0.00009663079386759207
 1666.666667  3395.061728  0.00009665944932330608
 1666.666667  3518.518519  0.00009640102274886638
 1666.666667  3641.975309  0.00009662330276123256
 1666.666667  3765.432099  0.00009623922796122181
 1666.666667  3888.888889  0.00009663874855759692
 1666.666667  4012.345679  0.00009602163032333203
 1666.666667  4135.802469  0.00009581424397710045
 1666.666667  4259.259259  0.00009687936279879301
 1666.666667  4382.716049  0.00009487139117127479
 1666.666667  4506.172840  0.00009297708045879079
 1666.666667  4629.629630  0.00009850027782808051
 1666.666667  4753.086420  0.00009437033138670643
 1666.666667  4876.543210  0.00010074577263041197

 1790.123457 -5000.000000  0.00002489595412021537
 1790.123457 -4876.543210  0.00009771262756381068
 1790.123457 -4753.086420  0.00009137861142892835
 1790.123457 -4629.629630  0.00009525635863187436
 1790.123457 -4506.172840  0.00009000003285622540
 1790.123457 -4382.716049  0.00009194396928654806
 1790.123457 -4259.259259  0.00009390694194934841
 1790.123457 -4135.802469  0.00009281001911743826
 1790.123457 -4012.345679  0.00009296058639139835
 1790.123457 -3888.888889  0.00009359976929054238
 1790.123457 -3765.432099  0.00009311975782617989
 1790.123457 -3641.975309  0.00009356036849253258
 1790.123457 -3518.518519  0.00009330727102479285
 1790.123457 -3395.061728  0.00009357834925521962
 1790.123457 -3271.604938  0.00009361395036583278
 1790.123457 -3148.148148  0.00009389640033050403
 1790.123457 -3024.691358  0.00009396674007314568
 1790.123457 -2901.234568  0.00009408847573836060
 1790.123457 -2777.777778  0.00009447062971562765
 1790.123457 -2654.320988  0.00009469117603065997
 1790.123457 -2530.864198  0.00009427330014344265
 1790.123457 -2407.407407  0.00009499627332134114
 1790.123457 -2283.950617  0.00009475467656404458
 1790.123457 -2160.493827  0.00009559436676514769
 1790.123457 -2037.037037  0.00009614204179935348
 1790.123457 -1913.580247  0.00009704282522551733
 1790.123457 -1790.123457  0.00009794008954315809
 1790.123457 -1666.666667  0.00009923277772083913
 1790.123457 -1543.209877  0.00010089505603967736
 1790.123457 -1419.753086  0.00010289136328906352
 1790.123457 -1296.296296  0.00010563403069576827
 1790.123457 -1172.839506  0.00010939983342009449
 1790.123457 -1049.382716  0.00011471500143777551
 1790.123457  -925.925926  0.00012213851398824830
 1790.123457  -802.469136  0.00013260266111099993
 1790.123457  -679.012346  0.00014738695381603354
 1790.123457  -555.555556  0.00016715888186115511
 1790.123457  -432.098765  0.00019099434261229554
 1790.123457  -308.641975  0.00021567434772675834
 1790.123457  -185.185185  0.00023625913580808838
 1790.123457   -61.728395  0.00024802246685363516
 1790.123457    61.728395  0.00024802246685368183
 1790.123457   185.185185  0.00023625913580820174
 1790.123457   308.641975  0.00021567434772683250
 1790.123457   432.098765  0.00019099434261228093
 1790.123457   555.555556  0.00016715888186104406
 1790.123457   679.012346  0.00014738695381585060
 1790.123457   802.469136  0.00013260266111075211
 1790.123457   925.925926  0.00012213851398795402
 1790.123457  1049.382716  0.00011471500143743951
 1790.123457  1172.839506  0.00010939983341970709
 1790.123457  1296.296296  0.00010563403069535286
 1790.123457  1419.753086  0.00010289136328861126
 1790.123457  1543.209877  0.00010089505603919046
 1790.123457  1666.666667  0.00009923277772031629
 1790.123457  1790.123457  0.00009794008954259837
 1790.123457  1913.580247  0.00009704282522493935
 1790.123457  2037.037037  0.00009614204179877121
 1790.123457  2160.493827  0.00009559436676452761
 1790.123457  2283.950617  0.00009475467656338256
 1790.123457  2407.407407  0.00009499627332058197
 1790.123457  2530.864198  0.00009427330014280702
 1790.123457  2654.320988  0.00009469117602984183
 1790.123457  2777.777778  0.00009447062971475703
 1790.123457  2901.234568  0.00009408847573751534
 1790.123457  3024.691358  0.00009396674007231466
 1790.123457  3148.148148  0.00009389640032965807
 1790.123457  3271.604938  0.00009361395036492796
 1790.123457  3395.061728  0.00009357834925422353
 1790.123457  3518.518519  0.00009330727102372913
 1790.123457  3641.975309  0.00009356036849141495
 1790.123457  3765.432099  0.00009311975782504381
 1790.123457  3888.888889  0.00009359976928941126
 1790.123457  4012.345679  0.00009296058639029008
 1790.123457  4135.802469  0.00009281001911633936
 1790.123457  4259.259259  0.00009390694194820247
 1790.123457  4382.716049  0.00009194396928531846
 1790.123457  4506.172840  0.00009000003285487456
 1790.123457  4629.629630  0.00009525635863038557
 1790.123457  4753.086420  0.00009137861142743119
 1790.123457  4876.543210  0.00009771262756259712

 1913.580247 -5000.000000  0.00002426046128088912
 1913.580247 -4876.543210  0.00009383008283948648
 1913.580247 -4753.086420  0.00008772437850809313
 1913.580247 -4629.629630  0.00009168005929197600
 1913.580247 -4506.172840  0.00008649380846928764
 1913.580247 -4382.716049  0.00008826521219244108
 1913.580247 -4259.259259  0.00009017409615561114
 1913.580247 -4135.802469  0.00008921557596888002
 1913.580247 -4012.345679  0.00008940707495297047
 1913.580247 -3888.888889  0.00008991179419854033
 1913.580247 -3765.432099  0.00008957922178952806
 1913.580247 -3641.975309  0.00008985264423338596
 1913.580247 -3518.518519  0.00008969632699543620
 1913.580247 -3395.061728  0.00008994069206711742
 1913.580247 -3271.604938  0.00008988028763536237
 1913.580247 -3148.148148  0.00009012434279303542
 1913.580247 -3024.691358  0.00009028982577302406
 1913.580247 -2901.234568  0.00009051813182807550
 1913.580247 -2777.777778  0.00009075610482043484
 1913.580247 -2654.320988  0.00009073383228954754
 1913.580247 -2530.864198  0.00009073626673164780
 1913.580247 -2407.407407  0.00009155681620081206
 1913.580247 -2283.950617  0.00009145190876644536
 1913.580247 -2160.493827  0.00009192550220944222
 1913.580247 -2037.037037  0.00009249367952839747
 1913.580247 -1913.580247  0.00009338466119454596
 1913.580247 -1790.123457  0.00009429574278544612
 1913.580247 -1666.666667  0.00009541144625579035
 1913.580247 -1543.209877  0.00009684229311736928
 1913.580247 -1419.753086  0.00009873107571505433
 1913.580247 -1296.296296  0.00010121857853104797
 1913.580247 -1172.839506  0.00010476014049735800
 1913.580247 -1049.382716  0.00010956373430782678
 1913.580247  -925.925926  0.00011631492113555158
 1913.580247  -802.469136  0.00012580276960761117
 1913.580247  -679.012346  0.00013921317691039777
 1913.580247  -555.555556  0.00015706743207447547
 1913.580247  -432.098765  0.00017850116896189484
 1913.580247  -308.641975  0.00020058904182298273
 1913.580247  -185.185185  0.00021894064734728942
 1913.580247   -61.728395  0.00022946076490170845
 1913.580247    61.728395  0.00022946076490174897
 1913.580247   185.185185  0.00021894064734737890
 1913.580247   308.641975  0.00020058904182302983
 1913.580247   432.098765  0.00017850116896185958
 1913.580247   555.555556  0.00015706743207434963
 1913.580247   679.012346  0.00013921317691020863
 1913.580247   802.469136  0.00012580276960735901
 1913.580247   925.925926  0.00011631492113525775
 1913.580247  1049.382716  0.00010956373430749242
 1913.580247  1172.839506  0.00010476014049697497
 1913.580247  1296.296296  0.00010121857853063605
 1913.580247  1419.753086  0.00009873107571460547
 1913.580247  1543.209877  0.00009684229311688655
 1913.580247  1666.666667  0.00009541144625527198
 1913.580247  1790.123457  0.00009429574278488867
 1913.580247  1913.580247  0.00009338466119396819
 1913.580247  2037.037037  0.00009249367952781504
 1913.580247  2160.493827  0.00009192550220882116
 1913.580247  2283.950617  0.00009145190876578344
 1913.580247  2407.407407  0.00009155681620005408
 1913.580247  2530.864198  0.00009073626673101593
 1913.580247  2654.320988  0.00009073383228873319
 1913.580247  2777.777778  0.00009075610481956885
 1913.580247  2901.234568  0.00009051813182723565
 1913.580247  3024.691358  0.00009028982577219817
 1913.580247  3148.148148  0.00009012434279219385
 1913.580247  3271.604938  0.00008988028763446188
 1913.580247  3395.061728  0.00008994069206612538
 1913.580247  3518.518519  0.00008969632699437699
 1913.580247  3641.975309  0.00008985264423227292
 1913.580247  3765.432099  0.00008957922178840192
 1913.580247  3888.888889  0.00008991179419741771
 1913.580247  4012.345679  0.00008940707495187045
 1913.580247  4135.802469  0.00008921557596778869
 1913.580247  4259.259259  0.00009017409615447305
 1913.580247  4382.716049  0.00008826521219121872
 1913.580247  4506.172840  0.00008649380846794526
 1913.580247  4629.629630  0.00009168005929049647
 1913.580247  4753.086420  0.00008772437850660548
 1913.580247  4876.543210  0.00009383008283828203

 2037.037037 -5000.000000  0.00002337616296312297
 2037.037037 -4876.543210  0.00008878325730807688
 2037.037037 -4753.086420  0.00008297301011993132
 2037.037037 -4629.629630  0.00008695915201244035
 2037.037037 -4506.172840  0.00008191259040822930
 2037.037037 -4382.716049  0.00008348894028527228
 2037.037037 -4259.259259  0.00008532089210170343
 2037.037037 -4135.802469  0.00008451236667075475
 2037.037037 -4012.345679  0.00008473800878352453
 2037.037037 -3888.888889  0.00008510104743678834
 2037.037037 -3765.432099  0.00008490812471006177
 2037.037037 -3641.975309  0.00008502193863456842
 2037.037037 -3518.518519  0.00008494738349061075
 2037.037037 -3395.061728  0.00008516251465109193
 2037.037037 -3271.604938  0.00008502649738402119
 2037.037037 -3148.148148  0.00008523872467213121
 2037.037037 -3024.691358  0.00008547798450101555
 2037.037037 -2901.234568  0.00008576925567061930
 2037.037037 -2777.777778  0.00008588903838096285
 2037.037037 -2654.320988  0.00008567365299251540
 2037.037037 -2530.864198  0.00008609356726786845
 2037.037037 -2407.407407  0.00008788382693683689
 2037.037037 -2283.950617  0.00008784035805702775
 2037.037037 -2160.493827  0.00008804151287363621
 2037.037037 -2037.037037  0.00008856968959941809
 2037.037037 -1913.580247  0.00008947811239259828
 2037.037037 -1790.123457  0.00009036762241381246
 2037.037037 -1666.666667  0.00009130682517118408
 2037.037037 -1543.209877  0.00009250810686658739
 2037.037037 -1419.753086  0.00009424706320215597
 2037.037037 -1296.296296  0.00009649648534699174
 2037.037037 -1172.839506  0.00009951042172210425
 2037.037037 -1049.382716  0.00010378233202694542
 2037.037037  -925.925926  0.00010972745235563566
 2037.037037  -802.469136  0.00011809339597768324
 2037.037037  -679.012346  0.00012987532926770257
 2037.037037  -555.555556  0.00014546872240885504
 2037.037037  -432.098765  0.00016403611063928625
 2037.037037  -308.641975  0.00018301612927319226
 2037.037037  -185.185185  0.00019869963229040714
 2037.037037   -61.728395  0.00020775581321254202
 2037.037037    61.728395  0.00020775581321257422
 2037.037037   185.185185  0.00019869963229047190
 2037.037037   308.641975  0.00018301612927321413
 2037.037037   432.098765  0.00016403611063923296
 2037.037037   555.555556  0.00014546872240871789
 2037.037037   679.012346  0.00012987532926750933
 2037.037037   802.469136  0.00011809339597743191
 2037.037037   925.925926  0.00010972745235534451
 2037.037037  1049.382716  0.00010378233202661667
 2037.037037  1172.839506  0.00009951042172172995
 2037.037037  1296.296296  0.00009649648534658805
 2037.037037  1419.753086  0.00009424706320171558
 2037.037037  1543.209877  0.00009250810686611463
 2037.037037  1666.666667  0.00009130682517067549
 2037.037037  1790.123457  0.00009036762241326635
 2037.037037  1913.580247  0.00008947811239203111
 2037.037037  2037.037037  0.00008856968959884690
 2037.037037  2160.493827  0.00008804151287302592
 2037.037037  2283.950617  0.00008784035805637646
 2037.037037  2407.407407  0.00008788382693609044
 2037.037037  2530.864198  0.00008609356726725238
 2037.037037  2654.320988  0.00008567365299172114
 2037.037037  2777.777778  0.00008588903838011777
 2037.037037  2901.234568  0.00008576925566979993
 2037.037037  3024.691358  0.00008547798450021167
 2037.037037  3148.148148  0.00008523872467131051
 2037.037037  3271.604938  0.00008502649738314346
 2037.037037  3395.061728  0.00008516251465012329
 2037.037037  3518.518519  0.00008494738348957547
 2037.037037  3641.975309  0.00008502193863348226
 2037.037037  3765.432099  0.00008490812470896294
 2037.037037  3888.888889  0.00008510104743569345
 2037.037037  4012.345679  0.00008473800878245264
 2037.037037  4135.802469  0.00008451236666969123
 2037.037037  4259.259259  0.00008532089210059598
 2037.037037  4382.716049  0.00008348894028408052
 2037.037037  4506.172840  0.00008191259040691861
 2037.037037  4629.629630  0.00008695915201099475
 2037.037037  4753.086420  0.00008297301011847743
 2037.037037  4876.543210  0.00008878325730691076

 2160.493827 -5000.000000  0.00002265112061628053
 2160.493827 -4876.543210  0.00008501291545845838
 2160.493827 -4753.086420  0.00007936569542396352
 2160.493827 -4629.629630  0.00008334747447566882
 2160.493827 -4506.172840  0.00007842487395724463
 2160.493827 -4382.716049  0.00007988920802473715
 2160.493827 -4259.259259  0.00008167154836013293
 2160.493827 -4135.802469  0.00008095916606982999
 2160.493827 -4012.345679  0.00008119990759653590
 2160.493827 -3888.888889  0.00008146232213335196
 2160.493827 -3765.432099  0.00008136476569546497
 2160.493827 -3641.975309  0.00008136791471662492
 2160.493827 -3518.518519  0.00008136695949165539
 2160.493827 -3395.061728  0.00008156836209979698
 2160.493827 -3271.604938  0.00008137174538641610
 2160.493827 -3148.148148  0.00008155282202357185
 2160.493827 -3024.691358  0.00008184935118101302
 2160.493827 -2901.234568  0.00008220790255879178
 2160.493827 -2777.777778  0.00008220551068602396
 2160.493827 -2654.320988  0.00008182307551401525
 2160.493827 -2530.864198  0.00008255437538429244
 2160.493827 -2407.407407  0.00008394322332382514
 2160.493827 -2283.950617  0.00008405423247119023
 2160.493827 -2160.493827  0.00008396987790259607
 2160.493827 -2037.037037  0.00008451453590426863
 2160.493827 -1913.580247  0.00008535516871353309
 2160.493827 -1790.123457  0.00008622715977726896
 2160.493827 -1666.666667  0.00008700414470569141
 2160.493827 -1543.209877  0.00008799561362978910
 2160.493827 -1419.753086  0.00008957866366467980
 2160.493827 -1296.296296  0.00009153221313903121
 2160.493827 -1172.839506  0.00009393409303755070
 2160.493827 -1049.382716  0.00009761205714441116
 2160.493827  -925.925926  0.00010269932865607115
 2160.493827  -802.469136  0.00010982535071368437
 2160.493827  -679.012346  0.00011977478820837892
 2160.493827  -555.555556  0.00013281616216021327
 2160.493827  -432.098765  0.00014817461627861773
 2160.493827  -308.641975  0.00016370014640760259
 2160.493827  -185.185185  0.00017641151761499060
 2160.493827   -61.728395  0.00018376347554969127
 2160.493827    61.728395  0.00018376347554971284
 2160.493827   185.185185  0.00017641151761502882
 2160.493827   308.641975  0.00016370014640759562
 2160.493827   432.098765  0.00014817461627854002
 2160.493827   555.555556  0.00013281616216006075
 2160.493827   679.012346  0.00011977478820817388
 2160.493827   802.469136  0.00010982535071342694
 2160.493827   925.925926  0.00010269932865577669
 2160.493827  1049.382716  0.00009761205714408165
 2160.493827  1172.839506  0.00009393409303717577
 2160.493827  1296.296296  0.00009153221313862742
 2160.493827  1419.753086  0.00008957866366423884
 2160.493827  1543.209877  0.00008799561362931517
 2160.493827  1666.666667  0.00008700414470518140
 2160.493827  1790.123457  0.00008622715977672046
 2160.493827  1913.580247  0.00008535516871296371
 2160.493827  2037.037037  0.00008451453590369486
 2160.493827  2160.493827  0.00008396987790198344
 2160.493827  2283.950617  0.00008405423247053602
 2160.493827  2407.407407  0.00008394322332307598
 2160.493827  2530.864198  0.00008255437538367370
 2160.493827  2654.320988  0.00008182307551321972
 2160.493827  2777.777778  0.00008220551068517743
 2160.493827  2901.234568  0.00008220790255797098
 2160.493827  3024.691358  0.00008184935118020802
 2160.493827  3148.148148  0.00008155282202275041
 2160.493827  3271.604938  0.00008137174538553592
 2160.493827  3395.061728  0.00008156836209882552
 2160.493827  3518.518519  0.00008136695949061755
 2160.493827  3641.975309  0.00008136791471553595
 2160.493827  3765.432099  0.00008136476569436345
 2160.493827  3888.888889  0.00008146232213225497
 2160.493827  4012.345679  0.00008119990759546149
 2160.493827  4135.802469  0.00008095916606876568
 2160.493827  4259.259259  0.00008167154835902375
 2160.493827  4382.716049  0.00007988920802354315
 2160.493827  4506.172840  0.00007842487395593134
 2160.493827  4629.629630  0.00008334747447422147
 2160.493827  4753.086420  0.00007936569542250979
 2160.493827  4876.543210  0.00008501291545728901

 2283.950617 -5000.000000  0.00002100969442615757
 2283.950617 -4876.543210  0.00008179310724639884
 2283.950617 -4753.086420  0.00007600456936135991
 2283.950617 -4629.629630  0.00007917751642732986
 2283.950617 -4506.172840  0.00007489399011239843
 2283.950617 -4382.716049  0.00007670814075356212
 2283.950617 -4259.259259  0.00007843018183149553
 2283.950617 -4135.802469  0.00007745065021183872
 2283.950617 -4012.345679  0.00007748793949498342
 2283.950617 -3888.888889  0.00007799897754051140
 2283.950617 -3765.432099  0.00007748048255668113
 2283.950617 -3641.975309  0.00007787378714598029
 2283.950617 -3518.518519  0.00007764211891602923
 2283.950617 -3395.061728  0.00007790842692423149
 2283.950617 -3271.604938  0.00007802420054667867
 2283.950617 -3148.148148  0.00007827912296101805
 2283.950617 -3024.691358  0.00007823888369900842
 2283.950617 -2901.234568  0.00007816536753119399
 2283.950617 -2777.777778  0.00007842206299076359
 2283.950617 -2654.320988  0.00007871025971438812
 2283.950617 -2530.864198  0.00007854397537420024
 2283.950617 -2407.407407  0.00007976600151962788
 2283.950617 -2283.950617  0.00007953228923368709
 2283.950617 -2160.493827  0.00008034651974619750
 2283.950617 -2037.037037  0.00008060085902153477
 2283.950617 -1913.580247  0.00008113726054014024
 2283.950617 -1790.123457  0.00008159888171728680
 2283.950617 -1666.666667  0.00008244045181554880
 2283.950617 -1543.209877  0.00008353103380181029
 2283.950617 -1419.753086  0.00008469196994992826
 2283.950617 -1296.296296  0.00008631982503458476
 2283.950617 -1172.839506  0.00008854553677547886
 2283.950617 -1049.382716  0.00009159102221903104
 2283.950617  -925.925926  0.00009577617750044975
 2283.950617  -802.469136  0.00010155577343491522
 2283.950617  -679.012346  0.00010950058463489454
 2283.950617  -555.555556  0.00011981634840130408
 2283.950617  -432.098765  0.00013184418949890541
 2283.950617  -308.641975  0.00014386631015099203
 2283.950617  -185.185185  0.00015355684802830289
 2283.950617   -61.728395  0.00015895229676084668
 2283.950617    61.728395  0.00015895229676085384
 2283.950617   185.185185  0.00015355684802831424
 2283.950617   308.641975  0.00014386631015095601
 2283.950617   432.098765  0.00013184418949880496
 2283.950617   555.555556  0.00011981634840113778
 2283.950617   679.012346  0.00010950058463467909
 2283.950617   802.469136  0.00010155577343465332
 2283.950617   925.925926  0.00009577617750015346
 2283.950617  1049.382716  0.00009159102221870151
 2283.950617  1172.839506  0.00008854553677510753
 2283.950617  1296.296296  0.00008631982503418217
 2283.950617  1419.753086  0.00008469196994948925
 2283.950617  1543.209877  0.00008353103380133662
 2283.950617  1666.666667  0.00008244045181503870
 2283.950617  1790.123457  0.00008159888171673906
 2283.950617  1913.580247  0.00008113726053957077
 2283.950617  2037.037037  0.00008060085902095991
 2283.950617  2160.493827  0.00008034651974558393
 2283.950617  2283.950617  0.00007953228923303334
 2283.950617  2407.407407  0.00007976600151887844
 2283.950617  2530.864198  0.00007854397537357280
 2283.950617  2654.320988  0.00007871025971357769
 2283.950617  2777.777778  0.00007842206298990075
 2283.950617  2901.234568  0.00007816536753035651
 2283.950617  3024.691358  0.00007823888369818656
 2283.950617  3148.148148  0.00007827912296017998
 2283.950617  3271.604938  0.00007802420054578027
 2283.950617  3395.061728  0.00007790842692324239
 2283.950617  3518.518519  0.00007764211891497035
 2283.950617  3641.975309  0.00007787378714486923
 2283.950617  3765.432099  0.00007748048255555622
 2283.950617  3888.888889  0.00007799897753939037
 2283.950617  4012.345679  0.00007748793949388574
 2283.950617  4135.802469  0.00007745065021074927
 2283.950617  4259.259259  0.00007843018183036040
 2283.950617  4382.716049  0.00007670814075234173
 2283.950617  4506.172840  0.00007489399011105918
 2283.950617  4629.629630  0.00007917751642585427
 2283.950617  4753.086420  0.00007600456935987707
 2283.950617  4876.543210  0.00008179310724520204

 2407.407407 -5000.000000  0.00002069746960987688
 2407.407407 -4876.543210  0.00008117833088538029
 2407.407407 -4753.086420  0.00007568846691452161
 2407.407407 -4629.629630  0.00007883641699696617
 2407.407407 -4506.172840  0.00007450526963467127
 2407.407407 -4382.716049  0.00007620888231435121
 2407.407407 -4259.259259  0.00007789069983558738
 2407.407407 -4135.802469  0.00007697384434386609
 2407.407407 -4012.345679  0.00007708427219748563
 2407.407407 -3888.888889  0.00007761097988882248
 2407.407407 -3765.432099  0.00007714741813845855
 2407.407407 -3641.975309  0.00007751647587730709
 2407.407407 -3518.518519  0.00007726040825709683
 2407.407407 -3395.061728  0.00007747214088529486
 2407.407407 -3271.604938  0.00007751460803980726
 2407.407407 -3148.148148  0.00007775970856076997
 2407.407407 -3024.691358  0.00007781675073733741
 2407.407407 -2901.234568  0.00007791446362350372
 2407.407407 -2777.777778  0.00007815666972254352
 2407.407407 -2654.320988  0.00007816761191770987
 2407.407407 -2530.864198  0.00007728319639506240
 2407.407407 -2407.407407  0.00007609937223592068
 2407.407407 -2283.950617  0.00007560508342677550
 2407.407407 -2160.493827  0.00007603332805321515
 2407.407407 -2037.037037  0.00007640362518152870
 2407.407407 -1913.580247  0.00007693782980750656
 2407.407407 -1790.123457  0.00007746624815403377
 2407.407407 -1666.666667  0.00007818160985096547
 2407.407407 -1543.209877  0.00007904562820864006
 2407.407407 -1419.753086  0.00008000707840942181
 2407.407407 -1296.296296  0.00008129680855261632
 2407.407407 -1172.839506  0.00008326344429528693
 2407.407407 -1049.382716  0.00008570956273851477
 2407.407407  -925.925926  0.00008910008968806111
 2407.407407  -802.469136  0.00009367717915021673
 2407.407407  -679.012346  0.00009981828770026724
 2407.407407  -555.555556  0.00010753723050613997
 2407.407407  -432.098765  0.00011627702394321739
 2407.407407  -308.641975  0.00012478809966454934
 2407.407407  -185.185185  0.00013153770936367751
 2407.407407   -61.728395  0.00013543673386285171
 2407.407407    61.728395  0.00013543673386284393
 2407.407407   185.185185  0.00013153770936365851
 2407.407407   308.641975  0.00012478809966448099
 2407.407407   432.098765  0.00011627702394308770
 2407.407407   555.555556  0.00010753723050595019
 2407.407407   679.012346  0.00009981828770003435
 2407.407407   802.469136  0.00009367717914993945
 2407.407407   925.925926  0.00008910008968775059
 2407.407407  1049.382716  0.00008570956273817145
 2407.407407  1172.839506  0.00008326344429490107
 2407.407407  1296.296296  0.00008129680855219868
 2407.407407  1419.753086  0.00008000707840896543
 2407.407407  1543.209877  0.00007904562820814869
 2407.407407  1666.666667  0.00007818160985043564
 2407.407407  1790.123457  0.00007746624815346409
 2407.407407  1913.580247  0.00007693782980691243
 2407.407407  2037.037037  0.00007640362518092860
 2407.407407  2160.493827  0.00007603332805257519
 2407.407407  2283.950617  0.00007560508342609331
 2407.407407  2407.407407  0.00007609937223514018
 2407.407407  2530.864198  0.00007728319639440027
 2407.407407  2654.320988  0.00007816761191686000
 2407.407407  2777.777778  0.00007815666972163972
 2407.407407  2901.234568  0.00007791446362262460
 2407.407407  3024.691358  0.00007781675073647283
 2407.407407  3148.148148  0.00007775970855988622
 2407.407407  3271.604938  0.00007751460803886172
 2407.407407  3395.061728  0.00007747214088425651
 2407.407407  3518.518519  0.00007726040825598757
 2407.407407  3641.975309  0.00007751647587614236
 2407.407407  3765.432099  0.00007714741813728058
 2407.407407  3888.888889  0.00007761097988764443
 2407.407407  4012.345679  0.00007708427219633226
 2407.407407  4135.802469  0.00007697384434272067
 2407.407407  4259.259259  0.00007789069983439317
 2407.407407  4382.716049  0.00007620888231307017
 2407.407407  4506.172840  0.00007450526963326859
 2407.407407  4629.629630  0.00007883641699542251
 2407.407407  4753.086420  0.00007568846691296863
 2407.407407  4876.543210  0.00008117833088411595

 2530.864198 -5000.000000  0.00001881773307972794
 2530.864198 -4876.543210  0.00006946949335982642
 2530.864198 -4753.086420  0.00006615677718858955
 2530.864198 -4629.629630  0.00006959125780062711
 2530.864198 -4506.172840  0.00006516537566589552
 2530.864198 -4382.716049  0.00006575057706694033
 2530.864198 -4259.259259  0.00006706424174587357
 2530.864198 -4135.802469  0.00006680921558195789
 2530.864198 -4012.345679  0.00006733888932177700
 2530.864198 -3888.888889  0.00006758690952108328
 2530.864198 -3765.432099  0.00006768112419244068
 2530.864198 -3641.975309  0.00006759627936010216
 2530.864198 -3518.518519  0.00006730363976554386
 2530.864198 -3395.061728  0.00006719374861900991
 2530.864198 -3271.604938  0.00006690326729994134
 2530.864198 -3148.148148  0.00006716878026209367
 2530.864198 -3024.691358  0.00006767609499679104
 2530.864198 -2901.234568  0.00006815937490091028
 2530.864198 -2777.777778  0.00006854691005681167
 2530.864198 -2654.320988  0.00006761727310324915
 2530.864198 -2530.864198  0.00006575024918777014
 2530.864198 -2407.407407  0.00007349891767877206
 2530.864198 -2283.950617  0.00007083347239790007
 2530.864198 -2160.493827  0.00007095992715921985
 2530.864198 -2037.037037  0.00007099140751240393
 2530.864198 -1913.580247  0.00007252441160877353
 2530.864198 -1790.123457  0.00007318835567712258
 2530.864198 -1666.666667  0.00007369958684670026
 2530.864198 -1543.209877  0.00007410038128923915
 2530.864198 -1419.753086  0.00007463139352600543
 2530.864198 -1296.296296  0.00007605448356676049
 2530.864198 -1172.839506  0.00007667743969745249
 2530.864198 -1049.382716  0.00007896954101160197
 2530.864198  -925.925926  0.00008136679615402364
 2530.864198  -802.469136  0.00008501780962670474
 2530.864198  -679.012346  0.00008964017597933561
 2530.864198  -555.555556  0.00009510720893932187
 2530.864198  -432.098765  0.00010061307106630408
 2530.864198  -308.641975  0.00010551173438745971
 2530.864198  -185.185185  0.00010948211372408434
 2530.864198   -61.728395  0.00011284146145665712
 2530.864198    61.728395  0.00011284146145664967
 2530.864198   185.185185  0.00010948211372405343
 2530.864198   308.641975  0.00010551173438738193
 2530.864198   432.098765  0.00010061307106617455
 2530.864198   555.555556  0.00009510720893914486
 2530.864198   679.012346  0.00008964017597912388
 2530.864198   802.469136  0.00008501780962645740
 2530.864198   925.925926  0.00008136679615374930
 2530.864198  1049.382716  0.00007896954101129838
 2530.864198  1172.839506  0.00007667743969711144
 2530.864198  1296.296296  0.00007605448356638720
 2530.864198  1419.753086  0.00007463139352559912
 2530.864198  1543.209877  0.00007410038128880150
 2530.864198  1666.666667  0.00007369958684622386
 2530.864198  1790.123457  0.00007318835567660825
 2530.864198  1913.580247  0.00007252441160824172
 2530.864198  2037.037037  0.00007099140751187117
 2530.864198  2160.493827  0.00007095992715865188
 2530.864198  2283.950617  0.00007083347239728526
 2530.864198  2407.407407  0.00007349891767806411
 2530.864198  2530.864198  0.00006575024918719499
 2530.864198  2654.320988  0.00006761727310249410
 2530.864198  2777.777778  0.00006854691005600681
 2530.864198  2901.234568  0.00006815937490013597
 2530.864198  3024.691358  0.00006767609499603794
 2530.864198  3148.148148  0.00006716878026132719
 2530.864198  3271.604938  0.00006690326729911387
 2530.864198  3395.061728  0.00006719374861809017
 2530.864198  3518.518519  0.00006730363976455686
 2530.864198  3641.975309  0.00006759627935906861
 2530.864198  3765.432099  0.00006768112419138778
 2530.864198  3888.888889  0.00006758690952004299
 2530.864198  4012.345679  0.00006733888932076141
 2530.864198  4135.802469  0.00006680921558095617
 2530.864198  4259.259259  0.00006706424174483423
 2530.864198  4382.716049  0.00006575057706581382
 2530.864198  4506.172840  0.00006516537566463920
 2530.864198  4629.629630  0.00006959125779923773
 2530.864198  4753.086420  0.00006615677718719715
 2530.864198  4876.543210  0.00006946949335875231

 2654.320988 -5000.000000  0.00001862252661202561
 2654.320988 -4876.543210  0.00006465603716754220
 2654.320988 -4753.086420  0.00006246286385812057
 2654.320988 -4629.629630  0.00006655526679413876
 2654.320988 -4506.172840  0.00006167254149125016
 2654.320988 -4382.716049  0.00006147554855101898
 2654.320988 -4259.259259  0.00006266226738740206
 2654.320988 -4135.802469  0.00006295483185061187
 2654.320988 -4012.345679  0.00006384698661510751
 2654.320988 -3888.888889  0.00006374584703270889
 2654.320988 -3765.432099  0.00006447946108487225
 2654.320988 -3641.975309  0.00006373034734976885
 2654.320988 -3518.518519  0.00006375104761481341
 2654.320988 -3395.061728  0.00006343682364549067
 2654.320988 -3271.604938  0.00006260159233549580
 2654.320988 -3148.148148  0.00006277422199725605
 2654.320988 -3024.691358  0.00006392212131181810
 2654.320988 -2901.234568  0.00006516959410602638
 2654.320988 -2777.777778  0.00006515500491569442
 2654.320988 -2654.320988  0.00006283429259926859
 2654.320988 -2530.864198  0.00006161081323054867
 2654.320988 -2407.407407  0.00006848066054527132
 2654.320988 -2283.950617  0.00006547797968438704
 2654.320988 -2160.493827  0.00006439956600139010
 2654.320988 -2037.037037  0.00006472084689487595
 2654.320988 -1913.580247  0.00006657485147353953
 2654.320988 -1790.123457  0.00006761830694753374
 2654.320988 -1666.666667  0.00006786092895947174
 2654.320988 -1543.209877  0.00006778835845231337
 2654.320988 -1419.753086  0.00006823978609217705
 2654.320988 -1296.296296  0.00006946666875850151
 2654.320988 -1172.839506  0.00006945410161150173
 2654.320988 -1049.382716  0.00007134104217102032
 2654.320988  -925.925926  0.00007305758691735558
 2654.320988  -802.469136  0.00007582724334065968
 2654.320988  -679.012346  0.00007915431512401790
 2654.320988  -555.555556  0.00008277441769501817
 2654.320988  -432.098765  0.00008595749012958517
 2654.320988  -308.641975  0.00008847593374074906
 2654.320988  -185.185185  0.00009062071884887196
 2654.320988   -61.728395  0.00009326989113439736
 2654.320988    61.728395  0.00009326989113438212
 2654.320988   185.185185  0.00009062071884882431
 2654.320988   308.641975  0.00008847593374065112
 2654.320988   432.098765  0.00008595749012943354
 2654.320988   555.555556  0.00008277441769481776
 2654.320988   679.012346  0.00007915431512378111
 2654.320988   802.469136  0.00007582724334038818
 2654.320988   925.925926  0.00007305758691705291
 2654.320988  1049.382716  0.00007134104217068545
 2654.320988  1172.839506  0.00006945410161112554
 2654.320988  1296.296296  0.00006946666875808893
 2654.320988  1419.753086  0.00006823978609172616
 2654.320988  1543.209877  0.00006778835845182795
 2654.320988  1666.666667  0.00006786092895894321
 2654.320988  1790.123457  0.00006761830694696339
 2654.320988  1913.580247  0.00006657485147294760
 2654.320988  2037.037037  0.00006472084689428084
 2654.320988  2160.493827  0.00006439956600075691
 2654.320988  2283.950617  0.00006547797968370091
 2654.320988  2407.407407  0.00006848066054448396
 2654.320988  2530.864198  0.00006161081322989259
 2654.320988  2654.320988  0.00006283429259844881
 2654.320988  2777.777778  0.00006515500491481391
 2654.320988  2901.234568  0.00006516959410516399
 2654.320988  3024.691358  0.00006392212131097165
 2654.320988  3148.148148  0.00006277422199639417
 2654.320988  3271.604938  0.00006260159233457378
 2654.320988  3395.061728  0.00006343682364447575
 2654.320988  3518.518519  0.00006375104761373238
 2654.320988  3641.975309  0.00006373034734863915
 2654.320988  3765.432099  0.00006447946108371943
 2654.320988  3888.888889  0.00006374584703155803
 2654.320988  4012.345679  0.00006384698661397629
 2654.320988  4135.802469  0.00006295483184948850
 2654.320988  4259.259259  0.00006266226738623446
 2654.320988  4382.716049  0.00006147554854976978
 2654.320988  4506.172840  0.00006167254148988245
 2654.320988  4629.629630  0.00006655526679263009
 2654.320988  4753.086420  0.00006246286385661002
 2654.320988  4876.543210  0.00006465603716629695

 2777.777778 -5000.000000  0.00001710075851384887
 2777.777778 -4876.543210  0.00006232928264812125
 2777.777778 -4753.086420  0.00005989413778439573
 2777.777778 -4629.629630  0.00006318090804551216
 2777.777778 -4506.172840  0.00005889639849069370
 2777.777778 -4382.716049  0.00005909546302018766
 2777.777778 -4259.259259  0.00006024907579098027
 2777.777778 -4135.802469  0.00006025620210049620
 2777.777778 -4012.345679  0.00006094062595642216
 2777.777778 -3888.888889  0.00006110051261580779
 2777.777778 -3765.432099  0.00006141867658438041
 2777.777778 -3641.975309  0.00006106363754156205
 2777.777778 -3518.518519  0.00006084293558643315
 2777.777778 -3395.061728  0.00006060195649624317
 2777.777778 -3271.604938  0.00006008659011159575
 2777.777778 -3148.148148  0.00006032999187216312
 2777.777778 -3024.691358  0.00006114380164878256
 2777.777778 -2901.234568  0.00006200056250463817
 2777.777778 -2777.777778  0.00006223225038402789
 2777.777778 -2654.320988  0.00006055032059619104
 2777.777778 -2530.864198  0.00005816975988466830
 2777.777778 -2407.407407  0.00006371388218116586
 2777.777778 -2283.950617  0.00006061922823221669
 2777.777778 -2160.493827  0.00006025656084069913
 2777.777778 -2037.037037  0.00006038351875089282
 2777.777778 -1913.580247  0.00006190815518709843
 2777.777778 -1790.123457  0.00006261914064608253
 2777.777778 -1666.666667  0.00006292501695586289
 2777.777778 -1543.209877  0.00006296336456935860
 2777.777778 -1419.753086  0.00006312203199700967
 2777.777778 -1296.296296  0.00006408410258880203
 2777.777778 -1172.839506  0.00006400402844468594
 2777.777778 -1049.382716  0.00006544473316551977
 2777.777778  -925.925926  0.00006662840451902638
 2777.777778  -802.469136  0.00006857472937016174
 2777.777778  -679.012346  0.00007077694619812487
 2777.777778  -555.555556  0.00007306047022651954
 2777.777778  -432.098765  0.00007488048389882399
 2777.777778  -308.641975  0.00007618491788954142
 2777.777778  -185.185185  0.00007733865429777258
 2777.777778   -61.728395  0.00007909295803613528
 2777.777778    61.728395  0.00007909295803611724
 2777.777778   185.185185  0.00007733865429772127
 2777.777778   308.641975  0.00007618491788944131
 2777.777778   432.098765  0.00007488048389867219
 2777.777778   555.555556  0.00007306047022631849
 2777.777778   679.012346  0.00007077694619788811
 2777.777778   802.469136  0.00006857472936989027
 2777.777778   925.925926  0.00006662840451872436
 2777.777778  1049.382716  0.00006544473316518579
 2777.777778  1172.839506  0.00006400402844431025
 2777.777778  1296.296296  0.00006408410258838822
 2777.777778  1419.753086  0.00006312203199655833
 2777.777778  1543.209877  0.00006296336456887152
 2777.777778  1666.666667  0.00006292501695533102
 2777.777778  1790.123457  0.00006261914064550780
 2777.777778  1913.580247  0.00006190815518650158
 2777.777778  2037.037037  0.00006038351875029213
 2777.777778  2160.493827  0.00006025656084006120
 2777.777778  2283.950617  0.00006061922823152468
 2777.777778  2407.407407  0.00006371388218037333
 2777.777778  2530.864198  0.00005816975988400065
 2777.777778  2654.320988  0.00006055032059534865
 2777.777778  2777.777778  0.00006223225038312364
 2777.777778  2901.234568  0.00006200056250375396
 2777.777778  3024.691358  0.00006114380164791443
 2777.777778  3148.148148  0.00006032999187127991
 2777.777778  3271.604938  0.00006008659011064970
 2777.777778  3395.061728  0.00006060195649520192
 2777.777778  3518.518519  0.00006084293558532282
 2777.777778  3641.975309  0.00006106363754040078
 2777.777778  3765.432099  0.00006141867658319384
 2777.777778  3888.888889  0.00006110051261462505
 2777.777778  4012.345679  0.00006094062595526021
 2777.777778  4135.802469  0.00006025620209934268
 2777.777778  4259.259259  0.00006024907578978128
 2777.777778  4382.716049  0.00005909546301890440
 2777.777778  4506.172840  0.00005889639848928779
 2777.777778  4629.629630  0.00006318090804396148
 2777.777778  4753.086420  0.00005989413778284135
 2777.777778  4876.543210  0.00006232928264684512

 2901.234568 -5000.000000  0.00001569706567757955
 2901.234568 -4876.543210  0.00005853132645054178
 2901.234568 -4753.086420  0.00005590872615314396
 2901.234568 -4629.629630  0.00005864652217774374
 2901.234568 -4506.172840  0.00005488015266030852
 2901.234568 -4382.716049  0.00005532775682629571
 2901.234568 -4259.259259  0.00005643848879663408
 2901.234568 -4135.802469  0.00005628020634750995
 2901.234568 -4012.345679  0.00005680347463218651
 2901.234568 -3888.888889  0.00005707588709592390
 2901.234568 -3765.432099  0.00005711995124653177
 2901.234568 -3641.975309  0.00005701652346644926
 2901.234568 -3518.518519  0.00005667839678221224
 2901.234568 -3395.061728  0.00005650449167591281
 2901.234568 -3271.604938  0.00005620952955405314
 2901.234568 -3148.148148  0.00005648582153393514
 2901.234568 -3024.691358  0.00005705539608449837
 2901.234568 -2901.234568  0.00005761711654419502
 2901.234568 -2777.777778  0.00005795480410253582
 2901.234568 -2654.320988  0.00005674534524220269
 2901.234568 -2530.864198  0.00005397968687400134
 2901.234568 -2407.407407  0.00005878460994102319
 2901.234568 -2283.950617  0.00005581900119148185
 2901.234568 -2160.493827  0.00005587787094381361
 2901.234568 -2037.037037  0.00005587316984076501
 2901.234568 -1913.580247  0.00005713373895902754
 2901.234568 -1790.123457  0.00005760805671218648
 2901.234568 -1666.666667  0.00005791832733885831
 2901.234568 -1543.209877  0.00005800388607416854
 2901.234568 -1419.753086  0.00005798111252443646
 2901.234568 -1296.296296  0.00005872783793018131
 2901.234568 -1172.839506  0.00005859026676229285
 2901.234568 -1049.382716  0.00005968074322844772
 2901.234568  -925.925926  0.00006045823691678782
 2901.234568  -802.469136  0.00006179865741597627
 2901.234568  -679.012346  0.00006322565499254626
 2901.234568  -555.555556  0.00006463596944739158
 2901.234568  -432.098765  0.00006562130680482113
 2901.234568  -308.641975  0.00006622642753082533
 2901.234568  -185.185185  0.00006681522994986449
 2901.234568   -61.728395  0.00006798015334251396
 2901.234568    61.728395  0.00006798015334249582
 2901.234568   185.185185  0.00006681522994981456
 2901.234568   308.641975  0.00006622642753073012
 2901.234568   432.098765  0.00006562130680467704
 2901.234568   555.555556  0.00006463596944720079
 2901.234568   679.012346  0.00006322565499232017
 2901.234568   802.469136  0.00006179865741571729
 2901.234568   925.925926  0.00006045823691649998
 2901.234568  1049.382716  0.00005968074322812837
 2901.234568  1172.839506  0.00005859026676193464
 2901.234568  1296.296296  0.00005872783792978702
 2901.234568  1419.753086  0.00005798111252400491
 2901.234568  1543.209877  0.00005800388607370273
 2901.234568  1666.666667  0.00005791832733834912
 2901.234568  1790.123457  0.00005760805671163481
 2901.234568  1913.580247  0.00005713373895845476
 2901.234568  2037.037037  0.00005587316984019004
 2901.234568  2160.493827  0.00005587787094320177
 2901.234568  2283.950617  0.00005581900119081765
 2901.234568  2407.407407  0.00005878460994026079
 2901.234568  2530.864198  0.00005397968687336504
 2901.234568  2654.320988  0.00005674534524138393
 2901.234568  2777.777778  0.00005795480410165789
 2901.234568  2901.234568  0.00005761711654334149
 2901.234568  3024.691358  0.00005705539608366594
 2901.234568  3148.148148  0.00005648582153308784
 2901.234568  3271.604938  0.00005620952955314277
 2901.234568  3395.061728  0.00005650449167490532
 2901.234568  3518.518519  0.00005667839678113418
 2901.234568  3641.975309  0.00005701652346532128
 2901.234568  3765.432099  0.00005711995124538030
 2901.234568  3888.888889  0.00005707588709478085
 2901.234568  4012.345679  0.00005680347463106759
 2901.234568  4135.802469  0.00005628020634640252
 2901.234568  4259.259259  0.00005643848879548432
 2901.234568  4382.716049  0.00005532775682505778
 2901.234568  4506.172840  0.00005488015265894083
 2901.234568  4629.629630  0.00005864652217623313
 2901.234568  4753.086420  0.00005590872615162963
 2901.234568  4876.543210  0.00005853132644933556

 3024.691358 -5000.000000  0.00001470944471983919
 3024.691358 -4876.543210  0.00005317904704320494
 3024.691358 -4753.086420  0.00005067321233454171
 3024.691358 -4629.629630  0.00005340464101630460
 3024.691358 -4506.172840  0.00004984521919979646
 3024.691358 -4382.716049  0.00005017629536049018
 3024.691358 -4259.259259  0.00005122697473049069
 3024.691358 -4135.802469  0.00005118157681596111
 3024.691358 -4012.345679  0.00005170206255256018
 3024.691358 -3888.888889  0.00005182554706322680
 3024.691358 -3765.432099  0.00005197500101495349
 3024.691358 -3641.975309  0.00005173833004348424
 3024.691358 -3518.518519  0.00005152288489364170
 3024.691358 -3395.061728  0.00005135586873779192
 3024.691358 -3271.604938  0.00005100220590404899
 3024.691358 -3148.148148  0.00005123746976259206
 3024.691358 -3024.691358  0.00005186073264300274
 3024.691358 -2901.234568  0.00005248025551770746
 3024.691358 -2777.777778  0.00005264345852462141
 3024.691358 -2654.320988  0.00005130003704109834
 3024.691358 -2530.864198  0.00004923181612613081
 3024.691358 -2407.407407  0.00005352329730616842
 3024.691358 -2283.950617  0.00005090826426248325
 3024.691358 -2160.493827  0.00005065045182343278
 3024.691358 -2037.037037  0.00005070663111940883
 3024.691358 -1913.580247  0.00005188652236302456
 3024.691358 -1790.123457  0.00005238543841540385
 3024.691358 -1666.666667  0.00005257315348312992
 3024.691358 -1543.209877  0.00005252078284142061
 3024.691358 -1419.753086  0.00005248973089491571
 3024.691358 -1296.296296  0.00005308144112199747
 3024.691358 -1172.839506  0.00005278828727898978
 3024.691358 -1049.382716  0.00005362901533329430
 3024.691358  -925.925926  0.00005412666717657119
 3024.691358  -802.469136  0.00005507790140229029
 3024.691358  -679.012346  0.00005604338196684344
 3024.691358  -555.555556  0.00005692700417879090
 3024.691358  -432.098765  0.00005740172706270246
 3024.691358  -308.641975  0.00005757281711562578
 3024.691358  -185.185185  0.00005783037563416332
 3024.691358   -61.728395  0.00005871461168477663
 3024.691358    61.728395  0.00005871461168475833
 3024.691358   185.185185  0.00005783037563411497
 3024.691358   308.641975  0.00005757281711553422
 3024.691358   432.098765  0.00005740172706256526
 3024.691358   555.555556  0.00005692700417860923
 3024.691358   679.012346  0.00005604338196662685
 3024.691358   802.469136  0.00005507790140204239
 3024.691358   925.925926  0.00005412666717629508
 3024.691358  1049.382716  0.00005362901533298805
 3024.691358  1172.839506  0.00005278828727864594
 3024.691358  1296.296296  0.00005308144112161741
 3024.691358  1419.753086  0.00005248973089449920
 3024.691358  1543.209877  0.00005252078284097127
 3024.691358  1666.666667  0.00005257315348263903
 3024.691358  1790.123457  0.00005238543841487165
 3024.691358  1913.580247  0.00005188652236247133
 3024.691358  2037.037037  0.00005070663111885420
 3024.691358  2160.493827  0.00005065045182284229
 3024.691358  2283.950617  0.00005090826426184257
 3024.691358  2407.407407  0.00005352329730543054
 3024.691358  2530.864198  0.00004923181612552469
 3024.691358  2654.320988  0.00005130003704030914
 3024.691358  2777.777778  0.00005264345852377687
 3024.691358  2901.234568  0.00005248025551689069
 3024.691358  3024.691358  0.00005186073264220936
 3024.691358  3148.148148  0.00005123746976178443
 3024.691358  3271.604938  0.00005100220590317860
 3024.691358  3395.061728  0.00005135586873682458
 3024.691358  3518.518519  0.00005152288489260393
 3024.691358  3641.975309  0.00005173833004239847
 3024.691358  3765.432099  0.00005197500101384699
 3024.691358  3888.888889  0.00005182554706213225
 3024.691358  4012.345679  0.00005170206255149115
 3024.691358  4135.802469  0.00005118157681490663
 3024.691358  4259.259259  0.00005122697472939776
 3024.691358  4382.716049  0.00005017629535930631
 3024.691358  4506.172840  0.00004984521919847809
 3024.691358  4629.629630  0.00005340464101484727
 3024.691358  4753.086420  0.00005067321233308286
 3024.691358  4876.543210  0.00005317904704207258

 3148.148148 -5000.000000  0.00001349346501809502
 3148.148148 -4876.543210  0.00004666394097784729
 3148.148148 -4753.086420  0.00004434086804282945
 3148.148148 -4629.629630  0.00004705422708531690
 3148.148148 -4506.172840  0.00004374341766805719
 3148.148148 -4382.716049  0.00004392279983993733
 3148.148148 -4259.259259  0.00004489699641304052
 3148.148148 -4135.802469  0.00004499101152307248
 3148.148148 -4012.345679  0.00004550910147050115
 3148.148148 -3888.888889  0.00004545653650128252
 3148.148148 -3765.432099  0.00004576550367763539
 3148.148148 -3641.975309  0.00004532918190447937
 3148.148148 -3518.518519  0.00004526222354853713
 3148.148148 -3395.061728  0.00004509834389388592
 3148.148148 -3271.604938  0.00004467537384000945
 3148.148148 -3148.148148  0.00004486421519761348
 3148.148148 -3024.691358  0.00004555866847335448
 3148.148148 -2901.234568  0.00004624215153285123
 3148.148148 -2777.777778  0.00004621264290802231
 3148.148148 -2654.320988  0.00004471026241646604
 3148.148148 -2530.864198  0.00004350948442554953
 3148.148148 -2407.407407  0.00004778225175589061
 3148.148148 -2283.950617  0.00004551604302060212
 3148.148148 -2160.493827  0.00004493951508689016
 3148.148148 -2037.037037  0.00004504637460071940
 3148.148148 -1913.580247  0.00004617220545600527
 3148.148148 -1790.123457  0.00004670413582825323
 3148.148148 -1666.666667  0.00004677387869801846
 3148.148148 -1543.209877  0.00004658945801020604
 3148.148148 -1419.753086  0.00004657311251864468
 3148.148148 -1296.296296  0.00004705787474966468
 3148.148148 -1172.839506  0.00004663411089565625
 3148.148148 -1049.382716  0.00004729203040551254
 3148.148148  -925.925926  0.00004759416430337376
 3148.148148  -802.469136  0.00004828287439252258
 3148.148148  -679.012346  0.00004895357074565964
 3148.148148  -555.555556  0.00004951789432532556
 3148.148148  -432.098765  0.00004969987487599409
 3148.148148  -308.641975  0.00004962786641899461
 3148.148148  -185.185185  0.00004970192113860581
 3148.148148   -61.728395  0.00005042469664792394
 3148.148148    61.728395  0.00005042469664790755
 3148.148148   185.185185  0.00004970192113855741
 3148.148148   308.641975  0.00004962786641890366
 3148.148148   432.098765  0.00004969987487585859
 3148.148148   555.555556  0.00004951789432514560
 3148.148148   679.012346  0.00004895357074544742
 3148.148148   802.469136  0.00004828287439227852
 3148.148148   925.925926  0.00004759416430310158
 3148.148148  1049.382716  0.00004729203040521050
 3148.148148  1172.839506  0.00004663411089531714
 3148.148148  1296.296296  0.00004705787474929088
 3148.148148  1419.753086  0.00004657311251823382
 3148.148148  1543.209877  0.00004658945800976257
 3148.148148  1666.666667  0.00004677387869753306
 3148.148148  1790.123457  0.00004670413582772785
 3148.148148  1913.580247  0.00004617220545545744
 3148.148148  2037.037037  0.00004504637460017038
 3148.148148  2160.493827  0.00004493951508630525
 3148.148148  2283.950617  0.00004551604301996720
 3148.148148  2407.407407  0.00004778225175515931
 3148.148148  2530.864198  0.00004350948442495151
 3148.148148  2654.320988  0.00004471026241568901
 3148.148148  2777.777778  0.00004621264290719072
 3148.148148  2901.234568  0.00004624215153204727
 3148.148148  3024.691358  0.00004555866847257427
 3148.148148  3148.148148  0.00004486421519681997
 3148.148148  3271.604938  0.00004467537383915339
 3148.148148  3395.061728  0.00004509834389293375
 3148.148148  3518.518519  0.00004526222354751477
 3148.148148  3641.975309  0.00004532918190341049
 3148.148148  3765.432099  0.00004576550367654469
 3148.148148  3888.888889  0.00004545653650020572
 3148.148148  4012.345679  0.00004550910146944977
 3148.148148  4135.802469  0.00004499101152203603
 3148.148148  4259.259259  0.00004489699641196669
 3148.148148  4382.716049  0.00004392279983877395
 3148.148148  4506.172840  0.00004374341766675964
 3148.148148  4629.629630  0.00004705422708388257
 3148.148148  4753.086420  0.00004434086804139360
 3148.148148  4876.543210  0.00004666394097673872

 3271.604938 -5000.000000  0.00001189718105515272
 3271.604938 -4876.543210  0.00004010597556002756
 3271.604938 -4753.086420  0.00003784654194486912
 3271.604938 -4629.629630  0.00004025521292270954
 3271.604938 -4506.172840  0.00003738468461689703
 3271.604938 -4382.716049  0.00003757561002605033
 3271.604938 -4259.259259  0.00003847082427238295
 3271.604938 -4135.802469  0.00003858598441335936
 3271.604938 -4012.345679  0.00003901422221215675
 3271.604938 -3888.888889  0.00003890303248913923
 3271.604938 -3765.432099  0.00003916326645318732
 3271.604938 -3641.975309  0.00003874080587047282
 3271.604938 -3518.518519  0.00003870763863114239
 3271.604938 -3395.061728  0.00003858756561618339
 3271.604938 -3271.604938  0.00003821951930709999
 3271.604938 -3148.148148  0.00003839914452634572
 3271.604938 -3024.691358  0.00003902272979159800
 3271.604938 -2901.234568  0.00003960913264191475
 3271.604938 -2777.777778  0.00003950613878019486
 3271.604938 -2654.320988  0.00003813035089895452
 3271.604938 -2530.864198  0.00003733005327468218
 3271.604938 -2407.407407  0.00004142031370535796
 3271.604938 -2283.950617  0.00003943737922383426
 3271.604938 -2160.493827  0.00003888215127733906
 3271.604938 -2037.037037  0.00003895511927761109
 3271.604938 -1913.580247  0.00003994739244200073
 3271.604938 -1790.123457  0.00004040283632264401
 3271.604938 -1666.666667  0.00004042443055334075
 3271.604938 -1543.209877  0.00004021377952486568
 3271.604938 -1419.753086  0.00004016295517159479
 3271.604938 -1296.296296  0.00004055820115073206
 3271.604938 -1172.839506  0.00004011663770754321
 3271.604938 -1049.382716  0.00004060417912912118
 3271.604938  -925.925926  0.00004078291465704394
 3271.604938  -802.469136  0.00004126549360263606
 3271.604938  -679.012346  0.00004172720092663894
 3271.604938  -555.555556  0.00004208475471124153
 3271.604938  -432.098765  0.00004211487307733625
 3271.604938  -308.641975  0.00004195008472686219
 3271.604938  -185.185185  0.00004192729049581387
 3271.604938   -61.728395  0.00004251275897739714
 3271.604938    61.728395  0.00004251275897737934
 3271.604938   185.185185  0.00004192729049576553
 3271.604938   308.641975  0.00004195008472677058
 3271.604938   432.098765  0.00004211487307719975
 3271.604938   555.555556  0.00004208475471106038
 3271.604938   679.012346  0.00004172720092642530
 3271.604938   802.469136  0.00004126549360239093
 3271.604938   925.925926  0.00004078291465676962
 3271.604938  1049.382716  0.00004060417912881620
 3271.604938  1172.839506  0.00004011663770720052
 3271.604938  1296.296296  0.00004055820115035305
 3271.604938  1419.753086  0.00004016295517117859
 3271.604938  1543.209877  0.00004021377952441578
 3271.604938  1666.666667  0.00004042443055284788
 3271.604938  1790.123457  0.00004040283632211015
 3271.604938  1913.580247  0.00003994739244144291
 3271.604938  2037.037037  0.00003895511927705167
 3271.604938  2160.493827  0.00003888215127674308
 3271.604938  2283.950617  0.00003943737922318727
 3271.604938  2407.407407  0.00004142031370461407
 3271.604938  2530.864198  0.00003733005327406944
 3271.604938  2654.320988  0.00003813035089816511
 3271.604938  2777.777778  0.00003950613877934884
 3271.604938  2901.234568  0.00003960913264109344
 3271.604938  3024.691358  0.00003902272979079926
 3271.604938  3148.148148  0.00003839914452553293
 3271.604938  3271.604938  0.00003821951930622538
 3271.604938  3395.061728  0.00003858756561521301
 3271.604938  3518.518519  0.00003870763863010305
 3271.604938  3641.975309  0.00003874080586938585
 3271.604938  3765.432099  0.00003916326645207885
 3271.604938  3888.888889  0.00003890303248804009
 3271.604938  4012.345679  0.00003901422221108172
 3271.604938  4135.802469  0.00003858598441229675
 3271.604938  4259.259259  0.00003847082427128197
 3271.604938  4382.716049  0.00003757561002486242
 3271.604938  4506.172840  0.00003738468461557901
 3271.604938  4629.629630  0.00004025521292125428
 3271.604938  4753.086420  0.00003784654194341213
 3271.604938  4876.543210  0.00004010597555888085

 3395.061728 -5000.000000  0.00001005475145420449
 3395.061728 -4876.543210  0.00003375807067754201
 3395.061728 -4753.086420  0.00003142763021712536
 3395.061728 -4629.629630  0.00003333045768189407
 3395.061728 -4506.172840  0.00003103189739016159
 3395.061728 -4382.716049  0.00003137645145095753
 3395.061728 -4259.259259  0.00003219918231416645
 3395.061728 -4135.802469  0.00003222685198896470
 3395.061728 -4012.345679  0.00003251332856170605
 3395.061728 -3888.888889  0.00003242417042118883
 3395.061728 -3765.432099  0.00003256303886577662
 3395.061728 -3641.975309  0.00003222228582609846
 3395.061728 -3518.518519  0.00003216245637309698
 3395.061728 -3395.061728  0.00003209418522154399
 3395.061728 -3271.604938  0.00003190368895249053
 3395.061728 -3148.148148  0.00003209316729840482
 3395.061728 -3024.691358  0.00003254117481280258
 3395.061728 -2901.234568  0.00003289530541856852
 3395.061728 -2777.777778  0.00003281596959296359
 3395.061728 -2654.320988  0.00003179711214865092
 3395.061728 -2530.864198  0.00003104649362734438
 3395.061728 -2407.407407  0.00003472733647460393
 3395.061728 -2283.950617  0.00003301971878537980
 3395.061728 -2160.493827  0.00003271930912550791
 3395.061728 -2037.037037  0.00003271947410434372
 3395.061728 -1913.580247  0.00003349744830043357
 3395.061728 -1790.123457  0.00003380098049448474
 3395.061728 -1666.666667  0.00003382973960146219
 3395.061728 -1543.209877  0.00003367373009452424
 3395.061728 -1419.753086  0.00003357465157626079
 3395.061728 -1296.296296  0.00003386920292859743
 3395.061728 -1172.839506  0.00003347780853542601
 3395.061728 -1049.382716  0.00003384804642857659
 3395.061728  -925.925926  0.00003392653294846767
 3395.061728  -802.469136  0.00003425742424653646
 3395.061728  -679.012346  0.00003454588260936235
 3395.061728  -555.555556  0.00003476574761911752
 3395.061728  -432.098765  0.00003473789757811780
 3395.061728  -308.641975  0.00003456097591320203
 3395.061728  -185.185185  0.00003451891168600806
 3395.061728   -61.728395  0.00003492965794965377
 3395.061728    61.728395  0.00003492965794963605
 3395.061728   185.185185  0.00003451891168595846
 3395.061728   308.641975  0.00003456097591310881
 3395.061728   432.098765  0.00003473789757797904
 3395.061728   555.555556  0.00003476574761893351
 3395.061728   679.012346  0.00003454588260914394
 3395.061728   802.469136  0.00003425742424628489
 3395.061728   925.925926  0.00003392653294818572
 3395.061728  1049.382716  0.00003384804642826236
 3395.061728  1172.839506  0.00003347780853507327
 3395.061728  1296.296296  0.00003386920292820588
 3395.061728  1419.753086  0.00003357465157582994
 3395.061728  1543.209877  0.00003367373009405841
 3395.061728  1666.666667  0.00003382973960095142
 3395.061728  1790.123457  0.00003380098049393189
 3395.061728  1913.580247  0.00003349744829985519
 3395.061728  2037.037037  0.00003271947410376165
 3395.061728  2160.493827  0.00003271930912488880
 3395.061728  2283.950617  0.00003301971878470772
 3395.061728  2407.407407  0.00003472733647383367
 3395.061728  2530.864198  0.00003104649362669918
 3395.061728  2654.320988  0.00003179711214782912
 3395.061728  2777.777778  0.00003281596959208199
 3395.061728  2901.234568  0.00003289530541770800
 3395.061728  3024.691358  0.00003254117481196189
 3395.061728  3148.148148  0.00003209316729754825
 3395.061728  3271.604938  0.00003190368895157193
 3395.061728  3395.061728  0.00003209418522053027
 3395.061728  3518.518519  0.00003216245637201296
 3395.061728  3641.975309  0.00003222228582496578
 3395.061728  3765.432099  0.00003256303886461720
 3395.061728  3888.888889  0.00003242417042003701
 3395.061728  4012.345679  0.00003251332856057661
 3395.061728  4135.802469  0.00003222685198784484
 3395.061728  4259.259259  0.00003219918231300419
 3395.061728  4382.716049  0.00003137645144971160
 3395.061728  4506.172840  0.00003103189738879076
 3395.061728  4629.629630  0.00003333045768038262
 3395.061728  4753.086420  0.00003142763021561064
 3395.061728  4876.543210  0.00003375807067631673

 3518.518519 -5000.000000  0.00000844992934708408
 3518.518519 -4876.543210  0.00002761704925064605
 3518.518519 -4753.086420  0.00002532998282845162
 3518.518519 -4629.629630  0.00002687810732021758
 3518.518519 -4506.172840  0.00002503378332633172
 3518.518519 -4382.716049  0.00002542087208663357
 3518.518519 -4259.259259  0.00002616280197806962
 3518.518519 -4135.802469  0.00002618542758506990
 3518.518519 -4012.345679  0.00002638316646662707
 3518.518519 -3888.888889  0.00002627545649969266
 3518.518519 -3765.432099  0.00002626766620116791
 3518.518519 -3641.975309  0.00002606166145030098
 3518.518519 -3518.518519  0.00002599148272111230
 3518.518519 -3395.061728  0.00002596409858508423
 3518.518519 -3271.604938  0.00002585648701639473
 3518.518519 -3148.148148  0.00002605297317122515
 3518.518519 -3024.691358  0.00002640705134440798
 3518.518519 -2901.234568  0.00002665307273692366
 3518.518519 -2777.777778  0.00002654029962883266
 3518.518519 -2654.320988  0.00002569099389710809
 3518.518519 -2530.864198  0.00002499797467466878
 3518.518519 -2407.407407  0.00002769952264046833
 3518.518519 -2283.950617  0.00002624789093016013
 3518.518519 -2160.493827  0.00002601049567080278
 3518.518519 -2037.037037  0.00002600379082314309
 3518.518519 -1913.580247  0.00002662626981579758
 3518.518519 -1790.123457  0.00002685897621801423
 3518.518519 -1666.666667  0.00002687327197838286
 3518.518519 -1543.209877  0.00002673465312669479
 3518.518519 -1419.753086  0.00002661558118601415
 3518.518519 -1296.296296  0.00002682263281251167
 3518.518519 -1172.839506  0.00002648929816252866
 3518.518519 -1049.382716  0.00002675288168984319
 3518.518519  -925.925926  0.00002678104215026599
 3518.518519  -802.469136  0.00002700740136928257
 3518.518519  -679.012346  0.00002721017836508775
 3518.518519  -555.555556  0.00002734595681315655
 3518.518519  -432.098765  0.00002727443094833827
 3518.518519  -308.641975  0.00002710091789394385
 3518.518519  -185.185185  0.00002704168561024114
 3518.518519   -61.728395  0.00002736689582223418
 3518.518519    61.728395  0.00002736689582221650
 3518.518519   185.185185  0.00002704168561019159
 3518.518519   308.641975  0.00002710091789385054
 3518.518519   432.098765  0.00002727443094819961
 3518.518519   555.555556  0.00002734595681297264
 3518.518519   679.012346  0.00002721017836486757
 3518.518519   802.469136  0.00002700740136902862
 3518.518519   925.925926  0.00002678104214998049
 3518.518519  1049.382716  0.00002675288168952452
 3518.518519  1172.839506  0.00002648929816217070
 3518.518519  1296.296296  0.00002682263281211362
 3518.518519  1419.753086  0.00002661558118557531
 3518.518519  1543.209877  0.00002673465312621992
 3518.518519  1666.666667  0.00002687327197786254
 3518.518519  1790.123457  0.00002685897621745059
 3518.518519  1913.580247  0.00002662626981520724
 3518.518519  2037.037037  0.00002600379082254843
 3518.518519  2160.493827  0.00002601049567017000
 3518.518519  2283.950617  0.00002624789092947364
 3518.518519  2407.407407  0.00002769952263968177
 3518.518519  2530.864198  0.00002499797467400607
 3518.518519  2654.320988  0.00002569099389626929
 3518.518519  2777.777778  0.00002654029962793242
 3518.518519  2901.234568  0.00002665307273604108
 3518.518519  3024.691358  0.00002640705134354310
 3518.518519  3148.148148  0.00002605297317034290
 3518.518519  3271.604938  0.00002585648701545134
 3518.518519  3395.061728  0.00002596409858404592
 3518.518519  3518.518519  0.00002599148272000474
 3518.518519  3641.975309  0.00002606166144914281
 3518.518519  3765.432099  0.00002626766619998851
 3518.518519  3888.888889  0.00002627545649851095
 3518.518519  4012.345679  0.00002638316646546679
 3518.518519  4135.802469  0.00002618542758391662
 3518.518519  4259.259259  0.00002616280197687234
 3518.518519  4382.716049  0.00002542087208535496
 3518.518519  4506.172840  0.00002503378332493294
 3518.518519  4629.629630  0.00002687810731867684
 3518.518519  4753.086420  0.00002532998282690687
 3518.518519  4876.543210  0.00002761704924937212

 3641.975309 -5000.000000  0.00000700772235534570
 3641.975309 -4876.543210  0.00002093275858375992
 3641.975309 -4753.086420  0.00001882936780881851
 3641.975309 -4629.629630  0.00002024115640077719
 3641.975309 -4506.172840  0.00001870821770372384
 3641.975309 -4382.716049  0.00001899067699187709
 3641.975309 -4259.259259  0.00001965109525457227
 3641.975309 -4135.802469  0.00001977355345263725
 3641.975309 -4012.345679  0.00001995942152256208
 3641.975309 -3888.888889  0.00001971927123730951
 3641.975309 -3765.432099  0.00001986938543627099
 3641.975309 -3641.975309  0.00001945861896828200
 3641.975309 -3518.518519  0.00001951335991743764
 3641.975309 -3395.061728  0.00001948081610102033
 3641.975309 -3271.604938  0.00001935043591907089
 3641.975309 -3148.148148  0.00001951202155025685
 3641.975309 -3024.691358  0.00001992059345599508
 3641.975309 -2901.234568  0.00002020706903192156
 3641.975309 -2777.777778  0.00001994941215343812
 3641.975309 -2654.320988  0.00001898926995653095
 3641.975309 -2530.864198  0.00001889853968656125
 3641.975309 -2407.407407  0.00002117942229539734
 3641.975309 -2283.950617  0.00002003260113096659
 3641.975309 -2160.493827  0.00001956475828011186
 3641.975309 -2037.037037  0.00001962766752098183
 3641.975309 -1913.580247  0.00002018463345308669
 3641.975309 -1790.123457  0.00002045833040711149
 3641.975309 -1666.666667  0.00002041523134999851
 3641.975309 -1543.209877  0.00002021469116118780
 3641.975309 -1419.753086  0.00002014882097274958
 3641.975309 -1296.296296  0.00002030701510188696
 3641.975309 -1172.839506  0.00001994342083832992
 3641.975309 -1049.382716  0.00002017017938957071
 3641.975309  -925.925926  0.00002015949013397638
 3641.975309  -802.469136  0.00002034572632779230
 3641.975309  -679.012346  0.00002049760530511928
 3641.975309  -555.555556  0.00002059378311316297
 3641.975309  -432.098765  0.00002050568155734664
 3641.975309  -308.641975  0.00002031236511999340
 3641.975309  -185.185185  0.00002025130089377035
 3641.975309   -61.728395  0.00002053702888289610
 3641.975309    61.728395  0.00002053702888287790
 3641.975309   185.185185  0.00002025130089372093
 3641.975309   308.641975  0.00002031236511990034
 3641.975309   432.098765  0.00002050568155720804
 3641.975309   555.555556  0.00002059378311297901
 3641.975309   679.012346  0.00002049760530489897
 3641.975309   802.469136  0.00002034572632753802
 3641.975309   925.925926  0.00002015949013368987
 3641.975309  1049.382716  0.00002017017938924984
 3641.975309  1172.839506  0.00001994342083797002
 3641.975309  1296.296296  0.00002030701510148549
 3641.975309  1419.753086  0.00002014882097230665
 3641.975309  1543.209877  0.00002021469116070862
 3641.975309  1666.666667  0.00002041523134947302
 3641.975309  1790.123457  0.00002045833040654268
 3641.975309  1913.580247  0.00002018463345249087
 3641.975309  2037.037037  0.00001962766752038104
 3641.975309  2160.493827  0.00001956475827947253
 3641.975309  2283.950617  0.00002003260113027173
 3641.975309  2407.407407  0.00002117942229460284
 3641.975309  2530.864198  0.00001889853968588978
 3641.975309  2654.320988  0.00001898926995568556
 3641.975309  2777.777778  0.00001994941215253011
 3641.975309  2901.234568  0.00002020706903103030
 3641.975309  3024.691358  0.00001992059345512173
 3641.975309  3148.148148  0.00001951202154936622
 3641.975309  3271.604938  0.00001935043591811818
 3641.975309  3395.061728  0.00001948081609997331
 3641.975309  3518.518519  0.00001951335991632005
 3641.975309  3641.975309  0.00001945861896711558
 3641.975309  3765.432099  0.00001986938543507663
 3641.975309  3888.888889  0.00001971927123611793
 3641.975309  4012.345679  0.00001995942152139110
 3641.975309  4135.802469  0.00001977355345147362
 3641.975309  4259.259259  0.00001965109525336402
 3641.975309  4382.716049  0.00001899067699058749
 3641.975309  4506.172840  0.00001870821770231403
 3641.975309  4629.629630  0.00002024115639922445
 3641.975309  4753.086420  0.00001882936780726216
 3641.975309  4876.543210  0.00002093275858247269

 3765.432099 -5000.000000  0.00000528914593914518
 3765.432099 -4876.543210  0.00001562688847573639
 3765.432099 -4753.086420  0.00001347294521992247
 3765.432099 -4629.629630  0.00001420577173597388
 3765.432099 -4506.172840  0.00001329112050125488
 3765.432099 -4382.716049  0.00001378699856374043
 3765.432099 -4259.259259  0.00001438410928310522
 3765.432099 -4135.802469  0.00001438781342219926
 3765.432099 -4012.345679  0.00001435906435610051
 3765.432099 -3888.888889  0.00001424916345685302
 3765.432099 -3765.432099  0.00001403214415865313
 3765.432099 -3641.975309  0.00001395644040746501
 3765.432099 -3518.518519  0.00001386426676804442
 3765.432099 -3395.061728  0.00001397191377341861
 3765.432099 -3271.604938  0.00001397835587873064
 3765.432099 -3148.148148  0.00001418320324942113
 3765.432099 -3024.691358  0.00001437642760694547
 3765.432099 -2901.234568  0.00001445516142023525
 3765.432099 -2777.777778  0.00001425178183612747
 3765.432099 -2654.320988  0.00001365863826532237
 3765.432099 -2530.864198  0.00001328987340887459
 3765.432099 -2407.407407  0.00001434826566645039
 3765.432099 -2283.950617  0.00001333661807930380
 3765.432099 -2160.493827  0.00001328704073431450
 3765.432099 -2037.037037  0.00001323740706446468
 3765.432099 -1913.580247  0.00001358665679922981
 3765.432099 -1790.123457  0.00001369800253891124
 3765.432099 -1666.666667  0.00001372374905115586
 3765.432099 -1543.209877  0.00001363640469012809
 3765.432099 -1419.753086  0.00001345281005376988
 3765.432099 -1296.296296  0.00001363771678354867
 3765.432099 -1172.839506  0.00001341838904322786
 3765.432099 -1049.382716  0.00001344202138439416
 3765.432099  -925.925926  0.00001350857898289256
 3765.432099  -802.469136  0.00001357133150721510
 3765.432099  -679.012346  0.00001366834512931020
 3765.432099  -555.555556  0.00001370989545913481
 3765.432099  -432.098765  0.00001363574152081228
 3765.432099  -308.641975  0.00001352970048270500
 3765.432099  -185.185185  0.00001339618414080840
 3765.432099   -61.728395  0.00001369705777361208
 3765.432099    61.728395  0.00001369705777359509
 3765.432099   185.185185  0.00001339618414076193
 3765.432099   308.641975  0.00001352970048261547
 3765.432099   432.098765  0.00001363574152067776
 3765.432099   555.555556  0.00001370989545895631
 3765.432099   679.012346  0.00001366834512909419
 3765.432099   802.469136  0.00001357133150696687
 3765.432099   925.925926  0.00001350857898261157
 3765.432099  1049.382716  0.00001344202138408099
 3765.432099  1172.839506  0.00001341838904287391
 3765.432099  1296.296296  0.00001363771678315326
 3765.432099  1419.753086  0.00001345281005333640
 3765.432099  1543.209877  0.00001363640468965663
 3765.432099  1666.666667  0.00001372374905063838
 3765.432099  1790.123457  0.00001369800253835109
 3765.432099  1913.580247  0.00001358665679864105
 3765.432099  2037.037037  0.00001323740706387227
 3765.432099  2160.493827  0.00001328704073368219
 3765.432099  2283.950617  0.00001333661807861968
 3765.432099  2407.407407  0.00001434826566566436
 3765.432099  2530.864198  0.00001328987340820835
 3765.432099  2654.320988  0.00001365863826448216
 3765.432099  2777.777778  0.00001425178183522188
 3765.432099  2901.234568  0.00001445516141934605
 3765.432099  3024.691358  0.00001437642760607686
 3765.432099  3148.148148  0.00001418320324853505
 3765.432099  3271.604938  0.00001397835587778417
 3765.432099  3395.061728  0.00001397191377237330
 3765.432099  3518.518519  0.00001386426676693452
 3765.432099  3641.975309  0.00001395644040630095
 3765.432099  3765.432099  0.00001403214415747247
 3765.432099  3888.888889  0.00001424916345566689
 3765.432099  4012.345679  0.00001435906435493613
 3765.432099  4135.802469  0.00001438781342103791
 3765.432099  4259.259259  0.00001438410928190258
 3765.432099  4382.716049  0.00001378699856245674
 3765.432099  4506.172840  0.00001329112049984996
 3765.432099  4629.629630  0.00001420577173442672
 3765.432099  4753.086420  0.00001347294521836950
 3765.432099  4876.543210  0.00001562688847445606

 3888.888889 -5000.000000  0.00000371063710265619
 3888.888889 -4876.543210  0.00000903221752345616
 3888.888889 -4753.086420  0.00000682400991190432
 3888.888889 -4629.629630  0.00000727054496138940
 3888.888889 -4506.172840  0.00000681629724732671
 3888.888889 -4382.716049  0.00000736250018463342
 3888.888889 -4259.259259  0.00000788153426387052
 3888.888889 -4135.802469  0.00000786003297530110
 3888.888889 -4012.345679  0.00000778988678477301
 3888.888889 -3888.888889  0.00000760584662447073
 3888.888889 -3765.432099  0.00000740481103915041
 3888.888889 -3641.975309  0.00000731600263973743
 3888.888889 -3518.518519  0.00000729142706458198
 3888.888889 -3395.061728  0.00000738302825599378
 3888.888889 -3271.604938  0.00000753676164875095
 3888.888889 -3148.148148  0.00000773416827569898
 3888.888889 -3024.691358  0.00000784195327310053
 3888.888889 -2901.234568  0.00000776027321414499
 3888.888889 -2777.777778  0.00000752443189279397
 3888.888889 -2654.320988  0.00000715085340313360
 3888.888889 -2530.864198  0.00000704353868218340
 3888.888889 -2407.407407  0.00000773835775405663
 3888.888889 -2283.950617  0.00000708479750917588
 3888.888889 -2160.493827  0.00000704135523420102
 3888.888889 -2037.037037  0.00000702978790209466
 3888.888889 -1913.580247  0.00000722320430989441
 3888.888889 -1790.123457  0.00000727872049043007
 3888.888889 -1666.666667  0.00000728587090995801
 3888.888889 -1543.209877  0.00000722968220885815
 3888.888889 -1419.753086  0.00000712919501096386
 3888.888889 -1296.296296  0.00000715809356070995
 3888.888889 -1172.839506  0.00000700987313001532
 3888.888889 -1049.382716  0.00000708789035477512
 3888.888889  -925.925926  0.00000705621552351982
 3888.888889  -802.469136  0.00000711432341814989
 3888.888889  -679.012346  0.00000715549229530882
 3888.888889  -555.555556  0.00000717508918732524
 3888.888889  -432.098765  0.00000711710513397831
 3888.888889  -308.641975  0.00000702386060437183
 3888.888889  -185.185185  0.00000699174732171366
 3888.888889   -61.728395  0.00000709960793542450
 3888.888889    61.728395  0.00000709960793540835
 3888.888889   185.185185  0.00000699174732166934
 3888.888889   308.641975  0.00000702386060428587
 3888.888889   432.098765  0.00000711710513384799
 3888.888889   555.555556  0.00000717508918715225
 3888.888889   679.012346  0.00000715549229509965
 3888.888889   802.469136  0.00000711432341790907
 3888.888889   925.925926  0.00000705621552324769
 3888.888889  1049.382716  0.00000708789035446975
 3888.888889  1172.839506  0.00000700987312967320
 3888.888889  1296.296296  0.00000715809356032540
 3888.888889  1419.753086  0.00000712919501053895
 3888.888889  1543.209877  0.00000722968220839830
 3888.888889  1666.666667  0.00000728587090945248
 3888.888889  1790.123457  0.00000727872048988234
 3888.888889  1913.580247  0.00000722320430931949
 3888.888889  2037.037037  0.00000702978790151635
 3888.888889  2160.493827  0.00000704135523358507
 3888.888889  2283.950617  0.00000708479750850486
 3888.888889  2407.407407  0.00000773835775328822
 3888.888889  2530.864198  0.00000704353868154104
 3888.888889  2654.320988  0.00000715085340230776
 3888.888889  2777.777778  0.00000752443189190772
 3888.888889  2901.234568  0.00000776027321328098
 3888.888889  3024.691358  0.00000784195327225942
 3888.888889  3148.148148  0.00000773416827484247
 3888.888889  3271.604938  0.00000753676164783139
 3888.888889  3395.061728  0.00000738302825497753
 3888.888889  3518.518519  0.00000729142706349330
 3888.888889  3641.975309  0.00000731600263860045
 3888.888889  3765.432099  0.00000740481103798936
 3888.888889  3888.888889  0.00000760584662331543
 3888.888889  4012.345679  0.00000778988678364242
 3888.888889  4135.802469  0.00000786003297418147
 3888.888889  4259.259259  0.00000788153426271019
 3888.888889  4382.716049  0.00000736250018338533
 3888.888889  4506.172840  0.00000681629724594783
 3888.888889  4629.629630  0.00000727054495986947
 3888.888889  4753.086420  0.00000682400991038039
 3888.888889  4876.543210  0.00000903221752223940

 4012.345679 -5000.000000  0.00000199983006238047
 4012.345679 -4876.543210  0.00000263262917291182
 4012.345679 -4753.086420  0.00000060907784425658
 4012.345679 -4629.629630  0.00000075603242375733
 4012.345679 -4506.172840  0.00000069136053588956
 4012.345679 -4382.716049  0.00000120868303711662
 4012.345679 -4259.259259  0.00000163845245330474
 4012.345679 -4135.802469  0.00000166064289364243
 4012.345679 -4012.345679  0.00000152750133055212
 4012.345679 -3888.888889  0.00000129803034952731
 4012.345679 -3765.432099  0.00000109873303761799
 4012.345679 -3641.975309  0.00000087494898870718
 4012.345679 -3518.518519  0.00000093627308358052
 4012.345679 -3395.061728  0.00000104004572167454
 4012.345679 -3271.604938  0.00000119394576643913
 4012.345679 -3148.148148  0.00000137133444397988
 4012.345679 -3024.691358  0.00000149375620011273
 4012.345679 -2901.234568  0.00000142010241729403
 4012.345679 -2777.777778  0.00000107153612031001
 4012.345679 -2654.320988  0.00000067241151541839
 4012.345679 -2530.864198  0.00000102652158864919
 4012.345679 -2407.407407  0.00000121933595866079
 4012.345679 -2283.950617  0.00000086886754144393
 4012.345679 -2160.493827  0.00000067269955359580
 4012.345679 -2037.037037  0.00000071161208321070
 4012.345679 -1913.580247  0.00000084149120013681
 4012.345679 -1790.123457  0.00000092521233779823
 4012.345679 -1666.666667  0.00000089718301759007
 4012.345679 -1543.209877  0.00000081380743219722
 4012.345679 -1419.753086  0.00000076645638938030
 4012.345679 -1296.296296  0.00000077795375379823
 4012.345679 -1172.839506  0.00000065575769632652
 4012.345679 -1049.382716  0.00000068677204368784
 4012.345679  -925.925926  0.00000066681113603549
 4012.345679  -802.469136  0.00000069619749955496
 4012.345679  -679.012346  0.00000072275349183993
 4012.345679  -555.555556  0.00000072680782428892
 4012.345679  -432.098765  0.00000067532128371114
 4012.345679  -308.641975  0.00000060043630862735
 4012.345679  -185.185185  0.00000056448014855590
 4012.345679   -61.728395  0.00000065435818154529
 4012.345679    61.728395  0.00000065435818152932
 4012.345679   185.185185  0.00000056448014851319
 4012.345679   308.641975  0.00000060043630854484
 4012.345679   432.098765  0.00000067532128358639
 4012.345679   555.555556  0.00000072680782412370
 4012.345679   679.012346  0.00000072275349163992
 4012.345679   802.469136  0.00000069619749932495
 4012.345679   925.925926  0.00000066681113577538
 4012.345679  1049.382716  0.00000068677204339587
 4012.345679  1172.839506  0.00000065575769599921
 4012.345679  1296.296296  0.00000077795375342954
 4012.345679  1419.753086  0.00000076645638897337
 4012.345679  1543.209877  0.00000081380743175689
 4012.345679  1666.666667  0.00000089718301710571
 4012.345679  1790.123457  0.00000092521233727348
 4012.345679  1913.580247  0.00000084149119958542
 4012.345679  2037.037037  0.00000071161208265678
 4012.345679  2160.493827  0.00000067269955300538
 4012.345679  2283.950617  0.00000086886754080093
 4012.345679  2407.407407  0.00000121933595792364
 4012.345679  2530.864198  0.00000102652158803642
 4012.345679  2654.320988  0.00000067241151462234
 4012.345679  2777.777778  0.00000107153611945643
 4012.345679  2901.234568  0.00000142010241646505
 4012.345679  3024.691358  0.00000149375619930868
 4012.345679  3148.148148  0.00000137133444316135
 4012.345679  3271.604938  0.00000119394576555845
 4012.345679  3395.061728  0.00000104004572069808
 4012.345679  3518.518519  0.00000093627308253287
 4012.345679  3641.975309  0.00000087494898761254
 4012.345679  3765.432099  0.00000109873303650124
 4012.345679  3888.888889  0.00000129803034841905
 4012.345679  4012.345679  0.00000152750132946951
 4012.345679  4135.802469  0.00000166064289257214
 4012.345679  4259.259259  0.00000163845245219692
 4012.345679  4382.716049  0.00000120868303592044
 4012.345679  4506.172840  0.00000069136053456097
 4012.345679  4629.629630  0.00000075603242229182
 4012.345679  4753.086420  0.00000060907784278736
 4012.345679  4876.543210  0.00000263262917176000

 4135.802469 -5000.000000  0.00000026974483024926
 4135.802469 -4876.543210  -0.00000410436399180249
 4135.802469 -4753.086420  -0.00000618522446755506
 4135.802469 -4629.629630  -0.00000638730945111212
 4135.802469 -4506.172840  -0.00000595834715184372
 4135.802469 -4382.716049  -0.00000536391968884359
 4135.802469 -4259.259259  -0.00000500352991671405
 4135.802469 -4135.802469  -0.00000500096606074542
 4135.802469 -4012.345679  -0.00000524203910999170
 4135.802469 -3888.888889  -0.00000552476174745508
 4135.802469 -3765.432099  -0.00000576332348560041
 4135.802469 -3641.975309  -0.00000593050738106372
 4135.802469 -3518.518519  -0.00000586061452226100
 4135.802469 -3395.061728  -0.00000569711270176665
 4135.802469 -3271.604938  -0.00000541467019986585
 4135.802469 -3148.148148  -0.00000523941598303094
 4135.802469 -3024.691358  -0.00000524354867569083
 4135.802469 -2901.234568  -0.00000547420714221641
 4135.802469 -2777.777778  -0.00000584876142669561
 4135.802469 -2654.320988  -0.00000599205654136233
 4135.802469 -2530.864198  -0.00000542510680314881
 4135.802469 -2407.407407  -0.00000624663708000226
 4135.802469 -2283.950617  -0.00000624918728709838
 4135.802469 -2160.493827  -0.00000631187323180633
 4135.802469 -2037.037037  -0.00000627348042893549
 4135.802469 -1913.580247  -0.00000633706517544728
 4135.802469 -1790.123457  -0.00000632566024666038
 4135.802469 -1666.666667  -0.00000632809057042461
 4135.802469 -1543.209877  -0.00000635031294671708
 4135.802469 -1419.753086  -0.00000638963001989991
 4135.802469 -1296.296296  -0.00000641158638742470
 4135.802469 -1172.839506  -0.00000644738367815729
 4135.802469 -1049.382716  -0.00000646276268885206
 4135.802469  -925.925926  -0.00000648333776532599
 4135.802469  -802.469136  -0.00000649587044171988
 4135.802469  -679.012346  -0.00000651594436078908
 4135.802469  -555.555556  -0.00000653132958583260
 4135.802469  -432.098765  -0.00000654788667043770
 4135.802469  -308.641975  -0.00000657060440507959
 4135.802469  -185.185185  -0.00000658492097858724
 4135.802469   -61.728395  -0.00000657466766504484
 4135.802469    61.728395  -0.00000657466766506081
 4135.802469   185.185185  -0.00000658492097862895
 4135.802469   308.641975  -0.00000657060440515958
 4135.802469   432.098765  -0.00000654788667055865
 4135.802469   555.555556  -0.00000653132958599231
 4135.802469   679.012346  -0.00000651594436098284
 4135.802469   802.469136  -0.00000649587044194249
 4135.802469   925.925926  -0.00000648333776557732
 4135.802469  1049.382716  -0.00000646276268913419
 4135.802469  1172.839506  -0.00000644738367847366
 4135.802469  1296.296296  -0.00000641158638778213
 4135.802469  1419.753086  -0.00000638963002029389
 4135.802469  1543.209877  -0.00000635031294714325
 4135.802469  1666.666667  -0.00000632809057089380
 4135.802469  1790.123457  -0.00000632566024716858
 4135.802469  1913.580247  -0.00000633706517598150
 4135.802469  2037.037037  -0.00000627348042947151
 4135.802469  2160.493827  -0.00000631187323237759
 4135.802469  2283.950617  -0.00000624918728772106
 4135.802469  2407.407407  -0.00000624663708071712
 4135.802469  2530.864198  -0.00000542510680373802
 4135.802469  2654.320988  -0.00000599205654213549
 4135.802469  2777.777778  -0.00000584876142752432
 4135.802469  2901.234568  -0.00000547420714301734
 4135.802469  3024.691358  -0.00000524354867646379
 4135.802469  3148.148148  -0.00000523941598381710
 4135.802469  3271.604938  -0.00000541467020071471
 4135.802469  3395.061728  -0.00000569711270271110
 4135.802469  3518.518519  -0.00000586061452327731
 4135.802469  3641.975309  -0.00000593050738212518
 4135.802469  3765.432099  -0.00000576332348668730
 4135.802469  3888.888889  -0.00000552476174852579
 4135.802469  4012.345679  -0.00000524203911103556
 4135.802469  4135.802469  -0.00000500096606177450
 4135.802469  4259.259259  -0.00000500352991777770
 4135.802469  4382.716049  -0.00000536391968999775
 4135.802469  4506.172840  -0.00000595834715313521
 4135.802469  4629.629630  -0.00000638730945253846
 4135.802469  4753.086420  -0.00000618522446898416
 4135.802469  4876.543210  -0.00000410436399289460

 4259.259259 -5000.000000  -0.00000175042409232960
 4259.259259 -4876.543210  -0.00001229836656455168
 4259.259259 -4753.086420  -0.00001449944734586471
 4259.259259 -4629.629630  -0.00001507874013106989
 4259.259259 -4506.172840  -0.00001406509622815795
 4259.259259 -4382.716049  -0.00001338435116823943
 4259.259259 -4259.259259  -0.00001310224152364213
 4259.259259 -4135.802469  -0.00001310435519083504
 4259.259259 -4012.345679  -0.00001347654023950467
 4259.259259 -3888.888889  -0.00001384102207394044
 4259.259259 -3765.432099  -0.00001420229318772157
 4259.259259 -3641.975309  -0.00001420853379940256
 4259.259259 -3518.518519  -0.00001414195628653150
 4259.259259 -3395.061728  -0.00001389430584376885
 4259.259259 -3271.604938  -0.00001345993371474317
 4259.259259 -3148.148148  -0.00001327163122930974
 4259.259259 -3024.691358  -0.00001343494072380248
 4259.259259 -2901.234568  -0.00001387173074750431
 4259.259259 -2777.777778  -0.00001428029432033382
 4259.259259 -2654.320988  -0.00001410094360236126
 4259.259259 -2530.864198  -0.00001322148059130497
 4259.259259 -2407.407407  -0.00001463138413720946
 4259.259259 -2283.950617  -0.00001425836166873354
 4259.259259 -2160.493827  -0.00001412071758947764
 4259.259259 -2037.037037  -0.00001411634085908332
 4259.259259 -1913.580247  -0.00001437501107393009
 4259.259259 -1790.123457  -0.00001446922648428940
 4259.259259 -1666.666667  -0.00001444863018402284
 4259.259259 -1543.209877  -0.00001438969409959330
 4259.259259 -1419.753086  -0.00001441431019278493
 4259.259259 -1296.296296  -0.00001448479417619637
 4259.259259 -1172.839506  -0.00001438766733471254
 4259.259259 -1049.382716  -0.00001447201665273100
 4259.259259  -925.925926  -0.00001448722300311763
 4259.259259  -802.469136  -0.00001455691688278607
 4259.259259  -679.012346  -0.00001461703490025556
 4259.259259  -555.555556  -0.00001465606437228498
 4259.259259  -432.098765  -0.00001463926406942336
 4259.259259  -308.641975  -0.00001458956323085406
 4259.259259  -185.185185  -0.00001457808897035926
 4259.259259   -61.728395  -0.00001466086084272121
 4259.259259    61.728395  -0.00001466086084273776
 4259.259259   185.185185  -0.00001457808897040150
 4259.259259   308.641975  -0.00001458956323093485
 4259.259259   432.098765  -0.00001463926406954523
 4259.259259   555.555556  -0.00001465606437244553
 4259.259259   679.012346  -0.00001461703490045077
 4259.259259   802.469136  -0.00001455691688300972
 4259.259259   925.925926  -0.00001448722300337035
 4259.259259  1049.382716  -0.00001447201665301438
 4259.259259  1172.839506  -0.00001438766733503014
 4259.259259  1296.296296  -0.00001448479417655606
 4259.259259  1419.753086  -0.00001441431019318157
 4259.259259  1543.209877  -0.00001438969410002178
 4259.259259  1666.666667  -0.00001444863018449455
 4259.259259  1790.123457  -0.00001446922648480058
 4259.259259  1913.580247  -0.00001437501107446799
 4259.259259  2037.037037  -0.00001411634085962181
 4259.259259  2160.493827  -0.00001412071759005192
 4259.259259  2283.950617  -0.00001425836166935948
 4259.259259  2407.407407  -0.00001463138413792946
 4259.259259  2530.864198  -0.00001322148059189345
 4259.259259  2654.320988  -0.00001410094360313863
 4259.259259  2777.777778  -0.00001428029432116686
 4259.259259  2901.234568  -0.00001387173074830777
 4259.259259  3024.691358  -0.00001343494072457583
 4259.259259  3148.148148  -0.00001327163123009614
 4259.259259  3271.604938  -0.00001345993371559283
 4259.259259  3395.061728  -0.00001389430584471643
 4259.259259  3518.518519  -0.00001414195628755241
 4259.259259  3641.975309  -0.00001420853380046948
 4259.259259  3765.432099  -0.00001420229318881118
 4259.259259  3888.888889  -0.00001384102207501493
 4259.259259  4012.345679  -0.00001347654024055087
 4259.259259  4135.802469  -0.00001310435519186514
 4259.259259  4259.259259  -0.00001310224152470541
 4259.259259  4382.716049  -0.00001338435116939604
 4259.259259  4506.172840  -0.00001406509622945718
 4259.259259  4629.629630  -0.00001507874013250561
 4259.259259  4753.086420  -0.00001449944734730255
 4259.259259  4876.543210  -0.00001229836656563678

 4382.716049 -5000.000000  -0.00000362765871265528
 4382.716049 -4876.543210  -0.00002008263050873549
 4382.716049 -4753.086420  -0.00002216742677366216
 4382.716049 -4629.629630  -0.00002301031535474002
 4382.716049 -4506.172840  -0.00002153599570045535
 4382.716049 -4382.716049  -0.00002088888559416572
 4382.716049 -4259.259259  -0.00002070609882395867
 4382.716049 -4135.802469  -0.00002065353036113405
 4382.716049 -4012.345679  -0.00002109666032664681
 4382.716049 -3888.888889  -0.00002156221736723751
 4382.716049 -3765.432099  -0.00002191725495932010
 4382.716049 -3641.975309  -0.00002193878263574164
 4382.716049 -3518.518519  -0.00002180431980237253
 4382.716049 -3395.061728  -0.00002152371930098672
 4382.716049 -3271.604938  -0.00002103045735742703
 4382.716049 -3148.148148  -0.00002085573629459886
 4382.716049 -3024.691358  -0.00002107111627191999
 4382.716049 -2901.234568  -0.00002158967071228960
 4382.716049 -2777.777778  -0.00002207840566016708
 4382.716049 -2654.320988  -0.00002177091328908850
 4382.716049 -2530.864198  -0.00002037894696697675
 4382.716049 -2407.407407  -0.00002193561867685827
 4382.716049 -2283.950617  -0.00002119507801431597
 4382.716049 -2160.493827  -0.00002107326322501843
 4382.716049 -2037.037037  -0.00002105747354563669
 4382.716049 -1913.580247  -0.00002142179266050653
 4382.716049 -1790.123457  -0.00002154241882337079
 4382.716049 -1666.666667  -0.00002153909962637186
 4382.716049 -1543.209877  -0.00002146315851017685
 4382.716049 -1419.753086  -0.00002142941700876026
 4382.716049 -1296.296296  -0.00002153171697105398
 4382.716049 -1172.839506  -0.00002136448017041736
 4382.716049 -1049.382716  -0.00002148430166863472
 4382.716049  -925.925926  -0.00002149987887176057
 4382.716049  -802.469136  -0.00002160185179556381
 4382.716049  -679.012346  -0.00002168448939047426
 4382.716049  -555.555556  -0.00002173720392513814
 4382.716049  -432.098765  -0.00002169860297698873
 4382.716049  -308.641975  -0.00002160664417813117
 4382.716049  -185.185185  -0.00002157184108495737
 4382.716049   -61.728395  -0.00002172126786871752
 4382.716049    61.728395  -0.00002172126786873545
 4382.716049   185.185185  -0.00002157184108500135
 4382.716049   308.641975  -0.00002160664417821487
 4382.716049   432.098765  -0.00002169860297711499
 4382.716049   555.555556  -0.00002173720392530380
 4382.716049   679.012346  -0.00002168448939067601
 4382.716049   802.469136  -0.00002160185179579500
 4382.716049   925.925926  -0.00002149987887202161
 4382.716049  1049.382716  -0.00002148430166892766
 4382.716049  1172.839506  -0.00002136448017074557
 4382.716049  1296.296296  -0.00002153171697142573
 4382.716049  1419.753086  -0.00002142941700917043
 4382.716049  1543.209877  -0.00002146315851062017
 4382.716049  1666.666667  -0.00002153909962685937
 4382.716049  1790.123457  -0.00002154241882389830
 4382.716049  1913.580247  -0.00002142179266106281
 4382.716049  2037.037037  -0.00002105747354619568
 4382.716049  2160.493827  -0.00002107326322561406
 4382.716049  2283.950617  -0.00002119507801496491
 4382.716049  2407.407407  -0.00002193561867760230
 4382.716049  2530.864198  -0.00002037894696759429
 4382.716049  2654.320988  -0.00002177091328988562
 4382.716049  2777.777778  -0.00002207840566102278
 4382.716049  2901.234568  -0.00002158967071312300
 4382.716049  3024.691358  -0.00002107111627272810
 4382.716049  3148.148148  -0.00002085573629542198
 4382.716049  3271.604938  -0.00002103045735831141
 4382.716049  3395.061728  -0.00002152371930196577
 4382.716049  3518.518519  -0.00002180431980342285
 4382.716049  3641.975309  -0.00002193878263683885
 4382.716049  3765.432099  -0.00002191725496044168
 4382.716049  3888.888889  -0.00002156221736835356
 4382.716049  4012.345679  -0.00002109666032773778
 4382.716049  4135.802469  -0.00002065353036221391
 4382.716049  4259.259259  -0.00002070609882507563
 4382.716049  4382.716049  -0.00002088888559536891
 4382.716049  4506.172840  -0.00002153599570178883
 4382.716049  4629.629630  -0.00002301031535620960
 4382.716049  4753.086420  -0.00002216742677513546
 4382.716049  4876.543210  -0.00002008263050990046

 4506.172840 -5000.000000  -0.00000578666965597804
 4506.172840 -4876.543210  -0.00002881588398258765
 4506.172840 -4753.086420  -0.00003059519166781909
 4506.172840 -4629.629630  -0.00003171963561460397
 4506.172840 -4506.172840  -0.00002978449523278613
 4506.172840 -4382.716049  -0.00002924367900452374
 4506.172840 -4259.259259  -0.00002918622512952608
 4506.172840 -4135.802469  -0.00002903295603117857
 4506.172840 -4012.345679  -0.00002952444214281751
 4506.172840 -3888.888889  -0.00003010114740812684
 4506.172840 -3765.432099  -0.00003036024739367288
 4506.172840 -3641.975309  -0.00003055369902168352
 4506.172840 -3518.518519  -0.00003028435367326639
 4506.172840 -3395.061728  -0.00003000242334330148
 4506.172840 -3271.604938  -0.00002952378942271262
 4506.172840 -3148.148148  -0.00002937995480795466
 4506.172840 -3024.691358  -0.00002955357221798760
 4506.172840 -2901.234568  -0.00003004630262809255
 4506.172840 -2777.777778  -0.00003068254673988315
 4506.172840 -2654.320988  -0.00003042892467977864
 4506.172840 -2530.864198  -0.00002832040917457752
 4506.172840 -2407.407407  -0.00002998526298925837
 4506.172840 -2283.950617  -0.00002884448359909554
 4506.172840 -2160.493827  -0.00002894560306943270
 4506.172840 -2037.037037  -0.00002886498830681811
 4506.172840 -1913.580247  -0.00002927612739615248
 4506.172840 -1790.123457  -0.00002934675090199213
 4506.172840 -1666.666667  -0.00002939445126174095
 4506.172840 -1543.209877  -0.00002935847837444983
 4506.172840 -1419.753086  -0.00002922985164854765
 4506.172840 -1296.296296  -0.00002934451746370013
 4506.172840 -1172.839506  -0.00002915495825084176
 4506.172840 -1049.382716  -0.00002930005959066165
 4506.172840  -925.925926  -0.00002930751791609543
 4506.172840  -802.469136  -0.00002942704688836532
 4506.172840  -679.012346  -0.00002951808345637433
 4506.172840  -555.555556  -0.00002957845889558736
 4506.172840  -432.098765  -0.00002952617397320175
 4506.172840  -308.641975  -0.00002941368392713876
 4506.172840  -185.185185  -0.00002936806015464065
 4506.172840   -61.728395  -0.00002954943145523759
 4506.172840    61.728395  -0.00002954943145525683
 4506.172840   185.185185  -0.00002936806015468789
 4506.172840   308.641975  -0.00002941368392722754
 4506.172840   432.098765  -0.00002952617397333459
 4506.172840   555.555556  -0.00002957845889576193
 4506.172840   679.012346  -0.00002951808345658708
 4506.172840   802.469136  -0.00002942704688860974
 4506.172840   925.925926  -0.00002930751791637181
 4506.172840  1049.382716  -0.00002930005959097208
 4506.172840  1172.839506  -0.00002915495825118923
 4506.172840  1296.296296  -0.00002934451746409363
 4506.172840  1419.753086  -0.00002922985164898182
 4506.172840  1543.209877  -0.00002935847837491897
 4506.172840  1666.666667  -0.00002939445126225634
 4506.172840  1790.123457  -0.00002934675090254896
 4506.172840  1913.580247  -0.00002927612739674081
 4506.172840  2037.037037  -0.00002886498830741259
 4506.172840  2160.493827  -0.00002894560307006557
 4506.172840  2283.950617  -0.00002884448359978444
 4506.172840  2407.407407  -0.00002998526299004321
 4506.172840  2530.864198  -0.00002832040917524770
 4506.172840  2654.320988  -0.00003042892468061487
 4506.172840  2777.777778  -0.00003068254674078328
 4506.172840  2901.234568  -0.00003004630262898176
 4506.172840  3024.691358  -0.00002955357221885924
 4506.172840  3148.148148  -0.00002937995480884419
 4506.172840  3271.604938  -0.00002952378942366125
 4506.172840  3395.061728  -0.00003000242334433999
 4506.172840  3518.518519  -0.00003028435367437282
 4506.172840  3641.975309  -0.00003055369902283833
 4506.172840  3765.432099  -0.00003036024739485653
 4506.172840  3888.888889  -0.00003010114740931784
 4506.172840  4012.345679  -0.00002952444214398870
 4506.172840  4135.802469  -0.00002903295603234733
 4506.172840  4259.259259  -0.00002918622513073914
 4506.172840  4382.716049  -0.00002924367900581175
 4506.172840  4506.172840  -0.00002978449523418435
 4506.172840  4629.629630  -0.00003171963561613861
 4506.172840  4753.086420  -0.00003059519166936088
 4506.172840  4876.543210  -0.00002881588398389274

 4629.629630 -5000.000000  -0.00000885983627930686
 4629.629630 -4876.543210  -0.00004075043824123107
 4629.629630 -4753.086420  -0.00004239888771556083
 4629.629630 -4629.629630  -0.00004408555874332013
 4629.629630 -4506.172840  -0.00004138946576300570
 4629.629630 -4382.716049  -0.00004083470620825347
 4629.629630 -4259.259259  -0.00004091062011222935
 4629.629630 -4135.802469  -0.00004069484147239908
 4629.629630 -4012.345679  -0.00004132215800233822
 4629.629630 -3888.888889  -0.00004200072275149393
 4629.629630 -3765.432099  -0.00004229359351344692
 4629.629630 -3641.975309  -0.00004268584673027446
 4629.629630 -3518.518519  -0.00004228933391221501
 4629.629630 -3395.061728  -0.00004196765501775419
 4629.629630 -3271.604938  -0.00004141072531532431
 4629.629630 -3148.148148  -0.00004127916642484036
 4629.629630 -3024.691358  -0.00004147485441313013
 4629.629630 -2901.234568  -0.00004203009980742120
 4629.629630 -2777.777778  -0.00004284052112701228
 4629.629630 -2654.320988  -0.00004252911364573189
 4629.629630 -2530.864198  -0.00003973041854592639
 4629.629630 -2407.407407  -0.00004239947997192480
 4629.629630 -2283.950617  -0.00004072856131138083
 4629.629630 -2160.493827  -0.00004097501493423160
 4629.629630 -2037.037037  -0.00004081889209608917
 4629.629630 -1913.580247  -0.00004137684470904296
 4629.629630 -1790.123457  -0.00004142934709285016
 4629.629630 -1666.666667  -0.00004150488992286403
 4629.629630 -1543.209877  -0.00004147073305706253
 4629.629630 -1419.753086  -0.00004125512830771891
 4629.629630 -1296.296296  -0.00004140325804393859
 4629.629630 -1172.839506  -0.00004113534954963806
 4629.629630 -1049.382716  -0.00004133884060753903
 4629.629630  -925.925926  -0.00004132562804738010
 4629.629630  -802.469136  -0.00004148200553335418
 4629.629630  -679.012346  -0.00004159664398699099
 4629.629630  -555.555556  -0.00004167346179500858
 4629.629630  -432.098765  -0.00004159346359441049
 4629.629630  -308.641975  -0.00004143516657452604
 4629.629630  -185.185185  -0.00004137674032644151
 4629.629630   -61.728395  -0.00004161260313824508
 4629.629630    61.728395  -0.00004161260313826648
 4629.629630   185.185185  -0.00004137674032649199
 4629.629630   308.641975  -0.00004143516657462070
 4629.629630   432.098765  -0.00004159346359455164
 4629.629630   555.555556  -0.00004167346179519348
 4629.629630   679.012346  -0.00004159664398721715
 4629.629630   802.469136  -0.00004148200553361365
 4629.629630   925.925926  -0.00004132562804767374
 4629.629630  1049.382716  -0.00004133884060786952
 4629.629630  1172.839506  -0.00004113534955000683
 4629.629630  1296.296296  -0.00004140325804435712
 4629.629630  1419.753086  -0.00004125512830818038
 4629.629630  1543.209877  -0.00004147073305756130
 4629.629630  1666.666667  -0.00004150488992341236
 4629.629630  1790.123457  -0.00004142934709344190
 4629.629630  1913.580247  -0.00004137684470966877
 4629.629630  2037.037037  -0.00004081889209672288
 4629.629630  2160.493827  -0.00004097501493490572
 4629.629630  2283.950617  -0.00004072856131211463
 4629.629630  2407.407407  -0.00004239947997275953
 4629.629630  2530.864198  -0.00003973041854664449
 4629.629630  2654.320988  -0.00004252911364662306
 4629.629630  2777.777778  -0.00004284052112797223
 4629.629630  2901.234568  -0.00004203009980837218
 4629.629630  3024.691358  -0.00004147485441406401
 4629.629630  3148.148148  -0.00004127916642579397
 4629.629630  3271.604938  -0.00004141072531633853
 4629.629630  3395.061728  -0.00004196765501886309
 4629.629630  3518.518519  -0.00004228933391339528
 4629.629630  3641.975309  -0.00004268584673150586
 4629.629630  3765.432099  -0.00004229359351470963
 4629.629630  3888.888889  -0.00004200072275276834
 4629.629630  4012.345679  -0.00004132215800359235
 4629.629630  4135.802469  -0.00004069484147365292
 4629.629630  4259.259259  -0.00004091062011353183
 4629.629630  4382.716049  -0.00004083470620963205
 4629.629630  4506.172840  -0.00004138946576449509
 4629.629630  4629.629630  -0.00004408555874495338
 4629.629630  4753.086420  -0.00004239888771720322
 4629.629630  4876.543210  -0.00004075043824264067

 4753.086420 -5000.000000  -0.00001023860211631521
 4753.086420 -4876.543210  -0.00004545212084547002
 4753.086420 -4753.086420  -0.00004739533742330432
 4753.086420 -4629.629630  -0.00004948834549165652
 4753.086420 -4506.172840  -0.00004627816950913297
 4753.086420 -4382.716049  -0.00004550029530196732
 4753.086420 -4259.259259  -0.00004561701256093556
 4753.086420 -4135.802469  -0.00004553671799195203
 4753.086420 -4012.345679  -0.00004631156775292755
 4753.086420 -3888.888889  -0.00004696537922176556
 4753.086420 -3765.432099  -0.00004747045118450124
 4753.086420 -3641.975309  -0.00004736072079063244
 4753.086420 -3518.518519  -0.00004714003283809586
 4753.086420 -3395.061728  -0.00004670401660347233
 4753.086420 -3271.604938  -0.00004586549998981623
 4753.086420 -3148.148148  -0.00004568819151667348
 4753.086420 -3024.691358  -0.00004620723028924555
 4753.086420 -2901.234568  -0.00004713112768348626
 4753.086420 -2777.777778  -0.00004776686977472531
 4753.086420 -2654.320988  -0.00004681276574197425
 4753.086420 -2530.864198  -0.00004455091601485568
 4753.086420 -2407.407407  -0.00004847645905294139
 4753.086420 -2283.950617  -0.00004663157487833610
 4753.086420 -2160.493827  -0.00004623861779236399
 4753.086420 -2037.037037  -0.00004620004374284577
 4753.086420 -1913.580247  -0.00004706052906064011
 4753.086420 -1790.123457  -0.00004734864484528877
 4753.086420 -1666.666667  -0.00004729969892965629
 4753.086420 -1543.209877  -0.00004706165205767119
 4753.086420 -1419.753086  -0.00004693377368501835
 4753.086420 -1296.296296  -0.00004714011624239629
 4753.086420 -1172.839506  -0.00004667966453427504
 4753.086420 -1049.382716  -0.00004693942241285105
 4753.086420  -925.925926  -0.00004692889666857183
 4753.086420  -802.469136  -0.00004714292541914265
 4753.086420  -679.012346  -0.00004732271071768242
 4753.086420  -555.555556  -0.00004742156297460165
 4753.086420  -432.098765  -0.00004728556992716448
 4753.086420  -308.641975  -0.00004703141331438959
 4753.086420  -185.185185  -0.00004693038570015556
 4753.086420   -61.728395  -0.00004729694212912907
 4753.086420    61.728395  -0.00004729694212914982
 4753.086420   185.185185  -0.00004693038570020511
 4753.086420   308.641975  -0.00004703141331448151
 4753.086420   432.098765  -0.00004728556992730236
 4753.086420   555.555556  -0.00004742156297478187
 4753.086420   679.012346  -0.00004732271071790416
 4753.086420   802.469136  -0.00004714292541939673
 4753.086420   925.925926  -0.00004692889666885928
 4753.086420  1049.382716  -0.00004693942241317348
 4753.086420  1172.839506  -0.00004667966453463568
 4753.086420  1296.296296  -0.00004714011624280638
 4753.086420  1419.753086  -0.00004693377368547031
 4753.086420  1543.209877  -0.00004706165205815975
 4753.086420  1666.666667  -0.00004729969893019350
 4753.086420  1790.123457  -0.00004734864484586868
 4753.086420  1913.580247  -0.00004706052906125436
 4753.086420  2037.037037  -0.00004620004374346687
 4753.086420  2160.493827  -0.00004623861779302505
 4753.086420  2283.950617  -0.00004663157487905600
 4753.086420  2407.407407  -0.00004847645905376043
 4753.086420  2530.864198  -0.00004455091601555928
 4753.086420  2654.320988  -0.00004681276574284771
 4753.086420  2777.777778  -0.00004776686977566684
 4753.086420  2901.234568  -0.00004713112768441910
 4753.086420  3024.691358  -0.00004620723029016075
 4753.086420  3148.148148  -0.00004568819151760736
 4753.086420  3271.604938  -0.00004586549999081019
 4753.086420  3395.061728  -0.00004670401660455882
 4753.086420  3518.518519  -0.00004714003283925314
 4753.086420  3641.975309  -0.00004736072079183971
 4753.086420  3765.432099  -0.00004747045118574112
 4753.086420  3888.888889  -0.00004696537922301568
 4753.086420  4012.345679  -0.00004631156775415740
 4753.086420  4135.802469  -0.00004553671799318142
 4753.086420  4259.259259  -0.00004561701256221193
 4753.086420  4382.716049  -0.00004550029530331907
 4753.086420  4506.172840  -0.00004627816951059639
 4753.086420  4629.629630  -0.00004948834549326186
 4753.086420  4753.086420  -0.00004739533742491767
 4753.086420  4876.543210  -0.00004545212084684821

 4876.543210 -5000.000000  -0.00001237458356113135
 4876.543210 -4876.543210  -0.00005209954815364045
 4876.543210 -4753.086420  -0.00005434323899707740
 4876.543210 -4629.629630  -0.00005712693090995036
 4876.543210 -4506.172840  -0.00005321932892583968
 4876.543210 -4382.716049  -0.00005215173475956998
 4876.543210 -4259.259259  -0.00005231668745470848
 4876.543210 -4135.802469  -0.00005238220189889873
 4876.543210 -4012.345679  -0.00005334679081133070
 4876.543210 -3888.888889  -0.00005392143240437571
 4876.543210 -3765.432099  -0.00005474216938432119
 4876.543210 -3641.975309  -0.00005449271488860072
 4876.543210 -3518.518519  -0.00005432659668343396
 4876.543210 -3395.061728  -0.00005380366011917287
 4876.543210 -3271.604938  -0.00005274390472729659
 4876.543210 -3148.148148  -0.00005252728219972236
 4876.543210 -3024.691358  -0.00005323816435998483
 4876.543210 -2901.234568  -0.00005439991417836551
 4876.543210 -2777.777778  -0.00005503415303599242
 4876.543210 -2654.320988  -0.00005371608241236639
 4876.543210 -2530.864198  -0.00005163230100239410
 4876.543210 -2407.407407  -0.00005761531811600235
 4876.543210 -2283.950617  -0.00005546278695741376
 4876.543210 -2160.493827  -0.00005481726110798974
 4876.543210 -2037.037037  -0.00005476469563972346
 4876.543210 -1913.580247  -0.00005587946868798307
 4876.543210 -1790.123457  -0.00005627243324339156
 4876.543210 -1666.666667  -0.00005616095099493345
 4876.543210 -1543.209877  -0.00005580717591228978
 4876.543210 -1419.753086  -0.00005568924848367361
 4876.543210 -1296.296296  -0.00005598465992746122
 4876.543210 -1172.839506  -0.00005535530524340846
 4876.543210 -1049.382716  -0.00005568143636087861
 4876.543210  -925.925926  -0.00005565477184871462
 4876.543210  -802.469136  -0.00005591086011765432
 4876.543210  -679.012346  -0.00005612863005487252
 4876.543210  -555.555556  -0.00005624862472958615
 4876.543210  -432.098765  -0.00005607561387421038
 4876.543210  -308.641975  -0.00005575399932171479
 4876.543210  -185.185185  -0.00005562531318964171
 4876.543210   -61.728395  -0.00005608379625574684
 4876.543210    61.728395  -0.00005608379625576432
 4876.543210   185.185185  -0.00005562531318968006
 4876.543210   308.641975  -0.00005575399932178708
 4876.543210   432.098765  -0.00005607561387432029
 4876.543210   555.555556  -0.00005624862472973005
 4876.543210   679.012346  -0.00005612863005505015
 4876.543210   802.469136  -0.00005591086011785633
 4876.543210   925.925926  -0.00005565477184894242
 4876.543210  1049.382716  -0.00005568143636113320
 4876.543210  1172.839506  -0.00005535530524369368
 4876.543210  1296.296296  -0.00005598465992778830
 4876.543210  1419.753086  -0.00005568924848403341
 4876.543210  1543.209877  -0.00005580717591267684
 4876.543210  1666.666667  -0.00005616095099536121
 4876.543210  1790.123457  -0.00005627243324385533
 4876.543210  1913.580247  -0.00005587946868847513
 4876.543210  2037.037037  -0.00005476469564021196
 4876.543210  2160.493827  -0.00005481726110851234
 4876.543210  2283.950617  -0.00005546278695798531
 4876.543210  2407.407407  -0.00005761531811666364
 4876.543210  2530.864198  -0.00005163230100290841
 4876.543210  2654.320988  -0.00005371608241309332
 4876.543210  2777.777778  -0.00005503415303676828
 4876.543210  2901.234568  -0.00005439991417909623
 4876.543210  3024.691358  -0.00005323816436067086
 4876.543210  3148.148148  -0.00005252728220041774
 4876.543210  3271.604938  -0.00005274390472805988
 4876.543210  3395.061728  -0.00005380366012004025
 4876.543210  3518.518519  -0.00005432659668438195
 4876.543210  3641.975309  -0.00005449271488959168
 4876.543210  3765.432099  -0.00005474216938533385
 4876.543210  3888.888889  -0.00005392143240535673
 4876.543210  4012.345679  -0.00005334679081227458
 4876.543210  4135.802469  -0.00005238220189981503
 4876.543210  4259.259259  -0.00005231668745564656
 4876.543210  4382.716049  -0.00005215173476061898
 4876.543210  4506.172840  -0.00005321932892706104
 4876.543210  4629.629630  -0.00005712693091130593
 4876.543210  4753.086420  -0.00005434323899843141
 4876.543210  4876.543210  -0.00005209954815453676

